code,name,time_key,open,close,high,low,pe_ratio,turnover_rate,volume,turnover,change_rate,last_close
CC.BTCUSD,BTC/USD,2024-09-07 20:00:00,54182.49,54540.95693,55312.67109,53659.49297,0.0,0.0,4.331,237116.475,1.0622888836399533,53967.66443
CC.BTCUSD,BTC/USD,2024-09-08 20:00:00,54666.84978,57240.06773,57989.79999,54622.10197,0.0,0.0,19.041,1062103.624,4.948777857829203,54540.95693
CC.BTCUSD,BTC/USD,2024-09-09 20:00:00,57192.92007,57607.99343,58039.05618,56430.53553,0.0,0.0,7.888,450143.625,0.6427764930948305,57240.06773
CC.BTCUSD,BTC/USD,2024-09-10 20:00:00,57628.96874,57473.29573,57982.20378,55585.00868,0.0,0.0,37.103,2107251.542,-0.23381772559684216,57607.99343
CC.BTCUSD,BTC/USD,2024-09-11 20:00:00,57409.88353,58131.7527,58500.0,57344.50401,0.0,0.0,249.52,14498871.113,1.1456746331258272,57473.29573
CC.BTCUSD,BTC/USD,2024-09-12 20:00:00,58133.31142,60633.49076,60633.49076,57651.33151,0.0,0.0,142.32,8358034.772,4.303565510764315,58131.7527
CC.BTCUSD,BTC/USD,2024-09-13 20:00:00,60700.0,60026.12258,60700.0,59473.63,0.0,0.0,11.035,661722.307,-1.001704128175776,60633.49076
CC.BTCUSD,BTC/USD,2024-09-14 20:00:00,60031.5832,59409.60176,60370.71745,59401.98088,0.0,0.0,8.603,516541.252,-1.027087530397012,60026.12258
CC.BTCUSD,BTC/USD,2024-09-15 20:00:00,59288.41757,57951.10659,59288.41757,57502.40562,0.0,0.0,11.492,668546.167,-2.4549822365279472,59409.60176
CC.BTCUSD,BTC/USD,2024-09-16 20:00:00,58048.53803,60265.03536,61294.63082,57623.48618,0.0,0.0,54.437,3288116.707,3.992898334747741,57951.10659
CC.BTCUSD,BTC/USD,2024-09-17 20:00:00,60293.62226,60670.81264,61283.0,59000.0,0.0,0.0,101.526,6088335.653,0.6733212344040592,60265.03536
CC.BTCUSD,BTC/USD,2024-09-18 20:00:00,60999.99999,62971.3974,63830.99937,60999.99999,0.0,0.0,84.105,5287776.89,3.7919135411139027,60670.81264
CC.BTCUSD,BTC/USD,2024-09-19 20:00:00,62972.96627,63201.1569,64094.39655,62364.33304,0.0,0.0,172.987,10935388.43,0.3648632704472906,62971.3974
CC.BTCUSD,BTC/USD,2024-09-20 20:00:00,63201.06933,63213.50294,63377.50922,62774.829,0.0,0.0,2.444,154306.268,0.019534515830985873,63201.1569
CC.BTCUSD,BTC/USD,2024-09-21 20:00:00,63222.5693,63908.74,63949.2,62410.92774,0.0,0.0,7.227,460140.681,1.0998236573915128,63213.50294
CC.BTCUSD,BTC/USD,2024-09-22 20:00:00,63825.62757,63235.64879,64701.90042,62615.86,0.0,0.0,72.766,4631812.623,-1.0532068227287827,63908.74
CC.BTCUSD,BTC/USD,2024-09-23 20:00:00,63308.8429,64605.56457,64642.31401,62743.65552,0.0,0.0,39.137,2490687.615,2.1663662921359,63235.64879
CC.BTCUSD,BTC/USD,2024-09-24 20:00:00,64441.94169,63270.5907,64800.0,63014.90685,0.0,0.0,43.353,2774846.722,-2.0663450259823364,64605.56457
CC.BTCUSD,BTC/USD,2024-09-25 20:00:00,63211.0031,65063.22772,65796.4835,62679.24989,0.0,0.0,40.626,2610282.748,2.8332863660146006,63270.5907
CC.BTCUSD,BTC/USD,2024-09-26 20:00:00,65126.4455,65900.677,66453.77789,64857.0,0.0,0.0,19.251,1261127.621,1.2871314709500143,65063.22772
CC.BTCUSD,BTC/USD,2024-09-27 20:00:00,65832.54188,65726.21485,66236.78896,65454.28,0.0,0.0,1.827,120140.321,-0.26473498898955483,65900.677
CC.BTCUSD,BTC/USD,2024-09-28 20:00:00,65841.91766,65687.66312,66062.77643,65465.13077,0.0,0.0,1.595,104680.453,-0.058655028420530594,65726.21485
CC.BTCUSD,BTC/USD,2024-09-29 20:00:00,65637.14196,63489.3924,65650.0,63073.75312,0.0,0.0,24.094,1546855.982,-3.34655034992513,65687.66312
CC.BTCUSD,BTC/USD,2024-09-30 20:00:00,63363.79,60775.62149,64097.88454,60181.7789,0.0,0.0,39.446,2453261.775,-4.2743690046717155,63489.3924
CC.BTCUSD,BTC/USD,2024-10-01 20:00:00,60776.16096,60811.11585,62345.87455,60027.00001,0.0,0.0,31.635,1942652.484,0.05840229870104161,60775.62149
CC.BTCUSD,BTC/USD,2024-10-02 20:00:00,60772.37938,60883.8604,61450.33156,59888.00001,0.0,0.0,8.521,517026.274,0.11962377105434382,60811.11585
CC.BTCUSD,BTC/USD,2024-10-03 20:00:00,60792.80712,62227.73766,62445.99999,60488.95463,0.0,0.0,11.322,696286.065,2.207279977272928,60883.8604
CC.BTCUSD,BTC/USD,2024-10-04 20:00:00,62212.75265,62023.82335,62354.20341,61722.67675,0.0,0.0,4.235,262896.962,-0.3276903799944446,62227.73766
CC.BTCUSD,BTC/USD,2024-10-05 20:00:00,62060.08352,62598.66402,62953.43293,61850.00001,0.0,0.0,5.934,370867.372,0.9268062479092525,62023.82335
CC.BTCUSD,BTC/USD,2024-10-06 20:00:00,62634.40467,62481.29101,64426.07103,62481.29101,0.0,0.0,22.503,1423168.093,-0.18750082264135148,62598.66402
CC.BTCUSD,BTC/USD,2024-10-07 20:00:00,62338.43734,62160.0,63175.0,61869.81487,0.0,0.0,13.395,835630.183,-0.514219544453041,62481.29101
CC.BTCUSD,BTC/USD,2024-10-08 20:00:00,62156.77022,60764.72161,62498.29307,60296.20336,0.0,0.0,17.608,1084779.419,-2.244656354568854,62160.0
CC.BTCUSD,BTC/USD,2024-10-09 20:00:00,60716.1919,60120.18005,61226.2558,58909.00932,0.0,0.0,90.986,5468362.821,-1.060716716743628,60764.72161
CC.BTCUSD,BTC/USD,2024-10-10 20:00:00,60244.966,62442.36144,63379.55107,60058.32211,0.0,0.0,12.529,768646.572,3.862565594561951,60120.18005
CC.BTCUSD,BTC/USD,2024-10-11 20:00:00,62494.9912,63294.78658,63451.46338,62490.83998,0.0,0.0,21.933,1386118.551,1.365139178503175,62442.36144
CC.BTCUSD,BTC/USD,2024-10-12 20:00:00,63249.60438,62804.24411,63292.49813,62060.0552,0.0,0.0,5.019,315298.277,-0.7750124402109965,63294.78658
CC.BTCUSD,BTC/USD,2024-10-13 20:00:00,62825.6358,66410.516,66410.516,62457.66139,0.0,0.0,93.663,6011321.12,5.742083104580818,62804.24411
CC.BTCUSD,BTC/USD,2024-10-14 20:00:00,66138.3266,66750.94694,67899.99999,64820.98196,0.0,0.0,20.622,1362173.501,0.5126160140059611,66410.516
CC.BTCUSD,BTC/USD,2024-10-15 20:00:00,66892.46044,67762.1923,68378.58599,66774.6215,0.0,0.0,20.44,1383774.944,1.5149528304204771,66750.94694
CC.BTCUSD,BTC/USD,2024-10-16 20:00:00,67654.35633,67417.15911,67898.3923,66669.27311,0.0,0.0,117.404,7881351.737,-0.5091824486322027,67762.1923
CC.BTCUSD,BTC/USD,2024-10-17 20:00:00,67365.22268,68224.40336,68985.31746,67191.76862,0.0,0.0,97.883,6645526.947,1.1973869273887348,67417.15911
CC.BTCUSD,BTC/USD,2024-10-18 20:00:00,68245.98419,68328.19041,68660.27554,68039.79325,0.0,0.0,3.416,233435.57,0.1521259914173898,68224.40336
CC.BTCUSD,BTC/USD,2024-10-19 20:00:00,68333.14618,69154.67759,69371.00029,68119.41721,0.0,0.0,18.441,1265949.968,1.2095844702467822,68328.19041
CC.BTCUSD,BTC/USD,2024-10-20 20:00:00,69079.73365,67761.51645,69450.0,66881.1,0.0,0.0,92.578,6388241.721,-2.0145580726436165,69154.67759
CC.BTCUSD,BTC/USD,2024-10-21 20:00:00,67532.64533,67744.1482,67788.51,66604.19049,0.0,0.0,39.129,2630707.753,-0.025631436410983,67761.51645
CC.BTCUSD,BTC/USD,2024-10-22 20:00:00,67567.60229,66435.55238,67567.60229,65205.01179,0.0,0.0,163.361,10925566.442,-1.9316735906644737,67744.1482
CC.BTCUSD,BTC/USD,2024-10-23 20:00:00,66598.0,68171.49697,68801.79,66424.77,0.0,0.0,42.37,2848447.767,2.612975323920983,66435.55238
CC.BTCUSD,BTC/USD,2024-10-24 20:00:00,68150.0,66594.51329,68729.46786,65933.39851,0.0,0.0,261.027,17651355.995,-2.313259573416685,68171.49697
CC.BTCUSD,BTC/USD,2024-10-25 20:00:00,66574.21138,67075.12031,67285.34873,66386.84987,0.0,0.0,76.896,5137362.549,0.7216916173065041,66594.51329
CC.BTCUSD,BTC/USD,2024-10-26 20:00:00,67064.65279,68085.39691,68188.50538,66897.80556,0.0,0.0,8.983,605969.281,1.5061867877848274,67075.12031
CC.BTCUSD,BTC/USD,2024-10-27 20:00:00,68009.7667,69804.09,70168.39357,67587.4285,0.0,0.0,512.394,35415543.2,2.5243197043734478,68085.39691
CC.BTCUSD,BTC/USD,2024-10-28 20:00:00,69875.4706,72689.06,73527.81275,69767.0405,0.0,0.0,235.506,16862055.79,4.132952667959716,69804.09
CC.BTCUSD,BTC/USD,2024-10-29 20:00:00,72770.0,72376.89,72909.91,71466.55975,0.0,0.0,47.125,3397266.7,-0.429459398704562,72689.06
CC.BTCUSD,BTC/USD,2024-10-30 20:00:00,72374.68,70412.74086,72639.62,69674.09309,0.0,0.0,56.371,4001900.219,-2.71377941218529,72376.89
CC.BTCUSD,BTC/USD,2024-10-31 20:00:00,70301.47666,69411.365,71582.65,68803.7,0.0,0.0,239.906,16794485.214,-1.4221515137310337,70412.74086
CC.BTCUSD,BTC/USD,2024-11-01 20:00:00,69424.6,69426.1,69878.206,69087.89307,0.0,0.0,102.711,7150762.811,0.021228512074356384,69411.365
CC.BTCUSD,BTC/USD,2024-11-02 20:00:00,69414.7,68930.90822,69414.7,67500.0,0.0,0.0,31.58,2160690.216,-0.7132645791712457,69426.1
CC.BTCUSD,BTC/USD,2024-11-03 19:00:00,68900.89008,67895.4,69398.84567,66868.03679,0.0,0.0,122.718,8454014.051,-1.5022407897123213,68930.90822
CC.BTCUSD,BTC/USD,2024-11-04 19:00:00,67831.4,69549.20363,70500.0,67500.0,0.0,0.0,478.085,33007468.948,2.435811012233538,67895.4
CC.BTCUSD,BTC/USD,2024-11-05 19:00:00,69515.66796,75727.51,76403.18978,69379.83989,0.0,0.0,528.117,39227497.061,8.883360337047746,69549.20363
CC.BTCUSD,BTC/USD,2024-11-06 19:00:00,75722.34946,75865.17405,76875.54068,74492.9,0.0,0.0,144.755,10948578.699,0.181788692114671,75727.51
CC.BTCUSD,BTC/USD,2024-11-07 19:00:00,75820.0,76428.51,77204.0535,75665.13165,0.0,0.0,93.307,7095916.392,0.7425488138058167,75865.17405
CC.BTCUSD,BTC/USD,2024-11-08 19:00:00,76452.04615,76539.25002,76771.4,75809.04,0.0,0.0,12.291,938549.639,0.14489360056870404,76428.51
CC.BTCUSD,BTC/USD,2024-11-09 19:00:00,76627.98564,80657.62503,81475.39679,76610.9,0.0,0.0,67.799,5412145.902,5.380736039252856,76539.25002
CC.BTCUSD,BTC/USD,2024-11-10 19:00:00,80586.47847,88000.76962,88400.0,80390.422,0.0,0.0,196.955,16324245.412,9.104092250755937,80657.62503
CC.BTCUSD,BTC/USD,2024-11-11 19:00:00,88576.38821,88575.0274,89955.9,85190.74963,0.0,0.0,258.055,22603163.841,0.6525599520092014,88000.76962
CC.BTCUSD,BTC/USD,2024-11-12 19:00:00,88124.36295,89772.06283,93427.19871,86283.85981,0.0,0.0,180.957,16362439.591,1.3514367030271885,88575.0274
CC.BTCUSD,BTC/USD,2024-11-13 19:00:00,90000.0,87677.5,91775.97,87105.30572,0.0,0.0,51.843,4638977.96,-2.3332011808244144,89772.06283
CC.BTCUSD,BTC/USD,2024-11-14 19:00:00,87620.0,91229.27457,91827.51735,87154.65596,0.0,0.0,56.081,5000430.076,4.050953289042222,87677.5
CC.BTCUSD,BTC/USD,2024-11-15 19:00:00,91095.60243,90386.05515,91761.75424,90119.22211,0.0,0.0,18.38,1675091.49,-0.9242860079447347,91229.27457
CC.BTCUSD,BTC/USD,2024-11-16 19:00:00,90476.80129,89520.04,91480.0,88759.15077,0.0,0.0,17.221,1547311.401,-0.9581291589314445,90386.05515
CC.BTCUSD,BTC/USD,2024-11-17 19:00:00,89637.9,91254.91535,92580.69224,89444.63,0.0,0.0,189.56,17344997.026,1.937974279278698,89520.04
CC.BTCUSD,BTC/USD,2024-11-18 19:00:00,91230.00001,91903.28089,93974.75326,90443.988,0.0,0.0,152.44,14056789.96,0.7104993057231507,91254.91535
CC.BTCUSD,BTC/USD,2024-11-19 19:00:00,92009.41062,94238.3,94899.8,91582.44,0.0,0.0,47.326,4426911.798,2.540735311500813,91903.28089
CC.BTCUSD,BTC/USD,2024-11-20 19:00:00,94328.6,98455.0,99000.0,94100.0,0.0,0.0,265.763,25644690.271,4.47450771077152,94238.3
CC.BTCUSD,BTC/USD,2024-11-21 19:00:00,98453.3,98753.98044,99636.2867,97205.72256,0.0,0.0,111.705,10997786.121,0.3036721751053774,98455.0
CC.BTCUSD,BTC/USD,2024-11-22 19:00:00,98793.67026,97739.4946,98968.06985,97225.6,0.0,0.0,23.184,2276349.937,-1.027286024806226,98753.98044
CC.BTCUSD,BTC/USD,2024-11-23 19:00:00,97740.7,98051.94397,98618.89272,95826.33673,0.0,0.0,21.545,2093462.144,0.31967565545401083,97739.4946
CC.BTCUSD,BTC/USD,2024-11-24 19:00:00,98100.0,94398.70325,98938.09349,93000.0,0.0,0.0,222.96,21281294.317,-3.72582181656463,98051.94397
CC.BTCUSD,BTC/USD,2024-11-25 19:00:00,94300.00001,91791.77536,94983.35208,90808.9,0.0,0.0,140.677,13018054.57,-2.7616140902867814,94398.70325
CC.BTCUSD,BTC/USD,2024-11-26 19:00:00,91870.5,96161.79073,97319.49994,91792.37224,0.0,0.0,80.479,7591189.149,4.760791860557379,91791.77536
CC.BTCUSD,BTC/USD,2024-11-27 19:00:00,96046.8,95616.79804,96622.31548,94698.71059,0.0,0.0,18.298,1748676.835,-0.5667455710451693,96161.79073
CC.BTCUSD,BTC/USD,2024-11-28 19:00:00,95665.99509,97350.14943,98684.98332,95307.09101,0.0,0.0,36.161,3500357.433,1.8128105369883716,95616.79804
CC.BTCUSD,BTC/USD,2024-11-29 19:00:00,97435.46604,96502.62935,97435.46604,96152.40188,0.0,0.0,10.488,1016454.398,-0.8705893981286742,97350.14943
CC.BTCUSD,BTC/USD,2024-11-30 19:00:00,96459.57454,97596.04218,97852.11009,95780.17673,0.0,0.0,8.269,800978.412,1.1330394180601682,96502.62935
CC.BTCUSD,BTC/USD,2024-12-01 19:00:00,97483.48676,95406.62317,98157.03317,94437.90789,0.0,0.0,57.745,5577065.172,-2.243348153362583,97596.04218
CC.BTCUSD,BTC/USD,2024-12-02 19:00:00,95410.99999,96178.81216,96279.91652,93613.97955,0.0,0.0,48.896,4656894.556,0.8093662309209628,95406.62317
CC.BTCUSD,BTC/USD,2024-12-03 19:00:00,96118.64422,98334.5903,99163.92999,94697.07076,0.0,0.0,55.627,5412688.396,2.2414272869306298,96178.81216
CC.BTCUSD,BTC/USD,2024-12-04 19:00:00,98525.1235,96768.29412,104112.16999,91808.72,0.0,0.0,230.472,22970942.423,-1.5928232122811727,98334.5903
CC.BTCUSD,BTC/USD,2024-12-05 19:00:00,96798.52722,100618.03842,102037.98329,96651.00001,0.0,0.0,53.321,5242928.338,3.978311630900527,96768.29412
CC.BTCUSD,BTC/USD,2024-12-06 19:00:00,100115.84457,99741.34,100499.99999,99016.58228,0.0,0.0,4.847,482648.367,-0.8713133686233123,100618.03842
CC.BTCUSD,BTC/USD,2024-12-07 19:00:00,99800.0,100300.8294,100499.99999,98757.216,0.0,0.0,2.175,216820.416,0.5609403282530653,99741.34
CC.BTCUSD,BTC/USD,2024-12-08 19:00:00,100691.90124,97046.4509,100780.65508,94326.37,0.0,0.0,35.38,3448006.338,-3.244617735932706,100300.8294
CC.BTCUSD,BTC/USD,2024-12-09 19:00:00,97546.17,96917.84023,98267.0,94301.1124,0.0,0.0,77.055,7454396.329,-0.13252485671270908,97046.4509
CC.BTCUSD,BTC/USD,2024-12-10 19:00:00,96876.72303,101234.30932,101887.99999,95720.3441,0.0,0.0,17.097,1695877.489,4.453740487568022,96917.84023
CC.BTCUSD,BTC/USD,2024-12-11 19:00:00,101020.25639,100442.92722,102499.99999,99318.86274,0.0,0.0,84.509,8524588.972,-0.7817330955441762,101234.30932
CC.BTCUSD,BTC/USD,2024-12-12 19:00:00,100106.25309,101250.67356,101861.02276,99217.98034,0.0,0.0,27.598,2788052.451,0.8041843884445864,100442.92722
CC.BTCUSD,BTC/USD,2024-12-13 19:00:00,101267.98508,101098.89472,102614.32159,100591.92878,0.0,0.0,46.328,4723035.604,-0.14990402993226176,101250.67356
CC.BTCUSD,BTC/USD,2024-12-14 19:00:00,101389.89647,103255.02557,103379.99999,101231.80736,0.0,0.0,33.266,3405060.298,2.132694779672465,101098.89472
CC.BTCUSD,BTC/USD,2024-12-15 19:00:00,104117.28934,105816.41659,107800.0,103303.42434,0.0,0.0,311.495,32768800.096,2.4806453786247373,103255.02557
CC.BTCUSD,BTC/USD,2024-12-16 19:00:00,105900.84489,105969.36065,108318.54861,105353.4785,0.0,0.0,44.278,4721145.556,0.14453717573201455,105816.41659
CC.BTCUSD,BTC/USD,2024-12-17 19:00:00,106350.21657,101100.00001,106457.81138,100283.36006,0.0,0.0,82.481,8529564.444,-4.595064658437193,105969.36065
CC.BTCUSD,BTC/USD,2024-12-18 19:00:00,100779.52238,98217.93124,102715.97764,95658.04481,0.0,0.0,106.799,10563678.916,-2.8507109492729246,101100.00001
CC.BTCUSD,BTC/USD,2024-12-19 19:00:00,97487.60483,97377.20087,98110.55582,92193.01938,0.0,0.0,142.102,13667730.156,-0.8559846042222593,98217.93124
CC.BTCUSD,BTC/USD,2024-12-20 19:00:00,97850.0,97065.15755,99484.10644,96396.98119,0.0,0.0,6.387,623535.584,-0.32044802809292033,97377.20087
CC.BTCUSD,BTC/USD,2024-12-21 19:00:00,97200.0,95486.06848,97360.32754,94218.17069,0.0,0.0,12.476,1201729.558,-1.626834087387727,97065.15755
CC.BTCUSD,BTC/USD,2024-12-22 19:00:00,95010.67014,95052.56,96414.89201,92438.94671,0.0,0.0,26.041,2456561.236,-0.4540018108409233,95486.06848
CC.BTCUSD,BTC/USD,2024-12-23 19:00:00,94526.44817,98731.51265,99395.39862,93464.47269,0.0,0.0,16.308,1570313.464,3.8704403647834487,95052.56
CC.BTCUSD,BTC/USD,2024-12-24 19:00:00,98717.89558,98728.88967,99213.81902,97574.13,0.0,0.0,98.201,9716926.643,-0.0026566796452298634,98731.51265
CC.BTCUSD,BTC/USD,2024-12-25 19:00:00,99070.0,95738.28728,99765.17724,95124.36448,0.0,0.0,23.819,2317607.003,-3.0291056650146158,98728.88967
CC.BTCUSD,BTC/USD,2024-12-26 19:00:00,95684.88922,94330.81865,97313.50286,93373.76125,0.0,0.0,16.948,1618283.978,-1.4701209620385878,95738.28728
CC.BTCUSD,BTC/USD,2024-12-27 19:00:00,94325.51112,95174.42417,95525.51137,94035.74827,0.0,0.0,4.925,467308.561,0.8943053098373563,94330.81865
CC.BTCUSD,BTC/USD,2024-12-28 19:00:00,95085.56816,92942.88384,95121.74445,92926.77209,0.0,0.0,27.092,2532711.041,-2.344684876699689,95174.42417
CC.BTCUSD,BTC/USD,2024-12-29 19:00:00,93500.0,92590.20975,94880.56225,91300.0,0.0,0.0,85.444,7886752.958,-0.37945249321844204,92942.88384
CC.BTCUSD,BTC/USD,2024-12-30 19:00:00,92712.63,93283.30182,96079.88956,91900.0,0.0,0.0,14.816,1394556.812,0.7485586995335636,92590.20975
CC.BTCUSD,BTC/USD,2024-12-31 19:00:00,93399.41045,94623.60001,94934.80055,92794.04289,0.0,0.0,2.209,206171.787,1.4368039765426064,93283.30182
CC.BTCUSD,BTC/USD,2025-01-01 19:00:00,94500.00001,96853.27524,97701.18283,94223.6728,0.0,0.0,233.607,22558657.739,2.35636271476077,94623.60001
CC.BTCUSD,BTC/USD,2025-01-02 19:00:00,96766.15,98250.99203,98884.0,96031.00001,0.0,0.0,29.172,2830758.003,1.4431280579169716,96853.27524
CC.BTCUSD,BTC/USD,2025-01-03 19:00:00,98010.49,98427.81847,98720.61675,97567.02565,0.0,0.0,8.314,816272.949,0.17997420315716722,98250.99203
CC.BTCUSD,BTC/USD,2025-01-04 19:00:00,98338.02447,98676.51046,98695.90854,97279.89846,0.0,0.0,9.993,978085.803,0.2526643319599793,98427.81847
CC.BTCUSD,BTC/USD,2025-01-05 19:00:00,98730.0,102062.85558,102447.4935,97991.99,0.0,0.0,26.173,2615653.454,3.4317641596909767,98676.51046
CC.BTCUSD,BTC/USD,2025-01-06 19:00:00,101883.00295,97127.3422,102710.73457,96171.43911,0.0,0.0,29.126,2900003.787,-4.8357586625933635,102062.85558
CC.BTCUSD,BTC/USD,2025-01-07 19:00:00,97120.0,95230.85984,97229.36356,92700.0,0.0,0.0,38.291,3655850.299,-1.9525731035601162,97127.3422
CC.BTCUSD,BTC/USD,2025-01-08 19:00:00,94993.85846,92496.08456,95314.0,91211.34063,0.0,0.0,42.639,3953782.212,-2.8717322143208337,95230.85984
CC.BTCUSD,BTC/USD,2025-01-09 19:00:00,92723.47032,94732.14672,95756.0,92269.39229,0.0,0.0,55.259,5198788.151,2.417466826446606,92496.08456
CC.BTCUSD,BTC/USD,2025-01-10 19:00:00,94730.73008,94574.90457,94940.62084,93851.03597,0.0,0.0,7.209,680664.89,-0.16598605166709293,94732.14672
CC.BTCUSD,BTC/USD,2025-01-11 19:00:00,94573.48932,93850.43001,95338.2489,93703.85059,0.0,0.0,5.014,473859.528,-0.7660325572560104,94574.90457
CC.BTCUSD,BTC/USD,2025-01-12 19:00:00,94429.90778,94328.4196,95838.12428,89500.0,0.0,0.0,260.879,24331293.437,0.509309962617184,93850.43001
CC.BTCUSD,BTC/USD,2025-01-13 19:00:00,94374.89,96500.0,97311.30071,94320.08472,0.0,0.0,42.068,4054635.814,2.3021486093041745,94328.4196
CC.BTCUSD,BTC/USD,2025-01-14 19:00:00,96513.7,99699.99999,100666.13915,96513.7,0.0,0.0,195.224,19014849.78,3.3160621658031055,96500.0
CC.BTCUSD,BTC/USD,2025-01-15 19:00:00,100199.99999,99767.97644,100596.76835,97355.53073,0.0,0.0,50.341,4989609.896,0.06818099298577737,99699.99999
CC.BTCUSD,BTC/USD,2025-01-16 19:00:00,100197.83199,104452.16427,105888.50042,100000.0,0.0,0.0,310.87,32182485.843,4.695081525299898,99767.97644
CC.BTCUSD,BTC/USD,2025-01-17 19:00:00,104448.57231,104162.9,104889.83507,102277.0,0.0,0.0,45.448,4716717.038,-0.27693468299256685,104452.16427
CC.BTCUSD,BTC/USD,2025-01-18 19:00:00,104165.5277,103251.19724,106305.74478,101031.15411,0.0,0.0,19.43,2019552.763,-0.8752662992293803,104162.9
CC.BTCUSD,BTC/USD,2025-01-19 19:00:00,101630.71,103451.76466,109000.0,99469.38795,0.0,0.0,215.019,22786570.028,0.19425190734960884,103251.19724
CC.BTCUSD,BTC/USD,2025-01-20 19:00:00,102200.0,106028.9336,107176.43085,100050.00001,0.0,0.0,34.929,3604489.092,2.4911792935287407,103451.76466
CC.BTCUSD,BTC/USD,2025-01-21 19:00:00,105677.54,103799.16407,106335.12867,103335.0,0.0,0.0,922.336,97122124.849,-2.1029821335485024,106028.9336
CC.BTCUSD,BTC/USD,2025-01-22 19:00:00,103699.33,103987.26336,106835.0,101265.75647,0.0,0.0,89.247,9282560.752,0.18121464819615313,103799.16407
CC.BTCUSD,BTC/USD,2025-01-23 19:00:00,103928.64,104779.84899,107109.16,102775.58,0.0,0.0,30.49,3217245.798,0.7621949115596011,103987.26336
CC.BTCUSD,BTC/USD,2025-01-24 19:00:00,104668.1,105058.24,105238.05,104133.16,0.0,0.0,2.943,307862.888,0.26569136402036214,104779.84899
CC.BTCUSD,BTC/USD,2025-01-25 19:00:00,104796.18,104326.13,105437.33276,104326.13,0.0,0.0,4.279,448190.552,-0.6968610934277983,105058.24
CC.BTCUSD,BTC/USD,2025-01-26 19:00:00,103066.82,101638.613,104000.0,97770.99082,0.0,0.0,109.129,10938289.215,-2.5760727441917064,104326.13
CC.BTCUSD,BTC/USD,2025-01-27 19:00:00,102598.0,101180.7705,103741.27639,100247.84,0.0,0.0,19.654,2016372.096,-0.4504611844712981,101638.613
CC.BTCUSD,BTC/USD,2025-01-28 19:00:00,101399.46932,103483.78917,104730.0,101381.21,0.0,0.0,10.092,1040580.047,2.2761426490619625,101180.7705
CC.BTCUSD,BTC/USD,2025-01-29 19:00:00,103518.48631,105126.46,106398.18,103338.75,0.0,0.0,21.375,2252987.708,1.5873701989221456,103483.78917
CC.BTCUSD,BTC/USD,2025-01-30 19:00:00,105038.00093,102200.0,105992.78664,101571.18,0.0,0.0,10.622,1106807.073,-2.7837520639428037,105126.46
CC.BTCUSD,BTC/USD,2025-01-31 19:00:00,102500.0,100612.58,102725.99001,100523.11529,0.0,0.0,12.314,1251765.987,-1.5532485322896263,102200.0
CC.BTCUSD,BTC/USD,2025-02-01 19:00:00,100911.26,97948.08885,101445.12227,96207.00001,0.0,0.0,54.315,5361901.865,-2.6482683875117816,100612.58
CC.BTCUSD,BTC/USD,2025-02-02 19:00:00,97358.13,101767.8,102530.4,91293.45505,0.0,0.0,169.067,16082892.194,3.899730147721001,97948.08885
CC.BTCUSD,BTC/USD,2025-02-03 19:00:00,101600.0,97666.86194,101732.99999,96215.69687,0.0,0.0,66.896,6653451.243,-4.029701005622604,101767.8
CC.BTCUSD,BTC/USD,2025-02-04 19:00:00,98019.2,96469.84902,99145.68,96300.01,0.0,0.0,44.914,4379809.756,-1.2256080478303615,97666.86194
CC.BTCUSD,BTC/USD,2025-02-05 19:00:00,96700.0,96919.86768,99125.40847,95750.01,0.0,0.0,479.089,46687644.985,0.46648633181410315,96469.84902
CC.BTCUSD,BTC/USD,2025-02-06 19:00:00,96863.48877,96032.79,100149.91,95750.0,0.0,0.0,94.673,9264668.073,-0.9152691818862811,96919.86768
CC.BTCUSD,BTC/USD,2025-02-07 19:00:00,96394.0,96493.15,96922.0,95700.0,0.0,0.0,9.184,884736.805,0.4793779291427445,96032.79
CC.BTCUSD,BTC/USD,2025-02-08 19:00:00,96499.31,95889.50113,97328.46,94714.72,0.0,0.0,26.583,2538209.826,-0.6255872774388544,96493.15
CC.BTCUSD,BTC/USD,2025-02-09 19:00:00,96835.7,97402.49,98350.17,95304.02,0.0,0.0,13.252,1287646.202,1.5778462210881676,95889.50113
CC.BTCUSD,BTC/USD,2025-02-10 19:00:00,97436.72438,95521.67,98464.26,94894.07,0.0,0.0,418.466,41076729.231,-1.930977329224342,97402.49
CC.BTCUSD,BTC/USD,2025-02-11 19:00:00,95872.95047,97769.81498,98128.25,94100.01,0.0,0.0,54.954,5263039.097,2.3535444679725526,95521.67
CC.BTCUSD,BTC/USD,2025-02-12 19:00:00,97608.8845,96374.04074,98104.77,95251.01,0.0,0.0,30.671,2951158.498,-1.4276126433148324,97769.81498
CC.BTCUSD,BTC/USD,2025-02-13 19:00:00,96669.01,97094.48069,98863.51,96301.01,0.0,0.0,17.863,1741383.111,0.74754565074595,96374.04074
CC.BTCUSD,BTC/USD,2025-02-14 19:00:00,97410.16584,97547.09,97999.38,97209.28,0.0,0.0,17.644,1720785.316,0.46615348965619957,97094.48069
CC.BTCUSD,BTC/USD,2025-02-15 19:00:00,97690.27,96876.50342,97739.86,96600.00999,0.0,0.0,42.446,4137821.552,-0.6874490874099912,97547.09
CC.BTCUSD,BTC/USD,2025-02-16 19:00:00,96272.03,95842.27,97000.0,95209.54,0.0,0.0,25.013,2402878.8,-1.0675792204391985,96876.50342
CC.BTCUSD,BTC/USD,2025-02-17 19:00:00,95888.42,95277.3,96709.23,93319.11,0.0,0.0,31.871,3021554.857,-0.5894789428505827,95842.27
CC.BTCUSD,BTC/USD,2025-02-18 19:00:00,95467.52,96584.80101,96699.99,95000.01,0.0,0.0,23.705,2280427.091,1.3723111486156645,95277.3
CC.BTCUSD,BTC/USD,2025-02-19 19:00:00,96545.12,98174.71,98761.79,96394.35,0.0,0.0,33.037,3228829.561,1.646127520452621,96584.80101
CC.BTCUSD,BTC/USD,2025-02-20 19:00:00,98439.53538,95800.00999,99498.99,94844.59,0.0,0.0,150.299,14723221.463,-2.4188510564482444,98174.71
CC.BTCUSD,BTC/USD,2025-02-21 19:00:00,96000.0,96616.37,96938.8,95756.00999,0.0,0.0,25.092,2419179.929,0.8521502347287901,95800.00999
CC.BTCUSD,BTC/USD,2025-02-22 19:00:00,96563.57713,95774.54,96668.84,95236.88,0.0,0.0,2.924,280013.486,-0.8713119733229491,96616.37
CC.BTCUSD,BTC/USD,2025-02-23 19:00:00,96376.22877,92465.91333,96493.39,92375.61,0.0,0.0,46.427,4401966.325,-3.45459938518107,95774.54
CC.BTCUSD,BTC/USD,2025-02-24 19:00:00,91681.06,88713.54,92535.37,86000.01,0.0,0.0,328.635,29345794.074,-4.058115250111922,92465.91333
CC.BTCUSD,BTC/USD,2025-02-25 19:00:00,88433.71,84340.99787,89364.12079,82243.72926,0.0,0.0,162.424,14066228.863,-4.928832881654804,88713.54
CC.BTCUSD,BTC/USD,2025-02-26 19:00:00,84399.0,84622.5878,86999.99,82624.29,0.0,0.0,135.537,11654981.553,0.33387075931211924,84340.99787
CC.BTCUSD,BTC/USD,2025-02-27 19:00:00,84732.64,84114.13737,85120.95,78211.3,0.0,0.0,211.878,17214144.242,-0.6008448136822367,84622.5878
CC.BTCUSD,BTC/USD,2025-02-28 19:00:00,84454.77998,86129.46,86500.0,83817.01,0.0,0.0,22.004,1876434.638,2.395938058705921,84114.13737
CC.BTCUSD,BTC/USD,2025-03-01 19:00:00,86123.20407,94312.23356,95049.56,85087.7,0.0,0.0,103.762,9359882.965,9.500551332842429,86129.46
CC.BTCUSD,BTC/USD,2025-03-02 19:00:00,93935.72,86636.115,94430.0,85100.01,0.0,0.0,55.268,5002683.858,-8.139048636905159,94312.23356
CC.BTCUSD,BTC/USD,2025-03-03 19:00:00,86226.63,87504.98614,88951.95,81479.91,0.0,0.0,154.973,12923122.54,1.0028971636135673,86636.115
CC.BTCUSD,BTC/USD,2025-03-04 19:00:00,87221.16,90433.27178,90941.39,86366.99,0.0,0.0,23.702,2115371.442,3.346421465989392,87504.98614
CC.BTCUSD,BTC/USD,2025-03-05 19:00:00,90535.0,90275.75656,92800.0,87828.96,0.0,0.0,45.283,4116797.022,-0.17417839352665865,90433.27178
CC.BTCUSD,BTC/USD,2025-03-06 19:00:00,90133.0,86748.67,91103.26,84718.46583,0.0,0.0,142.417,12618474.048,-3.9070141247232724,90275.75656
CC.BTCUSD,BTC/USD,2025-03-07 19:00:00,86732.21627,86303.35017,86900.0,85236.18,0.0,0.0,28.759,2471264.999,-0.51334485012853,86748.67
CC.BTCUSD,BTC/USD,2025-03-08 19:00:00,86323.82,80000.0,86500.56,80000.0,0.0,0.0,143.358,11692611.122,-7.303714348960602,86303.35017
CC.BTCUSD,BTC/USD,2025-03-09 20:00:00,81029.24292,79489.84,84029.14,77500.01,0.0,0.0,231.573,18791644.556,-0.6377000000000044,80000.0
CC.BTCUSD,BTC/USD,2025-03-10 20:00:00,79000.0,83179.97868,83574.1,76631.75492,0.0,0.0,178.718,14290412.844,4.642277151394447,79489.84
CC.BTCUSD,BTC/USD,2025-03-11 20:00:00,82857.76,83643.1761,84323.42371,80580.39,0.0,0.0,103.443,8581578.61,0.556861671943863,83179.97868
CC.BTCUSD,BTC/USD,2025-03-12 20:00:00,83662.4,81365.8,84325.59,79910.54,0.0,0.0,79.267,6536488.188,-2.72272790941997,83643.1761
CC.BTCUSD,BTC/USD,2025-03-13 20:00:00,81192.90902,84421.19,85293.57,80856.22,0.0,0.0,34.77,2895257.737,3.75512807592379,81365.8
CC.BTCUSD,BTC/USD,2025-03-14 20:00:00,84240.71,84381.55,85000.0,83617.41,0.0,0.0,2.106,177179.65,-0.046955035815059484,84421.19
CC.BTCUSD,BTC/USD,2025-03-15 20:00:00,84327.86266,82123.1811,85009.88548,82092.4,0.0,0.0,26.498,2231209.223,-2.676377596761379,84381.55
CC.BTCUSD,BTC/USD,2025-03-16 20:00:00,83381.84078,84041.86,84721.8,82481.57942,0.0,0.0,15.518,1295487.728,2.3363426432101506,82123.1811
CC.BTCUSD,BTC/USD,2025-03-17 20:00:00,84040.18462,82399.55115,84040.18462,81152.06,0.0,0.0,28.499,2329713.635,-1.954155762378416,84041.86
CC.BTCUSD,BTC/USD,2025-03-18 20:00:00,82643.55,86160.05,86533.7,82525.88,0.0,0.0,43.698,3666209.223,4.563737056230316,82399.55115
CC.BTCUSD,BTC/USD,2025-03-19 20:00:00,87254.84,84072.47,87328.0,83656.46032,0.0,0.0,33.167,2841449.476,-2.4229094574573735,86160.05
CC.BTCUSD,BTC/USD,2025-03-20 20:00:00,84315.22022,84119.57,84812.65,83136.52,0.0,0.0,16.348,1374046.701,0.05602309531289591,84072.47
CC.BTCUSD,BTC/USD,2025-03-21 20:00:00,84105.71,83928.4,84525.87,83819.91,0.0,0.0,33.373,2807262.011,-0.22725983977332836,84119.57
CC.BTCUSD,BTC/USD,2025-03-22 20:00:00,83923.8,85363.05,85674.68,83878.89,0.0,0.0,34.475,2918653.896,1.709373704252683,83928.4
CC.BTCUSD,BTC/USD,2025-03-23 20:00:00,85987.86,87430.51,88749.99,85510.43,0.0,0.0,31.661,2759804.976,2.42196125841332,85363.05
CC.BTCUSD,BTC/USD,2025-03-24 20:00:00,87401.63,87491.33,88500.0,86321.63,0.0,0.0,15.861,1389223.012,0.06956381702452266,87430.51
CC.BTCUSD,BTC/USD,2025-03-25 20:00:00,87375.84917,86820.77,88321.0,85876.64,0.0,0.0,30.038,2624601.203,-0.7664302280008747,87491.33
CC.BTCUSD,BTC/USD,2025-03-26 20:00:00,86848.6,87326.23,87776.92,85800.01,0.0,0.0,26.002,2258745.671,0.5821878796974408,86820.77
CC.BTCUSD,BTC/USD,2025-03-27 20:00:00,87091.15,84383.23929,87499.99,83509.71,0.0,0.0,12.124,1026156.844,-3.3701108017602484,87326.23
CC.BTCUSD,BTC/USD,2025-03-28 20:00:00,84440.67,82354.83,84565.23,81612.51,0.0,0.0,34.544,2867621.532,-2.4038059063233623,84383.23929
CC.BTCUSD,BTC/USD,2025-03-29 20:00:00,83000.0,82364.43,83519.63,81521.29,0.0,0.0,33.587,2780342.481,0.01165687549836636,82354.83
CC.BTCUSD,BTC/USD,2025-03-30 20:00:00,82388.0,82384.65,83921.14,81300.01,0.0,0.0,21.117,1748473.876,0.024549432321696596,82364.43
CC.BTCUSD,BTC/USD,2025-03-31 20:00:00,82422.21,85084.33,85487.12,82396.3,0.0,0.0,23.223,1961534.124,3.276921125476661,82384.65
CC.BTCUSD,BTC/USD,2025-04-01 20:00:00,85079.15366,82807.82,88475.72,82673.68,0.0,0.0,26.134,2255305.654,-2.675592556232146,85084.33
CC.BTCUSD,BTC/USD,2025-04-02 20:00:00,82800.01,82652.33,83919.9,81228.16,0.0,0.0,174.005,14305845.182,-0.1877721210388164,82807.82
CC.BTCUSD,BTC/USD,2025-04-03 20:00:00,83000.95,84029.53,84706.14,81635.03,0.0,0.0,158.698,13192096.937,1.6662567165378122,82652.33
CC.BTCUSD,BTC/USD,2025-04-04 20:00:00,83700.0,83156.05,84219.08,82339.74,0.0,0.0,58.359,4875238.987,-1.0394917120207574,84029.53
CC.BTCUSD,BTC/USD,2025-04-05 20:00:00,83442.0,77985.42354,83714.52,77800.01,0.0,0.0,86.985,6981839.201,-6.217979882401821,83156.05
CC.BTCUSD,BTC/USD,2025-04-06 20:00:00,77950.0,79918.44,81188.75794,74413.01,0.0,0.0,368.249,28556785.598,2.4786894425321973,77985.42354
CC.BTCUSD,BTC/USD,2025-04-07 20:00:00,79587.84101,76657.45,80799.99,76161.8,0.0,0.0,88.344,7015497.02,-4.0803974652157935,79918.44
CC.BTCUSD,BTC/USD,2025-04-08 20:00:00,76382.04337,83065.2,83587.92,74599.01,0.0,0.0,121.318,9478685.319,8.358939672530198,76657.45
CC.BTCUSD,BTC/USD,2025-04-09 20:00:00,82396.6,79672.27191,82599.99,78421.37,0.0,0.0,65.497,5317049.195,-4.084656498750381,83065.2
CC.BTCUSD,BTC/USD,2025-04-10 20:00:00,79671.47806,83385.53,84267.05,78941.09,0.0,0.0,182.883,15049659.573,4.660665500030679,79672.27191
CC.BTCUSD,BTC/USD,2025-04-11 20:00:00,83287.1,85359.85,85889.03,82741.79,0.0,0.0,28.064,2368558.842,2.3677009668224294,83385.53
CC.BTCUSD,BTC/USD,2025-04-12 20:00:00,85371.7,83322.37,86090.82,83005.21,0.0,0.0,36.974,3118238.431,-2.386930155102206,85359.85
CC.BTCUSD,BTC/USD,2025-04-13 20:00:00,84174.91,84480.86,85798.68,83702.15,0.0,0.0,17.272,1463524.984,1.3903709171978729,83322.37
CC.BTCUSD,BTC/USD,2025-04-14 20:00:00,84412.4,83825.93,86459.51,83676.79,0.0,0.0,18.39,1575122.837,-0.7752406876539936,84480.86
CC.BTCUSD,BTC/USD,2025-04-15 20:00:00,83276.07,84461.7,85475.48,83094.9,0.0,0.0,21.04,1770233.328,0.7584407354621704,83825.93
CC.BTCUSD,BTC/USD,2025-04-16 20:00:00,83999.35,84755.79779,85481.14,83726.49,0.0,0.0,13.128,1111848.889,0.3482025462428531,84461.7
CC.BTCUSD,BTC/USD,2025-04-17 20:00:00,84788.75795,84532.15,85124.3,84300.78,0.0,0.0,2.109,178564.769,-0.26387314594588124,84755.79779
CC.BTCUSD,BTC/USD,2025-04-18 20:00:00,84492.03817,85257.56,85637.53,84340.15,0.0,0.0,6.868,585979.77,0.8581468707468146,84532.15
CC.BTCUSD,BTC/USD,2025-04-19 20:00:00,85222.1,84834.01,85331.02,83941.81,0.0,0.0,10.59,897928.581,-0.49678878917013686,85257.56
CC.BTCUSD,BTC/USD,2025-04-20 20:00:00,85308.2,87153.67,88477.1,85308.2,0.0,0.0,62.355,5461734.712,2.734351470595347,84834.01
CC.BTCUSD,BTC/USD,2025-04-21 20:00:00,87492.0,92822.03042,93952.99999,87100.88,0.0,0.0,227.913,20518623.318,6.503868878958278,87153.67
CC.BTCUSD,BTC/USD,2025-04-22 20:00:00,93500.0,93805.99,94634.82999,91929.27001,0.0,0.0,63.97,5993761.391,1.0600496191990214,92822.03042
CC.BTCUSD,BTC/USD,2025-04-23 20:00:00,93514.82,93476.00999,93711.57,91659.04,0.0,0.0,220.673,20485058.888,-0.35176859174984376,93805.99
CC.BTCUSD,BTC/USD,2025-04-24 20:00:00,93696.4,94891.0,95799.99999,92862.32,0.0,0.0,50.637,4791804.757,1.513746693029975,93476.00999
CC.BTCUSD,BTC/USD,2025-04-25 20:00:00,94883.91867,94794.15,95266.5,93884.5,0.0,0.0,3.865,365452.257,-0.1020644739754095,94891.0
CC.BTCUSD,BTC/USD,2025-04-26 20:00:00,94780.63,93944.21,95370.19,93650.01,0.0,0.0,56.673,5335050.11,-0.8966165106179946,94794.15
CC.BTCUSD,BTC/USD,2025-04-27 20:00:00,93450.0,94838.76184,95638.62,92876.51,0.0,0.0,841.025,79056461.159,0.9522160439690749,93944.21
CC.BTCUSD,BTC/USD,2025-04-28 20:00:00,94840.52,94214.03551,95499.99,94080.56509,0.0,0.0,28.399,2691737.184,-0.658724679529204,94838.76184
CC.BTCUSD,BTC/USD,2025-04-29 20:00:00,94343.75,94141.41,95244.62,92945.06,0.0,0.0,666.035,63003271.706,-0.07708565884781517,94214.03551
CC.BTCUSD,BTC/USD,2025-04-30 20:00:00,94215.33774,96398.01,97461.02,94197.3,0.0,0.0,47.158,4533913.313,2.397032294290038,94141.41
CC.BTCUSD,BTC/USD,2025-05-01 20:00:00,96679.85,96653.17,97887.99,96375.41,0.0,0.0,25.09,2436876.99,0.26469426080476505,96398.01
CC.BTCUSD,BTC/USD,2025-05-02 20:00:00,96878.68,96207.9,96893.25,95500.0,0.0,0.0,201.395,19300021.619,-0.46068845957148025,96653.17
CC.BTCUSD,BTC/USD,2025-05-03 20:00:00,96023.67,95023.53,96310.28,94778.53,0.0,0.0,104.764,10033071.207,-1.2310527513852765,96207.9
CC.BTCUSD,BTC/USD,2025-05-04 20:00:00,94500.0,95044.58,95191.18,93526.24,0.0,0.0,20.503,1936697.0,0.02215240793517449,95023.53
CC.BTCUSD,BTC/USD,2025-05-05 20:00:00,94713.16,96235.22,96267.78,93400.00001,0.0,0.0,1348.897,126734375.722,1.2527174090305828,95044.58
CC.BTCUSD,BTC/USD,2025-05-06 20:00:00,96918.91,97216.9345,97689.98,95807.58,0.0,0.0,21.291,2068149.358,1.0201197648844176,96235.22
CC.BTCUSD,BTC/USD,2025-05-07 20:00:00,97049.0,102953.74431,104168.13297,96904.79,0.0,0.0,99.577,9961228.301,5.901039607456447,97216.9345
CC.BTCUSD,BTC/USD,2025-05-08 20:00:00,102999.0,102779.09,104330.9,102324.86,0.0,0.0,35.731,3686718.396,-0.16964347549527029,102953.74431
CC.BTCUSD,BTC/USD,2025-05-09 20:00:00,102901.93902,103621.03,104098.96,102834.26,0.0,0.0,3.902,404557.785,0.8191744060002889,102779.09
CC.BTCUSD,BTC/USD,2025-05-10 20:00:00,104533.47,103813.38,104855.43,103354.43,0.0,0.0,4.033,420393.389,0.18562834204601694,103621.03
CC.BTCUSD,BTC/USD,2025-05-11 20:00:00,104254.29542,102827.9,105788.55,100776.32,0.0,0.0,56.307,5865021.914,-0.9492803336140394,103813.38
CC.BTCUSD,BTC/USD,2025-05-12 20:00:00,102631.86,104163.88,104995.7,101456.37,0.0,0.0,68.432,7075767.906,1.2992388252604699,102827.9
CC.BTCUSD,BTC/USD,2025-05-13 20:00:00,104012.9,103517.54,104326.92,102621.86,0.0,0.0,10.208,1056603.726,-0.6205029996962584,104163.88
CC.BTCUSD,BTC/USD,2025-05-14 20:00:00,103618.72,103533.02,104400.0,101415.27,0.0,0.0,84.242,8694431.579,0.014953987507827638,103517.54
CC.BTCUSD,BTC/USD,2025-05-15 20:00:00,103861.61634,103557.49,104572.21,103118.39,0.0,0.0,29.276,3048461.06,0.023634971722066217,103533.02
CC.BTCUSD,BTC/USD,2025-05-16 20:00:00,103568.95,103094.72427,103736.96,102642.68,0.0,0.0,3.362,346621.912,-0.44686843027964385,103557.49
CC.BTCUSD,BTC/USD,2025-05-17 20:00:00,103159.20201,105962.90159,105979.99999,103159.20201,0.0,0.0,11.932,1246344.953,2.7820796265853263,103094.72427
CC.BTCUSD,BTC/USD,2025-05-18 20:00:00,106111.0,105570.27,106800.0,102130.01,0.0,0.0,38.996,4083568.236,-0.37053684271424636,105962.90159
CC.BTCUSD,BTC/USD,2025-05-19 20:00:00,105917.01,106824.06,107345.99,104222.01,0.0,0.0,11.356,1206875.711,1.1876354962433964,105570.27
CC.BTCUSD,BTC/USD,2025-05-20 20:00:00,106927.28,108830.35,109842.3726,106111.75421,0.0,0.0,59.34,6372076.34,1.8781255833189716,106824.06
CC.BTCUSD,BTC/USD,2025-05-21 20:00:00,109865.6,111077.0,111992.25,109272.72,0.0,0.0,74.656,8283462.653,2.0643598040436273,108830.35
CC.BTCUSD,BTC/USD,2025-05-22 20:00:00,111349.8,107849.5,111783.92,107377.20457,0.0,0.0,48.535,5320521.122,-2.905642032103856,111077.0
CC.BTCUSD,BTC/USD,2025-05-23 20:00:00,107510.38,108074.03397,109517.14,107144.06,0.0,0.0,15.927,1725571.569,0.20819194340261574,107849.5
CC.BTCUSD,BTC/USD,2025-05-24 20:00:00,108021.28,109192.37,109234.49,106666.00001,0.0,0.0,30.01,3223704.302,1.0347869778881644,108074.03397
CC.BTCUSD,BTC/USD,2025-05-25 20:00:00,109043.73,109252.72,110461.75,108323.19741,0.0,0.0,71.835,7845194.457,0.05526942953981658,109192.37
CC.BTCUSD,BTC/USD,2025-05-26 20:00:00,109450.0,109125.63,110788.0,107578.96509,0.0,0.0,502.306,54868331.077,-0.1163266232639302,109252.72
CC.BTCUSD,BTC/USD,2025-05-27 20:00:00,108873.68,107454.93,109327.8,106836.4,0.0,0.0,32.818,3548125.187,-1.5309877248818737,109125.63
CC.BTCUSD,BTC/USD,2025-05-28 20:00:00,107535.0,105965.00001,108927.7,105685.12,0.0,0.0,63.104,6754421.177,-1.3865627105243006,107454.93
CC.BTCUSD,BTC/USD,2025-05-29 20:00:00,105988.0,104049.30723,106330.3,103725.0,0.0,0.0,36.564,3843927.116,-1.8078542724665807,105965.00001
CC.BTCUSD,BTC/USD,2025-05-30 20:00:00,104023.72,104690.22,104945.99001,103128.06,0.0,0.0,14.969,1560254.888,0.615970242438293,104049.30723
CC.BTCUSD,BTC/USD,2025-05-31 20:00:00,104646.6527,105546.47,105760.99001,103823.04,0.0,0.0,26.663,2799374.732,0.8178891972908262,104690.22
CC.BTCUSD,BTC/USD,2025-06-01 20:00:00,105694.19,105720.00001,105986.17,103600.0,0.0,0.0,32.51,3405019.398,0.16441100303970585,105546.47
CC.BTCUSD,BTC/USD,2025-06-02 20:00:00,106083.25,105813.87001,106849.10001,104934.86,0.0,0.0,15.974,1697980.438,0.08879114641611448,105720.00001
CC.BTCUSD,BTC/USD,2025-06-03 20:00:00,105813.87,104865.50845,105992.84,104143.15363,0.0,0.0,12.324,1290202.244,-0.8962544890479663,105813.87001
CC.BTCUSD,BTC/USD,2025-06-04 20:00:00,104894.34,101549.91,105958.19,100400.51,0.0,0.0,39.994,4119105.568,-3.161762622436406,104865.50845
CC.BTCUSD,BTC/USD,2025-06-05 20:00:00,101435.58,104551.63,105380.16001,101166.84,0.0,0.0,27.238,2811718.262,2.95590611552487,101549.91
CC.BTCUSD,BTC/USD,2025-06-06 20:00:00,104234.02,105890.73,105999.0,104000.00999,0.0,0.0,21.95,2319390.648,1.2808026044165846,104551.63
CC.BTCUSD,BTC/USD,2025-06-07 20:00:00,105851.39225,105773.95001,106499.99,105061.56,0.0,0.0,30.641,3241584.488,-0.11028348751585286,105890.73
CC.BTCUSD,BTC/USD,2025-06-08 20:00:00,105766.27487,110225.0,110632.44,105400.00999,0.0,0.0,20.802,2237803.312,4.20807768791767,105773.95001
CC.BTCUSD,BTC/USD,2025-06-09 20:00:00,110131.95,109765.65,116000.0,108409.50999,0.0,0.0,24.396,2673885.573,-0.41673848945339603,110225.0
CC.BTCUSD,BTC/USD,2025-06-10 20:00:00,109912.74144,108420.80763,110374.99001,108100.01,0.0,0.0,32.398,3551218.388,-1.225194193265378,109765.65
CC.BTCUSD,BTC/USD,2025-06-11 20:00:00,108538.17,105909.99999,108816.62,105800.00999,0.0,0.0,34.953,3756392.304,-2.3157986874331855,108420.80763
CC.BTCUSD,BTC/USD,2025-06-12 20:00:00,104685.61,105818.99,105999.99001,102801.00001,0.0,0.0,65.228,6810866.675,-0.08593144179830471,105909.99999
CC.BTCUSD,BTC/USD,2025-06-13 20:00:00,106000.0,105432.31,106282.87,104357.4,0.0,0.0,1.427,150260.276,-0.3654164531337972,105818.99
CC.BTCUSD,BTC/USD,2025-06-14 20:00:00,105501.84,105281.92,106176.39001,104517.47976,0.0,0.0,3.6,379958.731,-0.1426412833030021,105432.31
CC.BTCUSD,BTC/USD,2025-06-15 20:00:00,105446.46058,107741.17,108960.24,104996.04,0.0,0.0,29.523,3173438.028,2.3358711543254533,105281.92
CC.BTCUSD,BTC/USD,2025-06-16 20:00:00,106000.0,104311.00001,107772.96,103385.63,0.0,0.0,43.095,4500376.971,-3.183713328897389,107741.17
CC.BTCUSD,BTC/USD,2025-06-17 20:00:00,104482.63,104823.48,105556.72,103500.0,0.0,0.0,27.906,2914310.27,0.4913000450104615,104311.00001
CC.BTCUSD,BTC/USD,2025-06-18 20:00:00,104817.67,104621.83,105246.01,104000.00999,0.0,0.0,17.037,1779641.358,-0.1923710222175358,104823.48
CC.BTCUSD,BTC/USD,2025-06-19 20:00:00,104658.0,103122.93,106500.0,102365.75,0.0,0.0,65.465,6807054.33,-1.4326837907538117,104621.83
CC.BTCUSD,BTC/USD,2025-06-20 20:00:00,103214.89,101849.4276,103995.87,101146.00205,0.0,0.0,6.924,710192.795,-1.2349362067194927,103122.93
CC.BTCUSD,BTC/USD,2025-06-21 20:00:00,102000.0,100946.39999,103343.29827,98246.61,0.0,0.0,132.897,13325199.29,-0.8866300295240835,101849.4276
CC.BTCUSD,BTC/USD,2025-06-22 20:00:00,100600.0,105644.61104,106090.97,99646.35001,0.0,0.0,33.597,3430833.844,4.654164041972189,100946.39999
CC.BTCUSD,BTC/USD,2025-06-23 20:00:00,105300.0,106036.02001,106297.82001,104708.62,0.0,0.0,156.45,16534544.438,0.37049591658943315,105644.61104
CC.BTCUSD,BTC/USD,2025-06-24 20:00:00,106438.79,107320.31999,108158.40242,105876.22,0.0,0.0,52.687,5665414.676,1.2111921777891057,106036.02001
CC.BTCUSD,BTC/USD,2025-06-25 20:00:00,107504.94,107016.305,108288.29344,106650.31574,0.0,0.0,65.134,7029852.929,-0.28327812480277587,107320.31999
CC.BTCUSD,BTC/USD,2025-06-26 20:00:00,107048.125,107171.95999,107794.93897,106439.84999,0.0,0.0,19.08,2043961.309,0.14544978916998677,107016.305
CC.BTCUSD,BTC/USD,2025-06-27 20:00:00,107027.25769,107390.31001,107561.81001,106900.00999,0.0,0.0,1.382,148146.832,0.20373801134211958,107171.95999
CC.BTCUSD,BTC/USD,2025-06-28 20:00:00,107339.23219,108103.64998,108536.49001,107246.84999,0.0,0.0,7.556,816070.893,0.6642498470612255,107390.31001
CC.BTCUSD,BTC/USD,2025-06-29 20:00:00,108394.46,107145.24999,108781.31001,106770.59999,0.0,0.0,14.824,1594041.568,-0.8865565502897604,108103.64998
CC.BTCUSD,BTC/USD,2025-06-30 20:00:00,107317.885,105635.01695,107539.59,105300.01,0.0,0.0,10.6,1131039.39,-1.4095193581992145,107145.24999
CC.BTCUSD,BTC/USD,2025-07-01 20:00:00,105690.315,109195.99999,109733.75455,105140.54,0.0,0.0,17.023,1848655.498,3.3710251986663704,105635.01695
CC.BTCUSD,BTC/USD,2025-07-02 20:00:00,109001.55,109746.03164,110600.0,108578.2,0.0,0.0,76.337,8394622.681,0.5037104381574192,109195.99999
CC.BTCUSD,BTC/USD,2025-07-03 20:00:00,109707.73303,108260.96001,109783.40001,107292.26,0.0,0.0,62.672,6827540.513,-1.35318936621917,109746.03164
CC.BTCUSD,BTC/USD,2025-07-04 20:00:00,108065.815,108197.59001,108387.3,107815.46,0.0,0.0,2.15,232547.239,-0.05853448925091917,108260.96001
CC.BTCUSD,BTC/USD,2025-07-05 20:00:00,108170.04,109262.59999,109682.69001,107870.01,0.0,0.0,8.272,898420.799,0.9843195027741104,108197.59001
CC.BTCUSD,BTC/USD,2025-07-06 20:00:00,109269.16,108046.28999,109703.33469,107556.98,0.0,0.0,15.299,1664368.589,-1.1131988439880778,109262.59999
CC.BTCUSD,BTC/USD,2025-07-07 20:00:00,108239.69,108926.43,109224.10001,107469.99999,0.0,0.0,40.887,4442164.772,0.8145953091785454,108046.28999
CC.BTCUSD,BTC/USD,2025-07-08 20:00:00,108906.24,111414.64001,112000.0,108376.01,0.0,0.0,81.887,8941660.186,2.2843032769916447,108926.43
CC.BTCUSD,BTC/USD,2025-07-09 20:00:00,111500.0,116018.9,117459.25983,110590.41,0.0,0.0,189.701,21422555.183,4.13254486985439,111414.64001
CC.BTCUSD,BTC/USD,2025-07-10 20:00:00,115900.0,117628.85001,118871.65,115282.26084,0.0,0.0,251.14,29527656.058,1.3876618464750146,116018.9
CC.BTCUSD,BTC/USD,2025-07-11 20:00:00,117608.76,117415.29,118227.00001,117000.01,0.0,0.0,9.66,1137178.59,-0.18155410852171525,117628.85001
CC.BTCUSD,BTC/USD,2025-07-12 20:00:00,117800.0,118596.505,119482.41,117800.0,0.0,0.0,12.799,1516611.802,1.0060146340395795,117415.29
CC.BTCUSD,BTC/USD,2025-07-13 20:00:00,119115.3,120092.24,123221.76801,119021.0,0.0,0.0,170.409,20608553.235,1.26119652514212,118596.505
CC.BTCUSD,BTC/USD,2025-07-14 20:00:00,119828.0,117828.71299,120045.5,115818.0,0.0,0.0,316.188,37193288.766,-1.8848237071770875,120092.24
CC.BTCUSD,BTC/USD,2025-07-15 20:00:00,117600.0,118696.61058,120099.83213,117100.0,0.0,0.0,110.953,13205237.932,0.7365756342205407,117828.71299
CC.BTCUSD,BTC/USD,2025-07-16 20:00:00,118749.99,119813.76339,120993.23,117520.0,0.0,0.0,125.746,14838591.904,0.9411834125179614,118696.61058
CC.BTCUSD,BTC/USD,2025-07-17 20:00:00,119262.38,117813.72484,120919.7,117200.0,0.0,0.0,167.744,19808188.388,-1.669289481784967,119813.76339
CC.BTCUSD,BTC/USD,2025-07-18 20:00:00,117877.804,117870.19989,118578.45096,117354.10367,0.0,0.0,15.081,1781526.778,0.047935883596504233,117813.72484
CC.BTCUSD,BTC/USD,2025-07-19 20:00:00,117885.98,117592.32075,118908.53669,116800.0,0.0,0.0,133.681,15636833.2,-0.23575012196410092,117870.19989
CC.BTCUSD,BTC/USD,2025-07-20 20:00:00,116950.0,117430.85461,119709.12093,116622.47909,0.0,0.0,32.138,3799079.889,-0.13731010577066452,117592.32075
CC.BTCUSD,BTC/USD,2025-07-21 20:00:00,117405.29,119929.20491,120268.59999,116200.00001,0.0,0.0,50.628,5974783.285,2.1275075518246758,117430.85461
CC.BTCUSD,BTC/USD,2025-07-22 20:00:00,119879.97,118601.04218,120173.02914,117250.095,0.0,0.0,190.164,22531004.1,-1.1074556285074235,119929.20491
CC.BTCUSD,BTC/USD,2025-07-23 20:00:00,118748.3,118349.94492,119549.99999,117200.0,0.0,0.0,16.085,1905884.211,-0.21171589674475283,118601.04218
CC.BTCUSD,BTC/USD,2025-07-24 20:00:00,118296.885,117294.45953,118296.885,114800.0,0.0,0.0,275.518,31989559.19,-0.8918342891612405,118349.94492
CC.BTCUSD,BTC/USD,2025-07-25 20:00:00,117314.435,118069.33001,118299.99999,117179.35,0.0,0.0,7.069,832379.225,0.660619847778766,117294.45953
CC.BTCUSD,BTC/USD,2025-07-26 20:00:00,117976.25,119531.63162,119777.0,117874.5,0.0,0.0,5.407,640350.407,1.2385109747604597,118069.33001
CC.BTCUSD,BTC/USD,2025-07-27 20:00:00,119421.63,117848.71638,119822.7,117406.4,0.0,0.0,16.555,1969160.989,-1.407924594679771,119531.63162
CC.BTCUSD,BTC/USD,2025-07-28 20:00:00,118248.16,117822.8,119272.05948,116954.01229,0.0,0.0,23.132,2739616.274,-0.021991228072801784,117848.71638
CC.BTCUSD,BTC/USD,2025-07-29 20:00:00,117866.65799,117444.49111,118784.66327,115823.24182,0.0,0.0,32.699,3839901.235,-0.32108292282987694,117822.8
CC.BTCUSD,BTC/USD,2025-07-30 20:00:00,117770.53,116001.00001,118909.99999,116001.00001,0.0,0.0,11.941,1409258.634,-1.2290837027409036,117444.49111
CC.BTCUSD,BTC/USD,2025-07-31 20:00:00,115472.06,113109.83005,116048.75238,112671.9,0.0,0.0,119.323,13734451.718,-2.492366410419533,116001.00001
CC.BTCUSD,BTC/USD,2025-08-01 20:00:00,113618.3,112869.024,114028.7,112010.0,0.0,0.0,22.412,2539796.556,-0.2128957756311289,113109.83005
CC.BTCUSD,BTC/USD,2025-08-02 20:00:00,112699.8,114345.65624,114788.03316,112000.0,0.0,0.0,13.041,1469857.326,1.3082705844962315,112869.024
CC.BTCUSD,BTC/USD,2025-08-03 20:00:00,114225.66,115330.54336,115748.19914,114150.35,0.0,0.0,66.437,7615889.704,0.8613244721188364,114345.65624
CC.BTCUSD,BTC/USD,2025-08-04 20:00:00,115058.51,113927.4801,115118.9,112640.45057,0.0,0.0,52.204,5974479.77,-1.2165582673276634,115330.54336
CC.BTCUSD,BTC/USD,2025-08-05 20:00:00,114000.0,115136.7,115728.05635,113390.00001,0.0,0.0,106.003,12107151.611,1.0613944054047382,113927.4801
CC.BTCUSD,BTC/USD,2025-08-06 20:00:00,115018.5,117610.0,117652.1,114306.45,0.0,0.0,9.777,1138486.685,2.148142164922221,115136.7
CC.BTCUSD,BTC/USD,2025-08-07 20:00:00,117396.08,116900.0,117662.96304,115923.86225,0.0,0.0,24.157,2820783.348,-0.6036901624011564,117610.0
CC.BTCUSD,BTC/USD,2025-08-08 20:00:00,116785.48,116579.1,117898.99999,116365.59747,0.0,0.0,12.515,1464781.465,-0.27450812660393,116900.0
CC.BTCUSD,BTC/USD,2025-08-09 20:00:00,116638.0,119063.92681,119092.77551,116582.82603,0.0,0.0,22.34,2641608.43,2.131451357919214,116579.1
CC.BTCUSD,BTC/USD,2025-08-10 20:00:00,119188.38,118881.99692,122295.23,118082.02,0.0,0.0,43.342,5241795.44,-0.15280017623668649,119063.92681
CC.BTCUSD,BTC/USD,2025-08-11 20:00:00,118759.98,120059.88583,120296.66616,118201.6,0.0,0.0,9.966,1187445.57,0.9908051181144258,118881.99692
CC.BTCUSD,BTC/USD,2025-08-12 20:00:00,120034.7,122999.99999,123682.30286,118938.03,0.0,0.0,145.808,17574851.742,2.448873026718584,120059.88583
CC.BTCUSD,BTC/USD,2025-08-13 20:00:00,123836.71,118384.89727,124545.64999,117231.6,0.0,0.0,169.004,20397851.883,-3.7521160328253713,122999.99999
CC.BTCUSD,BTC/USD,2025-08-14 20:00:00,118450.0,117782.58599,119338.72311,116900.00001,0.0,0.0,15.188,1796539.873,-0.5087737489236531,118384.89727
CC.BTCUSD,BTC/USD,2025-08-15 20:00:00,117621.55,117559.99916,117978.74076,117256.9642,0.0,0.0,38.37,4513670.861,-0.18898110287619113,117782.58599
CC.BTCUSD,BTC/USD,2025-08-16 20:00:00,117471.49,118036.0781,118640.58362,117301.0,0.0,0.0,24.057,2832680.423,0.40496677730666303,117559.99916
CC.BTCUSD,BTC/USD,2025-08-17 20:00:00,117649.6,116461.0224,117730.0,114733.75295,0.0,0.0,34.007,3926543.223,-1.3343849824166576,118036.0781
CC.BTCUSD,BTC/USD,2025-08-18 20:00:00,116382.17131,113154.70028,116763.53976,112762.11002,0.0,0.0,162.771,18675455.535,-2.8389945853678142,116461.0224
CC.BTCUSD,BTC/USD,2025-08-19 20:00:00,113063.87,114604.7996,114611.20434,112400.00001,0.0,0.0,34.031,3855427.899,1.2815192973970502,113154.70028
CC.BTCUSD,BTC/USD,2025-08-20 20:00:00,114190.08,112467.4,114811.91249,112000.00001,0.0,0.0,24.142,2733599.764,-1.8650175275905325,114604.7996
CC.BTCUSD,BTC/USD,2025-08-21 20:00:00,112706.63517,116721.81067,117402.8913,111688.0,0.0,0.0,33.43,3817322.997,3.7827945431298424,112467.4
CC.BTCUSD,BTC/USD,2025-08-22 20:00:00,116747.12,115254.43437,116988.66743,114510.61192,0.0,0.0,10.731,1243896.478,-1.2571569028762082,116721.81067
CC.BTCUSD,BTC/USD,2025-08-23 20:00:00,115287.425,113474.66367,115628.29473,110522.18148,0.0,0.0,46.607,5233355.226,-1.5442101726745112,115254.43437
CC.BTCUSD,BTC/USD,2025-08-24 20:00:00,113463.47,110189.09873,113665.75376,109311.98859,0.0,0.0,81.421,9044939.898,-2.895417209214978,113474.66367
CC.BTCUSD,BTC/USD,2025-08-25 20:00:00,109806.0,111949.01837,111981.81268,108738.56223,0.0,0.0,32.776,3599896.826,1.5971812641034453,110189.09873
CC.BTCUSD,BTC/USD,2025-08-26 20:00:00,111765.04,111442.29403,112642.39226,110397.25,0.0,0.0,11.78,1313678.262,-0.45263848435476073,111949.01837
CC.BTCUSD,BTC/USD,2025-08-27 20:00:00,111486.1645,112361.57594,113485.8,110895.76809,0.0,0.0,27.246,3072952.233,0.8248949987986806,111442.29403
CC.BTCUSD,BTC/USD,2025-08-28 20:00:00,112497.13,108413.30393,112635.2,107535.7,0.0,0.0,123.428,13458921.739,-3.5138987478320347,112361.57594
CC.BTCUSD,BTC/USD,2025-08-29 20:00:00,108416.0,108559.31277,108935.52661,107381.55933,0.0,0.0,16.503,1790598.055,0.13467797281990787,108413.30393
CC.BTCUSD,BTC/USD,2025-08-30 20:00:00,108901.17,108872.91948,109484.84126,108206.98362,0.0,0.0,14.907,1624317.97,0.28888052254385393,108559.31277
CC.BTCUSD,BTC/USD,2025-08-31 20:00:00,108067.43,108467.957,109913.96997,107301.03,0.0,0.0,19.361,2097877.223,-0.37195886905043796,108872.91948
CC.BTCUSD,BTC/USD,2025-09-01 20:00:00,109000.0,111213.24279,111741.11044,108410.55948,0.0,0.0,800.754,88324998.171,2.5309647806863453,108467.957
CC.BTCUSD,BTC/USD,2025-09-02 20:00:00,111404.37,111961.80906,112567.00811,110523.73149,0.0,0.0,15.203,1699144.562,0.6730909478230813,111213.24279
CC.BTCUSD,BTC/USD,2025-09-03 20:00:00,111961.1365,111482.66065,112190.38573,109350.26953,0.0,0.0,12.181,1349014.135,-0.4279570096471201,111961.80906
CC.BTCUSD,BTC/USD,2025-09-04 20:00:00,110648.055,110833.68665,113350.30557,110210.38656,0.0,0.0,42.71,4764532.242,-0.5821299888396608,111482.66065
CC.BTCUSD,BTC/USD,2025-09-05 20:00:00,110759.18934,110206.15877,111325.45233,110015.58578,0.0,0.0,1.285,142023.374,-0.5661887635134518,110833.68665
CC.BTCUSD,BTC/USD,2025-09-06 20:00:00,110269.39207,111274.57589,111410.83946,110254.80643,0.0,0.0,3.734,413215.642,0.9694713361979909,110206.15877
CC.BTCUSD,BTC/USD,2025-09-07 20:00:00,111099.28,112239.44482,112922.02,110627.46,0.0,0.0,29.766,3327157.251,0.8671063648481828,111274.57589
CC.BTCUSD,BTC/USD,2025-09-08 20:00:00,112099.8276,111554.04816,113270.79352,110763.19655,0.0,0.0,53.477,5997834.798,-0.6106557824650495,112239.44482
CC.BTCUSD,BTC/USD,2025-09-09 20:00:00,111454.06,113885.91589,114307.38687,110961.1395,0.0,0.0,22.595,2548306.561,2.090347924133996,111554.04816
CC.BTCUSD,BTC/USD,2025-09-10 20:00:00,113901.57,115132.67862,115269.07999,113457.41303,0.0,0.0,28.085,3212009.693,1.0947470723282622,113885.91589
CC.BTCUSD,BTC/USD,2025-09-11 20:00:00,115483.58,116090.2202,116807.10041,114800.00001,0.0,0.0,105.879,12289371.333,0.8316853142628551,115132.67862
CC.BTCUSD,BTC/USD,2025-09-12 20:00:00,116112.9,115915.31,116343.17,115185.76994,0.0,0.0,11.512,1334129.478,-0.15066747198744518,116090.2202
CC.BTCUSD,BTC/USD,2025-09-13 20:00:00,115984.085,116046.74617,116213.48637,115199.74022,0.0,0.0,12.517,1448120.572,0.11338982745247445,115915.31
CC.BTCUSD,BTC/USD,2025-09-14 20:00:00,115175.9,115329.3065,116750.0,114423.44587,0.0,0.0,44.607,5156052.883,-0.6182333358567381,116046.74617
CC.BTCUSD,BTC/USD,2025-09-15 20:00:00,115292.1,116915.14999,116999.99999,114805.11,0.0,0.0,117.648,13560472.002,1.3750568161094414,115329.3065
CC.BTCUSD,BTC/USD,2025-09-16 20:00:00,116851.34,116631.28213,117352.375,114805.56,0.0,0.0,196.505,22839377.452,-0.24279818314758891,116915.14999
CC.BTCUSD,BTC/USD,2025-09-17 20:00:00,116452.12,117120.99298,117914.99999,116167.02364,0.0,0.0,20.006,2347891.019,0.41987950492917087,116631.28213
CC.BTCUSD,BTC/USD,2025-09-18 20:00:00,117121.43,115662.23,117493.80562,115155.32739,0.0,0.0,24.77,2887516.728,-1.2455179407923078,117120.99298
CC.BTCUSD,BTC/USD,2025-09-19 20:00:00,115662.23,115835.56,116181.74218,115498.00999,0.0,0.0,10.471,1213312.402,0.14985877412185616,115662.23
CC.BTCUSD,BTC/USD,2025-09-20 20:00:00,115824.9,115591.72936,115888.40999,115260.00001,0.0,0.0,3.668,424250.776,-0.2104972255497363,115835.56
CC.BTCUSD,BTC/USD,2025-09-21 20:00:00,115359.5,112718.39,115363.94547,111850.0,0.0,0.0,307.595,35039918.017,-2.485765526572617,115591.72936
CC.BTCUSD,BTC/USD,2025-09-22 20:00:00,112665.62,112237.16,113363.38189,111536.11645,0.0,0.0,127.686,14424432.31,-0.42693122213686335,112718.39
CC.BTCUSD,BTC/USD,2025-09-23 20:00:00,112100.35,113390.06422,113933.80639,111118.47,0.0,0.0,18.17,2038883.59,1.0272036640984115,112237.16
CC.BTCUSD,BTC/USD,2025-09-24 20:00:00,113396.06318,111656.6,113986.96328,110699.2,0.0,0.0,100.739,11252432.353,-1.5287620056698423,113390.06422
CC.BTCUSD,BTC/USD,2025-09-25 20:00:00,111657.92984,109093.1,111745.23245,108706.98613,0.0,0.0,159.607,17437276.451,-2.2958786135347125,111656.6
CC.BTCUSD,BTC/USD,2025-09-26 20:00:00,109096.7042,109467.74337,110367.66,109090.8,0.0,0.0,15.698,1719149.363,0.3434161922247976,109093.1
CC.BTCUSD,BTC/USD,2025-09-27 20:00:00,109474.18449,110083.51,110083.8,109260.18,0.0,0.0,35.99,3938276.988,0.5625096590497097,109467.74337
CC.BTCUSD,BTC/USD,2025-09-28 20:00:00,110083.95851,113885.7,114289.09422,110056.75441,0.0,0.0,133.453,14963892.456,3.4539142147629582,110083.51
CC.BTCUSD,BTC/USD,2025-09-29 20:00:00,113889.47952,113150.47324,114850.3,112738.0,0.0,0.0,46.82,5326591.715,-0.6455830363250087,113885.7
CC.BTCUSD,BTC/USD,2025-09-30 20:00:00,113143.23,117471.72,117692.68745,112829.18,0.0,0.0,70.323,8183119.808,3.81902667860198,113150.47324
CC.BTCUSD,BTC/USD,2025-10-01 20:00:00,117479.45,119981.89543,119981.89543,116777.0011,0.0,0.0,140.695,16737398.87,2.1368338098735618,117471.72
CC.BTCUSD,BTC/USD,2025-10-02 20:00:00,119980.0,122344.9,122452.89999,119332.1,0.0,0.0,150.802,18128639.913,1.9694676113685978,119981.89543
CC.BTCUSD,BTC/USD,2025-10-03 20:00:00,122353.4614,121844.84897,123949.4,121541.2,0.0,0.0,23.374,2866394.797,-0.40872241507409607,122344.9
CC.BTCUSD,BTC/USD,2025-10-04 20:00:00,121848.54977,122846.73415,125752.21999,121604.53036,0.0,0.0,145.212,18109702.978,0.8222630570510833,121844.84897
CC.BTCUSD,BTC/USD,2025-10-05 20:00:00,122832.42839,125048.71525,125438.09312,122298.34898,0.0,0.0,75.708,9371756.49,1.792462058707476,122846.73415
CC.BTCUSD,BTC/USD,2025-10-06 20:00:00,125044.07457,121924.0,126219.33683,121285.0,0.0,0.0,66.579,8275884.847,-2.4987983633042514,125048.71525
CC.BTCUSD,BTC/USD,2025-10-07 20:00:00,121921.9,122206.6,123382.0,120636.9,0.0,0.0,59.023,7180676.924,0.23178373412946246,121924.0
CC.BTCUSD,BTC/USD,2025-10-08 20:00:00,122218.96446,121205.97,124217.91283,120725.0,0.0,0.0,31.973,3913482.804,-0.8188019305013025,122206.6
CC.BTCUSD,BTC/USD,2025-10-09 20:00:00,121199.15,119059.22958,122530.8,118542.53258,0.0,0.0,101.818,12308622.494,-1.7711507279715692,121205.97
CC.BTCUSD,BTC/USD,2025-10-10 20:00:00,119055.96,111926.27699,119476.25859,105000.0,0.0,0.0,538.611,60272464.152,-5.991095873173884,119059.22958
CC.BTCUSD,BTC/USD,2025-10-11 20:00:00,111932.27657,113263.40986,113791.00436,109715.44,0.0,0.0,238.495,26545954.64,1.1946550050257339,111926.27699
CC.BTCUSD,BTC/USD,2025-10-12 20:00:00,113270.00967,114426.14,115999.99999,113270.00967,0.0,0.0,128.578,14776043.297,1.0265717246524717,113263.40986
CC.BTCUSD,BTC/USD,2025-10-13 20:00:00,114410.18459,112971.2,115938.06814,110000.0,0.0,0.0,246.035,27481933.279,-1.2715101636741415,114426.14
CC.BTCUSD,BTC/USD,2025-10-14 20:00:00,112965.62926,110848.67,113677.8049,110500.0,0.0,0.0,123.693,13868360.558,-1.8788239834577298,112971.2
CC.BTCUSD,BTC/USD,2025-10-15 20:00:00,110850.30001,108621.02,112035.19999,108418.9,0.0,0.0,142.413,15734942.236,-2.0096316897622626,110848.67
CC.BTCUSD,BTC/USD,2025-10-16 20:00:00,108580.2,106859.0,109313.16328,103506.20205,0.0,0.0,322.169,34116358.841,-1.622172209393729,108621.02
CC.BTCUSD,BTC/USD,2025-10-17 20:00:00,106853.0,106979.2,107598.25343,106105.78,0.0,0.0,60.527,6467795.352,0.11248467606846133,106859.0
CC.BTCUSD,BTC/USD,2025-10-18 20:00:00,106980.2,108501.8,108623.81,106146.1,0.0,0.0,71.209,7636376.719,1.4232673267326788,106979.2
CC.BTCUSD,BTC/USD,2025-10-19 20:00:00,108502.24035,111159.13036,111719.49999,107450.2,0.0,0.0,40.624,4467723.267,2.449111775104185,108501.8
CC.BTCUSD,BTC/USD,2025-10-20 20:00:00,111162.62854,113413.46,113551.1,107508.7,0.0,0.0,80.916,8847390.359,2.028020219930777,111159.13036
CC.BTCUSD,BTC/USD,2025-10-21 20:00:00,113430.19,108428.67301,113999.99999,106791.78616,0.0,0.0,92.098,9990262.668,-4.395234031304581,113413.46
CC.BTCUSD,BTC/USD,2025-10-22 20:00:00,108442.24,109918.00807,110337.76651,106728.51,0.0,0.0,29.47,3195650.62,1.3735620096195786,108428.67301
CC.BTCUSD,BTC/USD,2025-10-23 20:00:00,109919.2,110074.83824,112000.0,109388.14181,0.0,0.0,121.159,13427670.174,0.1426792322329255,109918.00807
CC.BTCUSD,BTC/USD,2025-10-24 20:00:00,110080.7,111406.7082,111974.45836,109830.82,0.0,0.0,11.941,1330136.336,1.2099676740801326,110074.83824
CC.BTCUSD,BTC/USD,2025-10-25 20:00:00,111420.98857,113674.82,114000.0,111210.31,0.0,0.0,32.701,3690028.293,2.0358844064652235,111406.7082
CC.BTCUSD,BTC/USD,2025-10-26 20:00:00,113674.82871,114922.78,116381.10746,112909.39001,0.0,0.0,83.575,9621484.486,1.0978332756541789,113674.82
CC.BTCUSD,BTC/USD,2025-10-27 20:00:00,114930.87336,114652.06034,116076.35152,113490.5,0.0,0.0,26.436,3033546.189,-0.23556657783600646,114922.78
CC.BTCUSD,BTC/USD,2025-10-28 20:00:00,114634.6547,111532.58,115568.51215,111419.7106,0.0,0.0,1044.608,117719126.017,-2.7208236212669834,114652.06034
CC.BTCUSD,BTC/USD,2025-10-29 20:00:00,111527.58512,107738.11023,112019.91679,107352.26,0.0,0.0,5657.283,621462550.652,-3.4021178116743966,111532.58
CC.BTCUSD,BTC/USD,2025-10-30 20:00:00,107742.60163,110129.82264,111077.6842,106312.75,0.0,0.0,4223.644,459818799.496,2.219931651756421,107738.11023
CC.BTCUSD,BTC/USD,2025-10-31 20:00:00,110116.21752,110234.99488,110479.02668,108575.39008,0.0,0.0,1880.584,206417001.133,0.09549841948242684,110129.82264
CC.BTCUSD,BTC/USD,2025-11-01 20:00:00,110248.43353,110084.60199,111196.83,109850.5,0.0,0.0,1375.058,151841232.965,-0.13642935273296655,110234.99488
CC.BTCUSD,BTC/USD,2025-11-02 19:00:00,110078.66096,105773.65,110675.62901,105555.01,0.0,0.0,4283.394,462402481.401,-3.916035405561629,110084.60199
CC.BTCUSD,BTC/USD,2025-11-03 19:00:00,105773.65,103208.7,107747.80676,102908.32,0.0,0.0,6578.336,693159830.978,-2.4249423178646072,105773.65
CC.BTCUSD,BTC/USD,2025-11-04 19:00:00,103218.79999,103721.44197,103802.47296,98918.56,0.0,0.0,8965.631,908366408.387,0.4968011126968974,103208.7
CC.BTCUSD,BTC/USD,2025-11-05 19:00:00,103728.83999,101940.76,104537.72931,101563.31001,0.0,0.0,4099.88,423468619.261,-1.7167925321700048,103721.44197
CC.BTCUSD,BTC/USD,2025-11-06 19:00:00,101952.54,100703.58,102466.38325,99228.59,0.0,0.0,5722.789,577596905.397,-1.21362642381712,101940.76
CC.BTCUSD,BTC/USD,2025-11-07 19:00:00,100703.91,101664.23,103998.99999,100419.76001,0.0,0.0,3345.242,342795710.759,0.9539382810422372,100703.58
CC.BTCUSD,BTC/USD,2025-11-08 19:00:00,101662.77,103715.36941,104049.39949,101371.33489,0.0,0.0,2237.251,228896313.857,2.017562529121603,101664.23
CC.BTCUSD,BTC/USD,2025-11-09 19:00:00,103706.48589,105037.82,106606.87,103299.18076,0.0,0.0,3395.704,357878570.634,1.2750767774563794,103715.36941
CC.BTCUSD,BTC/USD,2025-11-10 19:00:00,105041.49089,103457.09082,107473.59504,103165.6,0.0,0.0,2752.988,290136846.454,-1.5049143061042292,105037.82
CC.BTCUSD,BTC/USD,2025-11-11 19:00:00,103448.24958,102181.02,105301.12633,101967.41,0.0,0.0,3302.636,342530757.759,-1.2334300238735376,103457.09082
CC.BTCUSD,BTC/USD,2025-11-12 19:00:00,102166.61,101373.35657,103999.99,100818.53,0.0,0.0,4098.517,418731408.483,-0.7904241218183186,102181.02
CC.BTCUSD,BTC/USD,2025-11-13 19:00:00,101373.0,96699.89,101498.93,94501.00001,0.0,0.0,11613.051,1131172397.447,-4.610152734533257,101373.35657
CC.BTCUSD,BTC/USD,2025-11-14 19:00:00,96705.79,96208.35352,97319.61,94151.68,0.0,0.0,6287.986,599658682.255,-0.5083113124534012,96699.89
CC.BTCUSD,BTC/USD,2025-11-15 19:00:00,96204.78,94483.79,96570.06605,94320.00001,0.0,0.0,2649.615,253385883.985,-1.7925299175206282,96208.35352
CC.BTCUSD,BTC/USD,2025-11-16 19:00:00,94490.4061,93880.26353,95946.31291,92970.505,0.0,0.0,8260.883,780504639.708,-0.6387619188434303,94483.79
CC.BTCUSD,BTC/USD,2025-11-17 19:00:00,93881.73916,92777.58001,94343.0923,89209.81,0.0,0.0,12422.801,1138786442.401,-1.1745637246188836,93880.26353
CC.BTCUSD,BTC/USD,2025-11-18 19:00:00,92785.09,89899.99,93713.12,89834.62,0.0,0.0,5683.312,522864956.042,-3.10160063421555,92777.58001
CC.BTCUSD,BTC/USD,2025-11-19 19:00:00,89895.66,89787.8432,93081.36504,88543.02,0.0,0.0,7870.641,712856497.412,-0.1247461762787763,89899.99
CC.BTCUSD,BTC/USD,2025-11-20 19:00:00,89777.95,82866.32999,89804.37677,80635.89596,0.0,0.0,13803.622,1175927878.341,-7.708742033799075,89787.8432
CC.BTCUSD,BTC/USD,2025-11-21 19:00:00,82886.2293,84244.02,85467.57387,82293.76194,0.0,0.0,6082.19,513302871.384,1.6625449807735666,82866.32999
CC.BTCUSD,BTC/USD,2025-11-22 19:00:00,84243.92,87050.72301,87199.99999,84174.1,0.0,0.0,3962.822,340084050.65,3.3316347083151983,84244.02
CC.BTCUSD,BTC/USD,2025-11-23 19:00:00,87048.0,86561.24,88107.80076,85248.61,0.0,0.0,6117.827,531248696.763,-0.5622963176810911,87050.72301
CC.BTCUSD,BTC/USD,2025-11-24 19:00:00,86575.55625,86938.29906,89180.89,86099.14041,0.0,0.0,4770.939,418885425.622,0.4355980344089336,86561.24
CC.BTCUSD,BTC/USD,2025-11-25 19:00:00,86953.2355,86947.73239,88187.89833,86148.25,0.0,0.0,3827.052,333744298.893,0.010850603361229186,86938.29906
CC.BTCUSD,BTC/USD,2025-11-26 19:00:00,86955.78,90939.64121,91915.75143,86955.78,0.0,0.0,4526.875,408170886.169,4.591159205963504,86947.73239
CC.BTCUSD,BTC/USD,2025-11-27 19:00:00,90938.6,92369.32,93071.9,90649.66,0.0,0.0,3037.76,278790888.444,1.5721183534236263,90939.64121
CC.BTCUSD,BTC/USD,2025-11-28 19:00:00,92378.25909,91095.99974,92378.25909,90230.88,0.0,0.0,1785.47,162497203.992,-1.3785099424787446,92369.32
CC.BTCUSD,BTC/USD,2025-11-29 19:00:00,91100.70107,91464.67,91993.09602,90200.01,0.0,0.0,1170.98,106704782.428,0.4047052132390363,91095.99974
CC.BTCUSD,BTC/USD,2025-11-30 19:00:00,91464.67,84664.23483,91847.86,83837.98,0.0,0.0,6169.727,536478706.686,-7.435040404125437,91464.67
CC.BTCUSD,BTC/USD,2025-12-01 19:00:00,84664.47,90893.79,91198.69082,84033.66,0.0,0.0,6269.927,547235304.694,7.3579536654509585,84664.23483
CC.BTCUSD,BTC/USD,2025-12-02 19:00:00,90870.74367,92378.00672,93939.19,90230.49,0.0,0.0,6967.4,642896101.983,1.632913227625354,90893.79
CC.BTCUSD,BTC/USD,2025-12-03 19:00:00,92380.42,93000.01,94154.49009,91816.34,0.0,0.0,4652.215,433108365.06,0.6733239892102209,92378.00672
CC.BTCUSD,BTC/USD,2025-12-04 19:00:00,93008.0,90444.28195,93172.78,89933.52,0.0,0.0,3859.771,353510578.631,-2.748094381925325,93000.01
CC.BTCUSD,BTC/USD,2025-12-05 19:00:00,90454.98,89746.43,90491.96901,88092.65787,0.0,0.0,2954.238,263876917.488,-0.7715821663394953,90444.28195
CC.BTCUSD,BTC/USD,2025-12-06 19:00:00,89757.81313,89575.23,89980.69593,87753.56,0.0,0.0,2259.763,201172094.663,-0.19075967701444738,89746.43
CC.BTCUSD,BTC/USD,2025-12-07 19:00:00,89574.08,89968.22,92271.72,89027.08147,0.0,0.0,4573.879,415168819.588,0.4387261969631619,89575.23
CC.BTCUSD,BTC/USD,2025-12-08 19:00:00,89966.9,92682.83273,92861.45382,89532.14436,0.0,0.0,4154.496,376314115.154,3.0173018094611557,89968.22
CC.BTCUSD,BTC/USD,2025-12-09 19:00:00,92687.25773,92068.94,94557.99,91580.9125,0.0,0.0,4515.884,420076169.72,-0.6623586180068111,92682.83273
CC.BTCUSD,BTC/USD,2025-12-10 19:00:00,92067.26,89891.26,94456.38479,89285.99,0.0,0.0,6530.546,597416769.887,-2.3652710675283193,92068.94
CC.BTCUSD,BTC/USD,2025-12-11 19:00:00,89886.75,89951.16239,93556.39,89362.99,0.0,0.0,4393.918,402504355.598,0.06663872550012419,89891.26
CC.BTCUSD,BTC/USD,2025-12-12 19:00:00,89946.33,90114.09,90662.9,89501.77,0.0,0.0,2114.816,190778781.267,0.18112896561980585,89951.16239
CC.BTCUSD,BTC/USD,2025-12-13 19:00:00,90110.56,89025.33,90490.7645,88673.67199,0.0,0.0,1558.979,139761847.787,-1.2082017362656547,90114.09
CC.BTCUSD,BTC/USD,2025-12-14 19:00:00,89025.26,87035.63,90024.33,86666.00001,0.0,0.0,4250.226,376293469.923,-2.234981886615862,89025.33
CC.BTCUSD,BTC/USD,2025-12-15 19:00:00,87034.4,87947.0,88145.36981,85178.58,0.0,0.0,5358.12,463516769.146,1.0471228851908068,87035.63
CC.BTCUSD,BTC/USD,2025-12-16 19:00:00,87953.34,87230.97,90326.89944,86202.55,0.0,0.0,4931.182,433376016.808,-0.8141608013917458,87947.0
CC.BTCUSD,BTC/USD,2025-12-17 19:00:00,87230.97,88437.87945,89437.37628,85300.01,0.0,0.0,6920.243,602831114.699,1.3835790774767172,87230.97
CC.BTCUSD,BTC/USD,2025-12-18 19:00:00,88459.07,87935.06,89353.1352,84424.54,0.0,0.0,7715.426,669247626.354,-0.5685566559567654,88437.87945
CC.BTCUSD,BTC/USD,2025-12-19 19:00:00,87915.76,88150.03,88814.05052,86814.51,0.0,0.0,2644.921,232605963.138,0.2444644945940802,87935.06
CC.BTCUSD,BTC/USD,2025-12-20 19:00:00,88156.98136,88041.47,89044.80446,87586.09,0.0,0.0,1629.351,143887473.848,-0.12315367334531557,88150.03
CC.BTCUSD,BTC/USD,2025-12-21 19:00:00,88040.43,89703.16,90546.4229,87882.20455,0.0,0.0,4160.547,371456635.059,1.88739465617737,88041.47
CC.BTCUSD,BTC/USD,2025-12-22 19:00:00,89701.56,87418.64,90073.38,86561.27,0.0,0.0,4740.386,417685599.734,-2.5467553205483555,89703.16
CC.BTCUSD,BTC/USD,2025-12-23 19:00:00,87406.46,86983.43,88314.97,86372.9,0.0,0.0,4042.126,353086786.871,-0.4978457683624527,87418.64
CC.BTCUSD,BTC/USD,2025-12-24 19:00:00,86981.64,88288.22,88539.21047,86878.97,0.0,0.0,1754.985,153783492.054,1.5000443187857828,86983.43
CC.BTCUSD,BTC/USD,2025-12-25 19:00:00,88309.55001,87068.82,89487.33,86609.27,0.0,0.0,3796.808,334666889.674,-1.3811582111407321,88288.22
CC.BTCUSD,BTC/USD,2025-12-26 19:00:00,87067.74,87513.77999,87714.09,86750.64,0.0,0.0,1469.713,128382365.626,0.5110440109329476,87068.82
CC.BTCUSD,BTC/USD,2025-12-27 19:00:00,87521.51999,87775.04041,88036.82653,87401.86,0.0,0.0,943.328,82788825.9,0.29853632197107655,87513.77999
CC.BTCUSD,BTC/USD,2025-12-28 19:00:00,87776.75092,87592.34,90299.82,86705.98,0.0,0.0,4635.466,409604271.1,-0.2081461986763042,87775.04041
CC.BTCUSD,BTC/USD,2025-12-29 19:00:00,87590.81,88899.84,89037.39,86745.29,0.0,0.0,3864.168,339158297.321,1.49271043563855,87592.34
CC.BTCUSD,BTC/USD,2025-12-30 19:00:00,88906.37,87813.8,89295.00294,87650.38001,0.0,0.0,3093.216,273575734.696,-1.221644493398406,88899.84
CC.BTCUSD,BTC/USD,2025-12-31 19:00:00,87819.08,87913.19,87978.57,87100.00001,0.0,0.0,2591.26,227014957.983,0.11318266605021012,87813.8
CC.BTCUSD,BTC/USD,2026-01-01 19:00:00,87901.2735,89311.46478,90000.0,87758.85629,0.0,0.0,3706.656,330043516.767,1.5905176231234386,87913.19
CC.BTCUSD,BTC/USD,2026-01-02 19:00:00,89306.05759,89902.96,90868.65,89106.42104,0.0,0.0,3141.937,283146786.609,0.6622836401317969,89311.46478
CC.BTCUSD,BTC/USD,2026-01-03 19:00:00,89902.96,91275.21,91745.82,89845.91084,0.0,0.0,2281.419,207672533.044,1.5263679861041282,89902.96
CC.BTCUSD,BTC/USD,2026-01-04 19:00:00,91275.0302,93909.87,93939.29,90817.88,0.0,0.0,4532.58,419479391.519,2.886501164993199,91275.21
CC.BTCUSD,BTC/USD,2026-01-05 19:00:00,93907.27775,93603.4,94755.31,93113.79,0.0,0.0,4378.043,410773019.507,-0.3263448240318096,93909.87
CC.BTCUSD,BTC/USD,2026-01-06 19:00:00,93603.65,91279.09,93792.03,90963.77,0.0,0.0,5182.635,478541782.124,-2.4831469797037267,93603.4
CC.BTCUSD,BTC/USD,2026-01-07 19:00:00,91267.33,90698.15,91711.08,89223.14,0.0,0.0,3778.159,342235038.824,-0.6364436805844607,91279.09
CC.BTCUSD,BTC/USD,2026-01-08 19:00:00,90681.62,91080.78,91927.21,89601.24,0.0,0.0,4785.805,434662805.994,0.42187189044098994,90698.15
CC.BTCUSD,BTC/USD,2026-01-09 19:00:00,91081.79,90532.04,91681.62,90016.32,0.0,0.0,1821.74,165258879.02,-0.6024761755443961,91080.78
CC.BTCUSD,BTC/USD,2026-01-10 19:00:00,90532.05,90757.68494,91079.96981,90300.01,0.0,0.0,789.053,71539159.954,0.24924318506466095,90532.04
CC.BTCUSD,BTC/USD,2026-01-11 19:00:00,90760.37685,91531.82,92381.70312,90011.28,0.0,0.0,3273.956,298110495.914,0.8529691568397563,90757.68494
CC.BTCUSD,BTC/USD,2026-01-12 19:00:00,91556.6,93349.1,93354.06,90856.57,0.0,0.0,4817.861,443124702.717,1.9854079160667826,91531.82
CC.BTCUSD,BTC/USD,2026-01-13 19:00:00,93356.29286,96710.59,97000.0,92994.83,0.0,0.0,9510.694,903405325.325,3.6009881187927792,93349.1
CC.BTCUSD,BTC/USD,2026-01-14 19:00:00,96716.76,96728.85,97899.99,95418.02,0.0,0.0,6379.85,617942515.821,0.01888107600213101,96710.59
CC.BTCUSD,BTC/USD,2026-01-15 19:00:00,96708.29,94541.37,97044.95,94255.79,0.0,0.0,4156.186,397258542.519,-2.2614556050237447,96728.85
CC.BTCUSD,BTC/USD,2026-01-16 19:00:00,94546.33395,95543.86901,95640.65633,94472.81,0.0,0.0,1876.909,178618022.166,1.0603813018575885,94541.37
CC.BTCUSD,BTC/USD,2026-01-17 19:00:00,95538.34,95076.29,95538.34,94844.05,0.0,0.0,1105.653,105175660.864,-0.4893867234443506,95543.86901
CC.BTCUSD,BTC/USD,2026-01-18 19:00:00,95074.7,92999.99999,95485.78999,92116.0,0.0,0.0,3415.645,318584160.339,-2.1838147134264463,95076.29
CC.BTCUSD,BTC/USD,2026-01-19 19:00:00,93000.0,90583.65161,93362.29675,89785.93147,0.0,0.0,4208.092,385011317.534,-2.5982240647955037,92999.99999
CC.BTCUSD,BTC/USD,2026-01-20 19:00:00,90583.7521,90217.63743,90862.57908,87793.89015,0.0,0.0,7312.829,653035755.684,-0.4040620724541337,90583.65161
CC.BTCUSD,BTC/USD,2026-01-21 19:00:00,90219.10599,88918.77,90387.30821,87207.02,0.0,0.0,5247.082,468451840.355,-1.439704548911283,90217.63743
CC.BTCUSD,BTC/USD,2026-01-22 19:00:00,88933.23463,89668.75506,89997.85917,88494.11,0.0,0.0,4098.866,366101594.17,0.8434496563548863,88918.77
CC.BTCUSD,BTC/USD,2026-01-23 19:00:00,89660.16,89159.45,91135.36663,89069.86,0.0,0.0,2886.631,259553133.605,-0.5679849794493163,89668.75506
CC.BTCUSD,BTC/USD,2026-01-24 19:00:00,89168.37084,88336.42,89360.32551,88000.89,0.0,0.0,1964.138,174454403.113,-0.9230990096955497,89159.45
CC.BTCUSD,BTC/USD,2026-01-25 19:00:00,88330.56674,87548.13572,88768.37609,86108.01,0.0,0.0,5908.547,516376392.375,-0.8923661158104353,88336.42
CC.BTCUSD,BTC/USD,2026-01-26 19:00:00,87551.42113,87925.07825,88888.44926,86953.39,0.0,0.0,3454.784,304232303.598,0.4305546050752619,87548.13572
CC.BTCUSD,BTC/USD,2026-01-27 19:00:00,87920.50617,89354.22,90343.11902,87212.6763,0.0,0.0,3770.64,335684971.873,1.6254085619764518,87925.07825
CC.BTCUSD,BTC/USD,2026-01-28 19:00:00,89362.91,84775.95659,90446.72047,84237.73001,0.0,0.0,5153.26,452842658.023,-5.123723770405023,89354.22
CC.BTCUSD,BTC/USD,2026-01-29 19:00:00,84771.10487,82778.36,85486.11,81000.0,0.0,0.0,8779.441,730658584.726,-2.3563244466363633,84775.95659
CC.BTCUSD,BTC/USD,2026-01-30 19:00:00,82761.38,81189.71,84507.9764,80731.16488,0.0,0.0,5722.618,474742880.172,-1.9191609981159257,82778.36
CC.BTCUSD,BTC/USD,2026-01-31 19:00:00,81180.4523,77533.41,82061.04185,75668.0,0.0,0.0,10137.482,796354812.366,-4.503403202203829,81189.71
CC.BTCUSD,BTC/USD,2026-02-01 19:00:00,77522.97,78792.92811,79261.33545,74566.7,0.0,0.0,12469.601,958238265.005,1.6244843481023084,77533.41
CC.BTCUSD,BTC/USD,2026-02-02 19:00:00,78801.62144,78074.84,79236.36834,77020.31068,0.0,0.0,6375.868,499679528.123,-0.9113611173295906,78792.92811
CC.BTCUSD,BTC/USD,2026-02-03 19:00:00,78078.29999,74010.84,78083.47241,72888.0,0.0,0.0,11423.516,861141634.934,-5.205262028074602,78074.84
CC.BTCUSD,BTC/USD,2026-02-04 19:00:00,74021.436,67406.58575,74118.05242,66619.0,0.0,0.0,17314.235,1231061059.398,-8.923360753640951,74010.84
CC.BTCUSD,BTC/USD,2026-02-05 19:00:00,67412.58179,68585.75,69139.32327,59987.64762,0.0,0.0,20273.235,1318605958.257,1.7493309249831002,67406.58575
CC.BTCUSD,BTC/USD,2026-02-06 19:00:00,68585.51612,69093.84983,71681.3735,67322.82,0.0,0.0,12938.181,902383918.808,0.7408241945302143,68585.75
CC.BTCUSD,BTC/USD,2026-02-07 19:00:00,69097.96805,71121.47923,71499.99999,68552.72,0.0,0.0,4433.426,310093462.134,2.9346018567337233,69093.84983
CC.BTCUSD,BTC/USD,2026-02-08 19:00:00,71133.97342,69561.1891,71478.78708,68281.04,0.0,0.0,7437.391,521334980.426,-2.193838130045308,71121.47923
CC.BTCUSD,BTC/USD,2026-02-09 19:00:00,69561.8,69256.08373,71101.45167,67890.52786,0.0,0.0,7071.844,492019595.476,-0.43861436808015225,69561.1891
CC.BTCUSD,BTC/USD,2026-02-10 19:00:00,69243.61705,66534.58867,69958.55342,65789.0,0.0,0.0,8880.558,601419094.709,-3.9296115423013993,69256.08373
CC.BTCUSD,BTC/USD,2026-02-11 19:00:00,66543.99999,67093.27482,68396.83944,65902.69826,0.0,0.0,6847.482,460959287.124,0.8396927991409022,66534.58867
CC.BTCUSD,BTC/USD,2026-02-12 19:00:00,67116.76331,68632.28328,69272.6542,65142.51553,0.0,0.0,7946.183,529416605.473,2.293834164644517,67093.27482
CC.BTCUSD,BTC/USD,2026-02-13 19:00:00,68669.65327,69762.26805,70533.81928,68522.91041,0.0,0.0,4427.998,307071291.171,1.646433305140064,68632.28328
CC.BTCUSD,BTC/USD,2026-02-14 19:00:00,69764.36709,69054.05059,70931.53,68753.29465,0.0,0.0,3946.834,275760342.179,-1.0151869768517365,69762.26805
CC.BTCUSD,BTC/USD,2026-02-15 19:00:00,69049.33217,67500.29843,70080.50071,67262.20477,0.0,0.0,4891.152,335665134.997,-2.25005216453589,69054.05059
CC.BTCUSD,BTC/USD,2026-02-16 19:00:00,67495.9394,67357.72,69213.75135,66596.5457,0.0,0.0,4673.232,318197648.699,-0.21122636983279797,67500.29843
CC.BTCUSD,BTC/USD,2026-02-17 19:00:00,67361.84,67672.5802,68422.97847,66700.00001,0.0,0.0,5069.441,342668862.573,0.467444860069485,67357.72
CC.BTCUSD,BTC/USD,2026-02-18 19:00:00,67667.11679,66380.26,67667.11679,65500.0,0.0,0.0,6996.693,465786309.528,-1.9096659181320856,67672.5802
CC.BTCUSD,BTC/USD,2026-02-19 19:00:00,66377.87982,67577.76162,68275.27439,65888.00001,0.0,0.0,7237.005,486076014.013,1.804002605593907,66380.26
CC.BTCUSD,BTC/USD,2026-02-20 19:00:00,67570.17,68618.11294,68673.38853,66948.63,0.0,0.0,4541.042,307933839.637,1.5394876880504784,67577.76162
CC.BTCUSD,BTC/USD,2026-02-21 19:00:00,68605.40917,67664.54,68634.04,67295.42,0.0,0.0,2871.941,195383980.565,-1.3896810902302448,68618.11294
CC.BTCUSD,BTC/USD,2026-02-22 19:00:00,67649.16221,65657.69,67717.86,64290.35607,0.0,0.0,8463.061,557298515.225,-2.965881390755027,67664.54
CC.BTCUSD,BTC/USD,2026-02-23 19:00:00,65650.01,63997.60392,65737.29026,62628.0,0.0,0.0,11161.129,713914572.646,-2.5283955009687378,65657.69
CC.BTCUSD,BTC/USD,2026-02-24 19:00:00,63986.33,67423.15254,67581.5213,63708.71,0.0,0.0,10430.251,682797366.275,5.35262011415629,63997.60392
CC.BTCUSD,BTC/USD,2026-02-25 19:00:00,67432.70843,67379.87526,70064.5333,66789.33221,0.0,0.0,11653.793,797055955.484,-0.06418756520517156,67423.15254
CC.BTCUSD,BTC/USD,2026-02-26 19:00:00,67382.77644,66113.49,68212.17629,65668.45,0.0,0.0,8682.84,581928339.94,-1.8794710662692247,67379.87526
CC.BTCUSD,BTC/USD,2026-02-27 19:00:00,66108.47691,64851.2,66115.44,63027.42273,0.0,0.0,10511.777,679630727.954,-1.9092775165855078,66113.49
CC.BTCUSD,BTC/USD,2026-02-28 19:00:00,64850.79232,66842.9,68201.58121,64691.5,0.0,0.0,9378.659,626080147.211,3.071184496200529,64851.2
CC.BTCUSD,BTC/USD,2026-03-01 19:00:00,66844.00703,69111.53,69595.75,65054.68168,0.0,0.0,11063.223,735800328.267,3.393973032289151,66842.9
CC.BTCUSD,BTC/USD,2026-03-02 19:00:00,69117.05725,67723.03411,70089.72177,66147.00001,0.0,0.0,10977.022,750635203.099,-2.009065477207646,69111.53
CC.BTCUSD,BTC/USD,2026-03-03 19:00:00,67713.8553,73402.85841,73479.19,67398.81777,0.0,0.0,12669.676,882760579.021,8.386842637284209,67723.03411
CC.BTCUSD,BTC/USD,2026-03-04 19:00:00,73412.67,71651.2567,74058.4548,71191.0,0.0,0.0,11300.447,823007652.811,-2.3862854225869956,73402.85841
CC.BTCUSD,BTC/USD,2026-03-05 19:00:00,71649.6865,68513.0695,71649.6865,68173.40233,0.0,0.0,7565.159,532999616.188,-4.379807618922056,71651.2567
CC.BTCUSD,BTC/USD,2026-03-06 19:00:00,68506.14923,67893.54999,68791.73,67453.00474,0.0,0.0,3451.253,235085301.278,-0.9042355196186301,68513.0695
CC.BTCUSD,BTC/USD,2026-03-07 19:00:00,67891.1,67203.11205,68184.08,66555.91604,0.0,0.0,3582.132,241083254.49,-1.0169418745988354,67893.54999
CC.BTCUSD,BTC/USD,2026-03-08 20:00:00,67213.59587,68894.76,69474.31356,65632.87,0.0,0.0,7309.067,492930320.557,2.5172166859495886,67203.11205
CC.BTCUSD,BTC/USD,2026-03-09 20:00:00,68899.01846,71353.65,71784.07892,68257.69,0.0,0.0,7779.073,543146045.307,3.569052276254391,68894.76
CC.BTCUSD,BTC/USD,2026-03-10 20:00:00,71350.20114,70225.45,71701.82533,68995.59,0.0,0.0,7385.637,518016910.428,-1.5811384561266275,71353.65
CC.BTCUSD,BTC/USD,2026-03-11 20:00:00,70225.58,70343.88557,71316.21,69230.94,0.0,0.0,6611.052,464032015.349,0.1686504963656359,70225.45
CC.BTCUSD,BTC/USD,2026-03-12 20:00:00,70341.32491,71860.09435,73899.2728,69789.27561,0.0,0.0,7547.552,540175876.725,2.1554236984694346,70343.88557
CC.BTCUSD,BTC/USD,2026-03-13 20:00:00,71858.2165,70606.53,72241.14371,70327.46913,0.0,0.0,4466.443,317564423.737,-1.7444512999028654,71860.09435
CC.BTCUSD,BTC/USD,2026-03-14 20:00:00,70603.78577,71496.61689,71938.0,70523.49235,0.0,0.0,2441.996,174186743.327,1.260629703796527,70606.53
CC.BTCUSD,BTC/USD,2026-03-15 20:00:00,71491.73381,73279.84144,74498.99999,71334.52204,0.0,0.0,6684.862,489265385.427,2.494138362859254,71496.61689
CC.BTCUSD,BTC/USD,2026-03-16 20:00:00,73268.76592,73930.71,75989.27477,73167.46945,0.0,0.0,6689.919,497321244.04,0.888195917471956,73279.84144
CC.BTCUSD,BTC/USD,2026-03-17 20:00:00,73928.82,71473.45322,74806.67,70854.07443,0.0,0.0,4760.843,349200054.991,-3.323729448831224,73930.71
CC.BTCUSD,BTC/USD,2026-03-18 20:00:00,71462.85879,69410.16791,71985.74853,68802.01959,0.0,0.0,5531.754,389359520.942,-2.8867855365111073,71473.45322
CC.BTCUSD,BTC/USD,2026-03-19 20:00:00,69406.35615,69836.17,71349.43959,69127.66124,0.0,0.0,5036.175,353619050.547,0.6137459436092502,69410.16791
CC.BTCUSD,BTC/USD,2026-03-20 20:00:00,69837.83583,70635.77001,71073.61984,69374.08525,0.0,0.0,2599.824,182923813.842,1.144965438396743,69836.17
CC.BTCUSD,BTC/USD,2026-03-21 20:00:00,70635.77,68832.43,70635.77,68100.00001,0.0,0.0,3595.149,248765495.129,-2.553012460605581,70635.77001
CC.BTCUSD,BTC/USD,2026-03-22 20:00:00,68834.32081,70106.22412,71774.65,67350.99698,0.0,0.0,7240.33,502345685.073,1.8505726443189732,68832.43
CC.BTCUSD,BTC/USD,2026-03-23 20:00:00,70110.32457,69863.69791,71379.6158,69500.00001,0.0,0.0,4656.38,328768540.422,-0.3459410530866234,70106.22412
CC.BTCUSD,BTC/USD,2026-03-24 20:00:00,69855.0961,70821.41906,71993.84025,68901.18,0.0,0.0,4534.121,320103728.485,1.3708423382251476,69863.69791
CC.BTCUSD,BTC/USD,2026-03-25 20:00:00,70819.41766,69046.73,71723.84,68600.00001,0.0,0.0,4173.266,292255714.138,-2.5058648690680503,70821.41906
CC.BTCUSD,BTC/USD,2026-03-26 20:00:00,69045.23997,66125.59,69425.88229,65702.59,0.0,0.0,5898.299,399505209.9,-4.230671025260717,69046.73
CC.BTCUSD,BTC/USD,2026-03-27 20:00:00,66089.15,66960.25091,67243.04543,65510.24891,0.0,0.0,3257.23,215447559.302,1.2622358605798543,66125.59
CC.BTCUSD,BTC/USD,2026-03-28 20:00:00,66963.57965,66469.62,67069.90651,66251.19369,0.0,0.0,2059.909,137313634.942,-0.7327196408798629,66960.25091
CC.BTCUSD,BTC/USD,2026-03-29 20:00:00,66471.82338,67559.58218,68100.95346,65000.0,0.0,0.0,6090.653,407762633.967,1.6397899972950083,66469.62
CC.BTCUSD,BTC/USD,2026-03-30 20:00:00,67562.90161,66659.99,68349.46505,65942.10376,0.0,0.0,4527.563,303348229.915,-1.331553794402096,67559.58218
CC.BTCUSD,BTC/USD,2026-03-31 20:00:00,66660.0,68888.12425,69256.49999,66660.0,0.0,0.0,3766.617,256871022.291,3.342536129993401,66659.99
CC.BTCUSD,BTC/USD,2026-04-01 20:00:00,68881.72,66832.78802,69130.27,65700.88814,0.0,0.0,3744.093,251862746.416,-2.98358570853377,68888.12425
CC.BTCUSD,BTC/USD,2026-04-02 20:00:00,66832.46709,66836.34,67408.74,66288.77,0.0,0.0,1773.067,118551739.944,0.005314726656213003,66832.78802
CC.BTCUSD,BTC/USD,2026-04-03 20:00:00,66835.34,67382.67185,67539.91717,66774.93767,0.0,0.0,1070.42,71675795.935,0.81741736606164,66836.34
CC.BTCUSD,BTC/USD,2026-04-04 20:00:00,67383.8793,67291.41191,67836.63285,66612.15,0.0,0.0,1156.737,77670056.026,-0.13543532408919096,67382.67185
CC.BTCUSD,BTC/USD,2026-04-05 20:00:00,67299.7667,69941.84872,70266.13902,67172.26,0.0,0.0,2661.619,183600199.745,3.93874453629368,67291.41191
CC.BTCUSD,BTC/USD,2026-04-06 20:00:00,69953.64627,68155.97,70358.89903,67725.46226,0.0,0.0,2377.558,163772601.809,-2.5533764873008256,69941.84872
CC.BTCUSD,BTC/USD,2026-04-07 20:00:00,68152.88282,71285.34298,72818.02,68087.53224,0.0,0.0,4730.639,336354684.27,4.591487700930674,68155.97
CC.BTCUSD,BTC/USD,2026-04-08 20:00:00,71279.34128,72131.29,72338.5,70458.49814,0.0,0.0,2260.287,161078327.054,1.1867054076422603,71285.34298
CC.BTCUSD,BTC/USD,2026-04-09 20:00:00,72150.88,72451.14763,73298.61752,71441.04,0.0,0.0,3855.761,278799083.427,0.44343811125520316,72131.29
CC.BTCUSD,BTC/USD,2026-04-10 20:00:00,72454.79662,72896.99,73444.74623,72413.20668,0.0,0.0,2535.647,184979029.398,0.6153696450425687,72451.14763
CC.BTCUSD,BTC/USD,2026-04-11 20:00:00,72891.48,70908.42999,73799.99999,70637.63898,0.0,0.0,2157.917,155805223.101,-2.7279041425441584,72896.99
CC.BTCUSD,BTC/USD,2026-04-12 20:00:00,70900.13748,71869.64,72467.74,70511.76273,0.0,0.0,3269.747,233314299.785,1.3555652129592373,70908.42999
CC.BTCUSD,BTC/USD,2026-04-13 20:00:00,71869.27553,75337.36,76060.35247,71681.54646,0.0,0.0,7051.635,522427009.857,4.825013733198054,71869.64
CC.BTCUSD,BTC/USD,2026-04-14 20:00:00,75329.22238,73840.61,75698.76347,73528.96307,0.0,0.0,4742.938,352987559.629,-1.9867300898252873,75337.36
CC.BTCUSD,BTC/USD,2026-04-15 20:00:00,73836.91352,74710.71073,75415.39,73311.69378,0.0,0.0,2633.919,196358088.92,1.1783498673697381,73840.61
CC.BTCUSD,BTC/USD,2026-04-16 20:00:00,74717.18,77800.5,78059.73,73920.11725,0.0,0.0,4237.897,322749169.437,4.135671096968018,74710.71073
CC.BTCUSD,BTC/USD,2026-04-17 20:00:00,77793.3793,76174.92,78349.55164,75800.01,0.0,0.0,2284.71,176403649.92,-2.0894210191451235,77800.5
CC.BTCUSD,BTC/USD,2026-04-18 20:00:00,76171.14991,75848.19,76226.82,74841.70412,0.0,0.0,2497.076,188449804.993,-0.4289206998838935,76174.92
CC.BTCUSD,BTC/USD,2026-04-19 20:00:00,75853.87,75735.07621,75863.73,73800.0,0.0,0.0,3016.749,225586712.243,-0.1491318250310298,75848.19
CC.BTCUSD,BTC/USD,2026-04-20 20:00:00,75719.16,75824.61,76906.31351,75317.55,0.0,0.0,2810.501,214016783.458,0.11821971334885822,75735.07621
CC.BTCUSD,BTC/USD,2026-04-21 20:00:00,75833.97796,79312.37647,79399.99999,74822.74555,0.0,0.0,3585.082,277841358.905,4.599781614438903,75824.61
CC.BTCUSD,BTC/USD,2026-04-22 20:00:00,79315.80794,78396.89,79471.03747,77204.27265,0.0,0.0,2263.918,177070514.657,-1.154279458952144,79312.37647
CC.BTCUSD,BTC/USD,2026-04-23 20:00:00,78397.32595,78053.38497,78577.26872,77000.00001,0.0,0.0,2447.535,190835931.723,-0.4381615520717726,78396.89
CC.BTCUSD,BTC/USD,2026-04-24 20:00:00,78056.72199,77351.03,78070.45238,77274.20907,0.0,0.0,1062.628,82481677.307,-0.8998392193624302,78053.38497
CC.BTCUSD,BTC/USD,2026-04-25 20:00:00,77338.35494,78047.43,78217.55059,77169.96225,0.0,0.0,990.612,77033281.582,0.9003112175752466,77351.03
CC.BTCUSD,BTC/USD,2026-04-26 20:00:00,78054.27776,76786.59,79489.79749,76580.6163,0.0,0.0,2992.037,233842400.163,-1.6154792028385774,78047.43
CC.BTCUSD,BTC/USD,2026-04-27 20:00:00,76775.27001,76038.90185,77458.44,75672.2,0.0,0.0,2050.882,157212978.607,-0.9737222996880077,76786.59
CC.BTCUSD,BTC/USD,2026-04-28 20:00:00,76043.54133,75893.01099,77879.54815,75698.95,0.0,0.0,2371.376,181883633.969,-0.19186344943249536,76038.90185
CC.BTCUSD,BTC/USD,2026-04-29 20:00:00,75879.29617,76448.83,76620.8166,74928.01711,0.0,0.0,2370.611,179785239.141,0.732371799128175,75893.01099
CC.BTCUSD,BTC/USD,2026-04-30 20:00:00,76446.33737,78434.48,78893.79107,76080.94,0.0,0.0,2194.955,169796868.624,2.5973582591126565,76448.83
CC.BTCUSD,BTC/USD,2026-05-01 20:00:00,78435.00567,78472.94448,78650.05493,77755.47,0.0,0.0,1299.966,101740563.857,0.049040269024553544,78434.48
CC.BTCUSD,BTC/USD,2026-05-02 20:00:00,78473.74659,78636.27,79152.13553,78054.76647,0.0,0.0,926.005,72730980.765,0.20812972048171893,78472.94448
CC.BTCUSD,BTC/USD,2026-05-03 20:00:00,78638.4941,79997.63,80574.03,78168.47398,0.0,0.0,4095.478,325474253.24,1.731211309997283,78636.27
CC.BTCUSD,BTC/USD,2026-05-04 20:00:00,79987.42686,81516.81,81673.9,79595.4699,0.0,0.0,2637.184,212974255.2,1.899031258801033,79997.63
CC.BTCUSD,BTC/USD,2026-05-05 20:00:00,81521.85361,81675.62855,82817.99999,80745.47,0.0,0.0,3374.295,275615635.477,0.1948292014861675,81516.81
CC.BTCUSD,BTC/USD,2026-05-06 20:00:00,81666.51376,79894.73694,81841.96,79730.42254,0.0,0.0,2323.896,187972671.557,-2.1804443279059305,81675.62855
CC.BTCUSD,BTC/USD,2026-05-07 20:00:00,79890.15517,80130.79844,80497.99999,79194.68,0.0,0.0,2335.24,186566475.312,0.29546564522425994,79894.73694
CC.BTCUSD,BTC/USD,2026-05-08 20:00:00,80138.04785,80508.94,80689.56992,79738.18,0.0,0.0,1221.484,98000123.673,0.4719053938831608,80130.79844
CC.BTCUSD,BTC/USD,2026-05-09 20:00:00,80535.8639,81399.99999,81399.99999,80493.16,0.0,0.0,662.302,53492706.017,1.1067839049924073,80508.94
CC.BTCUSD,BTC/USD,2026-05-10 20:00:00,81400.0,81388.46003,82131.76156,80266.05505,0.0,0.0,1694.783,137648976.281,-0.014176855038590041,81399.99999
CC.BTCUSD,BTC/USD,2026-05-11 20:00:00,81398.63777,80306.83545,82091.19084,80156.05696,0.0,0.0,2986.881,242624412.343,-1.3289655309872108,81388.46003
CC.BTCUSD,BTC/USD,2026-05-12 20:00:00,80299.00001,78801.00237,81254.99999,78775.35241,0.0,0.0,2049.745,164484090.103,-1.8750995124662166,80306.83545
CC.BTCUSD,BTC/USD,2026-05-13 20:00:00,78794.79129,81261.25027,81289.55,78727.2064,0.0,0.0,3155.859,251633559.797,3.1221022905879083,78801.00237
CC.BTCUSD,BTC/USD,2026-05-14 20:00:00,81283.86,79117.3064,82000.0,78608.62055,0.0,0.0,4016.202,325296082.05,-2.638334831025241,81261.25027
CC.BTCUSD,BTC/USD,2026-05-15 20:00:00,79110.40282,78217.27,79499.99,77627.22,0.0,0.0,1640.324,128955040.973,-1.1375973740177752,79117.3064
CC.BTCUSD,BTC/USD,2026-05-16 20:00:00,78200.89217,78019.11,78563.30097,77704.96531,0.0,0.0,813.27,63532526.625,-0.253345584677148,78217.27
CC.BTCUSD,BTC/USD,2026-05-17 20:00:00,78022.08367,76340.43862,78431.207,76000.0,0.0,0.0,2860.737,220431973.481,-2.1516156490377805,78019.11
CC.BTCUSD,BTC/USD,2026-05-18 20:00:00,76343.53463,76436.3764,77334.09,76089.06,0.0,0.0,2167.074,166342686.435,0.12567098347121458,76340.43862
CC.BTCUSD,BTC/USD,2026-05-19 20:00:00,76447.55361,77375.0,77767.07534,76349.75,0.0,0.0,2809.348,216699669.102,1.22798024214032,76436.3764
CC.BTCUSD,BTC/USD,2026-05-20 20:00:00,77375.0,77170.51,78096.64944,76660.32377,0.0,0.0,2389.247,185223044.355,-0.26428432956381936,77375.0
CC.BTCUSD,BTC/USD,2026-05-21 20:00:00,77171.86,76704.19,77992.29423,76500.16696,0.0,0.0,2340.525,181161868.878,-0.6042722796570769,77170.51
CC.BTCUSD,BTC/USD,2026-05-22 20:00:00,76700.82473,75420.5494,76995.26474,74200.67775,0.0,0.0,2941.045,221817628.142,-1.673494759543121,76704.19
CC.BTCUSD,BTC/USD,2026-05-23 20:00:00,75422.99837,76276.36,77424.8133,75294.73,0.0,0.0,2422.785,185725230.03,1.1347180666387415,75420.5494
CC.BTCUSD,BTC/USD,2026-05-24 20:00:00,76277.72327,77561.8,77824.09064,76022.94228,0.0,0.0,2082.478,160624320.952,1.6852403549409047,76276.36
CC.BTCUSD,BTC/USD,2026-05-25 20:00:00,77562.57,76422.77767,77987.99999,76200.00001,0.0,0.0,2755.071,212261860.799,-1.4685351938712188,77561.8
CC.BTCUSD,BTC/USD,2026-05-26 20:00:00,76416.01875,75191.76,76600.59019,74648.32531,0.0,0.0,3137.347,237585866.047,-1.6107994337966085,76422.77767
CC.BTCUSD,BTC/USD,2026-05-27 20:00:00,75189.84297,72795.59765,75264.86869,72475.69328,0.0,0.0,4504.189,331628199.67,-3.1867352885475735,75191.76
CC.BTCUSD,BTC/USD,2026-05-28 20:00:00,72794.88878,73687.28,74067.16307,72400.0,0.0,0.0,3157.925,231862796.304,1.2249124655685861,72795.59765
CC.BTCUSD,BTC/USD,2026-05-29 20:00:00,73693.0705,73808.39075,74223.62931,73077.70834,0.0,0.0,2032.303,149741569.782,0.16435774261176028,73687.28
CC.BTCUSD,BTC/USD,2026-05-30 20:00:00,73815.86253,73550.79666,74150.69045,73408.64,0.0,0.0,1416.556,104686830.871,-0.3490038021185263,73808.39075
CC.BTCUSD,BTC/USD,2026-05-31 20:00:00,73550.44,70979.95,73969.88888,70960.0,0.0,0.0,3926.583,284656055.251,-3.4953348933583253,73550.79666
CC.BTCUSD,BTC/USD,2026-06-01 20:00:00,71006.20505,67197.1,71672.66863,66967.27755,0.0,0.0,6860.94,477582246.339,-5.329462756736221,70979.95
CC.BTCUSD,BTC/USD,2026-06-02 20:00:00,67197.1,66000.0,68014.15177,65374.32823,0.0,0.0,7699.01,514735314.232,-1.7814756886830023,67197.1
CC.BTCUSD,BTC/USD,2026-06-03 20:00:00,66004.96314,63837.15465,66261.44548,61320.00001,0.0,0.0,11753.606,751070151.29,-3.277038409090914,66000.0
CC.BTCUSD,BTC/USD,2026-06-04 20:00:00,63835.78848,60410.0,64064.09775,60014.44,0.0,0.0,11676.84,729415585.124,-5.368589293789893,63837.15465
CC.BTCUSD,BTC/USD,2026-06-05 20:00:00,60407.60608,60760.11989,61972.82461,59111.0,0.0,0.0,7003.553,425529994.376,0.5795727363019397,60410.0
CC.BTCUSD,BTC/USD,2026-06-06 20:00:00,60755.83732,62091.03616,62943.99962,60381.45,0.0,0.0,3889.37,239635692.919,2.1904437851825995,60760.11989
CC.BTCUSD,BTC/USD,2026-06-07 20:00:00,62099.35578,63729.33993,64291.71678,61172.64,0.0,0.0,5901.631,372601452.821,2.6385511843904754,62091.03616
CC.BTCUSD,BTC/USD,2026-06-08 20:00:00,63737.89951,61104.20031,63994.61309,61003.69,0.0,0.0,5097.205,319682472.748,-4.11920101931613,63729.33993
CC.BTCUSD,BTC/USD,2026-06-09 20:00:00,61100.53,62571.55095,62784.28589,60754.65,0.0,0.0,4949.926,304918840.215,2.401390792377096,61104.20031
CC.BTCUSD,BTC/USD,2026-06-10 20:00:00,62574.3643,62667.80515,63176.77337,61044.03505,0.0,0.0,4086.931,254575626.312,0.15383061237673068,62571.55095
CC.BTCUSD,BTC/USD,2026-06-11 20:00:00,62671.69305,63533.00291,64319.63763,62268.31,0.0,0.0,3407.103,216181919.915,1.380609641472345,62667.80515
CC.BTCUSD,BTC/USD,2026-06-12 20:00:00,63541.42289,64264.94889,64292.44122,63364.94,0.0,0.0,2143.783,136704533.598,1.1520720672323037,63533.00291
CC.BTCUSD,BTC/USD,2026-06-13 20:00:00,64258.66,63987.61,64719.03703,63836.9,0.0,0.0,1513.436,97250516.227,-0.43155545097329817,64264.94889
CC.BTCUSD,BTC/USD,2026-06-14 20:00:00,63987.38,67224.71554,67240.26233,63644.56,0.0,0.0,3876.074,254778666.077,5.058956788665812,63987.61
CC.BTCUSD,BTC/USD,2026-06-15 20:00:00,67228.39,65809.56,67230.53041,65308.58,0.0,0.0,3392.312,224919425.891,-2.105111979474219,67224.71554
CC.BTCUSD,BTC/USD,2026-06-16 20:00:00,65813.44578,65688.23,66170.39627,64505.52,0.0,0.0,2692.75,175998338.117,-0.18436531105815288,65809.56
CC.BTCUSD,BTC/USD,2026-06-17 20:00:00,65696.12888,62294.13593,66375.29109,62225.1788,0.0,0.0,4377.559,281567540.607,-5.166974464070655,65688.23
CC.BTCUSD,BTC/USD,2026-06-18 20:00:00,62294.08,63145.42,63344.40953,62198.35,0.0,0.0,3402.089,213382825.122,1.3665557075173025,62294.13593
CC.BTCUSD,BTC/USD,2026-06-19 20:00:00,63147.51766,64080.42456,64310.44702,62817.47644,0.0,0.0,2031.753,128881613.48,1.4807163528249574,63145.42
CC.BTCUSD,BTC/USD,2026-06-20 20:00:00,64091.28348,64150.21006,64499.99999,63678.61996,0.0,0.0,1365.122,87513439.718,0.10890299257405253,64080.42456
CC.BTCUSD,BTC/USD,2026-06-21 20:00:00,64150.09,64754.70143,65547.29061,63432.01,0.0,0.0,3411.711,219889967.965,0.9423061427774277,64150.21006
CC.BTCUSD,BTC/USD,2026-06-22 20:00:00,64755.0588,62395.50186,64778.61298,61865.51492,0.0,0.0,2846.631,179759883.758,-3.643286924193921,64754.70143
CC.BTCUSD,BTC/USD,2026-06-23 20:00:00,62395.90027,60178.2,63140.14362,60173.4,0.0,0.0,3064.321,189888634.101,-3.5536245304590612,62395.50186
CC.BTCUSD,BTC/USD,2026-06-24 20:00:00,60174.75,59480.72382,61859.54308,58028.15,0.0,0.0,7109.081,426631531.344,-1.1590180164910182,60178.2
CC.BTCUSD,BTC/USD,2026-06-25 20:00:00,59492.25169,60229.16,60636.0,58263.64,0.0,0.0,4879.334,290869472.491,1.2582835781637673,59480.72382
CC.BTCUSD,BTC/USD,2026-06-26 20:00:00,60237.50603,60732.06505,60820.71405,59490.47,0.0,0.0,1916.729,115255262.537,0.8349859934954993,60229.16
CC.BTCUSD,BTC/USD,2026-06-27 20:00:00,60736.06275,59784.61005,60740.36027,59699.69679,0.0,0.0,1055.576,63534650.805,-1.5600572765308833,60732.06505
CC.BTCUSD,BTC/USD,2026-06-28 20:00:00,59789.20741,59725.04277,60683.24003,58829.01,0.0,0.0,3372.836,201231738.064,-0.09963647826787644,59784.61005
CC.BTCUSD,BTC/USD,2026-06-29 20:00:00,59717.9,58280.41878,60576.85433,58120.01,0.0,0.0,3116.751,184959782.011,-2.4187910514576263,59725.04277
CC.BTCUSD,BTC/USD,2026-06-30 20:00:00,58287.51119,60091.41,60465.81,57750.01,0.0,0.0,3298.586,194058252.351,3.107375097691437,58280.41878
CC.BTCUSD,BTC/USD,2026-07-01 20:00:00,60089.32,61543.34467,62099.99999,59530.35,0.0,0.0,3659.258,222743557.047,2.4162100207001216,60091.41
CC.BTCUSD,BTC/USD,2026-07-02 20:00:00,61548.0,61850.65,62314.39,61090.68593,0.0,0.0,2403.754,148346392.127,0.4993315388492402,61543.34467
CC.BTCUSD,BTC/USD,2026-07-03 20:00:00,61850.88493,62865.66,62983.88231,61850.88493,0.0,0.0,1720.686,107659026.681,1.6410660195163704,61850.65
CC.BTCUSD,BTC/USD,2026-07-04 20:00:00,62845.75,62686.04,63384.54,62401.31,0.0,0.0,1256.14,79108727.585,-0.28572037579817444,62865.66
CC.BTCUSD,BTC/USD,2026-07-05 20:00:00,62683.14,63459.21018,63860.60853,61272.807,0.0,0.0,2925.963,183368845.037,1.2334008975523114,62686.04
CC.BTCUSD,BTC/USD,2026-07-06 20:00:00,63477.24874,63870.71487,64617.29521,62614.16,0.0,0.0,3040.804,193238593.385,0.6484554233070059,63459.21018
CC.BTCUSD,BTC/USD,2026-07-07 20:00:00,63873.34064,61637.24,64177.08255,61489.6,0.0,0.0,2158.755,135370783.881,-3.4968684389174824,63870.71487
CC.BTCUSD,BTC/USD,2026-07-08 20:00:00,61638.9591,62816.41273,63213.68972,61627.27,0.0,0.0,2012.817,125781415.478,1.913084898025931,61637.24
CC.BTCUSD,BTC/USD,2026-07-09 20:00:00,62805.83066,63985.14192,64631.26093,62519.06,0.0,0.0,2036.366,129898179.28,1.8605474894331897,62816.41273
CC.BTCUSD,BTC/USD,2026-07-10 20:00:00,63986.84906,64116.64836,64455.44425,63614.95,0.0,0.0,1046.754,67045763.205,0.20552652702469365,63985.14192
CC.BTCUSD,BTC/USD,2026-07-11 20:00:00,64120.44796,64121.53664,64395.92,63604.26,0.0,0.0,842.123,53884889.33,0.007624041688131705,64116.64836
CC.BTCUSD,BTC/USD,2026-07-12 20:00:00,64128.06029,62560.17,64352.5,62060.27177,0.0,0.0,2232.239,140769512.419,-2.43501126425906,64121.53664
CC.BTCUSD,BTC/USD,2026-07-13 20:00:00,62562.79,64677.90368,64901.65267,61767.15,0.0,0.0,2864.709,180512332.592,3.385114970115978,62560.17
CC.BTCUSD,BTC/USD,2026-07-14 20:00:00,64680.86094,65358.16,65512.44,64244.09,0.0,0.0,2606.439,169081176.398,1.0517600003946206,64677.90368
CC.BTCUSD,BTC/USD,2026-07-15 20:00:00,65356.36851,64644.76975,65389.27189,63803.0,0.0,0.0,1835.118,118503725.86,-1.091509078590958,65358.16
CC.BTCUSD,BTC/USD,2026-07-16 20:00:00,64646.63,63389.37448,64648.93,62500.0,0.0,0.0,2337.781,148018296.988,-1.941990473250933,64644.76975
CC.BTCUSD,BTC/USD,2026-07-17 20:00:00,63389.51,64073.85,64318.76305,63263.64,0.0,0.0,931.606,59564911.543,1.079795353109154,63389.37448
CC.BTCUSD,BTC/USD,2026-07-18 20:00:00,64063.69,64509.94795,64903.02676,64043.79,0.0,0.0,1024.634,66160334.781,0.6806176778826355,64073.85
CC.BTCUSD,BTC/USD,2026-07-19 20:00:00,64511.77,65532.12696,65602.39904,63628.25068,0.0,0.0,2331.531,150450288.045,1.5845292741396482,64509.94795
CC.BTCUSD,BTC/USD,2026-07-20 20:00:00,65536.29916,66638.16,66871.34,64990.81461,0.0,0.0,2540.417,167430657.126,1.6877722291466457,65532.12696
CC.BTCUSD,BTC/USD,2026-07-21 20:00:00,66637.54935,66003.4,66695.47,65508.90298,0.0,0.0,2308.938,152680596.405,-0.9525473092294404,66638.16
CC.BTCUSD,BTC/USD,2026-07-22 20:00:00,66002.6915,64900.36,66346.9,64688.01,0.0,0.0,2161.668,141682201.893,-1.6711866358399625,66003.4
CC.BTCUSD,BTC/USD,2026-07-23 20:00:00,64889.69,64023.02,65731.68,63684.05026,0.0,0.0,2286.166,147893061.314,-1.3518260915655995,64900.36
CC.BTCUSD,BTC/USD,2026-07-24 20:00:00,64020.50036,64123.86,64212.94,63750.55087,0.0,0.0,974.791,62448733.009,0.15750584711562152,64023.02
CC.BTCUSD,BTC/USD,2026-07-25 20:00:00,64125.99446,64705.09,64750.37,64063.97,0.0,0.0,635.501,40950566.987,0.9064176735461588,64123.86
CC.BTCUSD,BTC/USD,2026-07-26 20:00:00,64707.70925,64476.88,65663.19343,64349.28,0.0,0.0,2105.952,137132246.689,-0.3526925006981663,64705.09
CC.BTCUSD,BTC/USD,2026-07-27 20:00:00,64477.98774,63852.0,64999.37506,62691.06906,0.0,0.0,2366.575,150901494.636,-0.9691535942806127,64476.88
CC.BTCUSD,BTC/USD,2026-07-28 20:00:00,63847.29538,63875.23,64651.25075,63440.33,0.0,0.0,1778.059,113920514.922,0.03638100607655704,63852.0
CC.BTCUSD,BTC/USD,2026-07-29 20:00:00,63878.38847,64655.18733,65091.0,63203.31927,0.0,0.0,2555.733,163936078.679,1.221063830220255,63875.23
CC.BTCUSD,BTC/USD,2026-07-30 20:00:00,64660.0,62633.22,65340.69028,62387.14991,0.0,0.0,2693.728,172089857.666,-3.1273087489173617,64655.18733
CC.BTCUSD,BTC/USD,2026-07-31 20:00:00,62631.64,62947.26,63222.0,62631.64,0.0,0.0,968.979,61014552.966,0.5013952659626966,62633.22
CC.BTCUSD,BTC/USD,2026-08-01 20:00:00,62942.62,63044.89,63558.0,62222.05,0.0,0.0,1154.95,72724297.33,0.15509809322915305,62947.26
CC.BTCUSD,BTC/USD,2026-08-02 20:00:00,63045.87671,63599.21,63901.29854,62217.04482,0.0,0.0,1930.936,121854557.048,0.8792465178383209,63044.89
CC.BTCUSD,BTC/USD,2026-08-03 20:00:00,63602.7,64063.09041,64169.32712,63267.29,0.0,0.0,1677.387,106998600.329,0.729380773754891,63599.21
CC.BTCUSD,BTC/USD,2026-08-04 20:00:00,64062.59135,64327.80398,64675.99999,63821.01483,0.0,0.0,2115.142,135896270.737,0.4132076181555536,64063.09041
CC.BTCUSD,BTC/USD,2026-08-05 20:00:00,64332.66,64563.60291,64939.59647,64102.74,0.0,0.0,1872.083,121019223.148,0.3665583393353769,64327.80398
CC.BTCUSD,BTC/USD,2026-08-06 20:00:00,64564.07599,64861.45937,65318.86,64103.10172,0.0,0.0,2267.223,146839941.561,0.4613380396617575,64563.60291
CC.BTCUSD,BTC/USD,2026-08-07 20:00:00,64871.88,65036.96,65144.79367,64476.86,0.0,0.0,1108.928,71943984.747,0.2705776769512152,64861.45937
CC.BTCUSD,BTC/USD,2026-08-08 20:00:00,65037.54035,65177.18,65241.495,64686.12,0.0,0.0,733.002,47633617.806,0.21560048317141695,65036.96
CC.BTCUSD,BTC/USD,2026-08-09 20:00:00,65175.33581,64225.53077,65392.0,64146.20696,0.0,0.0,2085.251,135404217.298,-1.4600957420986957,65177.18
CC.BTCUSD,BTC/USD,2026-08-10 20:00:00,64219.9949,63558.98027,64421.73884,63400.4498,0.0,0.0,1916.944,122650654.48,-1.0378279354155933,64225.53077
CC.BTCUSD,BTC/USD,2026-08-11 20:00:00,63558.69003,63363.09,64389.82748,63170.85002,0.0,0.0,2488.137,158597850.758,-0.3082023486970011,63558.98027
CC.BTCUSD,BTC/USD,2026-08-12 20:00:00,63365.25707,63361.85488,63927.07,63250.00001,0.0,0.0,2025.034,128725236.731,-0.0019492736228576457,63363.09
CC.BTCUSD,BTC/USD,2026-08-13 20:00:00,63344.58053,62922.10158,63557.72251,62478.38645,0.0,0.0,2815.967,177548610.702,-0.6940347640277236,63361.85488
CC.BTCUSD,BTC/USD,2026-08-14 20:00:00,62920.21079,63031.23,63162.52,62743.94,0.0,0.0,890.361,56068811.645,0.17343416265468117,62922.10158
CC.BTCUSD,BTC/USD,2026-08-15 20:00:00,63028.81,63084.34283,63113.45376,62903.47109,0.0,0.0,455.156,28686749.755,0.08426430834365474,63031.23
CC.BTCUSD,BTC/USD,2026-08-16 20:00:00,63089.51472,64115.14,64143.77,62652.71007,0.0,0.0,2501.475,158529343.333,1.6339984277521844,63084.34283
CC.BTCUSD,BTC/USD,2026-08-17 20:00:00,64122.21674,64790.38787,64968.87999,63919.34903,0.0,0.0,2589.66,166594263.319,1.0531800601230836,64115.14
CC.BTCUSD,BTC/USD,2026-08-18 20:00:00,64793.52,68520.55,69785.0,64120.71044,0.0,0.0,4274.188,282911006.718,5.757277047768975,64790.38787
CC.BTCUSD,BTC/USD,2026-08-19 20:00:00,68508.0,72395.58144,72742.7779,67791.0,0.0,0.0,10287.478,720959384.26,5.655283619293761,68520.55
CC.BTCUSD,BTC/USD,2026-08-20 20:00:00,72394.75944,77164.35,79410.96258,72170.0,0.0,0.0,9782.755,742767689.931,6.587098915632401,72395.58144
CC.BTCUSD,BTC/USD,2026-08-21 20:00:00,77165.18,76968.27854,78773.57,76500.0,0.0,0.0,4517.034,350474480.884,-0.2540959134626372,77164.35
CC.BTCUSD,BTC/USD,2026-08-22 20:00:00,76968.27853,77126.93193,77715.83,75614.25753,0.0,0.0,2841.927,218282027.936,0.20612828168887193,76968.27854
CC.BTCUSD,BTC/USD,2026-08-23 20:00:00,77127.71,79052.57637,79959.0,76667.84719,0.0,0.0,4506.92,352135796.969,2.496721173542458,77126.93193
CC.BTCUSD,BTC/USD,2026-08-24 20:00:00,79069.71,79483.80373,81223.3814,78138.26,0.0,0.0,5025.269,399839665.859,0.5454943783004305,79052.57637
CC.BTCUSD,BTC/USD,2026-08-25 20:00:00,79478.90418,78005.16,79535.94,77620.82978,0.0,0.0,2956.192,232276677.396,-1.8603082145172973,79483.80373
CC.BTCUSD,BTC/USD,2026-08-26 20:00:00,78004.79869,80295.23,80773.82,77847.84352,0.0,0.0,4341.469,344650754.95,2.935792965490991,78005.16
CC.BTCUSD,BTC/USD,2026-08-27 20:00:00,80282.61534,78339.61961,81449.35,78339.61961,0.0,0.0,5096.067,406804600.596,-2.43552498697619,80295.23
CC.BTCUSD,BTC/USD,2026-08-28 20:00:00,78338.54603,77850.64,78386.45,76899.29727,0.0,0.0,2850.811,221455051.475,-0.6241791987685079,78339.61961
CC.BTCUSD,BTC/USD,2026-08-29 20:00:00,77856.71944,78807.45197,78961.29493,77856.71944,0.0,0.0,1543.173,120863430.298,1.2290354581542235,77850.64
CC.BTCUSD,BTC/USD,2026-08-30 20:00:00,78809.6146,78545.67269,79390.96264,77383.0,0.0,0.0,3704.828,289738682.995,-0.33217579487234367,78807.45197
CC.BTCUSD,BTC/USD,2026-08-31 20:00:00,78546.2,77894.15,79227.06695,77500.01,0.0,0.0,3556.933,278733472.59,-0.8294826025252957,78545.67269
CC.BTCUSD,BTC/USD,2026-09-01 20:00:00,77894.87942,77239.63445,77928.79878,76231.95,0.0,0.0,3711.616,286289780.335,-0.8402627796824235,77894.15
CC.BTCUSD,BTC/USD,2026-09-02 20:00:00,77235.34,81337.10583,81358.87606,76929.68,0.0,0.0,3411.713,267921222.644,5.3048818902068255,77239.63445
CC.BTCUSD,BTC/USD,2026-09-03 20:00:00,81343.82863,79420.98221,82000.0,78643.76154,0.0,0.0,5787.406,466356611.054,-2.355780428190825,81337.10583
CC.BTCUSD,BTC/USD,2026-09-04 20:00:00,79417.42313,79809.77744,79850.0,79376.81665,0.0,0.0,1466.17,116838489.757,0.4895371716405814,79420.98221
CC.BTCUSD,BTC/USD,2026-09-05 20:00:00,79820.74758,79708.4,80214.34155,79251.45343,0.0,0.0,1627.873,129931093.165,-0.12702383498842035,79809.77744
CC.BTCUSD,BTC/USD,2026-09-06 20:00:00,79710.51,78806.8541,80409.27676,78679.30537,0.0,0.0,2926.795,232781703.092,-1.131055070732818,79708.4
