code,name,time_key,open,close,high,low,pe_ratio,turnover_rate,volume,turnover,change_rate,last_close
CC.BTCUSD,BTC/USD,2025-09-10 00:00:00,111496.39,111537.37692,111537.37692,111495.83,0.0,0.0,0.0,0.0,0.03443408978041792,111498.98326
CC.BTCUSD,BTC/USD,2025-09-10 00:05:00,111533.54,111478.7,111533.54,111474.09,0.0,0.0,0.0,0.0,-0.05260740535621883,111537.37692
CC.BTCUSD,BTC/USD,2025-09-10 00:10:00,111478.04,111431.63001,111478.04,111431.63001,0.0,0.0,0.0,0.0,-0.042223303644555954,111478.7
CC.BTCUSD,BTC/USD,2025-09-10 00:15:00,111437.55619,111527.5112,111527.5112,111437.55619,0.0,0.0,0.0,0.0,0.08604485996605774,111431.63001
CC.BTCUSD,BTC/USD,2025-09-10 00:20:00,111530.3,111548.30261,111561.1,111530.3,0.0,0.0,0.0,0.0,0.018642404709202615,111527.5112
CC.BTCUSD,BTC/USD,2025-09-10 00:25:00,111548.30435,111515.3,111558.91002,111515.3,0.0,0.0,0.0,0.0,-0.029585936520595088,111548.30261
CC.BTCUSD,BTC/USD,2025-09-10 00:30:00,111517.39764,111602.72,111636.0,111517.39764,0.0,0.0,0.0,0.0,0.07839283040084925,111515.3
CC.BTCUSD,BTC/USD,2025-09-10 00:35:00,111602.17,111535.43,111608.8,111535.43,0.0,0.0,0.0,0.0,-0.060294229387964866,111602.72
CC.BTCUSD,BTC/USD,2025-09-10 00:40:00,111535.5,111535.44,111568.2,111535.44,0.0,0.0,0.0,0.0,8.965760932927974e-06,111535.43
CC.BTCUSD,BTC/USD,2025-09-10 00:45:00,111535.43,111472.9,111535.43,111472.9,0.0,0.0,0.003,385.913,-0.056071863795048596,111535.44
CC.BTCUSD,BTC/USD,2025-09-10 00:50:00,111480.33874,111502.7324,111502.7324,111480.33874,0.0,0.0,0.0,0.0,0.026762020186071524,111472.9
CC.BTCUSD,BTC/USD,2025-09-10 00:55:00,111504.33195,111537.509,111546.91989,111504.33195,0.0,0.0,0.0,0.0,0.031189011472163682,111502.7324
CC.BTCUSD,BTC/USD,2025-09-10 01:00:00,111540.32176,111533.68,111574.31213,111533.68,0.0,0.0,0.0,0.0,-0.003432925868922226,111537.509
CC.BTCUSD,BTC/USD,2025-09-10 01:05:00,111531.24649,111431.63001,111531.24649,111431.63001,0.0,0.0,0.012,1393.225,-0.09149701686521912,111533.68
CC.BTCUSD,BTC/USD,2025-09-10 01:10:00,111444.34491,111455.24742,111530.42046,111441.95322,0.0,0.0,0.0,0.0,0.021194529773895212,111431.63001
CC.BTCUSD,BTC/USD,2025-09-10 01:15:00,111460.24553,111568.82,111568.82,111460.24553,0.0,0.0,0.0,0.0,0.10189971547237114,111455.24742
CC.BTCUSD,BTC/USD,2025-09-10 01:20:00,111566.73,111484.38,111566.73,111484.38,0.0,0.0,0.0,0.0,-0.07568422790525374,111568.82
CC.BTCUSD,BTC/USD,2025-09-10 01:25:00,111488.36019,111592.5238,111612.32512,111488.36019,0.0,0.0,0.0,0.0,0.09700354435302123,111484.38
CC.BTCUSD,BTC/USD,2025-09-10 01:30:00,111590.21827,111625.8,111625.8,111559.69999,0.0,0.0,0.0,0.0,0.029819381143889424,111592.5238
CC.BTCUSD,BTC/USD,2025-09-10 01:35:00,111624.52381,111574.4,111624.52381,111565.22976,0.0,0.0,0.0,0.0,-0.046046702464850174,111625.8
CC.BTCUSD,BTC/USD,2025-09-10 01:40:00,111579.9,111632.5,111632.5,111579.9,0.0,0.0,0.0,0.0,0.052072876932348126,111574.4
CC.BTCUSD,BTC/USD,2025-09-10 01:45:00,111634.4,111654.4,111654.4,111634.4,0.0,0.0,0.0,0.0,0.019617942803389854,111632.5
CC.BTCUSD,BTC/USD,2025-09-10 01:50:00,111654.32862,111647.3,111654.32862,111632.12504,0.0,0.0,0.0,0.0,-0.006358907485948848,111654.4
CC.BTCUSD,BTC/USD,2025-09-10 01:55:00,111647.3566,111412.23516,111713.12849,111400.00001,0.0,0.0,1.251,139658.511,-0.21054234182107975,111647.3
CC.BTCUSD,BTC/USD,2025-09-10 02:00:00,111416.82955,111571.7,111578.8,111400.01,0.0,0.0,0.0,0.0,0.1431304557986758,111412.23516
CC.BTCUSD,BTC/USD,2025-09-10 02:05:00,111569.77,111590.40863,111590.40863,111563.07,0.0,0.0,0.0,0.0,0.01676825754201851,111571.7
CC.BTCUSD,BTC/USD,2025-09-10 02:10:00,111595.0,111493.74,111595.0,111450.61869,0.0,0.0,0.38,42372.337,-0.0866280813797573,111590.40863
CC.BTCUSD,BTC/USD,2025-09-10 02:15:00,111492.62,111528.66029,111528.66029,111421.73,0.0,0.0,0.0,0.0,0.03132040417694712,111493.74
CC.BTCUSD,BTC/USD,2025-09-10 02:20:00,111527.011,111625.91344,111627.91539,111512.10821,0.0,0.0,0.0,0.0,0.08720014187126761,111528.66029
CC.BTCUSD,BTC/USD,2025-09-10 02:25:00,111625.75,111578.94,111629.86999,111573.52,0.0,0.0,0.0,0.0,-0.04208112485032452,111625.91344
CC.BTCUSD,BTC/USD,2025-09-10 02:30:00,111573.21,111772.33,111816.96999,111558.56,0.0,0.0,0.0,0.0,0.17332123786083592,111578.94
CC.BTCUSD,BTC/USD,2025-09-10 02:35:00,111775.83847,111730.90589,111845.89999,111721.57,0.0,0.0,0.098,10999.791,-0.03706114921287514,111772.33
CC.BTCUSD,BTC/USD,2025-09-10 02:40:00,111736.49196,111860.11999,111870.62223,111710.01,0.0,0.0,0.295,32999.372,0.11564759004748815,111730.90589
CC.BTCUSD,BTC/USD,2025-09-10 02:45:00,111864.24999,111891.01,111977.09139,111864.24999,0.0,0.0,0.0,0.0,0.027614855055358187,111860.11999
CC.BTCUSD,BTC/USD,2025-09-10 02:50:00,111894.70908,111957.71,111967.77405,111894.70908,0.0,0.0,0.098,10999.999,0.05961158094829214,111891.01
CC.BTCUSD,BTC/USD,2025-09-10 02:55:00,111953.59,111897.87,111953.59,111880.64,0.0,0.0,0.005,615.582,-0.05344875310508857,111957.71
CC.BTCUSD,BTC/USD,2025-09-10 03:00:00,111887.93,111782.04849,111887.93,111775.74,0.0,0.0,0.0,0.0,-0.10350644744175587,111897.87
CC.BTCUSD,BTC/USD,2025-09-10 03:05:00,111790.12797,111817.80173,111817.80173,111780.91,0.0,0.0,0.0,0.0,0.03198477795225227,111782.04849
CC.BTCUSD,BTC/USD,2025-09-10 03:10:00,111821.80058,111876.04508,111876.04508,111820.93,0.0,0.0,0.0,0.0,0.05208772583512829,111817.80173
CC.BTCUSD,BTC/USD,2025-09-10 03:15:00,111878.59363,111918.31,111918.31,111878.59363,0.0,0.0,0.0,0.0,0.03777834653502344,111876.04508
CC.BTCUSD,BTC/USD,2025-09-10 03:20:00,111920.0,111887.43841,111925.97523,111850.95,0.0,0.0,0.001,111.895,-0.027584038751116948,111918.31
CC.BTCUSD,BTC/USD,2025-09-10 03:25:00,111892.5425,111999.99999,111999.99999,111892.5425,0.0,0.0,0.0,0.0,0.10060251767273803,111887.43841
CC.BTCUSD,BTC/USD,2025-09-10 03:30:00,112000.0,112251.20976,112281.19902,112000.0,0.0,0.0,0.001,112.0,0.22429443752002748,111999.99999
CC.BTCUSD,BTC/USD,2025-09-10 03:35:00,112251.10974,112138.9699,112281.77194,112110.97297,0.0,0.0,0.001,112.136,-0.09998988896420559,112251.20976
CC.BTCUSD,BTC/USD,2025-09-10 03:40:00,112143.01846,112100.08676,112165.61325,112100.08676,0.0,0.0,0.0,0.0,-0.03467406561221749,112138.9699
CC.BTCUSD,BTC/USD,2025-09-10 03:45:00,112102.42832,112270.28525,112270.28525,112102.42832,0.0,0.0,0.0,0.0,0.15182725983466955,112100.08676
CC.BTCUSD,BTC/USD,2025-09-10 03:50:00,112273.67023,112319.39184,112319.39184,112256.46491,0.0,0.0,0.0,0.0,0.04373961452992369,112270.28525
CC.BTCUSD,BTC/USD,2025-09-10 03:55:00,112323.41726,112543.75949,112543.75949,112323.41726,0.0,0.0,0.003,337.365,0.19975860474708934,112319.39184
CC.BTCUSD,BTC/USD,2025-09-10 04:00:00,112547.0,112535.38,112549.99,112480.38754,0.0,0.0,0.0,0.0,-0.007445539439915928,112543.75949
CC.BTCUSD,BTC/USD,2025-09-10 04:05:00,112535.58901,112463.48588,112605.56892,112449.55,0.0,0.0,0.003,449.058,-0.06388579307237578,112535.38
CC.BTCUSD,BTC/USD,2025-09-10 04:10:00,112465.6091,112616.0,112618.03094,112465.6091,0.0,0.0,0.0,0.0,0.13561212228717653,112463.48588
CC.BTCUSD,BTC/USD,2025-09-10 04:15:00,112612.0,112780.02474,112833.47,112612.0,0.0,0.0,0.008,963.959,0.14564958798038774,112616.0
CC.BTCUSD,BTC/USD,2025-09-10 04:20:00,112784.02083,112721.07567,112830.23996,112682.29405,0.0,0.0,2.0,225501.268,-0.052269069931388495,112780.02474
CC.BTCUSD,BTC/USD,2025-09-10 04:25:00,112724.58801,112748.84693,112777.87843,112612.95,0.0,0.0,0.0,0.0,0.02463714956136212,112721.07567
CC.BTCUSD,BTC/USD,2025-09-10 04:30:00,112744.55769,112684.38779,112766.96336,112682.87686,0.0,0.0,0.0,0.0,-0.057170553628832846,112748.84693
CC.BTCUSD,BTC/USD,2025-09-10 04:35:00,112683.56,112576.53018,112683.56,112576.53018,0.0,0.0,0.0,0.0,-0.09571655143656334,112684.38779
CC.BTCUSD,BTC/USD,2025-09-10 04:40:00,112568.52887,112620.87692,112620.87692,112550.84,0.0,0.0,0.0,0.0,0.03939252695840513,112576.53018
CC.BTCUSD,BTC/USD,2025-09-10 04:45:00,112635.97568,112550.29125,112664.5798,112550.29125,0.0,0.0,0.0,108.048,-0.06267547539177908,112620.87692
CC.BTCUSD,BTC/USD,2025-09-10 04:50:00,112552.39399,112536.12476,112577.81947,112536.12476,0.0,0.0,0.0,0.0,-0.012586808832437115,112550.29125
CC.BTCUSD,BTC/USD,2025-09-10 04:55:00,112529.91,112352.06895,112529.91,112352.06895,0.0,0.0,0.0,0.0,-0.16355264622140814,112536.12476
CC.BTCUSD,BTC/USD,2025-09-10 05:00:00,112357.47362,112386.03,112418.61079,112357.47362,0.0,0.0,0.02,2248.275,0.030227347228569273,112352.06895
CC.BTCUSD,BTC/USD,2025-09-10 05:05:00,112379.72,112317.68,112379.72,112317.68,0.0,0.0,0.0,0.0,-0.060817167400615386,112386.03
CC.BTCUSD,BTC/USD,2025-09-10 05:10:00,112299.75,112178.34,112299.75,112113.21,0.0,0.0,0.048,5474.44,-0.12405883027498121,112317.68
CC.BTCUSD,BTC/USD,2025-09-10 05:15:00,112183.94315,112190.11439,112190.11439,112183.94315,0.0,0.0,0.0,0.0,0.010496134993623504,112178.34
CC.BTCUSD,BTC/USD,2025-09-10 05:20:00,112187.57037,112206.23153,112206.23153,112140.56124,0.0,0.0,0.0,0.0,0.014365918144957968,112190.11439
CC.BTCUSD,BTC/USD,2025-09-10 05:25:00,112208.01479,112337.93586,112402.16999,112208.01479,0.0,0.0,0.0,0.0,0.11737701926544081,112206.23153
CC.BTCUSD,BTC/USD,2025-09-10 05:30:00,112343.03059,112339.97,112435.36308,112331.3,0.0,0.0,0.0,0.0,0.0018107329322290702,112337.93586
CC.BTCUSD,BTC/USD,2025-09-10 05:35:00,112346.14962,112414.84544,112414.84544,112323.41,0.0,0.0,0.0,0.0,0.06665075662740824,112339.97
CC.BTCUSD,BTC/USD,2025-09-10 05:40:00,112414.25,112340.51,112421.62593,112320.41,0.0,0.0,0.0,0.0,-0.06612599938118087,112414.84544
CC.BTCUSD,BTC/USD,2025-09-10 05:45:00,112341.5439,112251.89,112359.74242,112251.89,0.0,0.0,0.0,56.162,-0.07888516795944343,112340.51
CC.BTCUSD,BTC/USD,2025-09-10 05:50:00,112258.23689,112334.98,112348.20001,112258.23689,0.0,0.0,0.0,0.0,0.07402102539208605,112251.89
CC.BTCUSD,BTC/USD,2025-09-10 05:55:00,112338.51814,112233.13,112338.51814,112226.58,0.0,0.0,0.0,0.0,-0.09066632673098912,112334.98
CC.BTCUSD,BTC/USD,2025-09-10 06:00:00,112245.96207,112288.69252,112299.83446,112245.96207,0.0,0.0,0.0,0.0,0.049506344516981944,112233.13
CC.BTCUSD,BTC/USD,2025-09-10 06:05:00,112286.14,112290.08,112298.84442,112241.13,0.0,0.0,0.0,0.0,0.0012356364375315382,112288.69252
CC.BTCUSD,BTC/USD,2025-09-10 06:10:00,112296.35944,112311.63,112400.27678,112296.35944,0.0,0.0,0.0,0.0,0.019191365791174884,112290.08
CC.BTCUSD,BTC/USD,2025-09-10 06:15:00,112311.62,112345.42,112410.071,112287.45,0.0,0.0,0.097,10999.999,0.03008593143915158,112311.63
CC.BTCUSD,BTC/USD,2025-09-10 06:20:00,112339.79,112261.47709,112339.79,112214.31,0.0,0.0,0.0,0.0,-0.07471858665889357,112345.42
CC.BTCUSD,BTC/USD,2025-09-10 06:25:00,112257.51,112336.9436,112336.9436,112222.25,0.0,0.0,0.0,0.0,0.06722387051748561,112261.47709
CC.BTCUSD,BTC/USD,2025-09-10 06:30:00,112334.36,112409.08032,112409.08032,112322.99,0.0,0.0,0.0,0.0,0.06421460090355793,112336.9436
CC.BTCUSD,BTC/USD,2025-09-10 06:35:00,112412.17222,112362.66085,112420.77177,112360.6,0.0,0.0,1.398,157132.715,-0.04129512479583416,112409.08032
CC.BTCUSD,BTC/USD,2025-09-10 06:40:00,112372.15264,112385.59,112436.01546,112372.15264,0.0,0.0,0.107,12123.628,0.020406378619500537,112362.66085
CC.BTCUSD,BTC/USD,2025-09-10 06:45:00,112386.00457,112381.05999,112412.42496,112367.96,0.0,0.0,0.0,0.0,-0.004030774763919664,112385.59
CC.BTCUSD,BTC/USD,2025-09-10 06:50:00,112370.37,112359.97,112384.80952,112346.79,0.0,0.0,0.0,0.0,-0.01876649855577957,112381.05999
CC.BTCUSD,BTC/USD,2025-09-10 06:55:00,112353.84,112337.61,112359.2787,112337.61,0.0,0.0,0.0,0.0,-0.019900325712084634,112359.97
CC.BTCUSD,BTC/USD,2025-09-10 07:00:00,112337.05,112289.22999,112337.05,112284.61,0.0,0.0,0.0,0.0,-0.043066618561667366,112337.61
CC.BTCUSD,BTC/USD,2025-09-10 07:05:00,112289.40394,112293.28164,112353.59748,112287.0,0.0,0.0,0.195,21999.406,0.0036082267198330525,112289.22999
CC.BTCUSD,BTC/USD,2025-09-10 07:10:00,112300.57141,112274.88838,112329.67608,112273.1,0.0,0.0,0.0,0.0,-0.016379662016614567,112293.28164
CC.BTCUSD,BTC/USD,2025-09-10 07:15:00,112278.80559,112364.05989,112364.05989,112278.80559,0.0,0.0,0.0,0.0,0.07942248822211666,112274.88838
CC.BTCUSD,BTC/USD,2025-09-10 07:20:00,112366.91507,112367.25488,112367.25488,112342.12318,0.0,0.0,0.0,0.0,0.0028434269846753643,112364.05989
CC.BTCUSD,BTC/USD,2025-09-10 07:25:00,112373.77252,112323.73818,112408.13251,112306.6776,0.0,0.0,0.0,0.0,-0.03872720753609715,112367.25488
CC.BTCUSD,BTC/USD,2025-09-10 07:30:00,112323.26,112339.74013,112350.43221,112307.08,0.0,0.0,0.0,0.0,0.014246276218444593,112323.73818
CC.BTCUSD,BTC/USD,2025-09-10 07:35:00,112337.73988,112308.8437,112337.73988,112307.73624,0.0,0.0,0.0,0.0,-0.027502671774257706,112339.74013
CC.BTCUSD,BTC/USD,2025-09-10 07:40:00,112303.73575,112274.23453,112322.00877,112267.73138,0.0,0.0,0.0,0.0,-0.030816068316440237,112308.8437
CC.BTCUSD,BTC/USD,2025-09-10 07:45:00,112271.73187,112252.8,112272.9,112179.88692,0.0,0.0,0.086,9719.267,-0.019091227911486017,112274.23453
CC.BTCUSD,BTC/USD,2025-09-10 07:50:00,112258.88258,112294.66771,112307.42835,112258.88258,0.0,0.0,0.0,0.0,0.037297697696619905,112252.8
CC.BTCUSD,BTC/USD,2025-09-10 07:55:00,112287.9002,112282.96,112292.7531,112282.96,0.0,0.0,0.0,0.0,-0.01042588240273609,112294.66771
CC.BTCUSD,BTC/USD,2025-09-10 08:00:00,112288.83794,112304.4,112304.4,112288.83794,0.0,0.0,0.0,0.0,0.019094615959525624,112282.96
CC.BTCUSD,BTC/USD,2025-09-10 08:05:00,112306.63974,112396.45289,112399.35166,112306.63974,0.0,0.0,0.0,0.0,0.08196730493195842,112304.4
CC.BTCUSD,BTC/USD,2025-09-10 08:10:00,112402.39437,112417.13376,112417.13376,112363.90954,0.0,0.0,0.0,0.0,0.0183999311973274,112396.45289
CC.BTCUSD,BTC/USD,2025-09-10 08:15:00,112421.05853,112419.79,112476.09856,112360.76,0.0,0.0,0.0,0.0,0.0023628426656629024,112417.13376
CC.BTCUSD,BTC/USD,2025-09-10 08:20:00,112413.26,112642.18,112680.70288,112405.87,0.0,0.0,2.999,337999.777,0.1978210420069273,112419.79
CC.BTCUSD,BTC/USD,2025-09-10 08:25:00,112642.52,112696.00001,112705.29486,112628.88577,0.0,0.0,0.0,0.0,0.04777962393839535,112642.18
CC.BTCUSD,BTC/USD,2025-09-10 08:30:00,112696.0,112615.00001,112696.0,112615.00001,0.0,0.0,0.016,1819.933,-0.07187477815788716,112696.00001
CC.BTCUSD,BTC/USD,2025-09-10 08:35:00,112620.75,113344.53,113499.99999,112620.75,0.0,0.0,4.227,477496.911,0.6478088975138433,112615.00001
CC.BTCUSD,BTC/USD,2025-09-10 08:40:00,113344.43,113011.25305,113499.99,113008.09909,0.0,0.0,0.0,0.0,-0.2940388477503056,113344.53
CC.BTCUSD,BTC/USD,2025-09-10 08:45:00,113018.55706,113238.83676,113242.17307,113018.55706,0.0,0.0,0.004,498.266,0.20138145879978475,113011.25305
CC.BTCUSD,BTC/USD,2025-09-10 08:50:00,113240.53121,112939.30744,113302.18095,112939.30744,0.0,0.0,0.05,5658.86,-0.2645111240720603,113238.83676
CC.BTCUSD,BTC/USD,2025-09-10 08:55:00,112940.2,113182.29695,113198.37533,112940.2,0.0,0.0,0.0,0.0,0.2151505224424098,112939.30744
CC.BTCUSD,BTC/USD,2025-09-10 09:00:00,113191.81,113405.41,113405.41,113162.06827,0.0,0.0,0.001,152.852,0.1971271621202064,113182.29695
CC.BTCUSD,BTC/USD,2025-09-10 09:05:00,113416.6,113547.35136,113654.4,113406.4571,0.0,0.0,0.504,57245.296,0.12516277662590972,113405.41
CC.BTCUSD,BTC/USD,2025-09-10 09:10:00,113551.6499,113759.30661,113759.30661,113551.6499,0.0,0.0,0.032,3676.185,0.18666683763322534,113547.35136
CC.BTCUSD,BTC/USD,2025-09-10 09:15:00,113763.30525,113718.05,113795.41,113613.00574,0.0,0.0,0.01,1137.954,-0.03626658005347763,113759.30661
CC.BTCUSD,BTC/USD,2025-09-10 09:20:00,113720.42882,113603.95965,113790.08561,113603.95965,0.0,0.0,0.001,113.672,-0.10032738865993443,113718.05
CC.BTCUSD,BTC/USD,2025-09-10 09:25:00,113600.1632,113455.98,113611.6,113444.47443,0.0,0.0,0.001,187.43,-0.13025923608289336,113603.95965
CC.BTCUSD,BTC/USD,2025-09-10 09:30:00,113463.6372,113638.33,113638.33,113463.6372,0.0,0.0,1.114,126468.482,0.16072312803609456,113455.98
CC.BTCUSD,BTC/USD,2025-09-10 09:35:00,113641.47519,113568.72277,113641.47519,113397.9446,0.0,0.0,0.003,360.943,-0.061253302472861676,113638.33
CC.BTCUSD,BTC/USD,2025-09-10 09:40:00,113564.81894,113674.46369,113676.26306,113440.70403,0.0,0.0,0.013,1534.223,0.0931074308321299,113568.72277
CC.BTCUSD,BTC/USD,2025-09-10 09:45:00,113679.66188,113988.00001,114003.33894,113679.66188,0.0,0.0,0.114,13089.997,0.27581948471297796,113674.46369
CC.BTCUSD,BTC/USD,2025-09-10 09:50:00,113994.86318,114262.14682,114307.38687,113994.86318,0.0,0.0,0.125,14312.465,0.24050497418670438,113988.00001
CC.BTCUSD,BTC/USD,2025-09-10 09:55:00,114261.69061,113823.42,114261.69061,113810.07846,0.0,0.0,0.818,93309.702,-0.3839651469975735,114262.14682
CC.BTCUSD,BTC/USD,2025-09-10 10:00:00,113825.03267,113953.52487,114031.66478,113825.03267,0.0,0.0,0.0,0.0,0.11430413002877227,113823.42
CC.BTCUSD,BTC/USD,2025-09-10 10:05:00,113960.58141,114008.17652,114057.6118,113898.86688,0.0,0.0,0.202,23139.526,0.04795959586361832,113953.52487
CC.BTCUSD,BTC/USD,2025-09-10 10:10:00,114008.72244,114104.96446,114197.88164,114008.72244,0.0,0.0,0.07,7990.5,0.084895612713383,114008.17652
CC.BTCUSD,BTC/USD,2025-09-10 10:15:00,114105.7,114038.1504,114138.07,113968.48,0.0,0.0,0.758,86497.865,-0.05855491066160071,114104.96446
CC.BTCUSD,BTC/USD,2025-09-10 10:20:00,114041.40749,114120.40039,114153.90364,114002.9606,0.0,0.0,0.027,3183.527,0.07212497722165495,114038.1504
CC.BTCUSD,BTC/USD,2025-09-10 10:25:00,114120.92013,114270.40537,114279.24095,114120.92013,0.0,0.0,0.456,52078.838,0.13144449150841073,114120.40039
CC.BTCUSD,BTC/USD,2025-09-10 10:30:00,114275.84265,114095.80518,114301.62975,114095.72244,0.0,0.0,0.288,32999.999,-0.15279563368542673,114270.40537
CC.BTCUSD,BTC/USD,2025-09-10 10:35:00,114088.01366,114002.87068,114183.88864,114002.87068,0.0,0.0,0.109,12532.292,-0.08145303839468332,114095.80518
CC.BTCUSD,BTC/USD,2025-09-10 10:40:00,114000.00001,114007.97662,114208.87614,114000.00001,0.0,0.0,0.03,3425.299,0.004478781954821215,114002.87068
CC.BTCUSD,BTC/USD,2025-09-10 10:45:00,114008.97612,114105.60666,114105.60666,114008.97612,0.0,0.0,0.035,3992.924,0.0856343940963134,114007.97662
CC.BTCUSD,BTC/USD,2025-09-10 10:50:00,114106.92713,113954.72449,114108.46936,113940.65229,0.0,0.0,0.183,20958.917,-0.13223028597498687,114105.60666
CC.BTCUSD,BTC/USD,2025-09-10 10:55:00,113959.26,113832.71243,114032.05,113832.71243,0.0,0.0,0.238,27187.849,-0.10707064629926838,113954.72449
CC.BTCUSD,BTC/USD,2025-09-10 11:00:00,113836.38879,113910.24,113956.03,113836.38879,0.0,0.0,0.147,16742.547,0.06810658232156268,113832.71243
CC.BTCUSD,BTC/USD,2025-09-10 11:05:00,113910.90677,113953.96,113987.22,113888.04291,0.0,0.0,0.0,56.961,0.03838109725692893,113910.24
CC.BTCUSD,BTC/USD,2025-09-10 11:10:00,113961.99962,114087.03,114098.26,113961.99962,0.0,0.0,0.0,0.0,0.11677523097924146,113953.96
CC.BTCUSD,BTC/USD,2025-09-10 11:15:00,114092.11,114072.58,114109.56,114060.94245,0.0,0.0,0.5,57050.0,-0.012665769281571348,114087.03
CC.BTCUSD,BTC/USD,2025-09-10 11:20:00,114073.72,113873.47354,114100.0,113873.47354,0.0,0.0,0.101,11515.4,-0.17454366334135285,114072.58
CC.BTCUSD,BTC/USD,2025-09-10 11:25:00,113867.13839,113826.06761,113867.13839,113800.00001,0.0,0.0,0.002,248.17,-0.04163035387109355,113873.47354
CC.BTCUSD,BTC/USD,2025-09-10 11:30:00,113824.37254,113898.22844,113912.69,113819.71455,0.0,0.0,0.04,4554.36,0.0633956979408717,113826.06761
CC.BTCUSD,BTC/USD,2025-09-10 11:35:00,113889.66569,113852.47,113889.66569,113780.00001,0.0,0.0,0.01,1138.0,-0.040174847867901625,113898.22844
CC.BTCUSD,BTC/USD,2025-09-10 11:40:00,113855.72971,113850.35,113896.19,113827.99125,0.0,0.0,0.0,0.0,-0.0018620588556360206,113852.47
CC.BTCUSD,BTC/USD,2025-09-10 11:45:00,113849.20715,113892.96454,113903.51457,113831.50814,0.0,0.0,0.0,0.0,0.037430310930089396,113850.35
CC.BTCUSD,BTC/USD,2025-09-10 11:50:00,113895.31717,113901.81511,113906.11375,113828.00001,0.0,0.0,0.0,0.0,0.007770954102162015,113892.96454
CC.BTCUSD,BTC/USD,2025-09-10 11:55:00,113897.37926,113936.61,113936.61,113860.78322,0.0,0.0,0.0,0.0,0.030548143562419718,113901.81511
CC.BTCUSD,BTC/USD,2025-09-10 12:00:00,113929.94565,113876.11766,113941.73213,113876.11766,0.0,0.0,0.0,99.129,-0.05309297863083434,113936.61
CC.BTCUSD,BTC/USD,2025-09-10 12:05:00,113880.92173,113862.9275,113932.01462,113862.9275,0.0,0.0,0.0,0.0,-0.011582902781582487,113876.11766
CC.BTCUSD,BTC/USD,2025-09-10 12:10:00,113863.25,113779.85375,113863.25,113758.43,0.0,0.0,0.256,29233.98,-0.07295943624847559,113862.9275
CC.BTCUSD,BTC/USD,2025-09-10 12:15:00,113785.0521,113752.48999,113805.84551,113752.48999,0.0,0.0,0.0,0.0,-0.024049740879538536,113779.85375
CC.BTCUSD,BTC/USD,2025-09-10 12:20:00,113756.55999,113707.41748,113791.9,113707.41748,0.0,0.0,0.003,341.27,-0.03962331726009732,113752.48999
CC.BTCUSD,BTC/USD,2025-09-10 12:25:00,113706.72345,113726.34,113726.34,113673.80567,0.0,0.0,0.0,0.0,0.01664141216057526,113707.41748
CC.BTCUSD,BTC/USD,2025-09-10 12:30:00,113722.04829,113672.57,113722.04829,113666.91674,0.0,0.0,0.0,0.0,-0.0472801639444209,113726.34
CC.BTCUSD,BTC/USD,2025-09-10 12:35:00,113673.05,113650.00001,113673.05,113650.00001,0.0,0.0,0.0,0.0,-0.019855264994891555,113672.57
CC.BTCUSD,BTC/USD,2025-09-10 12:40:00,113650.0,113636.00001,113660.13,113600.01,0.0,0.0,0.044,5000.6,-0.012318521776302814,113650.00001
CC.BTCUSD,BTC/USD,2025-09-10 12:45:00,113641.83,113743.14993,113784.0,113636.72354,0.0,0.0,0.017,2037.798,0.09429223132683918,113636.00001
CC.BTCUSD,BTC/USD,2025-09-10 12:50:00,113737.76,113671.91,113737.76,113671.91,0.0,0.0,0.001,138.697,-0.06263228163088388,113743.14993
CC.BTCUSD,BTC/USD,2025-09-10 12:55:00,113671.06509,113679.67354,113706.12702,113663.53812,0.0,0.0,0.0,0.0,0.006829778790556015,113671.91
CC.BTCUSD,BTC/USD,2025-09-10 13:00:00,113672.392,113758.21068,113758.21068,113672.392,0.0,0.0,0.0,0.0,0.06908635251522413,113679.67354
CC.BTCUSD,BTC/USD,2025-09-10 13:05:00,113758.61056,113899.76627,113899.76627,113758.61056,0.0,0.0,0.0,0.0,0.12443549274714122,113758.21068
CC.BTCUSD,BTC/USD,2025-09-10 13:10:00,113894.36845,113898.16677,113898.16677,113890.16657,0.0,0.0,0.0,0.0,-0.0014043049010346526,113899.76627
CC.BTCUSD,BTC/USD,2025-09-10 13:15:00,113906.0643,113996.16,113996.16,113906.0643,0.0,0.0,0.0,0.0,0.08603582724723718,113898.16677
CC.BTCUSD,BTC/USD,2025-09-10 13:20:00,113996.19931,113937.97038,114072.17552,113937.97038,0.0,0.0,0.026,2964.0,-0.05104524573459724,113996.16
CC.BTCUSD,BTC/USD,2025-09-10 13:25:00,113930.67326,113753.06,113930.67326,113753.06,0.0,0.0,0.0,0.0,-0.16229039308256737,113937.97038
CC.BTCUSD,BTC/USD,2025-09-10 13:30:00,113750.23,113489.15,113750.23,113450.25559,0.0,0.0,0.011,1249.636,-0.23200255008524912,113753.06
CC.BTCUSD,BTC/USD,2025-09-10 13:35:00,113479.9891,113577.16,113577.16,113453.18104,0.0,0.0,0.0,0.0,0.07754926351991298,113489.15
CC.BTCUSD,BTC/USD,2025-09-10 13:40:00,113577.17039,113537.11342,113614.05878,113537.11342,0.0,0.0,0.0,0.0,-0.03525936024462072,113577.16
CC.BTCUSD,BTC/USD,2025-09-10 13:45:00,113533.21,113650.27,113650.27,113525.4201,0.0,0.0,0.0,0.0,0.09966483785915671,113537.11342
CC.BTCUSD,BTC/USD,2025-09-10 13:50:00,113646.78364,113686.76,113686.76,113621.31112,0.0,0.0,0.0,0.0,0.03210727084061541,113650.27
CC.BTCUSD,BTC/USD,2025-09-10 13:55:00,113687.13579,113729.56,113775.86,113687.13579,0.0,0.0,0.0,0.0,0.03764730387250275,113686.76
CC.BTCUSD,BTC/USD,2025-09-10 14:00:00,113727.92921,113736.12038,113736.12038,113714.93604,0.0,0.0,0.0,0.0,0.005768403570712266,113729.56
CC.BTCUSD,BTC/USD,2025-09-10 14:05:00,113735.17756,113867.10145,113885.25,113723.97572,0.0,0.0,0.005,568.746,0.11516224534685408,113736.12038
CC.BTCUSD,BTC/USD,2025-09-10 14:10:00,113856.09695,113751.22121,113856.09695,113751.22121,0.0,0.0,0.0,0.0,-0.10176797206951174,113867.10145
CC.BTCUSD,BTC/USD,2025-09-10 14:15:00,113750.12439,113759.66,113761.51,113704.55438,0.0,0.0,0.0,0.0,0.007418636837683717,113751.22121
CC.BTCUSD,BTC/USD,2025-09-10 14:20:00,113759.67,113606.85579,113759.67,113606.85579,0.0,0.0,0.0,0.0,-0.13432196439405855,113759.66
CC.BTCUSD,BTC/USD,2025-09-10 14:25:00,113599.69685,113561.72214,113626.02,113529.72652,0.0,0.0,0.0,0.0,-0.03972792811327518,113606.85579
CC.BTCUSD,BTC/USD,2025-09-10 14:30:00,113558.27829,113407.52376,113558.27829,113361.68319,0.0,0.0,0.02,2269.68,-0.1357837633088237,113561.72214
CC.BTCUSD,BTC/USD,2025-09-10 14:35:00,113403.48718,113551.15,113551.15,113373.59576,0.0,0.0,0.0,0.0,0.12664613002568373,113407.52376
CC.BTCUSD,BTC/USD,2025-09-10 14:40:00,113557.21,113543.45387,113562.93,113490.81795,0.0,0.0,0.0,0.0,-0.006777676844309044,113551.15
CC.BTCUSD,BTC/USD,2025-09-10 14:45:00,113549.48,113502.10413,113601.08,113502.10413,0.0,0.0,0.0,0.0,-0.03641754640239619,113543.45387
CC.BTCUSD,BTC/USD,2025-09-10 14:50:00,113491.10581,113402.68,113491.10581,113396.73706,0.0,0.0,0.0,0.0,-0.08759672850305772,113502.10413
CC.BTCUSD,BTC/USD,2025-09-10 14:55:00,113404.09749,113494.5,113494.5,113393.88974,0.0,0.0,0.0,0.0,0.08096810410477688,113402.68
CC.BTCUSD,BTC/USD,2025-09-10 15:00:00,113510.2,113602.73088,113650.13,113510.2,0.0,0.0,0.0,0.0,0.09536222460119459,113494.5
CC.BTCUSD,BTC/USD,2025-09-10 15:05:00,113596.44272,113522.59747,113616.19,113522.59747,0.0,0.0,0.0,0.0,-0.070538277891097,113602.73088
CC.BTCUSD,BTC/USD,2025-09-10 15:10:00,113518.31067,113518.257,113543.25393,113496.53929,0.0,0.0,0.0,0.0,-0.0038234414087843444,113522.59747
CC.BTCUSD,BTC/USD,2025-09-10 15:15:00,113516.85072,113375.60093,113516.85072,113375.60093,0.0,0.0,0.0,0.0,-0.12566795312933432,113518.257
CC.BTCUSD,BTC/USD,2025-09-10 15:20:00,113369.42048,113312.48,113369.42048,113305.38379,0.0,0.0,0.0,0.0,-0.055674174586273203,113375.60093
CC.BTCUSD,BTC/USD,2025-09-10 15:25:00,113311.55437,113269.3747,113311.55437,113237.85489,0.0,0.0,0.0,0.0,-0.03804108779544462,113312.48
CC.BTCUSD,BTC/USD,2025-09-10 15:30:00,113263.0124,113228.22,113263.0124,113168.90899,0.0,0.0,0.0,0.0,-0.036333475053605235,113269.3747
CC.BTCUSD,BTC/USD,2025-09-10 15:35:00,113242.39,113249.45438,113328.0,113242.39,0.0,0.0,0.0,0.0,0.01875361106974429,113228.22
CC.BTCUSD,BTC/USD,2025-09-10 15:40:00,113252.21,113253.97007,113301.95,113193.53963,0.0,0.0,0.0,0.0,0.003987383448972849,113249.45438
CC.BTCUSD,BTC/USD,2025-09-10 15:45:00,113249.22626,113479.1,113479.1,113231.93339,0.0,0.0,0.019,2259.087,0.19878325665834215,113253.97007
CC.BTCUSD,BTC/USD,2025-09-10 15:50:00,113476.45331,113440.84,113476.45331,113419.31175,0.0,0.0,0.096,11000.362,-0.03371545949871766,113479.1
CC.BTCUSD,BTC/USD,2025-09-10 15:55:00,113447.32,113371.18001,113459.39834,113371.18001,0.0,0.0,0.0,0.0,-0.06140644762503532,113440.84
CC.BTCUSD,BTC/USD,2025-09-10 16:00:00,113370.55007,113584.84281,113602.31,113370.55007,0.0,0.0,0.0,0.0,0.1884630644059268,113371.18001
CC.BTCUSD,BTC/USD,2025-09-10 16:05:00,113578.48237,113613.33,113629.14,113563.65637,0.0,0.0,0.0,0.0,0.02508009809693712,113584.84281
CC.BTCUSD,BTC/USD,2025-09-10 16:10:00,113610.23769,113711.79118,113900.97,113600.54624,0.0,0.0,0.0,0.0,0.08666340472548284,113613.33
CC.BTCUSD,BTC/USD,2025-09-10 16:15:00,113706.80976,113667.9,113748.62,113626.04488,0.0,0.0,0.096,11000.205,-0.038598618089243246,113711.79118
CC.BTCUSD,BTC/USD,2025-09-10 16:20:00,113674.85,113727.77,113727.77,113674.85,0.0,0.0,0.0,0.0,0.05267098274887624,113667.9
CC.BTCUSD,BTC/USD,2025-09-10 16:25:00,113725.11863,113809.19422,113811.13,113645.08408,0.0,0.0,0.0,0.0,0.07159572371813919,113727.77
CC.BTCUSD,BTC/USD,2025-09-10 16:30:00,113801.16983,113760.96255,113801.16983,113725.83534,0.0,0.0,0.0,0.0,-0.04237941436152653,113809.19422
CC.BTCUSD,BTC/USD,2025-09-10 16:35:00,113751.67807,113676.46541,113784.3,113676.46541,0.0,0.0,0.0,0.0,-0.07427604171585152,113760.96255
CC.BTCUSD,BTC/USD,2025-09-10 16:40:00,113674.04837,113698.62494,113703.1291,113651.65001,0.0,0.0,0.0,0.0,0.01949350722690622,113676.46541
CC.BTCUSD,BTC/USD,2025-09-10 16:45:00,113701.32,113735.24,113735.24,113695.25983,0.0,0.0,0.0,0.0,0.032203608459937985,113698.62494
CC.BTCUSD,BTC/USD,2025-09-10 16:50:00,113737.1121,113645.53475,113760.1006,113645.53475,0.0,0.0,0.0,0.0,-0.07887199253283245,113735.24
CC.BTCUSD,BTC/USD,2025-09-10 16:55:00,113638.9487,113607.30502,113655.74,113602.79269,0.0,0.0,0.0,0.0,-0.03363944750148345,113645.53475
CC.BTCUSD,BTC/USD,2025-09-10 17:00:00,113608.17659,113564.21814,113646.15,113563.82057,0.0,0.0,0.0,0.0,-0.037926152717395537,113607.30502
CC.BTCUSD,BTC/USD,2025-09-10 17:05:00,113561.43634,113697.27762,113697.27762,113536.63323,0.0,0.0,0.0,0.0,0.11716672925618424,113564.21814
CC.BTCUSD,BTC/USD,2025-09-10 17:10:00,113701.95,113774.37,113774.37,113701.95,0.0,0.0,0.0,0.0,0.06780494802844855,113697.27762
CC.BTCUSD,BTC/USD,2025-09-10 17:15:00,113774.54736,113706.98983,113809.18425,113706.98983,0.0,0.0,0.0,0.0,-0.05922262632611321,113774.37
CC.BTCUSD,BTC/USD,2025-09-10 17:20:00,113702.67429,113745.26301,113780.00204,113702.67429,0.0,0.0,0.0,0.0,0.03365947868043146,113706.98983
CC.BTCUSD,BTC/USD,2025-09-10 17:25:00,113739.34933,113721.9325,113739.34933,113721.9325,0.0,0.0,0.0,0.0,-0.020511192626939248,113745.26301
CC.BTCUSD,BTC/USD,2025-09-10 17:30:00,113720.79377,113720.79377,113720.79377,113720.79377,0.0,0.0,0.0,0.0,-0.0010013283937040757,113721.9325
CC.BTCUSD,BTC/USD,2025-09-10 17:35:00,113716.83764,113699.37698,113764.87,113688.7251,0.0,0.0,0.0,0.0,-0.018832782721617602,113720.79377
CC.BTCUSD,BTC/USD,2025-09-10 17:40:00,113705.27518,113748.9906,113819.09,113705.27518,0.0,0.0,0.0,0.0,0.04363578879480657,113699.37698
CC.BTCUSD,BTC/USD,2025-09-10 17:45:00,113752.46081,113818.50516,113820.69,113752.46081,0.0,0.0,0.0,0.0,0.06111224339954361,113748.9906
CC.BTCUSD,BTC/USD,2025-09-10 17:50:00,113814.6176,113810.48,113814.6176,113783.57537,0.0,0.0,0.0,0.0,-0.007050839394458173,113818.50516
CC.BTCUSD,BTC/USD,2025-09-10 17:55:00,113811.23502,113803.64523,113812.63812,113793.92543,0.0,0.0,0.0,0.0,-0.006005395988138614,113810.48
CC.BTCUSD,BTC/USD,2025-09-10 18:00:00,113803.84517,113842.05961,113842.05961,113803.84517,0.0,0.0,0.0,0.0,0.03375496445862131,113803.64523
CC.BTCUSD,BTC/USD,2025-09-10 18:05:00,113845.23256,113955.95338,113987.24,113845.23256,0.0,0.0,0.0,0.0,0.10004542292206134,113842.05961
CC.BTCUSD,BTC/USD,2025-09-10 18:10:00,113947.19605,113883.90538,113986.92,113883.90538,0.0,0.0,0.0,0.0,-0.06322442826638197,113955.95338
CC.BTCUSD,BTC/USD,2025-09-10 18:15:00,113894.83905,113931.20638,113954.49,113894.83905,0.0,0.0,0.0,0.0,0.04153440281326499,113883.90538
CC.BTCUSD,BTC/USD,2025-09-10 18:20:00,113941.20334,113985.24021,113993.18751,113935.63228,0.0,0.0,0.0,0.0,0.04742671627629289,113931.20638
CC.BTCUSD,BTC/USD,2025-09-10 18:25:00,113982.45483,113931.01092,113982.45483,113931.01092,0.0,0.0,0.0,0.0,-0.04757571234669853,113985.24021
CC.BTCUSD,BTC/USD,2025-09-10 18:30:00,113931.20638,113953.19969,113953.19969,113931.20638,0.0,0.0,0.0,0.0,0.01947561934263348,113931.01092
CC.BTCUSD,BTC/USD,2025-09-10 18:35:00,113952.78273,113803.24535,113952.78273,113746.80985,0.0,0.0,0.0,0.0,-0.13159291745026436,113953.19969
CC.BTCUSD,BTC/USD,2025-09-10 18:40:00,113811.24291,113804.92396,113815.2417,113804.92396,0.0,0.0,0.0,0.0,0.0014750106597049375,113803.24535
CC.BTCUSD,BTC/USD,2025-09-10 18:45:00,113803.74738,113788.78284,113803.74738,113788.78284,0.0,0.0,0.0,0.0,-0.014183147300088253,113804.92396
CC.BTCUSD,BTC/USD,2025-09-10 18:50:00,113789.14536,113867.22158,113867.22158,113789.14536,0.0,0.0,0.002,227.602,0.0689336312791847,113788.78284
CC.BTCUSD,BTC/USD,2025-09-10 18:55:00,113861.95656,113820.26143,113861.95656,113820.26143,0.0,0.0,0.0,0.0,-0.04124114854862429,113867.22158
CC.BTCUSD,BTC/USD,2025-09-10 19:00:00,113821.23559,113885.91589,113912.27,113821.23559,0.0,0.0,0.0,0.0,0.057682577051874906,113820.26143
CC.BTCUSD,BTC/USD,2025-09-10 20:20:00,113901.57,113870.41907,113936.0,113870.41907,0.0,0.0,0.0,56.968,-0.01360731911307483,113885.91589
CC.BTCUSD,BTC/USD,2025-09-10 20:25:00,113865.48659,113898.11218,113898.11218,113842.32733,0.0,0.0,0.0,0.0,0.02431984551050874,113870.41907
CC.BTCUSD,BTC/USD,2025-09-10 20:30:00,113893.31862,113851.82627,113893.31862,113830.00001,0.0,0.0,0.0,0.0,-0.04063799576137226,113898.11218
CC.BTCUSD,BTC/USD,2025-09-10 20:35:00,113844.17977,113772.37965,113844.17977,113772.37965,0.0,0.0,0.047,5429.691,-0.06978071639500494,113851.82627
CC.BTCUSD,BTC/USD,2025-09-10 20:40:00,113768.61,113736.4839,113779.23248,113708.65541,0.0,0.0,0.041,4674.899,-0.031550495920383115,113772.37965
CC.BTCUSD,BTC/USD,2025-09-10 20:45:00,113735.35243,113754.02,113754.02,113729.74869,0.0,0.0,0.0,0.0,0.015418183680986406,113736.4839
CC.BTCUSD,BTC/USD,2025-09-10 20:50:00,113760.0401,113830.3,113846.02804,113760.0401,0.0,0.0,0.02,2276.0,0.0670569708217774,113754.02
CC.BTCUSD,BTC/USD,2025-09-10 20:55:00,113829.1,113908.59635,113934.8,113829.1,0.0,0.0,0.089,10205.019,0.06878339949908255,113830.3
CC.BTCUSD,BTC/USD,2025-09-10 21:00:00,113909.2,113909.54,113933.9,113893.12248,0.0,0.0,0.0,0.0,0.0008284273796922431,113908.59635
CC.BTCUSD,BTC/USD,2025-09-10 21:05:00,113905.89105,113928.82783,113928.82783,113862.89967,0.0,0.0,0.0,0.0,0.016932585277757352,113909.54
CC.BTCUSD,BTC/USD,2025-09-10 21:10:00,113932.82659,113947.79,113947.79,113932.82659,0.0,0.0,0.0,0.0,0.016643873513991967,113928.82783
CC.BTCUSD,BTC/USD,2025-09-10 21:15:00,113947.82198,114059.38763,114059.38763,113947.82198,0.0,0.0,0.001,153.9,0.0979375115568313,113947.79
CC.BTCUSD,BTC/USD,2025-09-10 21:20:00,114063.85,114012.9145,114182.84963,114012.9145,0.0,0.0,0.177,20252.75,-0.040744677808330694,114059.38763
CC.BTCUSD,BTC/USD,2025-09-10 21:25:00,114008.09,114013.76644,114031.93,113991.44,0.0,0.0,0.0,0.0,0.000747231139335311,114012.9145
CC.BTCUSD,BTC/USD,2025-09-10 21:30:00,114013.91153,114015.31,114036.53,114013.91153,0.0,0.0,0.0,0.0,0.001353836513069917,114013.76644
CC.BTCUSD,BTC/USD,2025-09-10 21:35:00,114016.6008,114084.4,114084.4,114016.6008,0.0,0.0,0.0,0.0,0.06059712507030547,114015.31
CC.BTCUSD,BTC/USD,2025-09-10 21:40:00,114083.1277,113877.85,114083.1277,113877.85,0.0,0.0,0.0,0.0,-0.18105016987422326,114084.4
CC.BTCUSD,BTC/USD,2025-09-10 21:45:00,113888.37,113952.1851,113981.21,113888.37,0.0,0.0,0.0,91.185,0.06527617091470957,113877.85
CC.BTCUSD,BTC/USD,2025-09-10 21:50:00,113949.11,113900.56332,113956.81921,113900.56332,0.0,0.0,0.0,0.0,-0.04530126381929407,113952.1851
CC.BTCUSD,BTC/USD,2025-09-10 21:55:00,113896.29,113915.1,113915.1,113882.19999,0.0,0.0,0.0,0.0,0.01276260588735138,113900.56332
CC.BTCUSD,BTC/USD,2025-09-10 22:00:00,113916.4,113942.13,113966.7,113916.4,0.0,0.0,0.0,0.0,0.02372819757872208,113915.1
CC.BTCUSD,BTC/USD,2025-09-10 22:05:00,113941.74,113886.98,113941.74,113886.98,0.0,0.0,1.0,113917.85,-0.04840176324596419,113942.13
CC.BTCUSD,BTC/USD,2025-09-10 22:10:00,113879.95,113948.5,113948.5,113855.76,0.0,0.0,0.0,0.0,0.05401846637781078,113886.98
CC.BTCUSD,BTC/USD,2025-09-10 22:15:00,113946.01,113965.9,113965.9,113937.59,0.0,0.0,0.0,0.0,0.015270056209598353,113948.5
CC.BTCUSD,BTC/USD,2025-09-10 22:20:00,113962.45,113862.94999,113962.45,113862.94999,0.0,0.0,0.013,1500.205,-0.09033404728958441,113965.9
CC.BTCUSD,BTC/USD,2025-09-10 22:25:00,113856.61,113798.93,113856.61,113798.93,0.0,0.0,0.0,0.0,-0.056225479847152426,113862.94999
CC.BTCUSD,BTC/USD,2025-09-10 22:30:00,113793.03,113772.7,113810.2,113772.7,0.0,0.0,0.0,0.0,-0.023049425860151698,113798.93
CC.BTCUSD,BTC/USD,2025-09-10 22:35:00,113771.56,113851.29576,113855.8,113760.12999,0.0,0.0,0.0,0.0,0.06908138771427287,113772.7
CC.BTCUSD,BTC/USD,2025-09-10 22:40:00,113848.92,113960.17,113971.0,113841.32872,0.0,0.0,0.086,9901.621,0.09562845927508191,113851.29576
CC.BTCUSD,BTC/USD,2025-09-10 22:45:00,113954.56,113934.00001,113954.56,113934.00001,0.0,0.0,0.0,0.0,-0.02296415493237231,113960.17
CC.BTCUSD,BTC/USD,2025-09-10 22:50:00,113934.0,113892.56363,113934.0,113858.23,0.0,0.0,1.232,140443.525,-0.03636875734755412,113934.00001
CC.BTCUSD,BTC/USD,2025-09-10 22:55:00,113893.05,113863.39,113893.05,113863.39,0.0,0.0,0.0,0.0,-0.02561504374840524,113892.56363
CC.BTCUSD,BTC/USD,2025-09-10 23:00:00,113859.79,113859.79,113859.79,113859.79,0.0,0.0,0.0,0.0,-0.0031616834875598035,113863.39
CC.BTCUSD,BTC/USD,2025-09-10 23:05:00,113868.17085,113882.30178,113882.30178,113868.17085,0.0,0.0,0.0,0.0,0.019771492640203118,113859.79
CC.BTCUSD,BTC/USD,2025-09-10 23:10:00,113878.332,113881.0,113881.0,113865.2,0.0,0.0,0.0,0.0,-0.001143092455673338,113882.30178
CC.BTCUSD,BTC/USD,2025-09-10 23:15:00,113881.0,113951.00011,113951.00011,113881.0,0.0,0.0,0.003,341.643,0.061467768986919316,113881.0
CC.BTCUSD,BTC/USD,2025-09-10 23:20:00,113955.2554,114051.9,114051.9,113955.2554,0.0,0.0,0.0,0.0,0.08854673491465559,113951.00011
CC.BTCUSD,BTC/USD,2025-09-10 23:25:00,114073.52628,114161.23191,114174.21305,114073.52628,0.0,0.0,0.0,0.0,0.09586154198220992,114051.9
CC.BTCUSD,BTC/USD,2025-09-10 23:30:00,114168.56759,114142.69409,114170.26709,114142.69409,0.0,0.0,0.0,0.0,-0.01623827957166071,114161.23191
CC.BTCUSD,BTC/USD,2025-09-10 23:35:00,114142.53,114070.38,114142.53,114070.38,0.0,0.0,0.0,0.0,-0.06335411177782535,114142.69409
CC.BTCUSD,BTC/USD,2025-09-10 23:40:00,114072.19607,114109.18514,114109.18514,114072.19607,0.0,0.0,0.0,0.0,0.03401859448526142,114070.38
CC.BTCUSD,BTC/USD,2025-09-10 23:45:00,114114.88346,114229.91,114275.23962,114114.88346,0.0,0.0,0.03,3450.136,0.10579767075883098,114109.18514
CC.BTCUSD,BTC/USD,2025-09-10 23:50:00,114224.93,114316.25673,114316.25673,114224.93,0.0,0.0,0.0,0.0,0.07559029854789363,114229.91
CC.BTCUSD,BTC/USD,2025-09-10 23:55:00,114313.43,114302.46,114313.43,114302.46,0.0,0.0,0.0,0.0,-0.012068913376487965,114316.25673
CC.BTCUSD,BTC/USD,2025-09-11 00:00:00,114296.92,114434.99,114447.90557,114289.61,0.0,0.0,0.005,617.225,0.11594676090085798,114302.46
CC.BTCUSD,BTC/USD,2025-09-11 00:05:00,114433.84,114308.08234,114433.84,114266.54,0.0,0.0,0.0,0.0,-0.11089934992786006,114434.99
CC.BTCUSD,BTC/USD,2025-09-11 00:10:00,114307.02,114248.84,114307.02,114248.84,0.0,0.0,0.0,0.0,-0.051826903913745656,114308.08234
CC.BTCUSD,BTC/USD,2025-09-11 00:15:00,114263.27378,114224.80622,114278.25248,114224.80622,0.0,0.0,0.009,1087.551,-0.02103634487667265,114248.84
CC.BTCUSD,BTC/USD,2025-09-11 00:20:00,114228.80614,114304.55115,114304.55115,114228.80614,0.0,0.0,0.0,0.0,0.06981402082347148,114224.80622
CC.BTCUSD,BTC/USD,2025-09-11 00:25:00,114288.59,114319.12619,114319.12619,114164.35,0.0,0.0,0.0,0.0,0.012751058337886733,114304.55115
CC.BTCUSD,BTC/USD,2025-09-11 00:30:00,114315.73,114274.62,114315.73,114265.58001,0.0,0.0,0.0,0.0,-0.03893153445384996,114319.12619
CC.BTCUSD,BTC/USD,2025-09-11 00:35:00,114268.86,114118.95255,114268.86,114107.57,0.0,0.0,0.1,11426.558,-0.1362222425241874,114274.62
CC.BTCUSD,BTC/USD,2025-09-11 00:40:00,114121.04668,114211.81798,114211.81798,114106.88,0.0,0.0,0.0,0.0,0.08137599226501602,114118.95255
CC.BTCUSD,BTC/USD,2025-09-11 00:45:00,114210.37,114242.0,114242.0,114209.23,0.0,0.0,0.0,0.0,0.026426354587296898,114211.81798
CC.BTCUSD,BTC/USD,2025-09-11 00:50:00,114242.0,114110.61,114242.0,114110.61,0.0,0.0,0.0,57.121,-0.11501024141734163,114242.0
CC.BTCUSD,BTC/USD,2025-09-11 00:55:00,114118.61349,114137.56077,114137.56077,114118.61349,0.0,0.0,0.0,0.0,0.02361811053327629,114110.61
CC.BTCUSD,BTC/USD,2025-09-11 01:00:00,114139.49064,114169.9677,114169.9677,114139.49064,0.0,0.0,0.0,0.0,0.028392870656576388,114137.56077
CC.BTCUSD,BTC/USD,2025-09-11 01:05:00,114174.45779,114140.01,114199.96602,114140.01,0.0,0.0,0.0,0.0,-0.02623956247295936,114169.9677
CC.BTCUSD,BTC/USD,2025-09-11 01:10:00,114139.44,114223.27388,114223.27388,114139.44,0.0,0.0,0.0,0.0,0.07294889846250988,114140.01
CC.BTCUSD,BTC/USD,2025-09-11 01:15:00,114228.45162,114140.8,114236.08401,114140.8,0.0,0.0,0.0,0.0,-0.07220409396305291,114223.27388
CC.BTCUSD,BTC/USD,2025-09-11 01:20:00,114137.69,114104.41,114137.69,114104.41,0.0,0.0,0.1,11413.769,-0.03188167596512327,114140.8
CC.BTCUSD,BTC/USD,2025-09-11 01:25:00,114098.34,114023.07,114098.34,114015.96,0.0,0.0,0.05,5702.5,-0.07128558834842273,114104.41
CC.BTCUSD,BTC/USD,2025-09-11 01:30:00,114023.02826,114124.65768,114124.65768,114000.00001,0.0,0.0,0.001,114.076,0.08909397019392383,114023.07
CC.BTCUSD,BTC/USD,2025-09-11 01:35:00,114125.33,114258.37,114278.3685,114125.33,0.0,0.0,0.001,171.2,0.11716339195944343,114124.65768
CC.BTCUSD,BTC/USD,2025-09-11 01:40:00,114258.37,114327.26015,114332.06543,114207.21903,0.0,0.0,0.02,2285.167,0.06029330717741427,114258.37
CC.BTCUSD,BTC/USD,2025-09-11 01:45:00,114332.07,114332.07001,114342.41825,114332.07,0.0,0.0,0.0,0.0,0.004207098109132752,114327.26015
CC.BTCUSD,BTC/USD,2025-09-11 01:50:00,114332.07,114296.38,114332.07,114296.38,0.0,0.0,0.09,10289.888,-0.03121609710807261,114332.07001
CC.BTCUSD,BTC/USD,2025-09-11 01:55:00,114293.53331,114293.53331,114293.53331,114293.53331,0.0,0.0,0.0,0.0,-0.0024906213127710297,114296.38
CC.BTCUSD,BTC/USD,2025-09-11 02:00:00,114293.53331,114293.53331,114293.53331,114293.53331,0.0,0.0,0.0,0.0,0.0,114293.53331
CC.BTCUSD,BTC/USD,2025-09-11 02:05:00,114287.81574,114161.25654,114287.81574,114161.25654,0.0,0.0,0.0,0.0,-0.11573425562163746,114293.53331
CC.BTCUSD,BTC/USD,2025-09-11 02:10:00,114152.05916,114147.37,114152.05916,114105.48418,0.0,0.0,0.0,0.0,-0.012163969126549691,114161.25654
CC.BTCUSD,BTC/USD,2025-09-11 02:15:00,114153.77752,114207.21903,114209.08397,114153.77752,0.0,0.0,0.005,570.878,0.052431370078870485,114147.37
CC.BTCUSD,BTC/USD,2025-09-11 02:20:00,114199.49922,114206.30513,114206.30513,114148.76255,0.0,0.0,0.0,0.0,-0.0008002121124755643,114207.21903
CC.BTCUSD,BTC/USD,2025-09-11 02:25:00,114207.79921,114270.93877,114270.93877,114207.79921,0.0,0.0,0.0,0.0,0.05659375804727079,114206.30513
CC.BTCUSD,BTC/USD,2025-09-11 02:30:00,114275.21899,114284.09376,114284.09376,114275.21899,0.0,0.0,0.0,0.0,0.011512104601230103,114270.93877
CC.BTCUSD,BTC/USD,2025-09-11 02:35:00,114290.85906,114354.48271,114394.70882,114290.85906,0.0,0.0,0.0,0.0,0.06159120458863863,114284.09376
CC.BTCUSD,BTC/USD,2025-09-11 02:40:00,114355.7374,114409.13,114410.26681,114355.7374,0.0,0.0,0.0,0.0,0.04778762380360041,114354.48271
CC.BTCUSD,BTC/USD,2025-09-11 02:45:00,114413.45635,114413.45635,114413.45635,114413.45635,0.0,0.0,0.0,0.0,0.003781472684905874,114409.13
CC.BTCUSD,BTC/USD,2025-09-11 02:50:00,114416.20048,114424.83523,114449.99999,114416.20048,0.0,0.0,0.0,0.0,0.009945403594132261,114413.45635
CC.BTCUSD,BTC/USD,2025-09-11 02:55:00,114425.53794,114429.64924,114435.83639,114425.53794,0.0,0.0,0.0,0.0,0.00420713736692341,114424.83523
CC.BTCUSD,BTC/USD,2025-09-11 03:00:00,114422.78198,114350.45999,114422.78198,114350.45999,0.0,0.0,0.096,11000.0,-0.06920343680675588,114429.64924
CC.BTCUSD,BTC/USD,2025-09-11 03:05:00,114350.01,114114.82791,114350.01,114114.82791,0.0,0.0,0.001,217.184,-0.2060613311224125,114350.45999
CC.BTCUSD,BTC/USD,2025-09-11 03:10:00,114111.97307,114081.69103,114111.97307,114011.90258,0.0,0.0,0.0,57.028,-0.029038189520944502,114114.82791
CC.BTCUSD,BTC/USD,2025-09-11 03:15:00,114083.67636,114117.00001,114117.99516,114083.67636,0.0,0.0,0.0,0.0,0.030950610638052715,114081.69103
CC.BTCUSD,BTC/USD,2025-09-11 03:20:00,114119.72425,114051.82143,114127.41729,114051.7214,0.0,0.0,0.03,3494.263,-0.05711557436165997,114117.00001
CC.BTCUSD,BTC/USD,2025-09-11 03:25:00,114054.2,114097.09644,114097.09644,114054.2,0.0,0.0,0.0,0.0,0.03969687588705927,114051.82143
CC.BTCUSD,BTC/USD,2025-09-11 03:30:00,114095.55669,114084.67455,114095.55669,114055.8229,0.0,0.0,0.0,0.0,-0.010887121922975557,114097.09644
CC.BTCUSD,BTC/USD,2025-09-11 03:35:00,114084.8544,114082.38736,114092.35478,114082.38736,0.0,0.0,0.0,0.0,-0.00200481792057033,114084.67455
CC.BTCUSD,BTC/USD,2025-09-11 03:40:00,114078.16028,114140.7691,114145.0333,114078.16028,0.0,0.0,0.0,0.0,0.05117506860702467,114082.38736
CC.BTCUSD,BTC/USD,2025-09-11 03:45:00,114137.1944,114244.54415,114244.54415,114094.46873,0.0,0.0,0.0,0.0,0.09091847796213645,114140.7691
CC.BTCUSD,BTC/USD,2025-09-11 03:50:00,114240.34068,114114.73,114244.74586,114114.73,0.0,0.0,0.0,0.0,-0.1136283145649066,114244.54415
CC.BTCUSD,BTC/USD,2025-09-11 03:55:00,114108.22963,114106.177,114108.22963,114072.3197,0.0,0.0,0.007,798.714,-0.007495088495586752,114114.73
CC.BTCUSD,BTC/USD,2025-09-11 04:00:00,114109.67231,114109.68733,114109.68733,114086.70474,0.0,0.0,0.0,0.0,0.0030763715797827622,114106.177
CC.BTCUSD,BTC/USD,2025-09-11 04:05:00,114106.6563,114041.93155,114113.32743,114005.18818,0.0,0.0,1.033,117826.225,-0.059377763260414655,114109.68733
CC.BTCUSD,BTC/USD,2025-09-11 04:10:00,114036.7792,114153.0,114165.21726,114025.04463,0.0,0.0,0.0,0.0,0.09739264189094325,114041.93155
CC.BTCUSD,BTC/USD,2025-09-11 04:15:00,114153.0,114175.1132,114202.29497,114153.0,0.0,0.0,0.007,799.071,0.01937154520687766,114153.0
CC.BTCUSD,BTC/USD,2025-09-11 04:20:00,114170.25231,114164.44997,114170.25231,114164.44997,0.0,0.0,0.0,0.0,-0.00933936450873216,114175.1132
CC.BTCUSD,BTC/USD,2025-09-11 04:25:00,114162.95,114133.48184,114162.95,114128.53216,0.0,0.0,0.003,342.489,-0.02712589602818229,114164.44997
CC.BTCUSD,BTC/USD,2025-09-11 04:30:00,114138.21997,114191.00941,114191.00941,114138.21997,0.0,0.0,0.0,0.0,0.05040376327136999,114133.48184
CC.BTCUSD,BTC/USD,2025-09-11 04:35:00,114187.4117,114210.93801,114210.93801,114169.69957,0.0,0.0,0.0,0.0,0.01745198689718744,114191.00941
CC.BTCUSD,BTC/USD,2025-09-11 04:40:00,114209.12661,114180.55184,114209.12661,114157.67273,0.0,0.0,0.0,67.372,-0.02660530640010803,114210.93801
CC.BTCUSD,BTC/USD,2025-09-11 04:45:00,114176.85057,114150.31579,114176.85057,114150.31579,0.0,0.0,0.047,5407.963,-0.02648091072670261,114180.55184
CC.BTCUSD,BTC/USD,2025-09-11 04:50:00,114139.94967,114080.42463,114139.94967,114080.42463,0.0,0.0,0.0,0.0,-0.06122730324161044,114150.31579
CC.BTCUSD,BTC/USD,2025-09-11 04:55:00,114088.1556,114072.89604,114103.98814,114072.89604,0.0,0.0,0.0,0.0,-0.006599370597019457,114080.42463
CC.BTCUSD,BTC/USD,2025-09-11 05:00:00,114072.89604,114072.89604,114072.89604,114072.89604,0.0,0.0,0.0,0.0,0.0,114072.89604
CC.BTCUSD,BTC/USD,2025-09-11 05:05:00,114077.02764,114053.82518,114095.31707,114053.82518,0.0,0.0,0.01,1140.92,-0.01671813433518847,114072.89604
CC.BTCUSD,BTC/USD,2025-09-11 05:10:00,114050.00001,114026.8,114050.00001,114008.28863,0.0,0.0,0.07,7983.5,-0.023695110582521637,114053.82518
CC.BTCUSD,BTC/USD,2025-09-11 05:15:00,114014.01483,113946.86116,114014.01483,113888.3569,0.0,0.0,0.036,4179.231,-0.07010530857658245,114026.8
CC.BTCUSD,BTC/USD,2025-09-11 05:20:00,113947.76593,113970.0,114000.8,113947.76593,0.0,0.0,0.0,0.0,0.02030669363284076,113946.86116
CC.BTCUSD,BTC/USD,2025-09-11 05:25:00,113973.1,114010.1,114010.1,113973.1,0.0,0.0,0.0,0.0,0.03518469772747725,113970.0
CC.BTCUSD,BTC/USD,2025-09-11 05:30:00,114010.2,114035.01,114050.8,114010.2,0.0,0.0,0.002,228.034,0.021848941453422935,114010.1
CC.BTCUSD,BTC/USD,2025-09-11 05:35:00,114035.00001,113961.7,114035.00001,113895.06537,0.0,0.0,0.045,5131.501,-0.06428727458347895,114035.01
CC.BTCUSD,BTC/USD,2025-09-11 05:40:00,113962.9,113948.5325,113991.0,113948.5325,0.0,0.0,0.0,0.0,-0.011554320442741663,113961.7
CC.BTCUSD,BTC/USD,2025-09-11 05:45:00,113942.33589,113884.79959,113942.33589,113884.79959,0.0,0.0,0.0,0.0,-0.055931312673996994,113948.5325
CC.BTCUSD,BTC/USD,2025-09-11 05:50:00,113884.23203,113912.2,113912.2,113818.20876,0.0,0.0,0.007,797.167,0.024059760476066193,113884.79959
CC.BTCUSD,BTC/USD,2025-09-11 05:55:00,113923.6,113886.6,113923.6,113886.6,0.0,0.0,0.082,9396.463,-0.02247344884919374,113912.2
CC.BTCUSD,BTC/USD,2025-09-11 06:00:00,113885.4,113930.5,113930.5,113878.6,0.0,0.0,0.083,9554.483,0.03854711616642711,113886.6
CC.BTCUSD,BTC/USD,2025-09-11 06:05:00,113936.56673,113994.9,113994.9,113932.24621,0.0,0.0,0.0,0.0,0.05652568890682845,113930.5
CC.BTCUSD,BTC/USD,2025-09-11 06:10:00,113992.75,113970.9,113992.75,113967.00001,0.0,0.0,0.0,0.0,-0.021053573449338524,113994.9
CC.BTCUSD,BTC/USD,2025-09-11 06:15:00,113969.67672,113992.6,113992.6,113969.67672,0.0,0.0,0.0,0.0,0.019039947916539783,113970.9
CC.BTCUSD,BTC/USD,2025-09-11 06:20:00,113990.00001,114017.60726,114026.85845,113987.7,0.0,0.0,0.0,0.0,0.02193761700320766,113992.6
CC.BTCUSD,BTC/USD,2025-09-11 06:25:00,114013.99,113991.15065,114013.99,113987.7,0.0,0.0,0.0,0.0,-0.023203968786748918,114017.60726
CC.BTCUSD,BTC/USD,2025-09-11 06:30:00,113990.95736,113993.08763,113993.08763,113938.53696,0.0,0.0,0.003,344.203,0.0016992371679323728,113991.15065
CC.BTCUSD,BTC/USD,2025-09-11 06:35:00,114001.62185,114076.36068,114076.36068,114000.73987,0.0,0.0,0.0,0.0,0.07305096452014002,113993.08763
CC.BTCUSD,BTC/USD,2025-09-11 06:40:00,114090.06406,114077.9294,114112.3601,114038.75543,0.0,0.0,0.0,0.0,0.0013751490586170975,114076.36068
CC.BTCUSD,BTC/USD,2025-09-11 06:45:00,114081.50404,114080.0,114108.0628,114075.0,0.0,0.0,0.0,0.0,0.001815075020117239,114077.9294
CC.BTCUSD,BTC/USD,2025-09-11 06:50:00,114077.19302,114077.19302,114077.19302,114077.19302,0.0,0.0,0.0,0.0,-0.002460536465632826,114080.0
CC.BTCUSD,BTC/USD,2025-09-11 06:55:00,114079.99999,114082.17,114127.53604,114079.99999,0.0,0.0,0.0,91.264,0.004362817727395885,114077.19302
CC.BTCUSD,BTC/USD,2025-09-11 07:00:00,114090.677,114090.677,114090.677,114090.677,0.0,0.0,0.0,0.0,0.0074569058425149074,114082.17
CC.BTCUSD,BTC/USD,2025-09-11 07:05:00,114088.61481,114079.0,114088.61481,114056.88305,0.0,0.0,0.0,0.0,-0.010234841537486926,114090.677
CC.BTCUSD,BTC/USD,2025-09-11 07:10:00,114079.01,114043.76801,114079.01,114043.76801,0.0,0.0,1.0,114178.249,-0.030883852418061367,114079.0
CC.BTCUSD,BTC/USD,2025-09-11 07:15:00,114039.89,114107.79,114134.47292,114028.27,0.0,0.0,0.0,0.0,0.05613808725995445,114043.76801
CC.BTCUSD,BTC/USD,2025-09-11 07:20:00,114106.82387,114022.98,114106.82387,114022.98,0.0,0.0,0.0,0.0,-0.07432446110821853,114107.79
CC.BTCUSD,BTC/USD,2025-09-11 07:25:00,114017.46,114010.96,114017.46,114010.96,0.0,0.0,0.001,193.819,-0.010541734657337954,114022.98
CC.BTCUSD,BTC/USD,2025-09-11 07:30:00,114005.91988,113972.53,114005.91988,113972.53,0.0,0.0,0.0,0.0,-0.03370728568552318,114010.96
CC.BTCUSD,BTC/USD,2025-09-11 07:35:00,113968.17309,114033.27685,114033.27685,113949.01,0.0,0.0,0.001,167.614,0.05329955384862994,113972.53
CC.BTCUSD,BTC/USD,2025-09-11 07:40:00,114037.6,114011.66566,114037.6,114011.66566,0.0,0.0,0.0,0.0,-0.01895165218169032,114033.27685
CC.BTCUSD,BTC/USD,2025-09-11 07:45:00,114013.2,114030.67951,114031.1,114013.2,0.0,0.0,0.0,0.0,0.01667710921503873,114011.66566
CC.BTCUSD,BTC/USD,2025-09-11 07:50:00,114028.85291,114003.28674,114028.85291,114003.28674,0.0,0.0,0.0,0.0,-0.0240222807736611,114030.67951
CC.BTCUSD,BTC/USD,2025-09-11 07:55:00,114001.40201,114001.40201,114001.40201,114001.40201,0.0,0.0,0.0,0.0,-0.0016532242656205618,114003.28674
CC.BTCUSD,BTC/USD,2025-09-11 08:00:00,114001.5,114026.80778,114026.80778,114001.5,0.0,0.0,0.0,0.0,0.022285489083519364,114001.40201
CC.BTCUSD,BTC/USD,2025-09-11 08:05:00,114032.20413,114153.287,114195.95195,114032.20413,0.0,0.0,0.0,0.0,0.11092060056966527,114026.80778
CC.BTCUSD,BTC/USD,2025-09-11 08:10:00,114159.40894,114272.08708,114308.23625,114159.40894,0.0,0.0,0.001,114.28,0.10407066070730042,114153.287
CC.BTCUSD,BTC/USD,2025-09-11 08:15:00,114282.78956,114276.23883,114498.41211,114247.6991,0.0,0.0,0.313,35918.61,0.0036332144674122986,114272.08708
CC.BTCUSD,BTC/USD,2025-09-11 08:20:00,114272.7069,114200.66,114272.7069,114112.23686,0.0,0.0,0.1,11421.709,-0.06613695968103342,114276.23883
CC.BTCUSD,BTC/USD,2025-09-11 08:25:00,114199.52,114214.12895,114253.14673,114140.00763,0.0,0.0,0.003,399.683,0.011794108720558137,114200.66
CC.BTCUSD,BTC/USD,2025-09-11 08:30:00,114205.88,114405.72676,114405.72676,114205.88,0.0,0.0,0.01,1142.5,0.16775315957965511,114214.12895
CC.BTCUSD,BTC/USD,2025-09-11 08:35:00,114415.22959,113775.02999,114499.99999,113533.02102,0.0,0.0,3.905,446303.066,-0.5512807687705035,114405.72676
CC.BTCUSD,BTC/USD,2025-09-11 08:40:00,113775.03,113917.64349,114046.53,113775.03,0.0,0.0,0.009,1041.337,0.12534692367256808,113775.02999
CC.BTCUSD,BTC/USD,2025-09-11 08:45:00,113917.0512,113869.99999,114007.27899,113805.0,0.0,0.0,0.003,341.753,-0.041822757687388315,113917.64349
CC.BTCUSD,BTC/USD,2025-09-11 08:50:00,113870.0,114147.56342,114168.9,113870.0,0.0,0.0,0.252,28793.753,0.2437546588428776,113869.99999
CC.BTCUSD,BTC/USD,2025-09-11 08:55:00,114141.89,114081.9,114162.5188,114049.42,0.0,0.0,0.0,0.0,-0.057525029910981594,114147.56342
CC.BTCUSD,BTC/USD,2025-09-11 09:00:00,114091.1,114003.3,114116.9,113952.46,0.0,0.0,0.183,20916.508,-0.0688978707402237,114081.9
CC.BTCUSD,BTC/USD,2025-09-11 09:05:00,114010.3,113807.6,114039.9,113793.36637,0.0,0.0,0.0,0.0,-0.17166169751226243,114003.3
CC.BTCUSD,BTC/USD,2025-09-11 09:10:00,113805.38,113809.40567,113886.31254,113805.38,0.0,0.0,0.0,0.0,0.0015865987860099004,113807.6
CC.BTCUSD,BTC/USD,2025-09-11 09:15:00,113806.62,113514.16,113806.62,113503.68,0.0,0.0,0.021,2387.8,-0.2594211508810433,113809.40567
CC.BTCUSD,BTC/USD,2025-09-11 09:20:00,113506.07,113594.25,113601.70402,113457.41303,0.0,0.0,0.205,23267.59,0.0705550743625258,113514.16
CC.BTCUSD,BTC/USD,2025-09-11 09:25:00,113594.90014,113793.10785,113793.10785,113594.90014,0.0,0.0,0.0,0.0,0.17505978515637924,113594.25
CC.BTCUSD,BTC/USD,2025-09-11 09:30:00,113803.80933,113748.67,113814.85481,113748.67,0.0,0.0,1.0,113783.729,-0.03905144242881497,113793.10785
CC.BTCUSD,BTC/USD,2025-09-11 09:35:00,113755.07985,113864.23,113995.1,113755.07985,0.0,0.0,0.001,136.737,0.10159239664076748,113748.67
CC.BTCUSD,BTC/USD,2025-09-11 09:40:00,113865.31673,114102.7,114102.7,113725.0,0.0,0.0,0.211,24050.397,0.20943363864139,113864.23
CC.BTCUSD,BTC/USD,2025-09-11 09:45:00,114101.44209,113950.01255,114190.95168,113934.8,0.0,0.0,0.005,569.895,-0.13381580803959733,114102.7
CC.BTCUSD,BTC/USD,2025-09-11 09:50:00,113949.5,114012.13527,114165.09654,113852.19,0.0,0.0,0.0,87.828,0.05451751922602083,113950.01255
CC.BTCUSD,BTC/USD,2025-09-11 09:55:00,114023.13248,114200.82,114231.51904,114003.09,0.0,0.0,0.016,1826.852,0.16549530412106642,114012.13527
CC.BTCUSD,BTC/USD,2025-09-11 10:00:00,114205.89973,114645.68057,114724.99999,114149.23813,0.0,0.0,1.058,120859.066,0.38954236055396957,114200.82
CC.BTCUSD,BTC/USD,2025-09-11 10:05:00,114671.77401,114418.15,114693.06866,114294.61,0.0,0.0,0.003,442.269,-0.19846414524189396,114645.68057
CC.BTCUSD,BTC/USD,2025-09-11 10:10:00,114424.13626,114229.09,114437.83282,114229.09,0.0,0.0,0.0,0.0,-0.16523602243175378,114418.15
CC.BTCUSD,BTC/USD,2025-09-11 10:15:00,114233.18426,114225.63024,114363.6945,114225.63024,0.0,0.0,0.002,228.588,-0.0030287906521866835,114229.09
CC.BTCUSD,BTC/USD,2025-09-11 10:20:00,114220.8,114017.82,114220.8,113991.08,0.0,0.0,0.0,0.0,-0.18192960683461368,114225.63024
CC.BTCUSD,BTC/USD,2025-09-11 10:25:00,114026.50914,114121.3,114121.3,113962.93,0.0,0.0,0.004,567.759,0.09075774295631676,114017.82
CC.BTCUSD,BTC/USD,2025-09-11 10:30:00,114114.14,114185.16922,114192.46738,114064.46,0.0,0.0,0.0,0.0,0.055966081704285894,114121.3
CC.BTCUSD,BTC/USD,2025-09-11 10:35:00,114185.5032,114459.76755,114471.09727,114161.21,0.0,0.0,0.0,0.0,0.2404851101730565,114185.16922
CC.BTCUSD,BTC/USD,2025-09-11 10:40:00,114461.86797,114482.0931,114558.17396,114461.86797,0.0,0.0,0.0,0.0,0.019505150567636385,114459.76755
CC.BTCUSD,BTC/USD,2025-09-11 10:45:00,114484.98991,114582.77,114592.66528,114481.41571,0.0,0.0,0.0,0.0,0.08794117688961597,114482.0931
CC.BTCUSD,BTC/USD,2025-09-11 10:50:00,114566.70272,114540.01,114593.83954,114513.78,0.0,0.0,0.001,115.7,-0.03731800165069261,114582.77
CC.BTCUSD,BTC/USD,2025-09-11 10:55:00,114540.97828,114426.17,114573.67006,114410.00001,0.0,0.0,0.036,4165.712,-0.09938885110975329,114540.01
CC.BTCUSD,BTC/USD,2025-09-11 11:00:00,114421.94,114490.31,114549.97602,114324.56,0.0,0.0,0.0,0.0,0.05605361081298047,114426.17
CC.BTCUSD,BTC/USD,2025-09-11 11:05:00,114500.68842,114508.99999,114526.88183,114428.46,0.0,0.0,0.0,0.0,0.01632451689579576,114490.31
CC.BTCUSD,BTC/USD,2025-09-11 11:10:00,114509.0,114511.98558,114567.17169,114489.74,0.0,0.0,0.001,218.712,0.0026072972432361835,114508.99999
CC.BTCUSD,BTC/USD,2025-09-11 11:15:00,114516.2845,114581.49568,114610.02999,114516.2845,0.0,0.0,0.0,0.0,0.06070115686838137,114511.98558
CC.BTCUSD,BTC/USD,2025-09-11 11:20:00,114591.86548,114700.93803,114701.03801,114591.86548,0.0,0.0,0.002,229.22,0.10424226817004796,114581.49568
CC.BTCUSD,BTC/USD,2025-09-11 11:25:00,114706.3,114528.97889,114711.8,114525.34464,0.0,0.0,0.003,401.035,-0.14991955859596406,114700.93803
CC.BTCUSD,BTC/USD,2025-09-11 11:30:00,114531.08077,114428.31763,114599.99999,114413.32228,0.0,0.0,0.001,114.5,-0.08789151966217577,114528.97889
CC.BTCUSD,BTC/USD,2025-09-11 11:35:00,114442.30311,114523.68264,114530.181,114442.30311,0.0,0.0,0.0,0.0,0.08334039333546223,114428.31763
CC.BTCUSD,BTC/USD,2025-09-11 11:40:00,114527.18176,114382.68244,114535.17974,114381.06397,0.0,0.0,0.0,0.0,-0.12311881416110472,114523.68264
CC.BTCUSD,BTC/USD,2025-09-11 11:45:00,114378.46577,114311.48929,114378.46577,114311.48929,0.0,0.0,0.0,0.0,-0.062241196378089086,114382.68244
CC.BTCUSD,BTC/USD,2025-09-11 11:50:00,114311.39031,114151.18,114326.23232,114151.18,0.0,0.0,0.003,349.606,-0.14023900046767093,114311.48929
CC.BTCUSD,BTC/USD,2025-09-11 11:55:00,114162.9734,114151.5,114204.66291,114038.5,0.0,0.0,0.0,0.0,0.0002803299974708846,114151.18
CC.BTCUSD,BTC/USD,2025-09-11 12:00:00,114152.97592,114224.45048,114227.3,114130.5,0.0,0.0,0.0,0.0,0.06390672045483373,114151.5
CC.BTCUSD,BTC/USD,2025-09-11 12:05:00,114226.1,114385.76501,114385.76501,114226.0,0.0,0.0,0.086,9860.96,0.14122591907609874,114224.45048
CC.BTCUSD,BTC/USD,2025-09-11 12:10:00,114393.96295,114310.03,114393.96295,114249.69786,0.0,0.0,0.025,2927.231,-0.06621017046429069,114385.76501
CC.BTCUSD,BTC/USD,2025-09-11 12:15:00,114312.29987,114344.0,114372.28481,114310.04,0.0,0.0,0.0,0.0,0.029717427245886618,114310.03
CC.BTCUSD,BTC/USD,2025-09-11 12:20:00,114351.19011,114438.3038,114438.3038,114351.19011,0.0,0.0,0.2,22880.681,0.0824737633806708,114344.0
CC.BTCUSD,BTC/USD,2025-09-11 12:25:00,114436.45,114433.0,114475.99435,114417.01,0.0,0.0,0.198,22657.734,-0.00463463702613375,114438.3038
CC.BTCUSD,BTC/USD,2025-09-11 12:30:00,114433.0,114433.00001,114454.79966,114433.0,0.0,0.0,0.01,1144.33,8.738740909840307e-09,114433.0
CC.BTCUSD,BTC/USD,2025-09-11 12:35:00,114438.10385,114444.00001,114480.79315,114438.10385,0.0,0.0,0.0,0.0,0.009612611745771533,114433.00001
CC.BTCUSD,BTC/USD,2025-09-11 12:40:00,114444.0,114545.87683,114545.87683,114433.00001,0.0,0.0,0.103,11846.922,0.0890189262793056,114444.00001
CC.BTCUSD,BTC/USD,2025-09-11 12:45:00,114546.7766,114576.99999,114576.99999,114543.75,0.0,0.0,0.0,0.0,0.027170912529827135,114545.87683
CC.BTCUSD,BTC/USD,2025-09-11 12:50:00,114573.53963,114538.11349,114573.53963,114512.40143,0.0,0.0,0.0,0.0,-0.03393918500518182,114576.99999
CC.BTCUSD,BTC/USD,2025-09-11 12:55:00,114537.19232,114479.4,114537.19232,114458.51,0.0,0.0,1.019,116757.769,-0.05126109398085668,114538.11349
CC.BTCUSD,BTC/USD,2025-09-11 13:00:00,114480.00328,114533.09002,114533.09002,114480.00328,0.0,0.0,0.0,0.0,0.04689928493686122,114479.4
CC.BTCUSD,BTC/USD,2025-09-11 13:05:00,114517.88,114455.79782,114517.88,114455.79782,0.0,0.0,0.08,9250.117,-0.06748460203640651,114533.09002
CC.BTCUSD,BTC/USD,2025-09-11 13:10:00,114455.61124,114466.44378,114495.73647,114433.0,0.0,0.0,0.041,4771.856,0.00930137240992968,114455.79782
CC.BTCUSD,BTC/USD,2025-09-11 13:15:00,114469.9429,114489.40637,114560.42033,114469.9429,0.0,0.0,0.0,0.0,0.02006054284706244,114466.44378
CC.BTCUSD,BTC/USD,2025-09-11 13:20:00,114490.00622,114375.7455,114507.90175,114375.7455,0.0,0.0,2.75,314725.08,-0.09927632049437836,114489.40637
CC.BTCUSD,BTC/USD,2025-09-11 13:25:00,114385.83224,114535.19493,114535.19493,114385.83224,0.0,0.0,0.0,0.0,0.13940842903620096,114375.7455
CC.BTCUSD,BTC/USD,2025-09-11 13:30:00,114542.19318,114506.20182,114592.88052,114506.20182,0.0,0.0,0.0,0.0,-0.02531371253850434,114535.19493
CC.BTCUSD,BTC/USD,2025-09-11 13:35:00,114509.20142,114551.89076,114551.89076,114506.01892,0.0,0.0,0.0,0.0,0.03990084316290068,114506.20182
CC.BTCUSD,BTC/USD,2025-09-11 13:40:00,114558.38914,114594.21,114594.21,114558.38914,0.0,0.0,0.0,0.0,0.03694329244086903,114551.89076
CC.BTCUSD,BTC/USD,2025-09-11 13:45:00,114594.22,114599.99999,114599.99999,114594.22,0.0,0.0,0.0,0.0,0.0050526025704005564,114594.21
CC.BTCUSD,BTC/USD,2025-09-11 13:50:00,114598.6062,114540.61,114598.6062,114531.2852,0.0,0.0,0.0,0.0,-0.05182372600800908,114599.99999
CC.BTCUSD,BTC/USD,2025-09-11 13:55:00,114537.69486,114555.53218,114581.3834,114530.28847,0.0,0.0,0.0,0.0,0.013027850995375453,114540.61
CC.BTCUSD,BTC/USD,2025-09-11 14:00:00,114555.53218,114599.99999,114599.99999,114555.53218,0.0,0.0,0.017,1970.355,0.03881768881325616,114555.53218
CC.BTCUSD,BTC/USD,2025-09-11 14:05:00,114598.08063,114599.99999,114599.99999,114587.67384,0.0,0.0,0.0,0.0,0.0,114599.99999
CC.BTCUSD,BTC/USD,2025-09-11 14:10:00,114600.0,114539.13877,114636.47707,114527.15453,0.0,0.0,0.22,25212.0,-0.05310752181963555,114599.99999
CC.BTCUSD,BTC/USD,2025-09-11 14:15:00,114544.40006,114408.17168,114544.40006,114408.17168,0.0,0.0,0.0,68.724,-0.11434265300614287,114539.13877
CC.BTCUSD,BTC/USD,2025-09-11 14:20:00,114405.92,114212.29,114405.92,114149.7196,0.0,0.0,0.113,12995.561,-0.17121301487789484,114408.17168
CC.BTCUSD,BTC/USD,2025-09-11 14:25:00,114210.58,114200.08626,114210.58,114151.19,0.0,0.0,0.0,0.0,-0.010685137300020162,114212.29
CC.BTCUSD,BTC/USD,2025-09-11 14:30:00,114213.48292,114236.47718,114256.37221,114212.76,0.0,0.0,0.0,0.0,0.03186593039619415,114200.08626
CC.BTCUSD,BTC/USD,2025-09-11 14:35:00,114242.97556,114187.64,114255.67239,114187.64,0.0,0.0,0.0,0.0,-0.042750950664427925,114236.47718
CC.BTCUSD,BTC/USD,2025-09-11 14:40:00,114187.24632,114223.65354,114223.65354,114164.64,0.0,0.0,0.0,0.0,0.03153891261786295,114187.64
CC.BTCUSD,BTC/USD,2025-09-11 14:45:00,114228.95221,114291.73652,114293.63605,114228.95221,0.0,0.0,0.0,0.0,0.05960497488041259,114223.65354
CC.BTCUSD,BTC/USD,2025-09-11 14:50:00,114287.52253,114290.70467,114291.73652,114273.18,0.0,0.0,0.0,0.0,-0.0009028211762438577,114291.73652
CC.BTCUSD,BTC/USD,2025-09-11 14:55:00,114286.46152,114246.62019,114311.73152,114244.2446,0.0,0.0,0.0,0.0,-0.038572235710063525,114290.70467
CC.BTCUSD,BTC/USD,2025-09-11 15:00:00,114256.84524,114339.92448,114339.92448,114256.84524,0.0,0.0,0.0,0.0,0.08166919060260039,114246.62019
CC.BTCUSD,BTC/USD,2025-09-11 15:05:00,114339.79703,114357.22015,114357.22015,114313.05401,0.0,0.0,0.0,0.0,0.015126536140941347,114339.92448
CC.BTCUSD,BTC/USD,2025-09-11 15:10:00,114361.11918,114330.5199,114424.77,114330.5199,0.0,0.0,0.0,0.0,-0.023348110390382214,114357.22015
CC.BTCUSD,BTC/USD,2025-09-11 15:15:00,114323.71242,114295.563,114323.71242,114295.563,0.0,0.0,0.0,0.0,-0.03057530048020422,114330.5199
CC.BTCUSD,BTC/USD,2025-09-11 15:20:00,114291.0765,114278.44446,114291.0765,114266.5717,0.0,0.0,0.0,0.0,-0.014977431801089118,114295.563
CC.BTCUSD,BTC/USD,2025-09-11 15:25:00,114277.37285,114218.40164,114277.37285,114218.40164,0.0,0.0,0.0,0.0,-0.05254080967213263,114278.44446
CC.BTCUSD,BTC/USD,2025-09-11 15:30:00,114225.89793,114368.44141,114385.11318,114225.89793,0.0,0.0,0.0,0.0,0.1313621691826041,114218.40164
CC.BTCUSD,BTC/USD,2025-09-11 15:35:00,114370.51683,114421.58011,114431.36236,114370.51683,0.0,0.0,0.0,0.0,0.04646272987973902,114368.44141
CC.BTCUSD,BTC/USD,2025-09-11 15:40:00,114424.70329,114470.74372,114470.74372,114424.70329,0.0,0.0,0.0,0.0,0.04296707837170179,114421.58011
CC.BTCUSD,BTC/USD,2025-09-11 15:45:00,114467.03378,114431.60296,114467.03378,114414.24306,0.0,0.0,0.0,0.0,-0.03419280658797381,114470.74372
CC.BTCUSD,BTC/USD,2025-09-11 15:50:00,114436.7841,114435.18401,114461.28274,114406.65176,0.0,0.0,0.0,0.0,0.003129423959258161,114431.60296
CC.BTCUSD,BTC/USD,2025-09-11 15:55:00,114436.3281,114446.45105,114477.00825,114414.56896,0.0,0.0,0.0,0.0,0.009845783093267464,114435.18401
CC.BTCUSD,BTC/USD,2025-09-11 16:00:00,114446.36413,114450.71629,114548.25403,114425.38663,0.0,0.0,0.0,0.0,0.0037268433934486383,114446.45105
CC.BTCUSD,BTC/USD,2025-09-11 16:05:00,114453.31526,114398.69221,114453.31526,114381.3061,0.0,0.0,0.0,0.0,-0.04545544290713051,114450.71629
CC.BTCUSD,BTC/USD,2025-09-11 16:10:00,114407.74359,114457.76401,114511.39495,114407.74359,0.0,0.0,0.0,0.0,0.05163677910894989,114398.69221
CC.BTCUSD,BTC/USD,2025-09-11 16:15:00,114456.6588,114356.0,114456.6588,114356.0,0.0,0.0,0.0,0.0,-0.0889096610266718,114457.76401
CC.BTCUSD,BTC/USD,2025-09-11 16:20:00,114356.6203,114334.4502,114418.89178,114334.4502,0.0,0.0,1.0,114410.001,-0.01884448564132482,114356.0
CC.BTCUSD,BTC/USD,2025-09-11 16:25:00,114341.80026,114354.21051,114417.90593,114341.80026,0.0,0.0,0.0,0.0,0.017282901142597038,114334.4502
CC.BTCUSD,BTC/USD,2025-09-11 16:30:00,114346.12655,114300.82,114378.51733,114300.82,0.0,0.0,0.0,0.0,-0.04668871374467543,114354.21051
CC.BTCUSD,BTC/USD,2025-09-11 16:35:00,114302.41604,114328.11156,114328.11156,114289.35297,0.0,0.0,0.001,114.316,0.023876959062933967,114300.82
CC.BTCUSD,BTC/USD,2025-09-11 16:40:00,114336.20955,114339.30518,114339.30518,114325.00286,0.0,0.0,0.0,0.0,0.009790785352136639,114328.11156
CC.BTCUSD,BTC/USD,2025-09-11 16:45:00,114339.30518,114339.30518,114339.30518,114339.30518,0.0,0.0,0.0,0.0,0.0,114339.30518
CC.BTCUSD,BTC/USD,2025-09-11 16:50:00,114337.80457,114339.47304,114339.96234,114319.85,0.0,0.0,0.0,0.0,0.00014680865843738286,114339.30518
CC.BTCUSD,BTC/USD,2025-09-11 16:55:00,114339.99,114407.67836,114425.1838,114339.99,0.0,0.0,4.0,457360.0,0.059651595539667715,114339.47304
CC.BTCUSD,BTC/USD,2025-09-11 17:00:00,114408.91185,114426.09565,114457.96021,114408.91185,0.0,0.0,0.0,0.0,0.016097949249564328,114407.67836
CC.BTCUSD,BTC/USD,2025-09-11 17:05:00,114436.0,114461.18928,114461.18928,114436.0,0.0,0.0,0.0,0.0,0.030669254072379974,114426.09565
CC.BTCUSD,BTC/USD,2025-09-11 17:10:00,114475.89336,114482.60287,114482.60287,114475.89336,0.0,0.0,0.0,0.0,0.018708166614985634,114461.18928
CC.BTCUSD,BTC/USD,2025-09-11 17:15:00,114495.33837,114470.646,114495.33837,114470.646,0.0,0.0,0.003,343.486,-0.010444268124814235,114482.60287
CC.BTCUSD,BTC/USD,2025-09-11 17:20:00,114464.85176,114458.29061,114464.85176,114436.00001,0.0,0.0,0.0,0.0,-0.01079350071982383,114470.646
CC.BTCUSD,BTC/USD,2025-09-11 17:25:00,114458.27914,114450.17204,114458.27914,114450.17204,0.0,0.0,0.0,0.0,-0.007093037958826677,114458.29061
CC.BTCUSD,BTC/USD,2025-09-11 17:30:00,114464.0756,114471.9827,114473.74044,114464.0756,0.0,0.0,0.0,0.0,0.019056904512441894,114450.17204
CC.BTCUSD,BTC/USD,2025-09-11 17:35:00,114474.96622,114511.97462,114511.97462,114474.96622,0.0,0.0,0.0,0.0,0.03493598962534646,114471.9827
CC.BTCUSD,BTC/USD,2025-09-11 17:40:00,114512.22865,114535.32727,114535.32727,114512.22865,0.0,0.0,0.0,0.0,0.020393194753208006,114511.97462
CC.BTCUSD,BTC/USD,2025-09-11 17:45:00,114539.8597,114539.8597,114539.8597,114539.8597,0.0,0.0,0.0,0.0,0.003957233203099024,114535.32727
CC.BTCUSD,BTC/USD,2025-09-11 17:50:00,114536.48071,114506.34975,114536.48071,114506.34975,0.0,0.0,0.0,0.0,-0.02925614723797932,114539.8597
CC.BTCUSD,BTC/USD,2025-09-11 17:55:00,114506.34975,114506.34975,114506.34975,114506.34975,0.0,0.0,0.0,0.0,0.0,114506.34975
CC.BTCUSD,BTC/USD,2025-09-11 18:00:00,114506.88521,114523.42897,114527.28011,114506.88521,0.0,0.0,0.0,0.0,0.014915522184829425,114506.34975
CC.BTCUSD,BTC/USD,2025-09-11 18:05:00,114520.44033,114479.87054,114538.99371,114471.79968,0.0,0.0,0.0,0.0,-0.03803451432754462,114523.42897
CC.BTCUSD,BTC/USD,2025-09-11 18:10:00,114479.13826,114535.07049,114535.17882,114467.72935,0.0,0.0,0.0,0.0,0.048218040201842734,114479.87054
CC.BTCUSD,BTC/USD,2025-09-11 18:15:00,114536.94215,114552.70417,114552.70417,114536.94215,0.0,0.0,0.0,57.276,0.015395878244592856,114535.07049
CC.BTCUSD,BTC/USD,2025-09-11 18:20:00,114553.0,114670.9746,114673.22255,114553.0,0.0,0.0,0.053,6073.659,0.10324542825674976,114552.70417
CC.BTCUSD,BTC/USD,2025-09-11 18:25:00,114665.49536,115029.5272,115155.37999,114657.59474,0.0,0.0,5.016,576806.432,0.3126794738169038,114670.9746
CC.BTCUSD,BTC/USD,2025-09-11 18:30:00,115037.12504,115051.22104,115124.20031,115026.38812,0.0,0.0,0.0,0.0,0.018859366397541086,115029.5272
CC.BTCUSD,BTC/USD,2025-09-11 18:35:00,115049.42029,115144.9,115150.2929,114971.47705,0.0,0.0,0.0,0.0,0.08142369907349414,115051.22104
CC.BTCUSD,BTC/USD,2025-09-11 18:40:00,115132.50406,115155.37999,115155.37999,115109.69917,0.0,0.0,0.083,9635.768,0.009101566808436233,115144.9
CC.BTCUSD,BTC/USD,2025-09-11 18:45:00,115155.38,115155.68,115238.99513,115130.17001,0.0,0.0,0.001,115.159,0.00026052625593159126,115155.37999
CC.BTCUSD,BTC/USD,2025-09-11 18:50:00,115160.01768,115269.07999,115269.07999,115160.01768,0.0,0.0,0.0,0.0,0.09847537698531705,115155.68
CC.BTCUSD,BTC/USD,2025-09-11 18:55:00,115268.78421,115257.08996,115268.78421,115256.68,0.0,0.0,0.0,0.0,-0.010401774700588416,115269.07999
CC.BTCUSD,BTC/USD,2025-09-11 19:00:00,115251.34875,115132.67862,115251.34875,115132.67862,0.0,0.0,0.0,0.0,-0.1079424615380871,115257.08996
CC.BTCUSD,BTC/USD,2025-09-11 20:20:00,115483.58,115529.76538,115600.0,115472.76653,0.0,0.0,0.585,67636.969,0.34489492015606765,115132.67862
CC.BTCUSD,BTC/USD,2025-09-11 20:25:00,115531.49824,115836.75734,115865.08968,115531.49824,0.0,0.0,1.649,190703.603,0.26572542495022194,115529.76538
CC.BTCUSD,BTC/USD,2025-09-11 20:30:00,115838.45685,115806.32015,115921.66273,115804.01572,0.0,0.0,0.043,4983.184,-0.026275934080801956,115836.75734
CC.BTCUSD,BTC/USD,2025-09-11 20:35:00,115812.66425,115928.66227,115942.17,115812.66425,0.0,0.0,0.0,0.0,0.10564373329671088,115806.32015
CC.BTCUSD,BTC/USD,2025-09-11 20:40:00,115930.6304,115996.94,115999.99999,115930.6304,0.0,0.0,0.0,0.0,0.058896332160705445,115928.66227
CC.BTCUSD,BTC/USD,2025-09-11 20:45:00,115999.99999,116034.87784,116047.69246,115976.50333,0.0,0.0,0.328,38064.3,0.032705897241770934,115996.94
CC.BTCUSD,BTC/USD,2025-09-11 20:50:00,116034.2968,116321.93199,116334.90091,115856.36963,0.0,0.0,0.01,1255.51,0.24738609230563766,116034.87784
CC.BTCUSD,BTC/USD,2025-09-11 20:55:00,116321.39794,116022.35067,116337.98,116013.76888,0.0,0.0,1.0,116108.001,-0.25754500022038146,116321.93199
CC.BTCUSD,BTC/USD,2025-09-11 21:00:00,116040.30549,115869.5,116119.2,115869.5,0.0,0.0,0.208,24176.075,-0.13174243507162672,116022.35067
CC.BTCUSD,BTC/USD,2025-09-11 21:05:00,115875.97024,115995.47748,116043.1187,115875.97024,0.0,0.0,0.001,182.084,0.10872358990070845,115869.5
CC.BTCUSD,BTC/USD,2025-09-11 21:10:00,115992.77619,115859.1829,115992.77619,115846.6,0.0,0.0,0.0,0.0,-0.11749990858350626,115995.47748
CC.BTCUSD,BTC/USD,2025-09-11 21:15:00,115854.9,115807.60229,115854.9,115807.60229,0.0,0.0,0.0,0.0,-0.04452008784191462,115859.1829
CC.BTCUSD,BTC/USD,2025-09-11 21:20:00,115813.88939,115913.4,115943.72,115813.88939,0.0,0.0,0.0,0.0,0.09135644630226021,115807.60229
CC.BTCUSD,BTC/USD,2025-09-11 21:25:00,115907.7,115863.78266,115992.58872,115838.7,0.0,0.0,0.3,34777.899,-0.04280552550438263,115913.4
CC.BTCUSD,BTC/USD,2025-09-11 21:30:00,115857.9,115769.327,115871.16292,115758.72084,0.0,0.0,0.011,1332.277,-0.08152302456512285,115863.78266
CC.BTCUSD,BTC/USD,2025-09-11 21:35:00,115763.85415,115605.59535,115763.85415,115605.59535,0.0,0.0,0.004,497.785,-0.1414292146658169,115769.327
CC.BTCUSD,BTC/USD,2025-09-11 21:40:00,115608.74272,115684.65221,115684.65221,115588.50599,0.0,0.0,0.0,0.0,0.06838497718094833,115605.59535
CC.BTCUSD,BTC/USD,2025-09-11 21:45:00,115671.3457,115661.55927,115671.3457,115580.8668,0.0,0.0,0.0,0.0,-0.019961973830445654,115684.65221
CC.BTCUSD,BTC/USD,2025-09-11 21:50:00,115642.6875,115606.80037,115642.6875,115543.16313,0.0,0.0,0.018,2085.415,-0.0473440790056891,115661.55927
CC.BTCUSD,BTC/USD,2025-09-11 21:55:00,115616.89728,115544.77539,115625.59463,115544.77539,0.0,0.0,0.0,0.0,-0.05365167083726111,115606.80037
CC.BTCUSD,BTC/USD,2025-09-11 22:00:00,115543.17,115428.53,115543.17,115400.96,0.0,0.0,0.014,1616.183,-0.10060635767184765,115544.77539
CC.BTCUSD,BTC/USD,2025-09-11 22:05:00,115434.96,115539.2,115564.78024,115405.8498,0.0,0.0,0.008,967.214,0.09587750965900567,115428.53
CC.BTCUSD,BTC/USD,2025-09-11 22:10:00,115551.80427,115634.37296,115640.8342,115535.8,0.0,0.0,0.0,0.0,0.08237287431451511,115539.2
CC.BTCUSD,BTC/USD,2025-09-11 22:15:00,115626.56944,115545.34665,115626.56944,115545.34665,0.0,0.0,0.0,0.0,-0.07698948653510004,115634.37296
CC.BTCUSD,BTC/USD,2025-09-11 22:20:00,115548.84731,115523.75492,115548.84731,115486.07762,0.0,0.0,0.0,0.0,-0.018686801871306773,115545.34665
CC.BTCUSD,BTC/USD,2025-09-11 22:25:00,115527.4538,115570.00001,115684.80606,115527.4538,0.0,0.0,0.0,0.0,0.040030805813073986,115523.75492
CC.BTCUSD,BTC/USD,2025-09-11 22:30:00,115571.24051,115571.36084,115589.33503,115571.24051,0.0,0.0,0.025,2992.512,0.0011774941592738418,115570.00001
CC.BTCUSD,BTC/USD,2025-09-11 22:35:00,115576.99018,115580.889,115580.889,115506.07943,0.0,0.0,0.003,346.71,0.008244395437371977,115571.36084
CC.BTCUSD,BTC/USD,2025-09-11 22:40:00,115603.0,115662.7642,115662.7642,115561.55929,0.0,0.0,0.001,198.837,0.07083800852233409,115580.889
CC.BTCUSD,BTC/USD,2025-09-11 22:45:00,115662.41164,115561.79354,115662.41164,115532.41134,0.0,0.0,0.0,0.0,-0.08729746405283155,115662.7642
CC.BTCUSD,BTC/USD,2025-09-11 22:50:00,115556.12034,115459.82,115556.12034,115459.82,0.0,0.0,0.0,0.0,-0.08824156918670109,115561.79354
CC.BTCUSD,BTC/USD,2025-09-11 22:55:00,115462.82352,115335.55897,115462.82352,115316.90892,0.0,0.0,0.0,0.0,-0.10762274703009994,115459.82
CC.BTCUSD,BTC/USD,2025-09-11 23:00:00,115324.02,115423.99465,115423.99465,115312.57622,0.0,0.0,0.0,0.0,0.07667685559403072,115335.55897
CC.BTCUSD,BTC/USD,2025-09-11 23:05:00,115426.28092,115357.14219,115454.68284,115357.14219,0.0,0.0,0.0,57.718,-0.05791903165603584,115423.99465
CC.BTCUSD,BTC/USD,2025-09-11 23:10:00,115351.74094,115325.87194,115351.74094,115314.65,0.0,0.0,0.0,0.0,-0.027107337618070892,115357.14219
CC.BTCUSD,BTC/USD,2025-09-11 23:15:00,115326.11373,115320.02001,115341.0,115320.02001,0.0,0.0,0.005,576.6,-0.00507425602040877,115325.87194
CC.BTCUSD,BTC/USD,2025-09-11 23:20:00,115320.02,115241.02766,115320.02,115241.02766,0.0,0.0,0.025,2939.161,-0.06849838388263899,115320.02001
CC.BTCUSD,BTC/USD,2025-09-11 23:25:00,115241.70174,115229.77681,115241.70174,115229.77681,0.0,0.0,0.0,0.0,-0.009762885864923975,115241.02766
CC.BTCUSD,BTC/USD,2025-09-11 23:30:00,115239.62074,115243.13092,115243.13092,115239.62074,0.0,0.0,0.0,0.0,0.011589113829509135,115229.77681
CC.BTCUSD,BTC/USD,2025-09-11 23:35:00,115246.82013,115226.22643,115298.82454,115226.22643,0.0,0.0,0.0,0.0,-0.014668544550161207,115243.13092
CC.BTCUSD,BTC/USD,2025-09-11 23:40:00,115222.28,115124.70739,115222.28,115112.77,0.0,0.0,0.9,103674.6,-0.08810410888676641,115226.22643
CC.BTCUSD,BTC/USD,2025-09-11 23:45:00,115121.99,115290.74922,115295.74778,115117.00214,0.0,0.0,0.0,0.0,0.14422779763297336,115124.70739
CC.BTCUSD,BTC/USD,2025-09-11 23:50:00,115294.24822,115320.59273,115380.62338,115294.24822,0.0,0.0,0.0,0.0,0.025885433308320435,115290.74922
CC.BTCUSD,BTC/USD,2025-09-11 23:55:00,115323.59186,115262.6,115323.59186,115262.6,0.0,0.0,0.0,0.0,-0.050288269100191366,115320.59273
CC.BTCUSD,BTC/USD,2025-09-12 00:00:00,115260.42719,115253.41355,115277.84079,115224.1,0.0,0.0,0.0,0.0,-0.007970018028404994,115262.6
CC.BTCUSD,BTC/USD,2025-09-12 00:05:00,115247.15907,115168.99227,115247.15907,115153.92133,0.0,0.0,0.02,2379.151,-0.07324839881065286,115253.41355
CC.BTCUSD,BTC/USD,2025-09-12 00:10:00,115180.9888,115143.39028,115187.98677,115143.39028,0.0,0.0,0.0,0.0,-0.0222299331576808,115168.99227
CC.BTCUSD,BTC/USD,2025-09-12 00:15:00,115145.59903,115328.64609,115328.64609,115145.59903,0.0,0.0,0.0,0.0,0.16089139771678765,115143.39028
CC.BTCUSD,BTC/USD,2025-09-12 00:20:00,115334.44442,115367.73479,115367.73479,115334.44442,0.0,0.0,0.0,0.0,0.03389331386887482,115328.64609
CC.BTCUSD,BTC/USD,2025-09-12 00:25:00,115378.13178,115313.93,115389.72843,115313.93,0.0,0.0,0.0,0.0,-0.04663764101631039,115367.73479
CC.BTCUSD,BTC/USD,2025-09-12 00:30:00,115320.14855,115341.04251,115421.51923,115320.14855,0.0,0.0,0.005,583.777,0.023511912220844696,115313.93
CC.BTCUSD,BTC/USD,2025-09-12 00:35:00,115352.1393,115501.1,115541.48454,115352.1393,0.0,0.0,0.0,0.0,0.13876889485035618,115341.04251
CC.BTCUSD,BTC/USD,2025-09-12 00:40:00,115498.81796,115407.52328,115498.81796,115357.6643,0.0,0.0,0.0,0.0,-0.0810180335944955,115501.1
CC.BTCUSD,BTC/USD,2025-09-12 00:45:00,115412.42186,115458.05741,115481.09201,115410.53934,0.0,0.0,0.0,0.0,0.04378755263415095,115407.52328
CC.BTCUSD,BTC/USD,2025-09-12 00:50:00,115451.86573,115400.92856,115451.86573,115391.34789,0.0,0.0,0.0,0.0,-0.04948017598903901,115458.05741
CC.BTCUSD,BTC/USD,2025-09-12 00:55:00,115403.42447,115446.81331,115446.81331,115382.30928,0.0,0.0,0.0,0.0,0.03976116186633693,115400.92856
CC.BTCUSD,BTC/USD,2025-09-12 01:00:00,115447.45559,115409.5959,115447.45559,115409.5959,0.0,0.0,0.0,0.0,-0.03223771097090447,115446.81331
CC.BTCUSD,BTC/USD,2025-09-12 01:05:00,115399.83169,115456.04209,115476.54717,115373.7139,0.0,0.0,0.0,0.0,0.04024465178809485,115409.5959
CC.BTCUSD,BTC/USD,2025-09-12 01:10:00,115452.59446,115469.24928,115469.24928,115450.78,0.0,0.0,0.0,0.0,0.011439150139674592,115456.04209
CC.BTCUSD,BTC/USD,2025-09-12 01:15:00,115466.74653,115444.30569,115466.74653,115437.93457,0.0,0.0,0.047,5468.362,-0.02160193311686339,115469.24928
CC.BTCUSD,BTC/USD,2025-09-12 01:20:00,115457.15462,115593.61474,115593.61474,115457.15462,0.0,0.0,0.0,0.0,0.12933426998205264,115444.30569
CC.BTCUSD,BTC/USD,2025-09-12 01:25:00,115595.1143,115573.14809,115595.1143,115573.14809,0.0,0.0,0.02,2385.855,-0.017705692521197577,115593.61474
CC.BTCUSD,BTC/USD,2025-09-12 01:30:00,115582.86355,115565.89371,115582.86355,115538.13292,0.0,0.0,0.0,0.0,-0.0062768732355973425,115573.14809
CC.BTCUSD,BTC/USD,2025-09-12 01:35:00,115559.11309,115580.31638,115580.31638,115525.74285,0.0,0.0,0.0,0.0,0.0124800402064921,115565.89371
CC.BTCUSD,BTC/USD,2025-09-12 01:40:00,115581.616,115398.2961,115585.12118,115398.2961,0.0,0.0,0.0,0.0,-0.15748380494266737,115580.31638
CC.BTCUSD,BTC/USD,2025-09-12 01:45:00,115399.66887,115551.82466,115551.82466,115399.66887,0.0,0.0,0.0,0.0,0.1330423110120701,115398.2961
CC.BTCUSD,BTC/USD,2025-09-12 01:50:00,115561.2978,115675.50966,115693.76319,115561.2978,0.0,0.0,0.0,0.0,0.10703855206434752,115551.82466
CC.BTCUSD,BTC/USD,2025-09-12 01:55:00,115664.33575,115655.33162,115664.33575,115652.86832,0.0,0.0,0.038,4395.082,-0.017443657745107248,115675.50966
CC.BTCUSD,BTC/USD,2025-09-12 02:00:00,115658.79882,115646.14268,115699.00117,115638.9791,0.0,0.0,0.0,0.0,-0.007945107131060877,115655.33162
CC.BTCUSD,BTC/USD,2025-09-12 02:05:00,115636.87448,115629.7,115649.0,115629.7,0.0,0.0,0.567,65595.654,-0.014218096357528581,115646.14268
CC.BTCUSD,BTC/USD,2025-09-12 02:10:00,115623.89126,115502.70158,115623.89126,115502.70158,0.0,0.0,0.0,0.0,-0.10983200682869847,115629.7
CC.BTCUSD,BTC/USD,2025-09-12 02:15:00,115500.01,115442.06491,115500.01,115442.06491,0.0,0.0,0.012,1455.3,-0.05249805343989652,115502.70158
CC.BTCUSD,BTC/USD,2025-09-12 02:20:00,115443.1,115468.92361,115469.02353,115443.1,0.0,0.0,0.0,0.0,0.02326595597621751,115442.06491
CC.BTCUSD,BTC/USD,2025-09-12 02:25:00,115469.35517,115499.00001,115499.63091,115469.35517,0.0,0.0,0.0,0.0,0.02604718140578619,115468.92361
CC.BTCUSD,BTC/USD,2025-09-12 02:30:00,115499.0,115396.8657,115499.0,115396.8657,0.0,0.0,0.008,923.992,-0.08842873963511863,115499.00001
CC.BTCUSD,BTC/USD,2025-09-12 02:35:00,115397.5,115389.8,115418.98104,115379.1,0.0,0.0,0.248,28632.096,-0.006122956596031638,115396.8657
CC.BTCUSD,BTC/USD,2025-09-12 02:40:00,115387.1,115306.6,115387.1,115306.6,0.0,0.0,0.166,19190.76,-0.07210342681935239,115389.8
CC.BTCUSD,BTC/USD,2025-09-12 02:45:00,115295.1,115339.2199,115339.2199,115291.6,0.0,0.0,0.089,10262.165,0.02828970761430013,115306.6
CC.BTCUSD,BTC/USD,2025-09-12 02:50:00,115339.57389,115333.42099,115339.57389,115320.32106,0.0,0.0,0.0,0.0,-0.005027700035621365,115339.2199
CC.BTCUSD,BTC/USD,2025-09-12 02:55:00,115328.43473,115340.5736,115340.5736,115324.93298,0.0,0.0,0.0,0.0,0.006201680257646057,115333.42099
CC.BTCUSD,BTC/USD,2025-09-12 03:00:00,115340.87351,115364.09723,115365.26625,115340.87351,0.0,0.0,0.0,0.0,0.02039493065256964,115340.5736
CC.BTCUSD,BTC/USD,2025-09-12 03:05:00,115360.03685,115363.46919,115363.61899,115334.72679,0.0,0.0,0.0,0.0,-0.0005443981403883801,115364.09723
CC.BTCUSD,BTC/USD,2025-09-12 03:10:00,115383.5608,115397.15159,115429.54712,115383.5608,0.0,0.0,0.0,0.0,0.029196764137282265,115363.46919
CC.BTCUSD,BTC/USD,2025-09-12 03:15:00,115395.5952,115333.47092,115395.5952,115333.47092,0.0,0.0,0.0,0.0,-0.05518391842654928,115397.15159
CC.BTCUSD,BTC/USD,2025-09-12 03:20:00,115333.47092,115333.47092,115333.47092,115333.47092,0.0,0.0,0.0,0.0,0.0,115333.47092
CC.BTCUSD,BTC/USD,2025-09-12 03:25:00,115326.41548,115279.0,115326.41548,115279.0,0.0,0.0,0.08,9281.236,-0.04722906504547173,115333.47092
CC.BTCUSD,BTC/USD,2025-09-12 03:30:00,115273.6,115241.05908,115273.6,115241.05908,0.0,0.0,0.0,0.0,-0.032912256351975325,115279.0
CC.BTCUSD,BTC/USD,2025-09-12 03:35:00,115238.52671,115254.2,115254.81737,115207.32055,0.0,0.0,0.0,0.0,0.01140298440928796,115241.05908
CC.BTCUSD,BTC/USD,2025-09-12 03:40:00,115251.11909,115234.15685,115251.11909,115206.91243,0.0,0.0,0.089,10253.451,-0.017390385773358105,115254.2
CC.BTCUSD,BTC/USD,2025-09-12 03:45:00,115227.58052,115215.42752,115227.58052,115215.42752,0.0,0.0,0.0,0.0,-0.016253279853803988,115234.15685
CC.BTCUSD,BTC/USD,2025-09-12 03:50:00,115214.97583,115200.0,115214.97583,115200.0,0.0,0.0,0.047,5425.92,-0.013390151242826772,115215.42752
CC.BTCUSD,BTC/USD,2025-09-12 03:55:00,115201.0774,115219.09493,115229.17,115201.0774,0.0,0.0,0.01,1152.275,0.01657546006945015,115200.0
CC.BTCUSD,BTC/USD,2025-09-12 04:00:00,115209.27661,115128.3955,115209.27661,115128.3955,0.0,0.0,0.452,52174.08,-0.07871909604489707,115219.09493
CC.BTCUSD,BTC/USD,2025-09-12 04:05:00,115139.18466,115088.59456,115148.39644,115088.59456,0.0,0.0,0.002,230.297,-0.03457091521787168,115128.3955
CC.BTCUSD,BTC/USD,2025-09-12 04:10:00,115071.82798,115046.51455,115071.82798,115046.51455,0.0,0.0,0.0,0.0,-0.0365631452542004,115088.59456
CC.BTCUSD,BTC/USD,2025-09-12 04:15:00,115043.91257,115101.98864,115103.19678,115004.89771,0.0,0.0,0.0,0.0,0.04821883584824238,115046.51455
CC.BTCUSD,BTC/USD,2025-09-12 04:20:00,115100.58377,115073.60811,115126.19025,115001.00001,0.0,0.0,0.103,11920.279,-0.024656854616786496,115101.98864
CC.BTCUSD,BTC/USD,2025-09-12 04:25:00,115083.00542,115232.96256,115232.96256,115083.00542,0.0,0.0,0.0,0.0,0.13848044970282883,115073.60811
CC.BTCUSD,BTC/USD,2025-09-12 04:30:00,115249.9577,115229.26588,115290.74604,115229.26588,0.0,0.0,0.0,0.0,-0.0032080056937430945,115232.96256
CC.BTCUSD,BTC/USD,2025-09-12 04:35:00,115227.05672,115122.58638,115227.05672,115122.58638,0.0,0.0,0.001,115.225,-0.09258021318222158,115229.26588
CC.BTCUSD,BTC/USD,2025-09-12 04:40:00,115115.78271,115138.90243,115181.07739,115098.94453,0.0,0.0,0.0,0.0,0.01417276184722957,115122.58638
CC.BTCUSD,BTC/USD,2025-09-12 04:45:00,115128.19949,115141.85,115141.85,115123.79769,0.0,0.0,0.0,0.0,0.002560012244163883,115138.90243
CC.BTCUSD,BTC/USD,2025-09-12 04:50:00,115141.85,115061.35047,115141.85,115061.35047,0.0,0.0,0.1,11514.185,-0.06991335470118028,115141.85
CC.BTCUSD,BTC/USD,2025-09-12 04:55:00,115055.88152,115087.43794,115089.75029,115055.88152,0.0,0.0,0.0,0.0,0.022672661057285586,115061.35047
CC.BTCUSD,BTC/USD,2025-09-12 05:00:00,115082.33568,115082.33568,115082.33568,115082.33568,0.0,0.0,0.0,0.0,-0.004433376996940089,115087.43794
CC.BTCUSD,BTC/USD,2025-09-12 05:05:00,115087.12701,115071.93113,115120.72125,115071.93113,0.0,0.0,0.0,0.0,-0.009040961793595885,115082.33568
CC.BTCUSD,BTC/USD,2025-09-12 05:10:00,115073.69749,115155.14195,115155.14195,115073.69749,0.0,0.0,0.0,0.0,0.07231200448526576,115071.93113
CC.BTCUSD,BTC/USD,2025-09-12 05:15:00,115154.71412,115131.30605,115154.71412,115131.30605,0.0,0.0,0.0,0.0,-0.020698945436891533,115155.14195
CC.BTCUSD,BTC/USD,2025-09-12 05:20:00,115136.31177,115081.00001,115136.31177,115081.00001,0.0,0.0,0.0,0.0,-0.043694492597998145,115131.30605
CC.BTCUSD,BTC/USD,2025-09-12 05:25:00,115081.0,114981.69849,115081.0,114960.88,0.0,0.0,0.091,10465.042,-0.08628837079220664,115081.00001
CC.BTCUSD,BTC/USD,2025-09-12 05:30:00,114982.4,114980.4,115000.1,114952.88775,0.0,0.0,0.0,0.0,-0.001129301460191918,114981.69849
CC.BTCUSD,BTC/USD,2025-09-12 05:35:00,114981.39431,114961.44246,115073.03782,114961.44246,0.0,0.0,0.0,57.534,-0.01648762745649564,114980.4
CC.BTCUSD,BTC/USD,2025-09-12 05:40:00,114950.0,114919.1,114950.0,114919.1,0.0,0.0,0.078,9044.677,-0.036831879536247634,114961.44246
CC.BTCUSD,BTC/USD,2025-09-12 05:45:00,114916.2,114951.97991,114986.1,114916.2,0.0,0.0,0.081,9408.515,0.028611353552184745,114919.1
CC.BTCUSD,BTC/USD,2025-09-12 05:50:00,114955.94999,115009.22171,115036.13501,114955.94999,0.0,0.0,0.002,301.3,0.04979627149077386,114951.97991
CC.BTCUSD,BTC/USD,2025-09-12 05:55:00,115011.57045,114990.00001,115036.00954,114983.71859,0.0,0.0,0.0,0.0,-0.016713181529445374,115009.22171
CC.BTCUSD,BTC/USD,2025-09-12 06:00:00,114997.27013,115098.33,115100.70021,114997.27013,0.0,0.0,0.0,0.0,0.09420818331209456,114990.00001
CC.BTCUSD,BTC/USD,2025-09-12 06:05:00,115096.50197,115013.54,115096.50197,115013.54,0.0,0.0,0.0,0.0,-0.07366744591342736,115098.33
CC.BTCUSD,BTC/USD,2025-09-12 06:10:00,115012.97,115111.46242,115111.46242,115000.01,0.0,0.0,0.0,0.0,0.08513990613627109,115013.54
CC.BTCUSD,BTC/USD,2025-09-12 06:15:00,115109.85581,115050.00001,115109.85581,115050.00001,0.0,0.0,0.0,0.0,-0.05339382256802434,115111.46242
CC.BTCUSD,BTC/USD,2025-09-12 06:20:00,115050.0,115047.86431,115050.0,115000.01,0.0,0.0,0.016,1875.315,-0.0018563233375169695,115050.00001
CC.BTCUSD,BTC/USD,2025-09-12 06:25:00,115042.6816,115000.00001,115044.92336,115000.00001,0.0,0.0,0.0,0.0,-0.04160381445328639,115047.86431
CC.BTCUSD,BTC/USD,2025-09-12 06:30:00,115000.56077,115033.08532,115033.08532,115000.56077,0.0,0.0,0.0,0.0,0.028769834780102563,115000.00001
CC.BTCUSD,BTC/USD,2025-09-12 06:35:00,115033.02794,115071.50511,115071.50511,115028.2262,0.0,0.0,0.0,0.0,0.03339890423100748,115033.08532
CC.BTCUSD,BTC/USD,2025-09-12 06:40:00,115068.91587,115049.83404,115068.91587,115044.11134,0.0,0.0,0.0,0.0,-0.01883269883302623,115071.50511
CC.BTCUSD,BTC/USD,2025-09-12 06:45:00,115044.94,115008.84335,115044.94,115002.65997,0.0,0.0,0.0,0.0,-0.03562863896505452,115049.83404
CC.BTCUSD,BTC/USD,2025-09-12 06:50:00,115024.87737,115022.43284,115024.87737,115010.39,0.0,0.0,0.0,0.0,0.011816039188084293,115008.84335
CC.BTCUSD,BTC/USD,2025-09-12 06:55:00,115033.21367,115005.64,115079.51532,115005.64,0.0,0.0,0.0,0.0,-0.014599621643678853,115022.43284
CC.BTCUSD,BTC/USD,2025-09-12 07:00:00,115000.76,115040.0,115040.0,115000.01,0.0,0.0,0.1,11503.859,0.029876795607589837,115005.64
CC.BTCUSD,BTC/USD,2025-09-12 07:05:00,115040.0,114962.4533,115040.0,114962.4533,0.0,0.0,0.909,104609.869,-0.06740846662031141,115040.0
CC.BTCUSD,BTC/USD,2025-09-12 07:10:00,114962.3,115012.2,115012.2,114951.8,0.0,0.0,0.1,11504.574,0.04327212804878733,114962.4533
CC.BTCUSD,BTC/USD,2025-09-12 07:15:00,115010.75306,114966.54,115010.75306,114966.54,0.0,0.0,0.0,0.0,-0.039700136159471336,115012.2
CC.BTCUSD,BTC/USD,2025-09-12 07:20:00,114967.69,114992.49244,114992.49244,114952.7,0.0,0.0,0.17,19566.299,0.02257390715595008,114966.54
CC.BTCUSD,BTC/USD,2025-09-12 07:25:00,114990.13521,115079.36745,115079.36745,114950.15443,0.0,0.0,0.174,20016.184,0.075548418993816,114992.49244
CC.BTCUSD,BTC/USD,2025-09-12 07:30:00,115078.17315,115167.62,115180.69387,115070.97027,0.0,0.0,0.0,57.54,0.07668842117883065,115079.36745
CC.BTCUSD,BTC/USD,2025-09-12 07:35:00,115167.61,115106.43228,115167.61,115106.43228,0.0,0.0,0.0,0.0,-0.05312927366216452,115167.62
CC.BTCUSD,BTC/USD,2025-09-12 07:40:00,115106.03214,115040.15169,115106.03214,115031.50547,0.0,0.0,0.0,0.0,-0.05758200361797787,115106.43228
CC.BTCUSD,BTC/USD,2025-09-12 07:45:00,115037.45742,115027.85377,115037.45742,115027.85377,0.0,0.0,0.0,0.0,-0.010690111078031776,115040.15169
CC.BTCUSD,BTC/USD,2025-09-12 07:50:00,115015.04788,114970.29471,115015.04788,114970.29471,0.0,0.0,0.084,9705.109,-0.050039236683568696,115027.85377
CC.BTCUSD,BTC/USD,2025-09-12 07:55:00,114969.37136,114954.82107,114969.37136,114954.82107,0.0,0.0,0.0,0.0,-0.013458815634966481,114970.29471
CC.BTCUSD,BTC/USD,2025-09-12 08:00:00,114946.01763,114944.52717,114971.89,114944.52717,0.0,0.0,0.1,11494.713,-0.008954735350974014,114954.82107
CC.BTCUSD,BTC/USD,2025-09-12 08:05:00,114946.43557,114877.29027,114967.42945,114877.02558,0.0,0.0,0.008,996.183,-0.05849508598226854,114944.52717
CC.BTCUSD,BTC/USD,2025-09-12 08:10:00,114875.94954,114819.05149,114875.94954,114800.00001,0.0,0.0,0.0,0.0,-0.050696512655477075,114877.29027
CC.BTCUSD,BTC/USD,2025-09-12 08:15:00,114828.77549,114899.91011,114907.55256,114828.77549,0.0,0.0,0.0,0.0,0.07042265107636891,114819.05149
CC.BTCUSD,BTC/USD,2025-09-12 08:20:00,114894.108,114956.63208,114956.63208,114861.89628,0.0,0.0,0.006,737.681,0.049366418081350665,114899.91011
CC.BTCUSD,BTC/USD,2025-09-12 08:25:00,114956.68174,114899.29576,114956.68174,114894.5,0.0,0.0,0.0,0.0,-0.04987647860116586,114956.63208
CC.BTCUSD,BTC/USD,2025-09-12 08:30:00,114909.05212,115144.0,115185.44743,114909.05212,0.0,0.0,0.164,18946.537,0.21297279359408877,114899.29576
CC.BTCUSD,BTC/USD,2025-09-12 08:35:00,115149.9831,115020.14865,115169.39916,115020.14865,0.0,0.0,0.008,920.802,-0.10756213958173869,115144.0
CC.BTCUSD,BTC/USD,2025-09-12 08:40:00,115014.4,114958.84628,115022.02541,114949.4,0.0,0.0,0.173,19987.107,-0.05329707074761712,115020.14865
CC.BTCUSD,BTC/USD,2025-09-12 08:45:00,114959.70686,115038.33107,115038.33107,114935.2,0.0,0.0,0.0,0.0,0.06914195172627671,114958.84628
CC.BTCUSD,BTC/USD,2025-09-12 08:50:00,115030.3,115042.7,115042.7,115004.4,0.0,0.0,0.084,9661.048,0.003797803705391419,115038.33107
CC.BTCUSD,BTC/USD,2025-09-12 08:55:00,115054.87874,115196.5,115196.5,115054.87874,0.0,0.0,0.166,19157.381,0.1336894909455384,115042.7
CC.BTCUSD,BTC/USD,2025-09-12 09:00:00,115197.7,115132.76731,115197.7,115132.76731,0.0,0.0,0.0,0.0,-0.0553251965120506,115196.5
CC.BTCUSD,BTC/USD,2025-09-12 09:05:00,115128.36567,115080.2,115128.36567,115080.2,0.0,0.0,0.266,30629.599,-0.04565799227118268,115132.76731
CC.BTCUSD,BTC/USD,2025-09-12 09:10:00,115074.4,115099.6,115099.6,115022.6,0.0,0.0,0.085,9883.52,0.016857808728181503,115080.2
CC.BTCUSD,BTC/USD,2025-09-12 09:15:00,115088.28,115036.55055,115088.28,115036.55055,0.0,0.0,0.0,0.0,-0.05477816604054739,115099.6
CC.BTCUSD,BTC/USD,2025-09-12 09:20:00,115036.54,114964.13554,115036.54,114915.74242,0.0,0.0,1.008,115923.877,-0.0629495665975504,115036.55055
CC.BTCUSD,BTC/USD,2025-09-12 09:25:00,114928.73,114946.8,114947.0,114928.73,0.0,0.0,0.022,2572.105,-0.015079085245648983,114964.13554
CC.BTCUSD,BTC/USD,2025-09-12 09:30:00,114954.24529,114972.5,114975.0,114954.24529,0.0,0.0,0.0,0.0,0.022358169170431094,114946.8
CC.BTCUSD,BTC/USD,2025-09-12 09:35:00,114975.33899,115095.41577,115184.07661,114934.00999,0.0,0.0,0.2,22994.0,0.10690884341908446,114972.5
CC.BTCUSD,BTC/USD,2025-09-12 09:40:00,115093.33777,114888.2,115109.0,114861.81797,0.0,0.0,0.237,27240.298,-0.18003824792995907,115095.41577
CC.BTCUSD,BTC/USD,2025-09-12 09:45:00,114892.33414,114971.9,115026.95627,114869.60783,0.0,0.0,0.312,35911.625,0.07285343490453944,114888.2
CC.BTCUSD,BTC/USD,2025-09-12 09:50:00,114970.27471,115077.70564,115142.3,114941.46433,0.0,0.0,0.082,9542.282,0.09202739104077254,114971.9
CC.BTCUSD,BTC/USD,2025-09-12 09:55:00,115077.32614,115119.64153,115119.64153,114899.0,0.0,0.0,0.851,97970.319,0.03644136782773746,115077.70564
CC.BTCUSD,BTC/USD,2025-09-12 10:00:00,115124.8,115203.4,115247.3,115124.8,0.0,0.0,0.097,11223.87,0.07275775783072895,115119.64153
CC.BTCUSD,BTC/USD,2025-09-12 10:05:00,115184.32242,115399.99999,115399.99999,115113.61416,0.0,0.0,0.085,9911.955,0.1706546768584976,115203.4
CC.BTCUSD,BTC/USD,2025-09-12 10:10:00,115400.0,115490.4213,115515.0,115378.51268,0.0,0.0,0.053,6174.046,0.07835468804838878,115399.99999
CC.BTCUSD,BTC/USD,2025-09-12 10:15:00,115485.61891,115149.14867,115485.61891,115119.71311,0.0,0.0,1.35,155872.497,-0.2954986449599234,115490.4213
CC.BTCUSD,BTC/USD,2025-09-12 10:20:00,115143.22677,115376.20019,115376.20019,115138.42332,0.0,0.0,0.356,41134.611,0.19718037225850746,115149.14867
CC.BTCUSD,BTC/USD,2025-09-12 10:25:00,115376.20019,115326.02242,115403.0,115183.0,0.0,0.0,0.25,28832.706,-0.043490572507481826,115376.20019
CC.BTCUSD,BTC/USD,2025-09-12 10:30:00,115328.02184,115263.69822,115362.3,115225.72329,0.0,0.0,0.017,1992.562,-0.05404174937466659,115326.02242
CC.BTCUSD,BTC/USD,2025-09-12 10:35:00,115267.07823,115242.82895,115328.06033,115207.70308,0.0,0.0,0.0,0.0,-0.01810567448580182,115263.69822
CC.BTCUSD,BTC/USD,2025-09-12 10:40:00,115238.58226,115001.9,115238.58226,114988.92648,0.0,0.0,0.028,3277.402,-0.20906198866788697,115242.82895
CC.BTCUSD,BTC/USD,2025-09-12 10:45:00,115002.16702,114928.00001,115025.6,114928.00001,0.0,0.0,0.024,2780.748,-0.0642597991859185,115001.9
CC.BTCUSD,BTC/USD,2025-09-12 10:50:00,114928.9,115078.2,115081.6,114928.9,0.0,0.0,0.0,0.0,0.1306905105691604,114928.00001
CC.BTCUSD,BTC/USD,2025-09-12 10:55:00,115083.28847,115135.0,115135.0,115012.0,0.0,0.0,0.171,19758.107,0.04935774108389158,115078.2
CC.BTCUSD,BTC/USD,2025-09-12 11:00:00,115138.5,115300.8,115300.8,115138.5,0.0,0.0,0.045,5211.249,0.14400486385547653,115135.0
CC.BTCUSD,BTC/USD,2025-09-12 11:05:00,115303.44713,115157.6927,115325.2,115144.59581,0.0,0.0,0.166,19202.809,-0.12411648488128729,115300.8
CC.BTCUSD,BTC/USD,2025-09-12 11:10:00,115153.10502,115127.4,115153.10502,115020.19425,0.0,0.0,0.01,1151.068,-0.026305407211415437,115157.6927
CC.BTCUSD,BTC/USD,2025-09-12 11:15:00,115134.3,115048.91257,115134.3,114980.4,0.0,0.0,0.349,40249.935,-0.06817441373642918,115127.4
CC.BTCUSD,BTC/USD,2025-09-12 11:20:00,115052.91139,115189.01669,115242.6,115038.79425,0.0,0.0,0.0,0.0,0.12177787418439012,115048.91257
CC.BTCUSD,BTC/USD,2025-09-12 11:25:00,115188.1995,115203.0,115203.0,115116.95609,0.0,0.0,0.0,0.0,0.012139447320423151,115189.01669
CC.BTCUSD,BTC/USD,2025-09-12 11:30:00,115193.30132,115047.18375,115193.30132,115047.18375,0.0,0.0,0.096,11094.046,-0.13525363922814812,115203.0
CC.BTCUSD,BTC/USD,2025-09-12 11:35:00,115036.78951,115152.31003,115152.31003,115001.44,0.0,0.0,0.0,0.0,0.09137666527191003,115047.18375
CC.BTCUSD,BTC/USD,2025-09-12 11:40:00,115156.26026,115191.5,115191.5,115095.16347,0.0,0.0,0.0,0.0,0.034033160072773856,115152.31003
CC.BTCUSD,BTC/USD,2025-09-12 11:45:00,115193.73067,115153.01096,115223.6,115118.9,0.0,0.0,0.245,28306.679,-0.033413090375592286,115191.5
CC.BTCUSD,BTC/USD,2025-09-12 11:50:00,115158.26379,115250.3,115250.3,115155.1,0.0,0.0,0.093,10762.483,0.08448675305051119,115153.01096
CC.BTCUSD,BTC/USD,2025-09-12 11:55:00,115253.3585,115177.9,115273.38126,115110.5,0.0,0.0,0.349,40184.56,-0.06281979309382164,115250.3
CC.BTCUSD,BTC/USD,2025-09-12 12:00:00,115179.7,115157.01968,115200.38346,115140.65525,0.0,0.0,0.082,9549.032,-0.018128755603285505,115177.9
CC.BTCUSD,BTC/USD,2025-09-12 12:05:00,115161.01769,115205.58855,115224.39926,115132.21702,0.0,0.0,0.0,0.0,0.04217621308276879,115157.01968
CC.BTCUSD,BTC/USD,2025-09-12 12:10:00,115210.40333,115197.50708,115223.29958,115071.74465,0.0,0.0,0.0,0.0,-0.007014824629360073,115205.58855
CC.BTCUSD,BTC/USD,2025-09-12 12:15:00,115197.2,115273.28505,115273.28505,115134.37351,0.0,0.0,0.0,0.0,0.06578091134158431,115197.50708
CC.BTCUSD,BTC/USD,2025-09-12 12:20:00,115281.12232,115283.5,115325.36991,115258.84476,0.0,0.0,0.042,4875.449,0.008861506805816611,115273.28505
CC.BTCUSD,BTC/USD,2025-09-12 12:25:00,115279.48088,115378.20772,115393.75454,115203.32592,0.0,0.0,0.013,1603.229,0.08215201655050877,115283.5
CC.BTCUSD,BTC/USD,2025-09-12 12:30:00,115382.49904,115411.48887,115411.48887,115366.09719,0.0,0.0,0.0,0.0,0.028845265200133797,115378.20772
CC.BTCUSD,BTC/USD,2025-09-12 12:35:00,115414.9875,115459.9223,115501.0,115414.9875,0.0,0.0,0.0,57.751,0.041965865334741684,115411.48887
CC.BTCUSD,BTC/USD,2025-09-12 12:40:00,115457.93359,115434.08543,115475.18377,115418.01,0.0,0.0,0.0,0.0,-0.022377349200761742,115459.9223
CC.BTCUSD,BTC/USD,2025-09-12 12:45:00,115432.87506,115394.4,115432.87506,115311.79835,0.0,0.0,0.041,4798.927,-0.034379299538937126,115434.08543
CC.BTCUSD,BTC/USD,2025-09-12 12:50:00,115381.26607,115429.46847,115499.97883,115360.818,0.0,0.0,0.0,0.0,0.030390096919792376,115394.4
CC.BTCUSD,BTC/USD,2025-09-12 12:55:00,115432.25119,115463.63247,115485.1,115432.25119,0.0,0.0,0.0,0.0,0.029597294740093986,115429.46847
CC.BTCUSD,BTC/USD,2025-09-12 13:00:00,115469.5,115526.1,115545.942,115469.5,0.0,0.0,0.0,0.0,0.054101476511437,115463.63247
CC.BTCUSD,BTC/USD,2025-09-12 13:05:00,115524.96075,115468.14772,115524.96075,115437.76681,0.0,0.0,0.093,10736.147,-0.05016379848364331,115526.1
CC.BTCUSD,BTC/USD,2025-09-12 13:10:00,115473.21786,115573.59099,115598.95425,115473.21786,0.0,0.0,0.0,0.0,0.09131805790779113,115468.14772
CC.BTCUSD,BTC/USD,2025-09-12 13:15:00,115575.85473,115623.1067,115623.34717,115575.85473,0.0,0.0,0.5,57800.0,0.04284344682540087,115573.59099
CC.BTCUSD,BTC/USD,2025-09-12 13:20:00,115630.91058,115711.8001,115823.18917,115630.91058,0.0,0.0,0.019,2271.091,0.07670906147688661,115623.1067
CC.BTCUSD,BTC/USD,2025-09-12 13:25:00,115713.32106,115954.50871,115968.01,115713.32106,0.0,0.0,0.01,1162.413,0.20975268709867864,115711.8001
CC.BTCUSD,BTC/USD,2025-09-12 13:30:00,115949.20595,115902.2,115964.28,115901.19594,0.0,0.0,0.0,0.0,-0.04511140669037769,115954.50871
CC.BTCUSD,BTC/USD,2025-09-12 13:35:00,115902.3509,115941.17904,115978.40888,115902.3509,0.0,0.0,0.039,4580.744,0.03363097508071945,115902.2
CC.BTCUSD,BTC/USD,2025-09-12 13:40:00,115937.09792,115789.95681,115937.09792,115754.1574,0.0,0.0,0.0,0.0,-0.13043012952958444,115941.17904
CC.BTCUSD,BTC/USD,2025-09-12 13:45:00,115780.65108,115948.22535,115964.47805,115780.65108,0.0,0.0,0.032,3709.331,0.13668589604856077,115789.95681
CC.BTCUSD,BTC/USD,2025-09-12 13:50:00,115938.34433,115952.02,115952.02,115889.4402,0.0,0.0,0.0,0.0,0.0032727107194234725,115948.22535
CC.BTCUSD,BTC/USD,2025-09-12 13:55:00,115950.4,115897.60179,115950.4,115887.0,0.0,0.0,0.133,15516.484,-0.046931661906367356,115952.02
CC.BTCUSD,BTC/USD,2025-09-12 14:00:00,115902.60035,115861.61213,115918.7957,115832.70346,0.0,0.0,0.0,0.0,-0.031052980772818584,115897.60179
CC.BTCUSD,BTC/USD,2025-09-12 14:05:00,115866.61069,115902.3,115968.58139,115831.32391,0.0,0.0,0.006,718.351,0.035117645311508267,115861.61213
CC.BTCUSD,BTC/USD,2025-09-12 14:10:00,115909.74498,116000.0,116000.0,115909.74498,0.0,0.0,16.426,1905520.4,0.0842951347816196,115902.3
CC.BTCUSD,BTC/USD,2025-09-12 14:15:00,116000.0,116096.58505,116116.7,116000.0,0.0,0.0,34.518,4004202.61,0.08326297413792606,116000.0
CC.BTCUSD,BTC/USD,2025-09-12 14:20:00,116090.24213,116147.76886,116199.3,116090.24213,0.0,0.0,0.089,10360.381,0.04408726576923743,116096.58505
CC.BTCUSD,BTC/USD,2025-09-12 14:25:00,116138.1,116163.0,116184.3464,116138.1,0.0,0.0,0.0,0.0,0.013113588103756457,116147.76886
CC.BTCUSD,BTC/USD,2025-09-12 14:30:00,116155.98,116265.9,116278.6,116155.98,0.0,0.0,0.253,29415.635,0.08858242297460825,116163.0
CC.BTCUSD,BTC/USD,2025-09-12 14:35:00,116268.2,116498.99999,116498.99999,116268.2,0.0,0.0,1.0,116300.0,0.20048869875002254,116265.9
CC.BTCUSD,BTC/USD,2025-09-12 14:40:00,116499.0,116500.0,116500.0,116426.1,0.0,0.0,2.769,322635.1,0.0008583850505920427,116498.99999
CC.BTCUSD,BTC/USD,2025-09-12 14:45:00,116492.9,116499.99,116500.0,116422.5,0.0,0.0,0.162,18918.064,-8.583690982627735e-06,116500.0
CC.BTCUSD,BTC/USD,2025-09-12 14:50:00,116500.0,116451.13687,116500.0,116446.0,0.0,0.0,10.258,1195080.3,-0.04193402076687144,116499.99
CC.BTCUSD,BTC/USD,2025-09-12 14:55:00,116457.39886,116498.61917,116499.99999,116409.66461,0.0,0.0,0.0,0.0,0.040774440916802795,116451.13687
CC.BTCUSD,BTC/USD,2025-09-12 15:00:00,116499.99,116500.0,116500.0,116499.99,0.0,0.0,1.92,223738.25,0.0011852758511923939,116498.61917
CC.BTCUSD,BTC/USD,2025-09-12 15:05:00,116486.9,116452.35982,116498.78674,116438.12062,0.0,0.0,0.0,0.0,-0.04089285836910055,116500.0
CC.BTCUSD,BTC/USD,2025-09-12 15:10:00,116454.81647,116488.2,116500.0,116441.4,0.0,0.0,0.77,89742.077,0.030776688471918712,116452.35982
CC.BTCUSD,BTC/USD,2025-09-12 15:15:00,116484.7,116400.46777,116500.0,116400.46777,0.0,0.0,0.256,29881.401,-0.07531426359064193,116488.2
CC.BTCUSD,BTC/USD,2025-09-12 15:20:00,116396.64897,116477.88043,116489.0,116316.8383,0.0,0.0,0.307,35829.873,0.06650545438783315,116400.46777
CC.BTCUSD,BTC/USD,2025-09-12 15:25:00,116462.7,116500.0,116500.0,116462.7,0.0,0.0,5.109,595289.805,0.018990361018192244,116477.88043
CC.BTCUSD,BTC/USD,2025-09-12 15:30:00,116500.0,116590.4,116601.4,116500.0,0.0,0.0,5.878,684891.222,0.07759656652360016,116500.0
CC.BTCUSD,BTC/USD,2025-09-12 15:35:00,116589.37009,116563.08374,116589.37009,116481.7,0.0,0.0,0.078,9163.54,-0.023429253180358184,116590.4
CC.BTCUSD,BTC/USD,2025-09-12 15:40:00,116573.35772,116603.92071,116614.16,116572.1,0.0,0.0,0.144,16792.169,0.03503422240534825,116563.08374
CC.BTCUSD,BTC/USD,2025-09-12 15:45:00,116606.11,116531.6,116629.71,116515.32006,0.0,0.0,0.824,96098.869,-0.0620225371150815,116603.92071
CC.BTCUSD,BTC/USD,2025-09-12 15:50:00,116532.18,116602.97,116602.97,116532.18,0.0,0.0,0.0,0.0,0.061245190145844855,116531.6
CC.BTCUSD,BTC/USD,2025-09-12 15:55:00,116609.26,116756.71,116807.10041,116609.26,0.0,0.0,3.24,378077.592,0.1318491287143074,116602.97
CC.BTCUSD,BTC/USD,2025-09-12 16:00:00,116737.6,116748.49,116776.16,116623.04,0.0,0.0,1.884,219906.766,-0.007040280597150402,116756.71
CC.BTCUSD,BTC/USD,2025-09-12 16:05:00,116746.96666,116440.45,116746.96666,116403.1031,0.0,0.0,0.342,39979.895,-0.2638492369366046,116748.49
CC.BTCUSD,BTC/USD,2025-09-12 16:10:00,116441.12919,116515.9,116515.9,116426.2,0.0,0.0,0.005,582.156,0.06479707009033123,116440.45
CC.BTCUSD,BTC/USD,2025-09-12 16:15:00,116515.73968,116332.8,116515.73968,116269.34241,0.0,0.0,0.03,3489.0,-0.15714593458917733,116515.9
CC.BTCUSD,BTC/USD,2025-09-12 16:20:00,116333.38,116223.27749,116333.38,116217.46547,0.0,0.0,1.272,147919.188,-0.09414585568301441,116332.8
CC.BTCUSD,BTC/USD,2025-09-12 16:25:00,116217.32831,116143.94,116217.32831,116092.89001,0.0,0.0,0.0,0.0,-0.06826299491237209,116223.27749
CC.BTCUSD,BTC/USD,2025-09-12 16:30:00,116143.73194,116104.78243,116159.47,116064.05135,0.0,0.0,0.0,0.0,-0.03371469058135599,116143.94
CC.BTCUSD,BTC/USD,2025-09-12 16:35:00,116106.58,116137.57343,116178.54614,116106.58,0.0,0.0,0.0,0.0,0.028242592004999668,116104.78243
CC.BTCUSD,BTC/USD,2025-09-12 16:40:00,116137.89,116239.6,116279.69643,116137.89,0.0,0.0,0.0,0.0,0.08784975179587047,116137.57343
CC.BTCUSD,BTC/USD,2025-09-12 16:45:00,116241.04449,116265.4669,116280.0,116227.6,0.0,0.0,0.0,0.0,0.0222530875880454,116239.6
CC.BTCUSD,BTC/USD,2025-09-12 16:50:00,116268.91983,116394.5822,116421.57373,116268.471,0.0,0.0,0.12,13952.954,0.11105214939794382,116265.4669
CC.BTCUSD,BTC/USD,2025-09-12 16:55:00,116394.59,116385.47292,116415.27571,116372.02487,0.0,0.0,0.003,349.192,-0.007826206192614538,116394.5822
CC.BTCUSD,BTC/USD,2025-09-12 17:00:00,116373.53858,116227.6897,116373.53858,116216.5983,0.0,0.0,0.0,0.0,-0.13556951399634998,116385.47292
CC.BTCUSD,BTC/USD,2025-09-12 17:05:00,116222.61228,116034.74953,116222.61228,116034.74953,0.0,0.0,0.0,0.0,-0.1660018972226045,116227.6897
CC.BTCUSD,BTC/USD,2025-09-12 17:10:00,116034.74698,115993.4,116034.74698,115993.4,0.0,0.0,0.0,81.22,-0.035635471414807635,116034.74953
CC.BTCUSD,BTC/USD,2025-09-12 17:15:00,115995.19979,116152.04403,116152.04403,115995.19979,0.0,0.0,0.001,174.057,0.13676987656195128,115993.4
CC.BTCUSD,BTC/USD,2025-09-12 17:20:00,116159.85216,116154.44982,116174.50199,116131.45444,0.0,0.0,0.0,0.0,0.0020712420690318805,116152.04403
CC.BTCUSD,BTC/USD,2025-09-12 17:25:00,116151.44317,116061.43214,116151.44317,116041.3,0.0,0.0,0.007,870.81,-0.08008103016641703,116154.44982
CC.BTCUSD,BTC/USD,2025-09-12 17:30:00,116058.47675,116036.15593,116058.47675,116032.1,0.0,0.0,0.0,0.0,-0.021778302691906542,116061.43214
CC.BTCUSD,BTC/USD,2025-09-12 17:35:00,116034.39672,115990.77,116034.39672,115986.43662,0.0,0.0,0.0,0.0,-0.0391136104399813,116036.15593
CC.BTCUSD,BTC/USD,2025-09-12 17:40:00,115991.83195,115963.33909,116010.72678,115963.33909,0.0,0.0,0.0,0.0,-0.02364921795071284,115990.77
CC.BTCUSD,BTC/USD,2025-09-12 17:45:00,115963.16777,115935.58422,115965.52,115931.19775,0.0,0.0,0.0,0.0,-0.02393417628173762,115963.33909
CC.BTCUSD,BTC/USD,2025-09-12 17:50:00,115927.83255,115832.24669,115927.83255,115832.24669,0.0,0.0,0.0,0.0,-0.08913357421299613,115935.58422
CC.BTCUSD,BTC/USD,2025-09-12 17:55:00,115833.95171,115959.57744,115959.57744,115833.95171,0.0,0.0,0.0,0.0,0.10992685857226527,115832.24669
CC.BTCUSD,BTC/USD,2025-09-12 18:00:00,115948.06883,115939.65101,115948.06883,115939.65101,0.0,0.0,0.0,0.0,-0.01718394499178183,115959.57744
CC.BTCUSD,BTC/USD,2025-09-12 18:05:00,115944.29,116086.4,116126.05,115944.29,0.0,0.0,0.0,0.0,0.12657359990443254,115939.65101
CC.BTCUSD,BTC/USD,2025-09-12 18:10:00,116086.41,116087.5,116172.56,116086.41,0.0,0.0,0.0,0.0,0.0009475700857342641,116086.4
CC.BTCUSD,BTC/USD,2025-09-12 18:15:00,116083.24267,116109.34167,116136.0,116076.43935,0.0,0.0,0.0,0.0,0.018814833638414418,116087.5
CC.BTCUSD,BTC/USD,2025-09-12 18:20:00,116109.3,116277.83355,116291.70461,116109.3,0.0,0.0,0.211,24522.563,0.14511483535827838,116109.34167
CC.BTCUSD,BTC/USD,2025-09-12 18:25:00,116276.18572,116309.41058,116419.98599,116261.6468,0.0,0.0,0.0,0.0,0.027156534513882315,116277.83355
CC.BTCUSD,BTC/USD,2025-09-12 18:30:00,116296.53,116202.97585,116296.53,116202.97585,0.0,0.0,0.154,17909.291,-0.09150999000788985,116309.41058
CC.BTCUSD,BTC/USD,2025-09-12 18:35:00,116200.12852,116131.06931,116217.33,116117.9,0.0,0.0,0.0,0.0,-0.06188011922587636,116202.97585
CC.BTCUSD,BTC/USD,2025-09-12 18:40:00,116125.3,116045.63981,116125.3,116045.63981,0.0,0.0,0.0,0.0,-0.07356300127743387,116131.06931
CC.BTCUSD,BTC/USD,2025-09-12 18:45:00,116034.93495,116003.67619,116034.93495,115964.61937,0.0,0.0,0.0,0.0,-0.03616130693811631,116045.63981
CC.BTCUSD,BTC/USD,2025-09-12 18:50:00,116009.33962,116052.33,116052.33,116009.33962,0.0,0.0,0.0,0.0,0.041941610471304694,116003.67619
CC.BTCUSD,BTC/USD,2025-09-12 18:55:00,116052.91,116089.1792,116089.1792,116052.2472,0.0,0.0,0.0,0.0,0.03175222763730545,116052.33
CC.BTCUSD,BTC/USD,2025-09-12 19:00:00,116078.24391,116090.2202,116110.05043,116076.615,0.0,0.0,0.189,21999.998,0.0008967244037482512,116089.1792
CC.BTCUSD,BTC/USD,2025-09-12 20:20:00,116112.9,116070.1,116199.0,116042.94548,0.0,0.0,0.134,15613.574,-0.017331520230840506,116090.2202
CC.BTCUSD,BTC/USD,2025-09-12 20:25:00,116063.20323,116134.81052,116134.81052,116041.28906,0.0,0.0,0.082,9552.001,0.05575123998341801,116070.1
CC.BTCUSD,BTC/USD,2025-09-12 20:30:00,116138.44,116128.37876,116181.0937,116128.37876,0.0,0.0,0.0,0.0,-0.005538184435135039,116134.81052
CC.BTCUSD,BTC/USD,2025-09-12 20:35:00,116126.23622,116168.0,116168.0,116124.32771,0.0,0.0,0.0,0.0,0.03411848199644419,116128.37876
CC.BTCUSD,BTC/USD,2025-09-12 20:40:00,116167.84293,116170.1,116170.1,116164.09516,0.0,0.0,0.0,0.0,0.0018077267405876153,116168.0
CC.BTCUSD,BTC/USD,2025-09-12 20:45:00,116176.83224,116274.71228,116313.4,116176.83224,0.0,0.0,0.0,0.0,0.0900509511483602,116170.1
CC.BTCUSD,BTC/USD,2025-09-12 20:50:00,116278.96,116287.9218,116343.17,116278.96,0.0,0.0,0.0,0.0,0.011360612932053281,116274.71228
CC.BTCUSD,BTC/USD,2025-09-12 20:55:00,116287.82173,116285.56613,116287.82173,116275.5,0.0,0.0,0.002,232.551,-0.002025721986881284,116287.9218
CC.BTCUSD,BTC/USD,2025-09-12 21:00:00,116290.0,116285.10308,116329.46577,116285.10308,0.0,0.0,0.005,581.462,-0.0003982007530393668,116285.56613
CC.BTCUSD,BTC/USD,2025-09-12 21:05:00,116280.9608,116300.67419,116323.368,116280.9608,0.0,0.0,0.0,0.0,0.013390459816071232,116285.10308
CC.BTCUSD,BTC/USD,2025-09-12 21:10:00,116304.0,116300.67419,116321.7,116300.67419,0.0,0.0,0.0,0.0,0.0,116300.67419
CC.BTCUSD,BTC/USD,2025-09-12 21:15:00,116304.57487,116237.63138,116304.57487,116237.63138,0.0,0.0,0.0,0.0,-0.05420674509333126,116300.67419
CC.BTCUSD,BTC/USD,2025-09-12 21:20:00,116232.42785,116271.32925,116304.3,116232.42785,0.0,0.0,0.0,0.0,0.028990499548141303,116237.63138
CC.BTCUSD,BTC/USD,2025-09-12 21:25:00,116269.37224,116149.6,116269.37224,116149.32555,0.0,0.0,0.0,0.0,-0.10469412432557136,116271.32925
CC.BTCUSD,BTC/USD,2025-09-12 21:30:00,116144.55639,116100.00001,116144.55639,116100.00001,0.0,0.0,0.0,0.0,-0.04270353922872092,116149.6
CC.BTCUSD,BTC/USD,2025-09-12 21:35:00,116100.00001,116102.30089,116111.7,116100.00001,0.0,0.0,0.005,580.5,0.0019818087853549103,116100.00001
CC.BTCUSD,BTC/USD,2025-09-12 21:40:00,116103.04855,115939.2,116103.04855,115911.11711,0.0,0.0,4.064,471824.001,-0.14048032532493038,116102.30089
CC.BTCUSD,BTC/USD,2025-09-12 21:45:00,115941.29614,115942.51189,115945.89475,115941.29614,0.0,0.0,0.0,0.0,0.0028565748254233427,115939.2
CC.BTCUSD,BTC/USD,2025-09-12 21:50:00,115935.70684,115952.0,115952.0,115932.10417,0.0,0.0,0.0,0.0,0.008183460790471313,115942.51189
CC.BTCUSD,BTC/USD,2025-09-12 21:55:00,115952.0,115773.3,115952.0,115676.27876,0.0,0.0,0.011,1332.915,-0.15411549606733568,115952.0
CC.BTCUSD,BTC/USD,2025-09-12 22:00:00,115774.21141,115831.4,115852.3125,115774.21141,0.0,0.0,0.26,30188.312,0.050184282559097196,115773.3
CC.BTCUSD,BTC/USD,2025-09-12 22:05:00,115825.24918,115936.8,115936.8,115780.27056,0.0,0.0,0.0,0.0,0.09099432450959648,115831.4
CC.BTCUSD,BTC/USD,2025-09-12 22:10:00,115938.5,115941.66552,115976.36636,115938.5,0.0,0.0,0.0,57.98,0.004196700271175418,115936.8
CC.BTCUSD,BTC/USD,2025-09-12 22:15:00,115951.47834,116031.23071,116031.23071,115951.47834,0.0,0.0,0.0,0.0,0.0772502185459449,115941.66552
CC.BTCUSD,BTC/USD,2025-09-12 22:20:00,116033.04928,116027.87272,116033.04928,116013.17999,0.0,0.0,0.0,0.0,-0.0028940398024362773,116031.23071
CC.BTCUSD,BTC/USD,2025-09-12 22:25:00,116038.8,116007.41,116053.165,116007.41,0.0,0.0,0.103,12008.462,-0.017636038238309174,116027.87272
CC.BTCUSD,BTC/USD,2025-09-12 22:30:00,116015.10746,116021.30556,116021.30556,116015.10746,0.0,0.0,0.0,0.0,0.011978165877498625,116007.41
CC.BTCUSD,BTC/USD,2025-09-12 22:35:00,116020.53,115971.53,116020.53,115971.53,0.0,0.0,0.0,0.0,-0.04290208575032224,116021.30556
CC.BTCUSD,BTC/USD,2025-09-12 22:40:00,115974.16486,115974.16486,115974.16486,115974.16486,0.0,0.0,0.0,0.0,0.002271988651012515,115971.53
CC.BTCUSD,BTC/USD,2025-09-12 22:45:00,115974.1,115978.7,115978.7,115962.99,0.0,0.0,0.0,0.0,0.003910474376312469,115974.16486
CC.BTCUSD,BTC/USD,2025-09-12 22:50:00,115977.44201,115931.21397,115996.8,115931.21397,0.0,0.0,0.0,0.0,-0.04094375087839408,115978.7
CC.BTCUSD,BTC/USD,2025-09-12 22:55:00,115930.75,115921.3,115930.75,115919.41,0.0,0.0,0.0,0.0,-0.008551596813744771,115931.21397
CC.BTCUSD,BTC/USD,2025-09-12 23:00:00,115922.99615,115948.0,115948.0,115922.99615,0.0,0.0,0.0,0.0,0.02303286798888305,115921.3
CC.BTCUSD,BTC/USD,2025-09-12 23:05:00,115951.5,115998.63371,115998.63371,115951.5,0.0,0.0,0.0,0.0,0.04366932590471126,115948.0
CC.BTCUSD,BTC/USD,2025-09-12 23:10:00,115994.66839,116028.66331,116047.20274,115994.02,0.0,0.0,0.007,812.0,0.025887891123859117,115998.63371
CC.BTCUSD,BTC/USD,2025-09-12 23:15:00,116036.57856,115982.74043,116074.55358,115973.55,0.0,0.0,0.094,11000.0,-0.03957890980550524,116028.66331
CC.BTCUSD,BTC/USD,2025-09-12 23:20:00,115986.2154,115977.37,116002.41713,115977.37,0.0,0.0,0.0,0.0,-0.00463036998444713,115982.74043
CC.BTCUSD,BTC/USD,2025-09-12 23:25:00,115970.95,115966.08096,115972.62978,115964.68,0.0,0.0,0.0,0.0,-0.009733829970440566,115977.37
CC.BTCUSD,BTC/USD,2025-09-12 23:30:00,115959.15,115958.2,115959.15,115951.74937,0.0,0.0,0.0,0.0,-0.006795918198466908,115966.08096
CC.BTCUSD,BTC/USD,2025-09-12 23:35:00,115952.68,115928.92,115952.68,115928.92,0.0,0.0,0.0,0.0,-0.02525047818955351,115958.2
CC.BTCUSD,BTC/USD,2025-09-12 23:40:00,115927.76,115948.32409,115948.32409,115909.54,0.0,0.0,0.0,0.0,0.016737920097932735,115928.92
CC.BTCUSD,BTC/USD,2025-09-12 23:45:00,115963.71935,115974.94783,116003.87411,115961.33,0.0,0.0,0.0,69.588,0.022961729036587407,115948.32409
CC.BTCUSD,BTC/USD,2025-09-12 23:50:00,115973.18,116049.65043,116049.65043,115967.32,0.0,0.0,0.0,0.0,0.06441270412079961,115974.94783
CC.BTCUSD,BTC/USD,2025-09-12 23:55:00,116043.25,116008.36998,116043.25,115973.42999,0.0,0.0,0.0,0.0,-0.03557136953625816,116049.65043
CC.BTCUSD,BTC/USD,2025-09-13 00:00:00,116006.06,116029.38517,116029.38517,116006.06,0.0,0.0,0.0,0.0,0.01811523599858702,116008.36998
CC.BTCUSD,BTC/USD,2025-09-13 00:05:00,116019.91,115933.73,116019.91,115933.73,0.0,0.0,0.0,0.0,-0.08244046959298232,116029.38517
CC.BTCUSD,BTC/USD,2025-09-13 00:10:00,115930.2,115929.04,115930.2,115929.04,0.0,0.0,0.0,0.0,-0.004045414565719854,115933.73
CC.BTCUSD,BTC/USD,2025-09-13 00:15:00,115937.9,115905.24464,115937.9,115905.24464,0.0,0.0,0.257,29788.958,-0.020525797505085146,115929.04
CC.BTCUSD,BTC/USD,2025-09-13 00:20:00,115899.63,115880.0,115899.63,115880.0,0.0,0.0,0.0,57.94,-0.021780412162032806,115905.24464
CC.BTCUSD,BTC/USD,2025-09-13 00:25:00,115875.56183,115850.59,115875.56183,115850.59,0.0,0.0,0.001,115.859,-0.025379703141183547,115880.0
CC.BTCUSD,BTC/USD,2025-09-13 00:30:00,115850.01,115848.85,115850.01,115848.85,0.0,0.0,0.0,0.0,-0.0015019345175459934,115850.59
CC.BTCUSD,BTC/USD,2025-09-13 00:35:00,115850.16726,115895.0,115895.0,115850.16726,0.0,0.0,0.019,2277.258,0.03983639026196132,115848.85
CC.BTCUSD,BTC/USD,2025-09-13 00:40:00,115902.12055,115905.1,115905.1,115902.12055,0.0,0.0,0.0,0.0,0.008714784934644134,115895.0
CC.BTCUSD,BTC/USD,2025-09-13 00:45:00,115900.69473,115876.28994,115900.69473,115876.28994,0.0,0.0,0.0,0.0,-0.02485659388586303,115905.1
CC.BTCUSD,BTC/USD,2025-09-13 00:50:00,115874.27814,115848.86,115874.27814,115848.86,0.0,0.0,0.0,0.0,-0.02367174511214059,115876.28994
CC.BTCUSD,BTC/USD,2025-09-13 00:55:00,115848.85999,115770.01,115848.85999,115770.01,0.0,0.0,0.005,597.647,-0.06806281909032667,115848.86
CC.BTCUSD,BTC/USD,2025-09-13 01:00:00,115774.37634,115772.74217,115801.7,115772.74217,0.0,0.0,0.0,0.0,0.002359998068586979,115770.01
CC.BTCUSD,BTC/USD,2025-09-13 01:05:00,115775.8,115796.30323,115817.5,115775.8,0.0,0.0,0.0,0.0,0.020351128908573622,115772.74217
CC.BTCUSD,BTC/USD,2025-09-13 01:10:00,115796.30322,115792.12491,115796.30322,115776.83,0.0,0.0,0.0,0.0,-0.003608336262434197,115796.30323
CC.BTCUSD,BTC/USD,2025-09-13 01:15:00,115801.86281,115809.88,115839.2,115801.86281,0.0,0.0,0.0,0.0,0.015333590271191804,115792.12491
CC.BTCUSD,BTC/USD,2025-09-13 01:20:00,115806.13217,115796.49527,115806.13217,115780.45,0.0,0.0,0.0,57.891,-0.011557502693211685,115809.88
CC.BTCUSD,BTC/USD,2025-09-13 01:25:00,115806.3,115891.26336,115907.45257,115806.3,0.0,0.0,0.0,0.0,0.08184020576704779,115796.49527
CC.BTCUSD,BTC/USD,2025-09-13 01:30:00,115882.55727,115852.8,115882.55727,115792.67019,0.0,0.0,1.0,115804.597,-0.03318917999928367,115891.26336
CC.BTCUSD,BTC/USD,2025-09-13 01:35:00,115855.38796,115857.58529,115877.8,115855.38796,0.0,0.0,0.0,0.0,0.00413049145122069,115852.8
CC.BTCUSD,BTC/USD,2025-09-13 01:40:00,115853.72,115780.54999,115853.72,115780.54999,0.0,0.0,0.0,0.0,-0.06649137370434417,115857.58529
CC.BTCUSD,BTC/USD,2025-09-13 01:45:00,115782.67067,115818.15353,115818.15353,115782.67067,0.0,0.0,0.0,0.0,0.032478287590829595,115780.54999
CC.BTCUSD,BTC/USD,2025-09-13 01:50:00,115817.31,115778.2644,115817.31,115778.2644,0.0,0.0,0.0,0.0,-0.034441172462366686,115818.15353
CC.BTCUSD,BTC/USD,2025-09-13 01:55:00,115774.71197,115746.14,115774.71197,115746.14,0.0,0.0,0.0,0.0,-0.027746486066689217,115778.2644
CC.BTCUSD,BTC/USD,2025-09-13 02:00:00,115766.95897,115775.36482,115775.36482,115752.1947,0.0,0.0,0.022,2627.91,0.02524906662114442,115746.14
CC.BTCUSD,BTC/USD,2025-09-13 02:05:00,115783.3,115884.3,115884.3,115783.3,0.0,0.0,0.0,0.0,0.09409184775134652,115775.36482
CC.BTCUSD,BTC/USD,2025-09-13 02:10:00,115882.19252,115839.01176,115882.19252,115839.01176,0.0,0.0,0.0,0.0,-0.03908056570217791,115884.3
CC.BTCUSD,BTC/USD,2025-09-13 02:15:00,115836.3,115795.88849,115836.3,115795.88849,0.0,0.0,0.002,231.668,-0.037226897350731,115839.01176
CC.BTCUSD,BTC/USD,2025-09-13 02:20:00,115791.37224,115755.61269,115791.37224,115746.1,0.0,0.0,0.0,92.597,-0.034781718526630805,115795.88849
CC.BTCUSD,BTC/USD,2025-09-13 02:25:00,115759.4231,115748.14093,115764.1,115748.14093,0.0,0.0,0.0,0.0,-0.006454771242937611,115755.61269
CC.BTCUSD,BTC/USD,2025-09-13 02:30:00,115741.80649,115768.91203,115768.91203,115741.80649,0.0,0.0,0.0,0.0,0.017945083033838294,115748.14093
CC.BTCUSD,BTC/USD,2025-09-13 02:35:00,115773.79894,115776.67,115787.77057,115773.79894,0.0,0.0,0.0,0.0,0.006701254994934303,115768.91203
CC.BTCUSD,BTC/USD,2025-09-13 02:40:00,115776.70117,115799.65189,115805.43314,115776.70117,0.0,0.0,0.0,0.0,0.01985019088905863,115776.67
CC.BTCUSD,BTC/USD,2025-09-13 02:45:00,115784.32895,115788.50283,115788.50283,115784.32895,0.0,0.0,0.0,0.0,-0.009627887319200903,115799.65189
CC.BTCUSD,BTC/USD,2025-09-13 02:50:00,115778.52546,115737.55325,115785.39305,115737.55325,0.0,0.0,0.166,19237.337,-0.04400227894370851,115788.50283
CC.BTCUSD,BTC/USD,2025-09-13 02:55:00,115739.5,115786.68532,115786.68532,115739.5,0.0,0.0,0.0,0.0,0.04245127758479457,115737.55325
CC.BTCUSD,BTC/USD,2025-09-13 03:00:00,115793.33432,115816.5482,115832.6,115793.33432,0.0,0.0,0.565,65472.582,0.025791290179409194,115786.68532
CC.BTCUSD,BTC/USD,2025-09-13 03:05:00,115805.5,115784.2,115820.6,115760.00627,0.0,0.0,0.254,29511.747,-0.027930550946956678,115816.5482
CC.BTCUSD,BTC/USD,2025-09-13 03:10:00,115788.00895,115820.59999,115820.59999,115788.00895,0.0,0.0,0.0,0.0,0.031437786848296526,115784.2
CC.BTCUSD,BTC/USD,2025-09-13 03:15:00,115820.6,115897.1,115897.1,115820.6,0.0,0.0,0.359,41617.96,0.06605043490243397,115820.59999
CC.BTCUSD,BTC/USD,2025-09-13 03:20:00,115899.95414,115922.67759,115922.67759,115899.95414,0.0,0.0,0.0,0.0,0.022069223474962516,115897.1
CC.BTCUSD,BTC/USD,2025-09-13 03:25:00,115921.61116,115910.60456,115921.61116,115910.60456,0.0,0.0,0.0,0.0,-0.010414726653140244,115922.67759
CC.BTCUSD,BTC/USD,2025-09-13 03:30:00,115909.60396,115909.60396,115909.60396,115909.60396,0.0,0.0,0.0,0.0,-0.0008632514719531081,115910.60456
CC.BTCUSD,BTC/USD,2025-09-13 03:35:00,115912.49176,115909.60396,115918.04113,115909.60396,0.0,0.0,0.0,0.0,0.0,115909.60396
CC.BTCUSD,BTC/USD,2025-09-13 03:40:00,115906.10186,115893.69442,115906.10186,115893.69442,0.0,0.0,0.0,0.0,-0.013725816892173675,115909.60396
CC.BTCUSD,BTC/USD,2025-09-13 03:45:00,115895.2,115875.4835,115895.2,115875.4835,0.0,0.0,0.071,8285.348,-0.01571346921947379,115893.69442
CC.BTCUSD,BTC/USD,2025-09-13 03:50:00,115869.62244,115873.78537,115873.78537,115869.62244,0.0,0.0,0.007,866.705,-0.0014654782432940718,115875.4835
CC.BTCUSD,BTC/USD,2025-09-13 03:55:00,115881.0,115859.674,115881.0,115859.674,0.0,0.0,0.009,1077.602,-0.0121782247424983,115873.78537
CC.BTCUSD,BTC/USD,2025-09-13 04:00:00,115858.57334,115850.06824,115858.57334,115850.06824,0.0,0.0,0.0,0.0,-0.008290857093215911,115859.674
CC.BTCUSD,BTC/USD,2025-09-13 04:05:00,115850.06824,115850.06824,115850.06824,115850.06824,0.0,0.0,0.0,0.0,0.0,115850.06824
CC.BTCUSD,BTC/USD,2025-09-13 04:10:00,115850.06824,115850.06824,115850.06824,115850.06824,0.0,0.0,0.0,0.0,0.0,115850.06824
CC.BTCUSD,BTC/USD,2025-09-13 04:15:00,115849.55,115866.1,115866.1,115849.55,0.0,0.0,0.02,2317.171,0.013838369060603829,115850.06824
CC.BTCUSD,BTC/USD,2025-09-13 04:20:00,115863.17609,115856.57213,115863.17609,115856.57213,0.0,0.0,0.0,0.0,-0.008223173128296672,115866.1
CC.BTCUSD,BTC/USD,2025-09-13 04:25:00,115860.79374,115876.82419,115876.82419,115860.79374,0.0,0.0,0.0,0.0,0.0174802858635197,115856.57213
CC.BTCUSD,BTC/USD,2025-09-13 04:30:00,115878.81214,115930.28155,115930.28155,115878.81214,0.0,0.0,0.0,0.0,0.04613291775441463,115876.82419
CC.BTCUSD,BTC/USD,2025-09-13 04:35:00,115932.28233,115991.59615,115991.59615,115932.28233,0.0,0.0,0.0,0.0,0.052889201320151444,115930.28155
CC.BTCUSD,BTC/USD,2025-09-13 04:40:00,115997.1785,116040.38118,116040.38118,115997.1785,0.0,0.0,0.006,696.0,0.04205910740025548,115991.59615
CC.BTCUSD,BTC/USD,2025-09-13 04:45:00,116049.43439,116052.38954,116126.05877,116049.43439,0.0,0.0,0.096,11147.129,0.010348432052614433,116040.38118
CC.BTCUSD,BTC/USD,2025-09-13 04:50:00,116056.59206,116029.4758,116056.59206,116029.4758,0.0,0.0,0.019,2295.599,-0.019744306938295205,116052.38954
CC.BTCUSD,BTC/USD,2025-09-13 04:55:00,116029.47999,116051.68913,116068.99949,116029.47999,0.0,0.0,0.012,1467.043,0.01914455774866017,116029.4758
CC.BTCUSD,BTC/USD,2025-09-13 05:00:00,116050.68853,116049.68793,116050.68853,116049.68793,0.0,0.0,0.0,0.0,-0.00172440402634473,116051.68913
CC.BTCUSD,BTC/USD,2025-09-13 05:05:00,116060.98065,116045.31214,116080.89437,116022.87185,0.0,0.0,0.0,0.0,-0.0037706176363394802,116049.68793
CC.BTCUSD,BTC/USD,2025-09-13 05:10:00,116044.88505,115992.65373,116044.88505,115992.65373,0.0,0.0,0.0,0.0,-0.04537745560670357,116045.31214
CC.BTCUSD,BTC/USD,2025-09-13 05:15:00,115992.52024,115966.03777,115992.52024,115966.03777,0.0,0.0,0.0,0.0,-0.022946246287256222,115992.65373
CC.BTCUSD,BTC/USD,2025-09-13 05:20:00,115965.63754,115965.63754,115965.63754,115965.63754,0.0,0.0,0.0,0.0,-0.0003451269075805408,115966.03777
CC.BTCUSD,BTC/USD,2025-09-13 05:25:00,115964.53687,115959.53387,115964.53687,115959.53387,0.0,0.0,0.0,0.0,-0.0052633436330580645,115965.63754
CC.BTCUSD,BTC/USD,2025-09-13 05:30:00,115959.53,115939.22169,115959.53,115939.22169,0.0,0.0,0.006,742.132,-0.017516610598629283,115959.53387
CC.BTCUSD,BTC/USD,2025-09-13 05:35:00,115939.12164,115952.6,115952.6,115939.12164,0.0,0.0,0.0,0.0,0.011539071769664953,115939.22169
CC.BTCUSD,BTC/USD,2025-09-13 05:40:00,115952.6,115952.6,115952.6,115952.6,0.0,0.0,0.0,0.0,0.0,115952.6
CC.BTCUSD,BTC/USD,2025-09-13 05:45:00,115950.22828,115954.83642,115954.83642,115948.62732,0.0,0.0,0.0,0.0,0.0019287363974599013,115952.6
CC.BTCUSD,BTC/USD,2025-09-13 05:50:00,115954.9,115992.73518,115992.73518,115954.9,0.0,0.0,0.0,0.0,0.03268407008287546,115954.83642
CC.BTCUSD,BTC/USD,2025-09-13 05:55:00,115992.74,116040.36737,116040.36737,115992.74,0.0,0.0,0.0,0.0,0.041064804555291545,115992.73518
CC.BTCUSD,BTC/USD,2025-09-13 06:00:00,116044.64886,116094.00388,116094.00388,116044.64886,0.0,0.0,0.0,0.0,0.04622228558530341,116040.36737
CC.BTCUSD,BTC/USD,2025-09-13 06:05:00,116093.31408,116040.48241,116093.31408,116031.67712,0.0,0.0,0.0,0.0,-0.04610183834759387,116094.00388
CC.BTCUSD,BTC/USD,2025-09-13 06:10:00,116049.56975,116151.48271,116151.48271,116049.56975,0.0,0.0,0.048,5575.076,0.09565653097494711,116040.48241
CC.BTCUSD,BTC/USD,2025-09-13 06:15:00,116157.42436,116201.35645,116257.8768,116157.42436,0.0,0.0,0.758,88157.166,0.04293853064668296,116151.48271
CC.BTCUSD,BTC/USD,2025-09-13 06:20:00,116202.33299,116208.33405,116208.33405,116190.988,0.0,0.0,0.139,16232.408,0.006004749181220377,116201.35645
CC.BTCUSD,BTC/USD,2025-09-13 06:25:00,116209.87669,116182.68467,116211.30167,116182.68467,0.0,0.0,0.0,0.0,-0.02207189373265313,116208.33405
CC.BTCUSD,BTC/USD,2025-09-13 06:30:00,116181.04682,116130.8447,116181.04682,116130.8447,0.0,0.0,0.0,0.0,-0.04461935971547291,116182.68467
CC.BTCUSD,BTC/USD,2025-09-13 06:35:00,116121.86616,116050.4403,116121.86616,116050.4403,0.0,0.0,0.0,0.0,-0.06923604164570366,116130.8447
CC.BTCUSD,BTC/USD,2025-09-13 06:40:00,116050.90893,116130.41095,116130.41095,116050.90893,0.0,0.0,0.002,319.291,0.06891025126080709,116050.4403
CC.BTCUSD,BTC/USD,2025-09-13 06:45:00,116130.60097,116138.33236,116147.28073,116130.60097,0.0,0.0,0.004,492.464,0.006821133185695815,116130.41095
CC.BTCUSD,BTC/USD,2025-09-13 06:50:00,116139.41818,116083.97696,116157.92029,116083.97696,0.0,0.0,0.0,0.0,-0.04680229076435515,116138.33236
CC.BTCUSD,BTC/USD,2025-09-13 06:55:00,116079.97538,116016.76824,116079.97538,115999.23543,0.0,0.0,0.0,0.0,-0.05789663807189664,116083.97696
CC.BTCUSD,BTC/USD,2025-09-13 07:00:00,116013.60257,116004.01411,116013.60257,115999.1512,0.0,0.0,0.0,0.0,-0.010993350524656166,116016.76824
CC.BTCUSD,BTC/USD,2025-09-13 07:05:00,116000.27729,116019.24498,116019.24498,115995.93618,0.0,0.0,0.015,1811.865,0.013129606002734395,116004.01411
CC.BTCUSD,BTC/USD,2025-09-13 07:10:00,116012.07303,116001.10826,116012.07303,116001.10826,0.0,0.0,0.0,0.0,-0.015632509936723014,116019.24498
CC.BTCUSD,BTC/USD,2025-09-13 07:15:00,115997.08524,115992.75,115997.08524,115992.75,0.0,0.0,0.0,0.0,-0.007205327712266123,116001.10826
CC.BTCUSD,BTC/USD,2025-09-13 07:20:00,115992.74,115972.57,115992.74,115972.57,0.0,0.0,0.01,1159.927,-0.017397639076574194,115992.75
CC.BTCUSD,BTC/USD,2025-09-13 07:25:00,115966.60786,115977.28382,115977.28382,115965.80947,0.0,0.0,0.0,0.0,0.004064599068546931,115972.57
CC.BTCUSD,BTC/USD,2025-09-13 07:30:00,115977.28382,115977.28382,115977.28382,115977.28382,0.0,0.0,0.0,0.0,0.0,115977.28382
CC.BTCUSD,BTC/USD,2025-09-13 07:35:00,115977.86976,116001.08234,116007.85345,115977.86976,0.0,0.0,0.0,0.0,0.020519983928001462,115977.28382
CC.BTCUSD,BTC/USD,2025-09-13 07:40:00,116024.11638,116056.65035,116056.65035,116024.11638,0.0,0.0,0.086,9990.319,0.04790300993669391,116001.08234
CC.BTCUSD,BTC/USD,2025-09-13 07:45:00,116056.84568,116080.34999,116080.34999,116056.84568,0.0,0.0,0.0,0.0,0.02042075135594001,116056.65035
CC.BTCUSD,BTC/USD,2025-09-13 07:50:00,116075.91358,116064.18607,116075.91358,116064.18607,0.0,0.0,0.0,0.0,-0.01392476849130693,116080.34999
CC.BTCUSD,BTC/USD,2025-09-13 07:55:00,116059.24213,116042.04427,116059.24213,116042.04427,0.0,0.0,0.0,0.0,-0.019077202666672354,116064.18607
CC.BTCUSD,BTC/USD,2025-09-13 08:00:00,116042.04427,116042.04427,116042.04427,116042.04427,0.0,0.0,0.0,0.0,0.0,116042.04427
CC.BTCUSD,BTC/USD,2025-09-13 08:05:00,116039.41011,115987.74015,116039.41011,115987.74015,0.0,0.0,0.0,0.0,-0.04679693497440373,116042.04427
CC.BTCUSD,BTC/USD,2025-09-13 08:10:00,115987.74015,115987.74015,115987.74015,115987.74015,0.0,0.0,0.0,0.0,0.0,115987.74015
CC.BTCUSD,BTC/USD,2025-09-13 08:15:00,115981.44061,115976.62187,115981.44061,115976.62187,0.0,0.0,0.0,0.0,-0.009585737238794835,115987.74015
CC.BTCUSD,BTC/USD,2025-09-13 08:20:00,115972.9153,115953.97185,115972.9153,115946.70447,0.0,0.0,0.0,0.0,-0.019529815263449997,115976.62187
CC.BTCUSD,BTC/USD,2025-09-13 08:25:00,115953.97185,115953.97185,115953.97185,115953.97185,0.0,0.0,0.0,0.0,0.0,115953.97185
CC.BTCUSD,BTC/USD,2025-09-13 08:30:00,115953.02754,115953.02754,115953.02754,115953.02754,0.0,0.0,0.0,0.0,-0.0008143834876374921,115953.97185
CC.BTCUSD,BTC/USD,2025-09-13 08:35:00,115956.86866,115988.88174,115988.88174,115956.86866,0.0,0.0,0.0,0.0,0.03092131422582568,115953.02754
CC.BTCUSD,BTC/USD,2025-09-13 08:40:00,115989.1377,116054.86577,116054.86577,115989.1377,0.0,0.0,0.001,115.998,0.05688823705354477,115988.88174
CC.BTCUSD,BTC/USD,2025-09-13 08:45:00,116064.36703,116115.81462,116121.29276,116064.36703,0.0,0.0,0.0,0.0,0.052517272408716065,116054.86577
CC.BTCUSD,BTC/USD,2025-09-13 08:50:00,116107.40309,116098.74807,116107.40309,116098.74807,0.0,0.0,0.001,116.099,-0.014697868723442272,116115.81462
CC.BTCUSD,BTC/USD,2025-09-13 08:55:00,116098.74807,116098.74807,116098.74807,116098.74807,0.0,0.0,0.0,0.0,0.0,116098.74807
CC.BTCUSD,BTC/USD,2025-09-13 09:00:00,116098.51481,116078.54,116098.51481,116078.54,0.0,0.0,0.0,0.0,-0.017405932739105602,116098.74807
CC.BTCUSD,BTC/USD,2025-09-13 09:05:00,116073.75408,116030.25382,116073.75408,116030.25382,0.0,0.0,0.003,348.164,-0.04159785262632999,116078.54
CC.BTCUSD,BTC/USD,2025-09-13 09:10:00,116026.27095,115992.17134,116026.27095,115992.17134,0.0,0.0,0.0,0.0,-0.03282116408973421,116030.25382
CC.BTCUSD,BTC/USD,2025-09-13 09:15:00,115988.86821,115988.29323,115994.94999,115987.69674,0.0,0.0,0.0,0.0,-0.003343423918358651,115992.17134
CC.BTCUSD,BTC/USD,2025-09-13 09:20:00,115984.59351,115978.63533,115984.59351,115968.99043,0.0,0.0,0.0,0.0,-0.008326616187755986,115988.29323
CC.BTCUSD,BTC/USD,2025-09-13 09:25:00,115979.04417,115976.27138,115983.9953,115976.27138,0.0,0.0,0.0,0.0,-0.002038263334684662,115978.63533
CC.BTCUSD,BTC/USD,2025-09-13 09:30:00,115978.04606,116037.49994,116038.03893,115978.04606,0.0,0.0,0.0,0.0,0.052794040773540045,115976.27138
CC.BTCUSD,BTC/USD,2025-09-13 09:35:00,116037.11783,115959.61736,116037.11783,115959.61736,0.0,0.0,0.0,0.0,-0.06711845742993557,116037.49994
CC.BTCUSD,BTC/USD,2025-09-13 09:40:00,115966.29029,115966.29029,115966.29029,115966.29029,0.0,0.0,0.0,0.0,0.005754529164480018,115959.61736
CC.BTCUSD,BTC/USD,2025-09-13 09:45:00,115958.26651,115918.38269,115958.26651,115918.38269,0.0,0.0,0.0,0.0,-0.041311660380100194,115966.29029
CC.BTCUSD,BTC/USD,2025-09-13 09:50:00,115918.32,115882.52,115918.32,115882.51721,0.0,0.0,0.0,0.0,-0.030937879883902366,115918.38269
CC.BTCUSD,BTC/USD,2025-09-13 09:55:00,115882.52,115797.92844,115882.52,115708.21478,0.0,0.0,0.045,5316.508,-0.07299768765815652,115882.52
CC.BTCUSD,BTC/USD,2025-09-13 10:00:00,115793.27371,115826.99,115826.99999,115793.27371,0.0,0.0,0.0,0.0,0.02509678747410407,115797.92844
CC.BTCUSD,BTC/USD,2025-09-13 10:05:00,115826.2,115826.3277,115826.3277,115680.45686,0.0,0.0,0.0,0.0,-0.000571801097491071,115826.99
CC.BTCUSD,BTC/USD,2025-09-13 10:10:00,115825.1,115825.10187,115825.10187,115737.9,0.0,0.0,0.0,0.0,-0.0010583345119693087,115826.3277
CC.BTCUSD,BTC/USD,2025-09-13 10:15:00,115826.99,115746.45556,115872.54176,115731.31551,0.0,0.0,0.028,3355.508,-0.06790092020662986,115825.10187
CC.BTCUSD,BTC/USD,2025-09-13 10:20:00,115750.97162,115944.65867,115944.65867,115750.97162,0.0,0.0,0.0,0.0,0.1712390319349855,115746.45556
CC.BTCUSD,BTC/USD,2025-09-13 10:25:00,115945.2385,115977.22855,115977.22855,115945.2385,0.0,0.0,0.0,0.0,0.028090884369840082,115944.65867
CC.BTCUSD,BTC/USD,2025-09-13 10:30:00,115995.90656,115972.6,116004.99999,115972.6,0.0,0.0,0.0,0.0,-0.003990912748875127,115977.22855
CC.BTCUSD,BTC/USD,2025-09-13 10:35:00,115974.41901,115887.79906,115985.28754,115887.79906,0.0,0.0,0.044,5147.612,-0.0731215304304646,115972.6
CC.BTCUSD,BTC/USD,2025-09-13 10:40:00,115887.96471,115876.77078,115940.52951,115876.77078,0.0,0.0,0.0,0.0,-0.009516342608499127,115887.79906
CC.BTCUSD,BTC/USD,2025-09-13 10:45:00,115873.56875,115929.10654,115929.10654,115873.56875,0.0,0.0,0.0,0.0,0.0451650142195887,115876.77078
CC.BTCUSD,BTC/USD,2025-09-13 10:50:00,115934.53829,115875.49329,115946.33769,115875.49329,0.0,0.0,0.001,115.875,-0.046246582588382365,115929.10654
CC.BTCUSD,BTC/USD,2025-09-13 10:55:00,115876.18312,115875.58374,115898.63439,115875.58374,0.0,0.0,0.0,0.0,7.805792013067122e-05,115875.49329
CC.BTCUSD,BTC/USD,2025-09-13 11:00:00,115872.29265,115873.18227,115912.73072,115869.58013,0.0,0.0,0.001,120.521,-0.002072455579067844,115875.58374
CC.BTCUSD,BTC/USD,2025-09-13 11:05:00,115868.93313,115887.59091,115887.72988,115833.55851,0.0,0.0,0.001,115.845,0.012434835841843142,115873.18227
CC.BTCUSD,BTC/USD,2025-09-13 11:10:00,115889.60425,115926.76839,115926.76839,115889.60425,0.0,0.0,0.0,0.0,0.033806449588225776,115887.59091
CC.BTCUSD,BTC/USD,2025-09-13 11:15:00,115926.77,115927.76639,115927.76639,115926.77,0.0,0.0,0.0,0.0,0.0008608883123951183,115926.76839
CC.BTCUSD,BTC/USD,2025-09-13 11:20:00,115935.30627,115955.18284,115955.18284,115935.30627,0.0,0.0,0.0,0.0,0.023649597377522376,115927.76639
CC.BTCUSD,BTC/USD,2025-09-13 11:25:00,115969.72613,115927.0,115983.78229,115927.0,0.0,0.0,0.0,0.0,-0.02430494205583026,115955.18284
CC.BTCUSD,BTC/USD,2025-09-13 11:30:00,115929.75003,115897.39674,115943.74671,115897.39674,0.0,0.0,0.001,115.927,-0.025536121869800393,115927.0
CC.BTCUSD,BTC/USD,2025-09-13 11:35:00,115895.1002,115770.42061,115895.1002,115749.90832,0.0,0.0,0.0,0.0,-0.10955908723717851,115897.39674
CC.BTCUSD,BTC/USD,2025-09-13 11:40:00,115777.29596,115754.31096,115817.62141,115754.31096,0.0,0.0,0.001,115.76,-0.013915169276500834,115770.42061
CC.BTCUSD,BTC/USD,2025-09-13 11:45:00,115755.26973,115805.48646,115805.48646,115692.50079,0.0,0.0,0.0,0.0,0.044210448471056714,115754.31096
CC.BTCUSD,BTC/USD,2025-09-13 11:50:00,115811.6253,115759.51402,115855.23488,115759.51402,0.0,0.0,0.0,0.0,-0.03969798098976677,115805.48646
CC.BTCUSD,BTC/USD,2025-09-13 11:55:00,115765.29099,115801.43328,115801.43328,115765.29099,0.0,0.0,0.0,0.0,0.03621236695305463,115759.51402
CC.BTCUSD,BTC/USD,2025-09-13 12:00:00,115810.06906,115820.0,115820.0,115810.06906,0.0,0.0,0.082,9555.15,0.016033238513645565,115801.43328
CC.BTCUSD,BTC/USD,2025-09-13 12:05:00,115820.0,115856.47611,115875.99859,115820.0,0.0,0.0,0.147,17111.105,0.031493792091178766,115820.0
CC.BTCUSD,BTC/USD,2025-09-13 12:10:00,115864.48444,115739.50201,115871.69828,115739.50201,0.0,0.0,0.009,1087.362,-0.1009646624233121,115856.47611
CC.BTCUSD,BTC/USD,2025-09-13 12:15:00,115736.70034,115719.49004,115760.0747,115694.87528,0.0,0.0,0.0,0.0,-0.017290527134170005,115739.50201
CC.BTCUSD,BTC/USD,2025-09-13 12:20:00,115715.78783,115685.70669,115715.78783,115659.65416,0.0,0.0,0.009,1110.626,-0.029194174627212938,115719.49004
CC.BTCUSD,BTC/USD,2025-09-13 12:25:00,115689.56207,115579.24085,115690.51217,115523.9,0.0,0.0,0.134,15497.052,-0.09203024560786766,115685.70669
CC.BTCUSD,BTC/USD,2025-09-13 12:30:00,115580.7445,115604.35321,115626.3,115569.40004,0.0,0.0,0.0,0.0,0.021727396559551956,115579.24085
CC.BTCUSD,BTC/USD,2025-09-13 12:35:00,115606.31494,115561.23424,115652.3,115529.2,0.0,0.0,0.096,11095.066,-0.03729874248045706,115604.35321
CC.BTCUSD,BTC/USD,2025-09-13 12:40:00,115557.51492,115594.8,115594.8,115547.6,0.0,0.0,0.083,9603.107,0.0290458649223905,115561.23424
CC.BTCUSD,BTC/USD,2025-09-13 12:45:00,115593.61452,115484.59965,115593.61452,115185.76994,0.0,0.0,0.782,90334.465,-0.09533331084097137,115594.8
CC.BTCUSD,BTC/USD,2025-09-13 12:50:00,115484.2,115333.03187,115484.2,115295.73594,0.0,0.0,0.048,5535.703,-0.13124501488454315,115484.59965
CC.BTCUSD,BTC/USD,2025-09-13 12:55:00,115335.06079,115409.4,115467.2,115329.2,0.0,0.0,0.134,15469.418,0.06621531469498515,115333.03187
CC.BTCUSD,BTC/USD,2025-09-13 13:00:00,115414.2,115383.749,115470.5,115378.6,0.0,0.0,0.084,9802.118,-0.022226092501995524,115409.4
CC.BTCUSD,BTC/USD,2025-09-13 13:05:00,115400.86308,115340.40359,115451.72264,115232.98805,0.0,0.0,0.521,60106.825,-0.037566304072850366,115383.749
CC.BTCUSD,BTC/USD,2025-09-13 13:10:00,115340.42132,115270.05371,115386.27723,115257.21295,0.0,0.0,0.0,0.0,-0.06099326672211174,115340.40359
CC.BTCUSD,BTC/USD,2025-09-13 13:15:00,115274.15843,115274.82055,115372.3,115263.31659,0.0,0.0,0.215,24834.033,0.004135367206476461,115270.05371
CC.BTCUSD,BTC/USD,2025-09-13 13:20:00,115287.72202,115398.03131,115398.03131,115287.72202,0.0,0.0,0.171,19746.067,0.1068843650435869,115274.82055
CC.BTCUSD,BTC/USD,2025-09-13 13:25:00,115398.07714,115494.69965,115494.69965,115398.07714,0.0,0.0,0.0,0.0,0.08376948800825193,115398.03131
CC.BTCUSD,BTC/USD,2025-09-13 13:30:00,115490.53221,115457.93333,115496.37599,115457.93333,0.0,0.0,0.0,0.0,-0.03183377255528901,115494.69965
CC.BTCUSD,BTC/USD,2025-09-13 13:35:00,115458.4054,115608.1,115608.1,115458.4054,0.0,0.0,0.0,0.0,0.13006180317709484,115457.93333
CC.BTCUSD,BTC/USD,2025-09-13 13:40:00,115600.09495,115562.2959,115600.09495,115562.2959,0.0,0.0,0.0,0.0,-0.03962014772322049,115608.1
CC.BTCUSD,BTC/USD,2025-09-13 13:45:00,115559.89783,115592.33559,115598.5,115559.2941,0.0,0.0,0.0,0.0,0.025994369327864027,115562.2959
CC.BTCUSD,BTC/USD,2025-09-13 13:50:00,115591.41328,115637.18581,115638.2,115578.20533,0.0,0.0,0.0,0.0,0.03880034067230407,115592.33559
CC.BTCUSD,BTC/USD,2025-09-13 13:55:00,115644.6,115637.18581,115644.6,115637.18581,0.0,0.0,0.0,0.0,0.0,115637.18581
CC.BTCUSD,BTC/USD,2025-09-13 14:00:00,115635.43955,115635.43955,115635.43955,115635.43955,0.0,0.0,0.0,0.0,-0.0015101197662048958,115637.18581
CC.BTCUSD,BTC/USD,2025-09-13 14:05:00,115633.11471,115552.38956,115633.11471,115552.38956,0.0,0.0,0.08,9270.265,-0.07182053384601808,115635.43955
CC.BTCUSD,BTC/USD,2025-09-13 14:10:00,115550.2883,115575.4,115575.4,115492.90167,0.0,0.0,0.0,0.0,0.01991342635805047,115552.38956
CC.BTCUSD,BTC/USD,2025-09-13 14:15:00,115587.0,115619.0,115619.0,115585.648,0.0,0.0,0.0,0.0,0.0377242908092949,115575.4
CC.BTCUSD,BTC/USD,2025-09-13 14:20:00,115622.4,115584.36898,115622.4,115584.36898,0.0,0.0,0.0,0.0,-0.029952706735052816,115619.0
CC.BTCUSD,BTC/USD,2025-09-13 14:25:00,115580.16664,115615.9,115615.9,115580.16664,0.0,0.0,0.0,0.0,0.02727965751619133,115584.36898
CC.BTCUSD,BTC/USD,2025-09-13 14:30:00,115616.01065,115705.3924,115716.2,115616.01065,0.0,0.0,0.0,0.0,0.07740492440918838,115615.9
CC.BTCUSD,BTC/USD,2025-09-13 14:35:00,115695.69847,115580.40646,115695.69847,115580.40646,0.0,0.0,0.0,0.0,-0.10802084276929401,115705.3924
CC.BTCUSD,BTC/USD,2025-09-13 14:40:00,115584.2,115584.2,115584.2,115584.2,0.0,0.0,0.0,0.0,0.0032821653048188777,115580.40646
CC.BTCUSD,BTC/USD,2025-09-13 14:45:00,115586.47,115633.8,115633.8,115586.47,0.0,0.0,0.0,0.0,0.0429124395894991,115584.2
CC.BTCUSD,BTC/USD,2025-09-13 14:50:00,115632.21737,115656.1,115656.1,115632.21737,0.0,0.0,0.0,0.0,0.019285018740197855,115633.8
CC.BTCUSD,BTC/USD,2025-09-13 14:55:00,115659.6,115677.2,115677.2,115659.6,0.0,0.0,0.0,0.0,0.018243741575231454,115656.1
CC.BTCUSD,BTC/USD,2025-09-13 15:00:00,115678.3,115681.8,115681.8,115678.3,0.0,0.0,0.0,0.0,0.003976583112321028,115677.2
