time_key,open,high,low,close,volume
2025-09-09 04:05:00,237.004501214,237.20376513,236.994538018,237.20376513,6436.0
2025-09-09 04:10:00,237.20376513,237.20376513,236.82516369,237.044353997,5184.0
2025-09-09 04:15:00,237.044353997,237.074243585,237.024427606,237.074243585,671.0
2025-09-09 04:20:00,237.074243585,237.074243585,236.924795648,236.924795648,2622.0
2025-09-09 04:25:00,236.924795648,236.924795648,236.655789362,236.775347711,3583.0
2025-09-09 04:30:00,236.775347711,236.775347711,236.775347711,236.775347711,794.0
2025-09-09 04:35:00,236.775347711,236.775347711,236.227371943,236.227371943,7076.0
2025-09-09 04:40:00,236.227371943,236.406709467,236.227371943,236.406709467,2285.0
2025-09-09 04:45:00,236.406709467,236.406709467,236.406709467,236.406709467,892.0
2025-09-09 04:50:00,236.406709467,236.456525446,236.257261531,236.44656225,2098.0
2025-09-09 04:55:00,236.44656225,236.44656225,236.267224726,236.267224726,775.0
2025-09-09 05:00:00,236.267224726,236.267224726,236.267224726,236.267224726,1049.0
2025-09-09 05:05:00,236.267224726,236.396746272,236.267224726,236.396746272,1542.0
2025-09-09 05:10:00,236.396746272,236.396746272,236.277187922,236.30707751,1661.0
2025-09-09 05:15:00,236.30707751,236.30707751,236.30707751,236.30707751,509.0
2025-09-09 05:20:00,236.30707751,236.30707751,236.30707751,236.30707751,318.0
2025-09-09 05:25:00,236.386783076,236.426635859,236.37681988,236.37681988,2610.0
2025-09-09 05:30:00,236.37681988,236.37681988,236.217408748,236.217408748,1360.0
2025-09-09 05:35:00,236.217408748,236.217408748,236.217408748,236.217408748,606.0
2025-09-09 05:40:00,236.217408748,236.356893488,236.217408748,236.356893488,1897.0
2025-09-09 05:45:00,236.356893488,236.356893488,236.356893488,236.356893488,1044.0
2025-09-09 05:50:00,236.356893488,236.356893488,236.356893488,236.356893488,387.0
2025-09-09 05:55:00,236.356893488,236.356893488,235.779028133,236.048034419,42250.0
2025-09-09 06:00:00,236.048034419,236.087887202,235.958365657,236.087887202,2812.0
2025-09-09 06:05:00,236.087887202,236.107813594,236.067960811,236.107813594,2871.0
2025-09-09 06:10:00,236.107813594,236.147666377,236.107813594,236.147666377,2632.0
2025-09-09 06:15:00,236.147666377,236.147666377,236.147666377,236.147666377,250.0
2025-09-09 06:20:00,236.147666377,236.177555964,236.127739986,236.137703181,2954.0
2025-09-09 06:25:00,236.137703181,236.197482356,236.127739986,236.147666377,3113.0
2025-09-09 06:30:00,236.147666377,236.147666377,236.127739986,236.127739986,3020.0
2025-09-09 06:35:00,236.127739986,236.127739986,236.127739986,236.127739986,749.0
2025-09-09 06:40:00,236.127739986,236.127739986,236.127739986,236.127739986,565.0
2025-09-09 06:45:00,236.127739986,236.127739986,236.127739986,236.127739986,581.0
2025-09-09 06:50:00,236.127739986,236.137703181,236.097850398,236.127739986,2751.0
2025-09-09 06:55:00,236.127739986,236.157629573,236.077924007,236.157629573,1434.0
2025-09-09 07:00:00,236.157629573,236.177555964,236.157629573,236.177555964,2493.0
2025-09-09 07:05:00,236.177555964,236.277187922,236.177555964,236.207445552,4501.0
2025-09-09 07:10:00,236.207445552,236.207445552,236.097850398,236.177555964,3275.0
2025-09-09 07:15:00,236.177555964,236.197482356,236.167592769,236.167592769,3647.0
2025-09-09 07:20:00,236.167592769,236.167592769,236.028108028,236.028108028,4489.0
2025-09-09 07:25:00,236.028108028,236.067960811,236.018144832,236.018144832,3173.0
2025-09-09 07:30:00,236.018144832,236.11777679,236.018144832,236.077924007,1756.0
2025-09-09 07:35:00,236.077924007,236.077924007,236.038071223,236.038071223,703.0
2025-09-09 07:40:00,236.038071223,236.097850398,236.018144832,236.097850398,3707.0
2025-09-09 07:45:00,236.097850398,236.177555964,236.087887202,236.177555964,2556.0
2025-09-09 07:50:00,236.177555964,236.327003901,236.177555964,236.327003901,3505.0
2025-09-09 07:55:00,236.327003901,236.37681988,236.277187922,236.336967097,1639.0
2025-09-09 08:00:00,236.336967097,236.426635859,236.336967097,236.426635859,1266.0
2025-09-09 08:05:00,236.426635859,236.619822225,236.416672663,236.619822225,72645.0
2025-09-09 08:10:00,236.619822225,236.775347711,236.536231012,236.75034009,11122.0
2025-09-09 08:15:00,236.75034009,236.924795648,236.665752558,236.775248079,19411.0
2025-09-09 08:20:00,236.736889775,236.82516369,236.727125844,236.745458124,10572.0
2025-09-09 08:25:00,236.745458124,236.924795648,236.745458124,236.745458124,12500.0
2025-09-09 08:30:00,236.745458124,236.924795648,236.715568537,236.924197856,3770.0
2025-09-09 08:35:00,236.865016473,236.865016473,236.536231012,236.556157404,9231.0
2025-09-09 08:40:00,236.556157404,236.82516369,236.556157404,236.705605341,9967.0
2025-09-09 08:45:00,236.745358492,236.854953645,236.685678949,236.725133204,5408.0
2025-09-09 08:50:00,236.725133204,236.924696016,236.685678949,236.894906061,5172.0
2025-09-09 08:55:00,236.894906061,236.894906061,236.745458124,236.874979669,9638.0
2025-09-09 09:00:00,236.874979669,236.894906061,236.805237299,236.855053277,4188.0
2025-09-09 09:05:00,236.855053277,236.855053277,236.406709467,236.436599055,21977.0
2025-09-09 09:10:00,236.426735491,236.690959443,236.327003901,236.368052268,18308.0
2025-09-09 09:15:00,236.368052268,236.466488642,236.297114314,236.466488642,8300.0
2025-09-09 09:20:00,236.466488642,236.716564856,236.466488642,236.625899775,12896.0
2025-09-09 09:25:00,236.625899775,236.725531732,236.526267817,236.625800143,8143.0
2025-09-09 09:30:00,236.625800143,236.655789362,235.759101742,235.858733699,46830.0
2025-09-09 09:35:00,236.127739986,237.124059564,235.858733699,236.909850854,1528779.0
2025-09-09 09:40:00,236.909850854,236.974611627,235.589727413,235.601085457,754205.0
2025-09-09 09:45:00,235.614635403,236.097850398,235.48013226,235.798954525,653050.0
2025-09-09 09:50:00,235.808917721,235.978292049,235.548280519,235.594709011,642903.0
2025-09-09 09:55:00,235.589727413,235.723034973,235.350610715,235.659469784,541304.0
2025-09-09 10:00:00,235.652794443,236.137703181,235.579764218,235.92847607,589103.0
2025-09-09 10:05:00,235.958365657,236.038071223,235.470169064,235.853752102,558243.0
2025-09-09 10:10:00,235.838807308,236.008181636,235.54987463,235.769064937,417596.0
2025-09-09 10:15:00,235.769064937,235.908549678,235.54987463,235.559837826,578636.0
2025-09-09 10:20:00,235.559837826,235.719248959,235.206144376,235.458213229,535646.0
2025-09-09 10:25:00,235.45522427,235.729212154,235.250978757,235.674414578,384874.0
2025-09-09 10:30:00,235.679396175,235.719248959,235.430316281,235.440379109,268138.0
2025-09-09 10:35:00,235.440279477,235.475150662,235.161309995,235.171273191,370193.0
2025-09-09 10:40:00,235.171273191,235.310757932,235.041751645,235.051814473,463528.0
2025-09-09 10:45:00,235.051714841,235.171273191,234.922193296,235.001898862,519054.0
2025-09-09 10:50:00,234.991935667,235.629580197,234.9122301,235.559837826,432031.0
2025-09-09 10:55:00,235.549974262,235.798954525,235.348119916,235.679396175,363872.0
2025-09-09 11:00:00,235.689359371,235.807423241,235.569801022,235.674414578,269488.0
2025-09-09 11:05:00,235.674414578,235.818880916,235.420353085,235.66943298,305203.0
2025-09-09 11:10:00,235.66943298,235.679396175,235.066659635,235.22108917,403258.0
2025-09-09 11:15:00,235.211125974,235.29083154,235.161309995,235.279872025,273314.0
2025-09-09 11:20:00,235.285152518,235.460205868,235.131420408,235.391758713,369770.0
2025-09-09 11:25:00,235.395445096,235.54987463,235.310757932,235.500058651,273701.0
2025-09-09 11:30:00,235.515003445,235.529948239,235.280967976,235.365555508,234165.0
2025-09-09 11:35:00,235.36057391,235.390463498,235.141383603,235.22108917,285154.0
2025-09-09 11:40:00,235.231052365,235.340647519,235.151346799,235.29083154,213986.0
2025-09-09 11:45:00,235.290931172,235.310757932,235.051714841,235.071641233,268051.0
2025-09-09 11:50:00,235.076622831,235.232048685,234.893698556,234.917211698,289672.0
2025-09-09 11:55:00,234.932156492,235.280868344,234.932156492,235.22108917,451066.0
2025-09-09 12:00:00,235.231052365,235.276982698,234.683076597,234.812598143,699829.0
2025-09-09 12:05:00,234.812598143,234.991935667,234.693039793,234.922193296,377275.0
2025-09-09 12:10:00,234.922193296,235.111494016,234.84248773,235.091567624,227086.0
2025-09-09 12:15:00,235.10153082,235.231052365,234.942119688,235.174062885,516504.0
2025-09-09 12:20:00,235.181236386,235.370537106,235.038762687,235.081604429,360815.0
2025-09-09 12:25:00,235.071641233,235.091467992,234.802834211,234.962046079,322743.0
2025-09-09 12:30:00,234.963640191,235.191199582,234.962046079,235.131420408,287848.0
2025-09-09 12:35:00,235.131420408,235.250978757,234.957064481,235.241015561,222455.0
2025-09-09 12:40:00,235.236033963,235.250978757,234.981972471,235.03178845,195106.0
2025-09-09 12:45:00,235.03178845,235.131320776,234.972009275,235.111494016,214096.0
2025-09-09 12:50:00,235.121457212,235.529948239,235.081604429,235.480231892,355693.0
2025-09-09 12:55:00,235.500058651,235.557247395,235.355592313,235.380500302,319360.0
2025-09-09 13:00:00,235.380500302,235.798954525,235.380500302,235.748740018,410773.0
2025-09-09 13:05:00,235.749138546,236.277187922,235.744156948,236.107813594,1025541.0
2025-09-09 13:10:00,236.107813594,236.528758616,235.868796527,236.526168185,1226444.0
2025-09-09 13:15:00,236.521286219,237.701924919,236.44656225,237.173875542,2324362.0
2025-09-09 13:20:00,237.172879223,237.901686994,237.01446441,237.142790372,1421051.0
2025-09-09 13:25:00,237.134022759,237.323323479,236.466488642,236.835027254,1129422.0
2025-09-09 13:30:00,236.831440503,237.353213066,236.745557756,236.874979669,830417.0
2025-09-09 13:35:00,236.884942865,237.223691521,235.978292049,236.287151118,1505581.0
2025-09-09 13:40:00,236.292132716,237.124059564,236.028108028,236.207445552,1255851.0
2025-09-09 13:45:00,236.197482356,236.5661206,235.450242672,235.958365657,1517606.0
2025-09-09 13:50:00,235.945812031,236.645826166,235.579764218,235.679396175,883768.0
2025-09-09 13:55:00,235.674414578,236.127739986,235.539911434,235.759101742,704272.0
2025-09-09 14:00:00,235.749138546,236.028108028,235.559837826,235.659469784,492990.0
2025-09-09 14:05:00,235.66943298,235.918413242,235.380500302,235.410389889,457091.0
2025-09-09 14:10:00,235.410389889,235.470169064,234.892403341,234.922292928,901809.0
2025-09-09 14:15:00,234.942119688,235.10153082,232.800032595,234.194880004,4546566.0
2025-09-09 14:20:00,234.169573487,234.234732787,232.959443727,233.557235474,1976521.0
2025-09-09 14:25:00,233.56719867,234.065358459,233.338144799,233.955763305,889733.0
2025-09-09 14:30:00,233.955763305,234.094251727,233.487493104,233.66543578,942749.0
2025-09-09 14:35:00,233.671812226,233.836204956,233.178634035,233.367934754,843921.0
2025-09-09 14:40:00,233.367934754,233.547172647,233.019222902,233.039149294,887781.0
2025-09-09 14:45:00,233.039149294,233.488589055,232.919590944,232.944498934,903052.0
2025-09-09 14:50:00,232.959443727,233.019222902,232.521063113,232.85981177,1214244.0
2025-09-09 14:55:00,232.869575702,233.088965273,232.750216616,232.785087801,803111.0
2025-09-09 15:00:00,232.785087801,232.944498934,232.501136722,232.879638529,800232.0
2025-09-09 15:05:00,232.879738161,233.18859723,232.700400637,232.89089694,1001139.0
2025-09-09 15:10:00,232.874756563,233.138781252,232.829922182,233.08986196,753920.0
2025-09-09 15:15:00,233.108891664,233.414662143,233.009259706,233.367934754,672026.0
2025-09-09 15:20:00,233.37789795,233.617014649,233.357971559,233.437677125,706540.0
2025-09-09 15:25:00,233.457603516,233.626977845,233.423031227,233.522364289,519140.0
2025-09-09 15:30:00,233.522364289,233.626977845,233.427713929,233.447640321,439706.0
2025-09-09 15:35:00,233.447640321,233.56719867,233.298292016,233.457703148,561140.0
2025-09-09 15:40:00,233.457603516,233.507419495,233.228450014,233.419344845,499386.0
2025-09-09 15:45:00,233.422732331,233.422732331,232.655566256,232.710363833,912942.0
2025-09-09 15:50:00,232.710363833,233.138781252,232.660547854,233.098928468,882104.0
2025-09-09 15:55:00,233.11885486,233.771444184,233.11885486,233.636941041,1388052.0
2025-09-09 16:00:00,233.646904236,233.742152388,233.392842744,233.487493104,6651427.0
2025-09-09 16:05:00,233.474540949,233.537309083,233.148744447,233.328181603,2380560.0
2025-09-09 16:10:00,233.328181603,233.487493104,233.158707643,233.208523622,24208.0
2025-09-09 16:15:00,233.208523622,233.208523622,232.899664553,232.979370119,104893.0
2025-09-09 16:20:00,232.979370119,233.138781252,232.939517336,233.039149294,19290.0
2025-09-09 16:25:00,233.039149294,233.238413209,233.039149294,233.22316952,16093.0
2025-09-09 16:30:00,233.22316952,233.237018362,232.969406923,232.969406923,24179.0
2025-09-09 16:35:00,232.969406923,233.039149294,232.142461674,232.939517336,57218.0
2025-09-09 16:40:00,232.939517336,232.939517336,232.690437441,232.919092785,12032.0
2025-09-09 16:45:00,232.919092785,233.120747867,232.879738161,233.019222902,10826.0
2025-09-09 16:50:00,233.019222902,233.019222902,232.790069399,232.809995791,12636.0
2025-09-09 16:55:00,232.809995791,232.889701357,232.750216616,232.750216616,40332.0
2025-09-09 17:00:00,232.750216616,232.770143008,232.22216724,232.321799198,30969.0
2025-09-09 17:05:00,232.321799198,232.441357547,232.242093631,232.391541568,26015.0
2025-09-09 17:10:00,232.391541568,232.391541568,232.162388065,232.162388065,16718.0
2025-09-09 17:15:00,232.162388065,232.341725589,232.162388065,232.29190961,12857.0
2025-09-09 17:20:00,232.29190961,232.441357547,232.262020023,232.319109135,10509.0
2025-09-09 17:25:00,232.319109135,232.321799198,232.152424869,232.321799198,423121.0
2025-09-09 17:30:00,232.321799198,232.321799198,232.152424869,232.182314457,9442.0
2025-09-09 17:35:00,232.182314457,232.320802878,232.172351261,232.192277652,13519.0
2025-09-09 17:40:00,232.192277652,232.252056827,232.184805256,232.252056827,18435.0
2025-09-09 17:45:00,232.252056827,232.252056827,232.192277652,232.196761091,10745.0
2025-09-09 17:50:00,232.196761091,232.252056827,232.182314457,232.192277652,8402.0
2025-09-09 17:55:00,232.192277652,232.220274233,232.152424869,232.172351261,14868.0
2025-09-09 18:00:00,232.172351261,232.371615176,232.162388065,232.301872806,149909.0
2025-09-09 18:05:00,232.301872806,232.341725589,232.182314457,232.262020023,14010.0
2025-09-09 18:10:00,232.262020023,232.619399855,232.262020023,232.610731875,21080.0
2025-09-09 18:15:00,232.610731875,232.74025342,232.540989505,232.720127765,15841.0
2025-09-09 18:20:00,232.720327029,232.771836751,232.640621463,232.647197172,8859.0
2025-09-09 18:25:00,232.647197172,232.700400637,232.640621463,232.700400637,4139.0
2025-09-09 18:30:00,232.700400637,232.710363833,232.660547854,232.668020251,5018.0
2025-09-09 18:35:00,232.668020251,232.819958987,232.668020251,232.80640904,7327.0
2025-09-09 18:40:00,232.80640904,232.889701357,232.790069399,232.800032595,10658.0
2025-09-09 18:45:00,232.800032595,232.999296511,232.800032595,232.989333315,9275.0
2025-09-09 18:50:00,232.989333315,232.989333315,232.890099885,232.977477112,4849.0
2025-09-09 18:55:00,232.977477112,232.989333315,232.74025342,232.889701357,7818.0
2025-09-09 19:00:00,232.889701357,232.889701357,232.74025342,232.74025342,4135.0
2025-09-09 19:05:00,232.74025342,232.790069399,232.476228732,232.620695071,8555.0
2025-09-09 19:10:00,232.620695071,232.889701357,232.620695071,232.879738161,15005.0
2025-09-09 19:15:00,232.879738161,232.879738161,232.640621463,232.809995791,2864.0
2025-09-09 19:20:00,232.809995791,232.829922182,232.720327029,232.74025342,3739.0
2025-09-09 19:25:00,232.74025342,232.74025342,232.660547854,232.710363833,3750.0
2025-09-09 19:30:00,232.710363833,232.74025342,232.640621463,232.74025342,10319.0
2025-09-09 19:35:00,232.74025342,232.74025342,232.640621463,232.645104901,6230.0
2025-09-09 19:40:00,232.645104901,232.690437441,232.640621463,232.640621463,4278.0
2025-09-09 19:45:00,232.640621463,232.679976086,232.640621463,232.67051105,3660.0
2025-09-09 19:50:00,232.67051105,232.67051105,232.640621463,232.660547854,6062.0
2025-09-09 19:55:00,232.660547854,232.67051105,232.640621463,232.670411418,8104.0
2025-09-09 20:00:00,232.670411418,232.690437441,232.660547854,232.680474246,23195.0
2025-09-10 04:05:00,233.487493104,233.487493104,233.18859723,233.18859723,14198.0
2025-09-10 04:10:00,233.18859723,233.18859723,232.999296511,232.999296511,9200.0
2025-09-10 04:15:00,232.999296511,233.138781252,232.999296511,233.108891664,3735.0
2025-09-10 04:20:00,233.108891664,233.108891664,232.85981177,232.85981177,3907.0
2025-09-10 04:25:00,232.85981177,232.85981177,232.690437441,232.690437441,5964.0
2025-09-10 04:30:00,232.690437441,232.790069399,232.640621463,232.640621463,8133.0
2025-09-10 04:35:00,232.640621463,232.640621463,232.441357547,232.441357547,5589.0
2025-09-10 04:40:00,232.441357547,232.5509527,232.391541568,232.41146796,5298.0
2025-09-10 04:45:00,232.41146796,232.461283938,232.41146796,232.441357547,3454.0
2025-09-10 04:50:00,232.441357547,232.570879092,232.441357547,232.540989505,5151.0
2025-09-10 04:55:00,232.540989505,232.590805484,232.531026309,232.590805484,3520.0
2025-09-10 05:00:00,232.590805484,232.640621463,232.580842288,232.580842288,3346.0
2025-09-10 05:05:00,232.580842288,232.580842288,232.41146796,232.441357547,3820.0
2025-09-10 05:10:00,232.401504764,232.41146796,232.341725589,232.341725589,4293.0
2025-09-10 05:15:00,232.341725589,232.451320743,232.341725589,232.441357547,5770.0
2025-09-10 05:20:00,232.441357547,232.491173526,232.441357547,232.471247134,1627.0
2025-09-10 05:25:00,232.471247134,232.471247134,232.471247134,232.471247134,853.0
2025-09-10 05:30:00,232.471247134,232.491173526,232.471247134,232.491173526,998.0
2025-09-10 05:35:00,232.491173526,232.491173526,232.491173526,232.491173526,547.0
2025-09-10 05:40:00,232.491173526,232.750216616,232.491173526,232.750216616,2474.0
2025-09-10 05:45:00,232.750216616,232.869774965,232.750216616,232.869774965,4833.0
2025-09-10 05:50:00,232.869774965,232.869774965,232.750216616,232.790069399,2171.0
2025-09-10 05:55:00,232.790069399,232.790069399,232.650584658,232.650584658,4154.0
2025-09-10 06:00:00,232.640621463,232.660547854,232.640621463,232.640621463,1667.0
2025-09-10 06:05:00,232.640621463,232.640621463,232.640621463,232.640621463,856.0
2025-09-10 06:10:00,232.640621463,232.650584658,232.620695071,232.620695071,1329.0
2025-09-10 06:15:00,232.620695071,232.74025342,232.600768679,232.710363833,2496.0
2025-09-10 06:20:00,232.710363833,232.710363833,232.680474246,232.680474246,1601.0
2025-09-10 06:25:00,232.680474246,232.680474246,232.540989505,232.540989505,8433.0
2025-09-10 06:30:00,232.540989505,232.640621463,232.540989505,232.640621463,1232.0
2025-09-10 06:35:00,232.640621463,232.74025342,232.540989505,232.540989505,6456.0
2025-09-10 06:40:00,232.540989505,232.74025342,232.521063113,232.521063113,5457.0
2025-09-10 06:45:00,232.521063113,232.521063113,232.461283938,232.461283938,2758.0
2025-09-10 06:50:00,232.461283938,232.560915896,232.441357547,232.540989505,3522.0
2025-09-10 06:55:00,232.540989505,232.540989505,232.441357547,232.441357547,2632.0
2025-09-10 07:00:00,232.441357547,232.680474246,232.431394351,232.680474246,9216.0
2025-09-10 07:05:00,232.680474246,232.979370119,232.680474246,232.690437441,12429.0
2025-09-10 07:10:00,232.690437441,232.829922182,232.690437441,232.800032595,2273.0
2025-09-10 07:15:00,232.800032595,232.800032595,232.690437441,232.770143008,15855.0
2025-09-10 07:20:00,232.74025342,232.750216616,232.660547854,232.660547854,4236.0
2025-09-10 07:25:00,232.660547854,232.730290225,232.580842288,232.580842288,11596.0
2025-09-10 07:30:00,232.580842288,232.580842288,232.441357547,232.471247134,3740.0
2025-09-10 07:35:00,232.471247134,232.540989505,232.371615176,232.371615176,9407.0
2025-09-10 07:40:00,232.371615176,232.48121033,232.331762393,232.341725589,16477.0
2025-09-10 07:45:00,232.341725589,232.501136722,232.281946414,232.501136722,6720.0
2025-09-10 07:50:00,232.491173526,232.511099917,232.341725589,232.341725589,5933.0
2025-09-10 07:55:00,232.341725589,232.341725589,232.29190961,232.29190961,1732.0
2025-09-10 08:00:00,232.29190961,232.531026309,232.29190961,232.441357547,9059.0
2025-09-10 08:05:00,232.441357547,232.471247134,232.271983219,232.352585473,191136.0
2025-09-10 08:10:00,232.352585473,232.391541568,232.271983219,232.391541568,12706.0
2025-09-10 08:15:00,232.361651981,232.441357547,232.212204044,232.212204044,25646.0
2025-09-10 08:20:00,232.212204044,232.212204044,231.714044255,231.943197758,48779.0
2025-09-10 08:25:00,231.943197758,231.943197758,231.415148382,231.415148382,46305.0
2025-09-10 08:30:00,231.415148382,231.624375493,231.20592127,231.613316346,31664.0
2025-09-10 08:35:00,231.613316346,232.650584658,231.613316346,232.062756107,98533.0
2025-09-10 08:40:00,232.062756107,232.062756107,231.652870233,231.943197758,43109.0
2025-09-10 08:45:00,231.943197758,232.142461674,231.674191472,231.763860234,56416.0
2025-09-10 08:50:00,231.763860234,232.142461674,231.753897038,232.042829716,44139.0
2025-09-10 08:55:00,232.042829716,232.152424869,231.94329739,232.122535282,40705.0
2025-09-10 09:00:00,232.122535282,232.321799198,231.993013737,232.152424869,35349.0
2025-09-10 09:05:00,232.152424869,232.172351261,231.833602604,231.993013737,39921.0
2025-09-10 09:10:00,231.993013737,232.281946414,231.993013737,232.281946414,32632.0
2025-09-10 09:15:00,232.281946414,232.899664553,232.281946414,232.879738161,48144.0
2025-09-10 09:20:00,232.879738161,233.184113792,232.839885378,233.088965273,60581.0
2025-09-10 09:25:00,233.088965273,233.138781252,232.959443727,233.138781252,35074.0
2025-09-10 09:30:00,233.138781252,233.228450014,230.667908698,231.225847662,291778.0
2025-09-10 09:35:00,231.330461217,231.564596318,229.552030771,229.800911401,3819940.0
2025-09-10 09:40:00,229.806092263,229.980448189,228.84464387,228.968087866,2613527.0
2025-09-10 09:45:00,228.924349437,229.342803659,227.997772229,228.376373669,2003108.0
2025-09-10 09:50:00,228.386336864,229.302950876,228.306631298,229.093723765,1415953.0
2025-09-10 09:55:00,229.103686961,229.681552316,228.745011913,229.332840464,1414443.0
2025-09-10 10:00:00,229.312914072,229.457380411,228.51585841,228.704760602,1166944.0
2025-09-10 10:05:00,228.687823169,228.954239024,227.828397901,228.065920488,1477425.0
2025-09-10 10:10:00,228.067514599,228.306631298,227.898140271,228.13725697,1091639.0
2025-09-10 10:15:00,228.127293774,228.804791087,228.111850821,228.386336864,1121434.0
2025-09-10 10:20:00,228.39630006,228.555711193,227.49961244,227.744507792,1412028.0
2025-09-10 10:25:00,227.748692335,227.748692335,226.802188735,226.931411385,1777990.0
2025-09-10 10:30:00,226.934898503,227.579318006,226.712519973,227.268466298,1419736.0
2025-09-10 10:35:00,227.270458937,227.505988885,227.011415847,227.225624556,843619.0
2025-09-10 10:40:00,227.230606154,227.419906874,226.871931106,227.293175023,964115.0
2025-09-10 10:45:00,227.290484961,227.409943678,226.881894302,226.971563064,870995.0
2025-09-10 10:50:00,226.941673476,227.041205802,226.513256058,226.527403796,1188122.0
2025-09-10 10:55:00,226.533182449,227.230506522,226.533182449,227.190753371,981862.0
2025-09-10 11:00:00,227.180790175,227.419906874,226.881993934,226.891857497,1004740.0
2025-09-10 11:05:00,226.901721061,226.961599868,226.732446365,226.787243942,749941.0
2025-09-10 11:10:00,226.79222554,226.990991295,226.587980026,226.971563064,945793.0
2025-09-10 11:15:00,226.961599868,227.260495741,226.961599868,227.02636064,1132570.0
2025-09-10 11:20:00,227.02636064,227.061231826,226.29506207,226.322062331,1140195.0
2025-09-10 11:25:00,226.313992142,226.834668754,226.214360184,226.497514208,968920.0
2025-09-10 11:30:00,226.493329666,226.523219254,226.184470597,226.204396989,769355.0
2025-09-10 11:35:00,226.204396989,226.264176163,225.7062372,225.825795549,1320468.0
2025-09-10 11:40:00,225.835659113,225.905501115,225.536862871,225.616568438,1115766.0
2025-09-10 11:45:00,225.623941202,226.064912248,225.407440958,225.930409105,1034482.0
2025-09-10 11:50:00,225.930409105,226.393697708,225.89304712,226.363808121,807388.0
2025-09-10 11:55:00,226.373771317,226.383734513,225.905501115,226.164544206,848891.0
2025-09-10 12:00:00,226.159562608,226.523119622,226.149599412,226.423587296,775673.0
2025-09-10 12:05:00,226.418605698,226.632814407,226.373771317,226.418605698,701265.0
2025-09-10 12:10:00,226.418605698,226.463440079,226.149599412,226.443513687,727301.0
2025-09-10 12:15:00,226.449292341,226.946655074,226.338900132,226.901820693,708701.0
2025-09-10 12:20:00,226.906802291,227.021379043,226.702556778,226.971563064,715357.0
2025-09-10 12:25:00,226.971563064,227.21566136,226.775786267,227.111047805,708589.0
2025-09-10 12:30:00,227.111047805,227.200716567,226.847023116,226.90829677,693223.0
2025-09-10 12:35:00,226.906802291,226.951636672,226.473403275,226.48336647,558062.0
2025-09-10 12:40:00,226.488348068,226.518237656,226.134654618,226.134654618,524196.0
2025-09-10 12:45:00,226.184370965,226.274139359,225.985206681,226.174507401,1555334.0
2025-09-10 12:50:00,226.189452195,226.493329666,226.15458101,226.264176163,527668.0
2025-09-10 12:55:00,226.264176163,226.48336647,226.205692204,226.34388173,481676.0
2025-09-10 13:00:00,226.353745293,226.582998428,226.259194565,226.573035232,360995.0
2025-09-10 13:05:00,226.568053635,226.742409561,226.478384873,226.722483169,452548.0
2025-09-10 13:10:00,226.722483169,226.802188735,226.544341229,226.797207138,377378.0
2025-09-10 13:15:00,226.79222554,226.906802291,226.593061256,226.652740799,355754.0
2025-09-10 13:20:00,226.652740799,226.821915863,226.373771317,226.398679306,356691.0
2025-09-10 13:25:00,226.403660904,226.43345086,225.985206681,226.064912248,581215.0
2025-09-10 13:30:00,226.05993065,226.069893846,225.785942766,225.970261888,448017.0
2025-09-10 13:35:00,225.96528029,226.229304978,225.96528029,226.134355722,454162.0
2025-09-10 13:40:00,226.134654618,226.244249772,225.766016374,225.865648332,611930.0
2025-09-10 13:45:00,225.860666734,226.030041062,225.795905962,225.845721941,369389.0
2025-09-10 13:50:00,225.845721941,226.114628595,225.810850755,225.990188279,366568.0
2025-09-10 13:55:00,225.990188279,226.164344942,225.955317094,226.074875443,358360.0
2025-09-10 14:00:00,226.064912248,226.069893846,225.754658331,225.850703538,499528.0
2025-09-10 14:05:00,225.840740343,225.880593126,225.686310808,225.855685136,447469.0
2025-09-10 14:10:00,225.855685136,225.910482713,225.51693648,225.895537919,646287.0
2025-09-10 14:15:00,225.915464311,226.094801835,225.885574724,226.074875443,399103.0
2025-09-10 14:20:00,226.069893846,226.151456552,225.785942766,225.840740343,1313555.0
2025-09-10 14:25:00,225.840740343,226.184470597,225.805869157,226.144617814,348022.0
2025-09-10 14:30:00,226.144617814,226.24923137,226.049967454,226.222629637,400366.0
2025-09-10 14:35:00,226.219341782,226.513256058,226.219341782,226.429565213,525998.0
2025-09-10 14:40:00,226.423587296,226.443513687,226.104765031,226.161754511,521328.0
2025-09-10 14:45:00,226.159562608,226.214360184,225.96528029,225.980225084,308019.0
2025-09-10 14:50:00,225.985206681,226.044985856,225.581697252,225.702052657,531289.0
2025-09-10 14:55:00,225.696274004,225.865648332,225.626531633,225.820813951,347366.0
2025-09-10 15:00:00,225.825795549,226.094801835,225.766016374,226.054949052,585077.0
2025-09-10 15:05:00,226.054949052,226.211371226,225.726263223,225.790924364,640350.0
2025-09-10 15:10:00,225.790924364,225.875611528,225.646458025,225.646458025,457843.0
2025-09-10 15:15:00,225.656421221,225.80088756,225.427267718,225.447194109,591639.0
2025-09-10 15:20:00,225.457157305,225.766016374,225.447194109,225.626631265,472198.0
2025-09-10 15:25:00,225.626531633,225.736126787,225.417304522,225.608996409,595440.0
2025-09-10 15:30:00,225.606605242,225.678639147,225.347562152,225.352543749,588496.0
2025-09-10 15:35:00,225.352543749,225.531881273,225.128371844,225.322654162,1074607.0
2025-09-10 15:40:00,225.322654162,225.447194109,225.120600552,225.207977779,632659.0
2025-09-10 15:45:00,225.208077411,225.666384417,225.118408649,225.636494829,930543.0
2025-09-10 15:50:00,225.626531633,225.845721941,225.546826067,225.77597957,800103.0
2025-09-10 15:55:00,225.77597957,226.463440079,225.756053179,225.865648332,1587755.0
2025-09-10 16:00:00,225.865648332,226.22432338,225.661402819,225.955317094,10899853.0
2025-09-10 16:05:00,225.955317094,226.074775812,225.905501115,226.06501188,1027743.0
2025-09-10 16:10:00,226.06501188,226.662703995,225.935390703,226.662703995,129575.0
2025-09-10 16:15:00,226.662703995,226.662703995,226.124691422,226.124691422,887466.0
2025-09-10 16:20:00,226.124691422,226.164544206,226.047476655,226.15458101,7945.0
2025-09-10 16:25:00,226.15458101,226.15458101,225.96528029,226.114728227,2284980.0
2025-09-10 16:30:00,226.114728227,226.114728227,225.915464311,225.965579186,18840.0
2025-09-10 16:35:00,225.965579186,226.064912248,225.965180658,226.064912248,6667.0
2025-09-10 16:40:00,226.064912248,226.144617814,226.064912248,226.124691422,6358.0
2025-09-10 16:45:00,226.124691422,226.16374715,226.06501188,226.124691422,6187.0
2025-09-10 16:50:00,226.124691422,226.124691422,226.064912248,226.064912248,8736.0
2025-09-10 16:55:00,226.064912248,226.085536063,226.03502266,226.064912248,8098.0
2025-09-10 17:00:00,226.064912248,226.15458101,226.064912248,226.084838639,9451.0
2025-09-10 17:05:00,226.084838639,226.264176163,226.064912248,226.164544206,61553.0
2025-09-10 17:10:00,226.164544206,226.164544206,226.15458101,226.164344942,3940.0
2025-09-10 17:15:00,226.164344942,226.263678004,226.144318918,226.214360184,10979.0
2025-09-10 17:20:00,226.214360184,226.214360184,226.164544206,226.214360184,4495.0
2025-09-10 17:25:00,226.214360184,226.264176163,226.214360184,226.244249772,9629.0
2025-09-10 17:30:00,226.244249772,226.264176163,226.22432338,226.264176163,6943.0
2025-09-10 17:35:00,226.264176163,226.264176163,226.254212968,226.254412231,3403.0
2025-09-10 17:40:00,226.254412231,226.394096236,226.254212968,226.394096236,8657.0
2025-09-10 17:45:00,226.394096236,226.394096236,226.353844925,226.383734513,8580.0
2025-09-10 17:50:00,226.383734513,226.383734513,226.363808121,226.373771317,8509.0
2025-09-10 17:55:00,226.373771317,226.4136241,226.370782358,226.408742134,3396.0
2025-09-10 18:00:00,226.408742134,226.463440079,226.403660904,226.463440079,6750.0
2025-09-10 18:05:00,226.463440079,226.473403275,226.391804701,226.473403275,3728.0
2025-09-10 18:10:00,226.473403275,226.473403275,226.393697708,226.4136241,5481.0
2025-09-10 18:15:00,226.413225572,226.48336647,226.383734513,226.48336647,7003.0
2025-09-10 18:20:00,226.48336647,226.48336647,226.463440079,226.473403275,2404.0
2025-09-10 18:25:00,226.473403275,226.513256058,226.443513687,226.503292862,9015.0
2025-09-10 18:30:00,226.503292862,226.523219254,226.503292862,226.523219254,2865.0
2025-09-10 18:35:00,226.523219254,226.523219254,226.503292862,226.513256058,7373.0
2025-09-10 18:40:00,226.513256058,226.553108841,226.503292862,226.553108841,4204.0
2025-09-10 18:45:00,226.553108841,226.563072037,226.513256058,226.553108841,3177.0
2025-09-10 18:50:00,226.553108841,226.553108841,226.513256058,226.513256058,6298.0
2025-09-10 18:55:00,226.513256058,226.561278661,226.504986605,226.543145645,4964.0
2025-09-10 19:00:00,226.543145645,226.553108841,226.503292862,226.543145645,3919.0
2025-09-10 19:05:00,226.543145645,226.543145645,226.503292862,226.533182449,3179.0
2025-09-10 19:10:00,226.533182449,226.533182449,226.463440079,226.463440079,6747.0
2025-09-10 19:15:00,226.463440079,226.463440079,226.264176163,226.264176163,9198.0
2025-09-10 19:20:00,226.264176163,226.48336647,226.254212968,226.339996083,5602.0
2025-09-10 19:25:00,226.339996083,226.34388173,226.284102555,226.30472637,5021.0
2025-09-10 19:30:00,226.323955338,226.34388173,226.294464278,226.304028946,5857.0
2025-09-10 19:35:00,226.304028946,226.313992142,226.293766855,226.313992142,2221.0
2025-09-10 19:40:00,226.313992142,226.313992142,226.294065751,226.294065751,3590.0
2025-09-10 19:45:00,226.294065751,226.363808121,226.274139359,226.333918534,7290.0
2025-09-10 19:50:00,226.333918534,226.333918534,226.184470597,226.204396989,3711.0
2025-09-10 19:55:00,226.204396989,226.214360184,226.164544206,226.174507401,11966.0
2025-09-10 20:00:00,226.174507401,226.24415014,226.064912248,226.185666181,8019.0
2025-09-11 04:05:00,225.955317094,226.762335952,225.955317094,226.762335952,6381.0
2025-09-11 04:10:00,226.762335952,226.802188735,226.662703995,226.772299148,3157.0
2025-09-11 04:15:00,226.772299148,226.911783889,226.772299148,226.86196791,4943.0
2025-09-11 04:20:00,226.86196791,226.911783889,226.86196791,226.911783889,2706.0
2025-09-11 04:25:00,226.911783889,226.961599868,226.911783889,226.961599868,5714.0
2025-09-11 04:30:00,226.961599868,227.011415847,226.842041519,226.901820693,5097.0
2025-09-11 04:35:00,226.901820693,227.031342238,226.871931106,226.961599868,5355.0
2025-09-11 04:40:00,226.961599868,227.041305434,226.951636672,227.011415847,3579.0
2025-09-11 04:45:00,227.011415847,227.071195021,227.001452651,227.041305434,4555.0
2025-09-11 04:50:00,227.041305434,227.200716567,227.041305434,227.081158217,8158.0
2025-09-11 04:55:00,227.081158217,227.150900588,227.001452651,227.081158217,7801.0
2025-09-11 05:00:00,227.081158217,227.111047805,227.011415847,227.011415847,2205.0
2025-09-11 05:05:00,227.011415847,227.05126863,226.961599868,226.961599868,3606.0
2025-09-11 05:10:00,226.961599868,227.130974196,226.961599868,227.130974196,5313.0
2025-09-11 05:15:00,227.130974196,227.280422133,227.071195021,227.270458937,5909.0
2025-09-11 05:20:00,227.270458937,227.31031172,227.230606154,227.31031172,4254.0
2025-09-11 05:25:00,227.31031172,227.529502027,227.31031172,227.529502027,13512.0
2025-09-11 05:30:00,227.529502027,227.559391615,227.529502027,227.529502027,3952.0
2025-09-11 05:35:00,227.529502027,227.539465223,227.409943678,227.539465223,6611.0
2025-09-11 05:40:00,227.539465223,227.539465223,227.409943678,227.409943678,3481.0
2025-09-11 05:45:00,227.409943678,227.549428419,227.409943678,227.509575636,5993.0
2025-09-11 05:50:00,227.509575636,227.509575636,227.220642958,227.270458937,7089.0
2025-09-11 05:55:00,227.270458937,227.31031172,227.160863784,227.280422133,9367.0
2025-09-11 06:00:00,227.280422133,227.280422133,227.230606154,227.230606154,1087.0
2025-09-11 06:05:00,227.230606154,227.250532546,226.662703995,226.832078323,21361.0
2025-09-11 06:10:00,226.832078323,226.842041519,225.666384417,226.284102555,52659.0
2025-09-11 06:15:00,226.284102555,226.363808121,226.134654618,226.214360184,13933.0
2025-09-11 06:20:00,226.214360184,226.443513687,226.214360184,226.4136241,3173.0
2025-09-11 06:25:00,226.4136241,226.443513687,226.4136241,226.443513687,1673.0
2025-09-11 06:30:00,226.443513687,226.533182449,226.443513687,226.473403275,3162.0
2025-09-11 06:35:00,226.473403275,226.473403275,226.463440079,226.463440079,1224.0
2025-09-11 06:40:00,226.463440079,226.533182449,226.463440079,226.533182449,2031.0
2025-09-11 06:45:00,226.533182449,226.652740799,226.533182449,226.652740799,5281.0
2025-09-11 06:50:00,226.652740799,226.652740799,226.373771317,226.373771317,7454.0
2025-09-11 06:55:00,226.373771317,226.523219254,226.373771317,226.373771317,3888.0
2025-09-11 07:00:00,226.373771317,226.523219254,226.363808121,226.363808121,3468.0
2025-09-11 07:05:00,226.363808121,226.563072037,226.363808121,226.433550492,8561.0
2025-09-11 07:10:00,226.433550492,226.433550492,226.274139359,226.274139359,7469.0
2025-09-11 07:15:00,226.274139359,226.423587296,226.274139359,226.363808121,5594.0
2025-09-11 07:20:00,226.363808121,226.373771317,226.264176163,226.264176163,3384.0
2025-09-11 07:25:00,226.264176163,226.563072037,226.264176163,226.563072037,5197.0
2025-09-11 07:30:00,226.563072037,226.612888016,226.523219254,226.573035232,2341.0
2025-09-11 07:35:00,226.573035232,226.652740799,226.533182449,226.592961624,4344.0
2025-09-11 07:40:00,226.592961624,226.662703995,226.592961624,226.632814407,2495.0
2025-09-11 07:45:00,226.632814407,226.702556778,226.612888016,226.702556778,3746.0
2025-09-11 07:50:00,226.702556778,226.802188735,226.662703995,226.662703995,5980.0
2025-09-11 07:55:00,226.662703995,226.682630386,226.662703995,226.662703995,2559.0
2025-09-11 08:00:00,226.662703995,226.662703995,226.363808121,226.403660904,6993.0
2025-09-11 08:05:00,226.403660904,226.642777603,226.353844925,226.423587296,890970.0
2025-09-11 08:10:00,226.423587296,226.563072037,226.415018947,226.523219254,12593.0
2025-09-11 08:15:00,226.523219254,226.662703995,226.473403275,226.662703995,9100.0
2025-09-11 08:20:00,226.662703995,226.782262344,226.563072037,226.662703995,23862.0
2025-09-11 08:25:00,226.662703995,226.812151931,226.642777603,226.692593582,13028.0
2025-09-11 08:30:00,226.692593582,226.752372757,226.48336647,226.484462422,17172.0
2025-09-11 08:35:00,226.484462422,226.811952667,226.015096269,226.025059465,59154.0
2025-09-11 08:40:00,226.025059465,226.274139359,226.025059465,226.074875443,29969.0
2025-09-11 08:45:00,226.074875443,226.353844925,226.064912248,226.254212968,19247.0
2025-09-11 08:50:00,226.254212968,226.453476883,226.164544206,226.254212968,21416.0
2025-09-11 08:55:00,226.254212968,226.304028946,226.064912248,226.114728227,24204.0
2025-09-11 09:00:00,226.114728227,226.761638529,225.815832353,226.761638529,80376.0
2025-09-11 09:05:00,226.762335952,227.021379043,226.514650905,227.020482355,67644.0
2025-09-11 09:10:00,227.020482355,227.549428419,226.86196791,227.549428419,138516.0
2025-09-11 09:15:00,227.549428419,227.708839551,227.265576971,227.360127699,89780.0
2025-09-11 09:20:00,227.360127699,227.399980482,227.31031172,227.31031172,38326.0
2025-09-11 09:25:00,227.31031172,227.408548831,227.160863784,227.200716567,38710.0
2025-09-11 09:30:00,227.200716567,227.200716567,225.825795549,225.96528029,135607.0
2025-09-11 09:35:00,226.040004258,226.931710281,225.815832353,226.65533123,2284997.0
2025-09-11 09:40:00,226.632814407,227.419906874,226.582998428,227.380054091,1209690.0
2025-09-11 09:45:00,227.399980482,227.599244398,226.772299148,227.101084609,951098.0
2025-09-11 09:50:00,227.096103011,227.56935481,227.071195021,227.255514143,869673.0
2025-09-11 09:55:00,227.260495741,227.678949964,227.05126863,227.659023573,731732.0
2025-09-11 10:00:00,227.668986768,228.306631298,227.49961244,228.202017743,1178742.0
2025-09-11 10:05:00,228.177209385,228.256815319,227.937993054,228.147220166,935124.0
2025-09-11 10:10:00,228.157183362,228.341502483,227.918066663,228.256815319,893978.0
2025-09-11 10:15:00,228.256815319,228.336520886,228.047588208,228.15708373,940058.0
2025-09-11 10:20:00,228.157183362,228.266778515,227.678949964,228.047588208,743287.0
2025-09-11 10:25:00,228.047588208,228.236888928,227.937993054,227.997772229,546958.0
2025-09-11 10:30:00,228.007735425,228.117330578,227.519538832,228.097404187,518204.0
2025-09-11 10:35:00,228.097404187,228.356447277,227.957919446,228.316594494,452457.0
2025-09-11 10:40:00,228.306631298,228.456079235,228.177109753,228.331539288,408386.0
2025-09-11 10:45:00,228.346484081,228.366410473,227.668986768,227.803489911,448968.0
2025-09-11 10:50:00,227.808471509,227.888177075,227.479885312,227.629133985,441976.0
2025-09-11 10:55:00,227.619170789,227.977845837,227.609207594,227.928029859,2032428.0
2025-09-11 11:00:00,227.908103467,228.236888928,227.75865553,228.192054547,415816.0
2025-09-11 11:05:00,228.193449394,228.476005626,228.107367383,228.276741711,390359.0
2025-09-11 11:10:00,228.286704907,228.366410473,227.858287488,227.878313512,380758.0
2025-09-11 11:15:00,227.868250684,228.047588208,227.768618726,227.858287488,364581.0
2025-09-11 11:20:00,227.858287488,227.987809033,227.56935481,227.85330589,506428.0
2025-09-11 11:25:00,227.858287488,227.967882642,227.609207594,227.87821388,505061.0
2025-09-11 11:30:00,227.868250684,227.937993054,227.619170789,227.928029859,374575.0
2025-09-11 11:35:00,227.908103467,227.918066663,227.678949964,227.703857954,350013.0
2025-09-11 11:40:00,227.708839551,227.718802747,227.489649244,227.584299604,356629.0
2025-09-11 11:45:00,227.584299604,227.855597425,227.529502027,227.828397901,342907.0
2025-09-11 11:50:00,227.828397901,227.918066663,227.737135027,227.89196309,236949.0
2025-09-11 11:55:00,227.888177075,227.937993054,227.524520429,227.579318006,355308.0
2025-09-11 12:00:00,227.56935481,227.649060377,227.349168184,227.56935481,356101.0
2025-09-11 12:05:00,227.56935481,227.678949964,227.419906874,227.539465223,275691.0
2025-09-11 12:10:00,227.539564855,227.549428419,227.190753371,227.370090895,292754.0
2025-09-11 12:15:00,227.360127699,227.455176587,227.300448156,227.444814863,255868.0
2025-09-11 12:20:00,227.444914495,227.768618726,227.399980482,227.75865553,277134.0
2025-09-11 12:25:00,227.748791966,227.87821388,227.698876356,227.806877398,204693.0
2025-09-11 12:30:00,227.798508313,227.918066663,227.75865553,227.768618726,209867.0
2025-09-11 12:35:00,227.75865553,227.833379499,227.698876356,227.777087442,191906.0
2025-09-11 12:40:00,227.773600324,227.773600324,227.539465223,227.544446821,161082.0
2025-09-11 12:45:00,227.549428419,227.813453107,227.549428419,227.748692335,263475.0
2025-09-11 12:50:00,227.756862155,227.87821388,227.708839551,227.838361097,247790.0
2025-09-11 12:55:00,227.838361097,227.858287488,227.469722853,227.803489911,211084.0
2025-09-11 13:00:00,227.798508313,227.94795625,227.738729139,227.908103467,219505.0
2025-09-11 13:05:00,227.918066663,228.127194142,227.803290647,228.117330578,411099.0
2025-09-11 13:10:00,228.117330578,228.256815319,227.937993054,228.246852124,365256.0
2025-09-11 13:15:00,228.253925993,228.482382072,228.216962536,228.346484081,412907.0
2025-09-11 13:20:00,228.336620517,228.525821605,228.306631298,228.371392071,301764.0
2025-09-11 13:25:00,228.376373669,228.535784801,228.197036145,228.461060833,315314.0
2025-09-11 13:30:00,228.461060833,228.695195934,228.461060833,228.625453563,415078.0
2025-09-11 13:35:00,228.625453563,228.834680675,228.545747997,228.685232738,346782.0
2025-09-11 13:40:00,228.685232738,228.794827891,228.615490367,228.677760341,242668.0
2025-09-11 13:45:00,228.685232738,228.96420222,228.685232738,228.924349437,311287.0
2025-09-11 13:50:00,228.934312632,228.984128611,228.726480368,228.954239024,313228.0
2025-09-11 13:55:00,228.954239024,229.103686961,228.7749015,229.093723765,340836.0
2025-09-11 14:00:00,229.093723765,229.312914072,229.034044222,229.213282114,627076.0
2025-09-11 14:05:00,229.213282114,229.233208506,228.84464387,228.874533458,483721.0
2025-09-11 14:10:00,228.884496653,229.193355723,228.874533458,229.023981394,464651.0
2025-09-11 14:15:00,229.023981394,229.023981394,228.675269542,228.710140727,328499.0
2025-09-11 14:20:00,228.715122325,228.769919902,228.565674388,228.655343151,483437.0
2025-09-11 14:25:00,228.665306346,228.715122325,228.336520886,228.505895214,413052.0
2025-09-11 14:30:00,228.495932018,228.665306346,228.466042431,228.615490367,308457.0
2025-09-11 14:35:00,228.620471965,228.894459849,228.595563976,228.874533458,249182.0
2025-09-11 14:40:00,228.873537138,229.082365722,228.864570262,229.082365722,374583.0
2025-09-11 14:45:00,229.073797373,229.143539744,228.994091807,229.118631754,209212.0
2025-09-11 14:50:00,229.113650156,229.29298768,229.015213782,229.238190104,367064.0
2025-09-11 14:55:00,229.238190104,229.303747932,229.053870982,229.143539744,287795.0
2025-09-11 15:00:00,229.138558146,229.143539744,228.904423045,229.0115274,347145.0
2025-09-11 15:05:00,229.023981394,229.218263712,229.014018199,229.18458811,332262.0
2025-09-11 15:10:00,229.183392527,229.203318918,228.854607066,228.884496653,302031.0
2025-09-11 15:15:00,228.879515056,228.914386241,228.565674388,228.804791087,493297.0
2025-09-11 15:20:00,228.809772685,228.874533458,228.695195934,228.759956706,304808.0
2025-09-11 15:25:00,228.754975108,228.982733764,228.710140727,228.954239024,316372.0
2025-09-11 15:30:00,228.949257426,229.068815775,228.949257426,229.004055003,300987.0
2025-09-11 15:35:00,228.994091807,229.243171702,228.989110209,229.233208506,579337.0
2025-09-11 15:40:00,229.224341261,229.337822061,229.178410929,229.243171702,472440.0
2025-09-11 15:45:00,229.243271333,229.29298768,229.173429331,229.193355723,496680.0
2025-09-11 15:50:00,229.193355723,229.522141183,229.193355723,229.512177988,636772.0
2025-09-11 15:55:00,229.502214792,229.591883554,228.954239024,229.552030771,1198715.0
2025-09-11 16:00:00,229.542067575,229.60184675,229.093723765,229.183392527,7573346.0
2025-09-11 16:05:00,229.173429331,229.183392527,228.834680675,229.183392527,2848846.0
2025-09-11 16:10:00,229.183392527,229.203318918,229.083760569,229.123613352,25499.0
2025-09-11 16:15:00,229.123613352,229.15350294,228.695195934,228.7749015,9512.0
2025-09-11 16:20:00,228.7749015,228.854607066,228.655343151,228.804791087,11421.0
2025-09-11 16:25:00,228.804791087,228.924349437,228.7749015,228.854607066,9527.0
2025-09-11 16:30:00,228.784864696,228.784864696,228.607619443,228.607619443,9134.0
2025-09-11 16:35:00,228.607619443,228.754975108,228.607619443,228.754975108,1285.0
2025-09-11 16:40:00,228.754975108,228.854607066,228.635416759,228.854607066,4162.0
2025-09-11 16:45:00,228.854607066,228.854607066,228.655343151,228.705159129,3652.0
2025-09-11 16:50:00,228.705159129,228.705159129,228.665306346,228.685232738,11300.0
2025-09-11 16:55:00,228.685232738,228.745011913,228.665306346,228.745011913,7153.0
2025-09-11 17:00:00,228.745011913,228.854607066,228.675269542,228.675269542,27396.0
2025-09-11 17:05:00,228.675269542,228.745011913,228.669789784,228.705258761,1492.0
2025-09-11 17:10:00,228.705258761,228.745011913,228.666800826,228.706354713,2940.0
2025-09-11 17:15:00,228.706354713,228.725085521,228.705159129,228.705159129,2631.0
2025-09-11 17:20:00,228.705159129,228.716417541,228.705159129,228.715122325,708.0
2025-09-11 17:25:00,228.715122325,228.715122325,228.655343151,228.655343151,5207.0
2025-09-11 17:30:00,228.655343151,228.695195934,228.655343151,228.655343151,1853.0
2025-09-11 17:35:00,228.655343151,228.715122325,228.655343151,228.715122325,42500.0
2025-09-11 17:40:00,228.715122325,228.754975108,228.639700933,228.639700933,3100.0
2025-09-11 17:45:00,228.639700933,228.655343151,228.535784801,228.575637584,3683.0
2025-09-11 17:50:00,228.575637584,228.794827891,228.505895214,228.505895214,3958.0
2025-09-11 17:55:00,228.505895214,228.804791087,228.505895214,228.51585841,3963.0
2025-09-11 18:00:00,228.51585841,228.745011913,228.466042431,228.485968822,8377.0
2025-09-11 18:05:00,228.485968822,228.505895214,228.177109753,228.228320579,18382.0
2025-09-11 18:10:00,228.228320579,228.376373669,228.226925732,228.376373669,3044.0
2025-09-11 18:15:00,228.366410473,228.445418615,228.256815319,228.376373669,2924.0
2025-09-11 18:20:00,228.376373669,228.469728813,228.376373669,228.406263256,1938.0
2025-09-11 18:25:00,228.406263256,228.406263256,228.256815319,228.406263256,1787.0
2025-09-11 18:30:00,228.406263256,228.505895214,228.406263256,228.505895214,1159.0
2025-09-11 18:35:00,228.505895214,228.635416759,228.505895214,228.525821605,2001.0
2025-09-11 18:40:00,228.525821605,228.545747997,228.485968822,228.495832386,6361.0
2025-09-11 18:45:00,228.495832386,228.495832386,228.356447277,228.466042431,2950.0
2025-09-11 18:50:00,228.466042431,228.655343151,228.466042431,228.645379955,6277.0
2025-09-11 18:55:00,228.645379955,228.695195934,228.575637584,228.695195934,1323.0
2025-09-11 19:00:00,228.695195934,228.705159129,228.565674388,228.705159129,937.0
2025-09-11 19:05:00,228.705159129,228.705159129,228.58560078,228.695195934,924.0
2025-09-11 19:10:00,228.695195934,228.695195934,228.51585841,228.51585841,3771.0
2025-09-11 19:15:00,228.51585841,228.604630484,228.474311883,228.592973545,1631.0
2025-09-11 19:20:00,228.592973545,228.605527172,228.58560078,228.58560078,1457.0
2025-09-11 19:25:00,228.58560078,228.58560078,228.466042431,228.475308203,2123.0
2025-09-11 19:30:00,228.475308203,228.655343151,228.475308203,228.615490367,4732.0
2025-09-11 19:35:00,228.615490367,228.615490367,228.555711193,228.555810825,1687.0
2025-09-11 19:40:00,228.555810825,228.625453563,228.476005626,228.476005626,2204.0
2025-09-11 19:45:00,228.476005626,228.655343151,228.476005626,228.645379955,1465.0
2025-09-11 19:50:00,228.645379955,228.735048717,228.545747997,228.735048717,3284.0
2025-09-11 19:55:00,228.735048717,228.735048717,228.545747997,228.565674388,5115.0
2025-09-11 20:00:00,228.565674388,228.735048717,228.565674388,228.655343151,3104.0
2025-09-12 04:05:00,229.183392527,229.183392527,228.794827891,228.904423045,11537.0
2025-09-12 04:10:00,228.904423045,228.974165415,228.874533458,228.914386241,4828.0
2025-09-12 04:15:00,228.914386241,228.914386241,228.784864696,228.784864696,7263.0
2025-09-12 04:20:00,228.784864696,228.784864696,228.545747997,228.685232738,3628.0
2025-09-12 04:25:00,228.685232738,228.685232738,228.535784801,228.535784801,2381.0
2025-09-12 04:30:00,228.535784801,228.535784801,228.535784801,228.535784801,334.0
2025-09-12 04:35:00,228.535784801,228.535784801,228.535784801,228.535784801,985.0
2025-09-12 04:40:00,228.535784801,228.645379955,228.535784801,228.555711193,3098.0
2025-09-12 04:45:00,228.555711193,228.645379955,228.555711193,228.625453563,1017.0
2025-09-12 04:50:00,228.625453563,228.655343151,228.555711193,228.555711193,2680.0
2025-09-12 04:55:00,228.555711193,228.665306346,228.555711193,228.635416759,1422.0
2025-09-12 05:00:00,228.635416759,228.635416759,228.605527172,228.605527172,917.0
2025-09-12 05:05:00,228.605527172,228.655343151,228.605527172,228.655343151,991.0
2025-09-12 05:10:00,228.655343151,228.705159129,228.655343151,228.705159129,1782.0
2025-09-12 05:15:00,228.705159129,228.705159129,228.685232738,228.685232738,1152.0
2025-09-12 05:20:00,228.685232738,228.705159129,228.655343151,228.705159129,1136.0
2025-09-12 05:25:00,228.705159129,228.705159129,228.655343151,228.655343151,1643.0
2025-09-12 05:30:00,228.655343151,228.655343151,228.595563976,228.595563976,1306.0
2025-09-12 05:35:00,228.595563976,228.605527172,228.565674388,228.575637584,1902.0
2025-09-12 05:40:00,228.575637584,228.575637584,228.555711193,228.555711193,1836.0
2025-09-12 05:45:00,228.555711193,228.605527172,228.466042431,228.466042431,5234.0
2025-09-12 05:50:00,228.466042431,228.575637584,228.456079235,228.575637584,4025.0
2025-09-12 05:55:00,228.575637584,228.675269542,228.575637584,228.615490367,2488.0
2025-09-12 06:00:00,228.615490367,228.685232738,228.615490367,228.685232738,707.0
2025-09-12 06:05:00,228.685232738,228.685232738,228.685232738,228.685232738,579.0
2025-09-12 06:10:00,228.685232738,228.685232738,228.58560078,228.625453563,1412.0
2025-09-12 06:15:00,228.625453563,228.625453563,228.535784801,228.535784801,1253.0
2025-09-12 06:20:00,228.535784801,228.535784801,228.535784801,228.535784801,776.0
2025-09-12 06:25:00,228.535784801,228.535784801,228.535784801,228.535784801,429.0
2025-09-12 06:30:00,228.535784801,228.645379955,228.535784801,228.645379955,1188.0
2025-09-12 06:35:00,228.645379955,228.645379955,228.446116039,228.446116039,3009.0
2025-09-12 06:40:00,228.446116039,228.446116039,228.426189648,228.426189648,1756.0
2025-09-12 06:45:00,228.426189648,228.426189648,228.316594494,228.316594494,1607.0
2025-09-12 06:50:00,228.316594494,228.356447277,228.276741711,228.276741711,2227.0
2025-09-12 06:55:00,228.276741711,228.32655769,228.276741711,228.276741711,2688.0
2025-09-12 07:00:00,228.276741711,228.306631298,228.266778515,228.276741711,3585.0
2025-09-12 07:05:00,228.276741711,228.306631298,228.216962536,228.236888928,5437.0
2025-09-12 07:10:00,228.236888928,228.296668102,228.236888928,228.296668102,4026.0
2025-09-12 07:15:00,228.296668102,228.296668102,228.177109753,228.266778515,10091.0
2025-09-12 07:20:00,228.266778515,228.336520886,228.266778515,228.336520886,1854.0
2025-09-12 07:25:00,228.336520886,228.376373669,228.336520886,228.376373669,2594.0
2025-09-12 07:30:00,228.376373669,228.505895214,228.376373669,228.505895214,6464.0
2025-09-12 07:35:00,228.505895214,228.505895214,228.376373669,228.376373669,2956.0
2025-09-12 07:40:00,228.376373669,228.376373669,228.376373669,228.376373669,883.0
2025-09-12 07:45:00,228.376373669,228.406263256,228.336520886,228.336520886,2578.0
2025-09-12 07:50:00,228.336520886,228.336520886,228.267774835,228.276741711,3224.0
2025-09-12 07:55:00,228.276741711,228.346484081,228.246852124,228.346484081,5376.0
2025-09-12 08:00:00,228.39630006,228.535784801,228.346484081,228.535784801,3465.0
2025-09-12 08:05:00,228.535784801,228.605527172,228.356447277,228.356447277,114481.0
2025-09-12 08:10:00,228.356447277,228.525821605,228.356447277,228.456079235,1622926.0
2025-09-12 08:15:00,228.456079235,228.505895214,228.456079235,228.505895214,9780.0
2025-09-12 08:20:00,228.505895214,228.655343151,228.485968822,228.655343151,11522.0
2025-09-12 08:25:00,228.655343151,228.685232738,228.595563976,228.635416759,12617.0
2025-09-12 08:30:00,228.635416759,228.685232738,228.605527172,228.655343151,9165.0
2025-09-12 08:35:00,228.655343151,228.745011913,227.668986768,228.147220166,141672.0
2025-09-12 08:40:00,228.147220166,228.187072949,226.66300289,227.75865553,140880.0
2025-09-12 08:45:00,227.75865553,228.216962536,227.459759657,227.977845837,63154.0
2025-09-12 08:50:00,227.977845837,228.157183362,227.890767506,228.157183362,15039.0
2025-09-12 08:55:00,228.157183362,228.456975923,228.157183362,228.456079235,20585.0
2025-09-12 09:00:00,228.456079235,228.605527172,228.306631298,228.416226452,24666.0
2025-09-12 09:05:00,228.416226452,228.60542754,228.356447277,228.526419397,11916.0
2025-09-12 09:10:00,228.526419397,228.754975108,228.51585841,228.655343151,41615.0
2025-09-12 09:15:00,228.655343151,228.804791087,228.655343151,228.705159129,29266.0
2025-09-12 09:20:00,228.705159129,228.705159129,228.32655769,228.356447277,16177.0
2025-09-12 09:25:00,228.356447277,228.467636542,228.306631298,228.306631298,15918.0
2025-09-12 09:30:00,228.306631298,228.476005626,227.858287488,228.356447277,43616.0
2025-09-12 09:35:00,228.376373669,230.090043343,228.316694126,229.691515512,1798447.0
2025-09-12 09:40:00,229.681552316,229.771121446,228.346484081,228.655343151,867667.0
2025-09-12 09:45:00,228.67975298,228.79731869,228.177109753,228.336520886,688362.0
2025-09-12 09:50:00,228.316594494,229.193355723,228.256815319,228.944275828,853364.0
2025-09-12 09:55:00,228.934312632,229.581920358,228.894459849,229.542067575,672806.0
2025-09-12 10:00:00,229.537085977,230.37897602,229.387139881,230.363034907,668537.0
2025-09-12 10:05:00,230.249454475,230.777503852,230.080080147,230.657945502,900232.0
2025-09-12 10:10:00,230.667908698,231.893381779,230.628055915,231.833602604,1626726.0
2025-09-12 10:15:00,231.813676213,231.933234562,231.275663641,231.524843167,1099269.0
2025-09-12 10:20:00,231.544669927,231.983050541,231.46496436,231.887005334,851474.0
2025-09-12 10:25:00,231.903344975,232.939517336,231.684154668,232.800032595,1208939.0
2025-09-12 10:30:00,232.803519714,233.216494179,232.650584658,233.208523622,1273683.0
2025-09-12 10:35:00,233.218486818,233.617014649,232.660547854,233.367934754,1159609.0
2025-09-12 10:40:00,233.362953157,233.487493104,232.819958987,233.11885486,876234.0
2025-09-12 10:45:00,233.11885486,233.646904236,232.969406923,233.03944819,879842.0
2025-09-12 10:50:00,233.049112489,233.318118776,232.909627749,232.96671686,541817.0
2025-09-12 10:55:00,232.979370119,233.009259706,232.610731875,232.854830172,675475.0
2025-09-12 11:00:00,232.864793368,233.268302797,232.819958987,233.079002077,563350.0
2025-09-12 11:05:00,233.088965273,233.427713929,233.011949769,233.079002077,689999.0
2025-09-12 11:10:00,233.079002077,233.377798318,232.700400637,232.879738161,651383.0
2025-09-12 11:15:00,232.866387479,233.108891664,232.710363833,233.039149294,405218.0
2025-09-12 11:20:00,233.039149294,233.228450014,232.67051105,232.700400637,611795.0
2025-09-12 11:25:00,232.690437441,233.113873262,232.501136722,233.09394687,475369.0
2025-09-12 11:30:00,233.09394687,233.357971559,233.009259706,233.233431611,514826.0
2025-09-12 11:35:00,233.228450014,233.407787538,233.069038881,233.228549645,433886.0
2025-09-12 11:40:00,233.233431611,233.268302797,232.761176131,232.884919023,382665.0
2025-09-12 11:45:00,232.879439265,233.248376405,232.800032595,232.999296511,310781.0
2025-09-12 11:50:00,232.989333315,233.457603516,232.989333315,233.427713929,798787.0
2025-09-12 11:55:00,233.422732331,233.626977845,233.338045167,233.522364289,402802.0
2025-09-12 12:00:00,233.508415815,233.517382691,233.108891664,233.108891664,331971.0
2025-09-12 12:05:00,233.124334618,233.251365364,232.969406923,233.049112489,433889.0
2025-09-12 12:10:00,233.044130892,233.27816636,232.904646151,233.198560426,446323.0
2025-09-12 12:15:00,233.191785453,233.318118776,233.108891664,233.218486818,360982.0
2025-09-12 12:20:00,233.224663999,233.40280594,233.138781252,233.172855381,306976.0
2025-09-12 12:25:00,233.158707643,233.238313577,233.079002077,233.148744447,247444.0
2025-09-12 12:30:00,233.15193267,233.198560426,233.071828576,233.108293872,254275.0
2025-09-12 12:35:00,233.102614851,233.103113011,232.750216616,232.959443727,351433.0
2025-09-12 12:40:00,232.959443727,233.103910066,232.899664553,232.989333315,240278.0
2025-09-12 12:45:00,232.989333315,233.009259706,232.849848574,232.869774965,274840.0
2025-09-12 12:50:00,232.879738161,232.984351717,232.790169031,232.891295468,197781.0
2025-09-12 12:55:00,232.889701357,232.909627749,232.565897494,232.570879092,388871.0
2025-09-12 13:00:00,232.570879092,232.570879092,232.267001621,232.280451935,1424119.0
2025-09-12 13:05:00,232.267001621,232.351688785,232.142461674,232.22216724,797708.0
2025-09-12 13:10:00,232.22216724,232.371515544,232.212204044,232.308635823,200971.0
2025-09-12 13:15:00,232.301872806,232.431394351,232.281946414,232.281946414,220442.0
2025-09-12 13:20:00,232.281946414,232.570879092,232.187296055,232.341725589,380272.0
2025-09-12 13:25:00,232.341725589,232.600768679,232.202240848,232.521063113,242266.0
2025-09-12 13:30:00,232.521063113,232.590805484,232.356670383,232.376596774,250318.0
2025-09-12 13:35:00,232.361651981,232.511099917,232.360157501,232.466265536,202256.0
2025-09-12 13:40:00,232.462778418,232.760179812,232.443848346,232.685455844,325659.0
2025-09-12 13:45:00,232.685455844,232.730290225,232.5509527,232.565897494,255870.0
2025-09-12 13:50:00,232.565897494,232.67051105,232.516081515,232.635639865,228175.0
2025-09-12 13:55:00,232.640621463,233.009259706,232.640621463,232.76516141,345235.0
2025-09-12 14:00:00,232.770143008,232.92955414,232.770143008,232.800032595,241482.0
2025-09-12 14:05:00,232.819958987,232.844866976,232.361651981,232.5509527,273253.0
2025-09-12 14:10:00,232.540989505,232.650584658,232.473737933,232.526044711,245778.0
2025-09-12 14:15:00,232.521063113,232.700400637,232.455505285,232.67051105,268722.0
2025-09-12 14:20:00,232.666027612,232.851442685,232.590805484,232.780106203,363313.0
2025-09-12 14:25:00,232.785087801,232.824940584,232.511099917,232.590805484,256447.0
2025-09-12 14:30:00,232.600768679,232.695419039,232.570879092,232.680474246,197437.0
2025-09-12 14:35:00,232.680474246,232.899664553,232.570879092,232.869774965,349364.0
2025-09-12 14:40:00,232.869774965,233.088965273,232.76516141,233.083983675,996727.0
2025-09-12 14:45:00,233.079002077,233.328081971,233.039149294,233.303173982,450696.0
2025-09-12 14:50:00,233.303173982,233.357971559,232.162388065,232.553842027,1237320.0
2025-09-12 14:55:00,232.560915896,232.919590944,232.560915896,232.879738161,1141835.0
2025-09-12 15:00:00,232.894682955,233.198560426,232.790069399,233.138781252,489526.0
2025-09-12 15:05:00,233.148744447,233.56719867,233.148744447,233.527345887,454780.0
2025-09-12 15:10:00,233.517382691,233.537209451,233.258339601,233.278265992,339464.0
2025-09-12 15:15:00,233.282749431,233.587125062,233.198560426,233.52903963,493844.0
2025-09-12 15:20:00,233.527345887,233.557235474,233.128818056,233.327085652,401122.0
2025-09-12 15:25:00,233.328081971,233.338045167,233.128818056,233.153726045,295590.0
2025-09-12 15:30:00,233.153726045,233.21350522,232.869774965,232.915107506,320778.0
2025-09-12 15:35:00,232.919590944,233.039149294,232.750216616,232.999296511,556418.0
2025-09-12 15:40:00,232.989333315,233.029186098,232.829922182,232.904646151,397718.0
2025-09-12 15:45:00,232.909627749,233.09444503,232.650584658,232.899664553,577006.0
2025-09-12 15:50:00,232.899664553,233.019222902,232.879738161,232.984351717,449130.0
2025-09-12 15:55:00,232.989333315,233.338045167,232.85981177,233.223468416,916680.0
2025-09-12 16:00:00,233.218486818,233.427713929,233.11885486,233.208523622,8388345.0
2025-09-12 16:05:00,233.18859723,233.437677125,232.949480532,233.059075685,1005163.0
2025-09-12 16:10:00,233.059075685,233.079002077,232.949480532,233.039149294,34516.0
2025-09-12 16:15:00,233.039149294,233.079002077,233.019222902,233.019222902,7778.0
2025-09-12 16:20:00,233.019222902,233.208523622,233.019222902,233.208523622,15674.0
2025-09-12 16:25:00,233.208523622,233.208523622,233.039149294,233.091754967,3537.0
2025-09-12 16:30:00,233.108891664,233.198560426,233.088965273,233.198560426,6444.0
2025-09-12 16:35:00,233.198560426,233.198560426,233.088965273,233.089064905,2519.0
2025-09-12 16:40:00,233.089064905,233.1376853,233.088965273,233.088965273,28250.0
2025-09-12 16:45:00,233.088965273,233.138781252,233.088965273,233.108891664,34464.0
2025-09-12 16:50:00,233.108891664,233.138781252,233.088965273,233.108891664,2359.0
2025-09-12 16:55:00,233.108891664,233.108891664,233.088965273,233.088965273,3032.0
2025-09-12 17:00:00,233.059075685,233.158608011,233.059075685,233.158608011,2856.0
2025-09-12 17:05:00,233.158608011,233.158707643,233.108891664,233.154224205,1564.0
2025-09-12 17:10:00,233.138781252,233.158707643,233.079101709,233.108792032,9891.0
2025-09-12 17:15:00,233.108792032,233.158707643,233.079998396,233.108891664,415446.0
2025-09-12 17:20:00,233.108891664,233.158707643,233.108891664,233.158608011,2816.0
2025-09-12 17:25:00,233.158608011,233.158707643,233.088965273,233.13818346,4456.0
2025-09-12 17:30:00,233.13818346,233.138781252,233.098928468,233.098928468,1423.0
2025-09-12 17:35:00,233.098928468,233.11885486,233.098928468,233.098928468,2135.0
2025-09-12 17:40:00,233.098928468,233.108891664,233.098928468,233.098928468,1641.0
2025-09-12 17:45:00,233.039149294,233.136091189,233.039149294,233.11885486,2781.0
2025-09-12 17:50:00,233.11885486,233.138781252,233.11885486,233.128818056,5969.0
2025-09-12 17:55:00,233.128818056,233.138781252,233.069038881,233.079002077,2309.0
2025-09-12 18:00:00,233.079002077,233.138781252,233.066249186,233.138781252,1118.0
2025-09-12 18:05:00,233.138781252,233.138781252,233.11885486,233.11885486,3728.0
2025-09-12 18:10:00,233.11885486,233.13868162,233.088965273,233.128818056,954.0
2025-09-12 18:15:00,233.128818056,233.128818056,233.069038881,233.128818056,1421.0
2025-09-12 18:20:00,233.128818056,233.128818056,233.069038881,233.069038881,3578.0
2025-09-12 18:25:00,233.069038881,233.11885486,233.069038881,233.11885486,2162.0
2025-09-12 18:30:00,233.11885486,233.11885486,233.069038881,233.069337777,1032.0
2025-09-12 18:35:00,233.069337777,233.108891664,233.069138513,233.108891664,2610.0
2025-09-12 18:40:00,233.108891664,233.108891664,233.059075685,233.059175317,1401.0
2025-09-12 18:45:00,233.059175317,233.059175317,233.059075685,233.059075685,1083.0
2025-09-12 18:50:00,233.059075685,233.059075685,233.049112489,233.049112489,2147.0
2025-09-12 18:55:00,233.049112489,233.049212121,233.039248926,233.049012858,2987.0
2025-09-12 19:00:00,233.039647453,233.108891664,232.989333315,233.059075685,4369.0
2025-09-12 19:05:00,233.059075685,233.059075685,233.039149294,233.039149294,565.0
2025-09-12 19:10:00,233.039149294,233.039149294,232.989333315,232.989333315,666.0
2025-09-12 19:15:00,232.989333315,232.989333315,232.949480532,232.949480532,2387.0
2025-09-12 19:20:00,232.949480532,232.969406923,232.949480532,232.969406923,1116.0
2025-09-12 19:25:00,232.969307291,232.969406923,232.959443727,232.969406923,2599.0
2025-09-12 19:30:00,232.969406923,233.029186098,232.969406923,232.999296511,1096.0
2025-09-12 19:35:00,232.999296511,233.029186098,232.999296511,233.029186098,683.0
2025-09-12 19:40:00,233.029186098,233.038850398,232.999296511,233.038850398,2453.0
2025-09-12 19:45:00,233.038850398,233.039149294,233.029186098,233.02928573,2650.0
2025-09-12 19:50:00,233.02928573,233.108891664,233.029186098,233.108891664,2018.0
2025-09-12 19:55:00,233.108891664,233.128818056,233.039149294,233.11885486,4693.0
2025-09-12 20:00:00,233.11885486,233.138781252,233.11885486,233.128818056,4460.0
2025-09-15 04:05:00,233.676793824,234.543591856,233.258339601,234.543591856,29839.0
2025-09-15 04:10:00,234.543591856,234.543591856,234.2048432,234.2048432,6390.0
2025-09-15 04:15:00,234.2048432,234.443959899,234.13510083,234.364254332,8446.0
2025-09-15 04:20:00,234.364254332,234.364254332,234.184916808,234.234732787,3830.0
2025-09-15 04:25:00,234.234732787,235.011862058,234.234732787,235.001898862,22175.0
2025-09-15 04:30:00,235.001898862,235.001898862,234.812598143,234.852450926,6042.0
2025-09-15 04:35:00,234.852450926,234.862414121,234.633260619,234.643223814,10790.0
2025-09-15 04:40:00,234.643223814,236.127739986,234.633260619,235.729212154,59499.0
2025-09-15 04:45:00,235.729212154,236.396746272,235.539911434,236.297114314,13911.0
2025-09-15 04:50:00,236.297114314,236.317040705,236.127739986,236.267224726,12401.0
2025-09-15 04:55:00,236.267224726,236.267224726,236.028108028,236.028108028,4418.0
2025-09-15 05:00:00,236.028108028,236.038071223,235.888623287,235.888623287,5890.0
2025-09-15 05:05:00,235.888623287,235.888623287,235.400426694,235.400426694,5247.0
2025-09-15 05:10:00,235.400426694,235.510021847,235.250978757,235.510021847,2981.0
2025-09-15 05:15:00,235.510021847,235.529948239,235.270905148,235.270905148,6679.0
2025-09-15 05:20:00,235.270905148,235.330684323,235.270905148,235.330684323,1630.0
2025-09-15 05:25:00,235.330684323,235.430316281,235.330684323,235.430316281,2006.0
2025-09-15 05:30:00,235.430316281,235.769064937,235.430316281,235.769064937,5196.0
2025-09-15 05:35:00,235.769064937,235.769064937,235.729212154,235.729212154,5720.0
2025-09-15 05:40:00,235.729212154,235.729212154,235.380500302,235.390463498,3850.0
2025-09-15 05:45:00,235.390463498,235.450242672,235.340647519,235.450242672,4161.0
2025-09-15 05:50:00,235.450242672,235.450242672,235.450242672,235.450242672,688.0
2025-09-15 05:55:00,235.450242672,235.450242672,235.330684323,235.330684323,1488.0
2025-09-15 06:00:00,235.330684323,235.579764218,235.330684323,235.579764218,2638.0
2025-09-15 06:05:00,235.579764218,235.579764218,235.231052365,235.231052365,3465.0
2025-09-15 06:10:00,235.231052365,235.280868344,235.231052365,235.250978757,3210.0
2025-09-15 06:15:00,235.250978757,235.280868344,235.250978757,235.280868344,1620.0
2025-09-15 06:20:00,235.280868344,235.36057391,235.191199582,235.201162778,4785.0
2025-09-15 06:25:00,235.201162778,235.450242672,235.161309995,235.270905148,15819.0
2025-09-15 06:30:00,235.270905148,235.270905148,235.231052365,235.250978757,2369.0
2025-09-15 06:35:00,235.250978757,235.529948239,235.191199582,235.330684323,17968.0
2025-09-15 06:40:00,235.330684323,235.330684323,235.211125974,235.231052365,5601.0
2025-09-15 06:45:00,235.231052365,235.231052365,235.141383603,235.151346799,6593.0
2025-09-15 06:50:00,235.151346799,235.151346799,235.03178845,235.03178845,9269.0
2025-09-15 06:55:00,235.03178845,235.390463498,235.03178845,235.29083154,5519.0
2025-09-15 07:00:00,235.29083154,235.430316281,235.241015561,235.430316281,5057.0
2025-09-15 07:05:00,235.430316281,236.008181636,235.181236386,236.008181636,46569.0
2025-09-15 07:10:00,236.008181636,236.247298335,235.878660091,235.878660091,16103.0
2025-09-15 07:15:00,235.878660091,235.938439266,235.679396175,235.709285763,8582.0
2025-09-15 07:20:00,235.709285763,235.978292049,235.709285763,235.779028133,7917.0
2025-09-15 07:25:00,235.779028133,235.808917721,235.629580197,235.629580197,7761.0
2025-09-15 07:30:00,235.629580197,235.629580197,235.430316281,235.430316281,10457.0
2025-09-15 07:35:00,235.430316281,235.529948239,235.330684323,235.529948239,13225.0
2025-09-15 07:40:00,235.529948239,235.729212154,235.48013226,235.679396175,15983.0
2025-09-15 07:45:00,235.679396175,235.679396175,235.151346799,235.330684323,10768.0
2025-09-15 07:50:00,235.330684323,235.599690609,235.330684323,235.569801022,7191.0
2025-09-15 07:55:00,235.569801022,235.664451382,235.569801022,235.664451382,6351.0
2025-09-15 08:00:00,235.664451382,235.729212154,235.629580197,235.699322567,9689.0
2025-09-15 08:05:00,235.699322567,235.699322567,235.380500302,235.500058651,553297.0
2025-09-15 08:10:00,235.500058651,235.689359371,235.500058651,235.649506588,16331.0
2025-09-15 08:15:00,235.649506588,235.699322567,235.510021847,235.619617001,19693.0
2025-09-15 08:20:00,235.619617001,235.858733699,235.609653805,235.818880916,14668.0
2025-09-15 08:25:00,235.818880916,236.257261531,235.808917721,236.028108028,66670.0
2025-09-15 08:30:00,236.028108028,236.028108028,235.808917721,235.828844112,15720.0
2025-09-15 08:35:00,235.828844112,235.828844112,235.629580197,235.788991329,13883.0
2025-09-15 08:40:00,235.788991329,236.207445552,235.788991329,236.157629573,23742.0
2025-09-15 08:45:00,236.157629573,236.197482356,236.077924007,236.147666377,16540.0
2025-09-15 08:50:00,236.147666377,236.327003901,236.147666377,236.287151118,43283.0
2025-09-15 08:55:00,236.287151118,236.675715753,236.287151118,236.675715753,42733.0
2025-09-15 09:00:00,236.645826166,236.824765162,236.138400605,236.297114314,45645.0
2025-09-15 09:05:00,236.297114314,236.476451838,236.227371943,236.317040705,22018.0
2025-09-15 09:10:00,236.366856684,236.426635859,236.237335139,236.287151118,17561.0
2025-09-15 09:15:00,236.287151118,236.346930293,236.247298335,236.267224726,15063.0
2025-09-15 09:20:00,236.277187922,236.277187922,236.137703181,236.137703181,36356.0
2025-09-15 09:25:00,236.137703181,236.44656225,236.137703181,236.44656225,48042.0
2025-09-15 09:30:00,236.44656225,236.44656225,235.848770504,235.908549678,109732.0
2025-09-15 09:35:00,236.127739986,237.143985955,235.868696895,236.341948695,3179794.0
2025-09-15 09:40:00,236.356893488,237.313360283,236.327003901,236.486415034,1594529.0
2025-09-15 09:45:00,236.496378229,236.496378229,234.792671751,234.81757974,1460689.0
2025-09-15 09:50:00,234.81757974,235.071641233,234.207632895,234.319419951,1214448.0
2025-09-15 09:55:00,234.334364745,234.922193296,234.284548766,234.663150206,826226.0
2025-09-15 10:00:00,234.658168608,234.732892576,234.164990417,234.493676246,868507.0
2025-09-15 10:05:00,234.46388629,234.802634947,234.433996703,234.536219092,641028.0
2025-09-15 10:10:00,234.533628661,234.74783737,234.189898406,234.535521668,602189.0
2025-09-15 10:15:00,234.543591856,234.613334227,234.27458557,234.493775878,443348.0
2025-09-15 10:20:00,234.503739073,234.613334227,234.419051909,234.478831084,381879.0
2025-09-15 10:25:00,234.478831084,234.932156492,234.387568211,234.862314489,572720.0
2025-09-15 10:30:00,234.852450926,235.430316281,234.852450926,235.345629117,760015.0
2025-09-15 10:35:00,235.340647519,235.415371487,235.011862058,235.151346799,410252.0
2025-09-15 10:40:00,235.151346799,235.181236386,234.792671751,235.115080766,426692.0
2025-09-15 10:45:00,235.10153082,235.749138546,235.061678037,235.599690609,616748.0
2025-09-15 10:50:00,235.589727413,235.589727413,235.350610715,235.410389889,359977.0
2025-09-15 10:55:00,235.410389889,235.898586483,235.380500302,235.838807308,584302.0
2025-09-15 11:00:00,235.838807308,236.147666377,235.798954525,236.087887202,534568.0
2025-09-15 11:05:00,236.077924007,236.127739986,235.689359371,235.88164905,486968.0
2025-09-15 11:10:00,235.893206357,235.893206357,235.54987463,235.729212154,345415.0
2025-09-15 11:15:00,235.729212154,235.92847607,235.719248959,235.759101742,306116.0
2025-09-15 11:20:00,235.76408334,235.818880916,235.659469784,235.699322567,283521.0
2025-09-15 11:25:00,235.699322567,235.987557821,235.641037872,235.689359371,321060.0
2025-09-15 11:30:00,235.679396175,236.018144832,235.679396175,235.943420864,317350.0
2025-09-15 11:35:00,235.943420864,236.257261531,235.908549678,236.053016017,525073.0
2025-09-15 11:40:00,236.053016017,236.177555964,235.868696895,236.110802553,322174.0
2025-09-15 11:45:00,236.107813594,236.426635859,236.008181636,236.038071223,471307.0
2025-09-15 11:50:00,236.02312643,236.267224726,235.888623287,236.217408748,359475.0
2025-09-15 11:55:00,236.217408748,236.317040705,236.078023639,236.207445552,297060.0
2025-09-15 12:00:00,236.237335139,236.396746272,236.143382203,236.192500758,256983.0
2025-09-15 12:05:00,236.192500758,236.192500758,235.828844112,236.053016017,331252.0
2025-09-15 12:10:00,236.057997615,236.127739986,235.89440194,235.918512874,232252.0
2025-09-15 12:15:00,235.916619867,236.02312643,235.83382571,235.908549678,205850.0
2025-09-15 12:20:00,235.918512874,235.968328853,235.749138546,235.759101742,247150.0
2025-09-15 12:25:00,235.749138546,235.798257101,235.679396175,235.709285763,228752.0
2025-09-15 12:30:00,235.699322567,235.749138546,235.599690609,235.699322567,208176.0
2025-09-15 12:35:00,235.694241337,235.719747118,235.54987463,235.564719792,198817.0
2025-09-15 12:40:00,235.564819424,235.635059954,235.333673282,235.635059954,308057.0
2025-09-15 12:45:00,235.649506588,235.659469784,235.485113858,235.554856228,238322.0
2025-09-15 12:50:00,235.54987463,235.576177467,235.430316281,235.528553391,199486.0
2025-09-15 12:55:00,235.519985043,235.579764218,235.211125974,235.275886746,219685.0
2025-09-15 13:00:00,235.275886746,235.450242672,235.260941953,235.36057391,218419.0
2025-09-15 13:05:00,235.36057391,235.48013226,235.265923551,235.400426694,216132.0
2025-09-15 13:10:00,235.402120437,235.500058651,235.270905148,235.295813138,180448.0
2025-09-15 13:15:00,235.280868344,235.350610715,235.161309995,235.241015561,374645.0
2025-09-15 13:20:00,235.241015561,235.352005562,234.957064481,234.972009275,297165.0
2025-09-15 13:25:00,234.972108907,235.052711161,234.832524534,235.001898862,314649.0
2025-09-15 13:30:00,235.00688046,235.10153082,234.892303709,234.892303709,199460.0
2025-09-15 13:35:00,234.882340513,234.932156492,234.752818968,234.822561338,249191.0
2025-09-15 13:40:00,234.81757974,234.892303709,234.712966185,234.862314489,281927.0
2025-09-15 13:45:00,234.84248773,234.986954069,234.837506132,234.84248773,241253.0
2025-09-15 13:50:00,234.842388098,235.056497175,234.772745359,235.012160954,285223.0
2025-09-15 13:55:00,235.017640712,235.250978757,235.001898862,235.061678037,331098.0
2025-09-15 14:00:00,235.066659635,235.250978757,235.001898862,235.151346799,239088.0
2025-09-15 14:05:00,235.151346799,235.241015561,235.03178845,235.211125974,232566.0
2025-09-15 14:10:00,235.211125974,235.231052365,235.061678037,235.231052365,215064.0
2025-09-15 14:15:00,235.250978757,235.270905148,234.953577363,235.12643881,245996.0
2025-09-15 14:20:00,235.121457212,235.121457212,235.001898862,235.051714841,203677.0
2025-09-15 14:25:00,235.041751645,235.041751645,234.812598143,234.905056599,222010.0
2025-09-15 14:30:00,234.907746662,235.03178845,234.765173331,234.772745359,207024.0
2025-09-15 14:35:00,234.767763762,234.872377317,234.722929381,234.767763762,247476.0
2025-09-15 14:40:00,234.762782164,234.952082883,234.752818968,234.84248773,210584.0
2025-09-15 14:45:00,234.852450926,234.877358915,234.404107116,234.471956479,358488.0
2025-09-15 14:50:00,234.478831084,234.878454867,234.468867888,234.857432524,283443.0
2025-09-15 14:55:00,234.862414121,235.03178845,234.862414121,234.991935667,259840.0
2025-09-15 15:00:00,235.001898862,235.300794736,234.967027677,235.300794736,400521.0
2025-09-15 15:05:00,235.305776334,235.410389889,235.211125974,235.36057391,328734.0
2025-09-15 15:10:00,235.36057391,235.470169064,235.281565768,235.370537106,314140.0
2025-09-15 15:15:00,235.370537106,235.380500302,234.972009275,235.001898862,286593.0
2025-09-15 15:20:00,234.991935667,235.041751645,234.84248773,235.011762426,274172.0
2025-09-15 15:25:00,235.011762426,235.191199582,234.952082883,235.141383603,261945.0
2025-09-15 15:30:00,235.131420408,235.161309995,235.001898862,235.10153082,344465.0
2025-09-15 15:35:00,235.10153082,235.241015561,234.962046079,235.141383603,455544.0
2025-09-15 15:40:00,235.146365201,235.260941953,235.023319733,235.066659635,342765.0
2025-09-15 15:45:00,235.06486626,235.147062625,234.862414121,234.902266905,427847.0
2025-09-15 15:50:00,234.892303709,235.111494016,234.812598143,235.076622831,414847.0
2025-09-15 15:55:00,235.076622831,235.091567624,234.822561338,235.091567624,655315.0
2025-09-15 16:00:00,235.081604429,235.918512874,234.991935667,235.828844112,5834087.0
2025-09-15 16:05:00,235.888623287,235.92847607,235.430316281,235.828844112,1926070.0
2025-09-15 16:10:00,235.828844112,236.466488642,235.681986606,235.92847607,141141.0
2025-09-15 16:15:00,235.92847607,236.008181636,235.350610715,235.380500302,22423.0
2025-09-15 16:20:00,235.380500302,235.619617001,235.330684323,235.579664586,9249.0
2025-09-15 16:25:00,235.579664586,235.828844112,235.54987463,235.599690609,14535.0
2025-09-15 16:30:00,235.599690609,235.67909728,235.48013226,235.609653805,2353.0
2025-09-15 16:35:00,235.609653805,235.609653805,235.48013226,235.588731094,2484.0
2025-09-15 16:40:00,235.609554173,235.609653805,235.48013226,235.48013226,2288.0
2025-09-15 16:45:00,235.48013226,235.54987463,235.380500302,235.380500302,15986.0
2025-09-15 16:50:00,235.380500302,235.48013226,235.330684323,235.330684323,7587.0
2025-09-15 16:55:00,235.330684323,235.331680643,235.27100478,235.331680643,3482.0
2025-09-15 17:00:00,235.331680643,235.609653805,235.331680643,235.48013226,3315.0
2025-09-15 17:05:00,235.48013226,235.510021847,235.430316281,235.460205868,5149.0
2025-09-15 17:10:00,235.460205868,235.569601758,235.460205868,235.56870507,4311.0
2025-09-15 17:15:00,235.56870507,235.56870507,235.529948239,235.539911434,1826.0
2025-09-15 17:20:00,235.539911434,235.56970139,235.510021847,235.510021847,2018.0
2025-09-15 17:25:00,235.510021847,235.569801022,235.510021847,235.54987463,6216.0
2025-09-15 17:30:00,235.54987463,235.559837826,235.4603055,235.519985043,5920.0
2025-09-15 17:35:00,235.519985043,235.519985043,235.460205868,235.460205868,1430.0
2025-09-15 17:40:00,235.460205868,235.519985043,235.460205868,235.519985043,5098.0
2025-09-15 17:45:00,235.519985043,235.529948239,235.48013226,235.500058651,22755.0
2025-09-15 17:50:00,235.500058651,235.500058651,235.395743992,235.450242672,1695.0
2025-09-15 17:55:00,235.450242672,235.450242672,235.450242672,235.450242672,356.0
2025-09-15 18:00:00,235.450242672,235.450242672,235.430316281,235.430316281,837.0
2025-09-15 18:05:00,235.430316281,235.639543392,235.430316281,235.609653805,8667.0
2025-09-15 18:10:00,235.609653805,235.699322567,235.569801022,235.629580197,4978.0
2025-09-15 18:15:00,235.629580197,235.634063635,235.629580197,235.629580197,1637.0
2025-09-15 18:20:00,235.629580197,235.629580197,235.450242672,235.519985043,1247.0
2025-09-15 18:25:00,235.519985043,235.519985043,235.447452978,235.519985043,1639.0
2025-09-15 18:30:00,235.519985043,235.519985043,235.430316281,235.518889091,1628.0
2025-09-15 18:35:00,235.518889091,235.518889091,235.430316281,235.430316281,1013.0
2025-09-15 18:40:00,235.430316281,235.430316281,235.380500302,235.380500302,6477.0
2025-09-15 18:45:00,235.380500302,235.471763175,235.380500302,235.380500302,3075.0
2025-09-15 18:50:00,235.380500302,235.380500302,235.298005041,235.330684323,2580.0
2025-09-15 18:55:00,235.330684323,235.390463498,235.330684323,235.390463498,909.0
2025-09-15 19:00:00,235.390463498,235.418659342,235.350610715,235.350610715,1726.0
2025-09-15 19:05:00,235.350610715,235.370537106,235.350610715,235.370537106,609.0
2025-09-15 19:10:00,235.370537106,235.380500302,235.310757932,235.310757932,1051.0
2025-09-15 19:15:00,235.29083154,235.326798677,235.250978757,235.326798677,5012.0
2025-09-15 19:20:00,235.326798677,235.330684323,235.260941953,235.260941953,961.0
2025-09-15 19:25:00,235.260941953,235.380500302,235.253469556,235.380500302,1134.0
2025-09-15 19:30:00,235.380500302,235.399430374,235.380500302,235.380500302,2403.0
2025-09-15 19:35:00,235.380500302,235.430316281,235.380500302,235.380500302,1277.0
2025-09-15 19:40:00,235.380500302,235.39056313,235.380500302,235.39056313,1481.0
2025-09-15 19:45:00,235.39056313,235.430316281,235.390463498,235.400426694,1731.0
2025-09-15 19:50:00,235.400426694,235.430316281,235.390463498,235.400426694,1558.0
2025-09-15 19:55:00,235.400426694,235.449146721,235.400426694,235.449146721,1590.0
2025-09-15 20:00:00,235.449146721,235.460205868,235.390463498,235.430316281,3801.0
2025-09-16 04:05:00,235.828844112,235.868696895,235.749138546,235.828844112,7579.0
2025-09-16 04:10:00,235.828844112,235.978292049,235.828844112,235.92847607,10491.0
2025-09-16 04:15:00,235.92847607,235.92847607,235.838807308,235.838807308,3403.0
2025-09-16 04:20:00,235.838807308,236.028108028,235.838807308,236.008181636,5219.0
2025-09-16 04:25:00,236.008181636,236.038071223,236.008181636,236.038071223,1609.0
2025-09-16 04:30:00,236.038071223,236.038071223,235.978292049,235.978292049,1040.0
2025-09-16 04:35:00,235.978292049,235.978292049,235.938439266,235.978292049,1532.0
2025-09-16 04:40:00,235.978292049,235.978292049,235.898586483,235.898586483,1583.0
2025-09-16 04:45:00,235.898586483,236.008181636,235.898586483,235.968328853,2940.0
2025-09-16 04:50:00,235.968328853,235.968328853,235.968328853,235.968328853,1008.0
2025-09-16 04:55:00,235.968328853,235.988255245,235.948402461,235.988255245,1776.0
2025-09-16 05:00:00,235.988255245,236.028108028,235.988255245,236.028108028,823.0
2025-09-16 05:05:00,236.028108028,236.028108028,236.028108028,236.028108028,885.0
2025-09-16 05:10:00,236.028108028,236.028108028,235.938439266,235.938439266,1360.0
2025-09-16 05:15:00,235.938439266,235.958365657,235.938439266,235.958365657,768.0
2025-09-16 05:20:00,235.958365657,235.958365657,235.948402461,235.948402461,1544.0
2025-09-16 05:25:00,235.948402461,235.948402461,235.948402461,235.948402461,1048.0
2025-09-16 05:30:00,235.948402461,235.948402461,235.848770504,235.848770504,723.0
2025-09-16 05:35:00,235.848770504,235.92847607,235.818880916,235.818880916,1975.0
2025-09-16 05:40:00,235.818880916,235.818880916,235.769064937,235.779028133,1975.0
2025-09-16 05:45:00,235.779028133,235.779028133,235.779028133,235.779028133,662.0
2025-09-16 05:50:00,235.779028133,235.779028133,235.779028133,235.779028133,403.0
2025-09-16 05:55:00,235.779028133,235.779028133,235.659469784,235.729212154,3249.0
2025-09-16 06:00:00,235.729212154,235.729212154,235.629580197,235.629580197,889.0
2025-09-16 06:05:00,235.629580197,235.679396175,235.629580197,235.66943298,1097.0
2025-09-16 06:10:00,235.66943298,235.66943298,235.66943298,235.66943298,921.0
2025-09-16 06:15:00,235.66943298,235.679396175,235.639543392,235.639543392,2786.0
2025-09-16 06:20:00,235.639543392,235.639543392,235.629580197,235.629580197,942.0
2025-09-16 06:25:00,235.639543392,235.639543392,235.629580197,235.629580197,1039.0
2025-09-16 06:30:00,235.629580197,235.679396175,235.629580197,235.679396175,1872.0
2025-09-16 06:35:00,235.679396175,235.719248959,235.629580197,235.629580197,1597.0
2025-09-16 06:40:00,235.629580197,235.66943298,235.609653805,235.66943298,876.0
2025-09-16 06:45:00,235.66943298,235.66943298,235.66943298,235.66943298,971.0
2025-09-16 06:50:00,235.66943298,235.66943298,235.66943298,235.66943298,1265.0
2025-09-16 06:55:00,235.66943298,235.689359371,235.66943298,235.689359371,1131.0
2025-09-16 07:00:00,235.689359371,235.699322567,235.689359371,235.699322567,1183.0
2025-09-16 07:05:00,235.699322567,235.759101742,235.231052365,235.759101742,25012.0
2025-09-16 07:10:00,235.759101742,235.908549678,235.759101742,235.828844112,3374.0
2025-09-16 07:15:00,235.828844112,235.828844112,235.788991329,235.808917721,1927.0
2025-09-16 07:20:00,235.808917721,235.808917721,235.699322567,235.699322567,2146.0
2025-09-16 07:25:00,235.699322567,235.769064937,235.699322567,235.769064937,1855.0
2025-09-16 07:30:00,235.769064937,235.888623287,235.769064937,235.888623287,2237.0
2025-09-16 07:35:00,235.888623287,235.888623287,235.828844112,235.858733699,1723.0
2025-09-16 07:40:00,235.858733699,235.858733699,235.779028133,235.779028133,1062.0
2025-09-16 07:45:00,235.779028133,235.818880916,235.759101742,235.818880916,2442.0
2025-09-16 07:50:00,235.818880916,235.878660091,235.788991329,235.878660091,2343.0
2025-09-16 07:55:00,235.878660091,235.918512874,235.838807308,235.908549678,5611.0
2025-09-16 08:00:00,235.908549678,235.938439266,235.908549678,235.938439266,9299.0
2025-09-16 08:05:00,235.938439266,236.032192938,235.729212154,235.774046535,1010913.0
2025-09-16 08:10:00,235.774046535,235.878660091,235.73917535,235.878660091,21177.0
2025-09-16 08:15:00,235.878660091,235.908549678,235.779028133,235.908549678,6050.0
2025-09-16 08:20:00,235.908549678,236.038071223,235.908549678,236.038071223,5203.0
2025-09-16 08:25:00,236.034384841,236.077924007,235.938439266,236.018144832,10626.0
2025-09-16 08:30:00,236.018144832,236.048632211,235.92847607,235.92847607,3620.0
2025-09-16 08:35:00,235.92847607,236.097850398,235.848770504,235.848770504,12330.0
2025-09-16 08:40:00,235.848770504,236.038071223,235.848770504,236.028108028,3250.0
2025-09-16 08:45:00,236.028108028,236.028108028,235.939734481,236.028108028,5346.0
2025-09-16 08:50:00,236.028108028,236.107813594,235.891114086,235.891114086,7410.0
2025-09-16 08:55:00,235.891114086,236.067960811,235.878759723,236.067960811,14169.0
2025-09-16 09:00:00,236.048034419,236.061683997,235.92847607,235.92847607,3714.0
2025-09-16 09:05:00,235.92847607,236.107813594,235.92847607,236.077924007,4234.0
2025-09-16 09:10:00,236.077924007,236.11777679,236.018144832,236.087887202,6990.0
2025-09-16 09:15:00,236.087887202,236.087887202,235.92847607,236.077126951,3245.0
2025-09-16 09:20:00,236.077126951,236.127739986,235.981878799,236.028108028,23133.0
2025-09-16 09:25:00,236.028108028,236.227172679,236.028108028,236.177555964,12129.0
2025-09-16 09:30:00,236.177555964,236.436599055,235.629580197,236.327003901,96930.0
2025-09-16 09:35:00,236.302095912,237.054317193,235.818880916,236.11777679,2366345.0
2025-09-16 09:40:00,236.137703181,236.516304621,235.453729791,236.157629573,1290328.0
2025-09-16 09:45:00,236.157629573,237.46280822,236.157629573,237.427937035,1688810.0
2025-09-16 09:50:00,237.408010643,238.269827078,237.143985955,238.249900687,2041876.0
2025-09-16 09:55:00,238.249900687,238.967250783,237.921115226,238.967250783,1852585.0
2025-09-16 10:00:00,238.957287587,239.674637683,238.618538931,239.475373768,2404443.0
2025-09-16 10:05:00,239.490318561,240.332208605,239.485336963,240.093091906,2162738.0
2025-09-16 10:10:00,240.103055102,240.172797472,239.455447376,239.724453662,1248011.0
2025-09-16 10:15:00,239.694564075,239.89382799,239.276109852,239.774269641,1124761.0
2025-09-16 10:20:00,239.777557496,240.113018298,239.774269641,239.963570361,1074824.0
2025-09-16 10:25:00,239.973533557,240.08312871,238.937361195,239.306099071,1066620.0
2025-09-16 10:30:00,239.335889027,239.465410572,238.598612539,238.648428518,880516.0
2025-09-16 10:35:00,238.648428518,238.847692433,238.28975347,238.481843884,867436.0
2025-09-16 10:40:00,238.498980581,238.80783965,238.299716666,238.568722952,760527.0
2025-09-16 10:45:00,238.578686147,238.73809728,238.299716666,238.35949584,482061.0
2025-09-16 10:50:00,238.349532644,238.409311819,237.951004813,238.046053701,644059.0
2025-09-16 10:55:00,238.055618369,238.299716666,237.851372855,238.105434348,586786.0
2025-09-16 11:00:00,238.10045275,238.35949584,237.929683574,238.10045275,547671.0
2025-09-16 11:05:00,238.110415946,238.17019512,237.383102654,237.527568993,515824.0
2025-09-16 11:10:00,237.527568993,237.990857596,237.36815786,237.891225639,565764.0
2025-09-16 11:15:00,237.8867422,238.485829163,237.811520072,238.478356766,660521.0
2025-09-16 11:20:00,238.469090994,238.73809728,238.130342337,238.678318105,691658.0
2025-09-16 11:25:00,238.678318105,238.967250783,238.599011067,238.73809728,681956.0
2025-09-16 11:30:00,238.728134084,238.847692433,238.558859388,238.711097019,408078.0
2025-09-16 11:35:00,238.698344129,238.698344129,238.220011099,238.349532644,385753.0
2025-09-16 11:40:00,238.369459036,238.409311819,237.811520072,237.941041617,435298.0
2025-09-16 11:45:00,237.951004813,238.050636771,237.587348167,237.791593681,725395.0
2025-09-16 11:50:00,237.791593681,238.150268729,237.791593681,238.065581565,324883.0
2025-09-16 11:55:00,238.070563163,238.145287131,237.742475126,237.886244041,313614.0
2025-09-16 12:00:00,237.891225639,238.095471152,237.771667289,237.776648887,270648.0
2025-09-16 12:05:00,237.781630485,237.999625209,237.751740898,237.960968009,324229.0
2025-09-16 12:10:00,237.965949607,238.040673575,237.871299247,237.980894401,1182815.0
2025-09-16 12:15:00,237.980894401,238.220011099,237.871299247,238.175176718,281149.0
2025-09-16 12:20:00,238.17019512,238.429238211,238.10045275,238.299716666,512849.0
2025-09-16 12:25:00,238.304698263,238.533054711,238.229974295,238.469788418,268857.0
2025-09-16 12:30:00,238.474072592,238.47905419,238.160231925,238.314661459,276253.0
2025-09-16 12:35:00,238.319643057,238.389285796,238.120379142,238.329606253,217527.0
2025-09-16 12:40:00,238.329606253,238.339569449,238.020747184,238.234955893,376798.0
2025-09-16 12:45:00,238.234955893,238.462116757,238.180158316,238.379422232,240411.0
2025-09-16 12:50:00,238.379422232,238.419275015,238.150567625,238.259963514,209827.0
2025-09-16 12:55:00,238.260561306,238.469090994,238.160231925,238.199586548,247143.0
2025-09-16 13:00:00,238.205066306,238.419275015,238.135323935,238.259863882,278233.0
2025-09-16 13:05:00,238.269827078,238.518906973,238.259863882,238.299716666,238834.0
2025-09-16 13:10:00,238.307189062,238.339569449,238.10045275,238.130342337,322043.0
2025-09-16 13:15:00,238.135323935,238.329606253,238.120379142,238.269827078,281665.0
2025-09-16 13:20:00,238.269827078,238.508943777,238.190121512,238.319643057,318641.0
2025-09-16 13:25:00,238.319643057,238.47905419,238.229974295,238.340266872,269029.0
2025-09-16 13:30:00,238.339569449,238.35949584,238.160231925,238.210047904,213421.0
2025-09-16 13:35:00,238.220011099,238.229974295,237.791593681,237.851372855,509597.0
2025-09-16 13:40:00,237.861336051,237.901188834,237.701924919,237.736796104,265609.0
2025-09-16 13:45:00,237.731814506,237.771667289,237.432918633,237.517605797,357683.0
2025-09-16 13:50:00,237.517605797,237.542513786,237.343249871,237.482734612,309986.0
2025-09-16 13:55:00,237.482734612,237.601296641,237.253581109,237.592429397,360952.0
2025-09-16 14:00:00,237.592329765,237.592329765,237.353213066,237.442881828,541533.0
2025-09-16 14:05:00,237.442881828,237.607274559,237.333187043,237.607274559,270405.0
2025-09-16 14:10:00,237.612156525,238.000820792,237.582366569,237.970931205,393943.0
2025-09-16 14:15:00,237.965949607,238.080526358,237.831546096,237.896207236,362105.0
2025-09-16 14:20:00,237.906170432,238.000820792,237.825767442,237.921115226,275083.0
2025-09-16 14:25:00,237.941041617,237.990857596,237.781630485,237.975912803,275617.0
2025-09-16 14:30:00,237.975912803,238.150268729,237.935462228,238.050636771,339533.0
2025-09-16 14:35:00,238.050636771,238.120379142,237.931078422,238.055618369,316969.0
2025-09-16 14:40:00,238.055618369,238.07554476,237.931078422,238.070563163,282096.0
2025-09-16 14:45:00,238.070563163,238.205066306,238.060599967,238.130342337,331354.0
2025-09-16 14:50:00,238.140305533,238.215029501,238.120379142,238.135323935,236369.0
2025-09-16 14:55:00,238.135323935,238.200084708,238.050636771,238.080526358,368689.0
2025-09-16 15:00:00,238.080526358,238.229974295,238.020747184,238.180158316,289514.0
2025-09-16 15:05:00,238.180158316,238.379422232,238.17019512,238.324624655,409200.0
2025-09-16 15:10:00,238.319643057,238.508943777,238.299716666,238.369459036,426008.0
2025-09-16 15:15:00,238.367167501,238.708207693,238.304698263,238.658391714,615920.0
2025-09-16 15:20:00,238.653410116,238.718170888,238.410009243,238.444183004,474792.0
2025-09-16 15:25:00,238.449164602,238.4541462,238.030710379,238.279790274,600891.0
2025-09-16 15:30:00,238.259863882,238.269827078,237.970931205,238.060599967,395707.0
2025-09-16 15:35:00,238.055618369,238.210047904,237.926096824,238.113818377,373845.0
2025-09-16 15:40:00,238.120379142,238.209051584,238.028219581,238.120379142,485632.0
2025-09-16 15:45:00,238.120379142,238.299617034,238.010783988,238.060599967,646789.0
2025-09-16 15:50:00,238.070563163,238.284771872,238.000820792,238.130342337,509586.0
2025-09-16 15:55:00,238.140305533,238.748060476,237.731814506,237.8215829,1494407.0
2025-09-16 16:00:00,237.84140966,237.881262443,237.20376513,237.2735075,12153739.0
2025-09-16 16:05:00,237.2735075,237.422955437,237.223691521,237.325216486,1938363.0
2025-09-16 16:10:00,237.343249871,237.353213066,237.2735075,237.274105292,31147.0
2025-09-16 16:15:00,237.274105292,237.323323479,237.2735075,237.283470696,20678.0
2025-09-16 16:20:00,237.283470696,237.323323479,237.2735075,237.2735075,21925.0
2025-09-16 16:25:00,237.2735075,237.323323479,237.2735075,237.303397088,32150.0
2025-09-16 16:30:00,237.323323479,237.323323479,237.134022759,237.243617913,23935.0
2025-09-16 16:35:00,237.243617913,237.243617913,237.124059564,237.124059564,12859.0
2025-09-16 16:40:00,237.124059564,237.173875542,236.938245962,237.024427606,54424.0
2025-09-16 16:45:00,237.024427606,237.124059564,236.994538018,237.124059564,10995.0
2025-09-16 16:50:00,237.124059564,237.124059564,236.944722039,237.074243585,5645.0
2025-09-16 16:55:00,237.074243585,237.074243585,237.024427606,237.024427606,1306.0
2025-09-16 17:00:00,237.024427606,237.072549841,236.994538018,237.064280389,2094.0
2025-09-16 17:05:00,237.064280389,237.074243585,236.974611627,236.998722561,4295.0
2025-09-16 17:10:00,236.998722561,237.20376513,236.998722561,237.20376513,621.0
2025-09-16 17:15:00,237.20376513,237.20376513,237.034689697,237.124059564,4284.0
2025-09-16 17:20:00,237.124059564,237.124059564,237.094169976,237.094169976,1350.0
2025-09-16 17:25:00,237.094169976,237.124059564,237.044951789,237.124059564,2835.0
2025-09-16 17:30:00,237.124059564,237.124059564,237.035187857,237.074243585,3446.0
2025-09-16 17:35:00,237.074243585,237.173875542,237.036283809,237.124059564,3895.0
2025-09-16 17:40:00,237.091679177,237.215621333,237.091679177,237.215621333,1317.0
2025-09-16 17:45:00,237.215621333,237.215621333,237.045051421,237.123959932,3638.0
2025-09-16 17:50:00,237.123959932,237.123959932,237.123959932,237.123959932,429.0
2025-09-16 17:55:00,237.123959932,237.124059564,237.123959932,237.124059564,914.0
2025-09-16 18:00:00,237.124059564,237.124059564,237.044353997,237.074343217,2491.0
2025-09-16 18:05:00,237.074343217,237.078727023,237.074243585,237.078727023,2297.0
2025-09-16 18:10:00,237.123461772,237.123461772,237.074243585,237.094169976,14415.0
2025-09-16 18:15:00,237.094169976,237.094169976,237.094169976,237.094169976,533.0
2025-09-16 18:20:00,237.094169976,237.094169976,237.024427606,237.024427606,3376.0
2025-09-16 18:25:00,237.024427606,237.093671816,237.024427606,237.093671816,1866.0
2025-09-16 18:30:00,237.093671816,237.093671816,237.034390801,237.034390801,941.0
2025-09-16 18:35:00,237.034390801,237.094169976,237.01446441,237.094169976,2398.0
2025-09-16 18:40:00,237.094169976,237.124059564,237.024427606,237.08420678,1910.0
2025-09-16 18:45:00,237.08420678,237.08420678,237.01446441,237.024826134,3340.0
2025-09-16 18:50:00,237.024826134,237.074243585,237.024427606,237.034390801,1781.0
2025-09-16 18:55:00,237.034390801,237.054317193,237.024427606,237.024427606,846.0
2025-09-16 19:00:00,237.074243585,237.074243585,237.044353997,237.062686277,1851.0
2025-09-16 19:05:00,237.062686277,237.124059564,237.062686277,237.124059564,1087.0
2025-09-16 19:10:00,237.124059564,237.124059564,237.114096368,237.124059564,1891.0
2025-09-16 19:15:00,237.124059564,237.124059564,237.044353997,237.044353997,1968.0
2025-09-16 19:20:00,237.044353997,237.104133172,237.044353997,237.104133172,889.0
2025-09-16 19:25:00,237.104133172,237.104133172,237.034390801,237.034390801,1524.0
2025-09-16 19:30:00,237.034390801,237.034390801,236.924795648,237.024427606,3073.0
2025-09-16 19:35:00,237.024427606,237.024427606,236.974611627,236.974611627,753.0
2025-09-16 19:40:00,236.974611627,236.98188476,236.974611627,236.98188476,588.0
2025-09-16 19:45:00,236.98188476,236.984574823,236.974611627,236.974611627,1049.0
2025-09-16 19:50:00,236.974611627,236.974611627,236.974611627,236.974611627,931.0
2025-09-16 19:55:00,236.974611627,237.034390801,236.974611627,237.034390801,1255.0
2025-09-16 20:00:00,237.034390801,237.034390801,237.024427606,237.034390801,2771.0
2025-09-17 04:05:00,237.2735075,237.2735075,236.785310907,236.974611627,3139.0
2025-09-17 04:10:00,236.974611627,236.974611627,236.63586297,236.725531732,2254.0
2025-09-17 04:15:00,236.725531732,236.725531732,236.725531732,236.725531732,1382.0
2025-09-17 04:20:00,236.725531732,236.725531732,236.725531732,236.725531732,310.0
2025-09-17 04:25:00,236.725531732,236.725531732,236.725531732,236.725531732,1285.0
2025-09-17 04:30:00,236.725531732,236.725531732,236.685678949,236.725531732,1230.0
2025-09-17 04:35:00,236.725531732,236.725531732,236.536231012,236.536231012,2946.0
2025-09-17 04:40:00,236.536231012,236.675715753,236.506341425,236.615936579,3457.0
2025-09-17 04:45:00,236.615936579,236.645826166,236.526267817,236.526267817,6117.0
2025-09-17 04:50:00,236.526267817,236.855053277,236.526267817,236.745458124,2467.0
2025-09-17 04:55:00,236.745458124,236.82516369,236.735494928,236.795274103,3331.0
2025-09-17 05:00:00,236.795274103,236.835126886,236.795274103,236.835126886,1059.0
2025-09-17 05:05:00,236.835126886,236.835126886,236.835126886,236.835126886,429.0
2025-09-17 05:10:00,236.835126886,236.865016473,236.795274103,236.815200494,1370.0
2025-09-17 05:15:00,236.815200494,236.865016473,236.805237299,236.865016473,2012.0
2025-09-17 05:20:00,236.865016473,236.865016473,236.675715753,236.75542132,2801.0
2025-09-17 05:25:00,236.75542132,236.805237299,236.75542132,236.805237299,967.0
2025-09-17 05:30:00,236.805237299,236.904869256,236.805237299,236.874979669,1227.0
2025-09-17 05:35:00,236.874979669,236.884942865,236.845090082,236.884942865,762.0
2025-09-17 05:40:00,236.884942865,236.884942865,236.874979669,236.874979669,1102.0
2025-09-17 05:45:00,236.874979669,236.874979669,236.874979669,236.874979669,6803.0
2025-09-17 05:50:00,236.874979669,236.874979669,236.865016473,236.865016473,698.0
2025-09-17 05:55:00,236.865016473,236.865016473,236.82516369,236.82516369,902.0
2025-09-17 06:00:00,236.82516369,236.944722039,236.82516369,236.944722039,3799.0
2025-09-17 06:05:00,236.944722039,237.114096368,236.934758844,237.01446441,4503.0
2025-09-17 06:10:00,237.01446441,237.01446441,237.01446441,237.01446441,384.0
2025-09-17 06:15:00,237.01446441,237.01446441,236.954685235,236.974611627,676.0
2025-09-17 06:20:00,236.974611627,236.974611627,236.974611627,236.974611627,394.0
2025-09-17 06:25:00,236.974611627,236.974611627,236.974611627,236.974611627,903.0
2025-09-17 06:30:00,236.974611627,237.064280389,236.974611627,237.064280389,1719.0
2025-09-17 06:35:00,237.064280389,237.124059564,237.064280389,237.074243585,5480.0
2025-09-17 06:40:00,237.074243585,237.08420678,236.924795648,236.974611627,5832.0
2025-09-17 06:45:00,236.974611627,237.243617913,236.974611627,237.223691521,1644.0
2025-09-17 06:50:00,237.223691521,237.223691521,237.124059564,237.124059564,1679.0
2025-09-17 06:55:00,237.124059564,237.153949151,237.114096368,237.124059564,3238.0
2025-09-17 07:00:00,237.124059564,237.124059564,236.924795648,236.934758844,2512.0
2025-09-17 07:05:00,236.934758844,237.054317193,236.934758844,237.044353997,2742.0
2025-09-17 07:10:00,237.044353997,237.064280389,236.994538018,237.064280389,1443.0
2025-09-17 07:15:00,237.064280389,237.114096368,237.01446441,237.114096368,4315.0
2025-09-17 07:20:00,237.114096368,237.173875542,237.114096368,237.134022759,3386.0
2025-09-17 07:25:00,237.134022759,237.20376513,237.024427606,237.024427606,3756.0
2025-09-17 07:30:00,237.024427606,237.024427606,237.01446441,237.01446441,966.0
2025-09-17 07:35:00,237.01446441,237.024427606,237.01446441,237.024427606,772.0
2025-09-17 07:40:00,237.024427606,237.034390801,236.924795648,236.924795648,2164.0
2025-09-17 07:45:00,236.924795648,236.924795648,236.924795648,236.924795648,1735.0
2025-09-17 07:50:00,236.924795648,237.024427606,236.924795648,237.024427606,2093.0
2025-09-17 07:55:00,237.024427606,237.124059564,237.024427606,237.124059564,3118.0
2025-09-17 08:00:00,237.124059564,237.223691521,237.124059564,237.223691521,2959.0
2025-09-17 08:05:00,237.223691521,237.223691521,237.024427606,237.193801934,59801.0
2025-09-17 08:10:00,237.193801934,237.223691521,237.038077184,237.124059564,332989.0
2025-09-17 08:15:00,237.124059564,237.223691521,237.034390801,237.223691521,2210.0
2025-09-17 08:20:00,237.223691521,237.223691521,237.125055883,237.222296674,3449.0
2025-09-17 08:25:00,237.211337159,237.319138937,237.20376513,237.223691521,10286.0
2025-09-17 08:30:00,237.223691521,237.283470696,237.223691521,237.2735075,4736.0
2025-09-17 08:35:00,237.2735075,237.572403374,237.263544304,237.512624199,20993.0
2025-09-17 08:40:00,237.512624199,237.672035331,237.512624199,237.672035331,9889.0
2025-09-17 08:45:00,237.622219353,237.681998527,237.592329765,237.662072136,11924.0
2025-09-17 08:50:00,237.662072136,237.681998527,237.522587395,237.522587395,6464.0
2025-09-17 08:55:00,237.522587395,237.582366569,237.44298146,237.582366569,5154.0
2025-09-17 09:00:00,237.582366569,237.839715916,237.562440178,237.839715916,28863.0
2025-09-17 09:05:00,237.839715916,237.921115226,237.821483268,237.881262443,11001.0
2025-09-17 09:10:00,237.842704875,238.120379142,237.84140966,238.120379142,15756.0
2025-09-17 09:15:00,238.120379142,238.160231925,237.921115226,237.960968009,35549.0
2025-09-17 09:20:00,237.960968009,238.070563163,237.960968009,238.050636771,10958.0
2025-09-17 09:25:00,238.000820792,238.000820792,237.845295306,237.91115203,10395.0
2025-09-17 09:30:00,237.91115203,238.140305533,237.761704093,238.050636771,52728.0
2025-09-17 09:35:00,238.090489554,239.216330677,237.91115203,239.056919545,2172524.0
2025-09-17 09:40:00,238.618538931,239.076845936,238.429238211,238.730325987,975084.0
2025-09-17 09:45:00,238.757724776,239.126661915,238.489017385,238.951010774,965459.0
2025-09-17 09:50:00,238.947324391,238.957287587,238.439301038,238.790802586,667204.0
2025-09-17 09:55:00,238.796481607,238.977213979,238.538833364,238.666960062,547452.0
2025-09-17 10:00:00,238.678318105,238.867618825,238.030710379,238.339569449,971819.0
2025-09-17 10:05:00,238.35949584,238.827766042,238.180158316,238.80783965,648032.0
2025-09-17 10:10:00,238.792894857,239.056919545,238.538833364,238.618538931,555303.0
2025-09-17 10:15:00,238.628502126,238.847692433,238.588649343,238.648428518,323386.0
2025-09-17 10:20:00,238.648428518,239.007103566,238.603594137,238.957287587,412740.0
2025-09-17 10:25:00,238.947324391,239.136625111,238.817802846,238.867618825,526810.0
2025-09-17 10:30:00,238.857655629,239.076845936,238.723152486,238.748060476,417422.0
2025-09-17 10:35:00,238.758023671,238.957287587,238.648428518,238.687384613,355839.0
2025-09-17 10:40:00,238.687384613,238.877582021,238.558759756,238.708307324,382497.0
2025-09-17 10:45:00,238.708207693,238.73809728,238.498980581,238.593630941,255273.0
2025-09-17 10:50:00,238.598612539,238.792894857,238.578686147,238.779444542,284103.0
2025-09-17 10:55:00,238.77934491,239.106735524,238.698244497,239.066882741,478228.0
2025-09-17 11:00:00,239.056919545,239.126661915,238.641952441,238.653410116,405372.0
2025-09-17 11:05:00,238.658391714,238.748060476,238.43023453,238.628502126,315051.0
2025-09-17 11:10:00,238.628601758,238.693262899,238.54879656,238.64344692,315282.0
2025-09-17 11:15:00,238.643347288,238.648428518,238.369459036,238.461419333,286491.0
2025-09-17 11:20:00,238.4541462,238.588649343,238.319643057,238.472777376,275844.0
2025-09-17 11:25:00,238.474072592,238.688281301,238.369459036,238.638465322,385957.0
2025-09-17 11:30:00,238.648428518,238.73809728,238.528870168,238.598612539,262390.0
2025-09-17 11:35:00,238.603594137,238.897508412,238.538833364,238.843208995,267310.0
2025-09-17 11:40:00,238.838426661,238.853371455,238.563741354,238.624417216,208418.0
2025-09-17 11:45:00,238.618538931,238.678218473,238.469090994,238.671842028,215348.0
2025-09-17 11:50:00,238.668354909,238.718170888,238.583867009,238.638465322,500707.0
2025-09-17 11:55:00,238.64344692,238.648328886,238.498980581,238.568722952,246603.0
2025-09-17 12:00:00,238.563741354,238.80783965,238.54879656,238.671044972,348017.0
2025-09-17 12:05:00,238.678318105,238.73809728,238.429238211,238.469090994,238109.0
2025-09-17 12:10:00,238.464109396,238.588649343,238.399348623,238.498980581,246565.0
2025-09-17 12:15:00,238.503962179,238.633483724,238.399348623,238.633483724,177281.0
2025-09-17 12:20:00,238.628502126,238.782931661,238.613557333,238.653410116,276246.0
2025-09-17 12:25:00,238.653410116,238.708207693,238.618538931,238.668354909,245939.0
2025-09-17 12:30:00,238.673336507,238.80783965,238.638465322,238.792197433,200152.0
2025-09-17 12:35:00,238.797876455,238.887545217,238.718170888,238.748060476,360193.0
2025-09-17 12:40:00,238.752245018,238.887545217,238.708207693,238.728134084,200125.0
2025-09-17 12:45:00,238.733115682,238.73809728,238.528870168,238.638465322,304129.0
2025-09-17 12:50:00,238.638465322,238.663871471,238.469090994,238.623520528,229504.0
2025-09-17 12:55:00,238.618538931,238.817802846,238.528870168,238.568722952,254720.0
2025-09-17 13:00:00,238.568722952,238.718170888,238.553778158,238.703226095,445449.0
2025-09-17 13:05:00,238.703226095,238.73809728,238.617542611,238.683299703,181712.0
2025-09-17 13:10:00,238.683299703,238.73809728,238.613557333,238.688281301,171907.0
2025-09-17 13:15:00,238.693262899,238.698244497,238.583667745,238.613557333,193642.0
2025-09-17 13:20:00,238.618538931,238.683299703,238.578686147,238.683299703,153214.0
2025-09-17 13:25:00,238.688281301,238.723152486,238.568722952,238.58287069,198003.0
2025-09-17 13:30:00,238.588649343,238.688281301,238.518906973,238.638465322,200025.0
2025-09-17 13:35:00,238.638465322,238.73809728,238.593630941,238.678318105,188239.0
2025-09-17 13:40:00,238.678318105,238.718170888,238.439201406,238.444183004,207486.0
2025-09-17 13:45:00,238.439201406,238.489017385,238.085507956,238.120379142,487457.0
2025-09-17 13:50:00,238.120379142,238.329606253,238.110415946,238.239937491,271723.0
2025-09-17 13:55:00,238.234955893,238.389385428,238.030710379,238.10045275,350843.0
2025-09-17 14:00:00,238.120379142,238.598612539,238.070563163,238.558759756,284260.0
2025-09-17 14:05:00,238.54879656,238.947324391,238.329606253,238.678318105,529208.0
2025-09-17 14:10:00,238.678318105,238.787913259,238.489017385,238.54979288,385405.0
2025-09-17 14:15:00,238.588649343,238.708207693,237.980894401,237.995839194,524490.0
2025-09-17 14:20:00,237.990957228,238.022640191,237.642145744,237.652208572,528064.0
2025-09-17 14:25:00,237.662072136,238.469090994,237.572403374,238.389385428,483976.0
2025-09-17 14:30:00,238.376632537,238.718170888,238.376632537,238.678318105,328833.0
2025-09-17 14:35:00,238.668354909,238.748060476,238.130342337,238.190121512,374635.0
2025-09-17 14:40:00,238.205066306,238.369459036,237.691961723,237.731814506,527441.0
2025-09-17 14:45:00,237.711888115,238.19002188,237.452845024,237.687079757,622203.0
2025-09-17 14:50:00,237.691961723,237.781630485,237.01446441,237.42973041,610528.0
2025-09-17 14:55:00,237.412992241,237.482734612,236.855152909,237.028811412,560789.0
2025-09-17 15:00:00,237.054317193,237.761704093,237.024427606,237.701924919,539697.0
2025-09-17 15:05:00,237.701924919,238.160231925,237.642145744,238.050636771,477308.0
2025-09-17 15:10:00,238.090489554,238.508844145,237.970931205,238.369459036,494681.0
2025-09-17 15:15:00,238.389385428,238.578686147,237.861336051,237.970931205,462191.0
2025-09-17 15:20:00,237.980894401,238.419175383,237.951004813,238.150268729,471810.0
2025-09-17 15:25:00,238.145287131,238.424256613,238.020747184,238.259963514,388284.0
2025-09-17 15:30:00,238.279790274,238.508943777,238.120379142,238.382311559,380488.0
2025-09-17 15:35:00,238.389385428,238.399348623,237.886244041,238.010783988,446478.0
2025-09-17 15:40:00,238.030710379,238.35949584,238.00530423,238.160231925,421043.0
2025-09-17 15:45:00,238.17019512,238.236450372,237.951004813,238.040673575,443209.0
2025-09-17 15:50:00,238.040673575,238.140405165,237.781630485,237.958576842,428477.0
2025-09-17 15:55:00,237.960968009,238.080526358,237.597311363,237.831446464,699570.0
2025-09-17 16:00:00,237.831446464,238.160231925,237.761704093,238.110415946,9227451.0
2025-09-17 16:05:00,238.110415946,239.11669872,237.383102654,239.056919545,3140204.0
2025-09-17 16:10:00,239.056919545,239.106735524,238.618538931,238.618538931,586466.0
2025-09-17 16:15:00,238.618538931,238.817802846,238.528870168,238.718170888,24758.0
2025-09-17 16:20:00,238.718170888,238.767986867,238.279790274,238.489017385,20059.0
2025-09-17 16:25:00,238.489017385,238.638465322,238.439201406,238.617941139,379822.0
2025-09-17 16:30:00,238.568722952,238.698244497,238.538833364,238.543117538,69400.0
2025-09-17 16:35:00,238.543117538,238.698244497,238.518906973,238.565335465,2809.0
2025-09-17 16:40:00,238.565335465,238.598612539,238.528870168,238.54879656,13075.0
2025-09-17 16:45:00,238.54879656,238.54879656,238.335783434,238.369459036,15862.0
2025-09-17 16:50:00,238.369459036,238.467795778,238.269827078,238.279790274,8491.0
2025-09-17 16:55:00,238.279790274,238.409311819,238.220011099,238.220011099,3961.0
2025-09-17 17:00:00,238.220011099,238.439201406,238.220011099,238.439201406,5240.0
2025-09-17 17:05:00,238.439201406,238.449164602,238.429238211,238.449164602,1769.0
2025-09-17 17:10:00,238.449164602,238.449164602,238.379422232,238.449164602,2054.0
2025-09-17 17:15:00,238.449164602,238.449164602,238.429238211,238.449164602,1266.0
2025-09-17 17:20:00,238.449164602,238.449164602,238.429238211,238.429238211,1048.0
2025-09-17 17:25:00,238.429238211,238.429238211,238.339669081,238.339669081,4246.0
2025-09-17 17:30:00,238.339669081,238.449164602,238.339669081,238.449164602,1880.0
2025-09-17 17:35:00,238.449164602,238.449164602,238.419374647,238.449164602,2908.0
2025-09-17 17:40:00,238.449164602,238.449164602,238.369459036,238.369459036,2717.0
2025-09-17 17:45:00,238.369459036,238.405625437,238.369459036,238.399348623,673.0
2025-09-17 17:50:00,238.399348623,238.556667485,238.399348623,238.54879656,3156.0
2025-09-17 17:55:00,238.54879656,238.54879656,238.399348623,238.419972439,1215.0
2025-09-17 18:00:00,238.419972439,238.538833364,238.415190105,238.538833364,1767.0
2025-09-17 18:05:00,238.518906973,238.518906973,238.399348623,238.413097834,1234.0
2025-09-17 18:10:00,238.413097834,238.413097834,238.413097834,238.413097834,344.0
2025-09-17 18:15:00,238.413097834,238.518906973,238.413097834,238.518906973,2610.0
2025-09-17 18:20:00,238.518906973,238.518906973,238.518906973,238.518906973,462.0
2025-09-17 18:25:00,238.518906973,238.54520981,238.399348623,238.508943777,1227.0
2025-09-17 18:30:00,238.508943777,238.508943777,238.439201406,238.439201406,1890.0
2025-09-17 18:35:00,238.439201406,238.449164602,238.419275015,238.419275015,1347.0
2025-09-17 18:40:00,238.419275015,238.518906973,238.419275015,238.508943777,948.0
2025-09-17 18:45:00,238.508943777,238.618538931,238.508943777,238.618538931,5657.0
2025-09-17 18:50:00,238.618538931,238.698244497,238.618538931,238.698244497,2830.0
2025-09-17 18:55:00,238.698244497,238.758023671,238.618538931,238.698244497,5223.0
2025-09-17 19:00:00,238.698244497,238.73809728,238.568722952,238.678318105,5798.0
2025-09-17 19:05:00,238.672140924,238.777950063,238.668354909,238.777950063,2235.0
2025-09-17 19:10:00,238.777950063,238.826869354,238.748060476,238.80783965,4275.0
2025-09-17 19:15:00,238.80783965,238.80783965,238.668354909,238.668354909,3599.0
2025-09-17 19:20:00,238.668354909,238.767986867,238.668354909,238.767986867,4223.0
2025-09-17 19:25:00,238.767986867,238.767986867,238.668354909,238.668354909,2890.0
2025-09-17 19:30:00,238.668354909,238.758023671,238.618538931,238.758023671,4814.0
2025-09-17 19:35:00,238.758023671,238.758023671,238.628502126,238.638465322,699.0
2025-09-17 19:40:00,238.638465322,238.767986867,238.638465322,238.767986867,1022.0
2025-09-17 19:45:00,238.767986867,238.787913259,238.668354909,238.787913259,2913.0
2025-09-17 19:50:00,238.787913259,238.817802846,238.695753698,238.758023671,3543.0
2025-09-17 19:55:00,238.758023671,238.817802846,238.718170888,238.721259479,5845.0
2025-09-17 20:00:00,238.721259479,238.867618825,238.721259479,238.817902478,8989.0
2025-09-18 04:05:00,238.110415946,239.82408562,238.110415946,239.82408562,6210.0
2025-09-18 04:10:00,239.82408562,239.903791186,239.714490466,239.774269641,4350.0
2025-09-18 04:15:00,239.774269641,239.844012011,239.684600879,239.684600879,7253.0
2025-09-18 04:20:00,239.684600879,239.943643969,239.624821704,239.684600879,7807.0
2025-09-18 04:25:00,239.684600879,239.814122424,239.684600879,239.814122424,2794.0
2025-09-18 04:30:00,239.814122424,239.814122424,239.704527271,239.704527271,3034.0
2025-09-18 04:35:00,239.704527271,239.724453662,239.654711292,239.694564075,4421.0
2025-09-18 04:40:00,239.694564075,239.754343249,239.624821704,239.704527271,5335.0
2025-09-18 04:45:00,239.704527271,239.704527271,239.704527271,239.704527271,1227.0
2025-09-18 04:50:00,239.704527271,239.903791186,239.704527271,239.89382799,3719.0
2025-09-18 04:55:00,239.89382799,240.093091906,239.89382799,240.01338634,10802.0
2025-09-18 05:00:00,240.01338634,240.01338634,239.963570361,240.01338634,8853.0
2025-09-18 05:05:00,240.01338634,240.043275927,239.873901599,239.983496752,4727.0
2025-09-18 05:10:00,239.983496752,239.983496752,239.913754382,239.923717578,2933.0
2025-09-18 05:15:00,239.923717578,239.923717578,239.505263355,239.505263355,5391.0
2025-09-18 05:20:00,239.505263355,239.674637683,239.495300159,239.674637683,3038.0
2025-09-18 05:25:00,239.674637683,239.674637683,239.495300159,239.545116138,4642.0
2025-09-18 05:30:00,239.545116138,239.704527271,239.545116138,239.704527271,2501.0
2025-09-18 05:35:00,239.704527271,239.704527271,239.614858509,239.614858509,4412.0
2025-09-18 05:40:00,239.614858509,239.614858509,239.614858509,239.614858509,1751.0
2025-09-18 05:45:00,239.614858509,239.913754382,239.604895313,239.604895313,4891.0
2025-09-18 05:50:00,239.604895313,239.614858509,239.515226551,239.545116138,2465.0
2025-09-18 05:55:00,239.545116138,239.644748096,239.226293873,239.226293873,8626.0
2025-09-18 06:00:00,239.226293873,239.44548418,239.226293873,239.44548418,1527.0
2025-09-18 06:05:00,239.44548418,239.44548418,239.315962635,239.395668201,2045.0
2025-09-18 06:10:00,239.395668201,239.425557789,239.385705006,239.425557789,1161.0
2025-09-18 06:15:00,239.425557789,239.425557789,239.425557789,239.425557789,1375.0
2025-09-18 06:20:00,239.425557789,239.425557789,239.156551503,239.156551503,4093.0
2025-09-18 06:25:00,239.156551503,239.216330677,239.156551503,239.206367482,1470.0
2025-09-18 06:30:00,239.206367482,239.266146656,239.146588307,239.196404286,5232.0
2025-09-18 06:35:00,239.196404286,239.196404286,238.927398,239.017066762,6396.0
2025-09-18 06:40:00,239.017066762,239.086809132,239.017066762,239.086809132,2414.0
2025-09-18 06:45:00,239.086809132,239.086809132,239.017066762,239.086809132,4025.0
2025-09-18 06:50:00,239.086809132,239.11669872,239.086809132,239.11669872,1797.0
2025-09-18 06:55:00,239.11669872,239.196404286,239.096772328,239.096772328,3068.0
2025-09-18 07:00:00,239.096772328,239.355815418,239.096772328,239.315962635,2637.0
2025-09-18 07:05:00,239.315962635,239.395668201,239.136625111,239.266146656,10899.0
2025-09-18 07:10:00,239.266146656,239.325925831,239.226293873,239.315962635,2059.0
2025-09-18 07:15:00,239.315962635,239.315962635,239.276109852,239.276109852,2171.0
2025-09-18 07:20:00,239.276109852,239.276109852,239.166514698,239.176477894,2235.0
2025-09-18 07:25:00,239.176477894,239.266146656,239.176477894,239.236257069,3351.0
2025-09-18 07:30:00,239.236257069,239.236257069,238.977213979,238.987177174,9933.0
2025-09-18 07:35:00,238.987177174,238.987177174,238.618538931,238.618538931,11895.0
2025-09-18 07:40:00,238.618538931,238.688281301,238.220011099,238.269827078,14183.0
2025-09-18 07:45:00,238.269827078,238.419275015,238.190121512,238.229974295,6638.0
2025-09-18 07:50:00,238.229974295,238.319643057,238.220011099,238.319643057,6580.0
2025-09-18 07:55:00,238.319643057,238.439201406,238.319643057,238.439201406,4155.0
2025-09-18 08:00:00,238.439201406,238.518906973,238.379422232,238.518906973,9706.0
2025-09-18 08:05:00,238.518906973,238.598612539,238.47905419,238.598612539,176766.0
2025-09-18 08:10:00,238.598612539,238.627406175,238.459127798,238.459127798,9634.0
2025-09-18 08:15:00,238.459127798,238.498980581,238.320539745,238.498980581,6755.0
2025-09-18 08:20:00,238.498980581,238.618538931,238.35082786,238.54879656,8587.0
2025-09-18 08:25:00,238.54879656,238.767588339,238.54879656,238.767588339,9585.0
2025-09-18 08:30:00,238.767588339,238.967250783,238.767588339,238.817802846,11966.0
2025-09-18 08:35:00,238.817802846,238.887545217,238.269827078,238.269827078,18490.0
2025-09-18 08:40:00,238.269827078,238.608575735,238.269827078,238.419275015,9720.0
2025-09-18 08:45:00,238.419275015,238.518906973,238.328908829,238.518906973,10081.0
2025-09-18 08:50:00,238.518906973,239.017066762,238.369459036,238.767986867,21278.0
2025-09-18 08:55:00,238.767986867,238.99714037,238.469090994,238.618538931,11819.0
2025-09-18 09:00:00,238.618538931,238.618538931,238.339569449,238.339569449,10870.0
2025-09-18 09:05:00,238.339569449,238.459127798,238.220011099,238.369459036,43182.0
2025-09-18 09:10:00,238.369459036,238.518906973,238.319643057,238.518906973,25018.0
2025-09-18 09:15:00,238.518906973,238.578686147,238.419275015,238.419275015,9590.0
2025-09-18 09:20:00,238.419275015,238.54879656,238.349532644,238.547700609,5764.0
2025-09-18 09:25:00,238.547700609,238.638465322,238.480947197,238.618538931,175793.0
2025-09-18 09:30:00,238.618538931,239.654711292,238.618538931,239.086809132,108171.0
2025-09-18 09:35:00,239.086809132,240.312282213,238.229974295,238.299716666,2347503.0
2025-09-18 09:40:00,238.309679861,238.887545217,238.070563163,238.598612539,770717.0
2025-09-18 09:45:00,238.608575735,238.817802846,237.183838738,237.199979115,842546.0
2025-09-18 09:50:00,237.223691521,237.46280822,236.75542132,237.176864501,900436.0
2025-09-18 09:55:00,237.173875542,237.542513786,237.044353997,237.183838738,635577.0
2025-09-18 10:00:00,237.183838738,237.711888115,237.044353997,237.567421776,643576.0
2025-09-18 10:05:00,237.552476982,237.552476982,237.004501214,237.263544304,603945.0
2025-09-18 10:10:00,237.268525902,237.442881828,236.735494928,236.820182092,637039.0
2025-09-18 10:15:00,236.835126886,236.975309051,235.779028133,236.137703181,1108221.0
2025-09-18 10:20:00,236.137703181,236.680697351,235.901675073,236.366856684,738077.0
2025-09-18 10:25:00,236.37681988,236.515109037,236.107813594,236.346930293,689962.0
2025-09-18 10:30:00,236.336967097,236.75542132,236.317040705,236.685678949,630456.0
2025-09-18 10:35:00,236.690660547,236.909850854,236.441580653,236.533441318,561105.0
2025-09-18 10:40:00,236.561139002,236.934758844,236.556157404,236.894806429,474982.0
2025-09-18 10:45:00,236.894906061,237.2735075,236.805237299,237.064280389,480470.0
2025-09-18 10:50:00,237.054317193,237.39306585,236.944821671,237.343249871,426027.0
2025-09-18 10:55:00,237.343249871,237.512624199,237.163912347,237.286559287,416381.0
2025-09-18 11:00:00,237.283470696,237.422955437,237.213728326,237.358194664,317802.0
2025-09-18 11:05:00,237.373139458,237.916133628,237.333685203,237.771667289,507928.0
2025-09-18 11:10:00,237.781630485,237.84140966,237.50963524,237.701924919,363320.0
2025-09-18 11:15:00,237.726832908,237.741777702,237.432918633,237.512624199,245100.0
2025-09-18 11:20:00,237.512624199,237.582366569,237.252883685,237.547495384,328409.0
2025-09-18 11:25:00,237.548491704,237.696943321,237.442881828,237.542513786,224882.0
2025-09-18 11:30:00,237.527568993,237.602292961,237.223691521,237.313360283,241457.0
2025-09-18 11:35:00,237.333286675,237.567421776,237.333286675,237.46280822,217425.0
2025-09-18 11:40:00,237.452845024,237.542513786,237.423055069,237.46280822,233834.0
2025-09-18 11:45:00,237.457129198,237.662072136,237.353213066,237.447863426,449214.0
2025-09-18 11:50:00,237.452845024,237.592429397,237.213728326,237.343249871,301000.0
2025-09-18 11:55:00,237.343249871,237.353213066,236.75542132,236.765484147,452224.0
2025-09-18 12:00:00,236.775347711,236.820182092,236.476451838,236.735494928,389247.0
2025-09-18 12:05:00,236.715568537,236.904869256,236.625899775,236.805436562,296075.0
2025-09-18 12:10:00,236.812211536,236.944722039,236.695642145,236.705605341,235631.0
2025-09-18 12:15:00,236.705605341,236.934758844,236.571102198,236.894906061,270629.0
2025-09-18 12:20:00,236.899887658,237.303397088,236.855053277,237.179554564,393714.0
2025-09-18 12:25:00,237.183838738,237.218709923,237.034390801,237.054317193,199213.0
2025-09-18 12:30:00,237.064280389,237.163912347,237.034390801,237.064280389,170877.0
2025-09-18 12:35:00,237.074243585,237.10911477,236.775347711,236.785310907,307289.0
2025-09-18 12:40:00,236.785310907,237.119077966,236.765384515,237.074243585,280481.0
2025-09-18 12:45:00,237.08420678,237.233654717,237.064280389,237.20376513,207157.0
2025-09-18 12:50:00,237.20376513,237.258562707,237.104133172,237.223691521,326422.0
2025-09-18 12:55:00,237.223591889,237.228673119,237.024427606,237.143985955,208049.0
2025-09-18 13:00:00,237.134022759,237.173875542,236.984674455,237.079225182,227622.0
2025-09-18 13:05:00,237.074243585,237.188820336,236.957176034,236.984574823,218811.0
2025-09-18 13:10:00,237.004501214,237.248599511,236.969630029,237.134022759,284422.0
2025-09-18 13:15:00,237.124059564,237.333286675,237.044353997,237.129041161,240261.0
2025-09-18 13:20:00,237.129041161,237.243617913,237.054416825,237.08420678,258685.0
2025-09-18 13:25:00,237.08420678,237.148967553,236.884942865,236.899887658,763736.0
2025-09-18 13:30:00,236.904869256,237.124059564,236.879961267,237.004501214,233299.0
2025-09-18 13:35:00,236.994538018,237.223691521,236.984574823,237.089188378,197247.0
2025-09-18 13:40:00,237.089188378,237.143985955,236.805237299,237.129041161,306360.0
2025-09-18 13:45:00,237.129041161,237.143985955,236.620918177,236.645826166,257196.0
2025-09-18 13:50:00,236.645826166,236.73051333,236.496378229,236.536231012,187025.0
2025-09-18 13:55:00,236.556157404,236.625899775,236.44656225,236.536231012,221987.0
2025-09-18 14:00:00,236.546194208,236.596010187,236.337166361,236.516304621,279860.0
2025-09-18 14:05:00,236.506341425,236.805237299,236.439588013,236.715568537,259618.0
2025-09-18 14:10:00,236.73101149,237.004501214,236.686675269,236.993541699,307953.0
2025-09-18 14:15:00,236.984574823,237.114096368,236.874979669,237.004501214,331239.0
2025-09-18 14:20:00,237.004501214,237.143985955,236.835126886,236.855053277,236145.0
2025-09-18 14:25:00,236.855053277,236.934758844,236.775347711,236.894906061,203293.0
2025-09-18 14:30:00,236.904869256,237.089188378,236.874979669,236.926589023,222314.0
2025-09-18 14:35:00,236.934758844,237.070656834,236.91981405,236.959666833,214102.0
2025-09-18 14:40:00,236.964648431,237.034390801,236.815200494,236.904869256,251144.0
2025-09-18 14:45:00,236.914832452,236.974611627,236.790292505,236.830145288,240704.0
2025-09-18 14:50:00,236.835126886,236.874979669,236.736192352,236.736192352,206826.0
2025-09-18 14:55:00,236.745458124,236.855053277,236.695642145,236.795274103,254714.0
2025-09-18 15:00:00,236.790292505,236.925791967,236.780329309,236.815200494,315049.0
2025-09-18 15:05:00,236.815200494,236.924795648,236.776344031,236.884942865,213753.0
2025-09-18 15:10:00,236.884942865,236.904869256,236.640844568,236.695642145,274669.0
2025-09-18 15:15:00,236.690660547,236.783019372,236.645826166,236.745458124,329590.0
2025-09-18 15:20:00,236.735494928,236.85007168,236.625899775,236.665752558,388860.0
2025-09-18 15:25:00,236.670734156,236.735494928,236.426635859,236.464894531,503954.0
2025-09-18 15:30:00,236.461507044,236.63586297,236.376919512,236.586046991,347134.0
2025-09-18 15:35:00,236.581065393,236.82516369,236.561139002,236.805237299,307917.0
2025-09-18 15:40:00,236.810218896,237.029409204,236.810218896,236.954685235,354578.0
2025-09-18 15:45:00,236.954685235,237.038674976,236.632076956,236.914832452,400858.0
2025-09-18 15:50:00,236.904869256,236.924795648,236.665752558,236.745458124,333856.0
2025-09-18 15:55:00,236.745458124,237.08420678,236.5661206,237.01446441,849856.0
2025-09-18 16:00:00,237.01446441,237.233654717,236.865016473,237.004501214,9053195.0
2025-09-18 16:05:00,237.004501214,237.2735075,236.984574823,237.173975174,2440799.0
2025-09-18 16:10:00,237.173975174,237.223691521,237.024427606,237.024427606,46277.0
2025-09-18 16:15:00,237.024427606,237.223691521,237.024427606,237.114096368,2679.0
2025-09-18 16:20:00,237.114096368,237.122266188,237.104133172,237.122266188,37162.0
2025-09-18 16:25:00,237.122266188,237.163912347,237.074243585,237.163912347,35970.0
2025-09-18 16:30:00,237.163912347,237.163912347,237.124059564,237.143985955,2134.0
2025-09-18 16:35:00,237.143985955,237.143985955,237.104133172,237.124059564,7286.0
2025-09-18 16:40:00,237.124059564,237.173875542,237.124059564,237.124059564,3823.0
2025-09-18 16:45:00,237.124059564,237.163912347,237.124059564,237.163912347,1582.0
2025-09-18 16:50:00,237.163912347,237.193801934,237.134022759,237.153949151,2960.0
2025-09-18 16:55:00,237.153949151,237.223691521,237.153949151,237.213728326,3554.0
2025-09-18 17:00:00,237.213728326,237.223691521,237.153949151,237.153949151,485939.0
