code,name,time_key,open,close,high,low,pe_ratio,turnover_rate,volume,turnover,change_rate,last_close
US.AVGO,Broadcom,2026-08-25 19:10:00,357.85,357.68,357.85,357.64,0.0,0.0,1302.0,465973.482,-0.04750593824228473,357.85
US.AVGO,Broadcom,2026-08-25 19:15:00,357.68,357.75,357.8422,357.68,0.0,0.0,1216.0,435109.769,0.019570565868931217,357.68
US.AVGO,Broadcom,2026-08-25 19:20:00,357.75,357.85,357.85,357.65,0.0,0.0,1921.0,687361.831,0.02795248078267582,357.75
US.AVGO,Broadcom,2026-08-25 19:25:00,357.85,357.531,357.85,357.5,0.0,0.0,3364.0,1203616.419,-0.08914349587816595,357.85
US.AVGO,Broadcom,2026-08-25 19:30:00,357.531,357.43,357.57,357.43,0.0,0.0,913.0,326608.599,-0.02824929866221365,357.531
US.AVGO,Broadcom,2026-08-25 19:35:00,357.43,357.6,357.6327,357.38,0.0,0.0,1615.0,577556.063,0.04756176034468733,357.43
US.AVGO,Broadcom,2026-08-25 19:40:00,357.6,357.48,357.6,357.38,0.0,0.0,739.0,264155.769,-0.03355704697986704,357.6
US.AVGO,Broadcom,2026-08-25 19:45:00,357.48,357.6,357.6,357.43,0.0,0.0,1047.0,374527.607,0.033568311513932116,357.48
US.AVGO,Broadcom,2026-08-25 19:50:00,357.6,357.38,357.6,357.38,0.0,0.0,1364.0,487724.817,-0.06152125279642821,357.6
US.AVGO,Broadcom,2026-08-25 19:55:00,357.38,357.38,357.4892,357.38,0.0,0.0,5113.0,1827581.267,0.0,357.38
US.AVGO,Broadcom,2026-08-25 20:00:00,357.38,357.56,357.56,357.38,0.0,0.0,1297.0,463787.865,0.05036655660641525,357.38
US.AVGO,Broadcom,2026-08-26 04:05:00,358.9,357.96,358.9,357.77,0.0,0.0,35931.0,12868098.971,0.11186933661482751,357.56
US.AVGO,Broadcom,2026-08-26 04:10:00,357.96,358.51,358.51,357.96,0.0,0.0,1751.0,627615.661,0.15364845234104688,357.96
US.AVGO,Broadcom,2026-08-26 04:15:00,358.51,358.5,358.8318,358.5,0.0,0.0,1317.0,472425.169,-0.0027893224735686326,358.51
US.AVGO,Broadcom,2026-08-26 04:20:00,358.5,358.3,358.68,358.3,0.0,0.0,1345.0,482337.566,-0.05578800557879738,358.5
US.AVGO,Broadcom,2026-08-26 04:25:00,358.3,358.23,358.3,357.8,0.0,0.0,845.0,302761.817,-0.019536701088471442,358.3
US.AVGO,Broadcom,2026-08-26 04:30:00,358.23,358.19,358.23,357.6698,0.0,0.0,781.0,279871.21,-0.011166010663545896,358.23
US.AVGO,Broadcom,2026-08-26 04:35:00,358.19,358.32,358.39,358.19,0.0,0.0,1765.0,632434.433,0.036293587202321516,358.19
US.AVGO,Broadcom,2026-08-26 04:40:00,358.32,358.5,358.5,358.32,0.0,0.0,1184.0,424385.22,0.05023442732753037,358.32
US.AVGO,Broadcom,2026-08-26 04:45:00,358.5,358.6,359.85,358.5,0.0,0.0,8960.0,3216878.945,0.02789400278940662,358.5
US.AVGO,Broadcom,2026-08-26 04:50:00,358.6,358.5,358.6,358.5,0.0,0.0,512.0,183722.336,-0.027886224205248947,358.6
US.AVGO,Broadcom,2026-08-26 04:55:00,358.5,358.55,358.55,358.5,0.0,0.0,643.0,230718.097,0.01394700139470331,358.5
US.AVGO,Broadcom,2026-08-26 05:00:00,358.55,358.5,358.55,358.4,0.0,0.0,657.0,235670.66,-0.013945056477481904,358.55
US.AVGO,Broadcom,2026-08-26 05:05:00,358.5,358.49,359.1,358.33,0.0,0.0,961.0,344781.133,-0.0027894002789374908,358.5
US.AVGO,Broadcom,2026-08-26 05:10:00,358.49,358.31,358.5,358.31,0.0,0.0,1289.0,462237.398,-0.05021060559569494,358.49
US.AVGO,Broadcom,2026-08-26 05:15:00,358.31,358.49,358.49,358.31,0.0,0.0,446.0,159915.524,0.050235829309817424,358.31
US.AVGO,Broadcom,2026-08-26 05:20:00,358.49,358.0,358.5,358.0,0.0,0.0,568.0,203702.879,-0.1366844263438336,358.49
US.AVGO,Broadcom,2026-08-26 05:25:00,358.0,358.03,358.36,358.0,0.0,0.0,1126.0,403522.25,0.008379888268148802,358.0
US.AVGO,Broadcom,2026-08-26 05:30:00,358.03,358.3,358.5,358.03,0.0,0.0,520.0,186435.54,0.07541267491552067,358.03
US.AVGO,Broadcom,2026-08-26 05:35:00,358.3,358.37,358.37,358.3,0.0,0.0,413.0,148005.374,0.019536701088471442,358.3
US.AVGO,Broadcom,2026-08-26 05:40:00,358.37,358.5,358.5,358.37,0.0,0.0,161.0,57730.251,0.03627535787035618,358.37
US.AVGO,Broadcom,2026-08-26 05:45:00,358.5,358.5,358.5,358.5,0.0,0.0,342.0,122674.727,0.0,358.5
US.AVGO,Broadcom,2026-08-26 05:50:00,358.5,358.45,358.5,358.43,0.0,0.0,1072.0,384506.881,-0.01394700139470331,358.5
US.AVGO,Broadcom,2026-08-26 05:55:00,358.45,358.59,358.59,358.45,0.0,0.0,728.0,261002.804,0.039057051192631156,358.45
US.AVGO,Broadcom,2026-08-26 06:00:00,358.59,358.59,358.59,358.59,0.0,0.0,145.0,52023.41,0.0,358.59
US.AVGO,Broadcom,2026-08-26 06:05:00,358.59,358.5,358.59,358.47,0.0,0.0,644.0,231146.238,-0.025098301681579237,358.59
US.AVGO,Broadcom,2026-08-26 06:10:00,358.5,358.3102,358.5,358.3102,0.0,0.0,510.0,182979.834,-0.05294281729427924,358.5
US.AVGO,Broadcom,2026-08-26 06:15:00,358.3102,358.15,358.3102,358.15,0.0,0.0,749.0,268624.665,-0.0447098631297774,358.3102
US.AVGO,Broadcom,2026-08-26 06:20:00,358.15,358.15,358.15,358.15,0.0,0.0,431.0,154456.519,0.0,358.15
US.AVGO,Broadcom,2026-08-26 06:25:00,358.15,358.48,358.5,358.15,0.0,0.0,1209.0,433558.525,0.09214016473545747,358.15
US.AVGO,Broadcom,2026-08-26 06:30:00,358.48,358.49,358.5,358.38,0.0,0.0,1091.0,391223.588,0.002789555902697753,358.48
US.AVGO,Broadcom,2026-08-26 06:35:00,358.49,358.5,358.5,358.0,0.0,0.0,1726.0,618264.129,0.0027894780886470764,358.49
US.AVGO,Broadcom,2026-08-26 06:40:00,358.5,358.47,358.5,358.47,0.0,0.0,1639.0,587573.693,-0.008368200836812473,358.5
US.AVGO,Broadcom,2026-08-26 06:45:00,358.47,358.42,358.5,358.42,0.0,0.0,1042.0,373464.349,-0.013948168605465274,358.47
US.AVGO,Broadcom,2026-08-26 06:50:00,358.42,358.5,358.5,358.3,0.0,0.0,494.0,177247.704,0.02232018302549637,358.42
US.AVGO,Broadcom,2026-08-26 06:55:00,358.5,358.65,358.65,358.32,0.0,0.0,1159.0,415510.264,0.04184100418409408,358.5
US.AVGO,Broadcom,2026-08-26 07:00:00,358.65,358.69,358.72,358.6,0.0,0.0,1510.0,541704.348,0.01115293461592652,358.65
US.AVGO,Broadcom,2026-08-26 07:05:00,358.69,358.88,359.1,358.5,0.0,0.0,7838.0,2812398.541,0.052970531656861844,358.69
US.AVGO,Broadcom,2026-08-26 07:10:00,358.88,358.862,359.0,358.5,0.0,0.0,2314.0,830586.593,-0.005015604101641847,358.88
US.AVGO,Broadcom,2026-08-26 07:15:00,358.862,358.86,358.862,358.526,0.0,0.0,2508.0,900059.061,-0.0005573172974596222,358.862
US.AVGO,Broadcom,2026-08-26 07:20:00,358.7,359.0,359.34,358.7,0.0,0.0,9783.0,3513328.323,0.03901242824499424,358.86
US.AVGO,Broadcom,2026-08-26 07:25:00,359.0,359.1336,359.2225,358.9,0.0,0.0,4736.0,1700903.944,0.03721448467966609,359.0
US.AVGO,Broadcom,2026-08-26 07:30:00,359.1336,358.8296,359.15,358.81,0.0,0.0,4012.0,1440301.107,-0.08464816435999684,359.1336
US.AVGO,Broadcom,2026-08-26 07:35:00,358.8296,358.6,358.9659,358.5,0.0,0.0,1194.0,428620.712,-0.06398580273199449,358.8296
US.AVGO,Broadcom,2026-08-26 07:40:00,358.6,358.0589,358.6,357.88,0.0,0.0,5877.0,2105176.82,-0.15089235917457572,358.6
US.AVGO,Broadcom,2026-08-26 07:45:00,358.0589,358.0,358.09,357.6,0.0,0.0,10132.0,3626262.813,-0.01644980755959262,358.0589
US.AVGO,Broadcom,2026-08-26 07:50:00,358.0,357.86,358.3,357.86,0.0,0.0,4502.0,1612533.755,-0.03910614525139283,358.0
US.AVGO,Broadcom,2026-08-26 07:55:00,357.86,358.48,358.6404,357.86,0.0,0.0,4983.0,1786111.65,0.17325210976359598,357.86
US.AVGO,Broadcom,2026-08-26 08:00:00,358.48,358.6,358.68,358.48,0.0,0.0,3988.0,1430434.449,0.03347467083240475,358.48
US.AVGO,Broadcom,2026-08-26 08:05:00,358.6,358.36,358.6,358.1326,0.0,0.0,4706.0,1686980.124,-0.06692693809258479,358.6
US.AVGO,Broadcom,2026-08-26 08:10:00,358.36,358.265,358.5,358.26,0.0,0.0,2838.0,1017174.916,-0.026509655095442373,358.36
US.AVGO,Broadcom,2026-08-26 08:15:00,358.265,358.0,358.39,358.0,0.0,0.0,5852.0,2095436.994,-0.07396759382021308,358.265
US.AVGO,Broadcom,2026-08-26 08:20:00,358.0,357.43,358.2,357.43,0.0,0.0,6334.0,2266466.201,-0.15921787709497015,358.0
US.AVGO,Broadcom,2026-08-26 08:25:00,357.43,358.26,358.2705,357.36,0.0,0.0,1906.0,682292.378,0.2322133005063884,357.43
US.AVGO,Broadcom,2026-08-26 08:30:00,358.26,358.39,358.39,358.09,0.0,0.0,2905.0,1041027.042,0.03628649584100806,358.26
US.AVGO,Broadcom,2026-08-26 08:35:00,358.39,357.2734,358.49,356.8,0.0,0.0,11799.0,4214781.048,-0.31156003236697605,358.39
US.AVGO,Broadcom,2026-08-26 08:40:00,356.9,357.2946,357.6999,356.7601,0.0,0.0,7761.0,2770938.102,0.005933831066074789,357.2734
US.AVGO,Broadcom,2026-08-26 08:45:00,357.2,357.47,357.53,357.02,0.0,0.0,8831.0,3155164.62,0.04909114215552785,357.2946
US.AVGO,Broadcom,2026-08-26 08:50:00,357.47,357.3612,357.47,357.0,0.0,0.0,5575.0,1991428.44,-0.030436120513618107,357.47
US.AVGO,Broadcom,2026-08-26 08:55:00,357.3612,356.7491,357.42,356.6803,0.0,0.0,9900.0,3534181.078,-0.17128328425133957,357.3612
US.AVGO,Broadcom,2026-08-26 09:00:00,356.7491,356.68,356.95,356.3,0.0,0.0,11129.0,3969117.265,-0.019369355101384062,356.7491
US.AVGO,Broadcom,2026-08-26 09:05:00,356.68,356.2,356.68,356.18,0.0,0.0,13106.0,4670485.005,-0.1345744084333347,356.68
US.AVGO,Broadcom,2026-08-26 09:10:00,356.2,356.04,356.38,355.95,0.0,0.0,10982.0,3910897.329,-0.044918585064561534,356.2
US.AVGO,Broadcom,2026-08-26 09:15:00,356.04,356.53,356.55,355.89,0.0,0.0,7472.0,2660884.608,0.13762498595662065,356.04
US.AVGO,Broadcom,2026-08-26 09:20:00,356.6749,356.5,356.6749,356.43,0.0,0.0,13199.0,4705685.945,-0.008414439177621158,356.53
US.AVGO,Broadcom,2026-08-26 09:25:00,356.5,356.4293,356.6,356.16,0.0,0.0,7060.0,2516823.398,-0.019831697054695088,356.5
US.AVGO,Broadcom,2026-08-26 09:30:00,356.4293,357.5,357.7218,356.26,0.0,0.0,21586.0,7703374.572,0.3003961795508921,356.4293
US.AVGO,Broadcom,2026-08-26 09:35:00,357.12,359.035,359.4699,355.47,0.0,0.0,694904.0,248346051.553,0.42937062937063636,357.5
US.AVGO,Broadcom,2026-08-26 09:40:00,359.135,357.6,359.1775,356.88,0.0,0.0,355592.0,127184362.337,-0.39968248220925595,359.035
US.AVGO,Broadcom,2026-08-26 09:45:00,357.67,357.305,358.22,356.3,0.0,0.0,261000.0,93279696.415,-0.08249440715884114,357.6
US.AVGO,Broadcom,2026-08-26 09:50:00,357.28,355.2301,357.58,355.2301,0.0,0.0,266950.0,95112166.205,-0.5807083584052878,357.305
US.AVGO,Broadcom,2026-08-26 09:55:00,355.335,354.63,355.81,354.25,0.0,0.0,520131.0,184612289.742,-0.16893275654287113,355.2301
US.AVGO,Broadcom,2026-08-26 10:00:00,354.63,354.6325,354.66,353.81,0.0,0.0,268511.0,95128931.063,0.0007049600992577408,354.63
US.AVGO,Broadcom,2026-08-26 10:05:00,354.59,353.87,354.73,353.8,0.0,0.0,271779.0,96281299.876,-0.215011314529827,354.6325
US.AVGO,Broadcom,2026-08-26 10:10:00,353.8375,353.15,354.14,352.92,0.0,0.0,333501.0,117876480.981,-0.20346454912821862,353.87
US.AVGO,Broadcom,2026-08-26 10:15:00,353.155,352.2673,353.28,351.9506,0.0,0.0,322370.0,113647666.51,-0.24995044598612484,353.15
US.AVGO,Broadcom,2026-08-26 10:20:00,352.23,351.76,352.5299,351.7,0.0,0.0,295891.0,104175675.551,-0.14400996061797008,352.2673
US.AVGO,Broadcom,2026-08-26 10:25:00,351.76,351.1951,351.8388,350.9001,0.0,0.0,302211.0,106206539.333,-0.16059244939730669,351.76
US.AVGO,Broadcom,2026-08-26 10:30:00,351.1951,351.58,351.79,350.7,0.0,0.0,385456.0,135377743.924,0.10959720109988981,351.1951
US.AVGO,Broadcom,2026-08-26 10:35:00,351.61,351.965,352.4,351.434,0.0,0.0,300516.0,105773449.545,0.10950566016269155,351.58
US.AVGO,Broadcom,2026-08-26 10:40:00,351.95,352.355,353.43,351.7,0.0,0.0,263673.0,92942766.269,0.1108064722344674,351.965
US.AVGO,Broadcom,2026-08-26 10:45:00,352.3,351.57,352.7425,351.44,0.0,0.0,180104.0,63407054.712,-0.2227866782080643,352.355
US.AVGO,Broadcom,2026-08-26 10:50:00,351.6608,352.11,352.35,351.56,0.0,0.0,184393.0,64900935.967,0.1535967232699094,351.57
US.AVGO,Broadcom,2026-08-26 10:55:00,352.11,352.295,353.19,352.05,0.0,0.0,217787.0,76791070.677,0.05254039930703537,352.11
US.AVGO,Broadcom,2026-08-26 11:00:00,352.265,352.4999,352.85,352.22,0.0,0.0,120222.0,42377982.493,0.0581614839835959,352.295
US.AVGO,Broadcom,2026-08-26 11:05:00,352.48,353.005,353.55,352.44,0.0,0.0,186392.0,65807184.894,0.1432908207917138,352.4999
US.AVGO,Broadcom,2026-08-26 11:10:00,353.03,352.62,353.0686,352.31,0.0,0.0,288380.0,101733912.198,-0.1090636109970088,353.005
US.AVGO,Broadcom,2026-08-26 11:15:00,352.62,352.16,352.67,351.8701,0.0,0.0,165613.0,58333382.487,-0.13045204469399907,352.62
US.AVGO,Broadcom,2026-08-26 11:20:00,352.2012,351.31,352.2012,351.15,0.0,0.0,196298.0,68997657.088,-0.2413675601999156,352.16
US.AVGO,Broadcom,2026-08-26 11:25:00,351.367,351.32,351.56,351.11,0.0,0.0,161476.0,56732619.937,0.00284648885599354,351.31
US.AVGO,Broadcom,2026-08-26 11:30:00,351.33,351.5278,351.7,351.22,0.0,0.0,178061.0,62586415.064,0.0591483547762781,351.32
US.AVGO,Broadcom,2026-08-26 11:35:00,351.53,350.8,351.64,350.69,0.0,0.0,193029.0,67762310.255,-0.20703910188611027,351.5278
US.AVGO,Broadcom,2026-08-26 11:40:00,350.805,351.7499,351.97,350.73,0.0,0.0,209088.0,73438772.056,0.27078107183580774,350.8
US.AVGO,Broadcom,2026-08-26 11:45:00,351.62,351.73,351.9559,351.41,0.0,0.0,84355.0,29669665.589,-0.005657428758332812,351.7499
US.AVGO,Broadcom,2026-08-26 11:50:00,351.73,352.4999,352.51,351.56,0.0,0.0,103932.0,36582218.093,0.21888948909675232,351.73
US.AVGO,Broadcom,2026-08-26 11:55:00,352.5,351.465,352.5999,351.3607,0.0,0.0,161768.0,56914064.456,-0.2935887357698683,352.4999
US.AVGO,Broadcom,2026-08-26 12:00:00,351.43,351.26,351.77,351.22,0.0,0.0,144871.0,50946724.461,-0.05832728721209341,351.465
US.AVGO,Broadcom,2026-08-26 12:05:00,351.265,351.5082,351.5082,350.82,0.0,0.0,135630.0,47628639.232,0.07065991003814755,351.26
US.AVGO,Broadcom,2026-08-26 12:10:00,351.51,350.67,351.51,350.61,0.0,0.0,145768.0,51160447.419,-0.23845816399161446,351.5082
US.AVGO,Broadcom,2026-08-26 12:15:00,350.685,350.51,350.86,350.47,0.0,0.0,199621.0,69991590.949,-0.04562694270967719,350.67
US.AVGO,Broadcom,2026-08-26 12:20:00,350.49,350.585,350.585,350.06,0.0,0.0,192452.0,67424606.222,0.02139739237111313,350.51
US.AVGO,Broadcom,2026-08-26 12:25:00,350.61,350.7701,351.2,350.57,0.0,0.0,204936.0,71906470.507,0.05279746709072951,350.585
US.AVGO,Broadcom,2026-08-26 12:30:00,350.81,350.74,350.9199,350.53,0.0,0.0,112965.0,39611950.623,-0.008581119086263184,350.7701
US.AVGO,Broadcom,2026-08-26 12:35:00,350.66,350.67,350.9299,350.6002,0.0,0.0,101606.0,35638981.735,-0.01995780350116701,350.74
US.AVGO,Broadcom,2026-08-26 12:40:00,350.655,350.63,350.83,350.51,0.0,0.0,112117.0,39313072.685,-0.011406735677423351,350.67
US.AVGO,Broadcom,2026-08-26 12:45:00,350.64,350.795,350.84,350.5,0.0,0.0,109670.0,38464361.574,0.04705815246841984,350.63
US.AVGO,Broadcom,2026-08-26 12:50:00,350.7669,351.02,351.19,350.7669,0.0,0.0,101310.0,35553122.281,0.06414002480079986,350.795
US.AVGO,Broadcom,2026-08-26 12:55:00,351.055,351.16,351.4,350.87,0.0,0.0,155196.0,54492629.763,0.03988376730671848,351.02
US.AVGO,Broadcom,2026-08-26 13:00:00,351.2,351.5501,351.73,351.13,0.0,0.0,134020.0,47101082.307,0.11108896229637807,351.16
US.AVGO,Broadcom,2026-08-26 13:05:00,351.66,351.715,351.82,351.42,0.0,0.0,99357.0,34935979.719,0.046906543334787484,351.5501
US.AVGO,Broadcom,2026-08-26 13:10:00,351.68,352.03,352.09,351.555,0.0,0.0,70435.0,24778290.073,0.08956115036321957,351.715
US.AVGO,Broadcom,2026-08-26 13:15:00,352.05,352.2402,352.41,351.91,0.0,0.0,94079.0,33126713.28,0.05971082010057183,352.03
US.AVGO,Broadcom,2026-08-26 13:20:00,352.3,352.53,352.8451,352.29,0.0,0.0,122713.0,43256943.077,0.08227340320609544,352.2402
US.AVGO,Broadcom,2026-08-26 13:25:00,352.59,352.44,352.75,352.28,0.0,0.0,120894.0,42614640.993,-0.025529742149597193,352.53
US.AVGO,Broadcom,2026-08-26 13:30:00,352.407,352.2408,352.51,352.16,0.0,0.0,249415.0,87843317.882,-0.05652025876745515,352.44
US.AVGO,Broadcom,2026-08-26 13:35:00,352.2,352.44,352.4999,352.1501,0.0,0.0,75718.0,26677534.034,0.05655222222979817,352.2408
US.AVGO,Broadcom,2026-08-26 13:40:00,352.43,352.95,352.98,352.38,0.0,0.0,108833.0,38386350.399,0.1447054817841309,352.44
US.AVGO,Broadcom,2026-08-26 13:45:00,352.915,352.84,353.19,352.51,0.0,0.0,148199.0,52297365.84,-0.031165887519482544,352.95
US.AVGO,Broadcom,2026-08-26 13:50:00,352.845,352.6611,352.88,352.54,0.0,0.0,79993.0,28215442.383,-0.05070286815553756,352.84
US.AVGO,Broadcom,2026-08-26 13:55:00,352.6611,352.98,353.1793,352.6611,0.0,0.0,115625.0,40799814.926,0.09042675815394495,352.6611
US.AVGO,Broadcom,2026-08-26 14:00:00,353.02,352.8,353.155,352.76,0.0,0.0,87880.0,31014202.411,-0.050994390617034056,352.98
US.AVGO,Broadcom,2026-08-26 14:05:00,352.805,353.22,353.38,352.5305,0.0,0.0,156351.0,55184687.91,0.11904761904762355,352.8
US.AVGO,Broadcom,2026-08-26 14:10:00,353.18,353.655,353.95,353.16,0.0,0.0,358860.0,126598445.587,0.12315270935959045,353.22
US.AVGO,Broadcom,2026-08-26 14:15:00,353.6551,353.52,353.6772,353.295,0.0,0.0,95389.0,33715085.569,-0.03817279552105609,353.655
US.AVGO,Broadcom,2026-08-26 14:20:00,353.53,354.0678,354.08,353.23,0.0,0.0,114108.0,40346697.495,0.15495587236931296,353.52
US.AVGO,Broadcom,2026-08-26 14:25:00,354.06,353.73,354.22,353.55,0.0,0.0,126850.0,44881689.064,-0.09540545624311468,354.0678
US.AVGO,Broadcom,2026-08-26 14:30:00,353.73,353.7,354.03,353.65,0.0,0.0,93850.0,33202523.958,-0.008481044864735691,353.73
US.AVGO,Broadcom,2026-08-26 14:35:00,353.74,354.04,354.16,353.65,0.0,0.0,107962.0,38208409.604,0.0961266610121662,353.7
US.AVGO,Broadcom,2026-08-26 14:40:00,354.03,354.31,354.42,353.8711,0.0,0.0,88582.0,31374475.869,0.07626256920121506,354.04
US.AVGO,Broadcom,2026-08-26 14:45:00,354.31,354.195,354.59,354.11,0.0,0.0,99951.0,35418487.103,-0.03245745251333834,354.31
US.AVGO,Broadcom,2026-08-26 14:50:00,354.18,353.98,354.32,353.8,0.0,0.0,87957.0,31139192.082,-0.060701026270832445,354.195
US.AVGO,Broadcom,2026-08-26 14:55:00,353.98,353.85,354.06,353.755,0.0,0.0,83647.0,29601947.453,-0.036725238714050354,353.98
US.AVGO,Broadcom,2026-08-26 15:00:00,353.8687,354.21,354.31,353.84,0.0,0.0,113530.0,40204096.194,0.10173802458667705,353.85
US.AVGO,Broadcom,2026-08-26 15:05:00,354.21,354.57,354.6,354.06,0.0,0.0,122387.0,43364347.433,0.1016346235284192,354.21
US.AVGO,Broadcom,2026-08-26 15:10:00,354.53,354.38,354.53,353.96,0.0,0.0,133000.0,47118911.726,-0.05358603378740382,354.57
US.AVGO,Broadcom,2026-08-26 15:15:00,354.4318,354.865,354.8999,354.36,0.0,0.0,106861.0,37885768.186,0.13685873920650535,354.38
US.AVGO,Broadcom,2026-08-26 15:20:00,354.87,354.61,355.0499,354.28,0.0,0.0,121980.0,43255349.739,-0.07185831231594986,354.865
US.AVGO,Broadcom,2026-08-26 15:25:00,354.64,354.265,354.64,354.11,0.0,0.0,125491.0,44462142.183,-0.09728998054201159,354.61
US.AVGO,Broadcom,2026-08-26 15:30:00,354.23,353.865,354.3,353.69,0.0,0.0,177581.0,62877609.32,-0.11290982738909497,354.265
US.AVGO,Broadcom,2026-08-26 15:35:00,353.86,353.78,353.89,353.5,0.0,0.0,137061.0,48476780.799,-0.024020459779869833,353.865
US.AVGO,Broadcom,2026-08-26 15:40:00,353.79,353.51,353.81,353.44,0.0,0.0,348362.0,123170993.324,-0.07631861608908978,353.78
US.AVGO,Broadcom,2026-08-26 15:45:00,353.5442,353.305,353.61,353.0435,0.0,0.0,216562.0,76517758.645,-0.05798987298802978,353.51
US.AVGO,Broadcom,2026-08-26 15:50:00,353.35,355.82,355.86,353.345,0.0,0.0,332327.0,117929989.764,0.7118495351042262,353.305
US.AVGO,Broadcom,2026-08-26 15:55:00,355.84,355.28,356.31,354.8,0.0,0.0,556613.0,197926758.552,-0.15176212691811042,355.82
US.AVGO,Broadcom,2026-08-26 16:00:00,355.3,355.59,355.9,354.75,0.0,0.0,2769046.0,984440615.354,0.08725512272010873,355.28
US.AVGO,Broadcom,2026-08-26 16:05:00,355.59,354.8115,355.61,354.8115,0.0,0.0,400268.0,142329028.813,-0.21893191597062667,355.59
US.AVGO,Broadcom,2026-08-26 16:10:00,354.8115,355.4,355.69,354.7101,0.0,0.0,285407.0,101486968.826,0.16586271865482197,354.8115
US.AVGO,Broadcom,2026-08-26 16:15:00,355.4,355.0107,355.75,355.0107,0.0,0.0,7427.0,2639310.524,-0.10953854811479787,355.4
US.AVGO,Broadcom,2026-08-26 16:20:00,355.0107,355.0547,355.5,355.0107,0.0,0.0,101201.0,35984896.982,0.012393992631782525,355.0107
US.AVGO,Broadcom,2026-08-26 16:25:00,355.0547,355.45,355.45,353.01,0.0,0.0,35723.0,12651094.219,0.1113349576839747,355.0547
US.AVGO,Broadcom,2026-08-26 16:30:00,355.45,354.55,355.45,354.133,0.0,0.0,14156.0,5026343.345,-0.25320016880010615,355.45
US.AVGO,Broadcom,2026-08-26 16:35:00,354.55,354.5573,354.69,353.99,0.0,0.0,6246.0,2213286.943,0.0020589479622018163,354.55
US.AVGO,Broadcom,2026-08-26 16:40:00,354.5573,355.0,355.23,354.5,0.0,0.0,5249.0,1863670.429,0.12485993096179435,354.5573
US.AVGO,Broadcom,2026-08-26 16:45:00,355.0,355.0,355.28,354.786,0.0,0.0,9833.0,3492206.836,0.0,355.0
US.AVGO,Broadcom,2026-08-26 16:50:00,355.0,356.6,356.6,355.0,0.0,0.0,12129.0,4318337.147,0.4507042253521191,355.0
US.AVGO,Broadcom,2026-08-26 16:55:00,356.6,356.11,356.66,356.11,0.0,0.0,8528.0,3039967.851,-0.1374088614694361,356.6
US.AVGO,Broadcom,2026-08-26 17:00:00,356.6,356.47,356.6,356.11,0.0,0.0,10411.0,3710383.652,0.10109235910252834,356.11
US.AVGO,Broadcom,2026-08-26 17:05:00,356.47,357.0,357.0,355.58,0.0,0.0,24240.0,8635956.336,0.1486801133335127,356.47
US.AVGO,Broadcom,2026-08-26 17:10:00,357.0,358.0,358.0,355.91,0.0,0.0,50650.0,18104886.317,0.2801120448179272,357.0
US.AVGO,Broadcom,2026-08-26 17:15:00,358.0,358.5,358.8,357.5,0.0,0.0,82429.0,29522014.023,0.13966480446927373,358.0
US.AVGO,Broadcom,2026-08-26 17:20:00,358.5,358.0,358.74,357.238,0.0,0.0,55873.0,19999839.78,-0.1394700139470014,358.5
US.AVGO,Broadcom,2026-08-26 17:25:00,358.0,357.99,358.3,357.25,0.0,0.0,43432.0,15544079.511,-0.0027932960893829344,358.0
US.AVGO,Broadcom,2026-08-26 17:30:00,357.99,357.35,358.0,357.02,0.0,0.0,32108.0,11477614.486,-0.17877594346210407,357.99
US.AVGO,Broadcom,2026-08-26 17:35:00,357.19,357.78,358.0,357.16,0.0,0.0,24821.0,8878161.972,0.12033020847906813,357.35
US.AVGO,Broadcom,2026-08-26 17:40:00,357.78,357.92,358.6,357.0,0.0,0.0,29032.0,10402718.296,0.03913019173795159,357.78
US.AVGO,Broadcom,2026-08-26 17:45:00,357.92,357.4,358.34,357.3632,0.0,0.0,9367.0,3355285.37,-0.14528386231561205,357.92
US.AVGO,Broadcom,2026-08-26 17:50:00,357.7,358.2,358.2,357.5,0.0,0.0,11974.0,4285798.545,0.2238388360380558,357.4
US.AVGO,Broadcom,2026-08-26 17:55:00,358.0203,358.35,358.49,358.0,0.0,0.0,16903.0,6054792.715,0.04187604690118205,358.2
US.AVGO,Broadcom,2026-08-26 18:00:00,358.35,357.9604,358.35,357.7,0.0,0.0,20277.0,7260142.931,-0.10872052462676988,358.35
US.AVGO,Broadcom,2026-08-26 18:05:00,357.9604,358.37,358.55,357.2,0.0,0.0,12456.0,4460423.142,0.11442606500607659,357.9604
US.AVGO,Broadcom,2026-08-26 18:10:00,358.37,357.7,358.37,357.61,0.0,0.0,12948.0,4635399.836,-0.186957613639539,358.37
US.AVGO,Broadcom,2026-08-26 18:15:00,357.7,357.97,358.2,357.65,0.0,0.0,6020.0,2154737.351,0.0754822476936088,357.7
US.AVGO,Broadcom,2026-08-26 18:20:00,357.97,358.47,358.5,357.7658,0.0,0.0,14714.0,5256727.77,0.13967650920468194,357.97
US.AVGO,Broadcom,2026-08-26 18:25:00,358.47,358.2926,358.6,358.2237,0.0,0.0,8499.0,3046764.964,-0.04948810221218908,358.47
US.AVGO,Broadcom,2026-08-26 18:30:00,358.34,358.0,358.41,358.0,0.0,0.0,9705.0,3476362.554,-0.08166509718592935,358.2926
US.AVGO,Broadcom,2026-08-26 18:35:00,358.0,358.3,358.4568,358.0,0.0,0.0,8940.0,3203542.89,0.08379888268156742,358.0
US.AVGO,Broadcom,2026-08-26 18:40:00,358.3,358.2112,358.404,358.14,0.0,0.0,8503.0,3047184.067,-0.024783700809375378,358.3
US.AVGO,Broadcom,2026-08-26 18:45:00,358.2112,358.39,358.4,358.2,0.0,0.0,4425.0,1585700.382,0.04991468720128432,358.2112
US.AVGO,Broadcom,2026-08-26 18:50:00,358.39,358.3,358.49,358.25,0.0,0.0,4049.0,1451438.605,-0.025112307821081783,358.39
US.AVGO,Broadcom,2026-08-26 18:55:00,358.3,358.35,358.55,358.25,0.0,0.0,6259.0,2243867.655,0.013954786491769847,358.3
US.AVGO,Broadcom,2026-08-26 19:00:00,358.35,358.68,358.68,358.35,0.0,0.0,3598.0,1290264.654,0.09208874005859748,358.35
US.AVGO,Broadcom,2026-08-26 19:05:00,358.68,358.53,358.69,358.5,0.0,0.0,6345.0,2275428.706,-0.041820006691210575,358.68
US.AVGO,Broadcom,2026-08-26 19:10:00,358.53,358.62,358.6799,358.45,0.0,0.0,2989.0,1072054.716,0.02510250188269652,358.53
US.AVGO,Broadcom,2026-08-26 19:15:00,358.62,358.6,358.68,358.571,0.0,0.0,2414.0,865715.223,-0.005576933801790701,358.62
US.AVGO,Broadcom,2026-08-26 19:20:00,358.6,359.22,359.22,358.57,0.0,0.0,11078.0,3975876.985,0.17289459007250543,358.6
US.AVGO,Broadcom,2026-08-26 19:25:00,359.035,359.8,359.9,359.035,0.0,0.0,20761.0,7466958.857,0.16146094315460832,359.22
US.AVGO,Broadcom,2026-08-26 19:30:00,359.8,359.88,359.98,359.52,0.0,0.0,7594.0,2732766.946,0.02223457476375322,359.8
US.AVGO,Broadcom,2026-08-26 19:35:00,359.88,360.83,360.84,359.8,0.0,0.0,22181.0,7992385.396,0.26397688118261325,359.88
US.AVGO,Broadcom,2026-08-26 19:40:00,360.83,360.65,360.88,360.65,0.0,0.0,6373.0,2299447.15,-0.04988498739018564,360.83
US.AVGO,Broadcom,2026-08-26 19:45:00,360.65,360.6723,360.79,360.39,0.0,0.0,4085.0,1473154.613,0.006183280188556701,360.65
US.AVGO,Broadcom,2026-08-26 19:50:00,360.6723,360.8308,360.8308,360.46,0.0,0.0,9676.0,3489547.897,0.043945709165911444,360.6723
US.AVGO,Broadcom,2026-08-26 19:55:00,360.8308,361.02,361.2,360.5,0.0,0.0,20319.0,7333352.625,0.05243454827026162,360.8308
US.AVGO,Broadcom,2026-08-26 20:00:00,361.01,362.0,362.42,361.01,0.0,0.0,22920.0,8295594.347,0.27145310509113574,361.02
US.AVGO,Broadcom,2026-08-27 04:05:00,360.4,361.0,361.44,360.14,0.0,0.0,91695.0,32991598.939,-0.2762430939226519,362.0
US.AVGO,Broadcom,2026-08-27 04:10:00,361.0,361.4,361.5,360.93,0.0,0.0,9500.0,3430013.715,0.11080332409971669,361.0
US.AVGO,Broadcom,2026-08-27 04:15:00,361.4,361.69,361.85,361.15,0.0,0.0,7023.0,2540188.555,0.08024349750969023,361.4
US.AVGO,Broadcom,2026-08-27 04:20:00,361.69,361.54,361.81,361.31,0.0,0.0,7940.0,2871953.428,-0.04147197876634059,361.69
US.AVGO,Broadcom,2026-08-27 04:25:00,361.54,361.85,361.85,361.4,0.0,0.0,6648.0,2404669.326,0.08574431598163475,361.54
US.AVGO,Broadcom,2026-08-27 04:30:00,361.85,362.47,362.5,361.85,0.0,0.0,20450.0,7405362.81,0.17134171618073912,361.85
US.AVGO,Broadcom,2026-08-27 04:35:00,362.47,362.17,362.6,361.8,0.0,0.0,7776.0,2817269.484,-0.08276547024581658,362.47
US.AVGO,Broadcom,2026-08-27 04:40:00,362.17,361.84,362.4,361.8,0.0,0.0,6143.0,2224216.883,-0.0911174310406828,362.17
US.AVGO,Broadcom,2026-08-27 04:45:00,361.84,361.8,362.0,361.6,0.0,0.0,3596.0,1301303.3,-0.011054609772264986,361.84
US.AVGO,Broadcom,2026-08-27 04:50:00,361.8,362.25,362.27,361.74,0.0,0.0,6407.0,2320228.6,0.12437810945273317,361.8
US.AVGO,Broadcom,2026-08-27 04:55:00,362.25,361.8,362.4,361.8,0.0,0.0,3395.0,1229842.136,-0.12422360248446891,362.25
US.AVGO,Broadcom,2026-08-27 05:00:00,361.8,362.1093,362.24,361.7,0.0,0.0,2482.0,898709.856,0.08548922056384949,361.8
US.AVGO,Broadcom,2026-08-27 05:05:00,362.1093,361.4,362.1093,361.09,0.0,0.0,14334.0,5185453.495,-0.19588008372058976,362.1093
US.AVGO,Broadcom,2026-08-27 05:10:00,361.4,361.7,361.7,361.2,0.0,0.0,5089.0,1839390.77,0.08301051466519407,361.4
US.AVGO,Broadcom,2026-08-27 05:15:00,361.7,362.59,363.4,361.7,0.0,0.0,16914.0,6132994.25,0.24606027094276647,361.7
US.AVGO,Broadcom,2026-08-27 05:20:00,362.59,362.13,362.59,361.6,0.0,0.0,10450.0,3782752.389,-0.126865054193436,362.59
US.AVGO,Broadcom,2026-08-27 05:25:00,362.13,361.8,362.14,361.8,0.0,0.0,4402.0,1593647.43,-0.09112749565072877,362.13
US.AVGO,Broadcom,2026-08-27 05:30:00,361.8,361.68,362.2,361.68,0.0,0.0,4200.0,1520104.402,-0.033167495854064276,361.8
US.AVGO,Broadcom,2026-08-27 05:35:00,361.68,362.5,362.5,361.68,0.0,0.0,3880.0,1404750.848,0.22671975226719565,361.68
US.AVGO,Broadcom,2026-08-27 05:40:00,362.5,362.38,362.5,362.026,0.0,0.0,2039.0,738783.184,-0.03310344827586332,362.5
US.AVGO,Broadcom,2026-08-27 05:45:00,362.38,362.25,362.5,362.16,0.0,0.0,4447.0,1611387.061,-0.035873944478170834,362.38
US.AVGO,Broadcom,2026-08-27 05:50:00,362.25,362.3,362.53,362.25,0.0,0.0,4460.0,1616483.079,0.013802622498277812,362.25
US.AVGO,Broadcom,2026-08-27 05:55:00,362.3,362.44,362.55,362.16,0.0,0.0,4400.0,1594732.402,0.03864200938448423,362.3
US.AVGO,Broadcom,2026-08-27 06:00:00,362.44,362.05,362.67,362.01,0.0,0.0,4442.0,1609929.861,-0.107604017216639,362.44
US.AVGO,Broadcom,2026-08-27 06:05:00,362.05,362.11,362.17,362.0,0.0,0.0,4119.0,1491508.669,0.016572296644110557,362.05
US.AVGO,Broadcom,2026-08-27 06:10:00,362.11,362.25,362.36,362.11,0.0,0.0,2614.0,947403.46,0.03866228494103625,362.11
US.AVGO,Broadcom,2026-08-27 06:15:00,362.25,362.08,362.35,362.0,0.0,0.0,2623.0,950306.278,-0.04692891649413828,362.25
US.AVGO,Broadcom,2026-08-27 06:20:00,362.12,361.96,362.25,361.96,0.0,0.0,2778.0,1006045.464,-0.03314184710561328,362.08
US.AVGO,Broadcom,2026-08-27 06:25:00,361.91,361.99,361.99,361.6587,0.0,0.0,1622.0,587274.905,0.008288208641847044,361.96
US.AVGO,Broadcom,2026-08-27 06:30:00,361.99,361.83,361.99,361.83,0.0,0.0,1269.0,459258.855,-0.04420011602531147,361.99
US.AVGO,Broadcom,2026-08-27 06:35:00,361.83,361.9597,361.99,361.83,0.0,0.0,1352.0,489222.431,0.035845562833378634,361.83
US.AVGO,Broadcom,2026-08-27 06:40:00,361.9597,361.37,361.9597,361.37,0.0,0.0,4001.0,1446733.639,-0.16291868956682015,361.9597
US.AVGO,Broadcom,2026-08-27 06:45:00,361.37,361.81,361.81,361.37,0.0,0.0,3779.0,1366843.623,0.12175886210808802,361.37
US.AVGO,Broadcom,2026-08-27 06:50:00,361.81,361.97,362.08,361.8,0.0,0.0,4309.0,1559714.558,0.04422210552500622,361.81
US.AVGO,Broadcom,2026-08-27 06:55:00,361.97,361.85,361.97,361.6,0.0,0.0,4967.0,1797308.785,-0.033151918667294125,361.97
US.AVGO,Broadcom,2026-08-27 07:00:00,361.85,362.03,362.06,361.85,0.0,0.0,5047.0,1827078.664,0.04974436921374878,361.85
US.AVGO,Broadcom,2026-08-27 07:05:00,362.03,362.1,362.2997,361.5584,0.0,0.0,17595.0,6368065.98,0.019335414192207835,362.03
US.AVGO,Broadcom,2026-08-27 07:10:00,362.1,362.08,362.38,361.91,0.0,0.0,14601.0,5287638.452,-0.005523336095012055,362.1
US.AVGO,Broadcom,2026-08-27 07:15:00,362.08,362.2,362.4,362.0,0.0,0.0,10700.0,3874815.315,0.03314184710561328,362.08
US.AVGO,Broadcom,2026-08-27 07:20:00,362.2,361.5,362.4,361.5,0.0,0.0,7946.0,2876992.896,-0.19326339039204546,362.2
US.AVGO,Broadcom,2026-08-27 07:25:00,361.5,361.5,361.5634,361.3,0.0,0.0,8860.0,3202366.015,0.0,361.5
US.AVGO,Broadcom,2026-08-27 07:30:00,361.5,360.91,361.58,360.8515,0.0,0.0,12528.0,4525177.02,-0.1632088520055256,361.5
US.AVGO,Broadcom,2026-08-27 07:35:00,360.91,360.81,361.01,360.57,0.0,0.0,8989.0,3243380.977,-0.02770773877144516,360.91
US.AVGO,Broadcom,2026-08-27 07:40:00,360.81,360.4,360.861,360.37,0.0,0.0,8411.0,3032901.237,-0.1136332141570425,360.81
US.AVGO,Broadcom,2026-08-27 07:45:00,360.4,360.52,360.6,360.24,0.0,0.0,9937.0,3581269.711,0.03329633740288695,360.4
US.AVGO,Broadcom,2026-08-27 07:50:00,360.52,359.36,360.52,359.35,0.0,0.0,25717.0,9255390.034,-0.32175746144457124,360.52
US.AVGO,Broadcom,2026-08-27 07:55:00,359.36,359.82,359.82,359.0,0.0,0.0,18045.0,6481931.699,0.12800534283169512,359.36
US.AVGO,Broadcom,2026-08-27 08:00:00,359.82,359.74,359.82,359.2799,0.0,0.0,8696.0,3126727.023,-0.022233338891663634,359.82
US.AVGO,Broadcom,2026-08-27 08:05:00,359.74,359.82,359.82,359.4,0.0,0.0,9855.0,3544594.466,0.022238283204532184,359.74
US.AVGO,Broadcom,2026-08-27 08:10:00,359.82,360.0617,360.4,359.55,0.0,0.0,10344.0,3723580.799,0.06717247512644663,359.82
US.AVGO,Broadcom,2026-08-27 08:15:00,360.0,360.25,360.3397,360.0,0.0,0.0,7464.0,2688338.878,0.052296592500681575,360.0617
US.AVGO,Broadcom,2026-08-27 08:20:00,360.25,360.2,360.39,360.2,0.0,0.0,201990.0,71855904.472,-0.013879250520475051,360.25
US.AVGO,Broadcom,2026-08-27 08:25:00,360.2,360.95,361.05,360.2,0.0,0.0,20650.0,7449846.874,0.20821765685730148,360.2
US.AVGO,Broadcom,2026-08-27 08:30:00,360.95,361.0,361.29,360.686,0.0,0.0,7446.0,2688551.092,0.013852334118302084,360.95
US.AVGO,Broadcom,2026-08-27 08:35:00,361.0,360.29,361.09,360.29,0.0,0.0,9620.0,3469821.581,-0.19667590027700266,361.0
US.AVGO,Broadcom,2026-08-27 08:40:00,360.21,359.54,360.5,359.51,0.0,0.0,14395.0,5181910.562,-0.20816564434205778,360.29
US.AVGO,Broadcom,2026-08-27 08:45:00,359.54,359.75,360.3338,359.54,0.0,0.0,5680.0,2043963.832,0.058407965733987745,359.54
US.AVGO,Broadcom,2026-08-27 08:50:00,359.75,359.63,359.78,359.38,0.0,0.0,8833.0,3175684.734,-0.03335649756775665,359.75
US.AVGO,Broadcom,2026-08-27 08:55:00,359.63,360.0,360.5,359.39,0.0,0.0,18439.0,6639522.681,0.10288351917248409,359.63
US.AVGO,Broadcom,2026-08-27 09:00:00,360.0,360.28,360.38,359.43,0.0,0.0,12973.0,4669645.046,0.0777777777777702,360.0
US.AVGO,Broadcom,2026-08-27 09:05:00,360.28,360.26,360.47,359.8726,0.0,0.0,10195.0,3671493.879,-0.005551237926052463,360.28
US.AVGO,Broadcom,2026-08-27 09:10:00,360.26,360.05,360.48,360.05,0.0,0.0,6164.0,2220505.167,-0.05829123410869359,360.26
US.AVGO,Broadcom,2026-08-27 09:15:00,360.05,360.65,360.75,359.98,0.0,0.0,14897.0,5367431.089,0.16664352173308314,360.05
US.AVGO,Broadcom,2026-08-27 09:20:00,360.65,360.3915,360.65,360.2796,0.0,0.0,12451.0,4488409.358,-0.07167614030222363,360.65
US.AVGO,Broadcom,2026-08-27 09:25:00,360.3915,360.37,360.65,360.16,0.0,0.0,16216.0,5843940.239,-0.005965734485969615,360.3915
US.AVGO,Broadcom,2026-08-27 09:30:00,360.37,361.49,362.06,360.37,0.0,0.0,34546.0,12481969.495,0.3107916863223921,360.37
US.AVGO,Broadcom,2026-08-27 09:35:00,361.79,366.25,366.6,360.61,0.0,0.0,1341851.0,487544795.826,1.3167722481949684,361.49
US.AVGO,Broadcom,2026-08-27 09:40:00,366.305,364.325,366.4,363.13,0.0,0.0,525454.0,191357746.194,-0.5255972696245764,366.25
US.AVGO,Broadcom,2026-08-27 09:45:00,364.33,366.27,366.27,364.06,0.0,0.0,419127.0,152997223.625,0.5338639950593544,364.325
US.AVGO,Broadcom,2026-08-27 09:50:00,366.27,363.725,366.57,362.66,0.0,0.0,375619.0,136986232.448,-0.6948426024517321,366.27
US.AVGO,Broadcom,2026-08-27 09:55:00,363.8,366.99,367.29,363.8,0.0,0.0,366640.0,134257413.326,0.8976561963021477,363.725
US.AVGO,Broadcom,2026-08-27 10:00:00,366.9824,365.09,367.0,363.37,0.0,0.0,396243.0,144525830.325,-0.5177252786179554,366.99
US.AVGO,Broadcom,2026-08-27 10:05:00,364.985,366.4677,366.657,364.37,0.0,0.0,273593.0,100036133.314,0.37735900736804745,365.09
US.AVGO,Broadcom,2026-08-27 10:10:00,366.42,365.64,366.99,364.54,0.0,0.0,236807.0,86608605.57,-0.22585892290097956,366.4677
US.AVGO,Broadcom,2026-08-27 10:15:00,365.5601,366.96,367.55,365.4676,0.0,0.0,293701.0,107727412.113,0.3610108303249079,365.64
US.AVGO,Broadcom,2026-08-27 10:20:00,366.96,367.525,367.85,366.9,0.0,0.0,217530.0,79919745.408,0.1539677349029861,366.96
US.AVGO,Broadcom,2026-08-27 10:25:00,367.545,368.045,368.1,367.3,0.0,0.0,199034.0,73186035.167,0.14148697367527072,367.525
US.AVGO,Broadcom,2026-08-27 10:30:00,368.05,368.69,369.59,367.82,0.0,0.0,266943.0,98429584.245,0.17525030906546257,368.045
US.AVGO,Broadcom,2026-08-27 10:35:00,368.72,367.11,368.75,366.61,0.0,0.0,242813.0,89207590.228,-0.4285443055141132,368.69
US.AVGO,Broadcom,2026-08-27 10:40:00,367.11,366.395,367.6799,366.32,0.0,0.0,144794.0,53134331.547,-0.194764511999137,367.11
US.AVGO,Broadcom,2026-08-27 10:45:00,366.4,367.08,367.72,366.23,0.0,0.0,175911.0,64585951.16,0.18695669973662368,366.395
US.AVGO,Broadcom,2026-08-27 10:50:00,367.07,367.815,368.0,366.85,0.0,0.0,132065.0,48501849.227,0.20022883295194882,367.08
US.AVGO,Broadcom,2026-08-27 10:55:00,367.82,368.15,368.42,367.2201,0.0,0.0,162854.0,59899826.503,0.09107839538898074,367.815
US.AVGO,Broadcom,2026-08-27 11:00:00,368.215,369.1,369.3,367.78,0.0,0.0,179056.0,66005229.086,0.2580469917153458,368.15
US.AVGO,Broadcom,2026-08-27 11:05:00,369.17,368.938,369.59,368.76,0.0,0.0,222404.0,82094044.28,-0.043890544567877145,369.1
US.AVGO,Broadcom,2026-08-27 11:10:00,368.86,368.73,369.32,368.33,0.0,0.0,156102.0,57568380.522,-0.05637803641803501,368.938
US.AVGO,Broadcom,2026-08-27 11:15:00,368.7761,368.3,368.83,368.07,0.0,0.0,108253.0,39878434.578,-0.11661649445393832,368.73
US.AVGO,Broadcom,2026-08-27 11:20:00,368.3,368.52,369.08,368.2201,0.0,0.0,99145.0,36550203.701,0.059733912571265396,368.3
US.AVGO,Broadcom,2026-08-27 11:25:00,368.51,369.205,369.38,368.15,0.0,0.0,143502.0,52921867.326,0.18587864973407206,368.52
US.AVGO,Broadcom,2026-08-27 11:30:00,369.24,369.04,369.56,368.78,0.0,0.0,194177.0,71681577.344,-0.04469061903277681,369.205
US.AVGO,Broadcom,2026-08-27 11:35:00,369.05,369.15,369.2,368.56,0.0,0.0,102202.0,37702547.499,0.029807066984597008,369.04
US.AVGO,Broadcom,2026-08-27 11:40:00,369.12,368.145,369.37,367.89,0.0,0.0,168793.0,62182517.559,-0.2722470540430707,369.15
US.AVGO,Broadcom,2026-08-27 11:45:00,368.2499,367.23,368.2499,367.19,0.0,0.0,165702.0,60930512.746,-0.24854337285579423,368.145
US.AVGO,Broadcom,2026-08-27 11:50:00,367.16,367.09,367.64,366.88,0.0,0.0,99303.0,36456861.582,-0.0381232470114215,367.23
US.AVGO,Broadcom,2026-08-27 11:55:00,367.136501,368.53,368.6,367.12,0.0,0.0,101018.0,37165851.913,0.3922743741316837,367.09
US.AVGO,Broadcom,2026-08-27 12:00:00,368.53,368.51,368.8,368.38,0.0,0.0,89981.0,33163808.802,-0.00542696659701566,368.53
US.AVGO,Broadcom,2026-08-27 12:05:00,368.51,369.53,369.65,368.49,0.0,0.0,160884.0,59399252.077,0.2767903177661344,368.51
US.AVGO,Broadcom,2026-08-27 12:10:00,369.6,368.0,369.75,367.95,0.0,0.0,186238.0,68697496.411,-0.41403945552457794,369.53
US.AVGO,Broadcom,2026-08-27 12:15:00,368.0,368.245,368.59,367.84,0.0,0.0,154297.0,56793443.775,0.06657608695652298,368.0
US.AVGO,Broadcom,2026-08-27 12:20:00,368.245,367.875,368.245,367.3901,0.0,0.0,112248.0,41289429.952,-0.10047658488234858,368.245
US.AVGO,Broadcom,2026-08-27 12:25:00,367.95,367.895,368.22,367.5201,0.0,0.0,91628.0,33704923.512,0.005436629289835354,367.875
US.AVGO,Broadcom,2026-08-27 12:30:00,367.895,368.7,368.94,367.81,0.0,0.0,109152.0,40216727.751,0.21881243289525731,367.895
US.AVGO,Broadcom,2026-08-27 12:35:00,368.63,369.02,369.22,368.6,0.0,0.0,111324.0,41070074.635,0.0867914293463502,368.7
US.AVGO,Broadcom,2026-08-27 12:40:00,369.12,369.0,369.34,368.9001,0.0,0.0,104407.0,38540285.716,-0.005419760446583332,369.02
US.AVGO,Broadcom,2026-08-27 12:45:00,369.02,369.315,369.62,368.83,0.0,0.0,187526.0,69246512.456,0.08536585365853597,369.0
US.AVGO,Broadcom,2026-08-27 12:50:00,369.315,369.35,369.85,369.315,0.0,0.0,118887.0,43936071.284,0.009477004724970556,369.315
US.AVGO,Broadcom,2026-08-27 12:55:00,369.31,369.58,369.705,369.18,0.0,0.0,122217.0,45149948.862,0.06227155814267262,369.35
US.AVGO,Broadcom,2026-08-27 13:00:00,369.59,369.75,369.92,369.3519,0.0,0.0,79844.0,29513942.653,0.045998160073601364,369.58
US.AVGO,Broadcom,2026-08-27 13:05:00,369.75,370.07,370.47,369.75,0.0,0.0,193430.0,71599703.403,0.08654496281270946,369.75
US.AVGO,Broadcom,2026-08-27 13:10:00,370.0,369.865,370.06,369.57,0.0,0.0,124819.0,46161733.624,-0.05539492528440135,370.07
US.AVGO,Broadcom,2026-08-27 13:15:00,369.865,370.15,370.37,369.58,0.0,0.0,125255.0,46344874.353,0.07705514174089685,369.865
US.AVGO,Broadcom,2026-08-27 13:20:00,370.2,369.755,370.25,369.5,0.0,0.0,60533.0,22390344.694,-0.10671349452923999,370.15
US.AVGO,Broadcom,2026-08-27 13:25:00,369.755,369.5501,369.97,369.49,0.0,0.0,73336.0,27114385.657,-0.055415072142367024,369.755
US.AVGO,Broadcom,2026-08-27 13:30:00,369.55,368.89,369.6,368.64,0.0,0.0,108233.0,39938977.426,-0.17862260083274228,369.5501
US.AVGO,Broadcom,2026-08-27 13:35:00,368.85,368.545,368.92,368.38,0.0,0.0,76685.0,28274353.449,-0.09352381468729715,368.89
US.AVGO,Broadcom,2026-08-27 13:40:00,368.5,368.22,368.63,368.16,0.0,0.0,63457.0,23381042.568,-0.08818461788926417,368.545
US.AVGO,Broadcom,2026-08-27 13:45:00,368.225,368.49,368.9,368.16,0.0,0.0,83633.0,30817235.36,0.07332572918363527,368.22
US.AVGO,Broadcom,2026-08-27 13:50:00,368.485,368.335,368.62,368.1901,0.0,0.0,58205.0,21440597.174,-0.04206355667725842,368.49
US.AVGO,Broadcom,2026-08-27 13:55:00,368.36,368.16,368.66,368.1171,0.0,0.0,106040.0,39057087.42,-0.0475110972348418,368.335
US.AVGO,Broadcom,2026-08-27 14:00:00,368.17,367.74,368.17,367.51,0.0,0.0,78919.0,29035453.021,-0.11408083441982178,368.16
US.AVGO,Broadcom,2026-08-27 14:05:00,367.74,367.31,368.03,367.27,0.0,0.0,89880.0,33046477.519,-0.1169304399847737,367.74
US.AVGO,Broadcom,2026-08-27 14:10:00,367.32,367.31,367.59,367.1725,0.0,0.0,53124.0,19516751.821,0.0,367.31
US.AVGO,Broadcom,2026-08-27 14:15:00,367.27,367.42,367.48,366.96,0.0,0.0,65669.0,24110797.154,0.02994745582750637,367.31
US.AVGO,Broadcom,2026-08-27 14:20:00,367.42,367.6499,367.7599,367.22,0.0,0.0,72466.0,26628647.847,0.06257144412388722,367.42
US.AVGO,Broadcom,2026-08-27 14:25:00,367.66,367.63,367.74,367.35,0.0,0.0,82479.0,30314954.937,-0.00541275817020674,367.6499
US.AVGO,Broadcom,2026-08-27 14:30:00,367.6895,367.175,367.75,366.9,0.0,0.0,89087.0,32723686.761,-0.12376574273045837,367.63
US.AVGO,Broadcom,2026-08-27 14:35:00,367.18,367.5101,368.0,367.07,0.0,0.0,93322.0,34307911.699,0.09126438346837645,367.175
US.AVGO,Broadcom,2026-08-27 14:40:00,367.52,368.34,368.34,367.4,0.0,0.0,76097.0,27990601.492,0.22581692312672558,367.5101
US.AVGO,Broadcom,2026-08-27 14:45:00,368.33,368.43,368.6211,368.07,0.0,0.0,90344.0,33278647.456,0.024433946896897388,368.34
US.AVGO,Broadcom,2026-08-27 14:50:00,368.38,368.4,368.88,368.32,0.0,0.0,101244.0,37318737.862,-0.008142659392565633,368.43
US.AVGO,Broadcom,2026-08-27 14:55:00,368.4,368.66,368.97,368.31,0.0,0.0,89920.0,33146951.062,0.07057546145495325,368.4
US.AVGO,Broadcom,2026-08-27 15:00:00,368.66,368.81,368.9,368.31,0.0,0.0,72416.0,26687966.322,0.04068789670698672,368.66
US.AVGO,Broadcom,2026-08-27 15:05:00,368.8,369.4601,369.7219,368.66,0.0,0.0,104589.0,38620996.746,0.17626962392560097,368.81
US.AVGO,Broadcom,2026-08-27 15:10:00,369.46,369.255,369.79,368.8,0.0,0.0,151935.0,56114463.61,-0.055513437039619654,369.4601
US.AVGO,Broadcom,2026-08-27 15:15:00,369.29,368.94,369.45,368.93,0.0,0.0,79675.0,29411830.002,-0.08530690173457306,369.255
US.AVGO,Broadcom,2026-08-27 15:20:00,368.99,368.9475,369.1599,368.71,0.0,0.0,74096.0,27337058.732,0.0020328508700583237,368.94
US.AVGO,Broadcom,2026-08-27 15:25:00,368.9,369.16,369.29,368.77,0.0,0.0,143375.0,52895518.619,0.05759627047209539,368.9475
US.AVGO,Broadcom,2026-08-27 15:30:00,369.2,368.855,369.35,368.8,0.0,0.0,341399.0,125991744.699,-0.08262000216708386,369.16
US.AVGO,Broadcom,2026-08-27 15:35:00,368.84,369.215,369.25,368.68,0.0,0.0,144317.0,53260901.128,0.09759932764906448,368.855
US.AVGO,Broadcom,2026-08-27 15:40:00,369.22,369.47,369.55,369.08,0.0,0.0,105666.0,39028576.662,0.0690654496702605,369.215
US.AVGO,Broadcom,2026-08-27 15:45:00,369.44,369.62,369.66,369.4,0.0,0.0,142217.0,52550173.788,0.04059869542858074,369.47
US.AVGO,Broadcom,2026-08-27 15:50:00,369.59,369.01,369.6599,368.76,0.0,0.0,205912.0,76022248.943,-0.16503435961257876,369.62
US.AVGO,Broadcom,2026-08-27 15:55:00,369.01,370.455,370.68,368.75,0.0,0.0,453380.0,167589480.667,0.3915883038400025,369.01
US.AVGO,Broadcom,2026-08-27 16:00:00,370.45,371.54,371.72,369.65,0.0,0.0,4531722.0,1683113465.925,0.2928830762170942,370.455
US.AVGO,Broadcom,2026-08-27 16:05:00,371.54,371.29,371.72,370.6001,0.0,0.0,1631738.0,606252893.551,-0.06728750605587555,371.54
US.AVGO,Broadcom,2026-08-27 16:10:00,371.29,370.2232,371.29,370.2002,0.0,0.0,30529.0,11330713.864,-0.28732257803873,371.29
US.AVGO,Broadcom,2026-08-27 16:15:00,370.2232,369.55,370.51,369.4,0.0,0.0,14175.0,5244733.716,-0.18183625445407214,370.2232
US.AVGO,Broadcom,2026-08-27 16:20:00,369.55,369.8,370.02,369.5101,0.0,0.0,7525.0,2787240.078,0.06764984440535786,369.55
US.AVGO,Broadcom,2026-08-27 16:25:00,369.8,370.0,370.3907,369.7768,0.0,0.0,99145.0,36832911.421,0.05408328826392337,369.8
US.AVGO,Broadcom,2026-08-27 16:30:00,370.0,370.0,370.0,369.8,0.0,0.0,2341.0,866427.419,0.0,370.0
US.AVGO,Broadcom,2026-08-27 16:35:00,370.0,369.8595,370.38,369.82,0.0,0.0,5085.0,1881489.41,-0.03797297297296609,370.0
US.AVGO,Broadcom,2026-08-27 16:40:00,369.9489,370.25,370.5,369.8003,0.0,0.0,3723.0,1377920.13,0.10558063264563286,369.8595
US.AVGO,Broadcom,2026-08-27 16:45:00,370.2,370.2,370.5,370.029,0.0,0.0,9169.0,3394291.392,-0.01350438892640415,370.25
US.AVGO,Broadcom,2026-08-27 16:50:00,370.2,370.5,370.5,370.0735,0.0,0.0,369265.0,137192923.523,0.08103727714749091,370.2
US.AVGO,Broadcom,2026-08-27 16:55:00,370.5,369.63,370.5,369.5239,0.0,0.0,314857.0,116965821.411,-0.23481781376518343,370.5
US.AVGO,Broadcom,2026-08-27 17:00:00,369.63,370.0,370.0,369.5312,0.0,0.0,24780.0,9201027.95,0.10010010010010134,369.63
US.AVGO,Broadcom,2026-08-27 17:05:00,370.0,370.3,370.44,369.9203,0.0,0.0,5800.0,2146702.387,0.08108108108108415,370.0
US.AVGO,Broadcom,2026-08-27 17:10:00,370.3,370.32,370.438,370.164,0.0,0.0,2451.0,904971.861,0.005401026194972134,370.3
US.AVGO,Broadcom,2026-08-27 17:15:00,370.32,371.85,372.0,369.87,0.0,0.0,30794.0,11416223.829,0.41315618924174485,370.32
US.AVGO,Broadcom,2026-08-27 17:20:00,371.85,374.0,374.96,371.8263,0.0,0.0,34318.0,12822347.913,0.5781901304289303,371.85
US.AVGO,Broadcom,2026-08-27 17:25:00,374.0,373.1438,374.4,373.0,0.0,0.0,16798.0,6261570.856,-0.22893048128342278,374.0
US.AVGO,Broadcom,2026-08-27 17:30:00,373.1438,373.0,374.0,373.0,0.0,0.0,13719.0,5125324.366,-0.03853742176608557,373.1438
US.AVGO,Broadcom,2026-08-27 17:35:00,373.0,372.7005,373.0,372.0,0.0,0.0,2870.0,1066403.402,-0.08029490616622606,373.0
US.AVGO,Broadcom,2026-08-27 17:40:00,372.7005,372.1,373.0,372.0892,0.0,0.0,7271.0,2710243.394,-0.1611213293247404,372.7005
US.AVGO,Broadcom,2026-08-27 17:45:00,372.1,372.01,373.0,372.0,0.0,0.0,5671.0,2108347.142,-0.02418704649288681,372.1
US.AVGO,Broadcom,2026-08-27 17:50:00,372.01,372.64,372.97,372.01,0.0,0.0,7937.0,2952080.857,0.16935028628262558,372.01
US.AVGO,Broadcom,2026-08-27 17:55:00,372.64,372.9353,372.9899,372.64,0.0,0.0,1498.0,558570.109,0.07924538428510022,372.64
US.AVGO,Broadcom,2026-08-27 18:00:00,372.9353,372.9771,373.22,372.7,0.0,0.0,4297.0,1602595.183,0.011208378504266927,372.9353
US.AVGO,Broadcom,2026-08-27 18:05:00,372.9771,372.5,373.0,372.5,0.0,0.0,8085.0,3013446.957,-0.12791670051593174,372.9771
US.AVGO,Broadcom,2026-08-27 18:10:00,372.5,372.24,372.7225,372.02,0.0,0.0,5107.0,1901957.934,-0.06979865771811837,372.5
US.AVGO,Broadcom,2026-08-27 18:15:00,372.24,372.1071,372.4,372.0,0.0,0.0,2322.0,864241.402,-0.0357027724049018,372.24
US.AVGO,Broadcom,2026-08-27 18:20:00,372.1071,371.99,372.2,371.99,0.0,0.0,3398.0,1264644.111,-0.031469434471955396,372.1071
US.AVGO,Broadcom,2026-08-27 18:25:00,371.99,371.85,371.99,371.55,0.0,0.0,1510.0,561730.297,-0.037635420306993836,371.99
US.AVGO,Broadcom,2026-08-27 18:30:00,371.85,371.88,372.14,371.56,0.0,0.0,2064.0,767812.139,0.008067769261791775,371.85
US.AVGO,Broadcom,2026-08-27 18:35:00,371.88,371.9,372.0,371.88,0.0,0.0,717.0,266669.811,0.0053780789501940976,371.88
US.AVGO,Broadcom,2026-08-27 18:40:00,371.9,372.21,372.35,371.9,0.0,0.0,2893.0,1076558.024,0.0833557407905357,371.9
US.AVGO,Broadcom,2026-08-27 18:45:00,372.21,371.6,372.21,371.6,0.0,0.0,1035.0,385044.139,-0.16388597834554602,372.21
US.AVGO,Broadcom,2026-08-27 18:50:00,371.6,371.98,371.98,371.6,0.0,0.0,577.0,214665.413,0.10226049515608057,371.6
US.AVGO,Broadcom,2026-08-27 18:55:00,371.98,371.8,371.98,371.77,0.0,0.0,9239.0,3433412.75,-0.04838969837088199,371.98
US.AVGO,Broadcom,2026-08-27 19:00:00,371.8,371.9,371.94,371.5714,0.0,0.0,3280.0,1219802.001,0.026896180742325415,371.8
US.AVGO,Broadcom,2026-08-27 19:05:00,371.9,371.68,371.9,371.55,0.0,0.0,7480.0,2779955.909,-0.05915568701262986,371.9
US.AVGO,Broadcom,2026-08-27 19:10:00,371.68,371.78,371.78,371.5,0.0,0.0,3133.0,1164427.595,0.02690486439947425,371.68
US.AVGO,Broadcom,2026-08-27 19:15:00,371.78,371.9001,372.18,371.51,0.0,0.0,3791.0,1409485.31,0.03230405078273073,371.78
US.AVGO,Broadcom,2026-08-27 19:20:00,371.9001,372.0,372.0,371.5,0.0,0.0,3035.0,1128011.16,0.026862052470540073,371.9001
US.AVGO,Broadcom,2026-08-27 19:25:00,372.0,371.6001,372.0,371.6,0.0,0.0,1729.0,642550.786,-0.10750000000000062,372.0
US.AVGO,Broadcom,2026-08-27 19:30:00,371.6001,371.6,371.68,371.6,0.0,0.0,1434.0,533092.133,-2.6910649371433956e-05,371.6001
US.AVGO,Broadcom,2026-08-27 19:35:00,371.6,371.475,371.6,371.2492,0.0,0.0,968.0,359887.618,-0.03363832077502691,371.6
US.AVGO,Broadcom,2026-08-27 19:40:00,371.48,371.36,371.5,371.36,0.0,0.0,810.0,300978.838,-0.030957668752946792,371.475
US.AVGO,Broadcom,2026-08-27 19:45:00,371.2,371.365,371.3659,371.0,0.0,0.0,2843.0,1055200.761,0.001346402412751899,371.36
US.AVGO,Broadcom,2026-08-27 19:50:00,371.365,370.6232,371.365,370.4,0.0,0.0,3361.0,1246906.442,-0.19974957252299275,371.365
US.AVGO,Broadcom,2026-08-27 19:55:00,370.7,370.9918,370.9918,370.7,0.0,0.0,2208.0,818867.242,0.09945410864727706,370.6232
US.AVGO,Broadcom,2026-08-27 20:00:00,370.93,371.0,371.0,370.7366,0.0,0.0,2166.0,803456.723,0.002210291440400568,370.9918
US.AVGO,Broadcom,2026-08-28 04:05:00,371.54,370.6,371.9,370.5,0.0,0.0,63304.0,23539610.981,-0.10781671159029037,371.0
US.AVGO,Broadcom,2026-08-28 04:10:00,370.6,370.3,370.6,369.6901,0.0,0.0,4577.0,1694961.758,-0.08094981111711046,370.6
US.AVGO,Broadcom,2026-08-28 04:15:00,370.3,369.7,370.3,369.7,0.0,0.0,2407.0,890994.19,-0.16203078584931752,370.3
US.AVGO,Broadcom,2026-08-28 04:20:00,369.7,369.62,369.9,369.55,0.0,0.0,1052.0,389191.693,-0.021639166892070353,369.7
US.AVGO,Broadcom,2026-08-28 04:25:00,369.62,369.89,369.89,369.62,0.0,0.0,1413.0,522818.873,0.07304799523834798,369.62
US.AVGO,Broadcom,2026-08-28 04:30:00,369.89,370.5,370.5,369.89,0.0,0.0,1510.0,559386.96,0.16491389331963927,369.89
US.AVGO,Broadcom,2026-08-28 04:35:00,370.5,371.0,371.0,370.402,0.0,0.0,1495.0,554611.343,0.1349527665317139,370.5
US.AVGO,Broadcom,2026-08-28 04:40:00,371.0,371.0,371.3,371.0,0.0,0.0,1233.0,457854.08,0.0,371.0
US.AVGO,Broadcom,2026-08-28 04:45:00,371.0,370.5,371.0,370.5,0.0,0.0,873.0,323876.824,-0.13477088948787064,371.0
US.AVGO,Broadcom,2026-08-28 04:50:00,370.5,370.75,370.8781,370.5,0.0,0.0,881.0,326645.06,0.06747638326585695,370.5
US.AVGO,Broadcom,2026-08-28 04:55:00,370.6,370.59,370.6,370.44,0.0,0.0,759.0,281587.364,-0.043155765340532705,370.75
US.AVGO,Broadcom,2026-08-28 05:00:00,370.59,371.0,371.0,370.5,0.0,0.0,345.0,128119.198,0.1106343938044807,370.59
US.AVGO,Broadcom,2026-08-28 05:05:00,371.0,370.74,371.0,370.51,0.0,0.0,550.0,204052.157,-0.07008086253369028,371.0
US.AVGO,Broadcom,2026-08-28 05:10:00,370.9,370.6,370.9,370.5,0.0,0.0,1401.0,519354.245,-0.037762313211411325,370.74
US.AVGO,Broadcom,2026-08-28 05:15:00,370.6,370.7,370.8,370.6,0.0,0.0,413.0,153248.312,0.026983270372359928,370.6
US.AVGO,Broadcom,2026-08-28 05:20:00,370.7,370.466,370.7,370.2,0.0,0.0,480.0,177793.606,-0.06312381980037239,370.7
US.AVGO,Broadcom,2026-08-28 05:25:00,370.466,370.63,370.63,370.2,0.0,0.0,1502.0,556349.403,0.04426856985525993,370.466
US.AVGO,Broadcom,2026-08-28 05:30:00,370.63,370.74,370.74,370.4,0.0,0.0,1302.0,482634.567,0.029679194884389724,370.63
US.AVGO,Broadcom,2026-08-28 05:35:00,370.74,370.66,370.74,370.66,0.0,0.0,818.0,303227.393,-0.021578464692232853,370.74
US.AVGO,Broadcom,2026-08-28 05:40:00,370.66,370.66,370.66,370.66,0.0,0.0,558.0,207069.806,0.0,370.66
US.AVGO,Broadcom,2026-08-28 05:45:00,370.66,370.8,370.8,370.66,0.0,0.0,422.0,156505.383,0.03777046349754124,370.66
US.AVGO,Broadcom,2026-08-28 05:50:00,370.8,370.8,370.9818,370.8,0.0,0.0,1139.0,422662.26,0.0,370.8
US.AVGO,Broadcom,2026-08-28 05:55:00,370.8,371.28,371.28,370.8,0.0,0.0,834.0,309544.499,0.12944983818769185,370.8
US.AVGO,Broadcom,2026-08-28 06:00:00,371.28,371.28,371.28,371.28,0.0,0.0,289.0,107312.01,0.0,371.28
US.AVGO,Broadcom,2026-08-28 06:05:00,371.28,370.79,371.28,370.79,0.0,0.0,914.0,338987.562,-0.13197586726997207,371.28
US.AVGO,Broadcom,2026-08-28 06:10:00,370.79,371.0,371.0,370.79,0.0,0.0,1719.0,637817.504,0.05663583160278852,370.79
US.AVGO,Broadcom,2026-08-28 06:15:00,371.0,370.99,371.0,370.98,0.0,0.0,1377.0,511216.714,-0.002695417789754961,371.0
US.AVGO,Broadcom,2026-08-28 06:20:00,370.99,370.99,370.99,370.99,0.0,0.0,163.0,60495.105,0.0,370.99
US.AVGO,Broadcom,2026-08-28 06:25:00,370.99,371.26,371.48,370.99,0.0,0.0,1373.0,509834.661,0.0727782420011272,370.99
US.AVGO,Broadcom,2026-08-28 06:30:00,371.26,371.1716,371.26,371.1716,0.0,0.0,379.0,140741.754,-0.023810806442918366,371.26
US.AVGO,Broadcom,2026-08-28 06:35:00,371.1716,371.29,371.29,371.1716,0.0,0.0,382.0,142109.287,0.03189899227204029,371.1716
US.AVGO,Broadcom,2026-08-28 06:40:00,371.29,371.5,371.5,371.27,0.0,0.0,913.0,339314.835,0.05655956260604367,371.29
US.AVGO,Broadcom,2026-08-28 06:45:00,371.63,371.95,372.06,371.63,0.0,0.0,1800.0,669501.072,0.12113055181695521,371.5
US.AVGO,Broadcom,2026-08-28 06:50:00,371.95,372.02,372.29,371.95,0.0,0.0,599.0,222966.155,0.01881973383519107,371.95
US.AVGO,Broadcom,2026-08-28 06:55:00,372.02,372.4148,372.5,372.02,0.0,0.0,885.0,329654.012,0.10612332670287404,372.02
US.AVGO,Broadcom,2026-08-28 07:00:00,372.4148,372.69,372.76,372.41,0.0,0.0,2472.0,921335.12,0.07389609650314216,372.4148
US.AVGO,Broadcom,2026-08-28 07:05:00,372.69,372.65,373.08,372.4896,0.0,0.0,7051.0,2629078.338,-0.010732780595138176,372.69
US.AVGO,Broadcom,2026-08-28 07:10:00,372.65,372.6374,373.0064,372.6374,0.0,0.0,2077.0,774388.374,-0.0033811887830306,372.65
US.AVGO,Broadcom,2026-08-28 07:15:00,372.6374,372.0,372.6374,372.0,0.0,0.0,4362.0,1622900.991,-0.17105100024850262,372.6374
US.AVGO,Broadcom,2026-08-28 07:20:00,372.0,372.24,372.24,372.0,0.0,0.0,2427.0,903337.268,0.06451612903226052,372.0
US.AVGO,Broadcom,2026-08-28 07:25:00,372.24,372.448,372.448,372.02,0.0,0.0,1420.0,529083.393,0.05587792821834568,372.24
US.AVGO,Broadcom,2026-08-28 07:30:00,372.448,372.45,372.45,372.23,0.0,0.0,2786.0,1037560.584,0.0005369877137236741,372.448
US.AVGO,Broadcom,2026-08-28 07:35:00,372.45,372.41,372.98,372.41,0.0,0.0,2799.0,1042788.29,-0.010739696603561182,372.45
US.AVGO,Broadcom,2026-08-28 07:40:00,372.41,372.14,372.69,372.0364,0.0,0.0,3348.0,1246413.611,-0.07250073843345738,372.41
US.AVGO,Broadcom,2026-08-28 07:45:00,372.14,372.06,372.69,372.0,0.0,0.0,3020.0,1124017.204,-0.021497285967642308,372.14
US.AVGO,Broadcom,2026-08-28 07:50:00,372.06,372.0,372.316,372.0,0.0,0.0,3800.0,1414016.193,-0.016126431220771453,372.06
US.AVGO,Broadcom,2026-08-28 07:55:00,372.0,372.0,372.2,372.0,0.0,0.0,2572.0,956964.269,0.0,372.0
US.AVGO,Broadcom,2026-08-28 08:00:00,372.0,372.1334,372.14,372.0,0.0,0.0,4792.0,1783026.833,0.035860215053761996,372.0
US.AVGO,Broadcom,2026-08-28 08:05:00,372.1334,372.39,372.39,372.0,0.0,0.0,8285.0,3082969.355,0.0689537676542852,372.1334
US.AVGO,Broadcom,2026-08-28 08:10:00,372.39,372.76,372.8,372.23,0.0,0.0,3304.0,1231700.578,0.09935819973683627,372.39
US.AVGO,Broadcom,2026-08-28 08:15:00,372.76,372.32,372.8,372.07,0.0,0.0,3185.0,1186453.289,-0.11803841613907012,372.76
US.AVGO,Broadcom,2026-08-28 08:20:00,372.32,372.84,372.85,372.22,0.0,0.0,1771.0,660277.62,0.13966480446926888,372.32
US.AVGO,Broadcom,2026-08-28 08:25:00,372.84,372.93,372.96,372.5518,0.0,0.0,4198.0,1565219.385,0.024139040875451087,372.84
US.AVGO,Broadcom,2026-08-28 08:30:00,372.93,373.158,373.158,372.85,0.0,0.0,4563.0,1702063.774,0.06113747888343889,372.93
US.AVGO,Broadcom,2026-08-28 08:35:00,373.158,372.34,373.158,372.12,0.0,0.0,5193.0,1934840.183,-0.21921009331169117,373.158
US.AVGO,Broadcom,2026-08-28 08:40:00,372.34,372.3773,372.3773,372.0,0.0,0.0,1635.0,608622.963,0.010017725734548021,372.34
US.AVGO,Broadcom,2026-08-28 08:45:00,372.0853,373.0285,373.0285,372.0853,0.0,0.0,3031.0,1130122.633,0.1748763955267996,372.3773
US.AVGO,Broadcom,2026-08-28 08:50:00,373.0285,373.4,373.4,372.9,0.0,0.0,5667.0,2114426.472,0.0995902457855014,373.0285
US.AVGO,Broadcom,2026-08-28 08:55:00,373.4,374.21,374.4,373.38,0.0,0.0,11066.0,4137144.749,0.21692554900910613,373.4
US.AVGO,Broadcom,2026-08-28 09:00:00,374.21,375.01,375.07,374.1,0.0,0.0,13640.0,5112018.309,0.21378370433713995,374.21
US.AVGO,Broadcom,2026-08-28 09:05:00,375.01,375.86,376.5,374.66,0.0,0.0,44033.0,16545833.612,0.2266606223834092,375.01
US.AVGO,Broadcom,2026-08-28 09:10:00,375.86,375.06,376.0,375.0,0.0,0.0,15279.0,5735444.251,-0.21284520832225065,375.86
US.AVGO,Broadcom,2026-08-28 09:15:00,375.06,375.5913,375.67,375.0,0.0,0.0,15214.0,5706440.385,0.14165733482642442,375.06
US.AVGO,Broadcom,2026-08-28 09:20:00,375.5913,375.2382,375.5913,374.97,0.0,0.0,11967.0,4488425.092,-0.09401176225327465,375.5913
US.AVGO,Broadcom,2026-08-28 09:25:00,375.2382,375.16,375.5,374.4,0.0,0.0,22210.0,8329797.022,-0.020840095704536793,375.2382
US.AVGO,Broadcom,2026-08-28 09:30:00,375.16,373.67,376.0,373.01,0.0,0.0,54689.0,20470107.838,-0.3971638767459241,375.16
US.AVGO,Broadcom,2026-08-28 09:35:00,373.6,376.1999,376.5345,372.31,0.0,0.0,957860.0,358317034.742,0.6770412395964347,373.67
US.AVGO,Broadcom,2026-08-28 09:40:00,376.0,375.495,376.32,373.3001,0.0,0.0,254946.0,95641535.711,-0.18737378718070077,376.1999
US.AVGO,Broadcom,2026-08-28 09:45:00,375.495,375.13,376.59,374.83,0.0,0.0,280560.0,105404187.973,-0.09720502270336731,375.495
US.AVGO,Broadcom,2026-08-28 09:50:00,375.18,373.7082,375.39,373.57,0.0,0.0,260057.0,97379157.744,-0.37901527470477403,375.13
US.AVGO,Broadcom,2026-08-28 09:55:00,373.735,374.1,375.23,373.61,0.0,0.0,171595.0,64224161.545,0.10484115681701556,373.7082
US.AVGO,Broadcom,2026-08-28 10:00:00,374.11,373.37,374.73,373.04,0.0,0.0,158441.0,59280171.157,-0.19513499064421763,374.1
US.AVGO,Broadcom,2026-08-28 10:05:00,373.39,372.88,374.4,372.17,0.0,0.0,207879.0,77585476.461,-0.13123711064092164,373.37
US.AVGO,Broadcom,2026-08-28 10:10:00,372.74,371.49,372.8199,371.04,0.0,0.0,266753.0,99179509.514,-0.3727740828148429,372.88
US.AVGO,Broadcom,2026-08-28 10:15:00,371.54,370.86,371.8699,370.1901,0.0,0.0,174908.0,64904571.66,-0.16958733747880034,371.49
US.AVGO,Broadcom,2026-08-28 10:20:00,370.86,372.3,372.52,370.62,0.0,0.0,173792.0,64577607.302,0.38828668500242614,370.86
US.AVGO,Broadcom,2026-08-28 10:25:00,372.39,372.6101,373.56,372.1,0.0,0.0,175074.0,65288436.253,0.083293043244689,372.3
US.AVGO,Broadcom,2026-08-28 10:30:00,372.73,372.125,372.9699,371.8,0.0,0.0,119369.0,44430932.352,-0.1301897076863962,372.6101
US.AVGO,Broadcom,2026-08-28 10:35:00,372.17,372.6899,372.7295,371.54,0.0,0.0,132208.0,49190635.112,0.15180382935842063,372.125
US.AVGO,Broadcom,2026-08-28 10:40:00,372.56,372.53,373.27,372.34,0.0,0.0,204824.0,76340170.09,-0.042904301941117835,372.6899
US.AVGO,Broadcom,2026-08-28 10:45:00,372.5,372.49,373.22,372.4,0.0,0.0,190162.0,70889947.27,-0.01073739027728334,372.53
US.AVGO,Broadcom,2026-08-28 10:50:00,372.465,372.045,372.9646,371.57,0.0,0.0,176688.0,65774750.045,-0.11946629439716319,372.49
US.AVGO,Broadcom,2026-08-28 10:55:00,371.93,372.98,373.18,371.76,0.0,0.0,201644.0,75149130.909,0.2513136851724932,372.045
US.AVGO,Broadcom,2026-08-28 11:00:00,372.91,372.81,373.648,372.73,0.0,0.0,215127.0,80285377.37,-0.04557885141294866,372.98
US.AVGO,Broadcom,2026-08-28 11:05:00,372.85,373.18,373.7742,372.71,0.0,0.0,156241.0,58311831.902,0.0992462648534118,372.81
US.AVGO,Broadcom,2026-08-28 11:10:00,373.21,372.07,373.34,371.9412,0.0,0.0,176669.0,65834476.627,-0.29744359290423217,373.18
US.AVGO,Broadcom,2026-08-28 11:15:00,372.0,372.14,372.58,371.76,0.0,0.0,157380.0,58566221.774,0.018813664095464075,372.07
US.AVGO,Broadcom,2026-08-28 11:20:00,372.18,372.4,372.8,371.99,0.0,0.0,105639.0,39329195.7,0.06986617939484896,372.14
US.AVGO,Broadcom,2026-08-28 11:25:00,372.39,373.39,373.67,372.19,0.0,0.0,100023.0,37295478.254,0.26584317937701646,372.4
US.AVGO,Broadcom,2026-08-28 11:30:00,373.425,373.345,373.9598,373.0301,0.0,0.0,136856.0,51112462.772,-0.012051742146270408,373.39
US.AVGO,Broadcom,2026-08-28 11:35:00,373.31,373.545,374.09,373.172,0.0,0.0,109243.0,40811618.488,0.05356975451659688,373.345
US.AVGO,Broadcom,2026-08-28 11:40:00,373.535,371.735,373.64,371.71,0.0,0.0,100570.0,37494362.457,-0.48454670789329324,373.545
US.AVGO,Broadcom,2026-08-28 11:45:00,371.71,371.29,371.83,370.92,0.0,0.0,130460.0,48458842.393,-0.11970893243842876,371.735
US.AVGO,Broadcom,2026-08-28 11:50:00,371.3,370.11,371.38,369.864,0.0,0.0,177666.0,65827296.032,-0.3178108755958972,371.29
US.AVGO,Broadcom,2026-08-28 11:55:00,370.11,369.4699,370.3,368.94,0.0,0.0,126352.0,46683628.764,-0.1729485828537511,370.11
US.AVGO,Broadcom,2026-08-28 12:00:00,369.33,367.28,369.375,367.1917,0.0,0.0,214461.0,78916662.156,-0.5927140478832031,369.4699
US.AVGO,Broadcom,2026-08-28 12:05:00,367.38,366.265,367.505,366.03,0.0,0.0,256228.0,93924130.926,-0.2763559137442786,367.28
US.AVGO,Broadcom,2026-08-28 12:10:00,366.2,368.035,368.1999,366.1497,0.0,0.0,229666.0,84330841.362,0.48325665843038207,366.265
US.AVGO,Broadcom,2026-08-28 12:15:00,367.96,367.1999,368.05,366.84,0.0,0.0,131864.0,48462476.26,-0.2269077669243445,368.035
US.AVGO,Broadcom,2026-08-28 12:20:00,367.035,366.65,367.13,366.0401,0.0,0.0,166361.0,60986450.729,-0.14975494274373072,367.1999
US.AVGO,Broadcom,2026-08-28 12:25:00,366.46,366.325,366.76,365.7101,0.0,0.0,146926.0,53784239.653,-0.08864039274512168,366.65
US.AVGO,Broadcom,2026-08-28 12:30:00,366.379,366.3,366.75,366.12,0.0,0.0,90234.0,33064753.075,-0.006824541049608206,366.325
US.AVGO,Broadcom,2026-08-28 12:35:00,366.22,365.76,366.84,365.74,0.0,0.0,137131.0,50224767.617,-0.14742014742015302,366.3
US.AVGO,Broadcom,2026-08-28 12:40:00,365.72,366.2986,366.49,365.64,0.0,0.0,95897.0,35103150.191,0.14725503062118078,365.76
US.AVGO,Broadcom,2026-08-28 12:45:00,366.26,366.0,366.3818,365.54,0.0,0.0,68684.0,25137845.809,-0.08151819308073296,366.2986
US.AVGO,Broadcom,2026-08-28 12:50:00,366.05,367.14,367.26,365.97,0.0,0.0,142613.0,52313778.559,0.31147540983606187,366.0
US.AVGO,Broadcom,2026-08-28 12:55:00,367.11,366.735,367.75,366.65,0.0,0.0,75601.0,27764725.495,-0.11031214250693815,367.14
US.AVGO,Broadcom,2026-08-28 13:00:00,366.735,366.615,367.04,366.45,0.0,0.0,48904.0,17937698.85,-0.03272117469017262,366.735
US.AVGO,Broadcom,2026-08-28 13:05:00,366.53,366.0,366.6,365.67,0.0,0.0,94339.0,34526357.761,-0.16775091035555256,366.615
US.AVGO,Broadcom,2026-08-28 13:10:00,365.995,365.89,366.139,365.3513,0.0,0.0,80656.0,29498905.662,-0.030054644808746898,366.0
US.AVGO,Broadcom,2026-08-28 13:15:00,365.83,366.48,366.49,365.69,0.0,0.0,50121.0,18349849.672,0.16125064910219788,365.89
US.AVGO,Broadcom,2026-08-28 13:20:00,366.43,366.555,366.8299,366.25,0.0,0.0,67905.0,24889385.399,0.020464963981660287,366.48
US.AVGO,Broadcom,2026-08-28 13:25:00,366.48,366.64,366.7,365.76,0.0,0.0,63673.0,23320333.607,0.023188880249888702,366.555
US.AVGO,Broadcom,2026-08-28 13:30:00,366.675,366.365,366.95,366.29,0.0,0.0,47198.0,17304857.563,-0.07500545494217142,366.64
US.AVGO,Broadcom,2026-08-28 13:35:00,366.37,366.9326,367.23,366.29,0.0,0.0,49570.0,18182094.052,0.15492746304913688,366.365
US.AVGO,Broadcom,2026-08-28 13:40:00,366.87,366.96,367.42,366.86,0.0,0.0,84030.0,30854715.41,0.007467311435397153,366.9326
US.AVGO,Broadcom,2026-08-28 13:45:00,366.9601,367.26,367.45,366.89,0.0,0.0,70206.0,25783992.536,0.08175277959450931,366.96
US.AVGO,Broadcom,2026-08-28 13:50:00,367.265,368.4,368.58,367.1,0.0,0.0,75733.0,27863641.58,0.31040679627511475,367.26
US.AVGO,Broadcom,2026-08-28 13:55:00,368.385,368.52,368.6159,368.15,0.0,0.0,88906.0,32737304.97,0.032573289902281366,368.4
US.AVGO,Broadcom,2026-08-28 14:00:00,368.52,368.21,368.53,368.08,0.0,0.0,81912.0,30166422.137,-0.08412026484315703,368.52
US.AVGO,Broadcom,2026-08-28 14:05:00,368.26,367.7504,368.29,367.71,0.0,0.0,91324.0,33602325.466,-0.12482007550038464,368.21
US.AVGO,Broadcom,2026-08-28 14:10:00,367.78,368.135,368.3,367.76,0.0,0.0,93431.0,34390836.694,0.10458180331006509,367.7504
US.AVGO,Broadcom,2026-08-28 14:15:00,368.13,368.075,368.5,368.0,0.0,0.0,104357.0,38428053.803,-0.016298368804922726,368.135
US.AVGO,Broadcom,2026-08-28 14:20:00,368.01,368.67,368.82,368.01,0.0,0.0,64758.0,23859754.668,0.16165183726143512,368.075
US.AVGO,Broadcom,2026-08-28 14:25:00,368.65,368.605,368.97,368.35,0.0,0.0,61070.0,22513919.753,-0.01763094366235325,368.67
US.AVGO,Broadcom,2026-08-28 14:30:00,368.56,368.72,368.96,368.4,0.0,0.0,63444.0,23391547.313,0.03119870864475769,368.605
US.AVGO,Broadcom,2026-08-28 14:35:00,368.66,368.745,368.81,368.15,0.0,0.0,119661.0,44097988.85,0.00678021262746183,368.72
US.AVGO,Broadcom,2026-08-28 14:40:00,368.72,368.33,368.9599,368.33,0.0,0.0,65985.0,24326525.589,-0.11254389890032962,368.745
US.AVGO,Broadcom,2026-08-28 14:45:00,368.33,368.39,368.78,368.21,0.0,0.0,92066.0,33927896.258,0.01628974017864477,368.33
US.AVGO,Broadcom,2026-08-28 14:50:00,368.36,367.4978,368.5,367.47,0.0,0.0,96530.0,35516914.235,-0.24218898450012288,368.39
US.AVGO,Broadcom,2026-08-28 14:55:00,367.47,367.1106,367.58,366.9,0.0,0.0,146932.0,53960531.579,-0.10536117495125336,367.4978
US.AVGO,Broadcom,2026-08-28 15:00:00,367.12,367.13,367.26,366.77,0.0,0.0,116305.0,42685445.362,0.005284510989336385,367.1106
US.AVGO,Broadcom,2026-08-28 15:05:00,367.12,367.14,367.94,367.03,0.0,0.0,104241.0,38308029.074,0.002723830795628498,367.13
US.AVGO,Broadcom,2026-08-28 15:10:00,367.1,367.56,367.66,366.55,0.0,0.0,128625.0,47230704.267,0.11439777741461457,367.14
US.AVGO,Broadcom,2026-08-28 15:15:00,367.59,367.58,367.75,367.08,0.0,0.0,98019.0,36007774.367,0.005441288497111169,367.56
US.AVGO,Broadcom,2026-08-28 15:20:00,367.52,367.87,367.9724,367.325,0.0,0.0,83509.0,30699297.959,0.07889439033680301,367.58
US.AVGO,Broadcom,2026-08-28 15:25:00,367.81,368.1,368.2,367.76,0.0,0.0,109457.0,40281274.882,0.06252208660668665,367.87
US.AVGO,Broadcom,2026-08-28 15:30:00,368.05,368.788501,368.88,367.91,0.0,0.0,122697.0,45202036.802,0.18704183645747724,368.1
US.AVGO,Broadcom,2026-08-28 15:35:00,368.75,368.73,369.185,368.475,0.0,0.0,119418.0,44048696.189,-0.0158630217160644,368.788501
US.AVGO,Broadcom,2026-08-28 15:40:00,368.72,368.64,368.72,368.05,0.0,0.0,123386.0,45451287.129,-0.02440810349036743,368.73
US.AVGO,Broadcom,2026-08-28 15:45:00,368.625,368.58,368.83,368.2901,0.0,0.0,122145.0,45021144.868,-0.016276041666667285,368.64
US.AVGO,Broadcom,2026-08-28 15:50:00,368.58,368.62,369.01,368.19,0.0,0.0,188653.0,69533164.91,0.010852460795490928,368.58
US.AVGO,Broadcom,2026-08-28 15:55:00,368.68,368.74,370.0,368.08,0.0,0.0,308061.0,113539704.776,0.03255384949270374,368.62
US.AVGO,Broadcom,2026-08-28 16:00:00,368.74,368.79,369.6,368.4,0.0,0.0,4017430.0,1481659914.597,0.013559689754301505,368.74
US.AVGO,Broadcom,2026-08-28 16:05:00,368.79,368.5,369.07,368.25,0.0,0.0,378242.0,139488561.602,-0.07863553783996867,368.79
US.AVGO,Broadcom,2026-08-28 16:10:00,368.5,367.977,368.78,367.8,0.0,0.0,69873.0,25763955.764,-0.14192672998643815,368.5
US.AVGO,Broadcom,2026-08-28 16:15:00,367.977,367.8945,368.0,367.8563,0.0,0.0,6605.0,2430635.58,-0.022419879503333583,367.977
US.AVGO,Broadcom,2026-08-28 16:20:00,367.8945,367.95,368.0,367.8501,0.0,0.0,1988.0,731711.494,0.015085846621788312,367.8945
US.AVGO,Broadcom,2026-08-28 16:25:00,367.95,367.86,367.9867,367.75,0.0,0.0,5637.0,2077628.808,-0.024459845087640982,367.95
US.AVGO,Broadcom,2026-08-28 16:30:00,367.86,368.0,368.0,367.51,0.0,0.0,4706.0,1731227.061,0.038057956831399536,367.86
US.AVGO,Broadcom,2026-08-28 16:35:00,368.0,367.99,368.0,367.76,0.0,0.0,4037.0,1485553.153,-0.0027173913043453545,368.0
US.AVGO,Broadcom,2026-08-28 16:40:00,367.99,368.0,368.0,367.77,0.0,0.0,9641.0,3554155.677,0.002717465148506999,367.99
US.AVGO,Broadcom,2026-08-28 16:45:00,368.0,368.0,368.0,367.9757,0.0,0.0,18460.0,6793374.563,0.0,368.0
US.AVGO,Broadcom,2026-08-28 16:50:00,368.0,368.0,368.0,367.8628,0.0,0.0,4743.0,1745512.028,0.0,368.0
US.AVGO,Broadcom,2026-08-28 16:55:00,368.0,368.0,368.0,367.8989,0.0,0.0,500808.0,184686966.699,0.0,368.0
US.AVGO,Broadcom,2026-08-28 17:00:00,368.0,367.99,368.0,367.8013,0.0,0.0,5372.0,1976146.699,-0.0027173913043453545,368.0
US.AVGO,Broadcom,2026-08-28 17:05:00,367.99,368.4,368.5,367.9,0.0,0.0,9419.0,3466478.895,0.11141607108887963,367.99
US.AVGO,Broadcom,2026-08-28 17:10:00,368.4535,368.56,368.74,368.4535,0.0,0.0,789.0,290835.188,0.043431053203046965,368.4
US.AVGO,Broadcom,2026-08-28 17:15:00,368.56,368.69,368.78,368.4925,0.0,0.0,625.0,230605.644,0.03527241154764365,368.56
US.AVGO,Broadcom,2026-08-28 17:20:00,368.69,368.4,368.74,368.4,0.0,0.0,1282.0,472608.545,-0.07865686620196384,368.69
US.AVGO,Broadcom,2026-08-28 17:25:00,368.4,368.36,368.4,368.09,0.0,0.0,563.0,207489.94,-0.010857763300750169,368.4
US.AVGO,Broadcom,2026-08-28 17:30:00,368.36,368.38,368.38,368.3,0.0,0.0,850.0,313359.829,0.005429471169503151,368.36
US.AVGO,Broadcom,2026-08-28 17:35:00,368.38,368.578,368.7,368.21,0.0,0.0,1983.0,730985.511,0.0537488463000106,368.38
US.AVGO,Broadcom,2026-08-28 17:40:00,368.578,368.7,368.7,368.09,0.0,0.0,1424.0,524800.126,0.03310018503546444,368.578
US.AVGO,Broadcom,2026-08-28 17:45:00,368.7,368.7,368.7,368.27,0.0,0.0,3166.0,1167090.574,0.0,368.7
US.AVGO,Broadcom,2026-08-28 17:50:00,368.7,368.8,368.8,368.7,0.0,0.0,1102.0,406455.142,0.027122321670741186,368.7
US.AVGO,Broadcom,2026-08-28 17:55:00,368.79,368.92,368.92,368.78,0.0,0.0,65324.0,24091143.123,0.03253796095444809,368.8
US.AVGO,Broadcom,2026-08-28 18:00:00,368.92,368.95,369.0,368.9,0.0,0.0,1008.0,372168.296,0.008131844302280363,368.92
US.AVGO,Broadcom,2026-08-28 18:05:00,368.95,368.7231,368.9827,368.7231,0.0,0.0,1919.0,708099.261,-0.06149884808239614,368.95
US.AVGO,Broadcom,2026-08-28 18:10:00,368.7231,368.8,368.9035,368.7063,0.0,0.0,1248.0,460569.69,0.02085575869806456,368.7231
US.AVGO,Broadcom,2026-08-28 18:15:00,368.8,368.8838,368.95,368.8,0.0,0.0,487.0,179750.24,0.02272234273318778,368.8
US.AVGO,Broadcom,2026-08-28 18:20:00,368.8838,368.8789,368.8838,368.8139,0.0,0.0,1043.0,384793.785,-0.0013283315775917928,368.8838
US.AVGO,Broadcom,2026-08-28 18:25:00,368.8789,368.64,368.8789,368.64,0.0,0.0,575.0,212098.421,-0.06476380188728632,368.8789
US.AVGO,Broadcom,2026-08-28 18:30:00,368.64,368.7721,368.8,368.62,0.0,0.0,624.0,230375.894,0.03583441840278775,368.64
US.AVGO,Broadcom,2026-08-28 18:35:00,368.7721,368.65,368.7721,368.62,0.0,0.0,1167.0,430247.598,-0.03310988005872619,368.7721
US.AVGO,Broadcom,2026-08-28 18:40:00,368.65,368.7,368.7,368.65,0.0,0.0,606.0,223564.834,0.013563000135633087,368.65
US.AVGO,Broadcom,2026-08-28 18:45:00,368.7,368.8,368.8,368.7,0.0,0.0,867.0,320043.168,0.027122321670741186,368.7
US.AVGO,Broadcom,2026-08-28 18:50:00,368.8,368.8592,368.8759,368.8,0.0,0.0,608.0,224522.791,0.01605206073752053,368.8
US.AVGO,Broadcom,2026-08-28 18:55:00,368.8592,369.15,369.2,368.8592,0.0,0.0,1279.0,472237.616,0.07883767030888485,368.8592
US.AVGO,Broadcom,2026-08-28 19:00:00,369.15,369.1225,369.15,368.73,0.0,0.0,1324.0,488516.594,-0.007449546254903153,369.15
US.AVGO,Broadcom,2026-08-28 19:05:00,369.12,368.8687,369.12,368.73,0.0,0.0,1746.0,644262.951,-0.06875766175186082,369.1225
US.AVGO,Broadcom,2026-08-28 19:10:00,368.91,368.95,368.95,368.71,0.0,0.0,845.0,311788.166,0.022040362871666483,368.8687
US.AVGO,Broadcom,2026-08-28 19:15:00,368.95,369.162,369.162,368.95,0.0,0.0,813.0,300060.579,0.057460360482447244,368.95
US.AVGO,Broadcom,2026-08-28 19:20:00,369.162,369.15,369.162,369.0,0.0,0.0,724.0,267544.399,-0.003250605425260578,369.162
US.AVGO,Broadcom,2026-08-28 19:25:00,369.15,368.9813,369.15,368.9472,0.0,0.0,1644.0,606908.058,-0.04569958011648414,369.15
US.AVGO,Broadcom,2026-08-28 19:30:00,368.9813,369.0,369.01,368.91,0.0,0.0,1611.0,594676.338,0.005068007511498257,368.9813
US.AVGO,Broadcom,2026-08-28 19:35:00,369.0,369.13,369.13,369.0,0.0,0.0,525.0,193772.731,0.035230352303521804,369.0
US.AVGO,Broadcom,2026-08-28 19:40:00,369.13,369.19,369.19,369.13,0.0,0.0,516.0,190477.961,0.016254436106521355,369.13
US.AVGO,Broadcom,2026-08-28 19:45:00,369.19,369.15,369.33,369.15,0.0,0.0,729.0,269146.031,-0.010834529645987287,369.19
US.AVGO,Broadcom,2026-08-28 19:50:00,369.15,369.19,369.3571,369.15,0.0,0.0,1017.0,375722.375,0.010835703643510894,369.15
US.AVGO,Broadcom,2026-08-28 19:55:00,369.19,369.1,369.38,369.0,0.0,0.0,2520.0,930645.034,-0.02437769170345215,369.19
US.AVGO,Broadcom,2026-08-28 20:00:00,369.1,369.1202,369.28,369.05,0.0,0.0,2662.0,983108.727,0.005472771606607545,369.1
US.AVGO,Broadcom,2026-08-31 04:05:00,368.79,371.42,372.4,368.79,0.0,0.0,97831.0,36288639.018,0.6230490772382559,369.1202
US.AVGO,Broadcom,2026-08-31 04:10:00,371.54,371.5,371.6578,370.5384,0.0,0.0,8524.0,3164504.91,0.021538958591347822,371.42
US.AVGO,Broadcom,2026-08-31 04:15:00,371.4564,371.2,372.0,371.2,0.0,0.0,2256.0,838503.965,-0.08075370121130858,371.5
US.AVGO,Broadcom,2026-08-31 04:20:00,371.2,371.1648,371.6,371.1648,0.0,0.0,2409.0,894269.075,-0.009482758620682869,371.2
US.AVGO,Broadcom,2026-08-31 04:25:00,371.23,371.3,371.3,370.98,0.0,0.0,2663.0,988602.118,0.03642586797023789,371.1648
US.AVGO,Broadcom,2026-08-31 04:30:00,371.3,371.4226,371.4226,371.2265,0.0,0.0,1118.0,415371.71,0.03301912200376439,371.3
US.AVGO,Broadcom,2026-08-31 04:35:00,371.4226,371.22,371.4226,371.13,0.0,0.0,2223.0,825541.08,-0.05454703079456158,371.4226
US.AVGO,Broadcom,2026-08-31 04:40:00,371.22,370.91,371.22,370.89,0.0,0.0,1687.0,626123.939,-0.08350843165777766,371.22
US.AVGO,Broadcom,2026-08-31 04:45:00,370.91,370.51,370.91,370.51,0.0,0.0,1385.0,513581.458,-0.10784287293414416,370.91
US.AVGO,Broadcom,2026-08-31 04:50:00,370.51,370.51,370.75,370.51,0.0,0.0,672.0,249074.527,0.0,370.51
US.AVGO,Broadcom,2026-08-31 04:55:00,370.51,370.75,370.75,370.45,0.0,0.0,605.0,224520.285,0.0647755796064908,370.51
US.AVGO,Broadcom,2026-08-31 05:00:00,370.75,370.5237,370.7832,370.5,0.0,0.0,1175.0,435485.954,-0.06103843560350119,370.75
US.AVGO,Broadcom,2026-08-31 05:05:00,370.5237,370.0,370.7978,370.0,0.0,0.0,3442.0,1274526.452,-0.14134048645201894,370.5237
US.AVGO,Broadcom,2026-08-31 05:10:00,370.0,369.84,370.0,369.72,0.0,0.0,2629.0,972661.65,-0.043243243243250004,370.0
US.AVGO,Broadcom,2026-08-31 05:15:00,369.84,370.4,370.4,369.84,0.0,0.0,3386.0,1253108.065,0.15141682889898397,369.84
US.AVGO,Broadcom,2026-08-31 05:20:00,370.4,370.9,370.9,370.4,0.0,0.0,3117.0,1155429.469,0.1349892008639309,370.4
US.AVGO,Broadcom,2026-08-31 05:25:00,370.9,370.41,370.9,370.41,0.0,0.0,763.0,283023.903,-0.132111081153937,370.9
US.AVGO,Broadcom,2026-08-31 05:30:00,370.41,370.25,370.46,370.25,0.0,0.0,581.0,215552.767,-0.04319537809455064,370.41
US.AVGO,Broadcom,2026-08-31 05:35:00,370.25,370.18,370.3,370.14,0.0,0.0,1376.0,509614.697,-0.01890614449695967,370.25
US.AVGO,Broadcom,2026-08-31 05:40:00,370.18,369.65,370.18,369.65,0.0,0.0,2232.0,825937.873,-0.1431735912258981,370.18
US.AVGO,Broadcom,2026-08-31 05:45:00,369.65,370.0,370.0,369.65,0.0,0.0,931.0,344302.765,0.09468416069255316,369.65
US.AVGO,Broadcom,2026-08-31 05:50:00,370.0,369.12,370.0,369.12,0.0,0.0,5889.0,2176245.695,-0.2378378378378366,370.0
US.AVGO,Broadcom,2026-08-31 05:55:00,369.12,370.0,370.0,369.0624,0.0,0.0,2187.0,807872.564,0.23840485478976906,369.12
US.AVGO,Broadcom,2026-08-31 06:00:00,370.0,369.6,370.0,369.28,0.0,0.0,1846.0,682053.636,-0.10810810810810198,370.0
US.AVGO,Broadcom,2026-08-31 06:05:00,369.6,369.88,370.0,369.09,0.0,0.0,1863.0,688405.281,0.07575757575756838,369.6
US.AVGO,Broadcom,2026-08-31 06:10:00,369.88,369.3744,370.0,369.3,0.0,0.0,1631.0,602756.05,-0.13669298150752013,369.88
US.AVGO,Broadcom,2026-08-31 06:15:00,369.3744,369.77,369.85,369.3744,0.0,0.0,2303.0,851708.293,0.10710000476481363,369.3744
US.AVGO,Broadcom,2026-08-31 06:20:00,369.77,369.57,369.77,369.57,0.0,0.0,1815.0,671256.82,-0.0540876761229923,369.77
US.AVGO,Broadcom,2026-08-31 06:25:00,369.57,369.77,369.86,369.57,0.0,0.0,957.0,354057.321,0.05411694672186288,369.57
US.AVGO,Broadcom,2026-08-31 06:30:00,369.77,369.77,369.9,369.77,0.0,0.0,1000.0,369961.018,0.0,369.77
US.AVGO,Broadcom,2026-08-31 06:35:00,369.77,369.86,369.86,369.77,0.0,0.0,440.0,162724.161,0.02433945425535653,369.77
US.AVGO,Broadcom,2026-08-31 06:40:00,369.86,369.8,369.86,369.6,0.0,0.0,1086.0,401766.726,-0.016222354404369834,369.86
US.AVGO,Broadcom,2026-08-31 06:45:00,369.8,369.77,369.82,369.77,0.0,0.0,943.0,349080.319,-0.00811249323959696,369.8
US.AVGO,Broadcom,2026-08-31 06:50:00,369.77,369.99,370.0,369.6,0.0,0.0,1463.0,541223.433,0.059496443735302294,369.77
US.AVGO,Broadcom,2026-08-31 06:55:00,369.99,370.0,370.5,369.99,0.0,0.0,2633.0,974437.59,0.0027027757506935066,369.99
US.AVGO,Broadcom,2026-08-31 07:00:00,370.0,370.0355,370.26,369.941,0.0,0.0,1676.0,620600.995,0.009594594594598159,370.0
US.AVGO,Broadcom,2026-08-31 07:05:00,370.0355,369.89,370.48,369.5817,0.0,0.0,8300.0,3071400.885,-0.03932055167680583,370.0355
US.AVGO,Broadcom,2026-08-31 07:10:00,369.89,370.03,370.4076,369.6,0.0,0.0,4661.0,1725166.651,0.03784909027007661,369.89
US.AVGO,Broadcom,2026-08-31 07:15:00,370.03,369.5886,370.199,369.5886,0.0,0.0,6209.0,2296398.042,-0.11928762532767273,370.03
US.AVGO,Broadcom,2026-08-31 07:20:00,369.5886,369.91,369.91,369.4,0.0,0.0,2968.0,1097342.041,0.08696155671469295,369.5886
US.AVGO,Broadcom,2026-08-31 07:25:00,369.91,370.0,370.0,369.6357,0.0,0.0,4196.0,1552203.508,0.024330242491410067,369.91
US.AVGO,Broadcom,2026-08-31 07:30:00,370.0,370.13,370.13,369.7,0.0,0.0,2337.0,864684.148,0.0351351351351339,370.0
US.AVGO,Broadcom,2026-08-31 07:35:00,370.13,370.1,370.29,369.82,0.0,0.0,4831.0,1787970.717,-0.008105260313936378,370.13
US.AVGO,Broadcom,2026-08-31 07:40:00,370.09,369.58,370.09,369.45,0.0,0.0,9284.0,3433756.815,-0.1405025668738283,370.1
US.AVGO,Broadcom,2026-08-31 07:45:00,369.58,369.5697,369.98,369.49,0.0,0.0,3560.0,1316198.861,-0.00278694734562813,369.58
US.AVGO,Broadcom,2026-08-31 07:50:00,369.59,369.69,369.69,369.5,0.0,0.0,1975.0,729939.108,0.03255136987690985,369.5697
US.AVGO,Broadcom,2026-08-31 07:55:00,369.69,369.46,369.95,369.46,0.0,0.0,2545.0,940839.663,-0.06221428764641136,369.69
US.AVGO,Broadcom,2026-08-31 08:00:00,369.46,369.3,369.7186,369.3,0.0,0.0,3912.0,1445383.945,-0.04330644724732533,369.46
US.AVGO,Broadcom,2026-08-31 08:05:00,369.3,369.54,369.6,369.3,0.0,0.0,7971.0,2945598.885,0.06498781478473031,369.3
US.AVGO,Broadcom,2026-08-31 08:10:00,369.54,369.09,369.92,369.09,0.0,0.0,11848.0,4378380.684,-0.12177301509986617,369.54
US.AVGO,Broadcom,2026-08-31 08:15:00,369.09,369.3831,369.4,368.89,0.0,0.0,9515.0,3512675.839,0.07941152564416216,369.09
US.AVGO,Broadcom,2026-08-31 08:20:00,369.3831,370.08,370.19,369.3,0.0,0.0,8430.0,3115402.69,0.18866591351904594,369.3831
US.AVGO,Broadcom,2026-08-31 08:25:00,370.08,369.74,370.34,369.55,0.0,0.0,4001.0,1480530.026,-0.09187202766968629,370.08
US.AVGO,Broadcom,2026-08-31 08:30:00,369.74,369.5804,369.74,369.02,0.0,0.0,3279.0,1211544.714,-0.043165467625902454,369.74
US.AVGO,Broadcom,2026-08-31 08:35:00,369.5804,369.72,370.25,365.55,0.0,0.0,101437.0,37321358.026,0.037772565861184715,369.5804
US.AVGO,Broadcom,2026-08-31 08:40:00,369.72,366.2117,372.3,365.8,0.0,0.0,84237.0,31105845.481,-0.9489072811857674,369.72
US.AVGO,Broadcom,2026-08-31 08:45:00,366.2117,365.03,366.3,364.41,0.0,0.0,49290.0,18005960.206,-0.3226822081326279,366.2117
US.AVGO,Broadcom,2026-08-31 08:50:00,365.03,365.9,365.98,365.03,0.0,0.0,10714.0,3917227.243,0.2383365750760224,365.03
US.AVGO,Broadcom,2026-08-31 08:55:00,365.9,366.1,366.48,365.6,0.0,0.0,13135.0,4807438.847,0.054659743099219865,365.9
US.AVGO,Broadcom,2026-08-31 09:00:00,366.1,366.83,367.19,366.0,0.0,0.0,12291.0,4505520.338,0.19939907129198614,366.1
US.AVGO,Broadcom,2026-08-31 09:05:00,366.98,367.33,367.5,366.6,0.0,0.0,8265.0,3033306.371,0.13630291960853802,366.83
US.AVGO,Broadcom,2026-08-31 09:10:00,367.33,366.4,367.75,366.0,0.0,0.0,14272.0,5236264.819,-0.2531783410012814,367.33
US.AVGO,Broadcom,2026-08-31 09:15:00,366.4,366.99,366.99,366.05,0.0,0.0,15184.0,5565426.896,0.16102620087337113,366.4
US.AVGO,Broadcom,2026-08-31 09:20:00,366.99,367.4,367.9,366.8,0.0,0.0,8728.0,3205183.062,0.11171966538596914,366.99
US.AVGO,Broadcom,2026-08-31 09:25:00,367.4,367.93,367.93,367.0,0.0,0.0,10132.0,3726860.997,0.14425694066413436,367.4
US.AVGO,Broadcom,2026-08-31 09:30:00,367.93,369.54,372.3,367.77,0.0,0.0,43412.0,16078870.495,0.437583235941623,367.93
US.AVGO,Broadcom,2026-08-31 09:35:00,369.52,371.44,372.75,369.14,0.0,0.0,848594.0,314598633.222,0.514152730421599,369.54
US.AVGO,Broadcom,2026-08-31 09:40:00,371.33,366.89,371.5399,366.63,0.0,0.0,423433.0,155956064.67,-1.2249623088520383,371.44
US.AVGO,Broadcom,2026-08-31 09:45:00,366.89,366.78,367.96,366.3,0.0,0.0,271558.0,99659196.766,-0.029981738395708155,366.89
US.AVGO,Broadcom,2026-08-31 09:50:00,366.76,368.745,369.75,366.76,0.0,0.0,264997.0,97600200.546,0.5357434974644288,366.78
US.AVGO,Broadcom,2026-08-31 09:55:00,368.6001,369.32,369.39,368.01,0.0,0.0,127790.0,47117503.17,0.15593431775345798,368.745
US.AVGO,Broadcom,2026-08-31 10:00:00,369.4099,368.83,369.63,368.61,0.0,0.0,160886.0,59392068.868,-0.13267626990144293,369.32
US.AVGO,Broadcom,2026-08-31 10:05:00,368.765,369.02,369.39,368.703,0.0,0.0,124006.0,45758244.313,0.05151424775641833,368.83
US.AVGO,Broadcom,2026-08-31 10:10:00,368.97,368.5,369.0699,368.145,0.0,0.0,117953.0,43488441.409,-0.14091377161128985,369.02
US.AVGO,Broadcom,2026-08-31 10:15:00,368.5163,368.9,368.9,367.99,0.0,0.0,156021.0,57464262.949,0.10854816824965462,368.5
US.AVGO,Broadcom,2026-08-31 10:20:00,368.81,368.585,368.98,368.34,0.0,0.0,135265.0,49857554.017,-0.08538899430739977,368.9
US.AVGO,Broadcom,2026-08-31 10:25:00,368.6,368.255,369.1917,368.25,0.0,0.0,137642.0,50762925.071,-0.08953158701520249,368.585
US.AVGO,Broadcom,2026-08-31 10:30:00,368.2,367.875,368.35,367.53,0.0,0.0,141549.0,52084629.641,-0.10318936606427487,368.255
US.AVGO,Broadcom,2026-08-31 10:35:00,367.91,368.15,368.2478,367.53,0.0,0.0,114929.0,42287255.033,0.07475365273529794,367.875
US.AVGO,Broadcom,2026-08-31 10:40:00,368.2,368.125,368.55,367.93,0.0,0.0,133646.0,49211246.941,-0.006790710308292073,368.15
US.AVGO,Broadcom,2026-08-31 10:45:00,368.09,368.55,368.7405,368.03,0.0,0.0,100552.0,37038677.09,0.11544991511035962,368.125
US.AVGO,Broadcom,2026-08-31 10:50:00,368.53,367.93,368.68,367.83,0.0,0.0,100815.0,37133289.103,-0.1682268348935028,368.55
US.AVGO,Broadcom,2026-08-31 10:55:00,367.89,368.06,368.415,367.43,0.0,0.0,96287.0,35427034.173,0.035332807871061196,367.93
US.AVGO,Broadcom,2026-08-31 11:00:00,368.06,367.995,368.29,367.825,0.0,0.0,100718.0,37074392.778,-0.01766016410367813,368.06
US.AVGO,Broadcom,2026-08-31 11:05:00,367.985,367.8799,368.415,367.1,0.0,0.0,159133.0,58516946.102,-0.031277598880415224,367.995
US.AVGO,Broadcom,2026-08-31 11:10:00,367.7801,367.4849,368.375,367.435,0.0,0.0,112637.0,41444326.667,-0.10737199830706669,367.8799
US.AVGO,Broadcom,2026-08-31 11:15:00,367.48,367.09,367.74,366.86,0.0,0.0,132449.0,48648270.397,-0.1074601976843149,367.4849
US.AVGO,Broadcom,2026-08-31 11:20:00,367.09,367.54,367.55,366.9,0.0,0.0,98566.0,36189845.353,0.12258574191616375,367.09
US.AVGO,Broadcom,2026-08-31 11:25:00,367.54,368.17,368.35,367.27,0.0,0.0,125350.0,46122511.644,0.1714099145671207,367.54
US.AVGO,Broadcom,2026-08-31 11:30:00,368.215,368.205,368.49,367.87,0.0,0.0,101500.0,37373003.24,0.009506477985704476,368.17
US.AVGO,Broadcom,2026-08-31 11:35:00,368.21,368.105,368.39,367.85,0.0,0.0,119644.0,44043019.023,-0.027158783829650843,368.205
US.AVGO,Broadcom,2026-08-31 11:40:00,368.07,368.315,368.35,367.97,0.0,0.0,81678.0,30071187.932,0.05704893984052907,368.105
US.AVGO,Broadcom,2026-08-31 11:45:00,368.33,368.575,368.64,367.92,0.0,0.0,103344.0,38058468.104,0.07059174891057679,368.315
US.AVGO,Broadcom,2026-08-31 11:50:00,368.5564,368.28,368.85,368.19,0.0,0.0,100077.0,36880987.869,-0.08003798412806509,368.575
US.AVGO,Broadcom,2026-08-31 11:55:00,368.2801,368.51,368.78,368.26,0.0,0.0,125898.0,46383899.784,0.06245248180732547,368.28
US.AVGO,Broadcom,2026-08-31 12:00:00,368.51,368.39,368.87,368.26,0.0,0.0,132792.0,48954237.875,-0.03256356679601763,368.51
US.AVGO,Broadcom,2026-08-31 12:05:00,368.42,368.2,368.45,367.8006,0.0,0.0,87698.0,32281976.133,-0.051575775672520356,368.39
US.AVGO,Broadcom,2026-08-31 12:10:00,368.17,368.475,368.64,368.165,0.0,0.0,81584.0,30056378.744,0.07468766974471323,368.2
US.AVGO,Broadcom,2026-08-31 12:15:00,368.43,368.94,369.28,368.38,0.0,0.0,144279.0,53213961.962,0.12619580704253341,368.475
US.AVGO,Broadcom,2026-08-31 12:20:00,368.98,369.165,369.2,368.83,0.0,0.0,92519.0,34136394.082,0.060985526101811335,368.94
US.AVGO,Broadcom,2026-08-31 12:25:00,369.2,369.59,369.79,369.16,0.0,0.0,149460.0,55216270.513,0.11512467324907684,369.165
US.AVGO,Broadcom,2026-08-31 12:30:00,369.645,370.93,371.02,369.615,0.0,0.0,217361.0,80498397.428,0.3625639221840504,369.59
US.AVGO,Broadcom,2026-08-31 12:35:00,370.9,370.13,371.04,369.9382,0.0,0.0,149093.0,55228868.843,-0.21567411641010742,370.93
US.AVGO,Broadcom,2026-08-31 12:40:00,370.15,369.685,370.41,369.57,0.0,0.0,115581.0,42760931.686,-0.12022802799016377,370.13
US.AVGO,Broadcom,2026-08-31 12:45:00,369.685,370.18,370.7,369.61,0.0,0.0,140845.0,52136025.672,0.13389777783789025,369.685
US.AVGO,Broadcom,2026-08-31 12:50:00,370.12,370.41,370.58,370.09,0.0,0.0,82061.0,30385389.161,0.062131935815013827,370.18
US.AVGO,Broadcom,2026-08-31 12:55:00,370.44,370.56,370.8799,370.435,0.0,0.0,96970.0,35944132.799,0.040495666963628746,370.41
US.AVGO,Broadcom,2026-08-31 13:00:00,370.617664,370.93,371.09,370.555,0.0,0.0,179250.0,66475442.323,0.09984887737478534,370.56
US.AVGO,Broadcom,2026-08-31 13:05:00,370.86,369.985,370.915,369.93,0.0,0.0,94102.0,34849325.394,-0.2547650500094339,370.93
US.AVGO,Broadcom,2026-08-31 13:10:00,370.06,369.94,370.16,369.62,0.0,0.0,82384.0,30470226.136,-0.012162655242784414,369.985
US.AVGO,Broadcom,2026-08-31 13:15:00,369.89,369.435,369.9399,369.3,0.0,0.0,115730.0,42775165.39,-0.13650862301994796,369.94
US.AVGO,Broadcom,2026-08-31 13:20:00,369.43,369.23,369.5,369.05,0.0,0.0,76681.0,28317995.267,-0.05549014034944823,369.435
US.AVGO,Broadcom,2026-08-31 13:25:00,369.215,369.735,369.81,369.095,0.0,0.0,175327.0,64779954.632,0.13677111827316182,369.23
US.AVGO,Broadcom,2026-08-31 13:30:00,369.71,369.47,369.7699,369.36,0.0,0.0,60792.0,22464069.269,-0.07167295495422028,369.735
US.AVGO,Broadcom,2026-08-31 13:35:00,369.47,369.32,369.67,369.27,0.0,0.0,64163.0,23708173.375,-0.04059869542859612,369.47
US.AVGO,Broadcom,2026-08-31 13:40:00,369.275,369.52,369.54,369.21,0.0,0.0,70998.0,26225828.635,0.05415357955160529,369.32
US.AVGO,Broadcom,2026-08-31 13:45:00,369.525,370.15,370.2325,369.49,0.0,0.0,77211.0,28552256.759,0.17049144836544583,369.52
US.AVGO,Broadcom,2026-08-31 13:50:00,370.2,370.09,370.4,370.0701,0.0,0.0,75382.0,27906415.601,-0.016209644738620094,370.15
US.AVGO,Broadcom,2026-08-31 13:55:00,370.0948,370.375,370.69,370.09,0.0,0.0,63624.0,23568554.758,0.07700829527953337,370.09
US.AVGO,Broadcom,2026-08-31 14:00:00,370.375,370.23,370.41,369.91,0.0,0.0,90039.0,33325886.234,-0.0391495106311122,370.375
US.AVGO,Broadcom,2026-08-31 14:05:00,370.27,370.88,370.92,370.21,0.0,0.0,140690.0,52152390.606,0.1755665397185472,370.23
US.AVGO,Broadcom,2026-08-31 14:10:00,370.8501,370.95,371.14,370.77,0.0,0.0,79532.0,29501738.834,0.018874029335632328,370.88
US.AVGO,Broadcom,2026-08-31 14:15:00,370.945,370.73,370.96,370.6,0.0,0.0,64354.0,23862069.805,-0.059307184256630396,370.95
US.AVGO,Broadcom,2026-08-31 14:20:00,370.7642,370.8,370.95,370.62,0.0,0.0,62904.0,23324273.799,0.01888166590240692,370.73
US.AVGO,Broadcom,2026-08-31 14:25:00,370.79,371.185,371.35,370.75,0.0,0.0,129094.0,47900260.204,0.1038295577130504,370.8
US.AVGO,Broadcom,2026-08-31 14:30:00,371.1414,371.282,371.47,370.93,0.0,0.0,164578.0,61083352.818,0.026132521518913748,371.185
US.AVGO,Broadcom,2026-08-31 14:35:00,371.26,371.36,371.92,371.105,0.0,0.0,124041.0,46098521.473,0.021008290194523674,371.282
US.AVGO,Broadcom,2026-08-31 14:40:00,371.3,370.29,371.335,370.24,0.0,0.0,159620.0,59164864.224,-0.2881301163291666,371.36
US.AVGO,Broadcom,2026-08-31 14:45:00,370.26,370.01,370.46,369.8001,0.0,0.0,121262.0,44881758.562,-0.07561640876070905,370.29
US.AVGO,Broadcom,2026-08-31 14:50:00,370.03,369.9,370.22,369.83,0.0,0.0,96842.0,35835195.291,-0.029728926245240303,370.01
US.AVGO,Broadcom,2026-08-31 14:55:00,369.905,370.155884,370.21,369.7667,0.0,0.0,113889.0,42142955.599,0.0691765341984421,369.9
US.AVGO,Broadcom,2026-08-31 15:00:00,370.155,369.81,370.2201,369.8,0.0,0.0,82040.0,30362607.861,-0.09344279395542779,370.155884
US.AVGO,Broadcom,2026-08-31 15:05:00,369.86,369.68,370.12,369.65,0.0,0.0,115718.0,42803159.485,-0.03515318677158418,369.81
US.AVGO,Broadcom,2026-08-31 15:10:00,369.69,369.63,369.8,369.25,0.0,0.0,93604.0,34587104.718,-0.013525210993294571,369.68
US.AVGO,Broadcom,2026-08-31 15:15:00,369.645,370.01,370.15,369.62,0.0,0.0,98779.0,36527259.277,0.10280550821091239,369.63
US.AVGO,Broadcom,2026-08-31 15:20:00,370.01,369.67,370.08,369.512,0.0,0.0,126076.0,46616456.793,-0.09188940839436097,370.01
US.AVGO,Broadcom,2026-08-31 15:25:00,369.65,369.97,370.19,369.6,0.0,0.0,109399.0,40462103.605,0.08115346119512304,369.67
US.AVGO,Broadcom,2026-08-31 15:30:00,369.98,369.3,369.98,369.3,0.0,0.0,103783.0,38368239.491,-0.18109576452145199,369.97
US.AVGO,Broadcom,2026-08-31 15:35:00,369.28,369.465,369.64,369.17,0.0,0.0,98623.0,36437000.958,0.044679122664490555,369.3
US.AVGO,Broadcom,2026-08-31 15:40:00,369.465,369.72,369.97,369.4,0.0,0.0,90916.0,33610892.036,0.06901871625189188,369.465
US.AVGO,Broadcom,2026-08-31 15:45:00,369.73,369.59,369.84,369.54,0.0,0.0,121279.0,44836808.486,-0.03516174402251766,369.72
US.AVGO,Broadcom,2026-08-31 15:50:00,369.59,369.49,369.8,369.23,0.0,0.0,195808.0,72353939.348,-0.02705700911820285,369.59
US.AVGO,Broadcom,2026-08-31 15:55:00,369.57,370.945,371.42,369.5,0.0,0.0,611196.0,226502808.681,0.3937860293918602,369.49
US.AVGO,Broadcom,2026-08-31 16:00:00,370.945,370.34,371.092,369.78,0.0,0.0,8336229.0,3087428893.108,-0.16309695507420727,370.945
US.AVGO,Broadcom,2026-08-31 16:05:00,370.34,370.27,371.0,370.06,0.0,0.0,1160126.0,429639501.535,-0.01890154992709218,370.34
US.AVGO,Broadcom,2026-08-31 16:10:00,370.27,370.2514,370.3,370.15,0.0,0.0,194262.0,71942308.461,-0.005023361330918567,370.27
US.AVGO,Broadcom,2026-08-31 16:15:00,370.2986,370.07,370.3,370.07,0.0,0.0,260938.0,96635377.872,-0.04899373776844502,370.2514
US.AVGO,Broadcom,2026-08-31 16:20:00,370.07,370.2353,370.277,370.015,0.0,0.0,13265.0,4912314.752,0.044667225119572516,370.07
US.AVGO,Broadcom,2026-08-31 16:25:00,370.2353,370.24,370.29,370.0,0.0,0.0,135556.0,50199582.682,0.0012694629604508038,370.2353
US.AVGO,Broadcom,2026-08-31 16:30:00,370.24,370.15,370.24,370.0008,0.0,0.0,3581.0,1325567.321,-0.024308556611935993,370.24
US.AVGO,Broadcom,2026-08-31 16:35:00,370.178,370.21,370.3,370.0313,0.0,0.0,2885.0,1068293.775,0.016209644738620094,370.15
US.AVGO,Broadcom,2026-08-31 16:40:00,370.21,370.55,370.62,370.1011,0.0,0.0,12238.0,4532096.815,0.09183976661895461,370.21
US.AVGO,Broadcom,2026-08-31 16:45:00,370.55,370.4801,370.56,370.2549,0.0,0.0,16433.0,6086323.681,-0.01886385103225429,370.55
US.AVGO,Broadcom,2026-08-31 16:50:00,370.4801,370.82,370.95,370.45,0.0,0.0,1867.0,692061.989,0.091745818466363,370.4801
US.AVGO,Broadcom,2026-08-31 16:55:00,370.91,370.49,370.91,370.49,0.0,0.0,318876.0,118093296.646,-0.08899196375599593,370.82
US.AVGO,Broadcom,2026-08-31 17:00:00,370.49,370.5,370.5,370.3712,0.0,0.0,1809.0,670513.497,0.002699128181594889,370.49
US.AVGO,Broadcom,2026-08-31 17:05:00,370.5,370.66,370.75,370.5,0.0,0.0,67883.0,25138020.918,0.0431848852901552,370.5
US.AVGO,Broadcom,2026-08-31 17:10:00,370.66,371.15,371.4272,370.66,0.0,0.0,82801.0,30667652.033,0.13219662224139433,370.66
US.AVGO,Broadcom,2026-08-31 17:15:00,371.15,371.2431,371.4,371.0,0.0,0.0,3136.0,1164154.824,0.025084197763720728,371.15
US.AVGO,Broadcom,2026-08-31 17:20:00,371.2431,370.88,371.38,370.88,0.0,0.0,7262.0,2691396.7,-0.09780653162308774,371.2431
US.AVGO,Broadcom,2026-08-31 17:25:00,370.88,370.9411,370.9427,370.88,0.0,0.0,553.0,201378.359,0.016474331320106332,370.88
US.AVGO,Broadcom,2026-08-31 17:30:00,370.9411,370.51,370.9411,370.5,0.0,0.0,4209.0,1551018.888,-0.11621791168463536,370.9411
US.AVGO,Broadcom,2026-08-31 17:35:00,370.51,369.96,370.51,369.96,0.0,0.0,6387.0,2364534.562,-0.14844403659820554,370.51
US.AVGO,Broadcom,2026-08-31 17:40:00,369.96,370.335,370.89,369.96,0.0,0.0,642.0,237986.31,0.10136230943885827,369.96
US.AVGO,Broadcom,2026-08-31 17:45:00,370.335,370.6,370.8166,370.335,0.0,0.0,733.0,272049.373,0.07155683367762788,370.335
US.AVGO,Broadcom,2026-08-31 17:50:00,370.6,370.6502,370.88,370.6,0.0,0.0,498.0,184859.97,0.013545601726918825,370.6
US.AVGO,Broadcom,2026-08-31 17:55:00,370.6502,370.43,370.6502,370.43,0.0,0.0,1277.0,473602.509,-0.05940911403797357,370.6502
US.AVGO,Broadcom,2026-08-31 18:00:00,370.43,370.54,370.55,370.3716,0.0,0.0,705.0,261514.671,0.029695219069733457,370.43
US.AVGO,Broadcom,2026-08-31 18:05:00,370.54,370.15,370.54,370.15,0.0,0.0,470.0,174245.117,-0.1052517946780491,370.54
US.AVGO,Broadcom,2026-08-31 18:10:00,370.15,370.19,370.2535,370.0,0.0,0.0,2678.0,991500.188,0.010806429825751848,370.15
US.AVGO,Broadcom,2026-08-31 18:15:00,370.19,370.1704,370.19,370.0855,0.0,0.0,370.0,137327.452,-0.005294578459716734,370.19
US.AVGO,Broadcom,2026-08-31 18:20:00,370.1704,370.34,370.4857,370.1704,0.0,0.0,631.0,233996.064,0.045816737372843065,370.1704
US.AVGO,Broadcom,2026-08-31 18:25:00,370.34,370.48,370.4997,370.34,0.0,0.0,587.0,217603.225,0.03780309985419971,370.34
US.AVGO,Broadcom,2026-08-31 18:30:00,370.48,370.4529,370.49,370.4,0.0,0.0,611.0,226493.983,-0.007314834808901574,370.48
US.AVGO,Broadcom,2026-08-31 18:35:00,370.4938,370.65,370.65,370.47,0.0,0.0,2733.0,1013120.462,0.0532051442976901,370.4529
US.AVGO,Broadcom,2026-08-31 18:40:00,370.65,370.6,370.65,370.6,0.0,0.0,779.0,288897.738,-0.013489815189519635,370.65
US.AVGO,Broadcom,2026-08-31 18:45:00,370.65,370.6499,370.65,370.61,0.0,0.0,1198.0,444387.075,0.013464651915806697,370.6
US.AVGO,Broadcom,2026-08-31 18:50:00,370.6499,370.5,370.6499,370.5,0.0,0.0,1146.0,424977.885,-0.04044247684944805,370.6499
US.AVGO,Broadcom,2026-08-31 18:55:00,370.38,370.4,370.64,370.38,0.0,0.0,1502.0,556693.982,-0.026990553306348915,370.5
US.AVGO,Broadcom,2026-08-31 19:00:00,370.4,370.594,370.625,370.4,0.0,0.0,821.0,304353.983,0.05237580993520973,370.4
US.AVGO,Broadcom,2026-08-31 19:05:00,370.594,370.64,370.6472,370.594,0.0,0.0,1717.0,636369.034,0.012412505329280094,370.594
US.AVGO,Broadcom,2026-08-31 19:10:00,370.64,370.88,370.8999,370.64,0.0,0.0,1448.0,536879.606,0.06475285991798217,370.64
US.AVGO,Broadcom,2026-08-31 19:15:00,370.88,370.7639,370.88,370.7639,0.0,0.0,409.0,151706.339,-0.031303925798106445,370.88
US.AVGO,Broadcom,2026-08-31 19:20:00,370.7639,370.8,370.9,370.7639,0.0,0.0,478.0,177350.543,0.009736654512489784,370.7639
US.AVGO,Broadcom,2026-08-31 19:25:00,370.8,370.9,370.9,370.58,0.0,0.0,2642.0,979838.302,0.026968716289095442,370.8
US.AVGO,Broadcom,2026-08-31 19:30:00,370.9,370.838,370.9,370.55,0.0,0.0,492.0,182609.552,-0.016716095982732538,370.9
US.AVGO,Broadcom,2026-08-31 19:35:00,370.8,370.7792,370.8,370.7792,0.0,0.0,605.0,224591.885,-0.015855980239354993,370.838
US.AVGO,Broadcom,2026-08-31 19:40:00,370.7792,370.9834,371.0,370.7131,0.0,0.0,1752.0,649902.09,0.055073207990096094,370.7792
US.AVGO,Broadcom,2026-08-31 19:45:00,370.9834,371.28,371.39,370.9834,0.0,0.0,2419.0,898366.189,0.07994966890700644,370.9834
US.AVGO,Broadcom,2026-08-31 19:50:00,371.28,371.305,371.4,371.0,0.0,0.0,1415.0,525147.768,0.006733462615824744,371.28
US.AVGO,Broadcom,2026-08-31 19:55:00,371.25,371.03,371.25,371.03,0.0,0.0,6757.0,2507777.061,-0.074063101762711,371.305
US.AVGO,Broadcom,2026-08-31 20:00:00,371.03,371.31,371.41,371.03,0.0,0.0,3524.0,1308621.126,0.07546559577393461,371.03
US.AVGO,Broadcom,2026-09-01 04:05:00,370.34,369.65,371.2,369.5,0.0,0.0,73685.0,27344694.173,-0.44706579408042474,371.31
US.AVGO,Broadcom,2026-09-01 04:10:00,369.65,368.3998,369.96,368.0,0.0,0.0,9276.0,3418992.448,-0.33821182199376437,369.65
US.AVGO,Broadcom,2026-09-01 04:15:00,368.3998,368.5,368.58,368.15,0.0,0.0,4044.0,1489520.23,0.027198711834255207,368.3998
US.AVGO,Broadcom,2026-09-01 04:20:00,368.5,368.09,368.5,368.09,0.0,0.0,1324.0,487832.035,-0.1112618724559091,368.5
US.AVGO,Broadcom,2026-09-01 04:25:00,368.09,367.8,368.09,367.8,0.0,0.0,2768.0,1018674.581,-0.07878507973592426,368.09
US.AVGO,Broadcom,2026-09-01 04:30:00,367.8,367.06,368.1626,367.06,0.0,0.0,6617.0,2432703.241,-0.20119630233822977,367.8
US.AVGO,Broadcom,2026-09-01 04:35:00,367.06,367.43,367.43,367.0,0.0,0.0,6023.0,2211533.963,0.10080095897128658,367.06
US.AVGO,Broadcom,2026-09-01 04:40:00,367.43,366.61,367.43,366.61,0.0,0.0,3566.0,1308919.328,-0.22317176060746077,367.43
US.AVGO,Broadcom,2026-09-01 04:45:00,366.61,366.2,367.0,366.2,0.0,0.0,5075.0,1860749.602,-0.11183546548103569,366.61
US.AVGO,Broadcom,2026-09-01 04:50:00,366.2,366.4,366.63,366.2,0.0,0.0,4686.0,1717415.77,0.054614964500269966,366.2
US.AVGO,Broadcom,2026-09-01 04:55:00,366.4,366.39,366.5,366.06,0.0,0.0,1570.0,575068.611,-0.0027292576419189153,366.4
US.AVGO,Broadcom,2026-09-01 05:00:00,366.39,365.8,366.5,365.8,0.0,0.0,11304.0,4138035.848,-0.16103059581319767,366.39
US.AVGO,Broadcom,2026-09-01 05:05:00,365.8,365.7,365.88,365.35,0.0,0.0,6050.0,2212517.932,-0.02733734281028506,365.8
US.AVGO,Broadcom,2026-09-01 05:10:00,365.7,366.09,366.09,365.2954,0.0,0.0,3805.0,1391525.292,0.10664479081213737,365.7
US.AVGO,Broadcom,2026-09-01 05:15:00,366.09,365.68,366.09,365.6,0.0,0.0,1351.0,494421.024,-0.11199431833701226,366.09
US.AVGO,Broadcom,2026-09-01 05:20:00,365.68,365.6,365.9454,365.5,0.0,0.0,1990.0,728215.049,-0.021877050973524416,365.68
US.AVGO,Broadcom,2026-09-01 05:25:00,365.6,365.4,365.63,365.35,0.0,0.0,3324.0,1214903.634,-0.05470459518600806,365.6
US.AVGO,Broadcom,2026-09-01 05:30:00,365.44,365.45,365.5,365.35,0.0,0.0,1382.0,505328.677,0.013683634373292657,365.4
US.AVGO,Broadcom,2026-09-01 05:35:00,365.45,365.72,365.72,365.45,0.0,0.0,1314.0,480355.338,0.07388151593926355,365.45
US.AVGO,Broadcom,2026-09-01 05:40:00,365.72,365.6,365.96,365.6,0.0,0.0,2446.0,894548.609,-0.03281198731269948,365.72
US.AVGO,Broadcom,2026-09-01 05:45:00,365.6,366.5,366.5,365.49,0.0,0.0,6507.0,2382540.349,0.24617067833697406,365.6
US.AVGO,Broadcom,2026-09-01 05:50:00,366.5,366.56,366.56,366.25,0.0,0.0,3521.0,1290675.75,0.016371077762619993,366.5
US.AVGO,Broadcom,2026-09-01 05:55:00,366.56,366.5,366.56,366.1994,0.0,0.0,2948.0,1080110.199,-0.01636839807944191,366.56
US.AVGO,Broadcom,2026-09-01 06:00:00,366.5,366.42,366.6,366.3,0.0,0.0,1634.0,598906.852,-0.021828103683488153,366.5
US.AVGO,Broadcom,2026-09-01 06:05:00,366.42,366.2309,366.5,366.2309,0.0,0.0,893.0,327490.967,-0.051607445008459214,366.42
US.AVGO,Broadcom,2026-09-01 06:10:00,366.2309,366.4,366.44,366.0776,0.0,0.0,1584.0,580403.132,0.04617305639692271,366.2309
US.AVGO,Broadcom,2026-09-01 06:15:00,366.4,366.1299,366.4,366.1299,0.0,0.0,908.0,332775.208,-0.07371724890828513,366.4
US.AVGO,Broadcom,2026-09-01 06:20:00,366.1299,366.28,366.4,366.1299,0.0,0.0,1024.0,375213.625,0.04099637860768873,366.1299
US.AVGO,Broadcom,2026-09-01 06:25:00,366.28,366.4,366.4,366.28,0.0,0.0,1157.0,424112.712,0.03276182155727983,366.28
US.AVGO,Broadcom,2026-09-01 06:30:00,366.4,366.73,366.84,366.4,0.0,0.0,2127.0,780307.161,0.09006550218341729,366.4
US.AVGO,Broadcom,2026-09-01 06:35:00,366.73,367.0,367.47,366.72,0.0,0.0,16587.0,6085778.271,0.07362364682463442,366.73
US.AVGO,Broadcom,2026-09-01 06:40:00,367.0,366.98,367.358,366.78,0.0,0.0,1709.0,627078.232,-0.005449591280648995,367.0
US.AVGO,Broadcom,2026-09-01 06:45:00,366.98,366.67,367.0,366.67,0.0,0.0,1567.0,574952.654,-0.0844732682980005,366.98
US.AVGO,Broadcom,2026-09-01 06:50:00,366.67,366.62,366.98,366.62,0.0,0.0,1441.0,528569.209,-0.01363623967055155,366.67
US.AVGO,Broadcom,2026-09-01 06:55:00,366.62,366.3,366.62,366.0,0.0,0.0,4428.0,1621550.302,-0.08728383612459582,366.62
US.AVGO,Broadcom,2026-09-01 07:00:00,366.3,366.3,366.42,366.15,0.0,0.0,2538.0,929704.01,0.0,366.3
US.AVGO,Broadcom,2026-09-01 07:05:00,366.3,365.69,366.62,365.6,0.0,0.0,22169.0,8113904.424,-0.16653016653017025,366.3
US.AVGO,Broadcom,2026-09-01 07:10:00,365.69,365.167,365.69,365.15,0.0,0.0,6408.0,2341600.11,-0.14301730974323185,365.69
US.AVGO,Broadcom,2026-09-01 07:15:00,365.167,365.4,365.7,365.167,0.0,0.0,9375.0,3426557.805,0.06380642281476807,365.167
US.AVGO,Broadcom,2026-09-01 07:20:00,365.4,365.65,365.8366,365.2803,0.0,0.0,5534.0,2023752.2,0.06841817186644773,365.4
US.AVGO,Broadcom,2026-09-01 07:25:00,365.65,365.85,365.85,365.5,0.0,0.0,4293.0,1569846.846,0.05469711472721058,365.65
US.AVGO,Broadcom,2026-09-01 07:30:00,365.85,365.76,365.87,365.7,0.0,0.0,2435.0,890903.836,-0.024600246002468722,365.85
US.AVGO,Broadcom,2026-09-01 07:35:00,365.76,366.03,366.13,365.76,0.0,0.0,7374.0,2699091.803,0.07381889763779031,365.76
US.AVGO,Broadcom,2026-09-01 07:40:00,366.03,366.35,366.35,365.8,0.0,0.0,17475.0,6398997.038,0.08742452804416306,366.03
US.AVGO,Broadcom,2026-09-01 07:45:00,366.35,366.6,366.8,366.35,0.0,0.0,10560.0,3871652.828,0.06824075337791728,366.35
US.AVGO,Broadcom,2026-09-01 07:50:00,366.6,366.57,366.6382,366.3,0.0,0.0,6705.0,2457236.667,-0.008183306055654545,366.6
US.AVGO,Broadcom,2026-09-01 07:55:00,366.57,366.3,366.8,366.3,0.0,0.0,12159.0,4455777.433,-0.07365578197888038,366.57
US.AVGO,Broadcom,2026-09-01 08:00:00,366.18,365.7,366.24,365.34,0.0,0.0,7990.0,2921641.65,-0.16380016380017,366.3
US.AVGO,Broadcom,2026-09-01 08:05:00,365.7,365.6,365.78,365.25,0.0,0.0,13300.0,4861952.551,-0.027344818156949932,365.7
US.AVGO,Broadcom,2026-09-01 08:10:00,365.6,365.25,365.86,365.25,0.0,0.0,8923.0,3261781.787,-0.09573304157549856,365.6
US.AVGO,Broadcom,2026-09-01 08:15:00,365.25,365.53,365.65,365.25,0.0,0.0,8057.0,2945411.374,0.07665982203969136,365.25
US.AVGO,Broadcom,2026-09-01 08:20:00,365.53,365.2148,365.5966,365.2,0.0,0.0,6667.0,2438494.634,-0.08623095231580104,365.53
US.AVGO,Broadcom,2026-09-01 08:25:00,365.2148,365.01,365.36,364.78,0.0,0.0,29603.0,10805657.287,-0.05607658835294579,365.2148
US.AVGO,Broadcom,2026-09-01 08:30:00,365.01,365.58,365.58,364.91,0.0,0.0,16878.0,6207400.945,0.15616010520259532,365.01
US.AVGO,Broadcom,2026-09-01 08:35:00,365.58,365.44,365.64,364.8996,0.0,0.0,4909.0,1793209.66,-0.038295311559709604,365.58
US.AVGO,Broadcom,2026-09-01 08:40:00,365.44,364.65,365.44,364.65,0.0,0.0,14843.0,5415786.745,-0.21617775831874464,365.44
US.AVGO,Broadcom,2026-09-01 08:45:00,364.65,364.61,364.96,364.47,0.0,0.0,11515.0,4199197.111,-0.01096942273411864,364.65
US.AVGO,Broadcom,2026-09-01 08:50:00,364.61,364.65,365.0,364.49,0.0,0.0,8624.0,3146075.504,0.010970626148477446,364.61
US.AVGO,Broadcom,2026-09-01 08:55:00,364.65,364.83,364.83,364.5,0.0,0.0,5870.0,2140677.806,0.049362402303580646,364.65
US.AVGO,Broadcom,2026-09-01 09:00:00,364.83,364.6795,364.8435,364.5279,0.0,0.0,8050.0,2935272.986,-0.04125209001451784,364.83
US.AVGO,Broadcom,2026-09-01 09:05:00,364.6795,364.3,364.76,364.25,0.0,0.0,9497.0,3461412.9,-0.10406397946690375,364.6795
US.AVGO,Broadcom,2026-09-01 09:10:00,364.3,364.27,364.49,364.01,0.0,0.0,15489.0,5641207.001,-0.008234971177608992,364.3
US.AVGO,Broadcom,2026-09-01 09:15:00,364.27,363.68,364.29,363.65,0.0,0.0,15193.0,5530544.501,-0.161967771158749,364.27
US.AVGO,Broadcom,2026-09-01 09:20:00,363.68,363.73,363.99,363.47,0.0,0.0,10715.0,3896372.405,0.013748350197979368,363.68
US.AVGO,Broadcom,2026-09-01 09:25:00,363.5,364.37,364.37,363.5,0.0,0.0,15906.0,5813570.733,0.175954691666892,363.73
US.AVGO,Broadcom,2026-09-01 09:30:00,364.8,363.5,365.5,363.5,0.0,0.0,39629.0,14452574.48,-0.2387682849850439,364.37
US.AVGO,Broadcom,2026-09-01 09:35:00,364.25,363.37,365.1,362.265,0.0,0.0,707588.0,257539787.37,-0.03576341127922846,363.5
US.AVGO,Broadcom,2026-09-01 09:40:00,363.35,363.415,364.2381,362.16,0.0,0.0,270628.0,98212354.36,0.012384071332255253,363.37
US.AVGO,Broadcom,2026-09-01 09:45:00,363.415,363.26,363.7,362.0,0.0,0.0,295911.0,107365440.504,-0.04265096377420567,363.415
US.AVGO,Broadcom,2026-09-01 09:50:00,363.3001,364.11,364.34,363.02,0.0,0.0,282714.0,102812736.901,0.23399218190828133,363.26
US.AVGO,Broadcom,2026-09-01 09:55:00,364.1,363.54,364.4,363.05,0.0,0.0,244827.0,89025303.201,-0.156546098706433,364.11
US.AVGO,Broadcom,2026-09-01 10:00:00,363.6,363.08,363.89,363.01,0.0,0.0,163819.0,59545050.615,-0.12653353138582726,363.54
US.AVGO,Broadcom,2026-09-01 10:05:00,363.085,363.63,364.32,362.3,0.0,0.0,251413.0,91381404.018,0.15148176710367173,363.08
US.AVGO,Broadcom,2026-09-01 10:10:00,363.72,365.78,365.8677,363.68,0.0,0.0,402336.0,146703151.86,0.5912603470560672,363.63
US.AVGO,Broadcom,2026-09-01 10:15:00,365.75,365.22,365.99,364.2234,0.0,0.0,280884.0,102544816.04,-0.15309749029469777,365.78
US.AVGO,Broadcom,2026-09-01 10:20:00,365.24,364.845,365.57,364.26,0.0,0.0,314877.0,114970193.56,-0.10267783801544274,365.22
US.AVGO,Broadcom,2026-09-01 10:25:00,364.91,364.29,365.2,364.18,0.0,0.0,212432.0,77502657.732,-0.15211939316696318,364.845
US.AVGO,Broadcom,2026-09-01 10:30:00,364.29,364.215,364.69,364.0,0.0,0.0,148436.0,54075402.693,-0.020587993082446805,364.29
US.AVGO,Broadcom,2026-09-01 10:35:00,364.19,364.685,365.43,364.16,0.0,0.0,342232.0,124822212.695,0.12904465768846077,364.215
US.AVGO,Broadcom,2026-09-01 10:40:00,364.68,365.295,365.535,364.68,0.0,0.0,130791.0,47755830.651,0.1672676419375663,364.685
US.AVGO,Broadcom,2026-09-01 10:45:00,365.29,366.23,366.24,365.08,0.0,0.0,107837.0,39428829.417,0.25595751379022497,365.295
US.AVGO,Broadcom,2026-09-01 10:50:00,366.21,366.745,366.96,365.86,0.0,0.0,190662.0,69854881.926,0.14062201348878747,366.23
US.AVGO,Broadcom,2026-09-01 10:55:00,366.829,367.58,367.89,366.65,0.0,0.0,209448.0,76934674.254,0.22767863229218652,366.745
US.AVGO,Broadcom,2026-09-01 11:00:00,367.58,366.75,367.7099,366.48,0.0,0.0,136612.0,50138078.144,-0.22580118613634695,367.58
US.AVGO,Broadcom,2026-09-01 11:05:00,366.75,366.94,366.9999,366.35,0.0,0.0,155090.0,56867848.953,0.05180640763462788,366.75
US.AVGO,Broadcom,2026-09-01 11:10:00,366.91,367.105,367.2599,366.735,0.0,0.0,233997.0,85911209.6,0.044966479533444285,366.94
US.AVGO,Broadcom,2026-09-01 11:15:00,367.11,367.1,367.23,366.75,0.0,0.0,197802.0,72608056.704,-0.001362008144807467,367.105
US.AVGO,Broadcom,2026-09-01 11:20:00,367.06,367.44,367.6,366.95,0.0,0.0,150781.0,55391926.029,0.09261781530917323,367.1
US.AVGO,Broadcom,2026-09-01 11:25:00,367.455,368.35,368.4,367.4098,0.0,0.0,154683.0,56905640.34,0.24765948182016792,367.44
US.AVGO,Broadcom,2026-09-01 11:30:00,368.35,368.89,368.99,368.29,0.0,0.0,168189.0,61996951.654,0.1465997013709688,368.35
US.AVGO,Broadcom,2026-09-01 11:35:00,368.89,368.87,369.13,368.62,0.0,0.0,181933.0,67105487.0,-0.005421670416650441,368.89
US.AVGO,Broadcom,2026-09-01 11:40:00,368.93,369.575,369.93,368.93,0.0,0.0,192742.0,71206728.784,0.19112424431371053,368.87
US.AVGO,Broadcom,2026-09-01 11:45:00,369.58,369.89,369.89,369.42,0.0,0.0,110563.0,40867719.878,0.08523303794899485,369.575
US.AVGO,Broadcom,2026-09-01 11:50:00,369.89,369.63,370.42,369.61,0.0,0.0,200682.0,74252952.396,-0.07029116764443238,369.89
US.AVGO,Broadcom,2026-09-01 11:55:00,369.63,368.815,369.75,368.52,0.0,0.0,161199.0,59501214.969,-0.22049076103130097,369.63
US.AVGO,Broadcom,2026-09-01 12:00:00,368.76,368.68,368.88,368.48,0.0,0.0,97038.0,35779484.17,-0.036603717310844434,368.815
US.AVGO,Broadcom,2026-09-01 12:05:00,368.75,368.627967,368.76,368.43,0.0,0.0,83414.0,30747457.619,-0.014113323207115778,368.68
US.AVGO,Broadcom,2026-09-01 12:10:00,368.54,368.68,368.84,368.3368,0.0,0.0,101501.0,37410957.812,0.014115315347192427,368.627967
US.AVGO,Broadcom,2026-09-01 12:15:00,368.665,368.965,369.235,368.3,0.0,0.0,189518.0,69909917.122,0.07730281002494525,368.68
US.AVGO,Broadcom,2026-09-01 12:20:00,368.965,369.16,369.55,368.88,0.0,0.0,200240.0,73926758.421,0.05285054137927717,368.965
US.AVGO,Broadcom,2026-09-01 12:25:00,369.23,368.995,369.29,368.46,0.0,0.0,182759.0,67430915.352,-0.04469606674613188,369.16
US.AVGO,Broadcom,2026-09-01 12:30:00,369.015,368.755,369.1199,368.44,0.0,0.0,218105.0,80426866.831,-0.06504153172807466,368.995
US.AVGO,Broadcom,2026-09-01 12:35:00,368.755,368.17,368.96,367.6796,0.0,0.0,149455.0,55015643.982,-0.15864191671976774,368.755
US.AVGO,Broadcom,2026-09-01 12:40:00,368.17,369.08,369.1,368.11,0.0,0.0,121024.0,44629462.009,0.2471684276285325,368.17
US.AVGO,Broadcom,2026-09-01 12:45:00,369.05,368.51,369.33,368.33,0.0,0.0,170953.0,63066940.508,-0.15443806220873338,369.08
US.AVGO,Broadcom,2026-09-01 12:50:00,368.545,369.485,369.54,368.33,0.0,0.0,149609.0,55209053.284,0.2645789802176393,368.51
US.AVGO,Broadcom,2026-09-01 12:55:00,369.485,370.395,370.5,369.3,0.0,0.0,179755.0,66495566.415,0.2462887532646706,369.485
US.AVGO,Broadcom,2026-09-01 13:00:00,370.395,371.14,371.4,370.385,0.0,0.0,298456.0,110680803.635,0.20113662441447766,370.395
US.AVGO,Broadcom,2026-09-01 13:05:00,371.14,370.0901,371.18,370.03,0.0,0.0,274991.0,101930641.129,-0.2828851646278977,371.14
US.AVGO,Broadcom,2026-09-01 13:10:00,370.04,369.305,370.13,369.08,0.0,0.0,104614.0,38663979.142,-0.21213753083370776,370.0901
US.AVGO,Broadcom,2026-09-01 13:15:00,369.26,370.15,370.75,369.08,0.0,0.0,170012.0,62890763.821,0.22880816669148007,369.305
US.AVGO,Broadcom,2026-09-01 13:20:00,370.14,369.64,370.4,369.21,0.0,0.0,85444.0,31589666.85,-0.1377819802782631,370.15
US.AVGO,Broadcom,2026-09-01 13:25:00,369.61,369.38,369.71,369.05,0.0,0.0,68930.0,25463748.265,-0.07033870793203953,369.64
US.AVGO,Broadcom,2026-09-01 13:30:00,369.38,369.38,369.5099,368.506,0.0,0.0,126555.0,46715777.667,0.0,369.38
US.AVGO,Broadcom,2026-09-01 13:35:00,369.39,369.53,369.64,369.15,0.0,0.0,76706.0,28337467.898,0.04060858736260146,369.38
US.AVGO,Broadcom,2026-09-01 13:40:00,369.53,369.145,369.64,369.0,0.0,0.0,72969.0,26942314.212,-0.10418639893919057,369.53
US.AVGO,Broadcom,2026-09-01 13:45:00,369.16,368.94,369.5,368.81,0.0,0.0,50473.0,18633731.751,-0.0555337333568067,369.145
US.AVGO,Broadcom,2026-09-01 13:50:00,368.92,368.75,369.08,368.4,0.0,0.0,87852.0,32406375.226,-0.05149888870819042,368.94
US.AVGO,Broadcom,2026-09-01 13:55:00,368.74,369.07,369.22,368.717,0.0,0.0,67255.0,24812457.783,0.0867796610169473,368.75
US.AVGO,Broadcom,2026-09-01 14:00:00,369.02,368.985,369.13,368.63,0.0,0.0,95801.0,35337063.088,-0.023030861354209103,369.07
US.AVGO,Broadcom,2026-09-01 14:05:00,368.985,368.64,369.1,368.565,0.0,0.0,75835.0,27973537.412,-0.09349973576162372,368.985
US.AVGO,Broadcom,2026-09-01 14:10:00,368.64,369.15,369.18,368.49,0.0,0.0,54262.0,20014054.734,0.13834635416666421,368.64
US.AVGO,Broadcom,2026-09-01 14:15:00,369.12,368.51,369.21,368.41,0.0,0.0,78315.0,28879936.657,-0.17337125829608194,369.15
US.AVGO,Broadcom,2026-09-01 14:20:00,368.48,368.955,369.1968,368.3401,0.0,0.0,75542.0,27860438.466,0.12075656020189227,368.51
US.AVGO,Broadcom,2026-09-01 14:25:00,368.955,368.905,369.005,368.64,0.0,0.0,88749.0,32735302.235,-0.01355178815845059,368.955
US.AVGO,Broadcom,2026-09-01 14:30:00,368.86,368.42,369.0,368.25,0.0,0.0,73575.0,27117437.327,-0.13147016169473355,368.905
US.AVGO,Broadcom,2026-09-01 14:35:00,368.425,368.44,368.6899,368.25,0.0,0.0,78669.0,28967435.028,0.005428586938814888,368.42
US.AVGO,Broadcom,2026-09-01 14:40:00,368.41,368.56,368.78,368.32,0.0,0.0,77833.0,28683754.976,0.03256975355553267,368.44
US.AVGO,Broadcom,2026-09-01 14:45:00,368.595,368.195,368.88,368.12,0.0,0.0,146999.0,54163300.332,-0.09903407857608235,368.56
US.AVGO,Broadcom,2026-09-01 14:50:00,368.08,368.7,368.9797,367.78,0.0,0.0,199704.0,73553716.374,0.13715558331862068,368.195
US.AVGO,Broadcom,2026-09-01 14:55:00,368.7,368.615,368.93,368.3,0.0,0.0,90850.0,33485831.739,-0.023053973420119212,368.7
US.AVGO,Broadcom,2026-09-01 15:00:00,368.57,368.92,369.09,368.5,0.0,0.0,110599.0,40793772.317,0.08274215645049898,368.615
US.AVGO,Broadcom,2026-09-01 15:05:00,368.95,369.14,369.25,368.69,0.0,0.0,112116.0,41375253.995,0.05963352488343555,368.92
US.AVGO,Broadcom,2026-09-01 15:10:00,369.14,369.4785,369.4785,369.0,0.0,0.0,109839.0,40556146.013,0.09169962615810004,369.14
US.AVGO,Broadcom,2026-09-01 15:15:00,369.34,369.715,369.74,369.23,0.0,0.0,87297.0,32248461.347,0.0640091372028354,369.4785
US.AVGO,Broadcom,2026-09-01 15:20:00,369.715,370.18,370.33,369.5601,0.0,0.0,138247.0,51161728.709,0.12577255453525873,369.715
US.AVGO,Broadcom,2026-09-01 15:25:00,370.16,370.028,370.2,369.7,0.0,0.0,129308.0,47825768.739,-0.04106110540817624,370.18
US.AVGO,Broadcom,2026-09-01 15:30:00,369.96,370.23,370.32,369.8101,0.0,0.0,116774.0,43215062.196,0.05459046342438901,370.028
US.AVGO,Broadcom,2026-09-01 15:35:00,370.2,369.83,370.25,369.2,0.0,0.0,174016.0,64351108.464,-0.10804094751911894,370.23
US.AVGO,Broadcom,2026-09-01 15:40:00,369.785,369.375,370.07,369.35,0.0,0.0,91727.0,33915183.602,-0.12302950004055488,369.83
US.AVGO,Broadcom,2026-09-01 15:45:00,369.375,369.83,369.84,369.15,0.0,0.0,135054.0,49903808.648,0.12318104906936962,369.375
US.AVGO,Broadcom,2026-09-01 15:50:00,369.78,369.81,370.0,369.48,0.0,0.0,155033.0,57320209.094,-0.005407890111668013,369.83
US.AVGO,Broadcom,2026-09-01 15:55:00,369.84,368.97,369.85,368.8,0.0,0.0,324338.0,119766014.687,-0.22714366837023742,369.81
US.AVGO,Broadcom,2026-09-01 16:00:00,368.92,369.68,369.85,368.8,0.0,0.0,4431906.0,1638142374.462,0.19242756863701102,368.97
US.AVGO,Broadcom,2026-09-01 16:05:00,369.68,370.05,370.3,369.1,0.0,0.0,795101.0,293938470.379,0.10008656135035829,369.68
US.AVGO,Broadcom,2026-09-01 16:10:00,370.05,370.96,371.0719,370.0,0.0,0.0,26656.0,9867478.346,0.24591271449803218,370.05
US.AVGO,Broadcom,2026-09-01 16:15:00,370.96,370.8935,371.2,370.5,0.0,0.0,85993.0,31809195.658,-0.017926461073960065,370.96
US.AVGO,Broadcom,2026-09-01 16:20:00,370.8935,371.45,371.45,370.64,0.0,0.0,17275.0,6410593.154,0.15004307166342126,370.8935
US.AVGO,Broadcom,2026-09-01 16:25:00,371.45,371.45,371.6031,371.11,0.0,0.0,6749.0,2507123.139,0.0,371.45
US.AVGO,Broadcom,2026-09-01 16:30:00,371.45,371.36,371.64,371.0,0.0,0.0,6262.0,2326440.858,-0.02422937138241351,371.45
US.AVGO,Broadcom,2026-09-01 16:35:00,371.3515,371.1991,371.49,371.1404,0.0,0.0,8271.0,3070908.918,-0.04332722964240265,371.36
US.AVGO,Broadcom,2026-09-01 16:40:00,371.1991,371.5,371.5,371.18,0.0,0.0,7597.0,2820690.387,0.08106161895328218,371.1991
US.AVGO,Broadcom,2026-09-01 16:45:00,371.5,371.41,371.59,371.3,0.0,0.0,9137.0,3391558.239,-0.024226110363384925,371.5
US.AVGO,Broadcom,2026-09-01 16:50:00,371.41,371.36,371.5,370.88,0.0,0.0,32579.0,12068047.212,-0.013462211572120127,371.41
US.AVGO,Broadcom,2026-09-01 16:55:00,371.36,370.9042,371.36,370.9009,0.0,0.0,3044.0,1129689.069,-0.12273804394657761,371.36
US.AVGO,Broadcom,2026-09-01 17:00:00,370.9042,370.9,370.9817,370.7351,0.0,0.0,6355.0,2357655.747,-0.001132367872897028,370.9042
US.AVGO,Broadcom,2026-09-01 17:05:00,370.9,371.15,371.2153,370.75,0.0,0.0,41209.0,15239510.478,0.06740361283364789,370.9
US.AVGO,Broadcom,2026-09-01 17:10:00,371.15,371.39,371.39,371.0,0.0,0.0,390962.0,144535730.72,0.06466388252728253,371.15
US.AVGO,Broadcom,2026-09-01 17:15:00,371.39,371.34,371.47,371.0,0.0,0.0,2223.0,825700.138,-0.013462936535720232,371.39
US.AVGO,Broadcom,2026-09-01 17:20:00,371.34,371.28,371.3499,371.02,0.0,0.0,2613.0,962418.358,-0.016157699143642557,371.34
US.AVGO,Broadcom,2026-09-01 17:25:00,371.28,371.1354,371.28,371.11,0.0,0.0,1649.0,611193.654,-0.03894634776986871,371.28
US.AVGO,Broadcom,2026-09-01 17:30:00,371.15,371.15,371.25,371.1,0.0,0.0,4221.0,1566888.514,0.003933874267982272,371.1354
US.AVGO,Broadcom,2026-09-01 17:35:00,371.01,371.06,371.1312,371.01,0.0,0.0,2079.0,771660.111,-0.02424895594772329,371.15
US.AVGO,Broadcom,2026-09-01 17:40:00,371.06,370.8917,371.09,370.75,0.0,0.0,2614.0,969525.624,-0.04535654611113779,371.06
US.AVGO,Broadcom,2026-09-01 17:45:00,370.8917,370.89,370.8917,370.65,0.0,0.0,1830.0,678550.016,-0.0004583548243403701,370.8917
US.AVGO,Broadcom,2026-09-01 17:50:00,370.89,370.81,371.0,370.7307,0.0,0.0,1878.0,696807.441,-0.02156973765806144,370.89
US.AVGO,Broadcom,2026-09-01 17:55:00,370.81,370.8,371.0,370.74,0.0,0.0,7171.0,2653698.271,-0.002696798899703596,370.81
US.AVGO,Broadcom,2026-09-01 18:00:00,370.8,370.74,370.97,370.74,0.0,0.0,2257.0,837384.347,-0.016181229773463396,370.8
US.AVGO,Broadcom,2026-09-01 18:05:00,370.74,370.2135,370.94,370.15,0.0,0.0,3192.0,1182811.286,-0.14201327075578535,370.74
US.AVGO,Broadcom,2026-09-01 18:10:00,370.2135,370.02,370.31,370.02,0.0,0.0,8554.0,3164184.76,-0.052267137746200135,370.2135
US.AVGO,Broadcom,2026-09-01 18:15:00,370.02,369.97,370.14,369.61,0.0,0.0,5978.0,2211611.097,-0.013512783092793504,370.02
US.AVGO,Broadcom,2026-09-01 18:20:00,369.98,370.05,370.31,369.82,0.0,0.0,2194.0,812198.904,0.021623374868228257,369.97
US.AVGO,Broadcom,2026-09-01 18:25:00,370.05,369.95,370.38,369.8817,0.0,0.0,1889.0,699072.354,-0.027023375219571065,370.05
US.AVGO,Broadcom,2026-09-01 18:30:00,369.95,370.1,370.22,369.85,0.0,0.0,2355.0,871492.16,0.040546019732405486,369.95
US.AVGO,Broadcom,2026-09-01 18:35:00,370.1,370.2,370.3503,370.01,0.0,0.0,2943.0,1089539.502,0.027019724398801914,370.1
US.AVGO,Broadcom,2026-09-01 18:40:00,370.2,370.34,370.4,370.0474,0.0,0.0,7946.0,2942894.234,0.037817396002157305,370.2
US.AVGO,Broadcom,2026-09-01 18:45:00,370.34,370.26,370.39,370.26,0.0,0.0,1800.0,666930.172,-0.021601771345246015,370.34
US.AVGO,Broadcom,2026-09-01 18:50:00,370.26,370.2129,370.49,370.2129,0.0,0.0,2672.0,989956.768,-0.012720790795657204,370.26
US.AVGO,Broadcom,2026-09-01 18:55:00,370.5201,370.1904,370.75,370.0501,0.0,0.0,3728.0,1381974.189,-0.00607758400638647,370.2129
US.AVGO,Broadcom,2026-09-01 19:00:00,370.5694,370.5281,370.65,370.4,0.0,0.0,2751.0,1019344.873,0.0912233272391677,370.1904
US.AVGO,Broadcom,2026-09-01 19:05:00,370.8431,370.78,370.8431,370.6,0.0,0.0,3130.0,1160547.72,0.06798404763362827,370.5281
US.AVGO,Broadcom,2026-09-01 19:10:00,370.78,370.7,370.78,370.65,0.0,0.0,1327.0,492040.9,-0.021576136792702975,370.78
US.AVGO,Broadcom,2026-09-01 19:15:00,370.7,370.7958,370.7958,370.55,0.0,0.0,1289.0,477994.217,0.025842999730239277,370.7
US.AVGO,Broadcom,2026-09-01 19:20:00,370.7958,370.6247,370.8268,370.55,0.0,0.0,1386.0,513835.168,-0.04614399623727323,370.7958
US.AVGO,Broadcom,2026-09-01 19:25:00,370.6247,370.82,370.85,370.6,0.0,0.0,3140.0,1164209.667,0.05269481499748255,370.6247
US.AVGO,Broadcom,2026-09-01 19:30:00,370.82,371.01,371.01,370.69,0.0,0.0,2941.0,1090916.067,0.05123779731406011,370.82
US.AVGO,Broadcom,2026-09-01 19:35:00,371.01,371.19,371.19,371.01,0.0,0.0,2326.0,863261.28,0.048516212501012596,371.01
US.AVGO,Broadcom,2026-09-01 19:40:00,371.0,370.98,371.0,370.85,0.0,0.0,3059.0,1134872.732,-0.056574799967666026,371.19
US.AVGO,Broadcom,2026-09-01 19:45:00,370.98,371.27,371.27,370.91,0.0,0.0,3669.0,1361617.865,0.07817132999082527,370.98
US.AVGO,Broadcom,2026-09-01 19:50:00,371.27,371.1445,371.27,371.01,0.0,0.0,3188.0,1183158.483,-0.0338028927734501,371.27
US.AVGO,Broadcom,2026-09-01 19:55:00,371.1445,371.27,371.28,371.07,0.0,0.0,7102.0,2636295.752,0.033814322992793425,371.1445
US.AVGO,Broadcom,2026-09-01 20:00:00,371.27,371.28,371.28,371.17,0.0,0.0,5122.0,1901496.708,0.0026934575915077722,371.27
US.AVGO,Broadcom,2026-09-02 04:05:00,370.1,369.5,370.9704,369.2,0.0,0.0,45290.0,16763259.323,-0.4794225382460603,371.28
US.AVGO,Broadcom,2026-09-02 04:10:00,369.5,369.2,369.5,369.2,0.0,0.0,2175.0,804621.662,-0.0811907983761871,369.5
US.AVGO,Broadcom,2026-09-02 04:15:00,369.2,369.23,369.7,369.2,0.0,0.0,2482.0,916881.252,0.008125677139769654,369.2
US.AVGO,Broadcom,2026-09-02 04:20:00,369.23,369.69,369.87,369.23,0.0,0.0,2032.0,751432.307,0.12458359288247962,369.23
US.AVGO,Broadcom,2026-09-02 04:25:00,369.69,369.7702,370.0,369.39,0.0,0.0,3427.0,1266834.859,0.021693851605396608,369.69
US.AVGO,Broadcom,2026-09-02 04:30:00,369.7702,369.65,369.7702,369.39,0.0,0.0,2129.0,786898.483,-0.03250667576781774,369.7702
US.AVGO,Broadcom,2026-09-02 04:35:00,369.65,369.9192,369.98,369.64,0.0,0.0,732.0,270798.67,0.07282564588124228,369.65
US.AVGO,Broadcom,2026-09-02 04:40:00,369.9192,369.28,369.9192,369.26,0.0,0.0,1267.0,468288.583,-0.1727944913375723,369.9192
US.AVGO,Broadcom,2026-09-02 04:45:00,369.28,369.28,369.28,369.28,0.0,0.0,371.0,137316.322,0.0,369.28
US.AVGO,Broadcom,2026-09-02 04:50:00,369.28,369.4,369.5,369.28,0.0,0.0,821.0,303370.227,0.03249566724436865,369.28
US.AVGO,Broadcom,2026-09-02 04:55:00,369.4,367.96,369.4,367.85,0.0,0.0,14678.0,5410124.816,-0.38982133188955004,369.4
US.AVGO,Broadcom,2026-09-02 05:00:00,367.96,368.49,368.49,367.96,0.0,0.0,739.0,272462.233,0.1440373953690699,367.96
US.AVGO,Broadcom,2026-09-02 05:05:00,368.49,369.25,369.25,368.49,0.0,0.0,2859.0,1054804.638,0.20624711661103176,368.49
US.AVGO,Broadcom,2026-09-02 05:10:00,369.25,368.6,369.38,368.6,0.0,0.0,2858.0,1054018.234,-0.17603249830737366,369.25
US.AVGO,Broadcom,2026-09-02 05:15:00,368.6,368.55,369.0,368.55,0.0,0.0,1737.0,641002.417,-0.013564839934891854,368.6
US.AVGO,Broadcom,2026-09-02 05:20:00,368.55,368.72,368.75,368.55,0.0,0.0,838.0,309107.309,0.046126712793383776,368.55
US.AVGO,Broadcom,2026-09-02 05:25:00,368.72,368.34,368.99,368.34,0.0,0.0,2182.0,804465.47,-0.10305923193752774,368.72
US.AVGO,Broadcom,2026-09-02 05:30:00,368.34,368.4,368.7312,368.11,0.0,0.0,1931.0,711496.811,0.016289297931259782,368.34
US.AVGO,Broadcom,2026-09-02 05:35:00,368.4,368.24,368.4644,368.15,0.0,0.0,1445.0,532284.435,-0.04343105320303153,368.4
US.AVGO,Broadcom,2026-09-02 05:40:00,368.24,367.75,368.24,367.75,0.0,0.0,4571.0,1682071.859,-0.13306539213556623,368.24
US.AVGO,Broadcom,2026-09-02 05:45:00,367.75,368.0,368.19,367.73,0.0,0.0,2092.0,769692.38,0.06798096532970768,367.75
US.AVGO,Broadcom,2026-09-02 05:50:00,368.0,368.3,368.5,368.0,0.0,0.0,3831.0,1410948.58,0.08152173913043786,368.0
US.AVGO,Broadcom,2026-09-02 05:55:00,368.3,368.68,368.7,368.3,0.0,0.0,3527.0,1300216.833,0.10317675807765285,368.3
US.AVGO,Broadcom,2026-09-02 06:00:00,368.68,368.85,368.85,368.3544,0.0,0.0,3746.0,1380938.381,0.04611044808506453,368.68
US.AVGO,Broadcom,2026-09-02 06:05:00,368.85,368.11,368.85,368.11,0.0,0.0,8160.0,3005470.936,-0.20062355971262277,368.85
US.AVGO,Broadcom,2026-09-02 06:10:00,368.11,368.2,368.22,368.11,0.0,0.0,1239.0,456397.84,0.02444921355029067,368.11
US.AVGO,Broadcom,2026-09-02 06:15:00,368.2,368.4,368.4,368.18,0.0,0.0,1202.0,442711.132,0.054318305268872526,368.2
US.AVGO,Broadcom,2026-09-02 06:20:00,368.4,368.67,368.69,368.4,0.0,0.0,1548.0,570733.352,0.07328990228014079,368.4
US.AVGO,Broadcom,2026-09-02 06:25:00,368.67,368.3,368.67,368.3,0.0,0.0,1506.0,555504.386,-0.10036075623186169,368.67
US.AVGO,Broadcom,2026-09-02 06:30:00,368.3,369.04,369.1,368.3,0.0,0.0,3096.0,1141967.653,0.20092316046701306,368.3
US.AVGO,Broadcom,2026-09-02 06:35:00,369.04,368.6,369.04,368.4629,0.0,0.0,2075.0,765247.333,-0.11922826793843425,369.04
US.AVGO,Broadcom,2026-09-02 06:40:00,368.6,368.65,368.8,368.6,0.0,0.0,770.0,283889.578,0.01356483993487643,368.6
US.AVGO,Broadcom,2026-09-02 06:45:00,368.487,368.61,368.71,368.487,0.0,0.0,511.0,188637.877,-0.010850400108494133,368.65
US.AVGO,Broadcom,2026-09-02 06:50:00,368.61,368.73,368.73,368.55,0.0,0.0,1960.0,722798.879,0.03255473264425939,368.61
US.AVGO,Broadcom,2026-09-02 06:55:00,368.73,368.45,368.73,368.45,0.0,0.0,1238.0,456630.141,-0.07593632197001317,368.73
US.AVGO,Broadcom,2026-09-02 07:00:00,368.45,369.35,369.35,368.45,0.0,0.0,975.0,359541.203,0.24426652191614442,368.45
US.AVGO,Broadcom,2026-09-02 07:05:00,369.35,367.3,369.35,367.3,0.0,0.0,15400.0,5668023.646,-0.5550291051847871,369.35
US.AVGO,Broadcom,2026-09-02 07:10:00,367.3,367.98,368.0,367.1567,0.0,0.0,14283.0,5249966.408,0.1851347672202578,367.3
US.AVGO,Broadcom,2026-09-02 07:15:00,367.98,369.0,369.0,367.98,0.0,0.0,3586.0,1321542.268,0.2771889776618245,367.98
US.AVGO,Broadcom,2026-09-02 07:20:00,369.0,368.59,369.0,368.31,0.0,0.0,3236.0,1192908.54,-0.1111111111111179,369.0
US.AVGO,Broadcom,2026-09-02 07:25:00,368.59,368.7654,368.89,368.4,0.0,0.0,1903.0,701817.375,0.0475867495048766,368.59
US.AVGO,Broadcom,2026-09-02 07:30:00,368.7654,368.55,368.9,368.55,0.0,0.0,3299.0,1216428.325,-0.058411119915260025,368.7654
US.AVGO,Broadcom,2026-09-02 07:35:00,368.55,368.96,368.98,368.33,0.0,0.0,3266.0,1203834.722,0.11124677791343594,368.55
US.AVGO,Broadcom,2026-09-02 07:40:00,368.96,369.5,369.71,368.96,0.0,0.0,8556.0,3160445.796,0.14635732870772455,368.96
US.AVGO,Broadcom,2026-09-02 07:45:00,369.6,369.05,369.748,368.9362,0.0,0.0,3374.0,1245725.394,-0.12178619756427297,369.5
US.AVGO,Broadcom,2026-09-02 07:50:00,369.05,368.72,369.09,368.66,0.0,0.0,3534.0,1303692.265,-0.0894187779433638,369.05
US.AVGO,Broadcom,2026-09-02 07:55:00,368.72,368.76,368.8127,368.42,0.0,0.0,7351.0,2710109.213,0.010848340203938928,368.72
US.AVGO,Broadcom,2026-09-02 08:00:00,368.76,369.34,369.3495,368.55,0.0,0.0,6296.0,2323586.453,0.15728387026792062,368.76
US.AVGO,Broadcom,2026-09-02 08:05:00,369.34,369.24,369.41,369.0,0.0,0.0,4424.0,1633827.763,-0.02707532355010719,369.34
US.AVGO,Broadcom,2026-09-02 08:10:00,369.24,370.0073,370.4,369.24,0.0,0.0,10599.0,3921193.606,0.20780522153612213,369.24
US.AVGO,Broadcom,2026-09-02 08:15:00,370.0073,370.3322,370.3322,369.581,0.0,0.0,12213.0,4517865.502,0.08780907836143063,370.0073
US.AVGO,Broadcom,2026-09-02 08:20:00,370.3322,370.36,370.51,370.01,0.0,0.0,9782.0,3622895.718,0.007506773648095782,370.3322
US.AVGO,Broadcom,2026-09-02 08:25:00,370.36,371.2,371.5,370.36,0.0,0.0,28655.0,10626218.787,0.22680635057780943,370.36
US.AVGO,Broadcom,2026-09-02 08:30:00,371.41,370.9788,371.5,370.8,0.0,0.0,11377.0,4221745.966,-0.059590517241382084,371.2
US.AVGO,Broadcom,2026-09-02 08:35:00,370.9788,370.44,371.02,370.29,0.0,0.0,13919.0,5158929.166,-0.14523740979268374,370.9788
US.AVGO,Broadcom,2026-09-02 08:40:00,370.44,370.39,370.44,369.88,0.0,0.0,6810.0,2520732.209,-0.013497462477057381,370.44
US.AVGO,Broadcom,2026-09-02 08:45:00,370.39,369.4234,370.39,369.3981,0.0,0.0,10844.0,4010978.546,-0.26096816868705186,370.39
US.AVGO,Broadcom,2026-09-02 08:50:00,369.4234,369.18,369.59,369.07,0.0,0.0,10184.0,3761226.166,-0.06588645981819459,369.4234
US.AVGO,Broadcom,2026-09-02 08:55:00,369.01,368.44,369.1,368.4,0.0,0.0,18497.0,6820974.777,-0.20044422774798445,369.18
US.AVGO,Broadcom,2026-09-02 09:00:00,368.4622,368.66,368.84,368.3625,0.0,0.0,10098.0,3722073.862,0.05971121485181503,368.44
US.AVGO,Broadcom,2026-09-02 09:05:00,368.66,369.2,369.5,368.66,0.0,0.0,6402.0,2363558.473,0.14647642814516454,368.66
US.AVGO,Broadcom,2026-09-02 09:10:00,369.2,370.07,371.0,369.06,0.0,0.0,24399.0,9030251.53,0.23564463705308902,369.2
US.AVGO,Broadcom,2026-09-02 09:15:00,370.07,370.18,370.5,370.0,0.0,0.0,9411.0,3483447.983,0.029724106250172577,370.07
US.AVGO,Broadcom,2026-09-02 09:20:00,370.18,370.37,370.5,370.0534,0.0,0.0,7853.0,2908175.236,0.05132638176022414,370.18
US.AVGO,Broadcom,2026-09-02 09:25:00,370.37,370.74,371.0,370.28,0.0,0.0,12072.0,4474476.215,0.09990009990010114,370.37
US.AVGO,Broadcom,2026-09-02 09:30:00,370.74,367.92,371.28,367.87,0.0,0.0,38314.0,14175658.469,-0.7606408804013576,370.74
US.AVGO,Broadcom,2026-09-02 09:35:00,369.68,365.23,369.685,364.65,0.0,0.0,887752.0,325873510.836,-0.7311372037399428,367.92
US.AVGO,Broadcom,2026-09-02 09:40:00,365.165,366.525,366.6,364.8135,0.0,0.0,453285.0,165673705.178,0.35457109218847277,365.23
US.AVGO,Broadcom,2026-09-02 09:45:00,366.4913,368.38,369.29,366.4913,0.0,0.0,336201.0,123766805.465,0.506104631334839,366.525
US.AVGO,Broadcom,2026-09-02 09:50:00,368.28,367.17,369.6,366.7001,0.0,0.0,271310.0,99909731.1,-0.3284651718334273,368.38
US.AVGO,Broadcom,2026-09-02 09:55:00,367.115,367.0178,367.85,366.26,0.0,0.0,280592.0,102988128.179,-0.04145218835961365,367.17
US.AVGO,Broadcom,2026-09-02 10:00:00,367.03,367.94,368.15,366.87,0.0,0.0,259237.0,95243805.566,0.2512684670879656,367.0178
US.AVGO,Broadcom,2026-09-02 10:05:00,367.94,368.593,368.7598,367.28,0.0,0.0,318571.0,117226180.466,0.17747458824808937,367.94
US.AVGO,Broadcom,2026-09-02 10:10:00,368.77,367.785,369.0899,367.68,0.0,0.0,268162.0,98834845.544,-0.21921197635331996,368.593
US.AVGO,Broadcom,2026-09-02 10:15:00,367.759,368.26,368.37,367.1,0.0,0.0,267674.0,98422954.974,0.12915154234130424,367.785
US.AVGO,Broadcom,2026-09-02 10:20:00,368.38,368.81,369.05,368.0,0.0,0.0,191935.0,70748367.938,0.14935100200945292,368.26
US.AVGO,Broadcom,2026-09-02 10:25:00,368.8,369.0,369.5,368.6119,0.0,0.0,266462.0,98339332.101,0.05151704129497511,368.81
US.AVGO,Broadcom,2026-09-02 10:30:00,368.9601,369.932,370.05,368.79,0.0,0.0,270266.0,99850429.397,0.2525745257452619,369.0
US.AVGO,Broadcom,2026-09-02 10:35:00,369.9254,370.0799,370.2,369.09,0.0,0.0,184624.0,68255341.557,0.03998032070758756,369.932
US.AVGO,Broadcom,2026-09-02 10:40:00,370.08,368.875,370.39,368.31,0.0,0.0,303982.0,112328478.347,-0.32557834132575403,370.0799
US.AVGO,Broadcom,2026-09-02 10:45:00,368.875,369.37,369.575,368.7401,0.0,0.0,176617.0,65206909.393,0.1341917993900385,368.875
US.AVGO,Broadcom,2026-09-02 10:50:00,369.36,368.465,369.46,367.86,0.0,0.0,210736.0,77689783.666,-0.24501177680916955,369.37
US.AVGO,Broadcom,2026-09-02 10:55:00,368.46,368.14,368.68,367.69,0.0,0.0,166365.0,61256953.902,-0.08820376426525957,368.465
US.AVGO,Broadcom,2026-09-02 11:00:00,368.155,368.19,368.8,368.0,0.0,0.0,158308.0,58323760.749,0.01358178953659243,368.14
US.AVGO,Broadcom,2026-09-02 11:05:00,368.205,368.61,368.79,367.815,0.0,0.0,194131.0,71474508.807,0.11407153915098614,368.19
US.AVGO,Broadcom,2026-09-02 11:10:00,368.66,369.9014,369.94,368.32,0.0,0.0,191143.0,70573196.148,0.35034318113996094,368.61
US.AVGO,Broadcom,2026-09-02 11:15:00,369.92,369.905,370.36,369.3611,0.0,0.0,251393.0,92991233.329,0.0009732323262223331,369.9014
US.AVGO,Broadcom,2026-09-02 11:20:00,369.905,369.89,370.1499,369.53,0.0,0.0,209714.0,77559724.831,-0.00405509522714923,369.905
US.AVGO,Broadcom,2026-09-02 11:25:00,369.855,369.78,370.15,369.57,0.0,0.0,202130.0,74743732.187,-0.029738570926495345,369.89
US.AVGO,Broadcom,2026-09-02 11:30:00,369.78,370.74,370.79,369.78,0.0,0.0,248773.0,92055704.441,0.2596138244361611,369.78
US.AVGO,Broadcom,2026-09-02 11:35:00,370.73,370.64,371.04,370.55,0.0,0.0,245728.0,91109547.551,-0.026973080865302566,370.74
US.AVGO,Broadcom,2026-09-02 11:40:00,370.63,370.51,370.66,370.15,0.0,0.0,172407.0,63847928.543,-0.035074465788904455,370.64
US.AVGO,Broadcom,2026-09-02 11:45:00,370.51,370.95,371.09,370.49,0.0,0.0,147573.0,54719740.0,0.11875522927856139,370.51
US.AVGO,Broadcom,2026-09-02 11:50:00,370.94,370.5972,371.0,370.3,0.0,0.0,126979.0,47059929.652,-0.09510715729882788,370.95
US.AVGO,Broadcom,2026-09-02 11:55:00,370.575,370.3495,370.79,370.0478,0.0,0.0,147862.0,54774083.101,-0.06683806569504813,370.5972
US.AVGO,Broadcom,2026-09-02 12:00:00,370.35,370.6,370.66,369.8,0.0,0.0,152137.0,56328929.009,0.06763881144703719,370.3495
US.AVGO,Broadcom,2026-09-02 12:05:00,370.62,370.455,370.7492,370.26,0.0,0.0,104877.0,38859670.915,-0.03912574203994567,370.6
US.AVGO,Broadcom,2026-09-02 12:10:00,370.5,370.2424,370.52,370.15,0.0,0.0,142189.0,52657650.914,-0.057388886639405334,370.455
US.AVGO,Broadcom,2026-09-02 12:15:00,370.24,369.4791,370.25,369.41,0.0,0.0,151084.0,55891149.926,-0.20616223317479532,370.2424
US.AVGO,Broadcom,2026-09-02 12:20:00,369.49,369.37,369.95,369.2394,0.0,0.0,135077.0,49918628.265,-0.029528057202697577,369.4791
US.AVGO,Broadcom,2026-09-02 12:25:00,369.395,369.15,369.49,369.02,0.0,0.0,104164.0,38463421.527,-0.059560873920466544,369.37
US.AVGO,Broadcom,2026-09-02 12:30:00,369.18,369.06,369.42,368.86,0.0,0.0,150116.0,55401696.287,-0.024380333197880265,369.15
US.AVGO,Broadcom,2026-09-02 12:35:00,369.0,369.43,369.55,368.69,0.0,0.0,111973.0,41333698.316,0.10025470113260838,369.06
US.AVGO,Broadcom,2026-09-02 12:40:00,369.46,369.1,369.76,369.0,0.0,0.0,137558.0,50815806.351,-0.08932680074709257,369.43
US.AVGO,Broadcom,2026-09-02 12:45:00,369.12,368.775,369.24,368.62,0.0,0.0,113634.0,41924689.144,-0.08805201842320386,369.1
US.AVGO,Broadcom,2026-09-02 12:50:00,368.775,368.515,369.0,368.3505,0.0,0.0,137639.0,50749452.663,-0.07050369466476603,368.775
US.AVGO,Broadcom,2026-09-02 12:55:00,368.52,368.8,368.83,368.04,0.0,0.0,188375.0,69390114.117,0.07733742181458693,368.515
US.AVGO,Broadcom,2026-09-02 13:00:00,368.8,369.015,369.23,368.61,0.0,0.0,117036.0,43174798.26,0.05829718004337716,368.8
US.AVGO,Broadcom,2026-09-02 13:05:00,369.0175,368.975,369.37,368.845,0.0,0.0,129423.0,47779343.443,-0.01083966776417317,369.015
US.AVGO,Broadcom,2026-09-02 13:10:00,368.975,366.79,369.14,366.08,0.0,0.0,500006.0,183670341.964,-0.592181042076022,368.975
US.AVGO,Broadcom,2026-09-02 13:15:00,366.75,368.23,368.35,366.72,0.0,0.0,233719.0,85896660.602,0.39259521797213603,366.79
US.AVGO,Broadcom,2026-09-02 13:20:00,368.21,368.1801,368.38,367.87,0.0,0.0,196312.0,72266537.85,-0.013551313038056775,368.23
US.AVGO,Broadcom,2026-09-02 13:25:00,368.215,368.625,368.84,368.05,0.0,0.0,163738.0,60331501.374,0.12083760094584642,368.1801
US.AVGO,Broadcom,2026-09-02 13:30:00,368.62,369.19,369.19,368.5,0.0,0.0,129464.0,47746494.824,0.1532722956934548,368.625
US.AVGO,Broadcom,2026-09-02 13:35:00,369.2,368.465,369.42,368.44,0.0,0.0,195571.0,72179394.533,-0.19637584983342526,369.19
US.AVGO,Broadcom,2026-09-02 13:40:00,368.465,368.0526,368.492,367.94,0.0,0.0,155828.0,57377460.552,-0.11192379194767238,368.465
US.AVGO,Broadcom,2026-09-02 13:45:00,367.9901,368.48,368.54,367.9901,0.0,0.0,120797.0,44484036.694,0.11612470608821518,368.0526
US.AVGO,Broadcom,2026-09-02 13:50:00,368.48,368.165,368.7399,368.1401,0.0,0.0,128634.0,47395098.039,-0.08548632218844923,368.48
US.AVGO,Broadcom,2026-09-02 13:55:00,368.164,367.8575,368.23,367.4,0.0,0.0,176896.0,65070626.798,-0.08352233373623362,368.165
US.AVGO,Broadcom,2026-09-02 14:00:00,367.885,367.24,367.885,367.2,0.0,0.0,176150.0,64739831.249,-0.1678639146952303,367.8575
US.AVGO,Broadcom,2026-09-02 14:05:00,367.24,368.105,368.17,366.7101,0.0,0.0,221447.0,81338616.319,0.23554079076353587,367.24
US.AVGO,Broadcom,2026-09-02 14:10:00,368.11,368.03,368.385,367.42,0.0,0.0,281089.0,103401543.224,-0.020374621371631863,368.105
US.AVGO,Broadcom,2026-09-02 14:15:00,368.02,368.9005,368.95,367.96,0.0,0.0,198464.0,73107270.959,0.2365296307366382,368.03
US.AVGO,Broadcom,2026-09-02 14:20:00,368.9,368.455,369.58,368.37,0.0,0.0,290540.0,107201022.52,-0.120764271124609,368.9005
US.AVGO,Broadcom,2026-09-02 14:25:00,368.44,368.69,368.74,368.37,0.0,0.0,163072.0,60102898.357,0.06377983742926915,368.455
US.AVGO,Broadcom,2026-09-02 14:30:00,368.67,368.615,368.98,368.5,0.0,0.0,215993.0,79637803.046,-0.02034229298326199,368.69
US.AVGO,Broadcom,2026-09-02 14:35:00,368.615,368.23,368.88,368.01,0.0,0.0,201908.0,74416424.698,-0.10444501715882178,368.615
US.AVGO,Broadcom,2026-09-02 14:40:00,368.2452,368.33,368.76,368.1,0.0,0.0,229993.0,84711928.941,0.027156939955996495,368.23
US.AVGO,Broadcom,2026-09-02 14:45:00,368.3,368.485,368.57,368.05,0.0,0.0,167604.0,61732850.916,0.04208182879483875,368.33
US.AVGO,Broadcom,2026-09-02 14:50:00,368.49,368.545,368.74,368.3545,0.0,0.0,171423.0,63179698.266,0.01628288804157626,368.485
US.AVGO,Broadcom,2026-09-02 14:55:00,368.52,368.85,369.1,368.45,0.0,0.0,206613.0,76176754.037,0.0827578721730065,368.545
US.AVGO,Broadcom,2026-09-02 15:00:00,368.86,369.055,369.35,368.73,0.0,0.0,274559.0,101333385.619,0.05557814829876211,368.85
US.AVGO,Broadcom,2026-09-02 15:05:00,369.01,369.585,369.77,368.8,0.0,0.0,234552.0,86616190.103,0.14361003102517855,369.055
US.AVGO,Broadcom,2026-09-02 15:10:00,369.61,369.705,370.3,369.56,0.0,0.0,310020.0,114687510.236,0.03246885019684364,369.585
US.AVGO,Broadcom,2026-09-02 15:15:00,369.705,369.57,370.66,369.54,0.0,0.0,328575.0,121540751.254,-0.036515600275893186,369.705
US.AVGO,Broadcom,2026-09-02 15:20:00,369.6,369.38,369.7893,369.0508,0.0,0.0,252820.0,93372096.97,-0.05141109938577204,369.57
US.AVGO,Broadcom,2026-09-02 15:25:00,369.38,368.74,369.4499,368.71,0.0,0.0,270752.0,99920946.35,-0.17326330608045545,369.38
US.AVGO,Broadcom,2026-09-02 15:30:00,368.75,367.99,368.8,367.9047,0.0,0.0,316745.0,116674081.24,-0.2033953463144763,368.74
US.AVGO,Broadcom,2026-09-02 15:35:00,368.0,367.95,368.0699,367.326,0.0,0.0,427061.0,157020553.074,-0.010869860594043441,367.99
US.AVGO,Broadcom,2026-09-02 15:40:00,368.02,367.86,368.1568,367.51,0.0,0.0,369984.0,136118021.294,-0.024459845087640982,367.95
US.AVGO,Broadcom,2026-09-02 15:45:00,367.85,367.665,368.575,367.6008,0.0,0.0,457780.0,168453282.003,-0.05300929701516696,367.86
US.AVGO,Broadcom,2026-09-02 15:50:00,367.665,368.42,368.78,367.64,0.0,0.0,493101.0,181585221.669,0.20534997892102744,367.665
US.AVGO,Broadcom,2026-09-02 15:55:00,368.44,367.255,368.69,366.89,0.0,0.0,819973.0,301752514.18,-0.31621518918626035,368.42
US.AVGO,Broadcom,2026-09-02 16:00:00,367.22,367.24,368.65,366.84,0.0,0.0,5346598.0,1963614135.545,-0.004084355556762021,367.255
US.AVGO,Broadcom,2026-09-02 16:05:00,367.81,369.3051,369.42,367.24,0.0,0.0,743790.0,273437015.835,0.5623298115673598,367.24
US.AVGO,Broadcom,2026-09-02 16:10:00,369.2,370.15,370.2,368.61,0.0,0.0,176803.0,65319642.694,0.2287810268528638,369.3051
US.AVGO,Broadcom,2026-09-02 16:15:00,370.15,368.533,373.63,368.38,0.0,0.0,334381.0,124142331.395,-0.4368499257057847,370.15
US.AVGO,Broadcom,2026-09-02 16:20:00,368.533,346.77,369.01,342.2,0.0,0.0,1587546.0,553053007.99,-5.905305630703365,368.533
US.AVGO,Broadcom,2026-09-02 16:25:00,346.77,354.26,355.18,346.4903,0.0,0.0,1136206.0,397770425.142,2.1599330968653603,346.77
US.AVGO,Broadcom,2026-09-02 16:30:00,354.26,352.27,356.5,350.75,0.0,0.0,542517.0,191830263.446,-0.5617343194264126,354.26
US.AVGO,Broadcom,2026-09-02 16:35:00,352.0,351.0101,352.0,348.15,0.0,0.0,355380.0,124384467.526,-0.3576518011752233,352.27
US.AVGO,Broadcom,2026-09-02 16:40:00,351.18,353.48,353.8,350.3477,0.0,0.0,269355.0,95219097.606,0.703654966053682,351.0101
US.AVGO,Broadcom,2026-09-02 16:45:00,353.48,355.389,361.4,353.0,0.0,0.0,647011.0,231320607.202,0.5400588434989226,353.48
US.AVGO,Broadcom,2026-09-02 16:50:00,355.389,356.63,357.5,354.8889,0.0,0.0,468290.0,169385826.68,0.34919482595127743,355.389
US.AVGO,Broadcom,2026-09-02 16:55:00,356.63,356.52,357.94,353.5,0.0,0.0,200766.0,71396081.21,-0.03084429240389582,356.63
US.AVGO,Broadcom,2026-09-02 17:00:00,356.52,353.5,356.86,352.2,0.0,0.0,194965.0,69032899.536,-0.8470773028161063,356.52
US.AVGO,Broadcom,2026-09-02 17:05:00,353.5,355.86,355.96,353.0,0.0,0.0,130488.0,46216346.784,0.6676096181046715,353.5
US.AVGO,Broadcom,2026-09-02 17:10:00,355.86,351.66,356.79,350.04,0.0,0.0,304297.0,107578924.187,-1.1802394199966246,355.86
US.AVGO,Broadcom,2026-09-02 17:15:00,351.66,350.718,354.02,348.55,0.0,0.0,279417.0,98012257.661,-0.26787237672752295,351.66
US.AVGO,Broadcom,2026-09-02 17:20:00,350.718,364.82,367.99,343.0,0.0,0.0,1721819.0,615680190.244,4.0208942797347085,350.718
US.AVGO,Broadcom,2026-09-02 17:25:00,364.82,377.72,379.69,359.97,0.0,0.0,1215922.0,450220666.638,3.535990351406183,364.82
US.AVGO,Broadcom,2026-09-02 17:30:00,377.72,374.3933,377.72,370.27,0.0,0.0,862695.0,322848656.978,-0.8807317589749064,377.72
US.AVGO,Broadcom,2026-09-02 17:35:00,374.3933,374.33,376.5,372.61,0.0,0.0,422685.0,158132914.19,-0.01690735384421317,374.3933
US.AVGO,Broadcom,2026-09-02 17:40:00,374.33,369.97,375.0,367.02,0.0,0.0,485330.0,180217329.659,-1.1647476825261018,374.33
US.AVGO,Broadcom,2026-09-02 17:45:00,369.97,370.19,372.0,369.0,0.0,0.0,209237.0,77473180.271,0.059464280887631546,369.97
US.AVGO,Broadcom,2026-09-02 17:50:00,370.19,372.41,373.3,368.3,0.0,0.0,370631.0,137218456.946,0.5996920500283712,370.19
US.AVGO,Broadcom,2026-09-02 17:55:00,372.41,371.3244,373.0,370.21,0.0,0.0,105383.0,39136488.388,-0.29150667275314823,372.41
US.AVGO,Broadcom,2026-09-02 18:00:00,371.49,370.01,372.42,369.26,0.0,0.0,143465.0,53268216.607,-0.35397619978650324,371.3244
US.AVGO,Broadcom,2026-09-02 18:05:00,370.01,366.6704,370.39,363.63,0.0,0.0,244741.0,89768899.143,-0.9025702008053887,370.01
US.AVGO,Broadcom,2026-09-02 18:10:00,366.6704,366.21,366.6704,364.28,0.0,0.0,161598.0,59090763.739,-0.1255623579105357,366.6704
US.AVGO,Broadcom,2026-09-02 18:15:00,366.21,367.7721,368.2,365.3553,0.0,0.0,99546.0,36516248.447,0.4265585319898538,366.21
US.AVGO,Broadcom,2026-09-02 18:20:00,367.7721,368.1,369.25,367.0,0.0,0.0,96204.0,35445098.111,0.08915847613236556,367.7721
US.AVGO,Broadcom,2026-09-02 18:25:00,368.1,368.39,368.8,367.3583,0.0,0.0,45187.0,16631816.875,0.07878293941862635,368.1
US.AVGO,Broadcom,2026-09-02 18:30:00,368.39,366.9646,368.4,366.4,0.0,0.0,56359.0,20706330.222,-0.38692689812426173,368.39
US.AVGO,Broadcom,2026-09-02 18:35:00,366.9646,366.6,367.01,366.25,0.0,0.0,55685.0,20419451.067,-0.09935563266865409,366.9646
US.AVGO,Broadcom,2026-09-02 18:40:00,366.6,365.6069,366.6355,365.11,0.0,0.0,75191.0,27508464.809,-0.270894708128758,366.6
US.AVGO,Broadcom,2026-09-02 18:45:00,365.6069,365.43,366.1,365.43,0.0,0.0,43796.0,16018479.769,-0.048385301262090286,365.6069
US.AVGO,Broadcom,2026-09-02 18:50:00,365.43,360.25,365.43,359.0,0.0,0.0,226578.0,82002191.263,-1.4175081410940555,365.43
US.AVGO,Broadcom,2026-09-02 18:55:00,360.2809,361.73,362.0,360.25,0.0,0.0,91195.0,32938019.833,0.4108258154059731,360.25
US.AVGO,Broadcom,2026-09-02 19:00:00,361.53,361.5942,362.3144,361.3099,0.0,0.0,46302.0,16756920.061,-0.037541812954418344,361.73
US.AVGO,Broadcom,2026-09-02 19:05:00,361.788,360.31,361.8699,360.0,0.0,0.0,82826.0,29872827.001,-0.35514950184488536,361.5942
US.AVGO,Broadcom,2026-09-02 19:10:00,360.31,362.216,362.5,360.28,0.0,0.0,74124.0,26822030.299,0.5289889262024384,360.31
US.AVGO,Broadcom,2026-09-02 19:15:00,362.24,363.0066,363.7,362.2,0.0,0.0,88154.0,32010089.075,0.21826755306225665,362.216
US.AVGO,Broadcom,2026-09-02 19:20:00,363.0066,362.8856,363.39,361.76,0.0,0.0,63676.0,23089983.948,-0.03333272728374109,363.0066
US.AVGO,Broadcom,2026-09-02 19:25:00,362.8856,362.45,362.9441,362.05,0.0,0.0,19162.0,6943186.089,-0.1200378301040389,362.8856
US.AVGO,Broadcom,2026-09-02 19:30:00,362.45,363.5,363.9594,362.3381,0.0,0.0,55530.0,20184352.548,0.2896951303628118,362.45
US.AVGO,Broadcom,2026-09-02 19:35:00,363.5,363.6688,364.0,363.0,0.0,0.0,24740.0,8994123.819,0.04643741403025477,363.5
US.AVGO,Broadcom,2026-09-02 19:40:00,363.6688,363.6399,363.6688,363.0386,0.0,0.0,16519.0,6001980.381,-0.007946791146220029,363.6688
US.AVGO,Broadcom,2026-09-02 19:45:00,363.6399,362.7,363.78,362.5,0.0,0.0,22315.0,8105969.503,-0.2584699863793887,363.6399
US.AVGO,Broadcom,2026-09-02 19:50:00,362.7,363.57,363.68,362.7,0.0,0.0,28087.0,10205060.68,0.2398676592224992,362.7
US.AVGO,Broadcom,2026-09-02 19:55:00,363.57,364.0,364.3,363.4756,0.0,0.0,33828.0,12313547.787,0.11827158456418484,363.57
US.AVGO,Broadcom,2026-09-02 20:00:00,364.0071,364.2268,364.25,363.7032,0.0,0.0,49811.0,18131948.662,0.06230769230769935,364.0
US.AVGO,Broadcom,2026-09-03 04:05:00,361.65,361.15,362.76,359.01,0.0,0.0,204055.0,73639822.154,-0.8447483820520753,364.2268
US.AVGO,Broadcom,2026-09-03 04:10:00,361.15,357.9,361.44,357.58,0.0,0.0,38846.0,13973515.966,-0.8999030873598228,361.15
US.AVGO,Broadcom,2026-09-03 04:15:00,357.9,359.18,360.37,357.9,0.0,0.0,22438.0,8068058.703,0.35764179938531143,357.9
US.AVGO,Broadcom,2026-09-03 04:20:00,359.18,359.0,359.26,358.56,0.0,0.0,8454.0,3035229.577,-0.0501141488947065,359.18
US.AVGO,Broadcom,2026-09-03 04:25:00,359.0,358.74,359.0,358.0,0.0,0.0,18144.0,6501437.587,-0.07242339832868827,359.0
US.AVGO,Broadcom,2026-09-03 04:30:00,358.74,359.09,359.09,358.11,0.0,0.0,8710.0,3124760.815,0.09756369515525615,358.74
US.AVGO,Broadcom,2026-09-03 04:35:00,359.09,358.64,359.2928,358.64,0.0,0.0,6776.0,2432751.861,-0.1253167729538524,359.09
US.AVGO,Broadcom,2026-09-03 04:40:00,358.64,359.27,359.3,358.4922,0.0,0.0,6823.0,2448622.297,0.17566361811286957,358.64
US.AVGO,Broadcom,2026-09-03 04:45:00,359.27,359.6,359.77,359.01,0.0,0.0,6030.0,2167685.939,0.09185292398475824,359.27
US.AVGO,Broadcom,2026-09-03 04:50:00,359.6,359.74,359.89,359.5,0.0,0.0,7146.0,2571071.618,0.038932146829807106,359.6
US.AVGO,Broadcom,2026-09-03 04:55:00,359.74,359.3,359.74,358.7,0.0,0.0,11682.0,4194756.625,-0.12231055762495073,359.74
US.AVGO,Broadcom,2026-09-03 05:00:00,359.33,358.9,359.65,358.9,0.0,0.0,5222.0,1876533.403,-0.1113275814083034,359.3
US.AVGO,Broadcom,2026-09-03 05:05:00,358.9,358.34,359.35,357.9003,0.0,0.0,16591.0,5944749.312,-0.15603232098077524,358.9
US.AVGO,Broadcom,2026-09-03 05:10:00,358.34,358.4,358.51,357.86,0.0,0.0,7744.0,2773369.303,0.01674387453256747,358.34
US.AVGO,Broadcom,2026-09-03 05:15:00,358.4,358.0,358.4,357.82,0.0,0.0,7649.0,2739086.272,-0.11160714285713652,358.4
US.AVGO,Broadcom,2026-09-03 05:20:00,358.0,356.5,358.06,356.4,0.0,0.0,36062.0,12875801.103,-0.41899441340782123,358.0
US.AVGO,Broadcom,2026-09-03 05:25:00,356.5,355.79,356.99,355.31,0.0,0.0,35607.0,12671532.567,-0.19915848527348656,356.5
US.AVGO,Broadcom,2026-09-03 05:30:00,355.79,356.31,356.31,355.13,0.0,0.0,28653.0,10188479.567,0.14615362995024644,355.79
US.AVGO,Broadcom,2026-09-03 05:35:00,356.31,355.47,356.62,355.0,0.0,0.0,34767.0,12366548.498,-0.2357497684600418,356.31
US.AVGO,Broadcom,2026-09-03 05:40:00,355.47,355.5,356.0,354.25,0.0,0.0,61818.0,21933545.466,0.008439530762081952,355.47
US.AVGO,Broadcom,2026-09-03 05:45:00,355.5,355.36,355.9173,355.25,0.0,0.0,9932.0,3530937.949,-0.0393811533052001,355.5
US.AVGO,Broadcom,2026-09-03 05:50:00,355.36,355.1,356.25,355.1,0.0,0.0,13700.0,4872167.154,-0.0731652408824828,355.36
US.AVGO,Broadcom,2026-09-03 05:55:00,355.1,355.8,356.32,355.1,0.0,0.0,9055.0,3223141.655,0.1971275696986732,355.1
US.AVGO,Broadcom,2026-09-03 06:00:00,355.8,353.89,355.8,353.58,0.0,0.0,27641.0,9796088.825,-0.5368184373243465,355.8
US.AVGO,Broadcom,2026-09-03 06:05:00,353.89,354.05,354.3,353.52,0.0,0.0,26107.0,9239289.106,0.04521178897398203,353.89
US.AVGO,Broadcom,2026-09-03 06:10:00,354.05,354.22,354.3,353.52,0.0,0.0,18386.0,6506732.125,0.04801581697500803,354.05
US.AVGO,Broadcom,2026-09-03 06:15:00,354.22,353.16,354.73,353.01,0.0,0.0,23819.0,8420629.589,-0.299249054260065,354.22
US.AVGO,Broadcom,2026-09-03 06:20:00,353.16,354.0,354.1,353.15,0.0,0.0,21246.0,7513159.636,0.23785253143050597,353.16
US.AVGO,Broadcom,2026-09-03 06:25:00,354.0,354.63,354.77,353.8,0.0,0.0,21725.0,7695678.515,0.17796610169491398,354.0
US.AVGO,Broadcom,2026-09-03 06:30:00,354.63,355.1,355.4,354.42,0.0,0.0,27140.0,9635532.344,0.1325324986605835,354.63
US.AVGO,Broadcom,2026-09-03 06:35:00,355.1,355.14,355.67,355.07,0.0,0.0,13669.0,4856602.913,0.011264432554199837,355.1
US.AVGO,Broadcom,2026-09-03 06:40:00,355.14,355.92,355.96,355.0,0.0,0.0,17488.0,6213880.379,0.2196316945430055,355.14
US.AVGO,Broadcom,2026-09-03 06:45:00,355.92,356.4,356.5,355.5,0.0,0.0,23923.0,8518044.215,0.13486176668913277,355.92
US.AVGO,Broadcom,2026-09-03 06:50:00,356.4888,356.0,356.6,355.65,0.0,0.0,17368.0,6188889.728,-0.11223344556677253,356.4
US.AVGO,Broadcom,2026-09-03 06:55:00,356.0,356.6,356.85,355.83,0.0,0.0,12107.0,4314606.911,0.168539325842703,356.0
US.AVGO,Broadcom,2026-09-03 07:00:00,356.6,357.5641,357.75,356.49,0.0,0.0,23044.0,8231144.093,0.27035894559730045,356.6
US.AVGO,Broadcom,2026-09-03 07:05:00,357.5641,356.86,358.0,355.98,0.0,0.0,58961.0,21037588.508,-0.1969157418208323,357.5641
US.AVGO,Broadcom,2026-09-03 07:10:00,356.86,357.5,357.79,356.02,0.0,0.0,33039.0,11799741.092,0.17934203889480085,356.86
US.AVGO,Broadcom,2026-09-03 07:15:00,357.5,355.7,357.5,355.5,0.0,0.0,40836.0,14547422.143,-0.5034965034965067,357.5
US.AVGO,Broadcom,2026-09-03 07:20:00,355.85,356.0,356.49,355.65,0.0,0.0,26638.0,9484126.003,0.08434073657576929,355.7
US.AVGO,Broadcom,2026-09-03 07:25:00,356.0,356.0793,356.1892,355.55,0.0,0.0,28859.0,10269750.084,0.02227528089887339,356.0
US.AVGO,Broadcom,2026-09-03 07:30:00,356.0793,355.99,356.25,355.969,0.0,0.0,34404.0,12250964.205,-0.025078683315761453,356.0793
US.AVGO,Broadcom,2026-09-03 07:35:00,355.99,356.0,357.0,355.5,0.0,0.0,58397.0,20800868.513,0.002809067670437626,355.99
US.AVGO,Broadcom,2026-09-03 07:40:00,356.0,356.09,356.71,355.79,0.0,0.0,41906.0,14929770.839,0.02528089887639747,356.0
US.AVGO,Broadcom,2026-09-03 07:45:00,356.09,355.8606,356.1812,355.52,0.0,0.0,25753.0,9164197.33,-0.06442191580780092,356.09
US.AVGO,Broadcom,2026-09-03 07:50:00,355.8606,353.8,356.0,353.57,0.0,0.0,82322.0,29179647.814,-0.5790469638954032,355.8606
US.AVGO,Broadcom,2026-09-03 07:55:00,353.8,354.2,354.58,353.7,0.0,0.0,47918.0,16967867.297,0.1130582249858613,353.8
US.AVGO,Broadcom,2026-09-03 08:00:00,354.3916,353.84,354.86,353.07,0.0,0.0,64474.0,22822917.481,-0.10163749294184463,354.2
US.AVGO,Broadcom,2026-09-03 08:05:00,353.84,353.38,354.48,353.32,0.0,0.0,64633.0,22859135.704,-0.1300022609088796,353.84
US.AVGO,Broadcom,2026-09-03 08:10:00,353.38,354.4,354.49,353.3,0.0,0.0,47881.0,16952176.733,0.2886411228705591,353.38
US.AVGO,Broadcom,2026-09-03 08:15:00,354.4,352.45,354.99,352.3,0.0,0.0,81905.0,28955796.996,-0.5502257336343084,354.4
US.AVGO,Broadcom,2026-09-03 08:20:00,352.45,353.5,353.7,352.15,0.0,0.0,45804.0,16155807.647,0.29791459781529617,352.45
US.AVGO,Broadcom,2026-09-03 08:25:00,353.5,355.0067,355.2497,353.4001,0.0,0.0,51900.0,18380829.131,0.4262234794908128,353.5
US.AVGO,Broadcom,2026-09-03 08:30:00,355.0067,355.6,356.23,354.8894,0.0,0.0,98326.0,34954159.73,0.16712360639954096,355.0067
US.AVGO,Broadcom,2026-09-03 08:35:00,355.6,355.5801,357.38,354.2385,0.0,0.0,100485.0,35762405.179,-0.005596175478067185,355.6
US.AVGO,Broadcom,2026-09-03 08:40:00,355.5801,355.9,356.07,355.08,0.0,0.0,37299.0,13266051.01,0.08996566455770764,355.5801
US.AVGO,Broadcom,2026-09-03 08:45:00,355.9,356.2675,356.38,355.7,0.0,0.0,37989.0,13525520.249,0.10325934251194348,355.9
US.AVGO,Broadcom,2026-09-03 08:50:00,356.2,355.89,356.3,355.2,0.0,0.0,33333.0,11858913.617,-0.1059597072424506,356.2675
US.AVGO,Broadcom,2026-09-03 08:55:00,355.89,356.2,357.28,355.7,0.0,0.0,54312.0,19367383.325,0.08710556632667461,355.89
US.AVGO,Broadcom,2026-09-03 09:00:00,356.2,355.12,356.89,354.52,0.0,0.0,83021.0,29516709.19,-0.3032004491858462,356.2
US.AVGO,Broadcom,2026-09-03 09:05:00,355.12,354.25,355.21,353.38,0.0,0.0,94500.0,33458529.609,-0.24498760982203327,355.12
US.AVGO,Broadcom,2026-09-03 09:10:00,354.25,354.8027,355.5,354.18,0.0,0.0,78450.0,27841995.303,0.15601976005646176,354.25
US.AVGO,Broadcom,2026-09-03 09:15:00,354.8027,356.22,356.6899,354.75,0.0,0.0,74799.0,26628443.911,0.39946144716486415,354.8027
US.AVGO,Broadcom,2026-09-03 09:20:00,356.22,355.17,356.73,354.69,0.0,0.0,69773.0,24805831.049,-0.2947616641401413,356.22
US.AVGO,Broadcom,2026-09-03 09:25:00,355.17,355.29,355.48,354.7,0.0,0.0,102672.0,36452448.578,0.033786637384915545,355.17
US.AVGO,Broadcom,2026-09-03 09:30:00,355.29,352.88,356.12,350.76,0.0,0.0,314835.0,111003417.964,-0.6783191195924526,355.29
US.AVGO,Broadcom,2026-09-03 09:35:00,351.74,346.93,353.6499,345.57,0.0,0.0,4191556.0,1464172492.46,-1.6861255951031482,352.88
US.AVGO,Broadcom,2026-09-03 09:40:00,346.97,350.725,350.9797,345.87,0.0,0.0,1832634.0,637521236.12,1.0938806099213143,346.93
US.AVGO,Broadcom,2026-09-03 09:45:00,350.79,346.245,350.91,345.69,0.0,0.0,1451004.0,503942625.197,-1.277354052320199,350.725
US.AVGO,Broadcom,2026-09-03 09:50:00,346.13,346.2,346.77,345.2,0.0,0.0,1439493.0,497995845.778,-0.012996577567911713,346.245
US.AVGO,Broadcom,2026-09-03 09:55:00,346.21,344.37,346.49,343.79,0.0,0.0,1580873.0,545146416.89,-0.5285961871750388,346.2
US.AVGO,Broadcom,2026-09-03 10:00:00,344.35,343.535,344.72,343.45,0.0,0.0,1263292.0,434670216.31,-0.24247176002554796,344.37
US.AVGO,Broadcom,2026-09-03 10:05:00,343.55,344.44,345.2,343.26,0.0,0.0,1154054.0,397051873.851,0.26343749545169276,343.535
US.AVGO,Broadcom,2026-09-03 10:10:00,344.4,343.025,344.4195,342.81,0.0,0.0,1216449.0,417843110.554,-0.41081175240971446,344.44
US.AVGO,Broadcom,2026-09-03 10:15:00,342.98,343.27,343.97,342.67,0.0,0.0,938470.0,322106271.255,0.07142336564390483,343.025
US.AVGO,Broadcom,2026-09-03 10:20:00,343.27,343.325,343.85,342.88,0.0,0.0,846911.0,290812677.947,0.01602237305910998,343.27
US.AVGO,Broadcom,2026-09-03 10:25:00,343.31,344.46,344.5799,342.9234,0.0,0.0,1013551.0,348447849.284,0.33059054831427687,343.325
US.AVGO,Broadcom,2026-09-03 10:30:00,344.44,343.935,344.57,343.8,0.0,0.0,697287.0,239948551.576,-0.15241247169482008,344.46
US.AVGO,Broadcom,2026-09-03 10:35:00,343.9,342.7,343.97,342.66,0.0,0.0,773977.0,265655084.789,-0.35907947722680555,343.935
US.AVGO,Broadcom,2026-09-03 10:40:00,342.705,343.444278,343.5,342.44,0.0,0.0,642114.0,220104500.475,0.21718062445287672,342.7
US.AVGO,Broadcom,2026-09-03 10:45:00,343.423,343.5,344.43,343.39,0.0,0.0,683022.0,235019680.156,0.01622446596708271,343.444278
US.AVGO,Broadcom,2026-09-03 10:50:00,343.485,343.44,343.53,342.3305,0.0,0.0,637181.0,218529818.824,-0.017467248908297605,343.5
US.AVGO,Broadcom,2026-09-03 10:55:00,343.43,343.795,343.83,342.99,0.0,0.0,425260.0,145991652.799,0.1033659445609184,343.44
US.AVGO,Broadcom,2026-09-03 11:00:00,343.78,345.8,345.98,343.48,0.0,0.0,825797.0,284421802.736,0.5831963815645939,343.795
US.AVGO,Broadcom,2026-09-03 11:05:00,345.83,346.595,346.69,344.82,0.0,0.0,928198.0,321088382.35,0.2299016772701029,345.8
US.AVGO,Broadcom,2026-09-03 11:10:00,346.56,346.15,347.41,346.0105,0.0,0.0,853272.0,295923425.741,-0.1283919271772674,346.595
US.AVGO,Broadcom,2026-09-03 11:15:00,346.08,347.3351,347.5399,346.0,0.0,0.0,738815.0,256397275.185,0.3423660262891909,346.15
US.AVGO,Broadcom,2026-09-03 11:20:00,347.3694,347.34,348.5412,347.065,0.0,0.0,981850.0,341542864.791,0.0014107413848942164,347.3351
US.AVGO,Broadcom,2026-09-03 11:25:00,347.31,347.5394,347.81,346.8,0.0,0.0,577921.0,200749053.701,0.05740772729890758,347.34
US.AVGO,Broadcom,2026-09-03 11:30:00,347.53,349.11,349.2,347.5,0.0,0.0,809347.0,282168963.089,0.451919983748609,347.5394
US.AVGO,Broadcom,2026-09-03 11:35:00,349.11,348.72,349.13,347.8,0.0,0.0,451808.0,157398809.014,-0.11171264071495698,349.11
US.AVGO,Broadcom,2026-09-03 11:40:00,348.675,350.3066,350.38,348.675,0.0,0.0,646482.0,225889076.278,0.45497820601054595,348.72
US.AVGO,Broadcom,2026-09-03 11:45:00,350.2806,350.28,351.15,349.1,0.0,0.0,782227.0,273981681.852,-0.0075933482269618605,350.3066
US.AVGO,Broadcom,2026-09-03 11:50:00,350.31,350.66,350.88,349.9,0.0,0.0,390586.0,136833085.291,0.10848464085875653,350.28
US.AVGO,Broadcom,2026-09-03 11:55:00,350.69,351.52,352.13,350.63,0.0,0.0,713206.0,250662823.936,0.2452518108709168,350.66
US.AVGO,Broadcom,2026-09-03 12:00:00,351.59,351.785,352.5,351.41,0.0,0.0,484316.0,170406840.025,0.07538689121530588,351.52
US.AVGO,Broadcom,2026-09-03 12:05:00,351.82,352.08,353.18,351.62,0.0,0.0,737531.0,259901524.264,0.08385803829042145,351.785
US.AVGO,Broadcom,2026-09-03 12:10:00,352.03,352.36,353.0,351.58,0.0,0.0,582051.0,204998852.179,0.07952738014088548,352.08
US.AVGO,Broadcom,2026-09-03 12:15:00,352.33,351.925,352.76,351.728,0.0,0.0,485728.0,171080326.261,-0.12345328641162512,352.36
US.AVGO,Broadcom,2026-09-03 12:20:00,351.95,352.82,353.1,351.52,0.0,0.0,737680.0,259726529.833,0.25431555018824514,351.925
US.AVGO,Broadcom,2026-09-03 12:25:00,352.83,351.9699,353.04,351.86,0.0,0.0,360878.0,127185237.797,-0.24094439090754427,352.82
US.AVGO,Broadcom,2026-09-03 12:30:00,351.9695,353.3,353.96,351.9,0.0,0.0,514839.0,181745636.891,0.3779016330657865,351.9699
US.AVGO,Broadcom,2026-09-03 12:35:00,353.26,352.5279,353.39,352.32,0.0,0.0,470944.0,166143919.434,-0.21853948485706853,353.3
US.AVGO,Broadcom,2026-09-03 12:40:00,352.58,354.0601,354.3,352.17,0.0,0.0,471808.0,166694499.673,0.4346322659851856,352.5279
US.AVGO,Broadcom,2026-09-03 12:45:00,354.11,355.96,356.4,354.06,0.0,0.0,741494.0,263642326.663,0.5366038138722783,354.0601
US.AVGO,Broadcom,2026-09-03 12:50:00,355.9637,355.7301,356.47,355.11,0.0,0.0,648366.0,230720608.172,-0.0645859085290444,355.96
US.AVGO,Broadcom,2026-09-03 12:55:00,355.75,355.435,355.88,354.35,0.0,0.0,357507.0,126951459.894,-0.08295615130684494,355.7301
US.AVGO,Broadcom,2026-09-03 13:00:00,355.435,356.365,356.81,355.19,0.0,0.0,473247.0,168451768.305,0.26165121611546605,355.435
US.AVGO,Broadcom,2026-09-03 13:05:00,356.365,356.98,357.32,355.7,0.0,0.0,470162.0,167733889.247,0.17257587024539703,356.365
US.AVGO,Broadcom,2026-09-03 13:10:00,356.971,355.86,357.42,355.62,0.0,0.0,449915.0,160486512.797,-0.3137430668384796,356.98
US.AVGO,Broadcom,2026-09-03 13:15:00,355.895,354.555,356.21,354.25,0.0,0.0,590617.0,209883558.694,-0.36671724835609704,355.86
US.AVGO,Broadcom,2026-09-03 13:20:00,354.6,355.23,355.7099,354.59,0.0,0.0,311976.0,110810664.285,0.1903794897829706,354.555
US.AVGO,Broadcom,2026-09-03 13:25:00,355.23,354.515,355.23,353.9901,0.0,0.0,438687.0,155479044.682,-0.2012780452101545,355.23
US.AVGO,Broadcom,2026-09-03 13:30:00,354.53,354.46,354.77,353.95,0.0,0.0,268126.0,95008054.521,-0.01551415313879718,354.515
US.AVGO,Broadcom,2026-09-03 13:35:00,354.46,354.59,354.94,354.28,0.0,0.0,218808.0,77588723.085,0.03667550640410638,354.46
US.AVGO,Broadcom,2026-09-03 13:40:00,354.59,354.505,354.96,354.37,0.0,0.0,253243.0,89811286.818,-0.023971347189706293,354.59
US.AVGO,Broadcom,2026-09-03 13:45:00,354.505,354.235,354.8295,354.1001,0.0,0.0,200519.0,71078441.923,-0.07616253649454362,354.505
US.AVGO,Broadcom,2026-09-03 13:50:00,354.2,354.025,354.4647,353.6021,0.0,0.0,289416.0,102448062.492,-0.059282679577127156,354.235
US.AVGO,Broadcom,2026-09-03 13:55:00,353.96,354.345,354.76,353.73,0.0,0.0,238593.0,84539600.819,0.0903890968152108,354.025
US.AVGO,Broadcom,2026-09-03 14:00:00,354.34,352.6711,354.3999,352.3801,0.0,0.0,499497.0,176425961.012,-0.47239272460455295,354.345
US.AVGO,Broadcom,2026-09-03 14:05:00,352.725,353.51,353.68,352.51,0.0,0.0,484978.0,171204970.293,0.23787035569400694,352.6711
US.AVGO,Broadcom,2026-09-03 14:10:00,353.53,354.6,354.6,353.43,0.0,0.0,287751.0,101860231.669,0.30833639783882544,353.51
US.AVGO,Broadcom,2026-09-03 14:15:00,354.58,355.56,355.72,354.31,0.0,0.0,335149.0,118936788.141,0.27072758037224465,354.6
US.AVGO,Broadcom,2026-09-03 14:20:00,355.56,355.85,356.69,355.3,0.0,0.0,408121.0,145309753.898,0.08156148048149973,355.56
US.AVGO,Broadcom,2026-09-03 14:25:00,355.88,355.0,356.02,354.7892,0.0,0.0,316583.0,112524683.147,-0.23886469017845238,355.85
US.AVGO,Broadcom,2026-09-03 14:30:00,354.9,355.47,355.97,354.9,0.0,0.0,248673.0,88397253.036,0.13239436619719078,355.0
US.AVGO,Broadcom,2026-09-03 14:35:00,355.4401,356.6977,356.725,355.44,0.0,0.0,290881.0,103540849.184,0.3453737305539062,355.47
US.AVGO,Broadcom,2026-09-03 14:40:00,356.695,356.855,357.09,356.17,0.0,0.0,342374.0,122130398.897,0.04409896671607937,356.6977
US.AVGO,Broadcom,2026-09-03 14:45:00,356.89,356.325,357.23,356.25,0.0,0.0,302911.0,108018116.403,-0.14851970688375657,356.855
US.AVGO,Broadcom,2026-09-03 14:50:00,356.28,356.8951,356.95,356.07,0.0,0.0,356491.0,127076665.8,0.15999438714657263,356.325
US.AVGO,Broadcom,2026-09-03 14:55:00,356.895,356.62,357.2299,355.98,0.0,0.0,455877.0,162514821.296,-0.07708147295942393,356.8951
US.AVGO,Broadcom,2026-09-03 15:00:00,356.6666,357.09,357.555,356.41,0.0,0.0,395061.0,141059226.59,0.13179294487128326,356.62
US.AVGO,Broadcom,2026-09-03 15:05:00,357.09,356.62,357.7,356.51,0.0,0.0,337176.0,120439642.373,-0.13161947968298482,357.09
US.AVGO,Broadcom,2026-09-03 15:10:00,356.58,356.8,357.24,356.35,0.0,0.0,317862.0,113412528.623,0.050473893780496555,356.62
US.AVGO,Broadcom,2026-09-03 15:15:00,356.765,357.06,358.0,356.52,0.0,0.0,347454.0,124151253.21,0.07286995515694812,356.8
US.AVGO,Broadcom,2026-09-03 15:20:00,357.065,357.54,357.54,356.8,0.0,0.0,295522.0,105533310.789,0.13443118803562937,357.06
US.AVGO,Broadcom,2026-09-03 15:25:00,357.48,358.46,358.47,357.34,0.0,0.0,388694.0,139003397.377,0.2573138669799069,357.54
US.AVGO,Broadcom,2026-09-03 15:30:00,358.36,358.2,359.13,357.9003,0.0,0.0,869548.0,311713991.171,-0.07253250013948304,358.46
US.AVGO,Broadcom,2026-09-03 15:35:00,358.19,358.99,359.1,358.0,0.0,0.0,550360.0,197338438.459,0.22054718034618107,358.2
US.AVGO,Broadcom,2026-09-03 15:40:00,358.88,358.935,359.15,358.5,0.0,0.0,495420.0,177767998.012,-0.015320761023985855,358.99
US.AVGO,Broadcom,2026-09-03 15:45:00,358.935,358.395,359.26,358.18,0.0,0.0,1197523.0,429763700.699,-0.1504450666555283,358.935
US.AVGO,Broadcom,2026-09-03 15:50:00,358.395,357.28,359.4,356.8977,0.0,0.0,850784.0,304993196.03,-0.31110925096611536,358.395
US.AVGO,Broadcom,2026-09-03 15:55:00,357.3,358.305,358.42,355.4901,0.0,0.0,753615.0,269280884.73,0.28688983430363696,357.28
US.AVGO,Broadcom,2026-09-03 16:00:00,358.28,357.16,358.305,356.4,0.0,0.0,4670174.0,1667896206.246,-0.31956015126776954,358.305
US.AVGO,Broadcom,2026-09-03 16:05:00,357.16,356.4,357.32,356.1,0.0,0.0,725400.0,259049610.278,-0.212789786090281,357.16
US.AVGO,Broadcom,2026-09-03 16:10:00,356.4,356.9583,356.9583,356.31,0.0,0.0,28929.0,10319681.374,0.1566498316498404,356.4
US.AVGO,Broadcom,2026-09-03 16:15:00,356.84,357.3115,357.4327,356.84,0.0,0.0,89490.0,31961302.472,0.0989471319198952,356.9583
US.AVGO,Broadcom,2026-09-03 16:20:00,357.3115,356.9,357.4045,356.9,0.0,0.0,14652.0,5234872.233,-0.11516561879481807,357.3115
US.AVGO,Broadcom,2026-09-03 16:25:00,356.9,356.84,357.1951,356.84,0.0,0.0,21858.0,7803418.85,-0.01681143177360669,356.9
US.AVGO,Broadcom,2026-09-03 16:30:00,356.84,356.8707,356.98,356.65,0.0,0.0,6557.0,2340195.436,0.008603295594671106,356.84
US.AVGO,Broadcom,2026-09-03 16:35:00,356.8707,356.92,356.97,356.86,0.0,0.0,7159.0,2555218.557,0.013814527222329138,356.8707
US.AVGO,Broadcom,2026-09-03 16:40:00,356.92,356.751,356.93,356.6,0.0,0.0,30121.0,10755652.239,-0.047349546116787954,356.92
US.AVGO,Broadcom,2026-09-03 16:45:00,356.751,356.9066,357.2,356.751,0.0,0.0,10112.0,3609752.864,0.043615855316467084,356.751
US.AVGO,Broadcom,2026-09-03 16:50:00,356.9066,356.8071,357.035,356.8,0.0,0.0,6632.0,2362995.508,-0.0278784421470588,356.9066
US.AVGO,Broadcom,2026-09-03 16:55:00,356.8071,356.74,356.83,356.6012,0.0,0.0,128876.0,46025852.156,-0.018805679595496328,356.8071
US.AVGO,Broadcom,2026-09-03 17:00:00,356.7345,356.6109,356.89,356.58,0.0,0.0,8457.0,3012353.45,-0.03618882099007512,356.74
US.AVGO,Broadcom,2026-09-03 17:05:00,356.6109,356.59,356.8,356.59,0.0,0.0,6755.0,2413025.114,-0.005860729439296474,356.6109
US.AVGO,Broadcom,2026-09-03 17:10:00,356.59,356.5001,356.75,356.5001,0.0,0.0,12526.0,4467716.954,-0.025211026669284077,356.59
US.AVGO,Broadcom,2026-09-03 17:15:00,356.5001,356.6155,356.7535,356.5,0.0,0.0,7706.0,2748217.774,0.032370257399653574,356.5001
US.AVGO,Broadcom,2026-09-03 17:20:00,356.6155,356.7503,356.84,356.6155,0.0,0.0,2838.0,1011609.316,0.037799815207130445,356.6155
US.AVGO,Broadcom,2026-09-03 17:25:00,356.7503,356.7,356.97,356.7,0.0,0.0,2797.0,998114.995,-0.014099497603784192,356.7503
US.AVGO,Broadcom,2026-09-03 17:30:00,356.7,356.6707,356.82,356.6707,0.0,0.0,3351.0,1195433.06,-0.008214185590125569,356.7
US.AVGO,Broadcom,2026-09-03 17:35:00,356.65,356.8,356.84,356.6002,0.0,0.0,5333.0,1902620.334,0.036251926496906145,356.6707
US.AVGO,Broadcom,2026-09-03 17:40:00,356.8,356.77,356.8783,356.7106,0.0,0.0,9809.0,3502165.221,-0.008408071748887207,356.8
US.AVGO,Broadcom,2026-09-03 17:45:00,356.77,356.77,356.8,356.7,0.0,0.0,6185.0,2206507.224,0.0,356.77
US.AVGO,Broadcom,2026-09-03 17:50:00,356.77,356.85,356.85,356.66,0.0,0.0,3336.0,1190185.385,0.02242341004009332,356.77
US.AVGO,Broadcom,2026-09-03 17:55:00,356.85,356.75,356.85,356.61,0.0,0.0,2952.0,1053079.844,-0.028022978842657344,356.85
US.AVGO,Broadcom,2026-09-03 18:00:00,356.75,356.7,356.78,356.6558,0.0,0.0,1970.0,702958.476,-0.014015416958657706,356.75
US.AVGO,Broadcom,2026-09-03 18:05:00,356.7,356.56,356.7,356.5,0.0,0.0,3997.0,1425414.317,-0.03924866834874863,356.7
US.AVGO,Broadcom,2026-09-03 18:10:00,356.56,356.5,356.6,356.5,0.0,0.0,5603.0,1998229.981,-0.016827462418667904,356.56
US.AVGO,Broadcom,2026-09-03 18:15:00,356.5,356.2388,356.55,356.2,0.0,0.0,8800.0,3136914.52,-0.07326788218793097,356.5
US.AVGO,Broadcom,2026-09-03 18:20:00,356.2388,356.5,356.6,356.21,0.0,0.0,4967.0,1770761.195,0.07332160337390926,356.2388
US.AVGO,Broadcom,2026-09-03 18:25:00,356.5,356.4,356.6,356.3616,0.0,0.0,3823.0,1363176.171,-0.02805049088359684,356.5
US.AVGO,Broadcom,2026-09-03 18:30:00,356.4,356.36,356.5,356.3,0.0,0.0,4339.0,1546643.684,-0.011223344556667684,356.4
US.AVGO,Broadcom,2026-09-03 18:35:00,356.36,356.561,356.58,356.36,0.0,0.0,4920.0,1754213.912,0.05640363677179396,356.36
US.AVGO,Broadcom,2026-09-03 18:40:00,356.561,356.52,356.6,356.52,0.0,0.0,4303.0,1534562.848,-0.011498733737003435,356.561
US.AVGO,Broadcom,2026-09-03 18:45:00,356.52,356.25,356.58,356.09,0.0,0.0,9453.0,3369083.316,-0.07573207674183267,356.52
US.AVGO,Broadcom,2026-09-03 18:50:00,356.25,356.3,356.46,356.25,0.0,0.0,5211.0,1856976.168,0.014035087719301438,356.25
US.AVGO,Broadcom,2026-09-03 18:55:00,356.3,356.2549,356.3,356.2,0.0,0.0,4765.0,1697801.932,-0.01265787257928454,356.3
US.AVGO,Broadcom,2026-09-03 19:00:00,356.2549,356.44,356.44,356.2502,0.0,0.0,5965.0,2125998.277,0.05195718009772698,356.2549
US.AVGO,Broadcom,2026-09-03 19:05:00,356.44,356.4,356.48,356.37,0.0,0.0,3251.0,1158987.515,-0.011222085063410521,356.44
US.AVGO,Broadcom,2026-09-03 19:10:00,356.4,356.3695,356.4,356.36,0.0,0.0,2280.0,812857.559,-0.008557800224455918,356.4
US.AVGO,Broadcom,2026-09-03 19:15:00,356.3695,356.33,356.54,356.32,0.0,0.0,4663.0,1662011.489,-0.0110840012964163,356.3695
US.AVGO,Broadcom,2026-09-03 19:20:00,356.3227,356.2798,356.34,356.26,0.0,0.0,6619.0,2358615.304,-0.014088064434642373,356.33
US.AVGO,Broadcom,2026-09-03 19:25:00,356.2798,356.3,356.33,356.25,0.0,0.0,3200.0,1140393.339,0.0056697011730635445,356.2798
US.AVGO,Broadcom,2026-09-03 19:30:00,356.3,356.31,356.45,356.28,0.0,0.0,3457.0,1232054.15,0.002806623631768427,356.3
US.AVGO,Broadcom,2026-09-03 19:35:00,356.31,356.39,356.44,356.3,0.0,0.0,3089.0,1100881.177,0.022452358900952565,356.31
US.AVGO,Broadcom,2026-09-03 19:40:00,356.39,356.45,356.45,356.3002,0.0,0.0,4294.0,1530584.903,0.01683548921125797,356.39
US.AVGO,Broadcom,2026-09-03 19:45:00,356.45,356.4902,356.5514,356.4,0.0,0.0,5482.0,1954419.466,0.01127787908543333,356.45
US.AVGO,Broadcom,2026-09-03 19:50:00,356.4902,356.54,356.57,356.4902,0.0,0.0,4725.0,1684806.232,0.013969528475117891,356.4902
US.AVGO,Broadcom,2026-09-03 19:55:00,356.54,356.4,356.55,356.38,0.0,0.0,8557.0,3050273.588,-0.03926628148315566,356.54
US.AVGO,Broadcom,2026-09-03 20:00:00,356.44,356.45,356.52,356.4,0.0,0.0,6381.0,2274583.731,0.014029180695850555,356.4
US.AVGO,Broadcom,2026-09-04 04:05:00,360.5,361.5,361.9,360.0,0.0,0.0,135692.0,48923224.839,1.416748492074628,356.45
US.AVGO,Broadcom,2026-09-04 04:10:00,361.5,362.16,362.502,361.4,0.0,0.0,16875.0,6106840.678,0.18257261410789075,361.5
US.AVGO,Broadcom,2026-09-04 04:15:00,362.16,361.5,362.29,361.3,0.0,0.0,7463.0,2699993.526,-0.18223989396952314,362.16
US.AVGO,Broadcom,2026-09-04 04:20:00,361.5,361.2288,361.55,361.092,0.0,0.0,4413.0,1594392.224,-0.07502074688797279,361.5
US.AVGO,Broadcom,2026-09-04 04:25:00,361.2288,361.1,361.59,361.1,0.0,0.0,6557.0,2369472.554,-0.03565607171962912,361.2288
US.AVGO,Broadcom,2026-09-04 04:30:00,361.2,361.3,361.61,361.0,0.0,0.0,9166.0,3313453.149,0.055386319579060816,361.1
US.AVGO,Broadcom,2026-09-04 04:35:00,361.3,361.04,361.6,361.0,0.0,0.0,4202.0,1518198.935,-0.07196235815111843,361.3
US.AVGO,Broadcom,2026-09-04 04:40:00,361.04,360.9,361.1,360.7,0.0,0.0,5371.0,1938307.762,-0.03877686682917217,361.04
US.AVGO,Broadcom,2026-09-04 04:45:00,360.7963,360.6672,360.9,360.38,0.0,0.0,6687.0,2412095.371,-0.06450540315876904,360.9
US.AVGO,Broadcom,2026-09-04 04:50:00,360.6672,360.9388,360.96,360.6672,0.0,0.0,4214.0,1520901.849,0.07530487940129708,360.6672
US.AVGO,Broadcom,2026-09-04 04:55:00,360.9388,360.91,360.9388,360.68,0.0,0.0,2043.0,737398.476,-0.007979192040309804,360.9388
US.AVGO,Broadcom,2026-09-04 05:00:00,360.91,360.85,361.18,360.71,0.0,0.0,4050.0,1461739.595,-0.016624643262863947,360.91
US.AVGO,Broadcom,2026-09-04 05:05:00,360.85,360.51,360.8503,360.5,0.0,0.0,4260.0,1536480.633,-0.09422197589026793,360.85
US.AVGO,Broadcom,2026-09-04 05:10:00,360.5,360.5,360.5,360.1507,0.0,0.0,5775.0,2080808.891,-0.0027738481595492234,360.51
US.AVGO,Broadcom,2026-09-04 05:15:00,360.5,360.0,360.5,360.0,0.0,0.0,4474.0,1611285.114,-0.13869625520110956,360.5
US.AVGO,Broadcom,2026-09-04 05:20:00,360.0,360.85,360.85,359.935,0.0,0.0,5452.0,1963880.586,0.23611111111111743,360.0
US.AVGO,Broadcom,2026-09-04 05:25:00,360.85,360.49,360.85,360.49,0.0,0.0,4476.0,1614540.89,-0.09976444506027812,360.85
US.AVGO,Broadcom,2026-09-04 05:30:00,360.49,360.36,360.6,360.2,0.0,0.0,8867.0,3195418.819,-0.03606202668589849,360.49
US.AVGO,Broadcom,2026-09-04 05:35:00,360.56,360.4,360.6,360.2843,0.0,0.0,1323.0,477109.255,0.011100011100001004,360.36
US.AVGO,Broadcom,2026-09-04 05:40:00,360.4,360.9,360.9,360.37,0.0,0.0,2315.0,835277.817,0.13873473917869036,360.4
US.AVGO,Broadcom,2026-09-04 05:45:00,360.9,360.86,360.94,360.7,0.0,0.0,5358.0,1933462.373,-0.011083402604589532,360.9
US.AVGO,Broadcom,2026-09-04 05:50:00,360.97,361.0,361.164,360.8,0.0,0.0,5731.0,2069296.295,0.038796209056139876,360.86
US.AVGO,Broadcom,2026-09-04 05:55:00,361.0,361.3,361.3,360.95,0.0,0.0,7103.0,2565445.158,0.08310249307479539,361.0
US.AVGO,Broadcom,2026-09-04 06:00:00,361.3,361.3724,361.4711,361.2,0.0,0.0,2420.0,874813.46,0.020038748962085802,361.3
US.AVGO,Broadcom,2026-09-04 06:05:00,361.3724,361.37,361.65,361.2426,0.0,0.0,9383.0,3391403.739,-0.000664134837088507,361.3724
US.AVGO,Broadcom,2026-09-04 06:10:00,361.37,361.3,361.4,361.21,0.0,0.0,4207.0,1520044.493,-0.01937072806264858,361.37
US.AVGO,Broadcom,2026-09-04 06:15:00,361.3,361.1509,361.49,361.1509,0.0,0.0,6565.0,2372223.932,-0.04126764461667109,361.3
US.AVGO,Broadcom,2026-09-04 06:20:00,361.1509,361.18,361.2,361.0,0.0,0.0,3595.0,1298617.053,0.008057573717808292,361.1509
US.AVGO,Broadcom,2026-09-04 06:25:00,361.18,361.27,361.49,361.17,0.0,0.0,1864.0,673774.513,0.02491832327370701,361.18
US.AVGO,Broadcom,2026-09-04 06:30:00,361.27,361.88,362.11,361.01,0.0,0.0,11651.0,4213826.18,0.16884878345835905,361.27
US.AVGO,Broadcom,2026-09-04 06:35:00,361.88,362.1,362.5,361.87,0.0,0.0,9201.0,3332871.224,0.06079363324859823,361.88
US.AVGO,Broadcom,2026-09-04 06:40:00,362.1,362.3,362.44,361.91,0.0,0.0,13460.0,4873803.065,0.05523336095001066,362.1
US.AVGO,Broadcom,2026-09-04 06:45:00,362.1608,362.1,362.1921,361.95,0.0,0.0,4088.0,1480436.261,-0.05520287054926542,362.3
US.AVGO,Broadcom,2026-09-04 06:50:00,362.1,362.15,362.75,362.07,0.0,0.0,9710.0,3519381.338,0.013808340237490892,362.1
US.AVGO,Broadcom,2026-09-04 06:55:00,362.15,362.08,362.3683,362.0,0.0,0.0,4998.0,1810465.471,-0.01932900731740803,362.15
US.AVGO,Broadcom,2026-09-04 07:00:00,362.08,361.83,362.08,361.8043,0.0,0.0,7216.0,2611684.726,-0.06904551480335837,362.08
US.AVGO,Broadcom,2026-09-04 07:05:00,361.83,360.85,361.83,360.631,0.0,0.0,26524.0,9583998.674,-0.270845424646923,361.83
US.AVGO,Broadcom,2026-09-04 07:10:00,360.85,360.71,361.17,360.71,0.0,0.0,15000.0,5414639.406,-0.03879728419011866,360.85
US.AVGO,Broadcom,2026-09-04 07:15:00,360.71,360.5,361.0,360.5,0.0,0.0,12428.0,4483047.931,-0.05821851348728329,360.71
US.AVGO,Broadcom,2026-09-04 07:20:00,360.5,360.35,360.65,360.35,0.0,0.0,13217.0,4765715.911,-0.041608876560326566,360.5
US.AVGO,Broadcom,2026-09-04 07:25:00,360.35,360.6406,360.6406,360.2101,0.0,0.0,7880.0,2839741.656,0.08064381850977757,360.35
US.AVGO,Broadcom,2026-09-04 07:30:00,360.6406,360.56,360.96,360.21,0.0,0.0,13875.0,5005049.779,-0.022349119871696087,360.6406
US.AVGO,Broadcom,2026-09-04 07:35:00,360.56,360.8,360.91,360.48,0.0,0.0,10748.0,3877053.467,0.0665631240292903,360.56
US.AVGO,Broadcom,2026-09-04 07:40:00,360.8,361.0,361.4,360.8,0.0,0.0,46626.0,16835432.501,0.05543237250554008,360.8
US.AVGO,Broadcom,2026-09-04 07:45:00,361.0,360.7366,361.0912,360.4,0.0,0.0,20657.0,7450541.23,-0.07296398891966484,361.0
US.AVGO,Broadcom,2026-09-04 07:50:00,360.7366,360.2,360.7366,360.1527,0.0,0.0,10843.0,3908414.327,-0.148751194084554,360.7366
US.AVGO,Broadcom,2026-09-04 07:55:00,360.2,360.58,360.6,360.2,0.0,0.0,9652.0,3479549.765,0.10549694614103149,360.2
US.AVGO,Broadcom,2026-09-04 08:00:00,360.5948,360.31,360.65,360.31,0.0,0.0,135204.0,48318097.587,-0.0748793610294475,360.58
US.AVGO,Broadcom,2026-09-04 08:05:00,360.31,359.74,360.4854,359.6267,0.0,0.0,23150.0,8335014.621,-0.15819710804584752,360.31
US.AVGO,Broadcom,2026-09-04 08:10:00,359.74,360.2,360.2,359.23,0.0,0.0,30251.0,10884389.423,0.1278701284260798,359.74
US.AVGO,Broadcom,2026-09-04 08:15:00,360.2,359.7,360.26,359.5358,0.0,0.0,10192.0,3668688.874,-0.13881177123820101,360.2
US.AVGO,Broadcom,2026-09-04 08:20:00,359.7,360.14,360.14,359.5,0.0,0.0,15462.0,5565083.117,0.12232415902140609,359.7
US.AVGO,Broadcom,2026-09-04 08:25:00,360.14,360.7377,360.75,360.0148,0.0,0.0,24581.0,8863058.195,0.16596323651914024,360.14
US.AVGO,Broadcom,2026-09-04 08:30:00,360.75,360.7,361.0,360.5408,0.0,0.0,31066.0,11207435.128,-0.010450806777342479,360.7377
US.AVGO,Broadcom,2026-09-04 08:35:00,360.7,359.144,360.7,357.0,0.0,0.0,123970.0,44388729.547,-0.43138342112558453,360.7
US.AVGO,Broadcom,2026-09-04 08:40:00,359.144,358.42,359.9,358.16,0.0,0.0,46233.0,16595686.119,-0.20159044839952486,359.144
US.AVGO,Broadcom,2026-09-04 08:45:00,358.42,357.75,359.357,357.75,0.0,0.0,32669.0,11718459.664,-0.18693153283857372,358.42
US.AVGO,Broadcom,2026-09-04 08:50:00,357.75,357.89,358.02,357.0192,0.0,0.0,43015.0,15377362.389,0.03913347309573344,357.75
US.AVGO,Broadcom,2026-09-04 08:55:00,357.89,357.0,358.2197,356.86,0.0,0.0,39407.0,14092699.426,-0.24867976193802183,357.89
US.AVGO,Broadcom,2026-09-04 09:00:00,357.0,357.5069,357.87,356.8404,0.0,0.0,22960.0,8207704.478,0.1419887955181998,357.0
US.AVGO,Broadcom,2026-09-04 09:05:00,357.5069,358.0,358.25,357.15,0.0,0.0,21536.0,7702929.927,0.1379274078346535,357.5069
US.AVGO,Broadcom,2026-09-04 09:10:00,358.0,357.9551,358.3952,357.5,0.0,0.0,27681.0,9912853.851,-0.01254189944133636,358.0
US.AVGO,Broadcom,2026-09-04 09:15:00,357.9551,357.8,357.9551,357.3,0.0,0.0,17679.0,6323599.403,-0.04332945668325565,357.9551
US.AVGO,Broadcom,2026-09-04 09:20:00,357.8,357.94,358.0799,357.68,0.0,0.0,26823.0,9600878.766,0.039128004471768126,357.8
US.AVGO,Broadcom,2026-09-04 09:25:00,357.94,358.7222,358.88,357.8301,0.0,0.0,29763.0,10669274.897,0.21852824495725232,357.94
US.AVGO,Broadcom,2026-09-04 09:30:00,358.7222,359.2,361.0,358.63,0.0,0.0,134126.0,48248988.609,0.13319499044107166,358.7222
US.AVGO,Broadcom,2026-09-04 09:35:00,359.7,358.69,360.16,354.51,0.0,0.0,1262059.0,451803865.715,-0.14198218262805984,359.2
US.AVGO,Broadcom,2026-09-04 09:40:00,358.665,354.94,359.7,354.67,0.0,0.0,725831.0,259623116.832,-1.045471019543338,358.69
US.AVGO,Broadcom,2026-09-04 09:45:00,355.038486,358.5,359.32,355.035,0.0,0.0,705335.0,252667766.56,1.0029864202400411,354.94
US.AVGO,Broadcom,2026-09-04 09:50:00,358.555,357.175,359.13,356.77,0.0,0.0,628835.0,225049889.396,-0.3695955369595505,358.5
US.AVGO,Broadcom,2026-09-04 09:55:00,357.17,357.14,358.29,356.75,0.0,0.0,661535.0,236429984.664,-0.009799118079379858,357.175
US.AVGO,Broadcom,2026-09-04 10:00:00,357.16,356.69,357.78,355.82,0.0,0.0,623156.0,222284549.837,-0.12600100800806088,357.14
US.AVGO,Broadcom,2026-09-04 10:05:00,356.725,356.375,357.94,356.0,0.0,0.0,599229.0,213926008.079,-0.08831197959011963,356.69
US.AVGO,Broadcom,2026-09-04 10:10:00,356.3482,355.4875,356.76,355.0,0.0,0.0,513376.0,182627392.123,-0.24903542616625424,356.375
US.AVGO,Broadcom,2026-09-04 10:15:00,355.59,355.65,356.17,355.0475,0.0,0.0,379088.0,134810235.404,0.04571187453847629,355.4875
US.AVGO,Broadcom,2026-09-04 10:20:00,355.71,354.6,355.7699,354.6,0.0,0.0,483471.0,171683332.226,-0.2952340784478995,355.65
US.AVGO,Broadcom,2026-09-04 10:25:00,354.6,356.38,356.38,354.43,0.0,0.0,441548.0,156793146.241,0.5019740552735399,354.6
US.AVGO,Broadcom,2026-09-04 10:30:00,356.4,358.67,358.67,355.8601,0.0,0.0,526290.0,187877252.996,0.6425725349346262,356.38
US.AVGO,Broadcom,2026-09-04 10:35:00,358.64,356.28,358.7216,356.2407,0.0,0.0,388124.0,138647128.741,-0.6663506844732046,358.67
US.AVGO,Broadcom,2026-09-04 10:40:00,356.275,355.61,356.3022,355.45,0.0,0.0,269928.0,96058417.019,-0.18805433928369797,356.28
US.AVGO,Broadcom,2026-09-04 10:45:00,355.605,355.45,355.98,354.74,0.0,0.0,433517.0,154051966.053,-0.04499311042997244,355.61
US.AVGO,Broadcom,2026-09-04 10:50:00,355.49,356.37,356.66,355.41,0.0,0.0,257105.0,91526355.102,0.2588268392178973,355.45
US.AVGO,Broadcom,2026-09-04 10:55:00,356.36,356.52,357.56,355.965,0.0,0.0,360166.0,128527803.011,0.042091085108167704,356.37
US.AVGO,Broadcom,2026-09-04 11:00:00,356.55,356.3001,357.01,356.0283,0.0,0.0,201657.0,71903892.825,-0.06167956916862885,356.52
US.AVGO,Broadcom,2026-09-04 11:05:00,356.345,356.35,356.41,355.5,0.0,0.0,202693.0,72167987.387,0.014005047991857558,356.3001
US.AVGO,Broadcom,2026-09-04 11:10:00,356.3,357.11,357.35,356.11,0.0,0.0,275145.0,98187928.426,0.21327346709695266,356.35
US.AVGO,Broadcom,2026-09-04 11:15:00,357.155,357.405,358.14,356.86,0.0,0.0,356807.0,127535838.026,0.08260759989917926,357.11
US.AVGO,Broadcom,2026-09-04 11:20:00,357.405,356.19,357.49,355.66,0.0,0.0,274374.0,97854013.605,-0.33995047635035186,357.405
US.AVGO,Broadcom,2026-09-04 11:25:00,356.175,355.93,356.5,355.75,0.0,0.0,275342.0,98024077.982,-0.07299474999297872,356.19
US.AVGO,Broadcom,2026-09-04 11:30:00,355.93,356.185,356.4,355.7,0.0,0.0,288165.0,102602816.134,0.07164330064900275,355.93
US.AVGO,Broadcom,2026-09-04 11:35:00,356.185,355.32,356.383,354.66,0.0,0.0,426212.0,151411374.336,-0.2428513272597131,356.185
US.AVGO,Broadcom,2026-09-04 11:40:00,355.32,357.09,357.24,355.27,0.0,0.0,374915.0,133511786.593,0.4981425194191101,355.32
US.AVGO,Broadcom,2026-09-04 11:45:00,357.09,356.9551,357.87,356.85,0.0,0.0,328758.0,117467050.687,-0.03777759108346892,357.09
US.AVGO,Broadcom,2026-09-04 11:50:00,356.955,356.205,357.4299,356.04,0.0,0.0,283300.0,101025846.162,-0.2101384739985594,356.9551
US.AVGO,Broadcom,2026-09-04 11:55:00,356.2,356.1275,356.35,355.95,0.0,0.0,223536.0,79606682.163,-0.02175713423449597,356.205
US.AVGO,Broadcom,2026-09-04 12:00:00,356.169,356.2,356.38,355.8217,0.0,0.0,171558.0,61091523.617,0.020357877445575222,356.1275
US.AVGO,Broadcom,2026-09-04 12:05:00,356.145,356.67,356.9,356.1206,0.0,0.0,176546.0,62944658.665,0.1319483436271834,356.2
US.AVGO,Broadcom,2026-09-04 12:10:00,356.635,356.38,356.72,356.13,0.0,0.0,138715.0,49432137.427,-0.08130765133036713,356.67
US.AVGO,Broadcom,2026-09-04 12:15:00,356.38,355.96,356.46,355.71,0.0,0.0,167736.0,59733934.769,-0.11785173129805712,356.38
US.AVGO,Broadcom,2026-09-04 12:20:00,355.955,355.56,356.05,355.33,0.0,0.0,207350.0,73725683.661,-0.11237217664905531,355.96
US.AVGO,Broadcom,2026-09-04 12:25:00,355.56,355.045,355.87,355.0201,0.0,0.0,275048.0,97768618.89,-0.14484193947575272,355.56
US.AVGO,Broadcom,2026-09-04 12:30:00,355.035,355.31,355.34,354.81,0.0,0.0,310871.0,110375727.104,0.07463842611499566,355.045
US.AVGO,Broadcom,2026-09-04 12:35:00,355.31,355.37,355.45,355.01,0.0,0.0,168994.0,60036504.87,0.016886662351186927,355.31
US.AVGO,Broadcom,2026-09-04 12:40:00,355.35,355.25,355.5799,355.1569,0.0,0.0,215658.0,76640990.581,-0.03376762247798197,355.37
US.AVGO,Broadcom,2026-09-04 12:45:00,355.25,355.37,355.39,355.08,0.0,0.0,128885.0,45785327.014,0.03377902885292176,355.25
US.AVGO,Broadcom,2026-09-04 12:50:00,355.39,356.16,356.43,355.32,0.0,0.0,240337.0,85524397.812,0.222303514646712,355.37
US.AVGO,Broadcom,2026-09-04 12:55:00,356.14,356.33,356.56,356.14,0.0,0.0,161959.0,57711289.513,0.047731356693609346,356.16
US.AVGO,Broadcom,2026-09-04 13:00:00,356.33,356.31,356.42,355.92,0.0,0.0,207783.0,74003001.419,-0.005612774675155561,356.33
US.AVGO,Broadcom,2026-09-04 13:05:00,356.32,355.83,356.55,355.6061,0.0,0.0,191451.0,68174270.576,-0.1347141534057473,356.31
US.AVGO,Broadcom,2026-09-04 13:10:00,355.84,355.51,356.0,355.33,0.0,0.0,155942.0,55466537.388,-0.08993058482983256,355.83
US.AVGO,Broadcom,2026-09-04 13:15:00,355.52,355.495,355.67,355.36,0.0,0.0,115572.0,41094116.302,-0.004219290596603853,355.51
US.AVGO,Broadcom,2026-09-04 13:20:00,355.5,355.235,355.645,355.12,0.0,0.0,165943.0,58976647.842,-0.07313745622301042,355.495
US.AVGO,Broadcom,2026-09-04 13:25:00,355.26,354.7,355.32,354.69,0.0,0.0,255953.0,90861852.782,-0.15060452939604066,355.235
US.AVGO,Broadcom,2026-09-04 13:30:00,354.695,354.74,355.19,354.65,0.0,0.0,168677.0,59859918.385,0.01127713560756145,354.7
US.AVGO,Broadcom,2026-09-04 13:35:00,354.735,353.835,354.8191,353.8,0.0,0.0,336336.0,119144614.096,-0.25511642329594336,354.74
US.AVGO,Broadcom,2026-09-04 13:40:00,353.8,355.48,355.61,353.7,0.0,0.0,259937.0,92204135.798,0.4649059589921966,353.835
US.AVGO,Broadcom,2026-09-04 13:45:00,355.435,354.785,355.63,354.695,0.0,0.0,246856.0,87673873.014,-0.19551029593788488,355.48
US.AVGO,Broadcom,2026-09-04 13:50:00,354.77,354.67,354.92,354.25,0.0,0.0,167079.0,59263640.971,-0.03241399720958019,354.785
US.AVGO,Broadcom,2026-09-04 13:55:00,354.72,354.465,354.85,354.35,0.0,0.0,147154.0,52168122.857,-0.05780020864466713,354.67
US.AVGO,Broadcom,2026-09-04 14:00:00,354.465,354.9,354.9,354.42,0.0,0.0,149099.0,52873354.988,0.12272015572764655,354.465
US.AVGO,Broadcom,2026-09-04 14:05:00,354.88,354.82,354.91,354.3,0.0,0.0,129187.0,45808215.12,-0.02254156100309498,354.9
US.AVGO,Broadcom,2026-09-04 14:10:00,354.795,355.4201,355.47,354.795,0.0,0.0,157706.0,56007213.05,0.1691280085677238,354.82
US.AVGO,Broadcom,2026-09-04 14:15:00,355.47,355.345,355.66,355.18,0.0,0.0,182989.0,65024180.711,-0.02112992484104403,355.4201
US.AVGO,Broadcom,2026-09-04 14:20:00,355.35,355.695,355.89,355.2,0.0,0.0,165618.0,58892331.841,0.09849582799813304,355.345
US.AVGO,Broadcom,2026-09-04 14:25:00,355.7,355.9799,356.4,355.6,0.0,0.0,258920.0,92171814.823,0.08009671207073286,355.695
US.AVGO,Broadcom,2026-09-04 14:30:00,355.925,355.93,355.9896,355.51,0.0,0.0,1150321.0,409123365.762,-0.014017645378286704,355.9799
US.AVGO,Broadcom,2026-09-04 14:35:00,355.91,356.33,356.39,355.77,0.0,0.0,147646.0,52571224.917,0.11238164807686267,355.93
US.AVGO,Broadcom,2026-09-04 14:40:00,356.345,356.63,356.93,356.34,0.0,0.0,273757.0,97626790.591,0.08419162012741317,356.33
US.AVGO,Broadcom,2026-09-04 14:45:00,356.605,357.4574,357.56,356.465,0.0,0.0,275198.0,98284716.111,0.23200515940891442,356.63
US.AVGO,Broadcom,2026-09-04 14:50:00,357.45,357.55,357.56,356.91,0.0,0.0,1381123.0,493671077.658,0.025905184785656826,357.4574
US.AVGO,Broadcom,2026-09-04 14:55:00,357.55,357.05,357.6,357.02,0.0,0.0,188636.0,67402232.749,-0.13984058173682,357.55
US.AVGO,Broadcom,2026-09-04 15:00:00,357.05,356.17,357.18,356.02,0.0,0.0,387257.0,138114073.982,-0.24646408066097059,357.05
US.AVGO,Broadcom,2026-09-04 15:05:00,356.1601,356.715,356.98,355.6711,0.0,0.0,237718.0,84717452.193,0.15301681781170762,356.17
US.AVGO,Broadcom,2026-09-04 15:10:00,356.74,356.09,357.1,356.0242,0.0,0.0,160483.0,57239201.608,-0.17520990146195145,356.715
US.AVGO,Broadcom,2026-09-04 15:15:00,356.09,355.725,356.9171,355.6,0.0,0.0,293321.0,104536171.62,-0.10250217641606119,356.09
US.AVGO,Broadcom,2026-09-04 15:20:00,355.77,355.91,355.98,355.67,0.0,0.0,134519.0,47870857.234,0.05200646566870539,355.725
US.AVGO,Broadcom,2026-09-04 15:25:00,355.91,356.22,356.35,355.84,0.0,0.0,122253.0,43539684.945,0.08710067151808104,355.91
US.AVGO,Broadcom,2026-09-04 15:30:00,356.26,356.23,356.47,356.03,0.0,0.0,164509.0,58604430.914,0.002807253944189238,356.22
US.AVGO,Broadcom,2026-09-04 15:35:00,356.25,357.12,357.19,356.0,0.0,0.0,227748.0,81184095.664,0.24983858742946588,356.23
US.AVGO,Broadcom,2026-09-04 15:40:00,357.12,356.845,357.14,356.5828,0.0,0.0,214649.0,76596892.31,-0.07700492831540583,357.12
US.AVGO,Broadcom,2026-09-04 15:45:00,356.82,356.795,357.06,356.51,0.0,0.0,254590.0,90825815.636,-0.014011685745915275,356.845
US.AVGO,Broadcom,2026-09-04 15:50:00,356.76,357.49,357.59,356.75,0.0,0.0,315321.0,112634003.523,0.19478972519233542,356.795
US.AVGO,Broadcom,2026-09-04 15:55:00,357.55,357.7,357.98,357.28,0.0,0.0,552628.0,197672752.958,0.0587429018993481,357.49
US.AVGO,Broadcom,2026-09-04 16:00:00,357.7,357.895,358.46,357.56,0.0,0.0,5109514.0,1828730290.512,0.05451495666759664,357.7
US.AVGO,Broadcom,2026-09-04 16:05:00,357.895,357.49,357.9,357.39,0.0,0.0,558576.0,199905349.592,-0.11316168149875598,357.895
US.AVGO,Broadcom,2026-09-04 16:10:00,357.49,357.38,357.53,357.1094,0.0,0.0,128231.0,45757424.492,-0.030770091471093917,357.49
US.AVGO,Broadcom,2026-09-04 16:15:00,357.38,357.12,357.41,357.05,0.0,0.0,11325.0,4046109.758,-0.07275169287592784,357.38
US.AVGO,Broadcom,2026-09-04 16:20:00,357.12,357.0479,357.1614,357.01,0.0,0.0,34677.0,12385600.534,-0.020189292114689075,357.12
US.AVGO,Broadcom,2026-09-04 16:25:00,357.0479,356.99,357.1,356.86,0.0,0.0,9416.0,3362230.317,-0.01621631159293132,357.0479
US.AVGO,Broadcom,2026-09-04 16:30:00,356.8885,357.1096,357.1354,356.86,0.0,0.0,7790.0,2781157.871,0.03350233900109002,356.99
US.AVGO,Broadcom,2026-09-04 16:35:00,357.1096,356.9,357.11,356.9,0.0,0.0,4103.0,1465012.092,-0.05869346553551714,357.1096
US.AVGO,Broadcom,2026-09-04 16:40:00,356.9,356.99,357.0,356.83,0.0,0.0,3422.0,1221795.469,0.025217147660418,356.9
US.AVGO,Broadcom,2026-09-04 16:45:00,356.99,357.1,357.15,356.95,0.0,0.0,12262.0,4378765.942,0.03081318804448686,356.99
US.AVGO,Broadcom,2026-09-04 16:50:00,357.1,357.0,357.1,356.95,0.0,0.0,16820.0,6005010.814,-0.028003360403254757,357.1
US.AVGO,Broadcom,2026-09-04 16:55:00,357.0,356.96,357.1,356.9126,0.0,0.0,108604.0,38862597.73,-0.011204481792722818,357.0
US.AVGO,Broadcom,2026-09-04 17:00:00,356.96,357.54,357.54,356.96,0.0,0.0,26010.0,9289004.611,0.16248319139400522,356.96
US.AVGO,Broadcom,2026-09-04 17:05:00,357.54,357.5186,357.7,357.49,0.0,0.0,5034.0,1799738.153,-0.005985344297149489,357.54
US.AVGO,Broadcom,2026-09-04 17:10:00,357.5164,357.4977,357.6,357.49,0.0,0.0,9184.0,3283639.489,-0.005845849698444575,357.5186
US.AVGO,Broadcom,2026-09-04 17:15:00,357.4977,357.52,357.55,357.49,0.0,0.0,4406.0,1575303.167,0.006237802369070598,357.4977
US.AVGO,Broadcom,2026-09-04 17:20:00,357.52,357.55,357.6,357.49,0.0,0.0,4641.0,1659556.721,0.0083911389572694,357.52
US.AVGO,Broadcom,2026-09-04 17:25:00,357.55,357.5,357.7,357.49,0.0,0.0,239814.0,85827605.895,-0.013984058173685181,357.55
US.AVGO,Broadcom,2026-09-04 17:30:00,357.5,357.5065,357.61,357.49,0.0,0.0,2316.0,828349.532,0.0018181818181865247,357.5
US.AVGO,Broadcom,2026-09-04 17:35:00,357.5065,357.4923,357.6,357.48,0.0,0.0,3083.0,1102264.757,-0.00397195575465527,357.5065
US.AVGO,Broadcom,2026-09-04 17:40:00,357.4923,357.5583,357.5583,357.49,0.0,0.0,7777.0,2780344.234,0.018461936103231897,357.4923
US.AVGO,Broadcom,2026-09-04 17:45:00,357.5583,357.52,357.5629,357.49,0.0,0.0,3199.0,1144005.681,-0.010711539908314938,357.5583
US.AVGO,Broadcom,2026-09-04 17:50:00,357.52,357.697,357.7,357.5,0.0,0.0,4802.0,1717363.828,0.049507719847846535,357.52
US.AVGO,Broadcom,2026-09-04 17:55:00,357.697,357.7,357.7,357.6,0.0,0.0,2153.0,770278.01,0.0008386986751317184,357.697
US.AVGO,Broadcom,2026-09-04 18:00:00,357.7,357.65,357.7,357.65,0.0,0.0,1822.0,651770.033,-0.01397819401733614,357.7
US.AVGO,Broadcom,2026-09-04 18:05:00,357.65,357.56,357.65,357.5,0.0,0.0,2473.0,884572.973,-0.025164266741220465,357.65
US.AVGO,Broadcom,2026-09-04 18:10:00,357.56,357.5478,357.58,357.54,0.0,0.0,1248.0,446518.429,-0.0034120147667544174,357.56
US.AVGO,Broadcom,2026-09-04 18:15:00,357.5478,357.25,357.5478,357.1,0.0,0.0,2776.0,992342.537,-0.0832895629619299,357.5478
US.AVGO,Broadcom,2026-09-04 18:20:00,357.25,357.21,357.3626,357.1,0.0,0.0,4163.0,1487192.132,-0.011196641007703418,357.25
US.AVGO,Broadcom,2026-09-04 18:25:00,357.21,357.17,357.21,357.1233,0.0,0.0,1469.0,524705.747,-0.01119789479576821,357.21
US.AVGO,Broadcom,2026-09-04 18:30:00,357.17,357.4324,357.4442,357.13,0.0,0.0,521.0,186304.393,0.07346641655232995,357.17
US.AVGO,Broadcom,2026-09-04 18:35:00,357.4324,357.35,357.4324,357.2522,0.0,0.0,1891.0,675935.798,-0.0230533102203242,357.4324
US.AVGO,Broadcom,2026-09-04 18:40:00,357.35,357.29,357.35,357.29,0.0,0.0,2613.0,933819.294,-0.016790261648244653,357.35
US.AVGO,Broadcom,2026-09-04 18:45:00,357.29,357.24,357.29,357.2062,0.0,0.0,1826.0,652403.182,-0.013994234375440501,357.29
US.AVGO,Broadcom,2026-09-04 18:50:00,357.23,357.3,357.3,357.23,0.0,0.0,3881.0,1386752.913,0.016795431642593853,357.24
US.AVGO,Broadcom,2026-09-04 18:55:00,357.3,357.1501,357.34,357.15,0.0,0.0,6588.0,2353506.823,-0.04195354044220609,357.3
US.AVGO,Broadcom,2026-09-04 19:00:00,357.1501,357.18,357.2452,357.1501,0.0,0.0,3582.0,1279795.999,0.00837183021928254,357.1501
US.AVGO,Broadcom,2026-09-04 19:05:00,357.18,357.1438,357.1899,357.1218,0.0,0.0,1557.0,556366.898,-0.010134945965621816,357.18
US.AVGO,Broadcom,2026-09-04 19:10:00,357.1438,357.215,357.215,357.1438,0.0,0.0,1371.0,489853.716,0.019935947369092277,357.1438
US.AVGO,Broadcom,2026-09-04 19:15:00,357.215,357.2378,357.2378,357.195,0.0,0.0,2176.0,777377.566,0.006382710692445143,357.215
US.AVGO,Broadcom,2026-09-04 19:20:00,357.2378,357.33,357.4218,357.19,0.0,0.0,4098.0,1464260.434,0.02580913889851275,357.2378
US.AVGO,Broadcom,2026-09-04 19:25:00,357.33,357.36,357.36,357.2,0.0,0.0,1299.0,464319.919,0.008395600705238732,357.33
US.AVGO,Broadcom,2026-09-04 19:30:00,357.36,357.3,357.4364,357.3,0.0,0.0,2234.0,798439.348,-0.016789791806582233,357.36
US.AVGO,Broadcom,2026-09-04 19:35:00,357.3,357.09,357.4,357.09,0.0,0.0,3596.0,1284493.184,-0.05877413937868356,357.3
US.AVGO,Broadcom,2026-09-04 19:40:00,357.09,356.94,357.19,356.94,0.0,0.0,6835.0,2439834.733,-0.04200621692009781,357.09
US.AVGO,Broadcom,2026-09-04 19:45:00,356.94,356.85,357.0,356.85,0.0,0.0,7142.0,2549303.185,-0.025214321734738327,356.94
US.AVGO,Broadcom,2026-09-04 19:50:00,356.85,356.9426,356.9426,356.72,0.0,0.0,9410.0,3355528.965,0.02594927840829605,356.85
US.AVGO,Broadcom,2026-09-04 19:55:00,356.9426,357.1124,357.1352,356.9064,0.0,0.0,2544.0,906679.763,0.047570673828215636,356.9426
US.AVGO,Broadcom,2026-09-04 20:00:00,357.11,357.0691,357.18,356.938,0.0,0.0,18417.0,6575675.748,-0.012125034022898086,357.1124
US.AVGO,Broadcom,2026-09-08 04:05:00,360.5,358.81,360.5,358.81,0.0,0.0,174343.0,63043327.604,0.48755268938141405,357.0691
US.AVGO,Broadcom,2026-09-08 04:10:00,358.8215,358.4588,359.3,358.2687,0.0,0.0,14423.0,5180182.518,-0.09787910035952334,358.81
US.AVGO,Broadcom,2026-09-08 04:15:00,358.4588,358.88,359.0,358.21,0.0,0.0,4488.0,1609909.686,0.11750304358548289,358.4588
US.AVGO,Broadcom,2026-09-08 04:20:00,358.88,359.63,359.79,358.88,0.0,0.0,5637.0,2027357.669,0.20898350423539902,358.88
US.AVGO,Broadcom,2026-09-08 04:25:00,359.8792,359.5,359.8792,359.5,0.0,0.0,1898.0,682707.672,-0.03614826349303324,359.63
US.AVGO,Broadcom,2026-09-08 04:30:00,359.5,360.0,360.16,359.5,0.0,0.0,4442.0,1598931.507,0.13908205841446453,359.5
US.AVGO,Broadcom,2026-09-08 04:35:00,360.0,359.99,360.0,359.5,0.0,0.0,2671.0,960874.572,-0.0027777777777752513,360.0
US.AVGO,Broadcom,2026-09-08 04:40:00,359.99,359.62,359.99,359.47,0.0,0.0,2313.0,832074.113,-0.1027806327953567,359.99
US.AVGO,Broadcom,2026-09-08 04:45:00,359.62,359.4256,359.747,359.4256,0.0,0.0,1607.0,578050.037,-0.054057060230251405,359.62
US.AVGO,Broadcom,2026-09-08 04:50:00,359.4256,359.77,360.07,359.35,0.0,0.0,5540.0,1993853.294,0.09581955208532932,359.4256
US.AVGO,Broadcom,2026-09-08 04:55:00,359.77,359.58,360.0,359.381,0.0,0.0,1084.0,389950.977,-0.05281151847013306,359.77
US.AVGO,Broadcom,2026-09-08 05:00:00,359.5,359.7,359.7,359.35,0.0,0.0,2461.0,884842.814,0.03337226764558779,359.58
US.AVGO,Broadcom,2026-09-08 05:05:00,359.7,359.63,359.75,359.5,0.0,0.0,1540.0,553972.85,-0.01946066166249463,359.7
US.AVGO,Broadcom,2026-09-08 05:10:00,359.7,360.0,360.0,359.68,0.0,0.0,896.0,322615.983,0.10288351917248409,359.63
US.AVGO,Broadcom,2026-09-08 05:15:00,360.0,360.31,360.5,359.9016,0.0,0.0,2958.0,1065581.766,0.08611111111111173,360.0
US.AVGO,Broadcom,2026-09-08 05:20:00,360.31,360.25,360.56,360.25,0.0,0.0,2286.0,824211.666,-0.016652327162721622,360.31
US.AVGO,Broadcom,2026-09-08 05:25:00,360.25,360.24,360.25,360.0323,0.0,0.0,2277.0,820332.373,-0.0027758501040918543,360.25
US.AVGO,Broadcom,2026-09-08 05:30:00,360.24,360.41,360.41,360.11,0.0,0.0,2128.0,767103.64,0.04719076171441703,360.24
US.AVGO,Broadcom,2026-09-08 05:35:00,360.41,361.0,361.0,360.38,0.0,0.0,2988.0,1077831.667,0.16370244998750727,360.41
US.AVGO,Broadcom,2026-09-08 05:40:00,361.0,360.96,361.0,360.609,0.0,0.0,4060.0,1465653.34,-0.011080332409977968,361.0
US.AVGO,Broadcom,2026-09-08 05:45:00,360.96,360.75,361.07,360.68,0.0,0.0,2421.0,873600.026,-0.05817819148935604,360.96
US.AVGO,Broadcom,2026-09-08 05:50:00,360.75,361.2,361.2,360.7,0.0,0.0,5141.0,1856116.145,0.12474012474012158,360.75
US.AVGO,Broadcom,2026-09-08 05:55:00,361.2,361.26,361.32,361.2,0.0,0.0,5545.0,2003368.567,0.016611295681063752,361.2
US.AVGO,Broadcom,2026-09-08 06:00:00,361.26,361.11,361.26,361.01,0.0,0.0,7601.0,2745029.856,-0.04152134196976617,361.26
US.AVGO,Broadcom,2026-09-08 06:05:00,361.11,361.0,361.4,361.0,0.0,0.0,4053.0,1464259.499,-0.030461632189641284,361.11
US.AVGO,Broadcom,2026-09-08 06:10:00,361.0,360.95,361.23,360.95,0.0,0.0,2397.0,865652.525,-0.013850415512468522,361.0
US.AVGO,Broadcom,2026-09-08 06:15:00,360.95,360.99,361.0,360.8,0.0,0.0,4092.0,1477090.694,0.011081867294644816,360.95
US.AVGO,Broadcom,2026-09-08 06:20:00,360.99,360.76,361.0,360.76,0.0,0.0,4982.0,1797936.849,-0.06371367627912634,360.99
US.AVGO,Broadcom,2026-09-08 06:25:00,360.87,361.2,361.47,360.8,0.0,0.0,4597.0,1660694.578,0.12196474110211712,360.76
US.AVGO,Broadcom,2026-09-08 06:30:00,361.2129,361.12,361.26,361.0,0.0,0.0,1803.0,651258.83,-0.022148394241413093,361.2
US.AVGO,Broadcom,2026-09-08 06:35:00,361.12,361.06,361.24,360.9,0.0,0.0,5346.0,1930125.729,-0.016614975631369704,361.12
US.AVGO,Broadcom,2026-09-08 06:40:00,361.06,361.06,361.11,360.78,0.0,0.0,2642.0,953943.976,0.0,361.06
US.AVGO,Broadcom,2026-09-08 06:45:00,361.06,360.4,361.13,360.01,0.0,0.0,14979.0,5399195.135,-0.18279510330693652,361.06
US.AVGO,Broadcom,2026-09-08 06:50:00,360.4,360.51,360.6,360.39,0.0,0.0,1625.0,586099.476,0.030521642619315663,360.4
US.AVGO,Broadcom,2026-09-08 06:55:00,360.51,360.12,360.7054,360.1,0.0,0.0,3243.0,1168482.206,-0.10818007822251431,360.51
US.AVGO,Broadcom,2026-09-08 07:00:00,360.12,360.54,360.55,360.12,0.0,0.0,2307.0,831628.453,0.11662779073642561,360.12
US.AVGO,Broadcom,2026-09-08 07:05:00,360.54,360.1406,360.638,360.02,0.0,0.0,18235.0,6568566.131,-0.11077827702890503,360.54
US.AVGO,Broadcom,2026-09-08 07:10:00,360.11,360.12,360.28,359.65,0.0,0.0,17448.0,6280798.147,-0.005719988249034329,360.1406
US.AVGO,Broadcom,2026-09-08 07:15:00,360.12,359.7101,360.3222,359.6695,0.0,0.0,8270.0,2976454.749,-0.11382317005442444,360.12
US.AVGO,Broadcom,2026-09-08 07:20:00,359.7101,360.2,360.5,359.71,0.0,0.0,7994.0,2879764.627,0.1361930065349784,359.7101
US.AVGO,Broadcom,2026-09-08 07:25:00,360.2,360.21,360.4,360.1103,0.0,0.0,3981.0,1434440.275,0.0027762354247614952,360.2
US.AVGO,Broadcom,2026-09-08 07:30:00,360.21,360.0,360.33,360.0,0.0,0.0,6268.0,2257430.067,-0.058299325393514775,360.21
US.AVGO,Broadcom,2026-09-08 07:35:00,360.0,360.5,360.5,359.8974,0.0,0.0,11541.0,4156299.349,0.1388888888888889,360.0
US.AVGO,Broadcom,2026-09-08 07:40:00,360.5,360.4,360.6,360.0711,0.0,0.0,3607.0,1300120.808,-0.027739251040228223,360.5
US.AVGO,Broadcom,2026-09-08 07:45:00,360.4,360.1743,360.4201,360.1743,0.0,0.0,5339.0,1923928.547,-0.06262486126524992,360.4
US.AVGO,Broadcom,2026-09-08 07:50:00,360.1743,360.5,360.5,360.05,0.0,0.0,5930.0,2136657.067,0.09042843978595459,360.1743
US.AVGO,Broadcom,2026-09-08 07:55:00,360.5,361.07,361.1,360.5,0.0,0.0,20779.0,7500904.152,0.158113730929263,360.5
US.AVGO,Broadcom,2026-09-08 08:00:00,361.07,361.34,361.5,361.0,0.0,0.0,23972.0,8658839.828,0.0747777439277652,361.07
US.AVGO,Broadcom,2026-09-08 08:05:00,361.34,361.5637,361.5685,360.85,0.0,0.0,13230.0,4777910.709,0.06190845187358389,361.34
US.AVGO,Broadcom,2026-09-08 08:10:00,361.5637,362.04,362.04,361.42,0.0,0.0,20619.0,7457958.842,0.13173335708204045,361.5637
US.AVGO,Broadcom,2026-09-08 08:15:00,362.04,361.25,362.1086,361.25,0.0,0.0,14434.0,5222109.725,-0.2182079328251078,362.04
US.AVGO,Broadcom,2026-09-08 08:20:00,361.3,361.6,361.77,361.02,0.0,0.0,8054.0,2910446.694,0.09688581314879523,361.25
US.AVGO,Broadcom,2026-09-08 08:25:00,361.6,361.83,361.8997,361.49,0.0,0.0,9199.0,3327115.449,0.0636061946902548,361.6
US.AVGO,Broadcom,2026-09-08 08:30:00,361.83,361.74,362.13,361.54,0.0,0.0,8525.0,3085580.985,-0.02487355940634414,361.83
US.AVGO,Broadcom,2026-09-08 08:35:00,361.74,361.67,362.0,361.4,0.0,0.0,9407.0,3402899.118,-0.019350915021837004,361.74
US.AVGO,Broadcom,2026-09-08 08:40:00,361.67,362.05,362.14,361.67,0.0,0.0,13350.0,4832315.331,0.10506815605385998,361.67
US.AVGO,Broadcom,2026-09-08 08:45:00,362.05,362.08,362.08,361.7183,0.0,0.0,15282.0,5531007.352,0.008286148322047429,362.05
US.AVGO,Broadcom,2026-09-08 08:50:00,362.08,362.0451,362.25,361.89,0.0,0.0,9380.0,3396661.65,-0.00963875386654697,362.08
US.AVGO,Broadcom,2026-09-08 08:55:00,362.0451,362.0741,362.26,362.02,0.0,0.0,6964.0,2522447.048,0.008010051786364837,362.0451
US.AVGO,Broadcom,2026-09-08 09:00:00,362.0741,362.32,362.58,362.04,0.0,0.0,21252.0,7701193.127,0.0679142750061399,362.0741
US.AVGO,Broadcom,2026-09-08 09:05:00,362.32,362.5882,362.7125,362.23,0.0,0.0,21685.0,7861794.529,0.07402296312651217,362.32
US.AVGO,Broadcom,2026-09-08 09:10:00,362.5882,361.95,362.5882,361.75,0.0,0.0,16732.0,6059720.3,-0.1760123467889974,362.5882
US.AVGO,Broadcom,2026-09-08 09:15:00,361.95,361.95,362.43,361.7938,0.0,0.0,47394.0,17029567.225,0.0,361.95
US.AVGO,Broadcom,2026-09-08 09:20:00,361.95,362.34,362.3906,361.92,0.0,0.0,18178.0,6584090.42,0.10774968918358513,361.95
US.AVGO,Broadcom,2026-09-08 09:25:00,362.34,362.2739,362.5,362.0,0.0,0.0,15456.0,5599013.968,-0.01824253463596318,362.34
US.AVGO,Broadcom,2026-09-08 09:30:00,362.3,363.73,363.99,362.28,0.0,0.0,69686.0,25333980.636,0.40193345421792526,362.2739
US.AVGO,Broadcom,2026-09-08 09:35:00,363.675,368.5029,369.12,362.74,0.0,0.0,1878057.0,686451014.018,1.312209606026446,363.73
US.AVGO,Broadcom,2026-09-08 09:40:00,368.67,369.2601,370.63,367.27,0.0,0.0,1155200.0,426409260.069,0.20548006542146932,368.5029
US.AVGO,Broadcom,2026-09-08 09:45:00,369.26,364.8665,370.24,362.85,0.0,0.0,837669.0,306511426.678,-1.189838815512439,369.2601
US.AVGO,Broadcom,2026-09-08 09:50:00,364.885,367.35,367.46,364.105,0.0,0.0,489316.0,179050699.527,0.680659912598183,364.8665
US.AVGO,Broadcom,2026-09-08 09:55:00,367.3272,367.66,367.99,366.06,0.0,0.0,431962.0,158554434.482,0.08438818565400905,367.35
US.AVGO,Broadcom,2026-09-08 10:00:00,367.75,367.11,368.34,366.49,0.0,0.0,432836.0,159028959.484,-0.14959473426535694,367.66
US.AVGO,Broadcom,2026-09-08 10:05:00,367.16,368.28,368.58,366.31,0.0,0.0,380350.0,139748067.94,0.31870556508947157,367.11
US.AVGO,Broadcom,2026-09-08 10:10:00,368.3196,367.453,368.5995,367.22,0.0,0.0,292221.0,107515531.65,-0.22455740197675633,368.28
US.AVGO,Broadcom,2026-09-08 10:15:00,367.55,367.45,368.14,366.65,0.0,0.0,341653.0,125599993.793,-0.000816430944906125,367.453
US.AVGO,Broadcom,2026-09-08 10:20:00,367.5,368.6103,368.9,367.5,0.0,0.0,251823.0,92756945.714,0.31577085317730486,367.45
US.AVGO,Broadcom,2026-09-08 10:25:00,368.69,369.31,370.84,368.62,0.0,0.0,612538.0,226605698.887,0.18982106577054603,368.6103
US.AVGO,Broadcom,2026-09-08 10:30:00,369.2401,369.577,369.7317,368.69,0.0,0.0,287453.0,106117307.444,0.07229698627169476,369.31
US.AVGO,Broadcom,2026-09-08 10:35:00,369.585,369.32,369.6753,367.13,0.0,0.0,353616.0,130221085.911,-0.06953895940494267,369.577
US.AVGO,Broadcom,2026-09-08 10:40:00,369.3983,367.975,369.51,367.7059,0.0,0.0,185208.0,68284390.73,-0.36418282248455824,369.32
US.AVGO,Broadcom,2026-09-08 10:45:00,368.05,368.825,369.0,367.81,0.0,0.0,212839.0,78381235.067,0.23099395339356366,367.975
US.AVGO,Broadcom,2026-09-08 10:50:00,368.85,368.6951,369.16,367.94,0.0,0.0,236140.0,86986555.719,-0.035219955263326434,368.825
US.AVGO,Broadcom,2026-09-08 10:55:00,368.78,371.07,371.29,368.6,0.0,0.0,439390.0,162613317.413,0.6441365778932153,368.6951
US.AVGO,Broadcom,2026-09-08 11:00:00,371.065,371.125,371.9,370.22,0.0,0.0,302597.0,112270765.242,0.014822001239660123,371.07
US.AVGO,Broadcom,2026-09-08 11:05:00,371.15,370.465,371.34,370.23,0.0,0.0,217927.0,80765519.581,-0.1778376557763624,371.125
US.AVGO,Broadcom,2026-09-08 11:10:00,370.465,369.965,371.32,369.5,0.0,0.0,291455.0,107922453.385,-0.13496551631058265,370.465
US.AVGO,Broadcom,2026-09-08 11:15:00,369.965,371.5902,371.83,369.9512,0.0,0.0,370224.0,137215642.529,0.43928479721054875,369.965
US.AVGO,Broadcom,2026-09-08 11:20:00,371.635,372.05,372.36,371.26,0.0,0.0,276269.0,102743325.646,0.12373846242447453,371.5902
US.AVGO,Broadcom,2026-09-08 11:25:00,372.11,372.17,372.46,371.57,0.0,0.0,396672.0,147596047.048,0.032253729337455864,372.05
US.AVGO,Broadcom,2026-09-08 11:30:00,372.2,371.645,372.6999,371.56,0.0,0.0,222618.0,82862908.578,-0.14106456726765568,372.17
US.AVGO,Broadcom,2026-09-08 11:35:00,371.645,370.455,371.93,370.13,0.0,0.0,730932.0,271344784.432,-0.3201980384506714,371.645
US.AVGO,Broadcom,2026-09-08 11:40:00,370.47,370.6764,370.7005,369.9,0.0,0.0,224126.0,82974507.38,0.05976434384743543,370.455
US.AVGO,Broadcom,2026-09-08 11:45:00,370.675,370.88,371.045,370.3001,0.0,0.0,171223.0,63472127.534,0.054926615236361,370.6764
US.AVGO,Broadcom,2026-09-08 11:50:00,370.88,369.3353,370.89,368.88,0.0,0.0,220496.0,81601029.166,-0.41649590163933825,370.88
US.AVGO,Broadcom,2026-09-08 11:55:00,369.28,369.66,369.74,369.11,0.0,0.0,168022.0,62081836.277,0.08791469431706286,369.3353
US.AVGO,Broadcom,2026-09-08 12:00:00,369.645,369.4808,369.78,369.287,0.0,0.0,110727.0,40923087.016,-0.04847697884543556,369.66
US.AVGO,Broadcom,2026-09-08 12:05:00,369.51,370.02,370.1995,369.25,0.0,0.0,165949.0,61340901.205,0.1459345113467314,369.4808
US.AVGO,Broadcom,2026-09-08 12:10:00,370.02,369.55,370.14,369.55,0.0,0.0,217387.0,80403384.297,-0.1270201610723665,370.02
US.AVGO,Broadcom,2026-09-08 12:15:00,369.565,368.96,369.592,368.7,0.0,0.0,116881.0,43148750.038,-0.15965363279665318,369.55
US.AVGO,Broadcom,2026-09-08 12:20:00,368.93,368.17,368.99,368.17,0.0,0.0,142692.0,52574616.293,-0.21411535125757908,368.96
US.AVGO,Broadcom,2026-09-08 12:25:00,368.14,367.87,368.17,367.67,0.0,0.0,169102.0,62216562.179,-0.08148409702040127,368.17
US.AVGO,Broadcom,2026-09-08 12:30:00,367.91,367.71,368.23,367.33,0.0,0.0,174311.0,64115542.377,-0.04349362546552451,367.87
US.AVGO,Broadcom,2026-09-08 12:35:00,367.7137,366.59,367.73,366.565,0.0,0.0,177372.0,65103062.846,-0.3045878545593007,367.71
US.AVGO,Broadcom,2026-09-08 12:40:00,366.57,366.77,366.97,366.32,0.0,0.0,137724.0,50510509.659,0.049101175700375574,366.59
US.AVGO,Broadcom,2026-09-08 12:45:00,366.8099,365.66,366.87,365.65,0.0,0.0,241532.0,88546687.938,-0.30264198271395065,366.77
US.AVGO,Broadcom,2026-09-08 12:50:00,365.695,366.36,366.77,365.52,0.0,0.0,169757.0,62168066.218,0.1914346660832436,365.66
US.AVGO,Broadcom,2026-09-08 12:55:00,366.36,366.7,366.72,366.26,0.0,0.0,149692.0,54857762.533,0.09280489136367917,366.36
US.AVGO,Broadcom,2026-09-08 13:00:00,366.67,366.15,366.72,365.77,0.0,0.0,210274.0,76981669.919,-0.14998636487592348,366.7
US.AVGO,Broadcom,2026-09-08 13:05:00,366.15,366.445,366.78,366.13,0.0,0.0,136827.0,50151874.709,0.0805680731940505,366.15
US.AVGO,Broadcom,2026-09-08 13:10:00,366.445,366.53,366.77,366.33,0.0,0.0,124074.0,45478757.67,0.02319584112212734,366.445
US.AVGO,Broadcom,2026-09-08 13:15:00,366.525,367.12,367.18,366.49,0.0,0.0,148787.0,54586816.232,0.16096908847844157,366.53
US.AVGO,Broadcom,2026-09-08 13:20:00,367.125,367.315,367.38,366.8,0.0,0.0,164336.0,60320633.365,0.05311614730878001,367.12
US.AVGO,Broadcom,2026-09-08 13:25:00,367.3284,366.8337,367.33,366.8337,0.0,0.0,171640.0,63011690.711,-0.13103194805547722,367.315
US.AVGO,Broadcom,2026-09-08 13:30:00,366.87,367.16,367.46,366.46,0.0,0.0,167069.0,61290014.166,0.08895038814591008,366.8337
US.AVGO,Broadcom,2026-09-08 13:35:00,367.16,367.345,367.63,366.82,0.0,0.0,116016.0,42611144.039,0.05038675236953978,367.16
US.AVGO,Broadcom,2026-09-08 13:40:00,367.345,367.3,367.68,367.045,0.0,0.0,177050.0,65045312.038,-0.012250064653123333,367.345
US.AVGO,Broadcom,2026-09-08 13:45:00,367.3,367.09,367.33,366.9,0.0,0.0,140592.0,51612889.313,-0.05717397222979482,367.3
US.AVGO,Broadcom,2026-09-08 13:50:00,367.005,367.377,367.61,366.95,0.0,0.0,205154.0,75345594.484,0.07818246206653262,367.09
US.AVGO,Broadcom,2026-09-08 13:55:00,367.365,367.26,367.55,367.01,0.0,0.0,96538.0,35456703.321,-0.03184739382161068,367.377
US.AVGO,Broadcom,2026-09-08 14:00:00,367.28,368.45,368.56,367.21,0.0,0.0,209046.0,76951565.447,0.32402112944507916,367.26
US.AVGO,Broadcom,2026-09-08 14:05:00,368.45,369.1,369.17,368.22,0.0,0.0,160187.0,59067082.779,0.17641471027277353,368.45
US.AVGO,Broadcom,2026-09-08 14:10:00,369.0401,368.7865,369.4,368.71,0.0,0.0,126553.0,46695042.254,-0.08493633161745683,369.1
US.AVGO,Broadcom,2026-09-08 14:15:00,368.74,368.805,369.22,368.63,0.0,0.0,142445.0,52566728.511,0.0050164526087634114,368.7865
US.AVGO,Broadcom,2026-09-08 14:20:00,368.83,368.67,369.12,368.65,0.0,0.0,109280.0,40309583.519,-0.03660470980599257,368.805
US.AVGO,Broadcom,2026-09-08 14:25:00,368.73,369.115,369.4,368.62,0.0,0.0,183178.0,67606378.373,0.12070415276534384,368.67
US.AVGO,Broadcom,2026-09-08 14:30:00,369.0755,369.2775,369.53,369.0017,0.0,0.0,169738.0,62691014.489,0.0440242200939994,369.115
US.AVGO,Broadcom,2026-09-08 14:35:00,369.275,369.245,369.65,369.06,0.0,0.0,114815.0,42409175.563,-0.008800969460627969,369.2775
US.AVGO,Broadcom,2026-09-08 14:40:00,369.155,369.245,369.67,369.011,0.0,0.0,136455.0,50399769.529,0.0,369.245
US.AVGO,Broadcom,2026-09-08 14:45:00,369.21,369.15,369.35,368.95,0.0,0.0,99305.0,36660193.502,-0.02572817505992695,369.245
US.AVGO,Broadcom,2026-09-08 14:50:00,369.19,368.773,369.56,368.07,0.0,0.0,185755.0,68536342.645,-0.10212650684002511,369.15
US.AVGO,Broadcom,2026-09-08 14:55:00,368.77,369.055,369.26,368.6301,0.0,0.0,140322.0,51780496.999,0.07646980662900545,368.773
US.AVGO,Broadcom,2026-09-08 15:00:00,369.0,368.98,369.0819,368.7,0.0,0.0,113632.0,41923412.903,-0.020322174201674176,369.055
US.AVGO,Broadcom,2026-09-08 15:05:00,368.975,368.57,369.002,368.2,0.0,0.0,141101.0,52006467.834,-0.1111171337199916,368.98
US.AVGO,Broadcom,2026-09-08 15:10:00,368.53,368.395,368.63,368.22,0.0,0.0,124252.0,45780831.78,-0.04748080418916661,368.57
US.AVGO,Broadcom,2026-09-08 15:15:00,368.38,369.16,369.2131,368.3781,0.0,0.0,131234.0,48407951.007,0.20765754149758905,368.395
US.AVGO,Broadcom,2026-09-08 15:20:00,369.21,369.29,369.435,369.1101,0.0,0.0,124798.0,46079001.198,0.035215082890886186,369.16
US.AVGO,Broadcom,2026-09-08 15:25:00,369.28,369.135,369.5,369.0,0.0,0.0,147226.0,54371309.739,-0.04197243358878647,369.29
US.AVGO,Broadcom,2026-09-08 15:30:00,369.135,369.025,369.37,368.97,0.0,0.0,137569.0,50779832.316,-0.029799395884978028,369.135
US.AVGO,Broadcom,2026-09-08 15:35:00,369.0,368.62,369.0178,368.43,0.0,0.0,166590.0,61420508.227,-0.10974866201476127,369.025
US.AVGO,Broadcom,2026-09-08 15:40:00,368.63,367.94,368.645,367.74,0.0,0.0,192746.0,70933939.041,-0.18447181379198274,368.62
US.AVGO,Broadcom,2026-09-08 15:45:00,367.905,368.1432,368.19,367.61,0.0,0.0,196464.0,72275476.074,0.055226395607974446,367.94
US.AVGO,Broadcom,2026-09-08 15:50:00,368.16,367.91,368.4,367.3001,0.0,0.0,218151.0,80248844.832,-0.06334491578275897,368.1432
US.AVGO,Broadcom,2026-09-08 15:55:00,367.92,366.66,368.05,365.56,0.0,0.0,400133.0,146974114.818,-0.33975700578945933,367.91
US.AVGO,Broadcom,2026-09-08 16:00:00,366.69,368.56,368.77,366.63,0.0,0.0,5615488.0,2068979815.681,0.5181912398407181,366.66
US.AVGO,Broadcom,2026-09-08 16:05:00,368.56,368.74,369.25,368.56,0.0,0.0,3275546.0,1207250225.847,0.048838723681356305,368.56
US.AVGO,Broadcom,2026-09-08 16:10:00,368.74,368.22,368.94,368.11,0.0,0.0,37860.0,13958368.528,-0.14102077344469865,368.74
US.AVGO,Broadcom,2026-09-08 16:15:00,368.22,368.5,368.56,368.11,0.0,0.0,11708.0,4314063.842,0.07604149693117503,368.22
US.AVGO,Broadcom,2026-09-08 16:20:00,368.5,368.14,368.56,368.0,0.0,0.0,6012.0,2213590.273,-0.09769335142469841,368.5
US.AVGO,Broadcom,2026-09-08 16:25:00,368.14,368.12,368.3104,368.021,0.0,0.0,3502.0,1289932.988,-0.005432715814630795,368.14
US.AVGO,Broadcom,2026-09-08 16:30:00,368.12,368.1991,368.44,367.33,0.0,0.0,7989.0,2940072.538,0.021487558404863258,368.12
US.AVGO,Broadcom,2026-09-08 16:35:00,368.1991,368.07,368.3041,367.66,0.0,0.0,2326.0,856212.94,-0.035062551755285117,368.1991
US.AVGO,Broadcom,2026-09-08 16:40:00,368.07,367.82,368.195,367.66,0.0,0.0,3790.0,1394812.575,-0.0679218626891624,368.07
US.AVGO,Broadcom,2026-09-08 16:45:00,367.82,367.9052,368.2,367.82,0.0,0.0,4693.0,1727446.248,0.023163503887767434,367.82
US.AVGO,Broadcom,2026-09-08 16:50:00,367.9052,367.78,367.9052,367.7,0.0,0.0,1909.0,702094.185,-0.034030505684618385,367.9052
US.AVGO,Broadcom,2026-09-08 16:55:00,367.78,367.9486,367.95,367.7672,0.0,0.0,1142.0,420820.643,0.045842623307419186,367.78
US.AVGO,Broadcom,2026-09-08 17:00:00,367.9486,367.969,368.0,367.8488,0.0,0.0,1543.0,567396.505,0.005544252648330524,367.9486
US.AVGO,Broadcom,2026-09-08 17:05:00,367.9916,367.9982,368.0,367.93,0.0,0.0,4919.0,1809785.996,0.007935451084195407,367.969
US.AVGO,Broadcom,2026-09-08 17:10:00,367.9982,367.87,368.0,367.8,0.0,0.0,3491.0,1285908.961,-0.034837126920727476,367.9982
US.AVGO,Broadcom,2026-09-08 17:15:00,367.87,367.8644,367.89,367.6743,0.0,0.0,6648.0,2444992.44,-0.001522276891297298,367.87
US.AVGO,Broadcom,2026-09-08 17:20:00,367.8644,367.82,367.8644,367.7119,0.0,0.0,2121.0,786571.544,-0.012069664800398191,367.8644
US.AVGO,Broadcom,2026-09-08 17:25:00,367.82,367.8305,367.8305,367.5,0.0,0.0,4850.0,1777622.989,0.0028546571692618893,367.82
US.AVGO,Broadcom,2026-09-08 17:30:00,367.8305,367.6,367.8305,367.5001,0.0,0.0,2511.0,915258.456,-0.06266473280490595,367.8305
US.AVGO,Broadcom,2026-09-08 17:35:00,367.6,367.45,367.65,367.4401,0.0,0.0,7499.0,2742678.947,-0.04080522306856205,367.6
US.AVGO,Broadcom,2026-09-08 17:40:00,367.45,367.6777,367.6777,367.45,0.0,0.0,482145.0,177697809.424,0.06196761464145519,367.45
US.AVGO,Broadcom,2026-09-08 17:45:00,367.6777,367.6715,367.7532,367.5562,0.0,0.0,1678.0,617691.861,-0.0016862594604011307,367.6777
US.AVGO,Broadcom,2026-09-08 17:50:00,367.6715,367.83,367.83,367.6492,0.0,0.0,1107.0,406111.582,0.0431091341047657,367.6715
US.AVGO,Broadcom,2026-09-08 17:55:00,367.83,367.68,367.83,367.68,0.0,0.0,946.0,349892.112,-0.040779708017284415,367.83
US.AVGO,Broadcom,2026-09-08 18:00:00,367.68,367.56,367.68,367.55,0.0,0.0,1246.0,458086.346,-0.032637075718016904,367.68
US.AVGO,Broadcom,2026-09-08 18:05:00,367.56,367.75,367.75,367.0,0.0,0.0,4554.0,1672947.187,0.051692240722602485,367.56
US.AVGO,Broadcom,2026-09-08 18:10:00,367.5603,367.44,367.5603,367.44,0.0,0.0,506.0,185973.284,-0.08429639700883815,367.75
US.AVGO,Broadcom,2026-09-08 18:15:00,367.5,367.5,367.55,367.357,0.0,0.0,6585.0,2425890.614,0.016329196603527725,367.44
US.AVGO,Broadcom,2026-09-08 18:20:00,367.5,367.66,367.66,367.5,0.0,0.0,370.0,136130.304,0.0435374149659932,367.5
US.AVGO,Broadcom,2026-09-08 18:25:00,367.66,367.18,367.66,367.18,0.0,0.0,1188.0,436614.499,-0.13055540444976832,367.66
US.AVGO,Broadcom,2026-09-08 18:30:00,367.3,367.67,367.67,367.2008,0.0,0.0,1848.0,679537.361,0.1334495342883624,367.18
US.AVGO,Broadcom,2026-09-08 18:35:00,367.67,367.34,367.67,367.34,0.0,0.0,1169.0,429820.913,-0.08975439932549321,367.67
US.AVGO,Broadcom,2026-09-08 18:40:00,367.34,367.49,367.49,367.34,0.0,0.0,2264.0,832186.337,0.04083410464420813,367.34
US.AVGO,Broadcom,2026-09-08 18:45:00,367.49,367.56,367.63,367.34,0.0,0.0,3534.0,1298840.243,0.019048137364280165,367.49
US.AVGO,Broadcom,2026-09-08 18:50:00,367.56,367.65,367.65,367.3705,0.0,0.0,2006.0,737417.369,0.024485798237015723,367.56
US.AVGO,Broadcom,2026-09-08 18:55:00,367.65,367.43,367.65,367.34,0.0,0.0,1259.0,462878.172,-0.059839521283821695,367.65
US.AVGO,Broadcom,2026-09-08 19:00:00,367.486,367.7,367.8,367.4577,0.0,0.0,5541.0,2037456.953,0.07348338459025713,367.43
US.AVGO,Broadcom,2026-09-08 19:05:00,367.7,367.38,367.7,367.38,0.0,0.0,2908.0,1069000.131,-0.08702746804459972,367.7
US.AVGO,Broadcom,2026-09-08 19:10:00,367.38,367.6,367.6,367.38,0.0,0.0,2050.0,753738.954,0.05988349937395267,367.38
US.AVGO,Broadcom,2026-09-08 19:15:00,367.6,367.5799,367.6,367.45,0.0,0.0,2663.0,978671.418,-0.005467899891189758,367.6
US.AVGO,Broadcom,2026-09-08 19:20:00,367.5799,367.27,367.5799,367.26,0.0,0.0,2164.0,795309.036,-0.08430820074765442,367.5799
US.AVGO,Broadcom,2026-09-08 19:25:00,367.3594,367.35,367.57,367.26,0.0,0.0,3004.0,1103833.407,0.021782339967882192,367.27
US.AVGO,Broadcom,2026-09-08 19:30:00,367.35,367.1692,367.462,367.16,0.0,0.0,2524.0,927134.969,-0.049217367633056584,367.35
US.AVGO,Broadcom,2026-09-08 19:35:00,367.1692,367.0,367.4,367.0,0.0,0.0,2683.0,985162.549,-0.046082296663224845,367.1692
US.AVGO,Broadcom,2026-09-08 19:40:00,367.0,366.5,367.0,366.48,0.0,0.0,7728.0,2834436.666,-0.13623978201634876,367.0
US.AVGO,Broadcom,2026-09-08 19:45:00,366.5,366.6916,366.8628,366.45,0.0,0.0,4673.0,1713592.284,0.052278308321962896,366.5
US.AVGO,Broadcom,2026-09-08 19:50:00,366.6916,366.75,366.8799,366.6,0.0,0.0,2323.0,851981.698,0.01592618974637161,366.6916
US.AVGO,Broadcom,2026-09-08 19:55:00,366.77,366.5,366.8431,366.5,0.0,0.0,3709.0,1360163.503,-0.0681663258350375,366.75
US.AVGO,Broadcom,2026-09-08 20:00:00,366.6,366.6,366.78,366.4124,0.0,0.0,6842.0,2508410.129,0.027285129604371825,366.5
US.AVGO,Broadcom,2026-09-09 04:05:00,368.56,369.89,369.99,368.56,0.0,0.0,41784.0,15439846.578,0.8974358974358875,366.6
US.AVGO,Broadcom,2026-09-09 04:10:00,369.89,369.58,369.99,369.58,0.0,0.0,3343.0,1236167.819,-0.08380869988374984,369.89
US.AVGO,Broadcom,2026-09-09 04:15:00,369.58,369.67,369.7,369.5,0.0,0.0,1096.0,405399.504,0.02435196709779529,369.58
US.AVGO,Broadcom,2026-09-09 04:20:00,369.67,369.98,369.98,369.67,0.0,0.0,1711.0,633161.633,0.08385857656829125,369.67
US.AVGO,Broadcom,2026-09-09 04:25:00,369.98,369.69,370.02,369.69,0.0,0.0,2955.0,1093227.046,-0.07838261527650696,369.98
US.AVGO,Broadcom,2026-09-09 04:30:00,369.69,369.8,369.83,369.5821,0.0,0.0,1077.0,398247.698,0.0297546593091546,369.69
US.AVGO,Broadcom,2026-09-09 04:35:00,369.8,370.0,370.02,369.8,0.0,0.0,3647.0,1349527.247,0.05408328826392337,369.8
US.AVGO,Broadcom,2026-09-09 04:40:00,369.82,369.65,369.97,369.51,0.0,0.0,5861.0,2166846.343,-0.09459459459460073,370.0
US.AVGO,Broadcom,2026-09-09 04:45:00,369.65,369.21,369.78,369.21,0.0,0.0,3006.0,1111203.873,-0.11903151629920135,369.65
US.AVGO,Broadcom,2026-09-09 04:50:00,369.21,369.08,369.27,368.7135,0.0,0.0,3697.0,1364233.744,-0.035210313913489735,369.21
US.AVGO,Broadcom,2026-09-09 04:55:00,369.08,369.39,369.39,368.98,0.0,0.0,631.0,233213.927,0.0839926303240496,369.08
US.AVGO,Broadcom,2026-09-09 05:00:00,369.39,369.4,369.69,369.39,0.0,0.0,979.0,362107.196,0.0027071658680502737,369.39
US.AVGO,Broadcom,2026-09-09 05:05:00,369.4,369.29,369.4,369.18,0.0,0.0,1006.0,371602.17,-0.02977801840821787,369.4
US.AVGO,Broadcom,2026-09-09 05:10:00,369.29,368.33,369.29,368.33,0.0,0.0,2251.0,830124.859,-0.2599582983563152,369.29
US.AVGO,Broadcom,2026-09-09 05:15:00,368.33,368.44,368.44,368.1571,0.0,0.0,2230.0,821415.26,0.029864523660851315,368.33
US.AVGO,Broadcom,2026-09-09 05:20:00,368.44,368.45,368.58,368.43,0.0,0.0,1710.0,630312.139,0.0027141461296251506,368.44
US.AVGO,Broadcom,2026-09-09 05:25:00,368.45,367.9,368.46,367.9,0.0,0.0,2850.0,1049271.428,-0.14927398561541902,368.45
US.AVGO,Broadcom,2026-09-09 05:30:00,367.9,368.18,368.18,367.84,0.0,0.0,1950.0,717560.984,0.07610763794510181,367.9
US.AVGO,Broadcom,2026-09-09 05:35:00,368.18,367.33,368.1937,367.32,0.0,0.0,4683.0,1721874.036,-0.23086533760661165,368.18
US.AVGO,Broadcom,2026-09-09 05:40:00,367.33,367.04,367.33,366.9,0.0,0.0,7304.0,2681428.296,-0.07894808482834607,367.33
US.AVGO,Broadcom,2026-09-09 05:45:00,367.04,366.9,367.17,366.65,0.0,0.0,3933.0,1442916.392,-0.038142981691380556,367.04
US.AVGO,Broadcom,2026-09-09 05:50:00,366.9,367.0,367.01,366.82,0.0,0.0,1700.0,623971.365,0.027255382938136476,366.9
US.AVGO,Broadcom,2026-09-09 05:55:00,367.0,366.0,367.0,366.0,0.0,0.0,4487.0,1644314.718,-0.2724795640326975,367.0
US.AVGO,Broadcom,2026-09-09 06:00:00,366.0,365.15,366.0,365.0483,0.0,0.0,7210.0,2634449.861,-0.23224043715847617,366.0
US.AVGO,Broadcom,2026-09-09 06:05:00,365.15,366.0,366.0,364.35,0.0,0.0,14098.0,5147052.823,0.2327810488840265,365.15
US.AVGO,Broadcom,2026-09-09 06:10:00,366.0,364.6606,366.06,364.65,0.0,0.0,5209.0,1902663.383,-0.36595628415300874,366.0
US.AVGO,Broadcom,2026-09-09 06:15:00,364.6606,364.93,365.57,364.62,0.0,0.0,3173.0,1158507.792,0.07387691458852938,364.6606
US.AVGO,Broadcom,2026-09-09 06:20:00,364.93,365.14,365.5473,364.9,0.0,0.0,1640.0,598926.339,0.0575452826569423,364.93
US.AVGO,Broadcom,2026-09-09 06:25:00,365.14,365.5216,365.5907,365.05,0.0,0.0,2916.0,1065472.591,0.10450785999890227,365.14
US.AVGO,Broadcom,2026-09-09 06:30:00,365.5216,365.02,365.5216,365.02,0.0,0.0,1996.0,728900.575,-0.13722855229348863,365.5216
US.AVGO,Broadcom,2026-09-09 06:35:00,365.02,365.28,365.28,365.02,0.0,0.0,985.0,359828.549,0.07122897375486026,365.02
US.AVGO,Broadcom,2026-09-09 06:40:00,365.28,365.6,365.9908,365.28,0.0,0.0,3769.0,1378660.74,0.08760402978538383,365.28
US.AVGO,Broadcom,2026-09-09 06:45:00,365.6,365.7,366.72,365.5,0.0,0.0,7222.0,2642765.769,0.027352297592988482,365.6
US.AVGO,Broadcom,2026-09-09 06:50:00,365.7,365.66,365.7,365.58,0.0,0.0,1869.0,683413.555,-0.010937927262773754,365.7
US.AVGO,Broadcom,2026-09-09 06:55:00,365.66,365.5,365.66,364.82,0.0,0.0,4633.0,1692048.293,-0.043756495104748945,365.66
US.AVGO,Broadcom,2026-09-09 07:00:00,365.5,366.0,366.02,365.1875,0.0,0.0,2891.0,1057621.657,0.13679890560875513,365.5
US.AVGO,Broadcom,2026-09-09 07:05:00,366.0,365.9068,366.2396,365.38,0.0,0.0,5287.0,1933947.497,-0.0254644808743236,366.0
US.AVGO,Broadcom,2026-09-09 07:10:00,365.9068,365.86,366.1,365.38,0.0,0.0,6309.0,2308365.375,-0.012790142189202821,365.9068
US.AVGO,Broadcom,2026-09-09 07:15:00,365.86,365.82,366.36,365.8,0.0,0.0,6223.0,2277862.7,-0.010933143825512618,365.86
US.AVGO,Broadcom,2026-09-09 07:20:00,365.82,365.7,365.82,365.28,0.0,0.0,6761.0,2471528.723,-0.03280301787764599,365.82
US.AVGO,Broadcom,2026-09-09 07:25:00,365.7,366.3846,366.4013,365.66,0.0,0.0,5241.0,1918202.17,0.18720262510254007,365.7
US.AVGO,Broadcom,2026-09-09 07:30:00,366.3846,366.2,366.69,366.2,0.0,0.0,7687.0,2816904.651,-0.05038421374697217,366.3846
US.AVGO,Broadcom,2026-09-09 07:35:00,366.2,365.86,366.52,365.75,0.0,0.0,6721.0,2460261.705,-0.0928454396504574,366.2
US.AVGO,Broadcom,2026-09-09 07:40:00,365.86,366.0,366.0,365.7,0.0,0.0,4413.0,1614681.468,0.03826600338927086,365.86
US.AVGO,Broadcom,2026-09-09 07:45:00,366.0,365.73,366.38,365.7,0.0,0.0,2716.0,993629.704,-0.07377049180327372,366.0
US.AVGO,Broadcom,2026-09-09 07:50:00,365.6779,366.58,366.58,365.6779,0.0,0.0,235565.0,86807687.759,0.23241188855165446,365.73
US.AVGO,Broadcom,2026-09-09 07:55:00,366.58,366.4535,366.85,366.2789,0.0,0.0,6026.0,2209391.848,-0.034508156473338575,366.58
US.AVGO,Broadcom,2026-09-09 08:00:00,366.4535,366.03,366.5631,366.03,0.0,0.0,4842.0,1773720.835,-0.11556718655983551,366.4535
US.AVGO,Broadcom,2026-09-09 08:05:00,366.03,365.42,366.12,365.34,0.0,0.0,13588.0,4971496.454,-0.166653006584148,366.03
US.AVGO,Broadcom,2026-09-09 08:10:00,365.42,365.03,365.4679,364.7383,0.0,0.0,18619.0,6796536.288,-0.10672650648569952,365.42
US.AVGO,Broadcom,2026-09-09 08:15:00,365.03,364.6279,365.2,364.6279,0.0,0.0,8159.0,2977537.95,-0.11015532969891838,365.03
US.AVGO,Broadcom,2026-09-09 08:20:00,364.6279,364.61,364.8,364.41,0.0,0.0,8867.0,3233755.816,-0.0049091141955942925,364.6279
US.AVGO,Broadcom,2026-09-09 08:25:00,364.61,364.81,365.08,364.6,0.0,0.0,6488.0,2367585.72,0.054853130742434,364.61
US.AVGO,Broadcom,2026-09-09 08:30:00,364.81,364.65,365.0,364.6,0.0,0.0,7912.0,2886279.357,-0.043858446862757326,364.81
US.AVGO,Broadcom,2026-09-09 08:35:00,364.65,364.95,365.18,364.5,0.0,0.0,9320.0,3399945.31,0.08227067050596774,364.65
US.AVGO,Broadcom,2026-09-09 08:40:00,364.997,364.83,365.19,364.71,0.0,0.0,5323.0,1942896.838,-0.03288121660501563,364.95
US.AVGO,Broadcom,2026-09-09 08:45:00,364.83,364.9932,365.0,364.73,0.0,0.0,8513.0,3105875.093,0.0447331633911733,364.83
US.AVGO,Broadcom,2026-09-09 08:50:00,364.9932,365.31,365.48,364.9,0.0,0.0,7240.0,2643635.546,0.08679613757187822,364.9932
US.AVGO,Broadcom,2026-09-09 08:55:00,365.31,364.91,365.33,364.9,0.0,0.0,4003.0,1461396.856,-0.10949604445538781,365.31
US.AVGO,Broadcom,2026-09-09 09:00:00,364.91,364.9624,365.18,364.77,0.0,0.0,2794.0,1020003.995,0.014359705132766258,364.91
US.AVGO,Broadcom,2026-09-09 09:05:00,364.9624,365.1706,365.5408,364.85,0.0,0.0,4675.0,1707474.593,0.057046972510038464,364.9624
US.AVGO,Broadcom,2026-09-09 09:10:00,365.1706,365.2853,365.4694,365.15,0.0,0.0,3172.0,1159171.731,0.031409976597247306,365.1706
US.AVGO,Broadcom,2026-09-09 09:15:00,365.2853,365.51,365.57,365.2,0.0,0.0,5087.0,1858995.723,0.06151356213895942,365.2853
US.AVGO,Broadcom,2026-09-09 09:20:00,365.51,365.74,365.75,365.351,0.0,0.0,5192.0,1898051.182,0.06292577494460294,365.51
US.AVGO,Broadcom,2026-09-09 09:25:00,365.74,365.9,365.9,365.5415,0.0,0.0,4962.0,1815007.346,0.043746924044394425,365.74
US.AVGO,Broadcom,2026-09-09 09:30:00,366.0,366.95,367.75,365.76,0.0,0.0,15058.0,5519642.161,0.2869636512708421,365.9
US.AVGO,Broadcom,2026-09-09 09:35:00,366.23,364.615,368.01,362.99,0.0,0.0,892804.0,326300539.465,-0.636326474996588,366.95
US.AVGO,Broadcom,2026-09-09 09:40:00,364.615,364.115,365.78,363.8,0.0,0.0,256630.0,93654798.578,-0.1371309463406607,364.615
US.AVGO,Broadcom,2026-09-09 09:45:00,364.115,362.665,364.525,362.4069,0.0,0.0,387695.0,140733582.035,-0.39822583524435645,364.115
US.AVGO,Broadcom,2026-09-09 09:50:00,362.665,362.16,363.0,361.28,0.0,0.0,453656.0,164246302.025,-0.13924696345111756,362.665
US.AVGO,Broadcom,2026-09-09 09:55:00,362.21,362.76,362.81,361.8,0.0,0.0,216532.0,78444102.542,0.16567263088136897,362.16
US.AVGO,Broadcom,2026-09-09 10:00:00,362.7999,362.195,363.0938,362.11,0.0,0.0,349099.0,126523859.287,-0.1557503583636558,362.76
US.AVGO,Broadcom,2026-09-09 10:05:00,362.195,362.39,362.64,361.93,0.0,0.0,291838.0,105734289.507,0.053838401965790025,362.195
US.AVGO,Broadcom,2026-09-09 10:10:00,362.39,363.445,363.65,361.86,0.0,0.0,418264.0,151688364.157,0.2911228234774709,362.39
US.AVGO,Broadcom,2026-09-09 10:15:00,363.445,363.3168,363.85,362.66,0.0,0.0,269399.0,97856099.25,-0.03527356271237534,363.445
US.AVGO,Broadcom,2026-09-09 10:20:00,363.3,362.065,363.3,361.7001,0.0,0.0,285058.0,103230511.113,-0.3445477885966195,363.3168
US.AVGO,Broadcom,2026-09-09 10:25:00,362.04,362.0,362.404,361.46,0.0,0.0,236982.0,85771730.361,-0.01795257757584901,362.065
US.AVGO,Broadcom,2026-09-09 10:30:00,361.99,363.175,363.3,361.735,0.0,0.0,200230.0,72583354.143,0.32458563535911916,362.0
US.AVGO,Broadcom,2026-09-09 10:35:00,363.175,363.44,363.8,362.95,0.0,0.0,150483.0,54683713.908,0.07296757761409413,363.175
US.AVGO,Broadcom,2026-09-09 10:40:00,363.46,363.6743,363.75,362.58,0.0,0.0,219838.0,79827513.373,0.06446731234867346,363.44
US.AVGO,Broadcom,2026-09-09 10:45:00,363.63,363.72,363.91,363.54,0.0,0.0,142024.0,51654279.613,0.012566189032332153,363.6743
US.AVGO,Broadcom,2026-09-09 10:50:00,363.69,362.76,363.69,362.6,0.0,0.0,138492.0,50278495.857,-0.2639392939623986,363.72
US.AVGO,Broadcom,2026-09-09 10:55:00,362.755,361.65,362.84,361.61,0.0,0.0,270323.0,97904201.158,-0.3059874297055942,362.76
US.AVGO,Broadcom,2026-09-09 11:00:00,361.67,362.44,362.96,361.58,0.0,0.0,175025.0,63360993.62,0.21844324623255096,361.65
US.AVGO,Broadcom,2026-09-09 11:05:00,362.62,362.415,362.92,361.85,0.0,0.0,141300.0,51192578.854,-0.00689769341131698,362.44
US.AVGO,Broadcom,2026-09-09 11:10:00,362.4,361.172,362.53,361.08,0.0,0.0,212166.0,76731572.651,-0.3429769739111226,362.415
US.AVGO,Broadcom,2026-09-09 11:15:00,361.15,360.9211,361.5,360.49,0.0,0.0,264104.0,95314203.418,-0.06946828657814046,361.172
US.AVGO,Broadcom,2026-09-09 11:20:00,360.9501,361.2399,361.39,360.68,0.0,0.0,169366.0,61155310.917,0.08832955457576554,360.9211
US.AVGO,Broadcom,2026-09-09 11:25:00,361.14,359.795,361.41,359.7022,0.0,0.0,359358.0,129504994.694,-0.3999835012688137,361.2399
US.AVGO,Broadcom,2026-09-09 11:30:00,359.795,360.32,360.36,359.615,0.0,0.0,215251.0,77483011.488,0.14591642463068616,359.795
US.AVGO,Broadcom,2026-09-09 11:35:00,360.35,361.07,361.28,360.34,0.0,0.0,197936.0,71409792.151,0.20814831261101244,360.32
US.AVGO,Broadcom,2026-09-09 11:40:00,361.07,361.51,361.51,360.66,0.0,0.0,178520.0,64451874.546,0.12186002714155088,361.07
US.AVGO,Broadcom,2026-09-09 11:45:00,361.49,361.28,361.59,360.82,0.0,0.0,104071.0,37589828.565,-0.06362202981937379,361.51
US.AVGO,Broadcom,2026-09-09 11:50:00,361.2606,361.795,361.85,361.225,0.0,0.0,160488.0,58017104.457,0.14254871567760274,361.28
US.AVGO,Broadcom,2026-09-09 11:55:00,361.82,361.45,362.23,361.44,0.0,0.0,188408.0,68186126.147,-0.09535786840614913,361.795
US.AVGO,Broadcom,2026-09-09 12:00:00,361.46,360.98,361.46,360.5,0.0,0.0,132183.0,47707325.399,-0.13003181629546837,361.45
US.AVGO,Broadcom,2026-09-09 12:05:00,360.96,360.58,360.96,360.51,0.0,0.0,105791.0,38162356.91,-0.11080946312816058,360.98
US.AVGO,Broadcom,2026-09-09 12:10:00,360.61,360.4,360.83,360.36,0.0,0.0,107158.0,38640767.063,-0.049919574019636925,360.58
US.AVGO,Broadcom,2026-09-09 12:15:00,360.36,359.675,360.69,359.6,0.0,0.0,264768.0,95351612.064,-0.20116537180909158,360.4
US.AVGO,Broadcom,2026-09-09 12:20:00,359.6843,359.71,359.8599,359.48,0.0,0.0,181890.0,65417537.47,0.00973100715923213,359.675
US.AVGO,Broadcom,2026-09-09 12:25:00,359.71,359.75,359.82,359.46,0.0,0.0,146707.0,52771925.596,0.011120068944433145,359.71
US.AVGO,Broadcom,2026-09-09 12:30:00,359.76,359.88,359.88,359.25,0.0,0.0,221497.0,79629807.947,0.036136205698400405,359.75
US.AVGO,Broadcom,2026-09-09 12:35:00,359.89,360.395,360.48,359.69,0.0,0.0,302753.0,109015259.367,0.1431032566410988,359.88
US.AVGO,Broadcom,2026-09-09 12:40:00,360.39,360.71,360.725,360.2001,0.0,0.0,127591.0,45994560.684,0.08740409828105211,360.395
US.AVGO,Broadcom,2026-09-09 12:45:00,360.68,361.305,361.43,360.65,0.0,0.0,141121.0,50956879.99,0.16495245488065963,360.71
US.AVGO,Broadcom,2026-09-09 12:50:00,361.33,361.28,361.42,361.06,0.0,0.0,85885.0,31027178.147,-0.006919361758080875,361.305
US.AVGO,Broadcom,2026-09-09 12:55:00,361.309,362.16,362.31,361.28,0.0,0.0,135045.0,48894871.708,0.24357838795395606,361.28
US.AVGO,Broadcom,2026-09-09 13:00:00,362.15,362.13,362.34,362.06,0.0,0.0,99627.0,36083263.409,-0.008283631544077082,362.16
US.AVGO,Broadcom,2026-09-09 13:05:00,362.13,362.6401,362.87,362.05,0.0,0.0,143068.0,51861633.152,0.14086101676194257,362.13
US.AVGO,Broadcom,2026-09-09 13:10:00,362.7,362.915,363.07,362.695,0.0,0.0,115188.0,41801538.924,0.07580518536146509,362.6401
US.AVGO,Broadcom,2026-09-09 13:15:00,362.89,363.165,363.39,362.7201,0.0,0.0,158357.0,57491586.884,0.06888665389967347,362.915
US.AVGO,Broadcom,2026-09-09 13:20:00,363.1201,363.85,364.02,363.05,0.0,0.0,255329.0,92863167.016,0.18861949802431463,363.165
US.AVGO,Broadcom,2026-09-09 13:25:00,363.85,363.64,364.16,363.4401,0.0,0.0,191714.0,69764302.021,-0.0577160917960798,363.85
US.AVGO,Broadcom,2026-09-09 13:30:00,363.65,364.05,364.0965,363.4101,0.0,0.0,117939.0,42894153.687,0.11274887251128177,363.64
US.AVGO,Broadcom,2026-09-09 13:35:00,364.0,364.45,364.685,363.7,0.0,0.0,196076.0,71390322.845,0.10987501716796517,364.05
US.AVGO,Broadcom,2026-09-09 13:40:00,364.48,364.56,364.655,364.29,0.0,0.0,145110.0,52889612.833,0.030182466730693823,364.45
US.AVGO,Broadcom,2026-09-09 13:45:00,364.55,364.25,364.64,364.07,0.0,0.0,106293.0,38731369.875,-0.0850340136054428,364.56
US.AVGO,Broadcom,2026-09-09 13:50:00,364.27,364.37,364.63,364.2105,0.0,0.0,80919.0,29486481.879,0.032944406314345795,364.25
US.AVGO,Broadcom,2026-09-09 13:55:00,364.37,364.55,364.69,364.31,0.0,0.0,86252.0,31438150.821,0.049400334824493464,364.37
US.AVGO,Broadcom,2026-09-09 14:00:00,364.541,364.245,364.63,364.23,0.0,0.0,87699.0,31961245.064,-0.08366479220957532,364.55
US.AVGO,Broadcom,2026-09-09 14:05:00,364.22,365.095,365.35,364.21,0.0,0.0,152438.0,55618101.42,0.23335941467968613,364.245
US.AVGO,Broadcom,2026-09-09 14:10:00,365.095,364.61,365.22,364.53,0.0,0.0,108624.0,39640235.639,-0.13284213697805056,365.095
US.AVGO,Broadcom,2026-09-09 14:15:00,364.615,364.23,364.74,364.16,0.0,0.0,101980.0,37173739.095,-0.10422094841062929,364.61
US.AVGO,Broadcom,2026-09-09 14:20:00,364.27,364.375,364.52,364.19,0.0,0.0,86114.0,31376006.155,0.03981001015841139,364.23
US.AVGO,Broadcom,2026-09-09 14:25:00,364.369,363.7973,364.41,363.74,0.0,0.0,141615.0,51548548.815,-0.15854545454545263,364.375
US.AVGO,Broadcom,2026-09-09 14:30:00,363.79,363.97,364.18,363.75,0.0,0.0,117823.0,42879651.064,0.047471490305183765,363.7973
US.AVGO,Broadcom,2026-09-09 14:35:00,363.975,363.515,363.98,363.45,0.0,0.0,121002.0,44018788.962,-0.12501030304696564,363.97
US.AVGO,Broadcom,2026-09-09 14:40:00,363.525,363.74,363.76,363.48,0.0,0.0,85034.0,30922677.988,0.06189565767575554,363.515
US.AVGO,Broadcom,2026-09-09 14:45:00,363.735,363.565,363.89,363.46,0.0,0.0,192350.0,69944991.734,-0.048111288282842515,363.74
US.AVGO,Broadcom,2026-09-09 14:50:00,363.58,363.91,363.9599,363.28,0.0,0.0,162632.0,59149658.974,0.09489362287349642,363.565
US.AVGO,Broadcom,2026-09-09 14:55:00,363.923,363.635,364.0,363.5901,0.0,0.0,116237.0,42288444.714,-0.07556813497843809,363.91
US.AVGO,Broadcom,2026-09-09 15:00:00,363.6201,363.45,363.82,363.36,0.0,0.0,122590.0,44571850.962,-0.05087519078196606,363.635
US.AVGO,Broadcom,2026-09-09 15:05:00,363.48,363.615,363.72,363.33,0.0,0.0,118813.0,43195757.562,0.045398266611644096,363.45
US.AVGO,Broadcom,2026-09-09 15:10:00,363.615,364.0865,364.2835,363.42,0.0,0.0,1139508.0,414779940.045,0.12967011811943727,363.615
US.AVGO,Broadcom,2026-09-09 15:15:00,364.07,363.5572,364.14,363.255,0.0,0.0,185116.0,67317316.257,-0.14537754077670495,364.0865
US.AVGO,Broadcom,2026-09-09 15:20:00,363.54,363.91,363.96,363.485,0.0,0.0,107252.0,39011587.476,0.09704112585309876,363.5572
US.AVGO,Broadcom,2026-09-09 15:25:00,363.88,363.47,363.9175,363.46,0.0,0.0,108461.0,39444927.579,-0.12090901596548535,363.91
US.AVGO,Broadcom,2026-09-09 15:30:00,363.47,363.82,363.96,363.345,0.0,0.0,203436.0,73981394.611,0.09629405452993807,363.47
US.AVGO,Broadcom,2026-09-09 15:35:00,363.82,363.77,364.0,363.64,0.0,0.0,253132.0,92095542.705,-0.01374305975482694,363.82
US.AVGO,Broadcom,2026-09-09 15:40:00,363.75,364.075,364.22,363.72,0.0,0.0,218753.0,79622236.233,0.0838441872611834,363.77
US.AVGO,Broadcom,2026-09-09 15:45:00,364.09,363.835,364.625,363.07,0.0,0.0,504725.0,183702512.974,-0.06592048341688089,364.075
US.AVGO,Broadcom,2026-09-09 15:50:00,363.835,364.1,364.46,363.67,0.0,0.0,303293.0,110472137.266,0.07283521376449303,363.835
US.AVGO,Broadcom,2026-09-09 15:55:00,364.1,364.53,364.5499,363.82,0.0,0.0,486228.0,177110068.279,0.11809942323536116,364.1
US.AVGO,Broadcom,2026-09-09 16:00:00,364.48,364.38,364.5,363.37,0.0,0.0,3493682.0,1272624159.644,-0.041148876635661615,364.53
US.AVGO,Broadcom,2026-09-09 16:05:00,364.38,364.59,364.7,364.0514,0.0,0.0,2071524.0,754823385.299,0.05763214226905416,364.38
US.AVGO,Broadcom,2026-09-09 16:10:00,364.59,364.682,364.682,364.38,0.0,0.0,1881377.0,685537097.549,0.025233824295795654,364.59
US.AVGO,Broadcom,2026-09-09 16:15:00,364.682,364.7769,364.8445,364.4779,0.0,0.0,18711.0,6799785.106,0.026022671807217117,364.682
US.AVGO,Broadcom,2026-09-09 16:20:00,364.7769,364.88,365.0,364.75,0.0,0.0,7312.0,2668253.355,0.028263851137498987,364.7769
US.AVGO,Broadcom,2026-09-09 16:25:00,364.88,364.8,364.95,364.75,0.0,0.0,5465.0,1992646.698,-0.02192501644375797,364.88
US.AVGO,Broadcom,2026-09-09 16:30:00,364.8,364.848,364.95,364.7645,0.0,0.0,25024.0,9122843.332,0.013157894736842604,364.8
US.AVGO,Broadcom,2026-09-09 16:35:00,364.848,364.8,364.85,364.75,0.0,0.0,2537.0,925737.809,-0.01315616366267646,364.848
US.AVGO,Broadcom,2026-09-09 16:40:00,364.8,364.75,364.85,364.75,0.0,0.0,2774.0,1012146.27,-0.01370614035088031,364.8
US.AVGO,Broadcom,2026-09-09 16:45:00,364.75,364.75,364.85,364.75,0.0,0.0,1477.0,539014.18,0.0,364.75
US.AVGO,Broadcom,2026-09-09 16:50:00,364.75,364.7285,364.94,364.7124,0.0,0.0,25535.0,9306201.835,-0.005894448252228426,364.75
US.AVGO,Broadcom,2026-09-09 16:55:00,364.94,364.77,364.94,364.7,0.0,0.0,3990.0,1457462.941,0.01137832661828867,364.7285
US.AVGO,Broadcom,2026-09-09 17:00:00,364.77,364.82,364.82,364.71,0.0,0.0,1657.0,604910.038,0.013707267593281074,364.77
US.AVGO,Broadcom,2026-09-09 17:05:00,364.82,364.8,364.89,364.8,0.0,0.0,674.0,246381.216,-0.0054821555835704765,364.82
US.AVGO,Broadcom,2026-09-09 17:10:00,364.8,364.7,364.824,364.7,0.0,0.0,2272.0,830744.565,-0.02741228070176062,364.8
US.AVGO,Broadcom,2026-09-09 17:15:00,364.7,364.5,364.7,364.5,0.0,0.0,1212.0,442133.61,-0.0548395941869999,364.7
US.AVGO,Broadcom,2026-09-09 17:20:00,364.5,364.55,364.58,364.5,0.0,0.0,250752.0,91370236.811,0.01371742112483165,364.5
US.AVGO,Broadcom,2026-09-09 17:25:00,364.55,364.6318,364.6318,364.5,0.0,0.0,1394.0,508734.366,0.0224386229598099,364.55
US.AVGO,Broadcom,2026-09-09 17:30:00,364.6318,364.5,364.6318,364.5,0.0,0.0,1091.0,397747.024,-0.03614605198997958,364.6318
US.AVGO,Broadcom,2026-09-09 17:35:00,364.5,364.36,364.5001,364.17,0.0,0.0,3557.0,1296253.573,-0.038408779149516147,364.5
US.AVGO,Broadcom,2026-09-09 17:40:00,364.36,364.2339,364.48,364.22,0.0,0.0,635.0,231691.762,-0.03460862882863324,364.36
US.AVGO,Broadcom,2026-09-09 17:45:00,364.3053,364.18,364.31,364.16,0.0,0.0,1159.0,422273.744,-0.014798183255319928,364.2339
US.AVGO,Broadcom,2026-09-09 17:50:00,364.18,364.18,364.18,364.15,0.0,0.0,1012.0,368903.654,0.0,364.18
US.AVGO,Broadcom,2026-09-09 17:55:00,364.3099,364.31,364.38,364.26,0.0,0.0,13426.0,4892389.564,0.03569663353286712,364.18
US.AVGO,Broadcom,2026-09-09 18:00:00,364.31,364.1662,364.3183,364.1518,0.0,0.0,1019822.0,371602737.975,-0.039471878345364884,364.31
US.AVGO,Broadcom,2026-09-09 18:05:00,364.1662,364.01,364.49,364.01,0.0,0.0,5299.0,1930529.51,-0.04289250347781111,364.1662
US.AVGO,Broadcom,2026-09-09 18:10:00,364.01,363.62,364.1609,363.62,0.0,0.0,4736.0,1723462.984,-0.10713991373862981,364.01
US.AVGO,Broadcom,2026-09-09 18:15:00,363.62,363.75,363.9,363.62,0.0,0.0,1461.0,531840.237,0.03575160882239575,363.62
US.AVGO,Broadcom,2026-09-09 18:20:00,363.75,363.795,363.84,363.651,0.0,0.0,1025.0,372917.438,0.012371134020622933,363.75
US.AVGO,Broadcom,2026-09-09 18:25:00,363.795,363.66,363.85,363.66,0.0,0.0,1475.0,536856.38,-0.037108811281076126,363.795
US.AVGO,Broadcom,2026-09-09 18:30:00,363.66,363.76,363.7972,363.66,0.0,0.0,3343.0,1216682.843,0.027498212616170567,363.66
US.AVGO,Broadcom,2026-09-09 18:35:00,363.76,363.65,364.0,363.65,0.0,0.0,990.0,360220.329,-0.03023971849571521,363.76
US.AVGO,Broadcom,2026-09-09 18:40:00,363.65,363.68,363.95,363.65,0.0,0.0,1476.0,537217.853,0.008249690636609255,363.65
US.AVGO,Broadcom,2026-09-09 18:45:00,363.68,363.85,363.85,363.68,0.0,0.0,765.0,278523.125,0.0467443906731236,363.68
US.AVGO,Broadcom,2026-09-09 18:50:00,363.66,363.531,363.7128,363.51,0.0,0.0,2318.0,842967.616,-0.08767349182355828,363.85
US.AVGO,Broadcom,2026-09-09 18:55:00,363.669,363.4056,363.7,363.0,0.0,0.0,3144.0,1142591.623,-0.034494994924783105,363.531
US.AVGO,Broadcom,2026-09-09 19:00:00,363.4056,363.3,363.48,363.0,0.0,0.0,7875.0,2859486.311,-0.029058440486327473,363.4056
US.AVGO,Broadcom,2026-09-09 19:05:00,363.3,363.35,363.35,363.13,0.0,0.0,1882.0,683812.748,0.013762730525739434,363.3
US.AVGO,Broadcom,2026-09-09 19:10:00,363.35,363.1,363.4499,363.02,0.0,0.0,2901.0,1053621.645,-0.06880418329434429,363.35
US.AVGO,Broadcom,2026-09-09 19:15:00,363.1,363.15,363.3,363.0006,0.0,0.0,4566.0,1657699.889,0.0137703112090208,363.1
US.AVGO,Broadcom,2026-09-09 19:20:00,363.15,363.18,363.31,363.01,0.0,0.0,2351.0,854022.61,0.008261049153250603,363.15
US.AVGO,Broadcom,2026-09-09 19:25:00,363.18,363.0394,363.18,363.01,0.0,0.0,694.0,252171.87,-0.03871358554986681,363.18
US.AVGO,Broadcom,2026-09-09 19:30:00,363.0394,363.01,363.14,363.01,0.0,0.0,1154.0,419317.477,-0.008098294565275737,363.0394
US.AVGO,Broadcom,2026-09-09 19:35:00,363.01,363.0,363.12,363.0,0.0,0.0,1013.0,368123.924,-0.00275474504834327,363.01
US.AVGO,Broadcom,2026-09-09 19:40:00,363.0,363.2,363.2,363.0,0.0,0.0,536.0,194638.322,0.05509641873277924,363.0
US.AVGO,Broadcom,2026-09-09 19:45:00,363.2,363.2,363.29,363.2,0.0,0.0,1130.0,410523.699,0.0,363.2
US.AVGO,Broadcom,2026-09-09 19:50:00,363.2,363.3,363.37,363.2,0.0,0.0,997.0,362481.88,0.027533039647583357,363.2
US.AVGO,Broadcom,2026-09-09 19:55:00,363.52,363.8,364.19,363.41,0.0,0.0,5096.0,1853968.813,0.13762730525736305,363.3
US.AVGO,Broadcom,2026-09-09 20:00:00,363.8,363.99,364.11,363.7055,0.0,0.0,2589.0,942286.554,0.05222649807586524,363.8
US.AVGO,Broadcom,2026-09-10 04:05:00,357.1,362.8718,363.9875,357.1,0.0,0.0,15749.0,5716760.127,-0.3072062419297238,363.99
US.AVGO,Broadcom,2026-09-10 04:10:00,362.84,362.84,363.44,362.67,0.0,0.0,397.0,144298.972,-0.008763425540378853,362.8718
US.AVGO,Broadcom,2026-09-10 04:15:00,362.82,362.6,363.12,362.6,0.0,0.0,231.0,84135.384,-0.06614485723733664,362.84
US.AVGO,Broadcom,2026-09-10 04:20:00,362.63,362.6,362.7046,362.2,0.0,0.0,1487.0,539037.0,0.0,362.6
US.AVGO,Broadcom,2026-09-10 04:25:00,362.288,362.9,363.12,362.288,0.0,0.0,286.0,103881.892,0.08273579702149876,362.6
US.AVGO,Broadcom,2026-09-10 04:30:00,362.8,362.9525,363.235,362.78,0.0,0.0,109.0,39575.625,0.014466795260404824,362.9
US.AVGO,Broadcom,2026-09-10 04:35:00,363.0475,362.62,363.2917,362.3615,0.0,0.0,1119.0,406357.723,-0.0916097836493706,362.9525
US.AVGO,Broadcom,2026-09-10 04:40:00,362.6218,362.86,363.1847,362.6218,0.0,0.0,183.0,66704.784,0.06618498703877587,362.62
US.AVGO,Broadcom,2026-09-10 04:45:00,362.6052,362.7,362.7,362.5,0.0,0.0,56.0,20444.071,-0.04409414099102271,362.86
US.AVGO,Broadcom,2026-09-10 04:50:00,362.5,362.27,362.86,362.22,0.0,0.0,131.0,47501.673,-0.11855527984560431,362.7
US.AVGO,Broadcom,2026-09-10 04:55:00,362.25,362.35,362.5,362.2,0.0,0.0,113.0,40979.953,0.02208297678528195,362.27
US.AVGO,Broadcom,2026-09-10 05:00:00,362.32,362.32,362.39,362.22,0.0,0.0,227.0,82260.984,-0.00827928798124177,362.35
US.AVGO,Broadcom,2026-09-10 05:05:00,362.39,362.86,362.87,362.27,0.0,0.0,684.0,248205.785,0.1490395230735318,362.32
US.AVGO,Broadcom,2026-09-10 05:10:00,362.86,362.76,362.86,362.73,0.0,0.0,148.0,53819.299,-0.027558838119391152,362.86
US.AVGO,Broadcom,2026-09-10 05:15:00,362.7597,362.75,363.0,362.75,0.0,0.0,293.0,106365.214,-0.0027566435108586683,362.76
US.AVGO,Broadcom,2026-09-10 05:20:00,362.76,362.49,362.76,362.3513,0.0,0.0,295.0,107245.838,-0.07167470709855021,362.75
US.AVGO,Broadcom,2026-09-10 05:25:00,362.6,362.37,362.7,362.32,0.0,0.0,73.0,26479.626,-0.03310436149962883,362.49
US.AVGO,Broadcom,2026-09-10 05:30:00,362.41,362.1491,362.45,362.0692,0.0,0.0,592.0,214369.173,-0.060959792477310135,362.37
US.AVGO,Broadcom,2026-09-10 05:35:00,362.13,362.08,362.2,361.94,0.0,0.0,753.0,272800.742,-0.019080538927196487,362.1491
US.AVGO,Broadcom,2026-09-10 05:40:00,362.08,361.94,362.2,361.94,0.0,0.0,1209.0,437767.111,-0.038665488289876926,362.08
US.AVGO,Broadcom,2026-09-10 05:45:00,361.9985,362.0,362.0,361.86,0.0,0.0,2096.0,758639.146,0.016577333259656924,361.94
US.AVGO,Broadcom,2026-09-10 05:50:00,362.0,362.13,362.32,362.0,0.0,0.0,741.0,268738.646,0.035911602209943494,362.0
US.AVGO,Broadcom,2026-09-10 05:55:00,362.13,362.35,362.35,362.13,0.0,0.0,136.0,49299.973,0.06075166376716298,362.13
US.AVGO,Broadcom,2026-09-10 06:00:00,362.3,362.37,362.38,362.13,0.0,0.0,262.0,94957.01,0.005519525320817388,362.35
US.AVGO,Broadcom,2026-09-10 06:05:00,362.14,362.43,362.43,362.12,0.0,0.0,411.0,149009.943,0.01655766205811802,362.37
US.AVGO,Broadcom,2026-09-10 06:10:00,362.43,362.4239,362.43,362.0353,0.0,0.0,145.0,52575.982,-0.0016830836299433123,362.43
US.AVGO,Broadcom,2026-09-10 06:15:00,362.4239,362.3765,362.4239,362.0,0.0,0.0,200.0,72806.853,-0.013078607674599245,362.4239
US.AVGO,Broadcom,2026-09-10 06:20:00,362.0231,362.19,362.2,361.9987,0.0,0.0,180.0,65339.619,-0.051465809731045926,362.3765
US.AVGO,Broadcom,2026-09-10 06:25:00,362.19,362.38,362.4,362.01,0.0,0.0,283.0,102541.43,0.05245865429746755,362.19
US.AVGO,Broadcom,2026-09-10 06:30:00,362.4,362.055,362.4001,362.02,0.0,0.0,1384.0,501681.375,-0.08968486119542708,362.38
US.AVGO,Broadcom,2026-09-10 06:35:00,362.15,362.58,363.88,361.84,0.0,0.0,2946.0,1069412.04,0.14500559307286937,362.055
US.AVGO,Broadcom,2026-09-10 06:40:00,362.58,363.0,363.4627,362.42,0.0,0.0,683.0,247862.237,0.11583650504716639,362.58
US.AVGO,Broadcom,2026-09-10 06:45:00,362.9999,363.0,363.288,362.82,0.0,0.0,156.0,56765.467,0.0,363.0
US.AVGO,Broadcom,2026-09-10 06:50:00,362.85,362.9713,363.0,362.42,0.0,0.0,375.0,136223.312,-0.007906336088158354,363.0
US.AVGO,Broadcom,2026-09-10 06:55:00,362.87,362.52,363.2787,362.51,0.0,0.0,547.0,198578.872,-0.1243348992055304,362.9713
US.AVGO,Broadcom,2026-09-10 07:00:00,362.52,362.69,363.4737,362.52,0.0,0.0,254.0,92142.325,0.04689396447093013,362.52
US.AVGO,Broadcom,2026-09-10 07:05:00,362.8,362.432,362.94,362.11,0.0,0.0,1742.0,631616.712,-0.07113512917366935,362.69
US.AVGO,Broadcom,2026-09-10 07:10:00,362.54,362.3061,362.701,362.25,0.0,0.0,1258.0,456280.49,-0.03473755076814449,362.432
US.AVGO,Broadcom,2026-09-10 07:15:00,362.28,362.6907,362.6953,362.25,0.0,0.0,1907.0,691448.559,0.10615333277578755,362.3061
US.AVGO,Broadcom,2026-09-10 07:20:00,362.7,362.75,362.79,362.4,0.0,0.0,429.0,155930.385,0.016350019451838015,362.6907
US.AVGO,Broadcom,2026-09-10 07:25:00,362.54,362.78,362.931,362.54,0.0,0.0,817.0,296690.217,0.008270158511363946,362.75
US.AVGO,Broadcom,2026-09-10 07:30:00,362.78,362.8795,362.9293,362.7,0.0,0.0,864.0,313735.664,0.02742709079884078,362.78
US.AVGO,Broadcom,2026-09-10 07:35:00,362.88,363.0,363.1,362.77,0.0,0.0,750.0,272469.794,0.033206615419166065,362.8795
US.AVGO,Broadcom,2026-09-10 07:40:00,363.0,363.04,363.29,362.91,0.0,0.0,3377.0,1226205.957,0.01101928374656211,363.0
US.AVGO,Broadcom,2026-09-10 07:45:00,363.04,362.8324,363.18,362.77,0.0,0.0,829.0,300969.499,-0.05718378140150219,363.04
US.AVGO,Broadcom,2026-09-10 07:50:00,362.9644,362.94,363.29,362.77,0.0,0.0,1379.0,500779.513,0.029655565489738734,362.8324
US.AVGO,Broadcom,2026-09-10 07:55:00,362.85,362.39,362.85,362.32,0.0,0.0,1049.0,380500.957,-0.15154019948201117,362.94
US.AVGO,Broadcom,2026-09-10 08:00:00,362.39,361.813,362.4732,361.79,0.0,0.0,3662.0,1326092.49,-0.15922072904881432,362.39
US.AVGO,Broadcom,2026-09-10 08:05:00,361.82,361.1811,362.1,361.05,0.0,0.0,6180.0,2235073.957,-0.17464822988670206,361.813
US.AVGO,Broadcom,2026-09-10 08:10:00,361.1,360.63,361.5,360.63,0.0,0.0,2640.0,953240.833,-0.15258273481088006,361.1811
US.AVGO,Broadcom,2026-09-10 08:15:00,360.63,360.6247,360.9875,360.48,0.0,0.0,4996.0,1801793.439,-0.0014696503341311011,360.63
US.AVGO,Broadcom,2026-09-10 08:20:00,360.58,360.42,361.0,360.39,0.0,0.0,6380.0,2300970.519,-0.056762612211532525,360.6247
US.AVGO,Broadcom,2026-09-10 08:25:00,360.3,359.95,360.75,359.7404,0.0,0.0,9492.0,3417556.969,-0.13040341823428978,360.42
US.AVGO,Broadcom,2026-09-10 08:30:00,359.7979,360.6,360.6,359.72,0.0,0.0,4158.0,1497120.457,0.18058063619948164,359.95
US.AVGO,Broadcom,2026-09-10 08:35:00,360.25,358.6111,360.976,358.4,0.0,0.0,17436.0,6260481.843,-0.5515529672767613,360.6
US.AVGO,Broadcom,2026-09-10 08:40:00,358.5,358.42,358.9458,358.03,0.0,0.0,14779.0,5298161.468,-0.053288924966350966,358.6111
US.AVGO,Broadcom,2026-09-10 08:45:00,358.3,358.43,358.88,358.08,0.0,0.0,6821.0,2444764.754,0.0027900228781850634,358.42
US.AVGO,Broadcom,2026-09-10 08:50:00,358.51,358.55,358.8397,358.3,0.0,0.0,6331.0,2270345.174,0.033479340456994265,358.43
US.AVGO,Broadcom,2026-09-10 08:55:00,358.5666,358.2026,358.66,358.05,0.0,0.0,9346.0,3349664.844,-0.09689025240552036,358.55
US.AVGO,Broadcom,2026-09-10 09:00:00,358.2,357.9171,358.2021,357.6,0.0,0.0,9246.0,3309100.214,-0.07970349740622017,358.2026
US.AVGO,Broadcom,2026-09-10 09:05:00,357.93,358.55,358.66,357.87,0.0,0.0,7892.0,2827497.879,0.17682865669173292,357.9171
US.AVGO,Broadcom,2026-09-10 09:10:00,358.5,358.01,358.6,357.85,0.0,0.0,44869.0,16248338.223,-0.15060660995677602,358.55
US.AVGO,Broadcom,2026-09-10 09:15:00,358.1,358.2687,358.5,358.0,0.0,0.0,2815.0,1008573.151,0.07226055138125556,358.01
US.AVGO,Broadcom,2026-09-10 09:20:00,358.2687,358.05,358.49,358.0,0.0,0.0,7729.0,2768974.442,-0.06104356869578965,358.2687
US.AVGO,Broadcom,2026-09-10 09:25:00,358.07,357.84,358.1473,357.58,0.0,0.0,6817.0,2439940.064,-0.05865102639297204,358.05
US.AVGO,Broadcom,2026-09-10 09:30:00,357.84,360.16,360.83,357.7,0.0,0.0,24535.0,8828580.105,0.6483344511513666,357.84
US.AVGO,Broadcom,2026-09-10 09:35:00,360.44,358.405,361.7,358.12,0.0,0.0,537816.0,193648441.216,-0.48728342958686477,360.16
US.AVGO,Broadcom,2026-09-10 09:40:00,358.4527,359.49,360.35,357.785,0.0,0.0,216646.0,77815460.316,0.3027301516441,358.405
US.AVGO,Broadcom,2026-09-10 09:45:00,359.5417,358.665,360.08,358.57,0.0,0.0,165619.0,59555529.685,-0.22949178002169424,359.49
