code,name,time_key,open,close,high,low,pe_ratio,turnover_rate,volume,turnover,change_rate,last_close
US.GOOGL,Alphabet-A,2026-08-25 19:10:00,347.1,347.045,347.1,347.045,0.0,0.0,668.0,232033.001,-0.015845577643332415,347.1
US.GOOGL,Alphabet-A,2026-08-25 19:15:00,347.045,347.0,347.045,347.0,0.0,0.0,608.0,211000.655,-0.012966618161914424,347.045
US.GOOGL,Alphabet-A,2026-08-25 19:20:00,347.0,347.0154,347.0154,347.0,0.0,0.0,582.0,201968.22,0.004438040345821221,347.0
US.GOOGL,Alphabet-A,2026-08-25 19:25:00,347.0154,347.02,347.02,346.99,0.0,0.0,930.0,323014.79,0.001325589584779861,347.0154
US.GOOGL,Alphabet-A,2026-08-25 19:30:00,347.02,346.86,347.02,346.8,0.0,0.0,1616.0,560834.526,-0.04610685263096311,347.02
US.GOOGL,Alphabet-A,2026-08-25 19:35:00,346.86,346.74,346.86,346.74,0.0,0.0,1283.0,445242.633,-0.034596090641758795,346.86
US.GOOGL,Alphabet-A,2026-08-25 19:40:00,346.74,346.68,346.74,346.68,0.0,0.0,1085.0,376354.594,-0.01730403183941924,346.74
US.GOOGL,Alphabet-A,2026-08-25 19:45:00,346.68,346.44,346.68,346.44,0.0,0.0,1754.0,608189.959,-0.0692281066112868,346.68
US.GOOGL,Alphabet-A,2026-08-25 19:50:00,346.44,346.45,346.5743,346.3605,0.0,0.0,3571.0,1237129.269,0.0028865027133099254,346.44
US.GOOGL,Alphabet-A,2026-08-25 19:55:00,346.45,346.4,346.5709,346.25,0.0,0.0,1746.0,604906.146,-0.014432096983695011,346.45
US.GOOGL,Alphabet-A,2026-08-25 20:00:00,346.4,346.25,346.48,346.1846,0.0,0.0,941.0,325906.061,-0.043302540415697824,346.4
US.GOOGL,Alphabet-A,2026-08-26 04:05:00,346.96,346.2,347.0,345.99,0.0,0.0,29359.0,10180492.609,-0.014440433212999673,346.25
US.GOOGL,Alphabet-A,2026-08-26 04:10:00,346.2,346.28,346.55,346.19,0.0,0.0,4251.0,1473135.41,0.023108030040434456,346.2
US.GOOGL,Alphabet-A,2026-08-26 04:15:00,346.28,346.37,346.44,346.28,0.0,0.0,340.0,118007.889,0.025990527896509137,346.28
US.GOOGL,Alphabet-A,2026-08-26 04:20:00,346.37,346.31,346.4,346.24,0.0,0.0,1323.0,458214.607,-0.01732251638421407,346.37
US.GOOGL,Alphabet-A,2026-08-26 04:25:00,346.31,346.33,346.33,346.23,0.0,0.0,1182.0,409504.386,0.005775172533274179,346.31
US.GOOGL,Alphabet-A,2026-08-26 04:30:00,346.33,346.44,346.44,346.33,0.0,0.0,222.0,77247.958,0.03176161464499571,346.33
US.GOOGL,Alphabet-A,2026-08-26 04:35:00,346.44,346.59,346.59,346.44,0.0,0.0,638.0,221223.395,0.0432975406996817,346.44
US.GOOGL,Alphabet-A,2026-08-26 04:40:00,346.59,346.71,346.7198,346.59,0.0,0.0,257.0,89097.279,0.03462304163420888,346.59
US.GOOGL,Alphabet-A,2026-08-26 04:45:00,346.71,346.81,346.81,346.65,0.0,0.0,685.0,237616.346,0.028842548527594457,346.71
US.GOOGL,Alphabet-A,2026-08-26 04:50:00,346.81,346.81,346.81,346.81,0.0,0.0,229.0,79489.498,0.0,346.81
US.GOOGL,Alphabet-A,2026-08-26 04:55:00,346.81,347.0,347.0,346.66,0.0,0.0,397.0,137821.489,0.054785040800437626,346.81
US.GOOGL,Alphabet-A,2026-08-26 05:00:00,347.0,347.12,347.12,347.0,0.0,0.0,1013.0,351778.882,0.03458213256484281,347.0
US.GOOGL,Alphabet-A,2026-08-26 05:05:00,347.12,347.2,347.41,347.12,0.0,0.0,14710.0,5109628.074,0.02304678497349161,347.12
US.GOOGL,Alphabet-A,2026-08-26 05:10:00,347.2,347.07,347.2,347.07,0.0,0.0,156.0,54285.665,-0.03744239631336275,347.2
US.GOOGL,Alphabet-A,2026-08-26 05:15:00,347.07,347.0,347.07,346.97,0.0,0.0,2151.0,746584.901,-0.020168842020339754,347.07
US.GOOGL,Alphabet-A,2026-08-26 05:20:00,347.0,346.91,347.0,346.91,0.0,0.0,496.0,172283.988,-0.025936599423623915,347.0
US.GOOGL,Alphabet-A,2026-08-26 05:25:00,346.91,346.86,346.96,346.86,0.0,0.0,812.0,281744.995,-0.014412960133755546,346.91
US.GOOGL,Alphabet-A,2026-08-26 05:30:00,346.86,346.74,346.86,346.74,0.0,0.0,707.0,245292.989,-0.034596090641758795,346.86
US.GOOGL,Alphabet-A,2026-08-26 05:35:00,346.73,346.74,346.74,346.72,0.0,0.0,665.0,230623.519,0.0,346.74
US.GOOGL,Alphabet-A,2026-08-26 05:40:00,346.74,346.74,346.74,346.74,0.0,0.0,172.0,59892.255,0.0,346.74
US.GOOGL,Alphabet-A,2026-08-26 05:45:00,346.74,347.0,347.0,346.74,0.0,0.0,302.0,104923.834,0.07498413797081124,346.74
US.GOOGL,Alphabet-A,2026-08-26 05:50:00,347.0,346.73,347.0,346.73,0.0,0.0,682.0,236546.343,-0.07780979827088813,347.0
US.GOOGL,Alphabet-A,2026-08-26 05:55:00,346.73,346.74,346.74,346.68,0.0,0.0,1249.0,433351.018,0.0028840884838320607,346.73
US.GOOGL,Alphabet-A,2026-08-26 06:00:00,346.74,346.801,346.81,346.67,0.0,0.0,452.0,156926.466,0.017592432370069397,346.74
US.GOOGL,Alphabet-A,2026-08-26 06:05:00,346.801,346.86,347.0,346.801,0.0,0.0,1247.0,432617.224,0.017012638371869147,346.801
US.GOOGL,Alphabet-A,2026-08-26 06:10:00,346.86,346.81,346.86,346.8,0.0,0.0,353.0,122663.048,-0.014415037767402227,346.86
US.GOOGL,Alphabet-A,2026-08-26 06:15:00,346.81,346.6,346.85,346.6,0.0,0.0,895.0,310303.434,-0.06055188720047851,346.81
US.GOOGL,Alphabet-A,2026-08-26 06:20:00,346.6,346.56,346.6,346.56,0.0,0.0,583.0,202396.789,-0.011540680900179014,346.6
US.GOOGL,Alphabet-A,2026-08-26 06:25:00,346.56,346.7,346.79,346.56,0.0,0.0,503.0,174699.142,0.040397045244686736,346.56
US.GOOGL,Alphabet-A,2026-08-26 06:30:00,346.74,346.65,346.74,346.64,0.0,0.0,566.0,196273.464,-0.014421690222097308,346.7
US.GOOGL,Alphabet-A,2026-08-26 06:35:00,346.65,346.61,346.65,346.5076,0.0,0.0,2096.0,726685.508,-0.011539016298850027,346.65
US.GOOGL,Alphabet-A,2026-08-26 06:40:00,346.61,346.77,346.77,346.61,0.0,0.0,958.0,332253.208,0.046161391765952554,346.61
US.GOOGL,Alphabet-A,2026-08-26 06:45:00,346.77,346.95,346.95,346.77,0.0,0.0,561.0,194606.53,0.05190760446405595,346.77
US.GOOGL,Alphabet-A,2026-08-26 06:50:00,346.95,346.9,346.95,346.9,0.0,0.0,288.0,99938.957,-0.014411298457994343,346.95
US.GOOGL,Alphabet-A,2026-08-26 06:55:00,346.9,346.9,346.94,346.76,0.0,0.0,1412.0,489860.844,0.0,346.9
US.GOOGL,Alphabet-A,2026-08-26 07:00:00,346.9,346.81,346.9,346.81,0.0,0.0,238.0,82649.836,-0.025944076102616027,346.9
US.GOOGL,Alphabet-A,2026-08-26 07:05:00,346.81,347.09,347.1,346.81,0.0,0.0,2059.0,714721.52,0.08073584960063801,346.81
US.GOOGL,Alphabet-A,2026-08-26 07:10:00,347.09,347.07,347.1,346.95,0.0,0.0,2458.0,853206.748,-0.005762194243562711,347.09
US.GOOGL,Alphabet-A,2026-08-26 07:15:00,347.07,347.2,347.2,347.05,0.0,0.0,2882.0,1000504.677,0.037456420894919025,347.07
US.GOOGL,Alphabet-A,2026-08-26 07:20:00,347.2,347.43,347.5,347.2,0.0,0.0,2244.0,779832.883,0.06624423963134166,347.2
US.GOOGL,Alphabet-A,2026-08-26 07:25:00,347.43,347.3863,347.4997,347.25,0.0,0.0,2291.0,796115.939,-0.01257807328094902,347.43
US.GOOGL,Alphabet-A,2026-08-26 07:30:00,347.3863,347.23,347.3863,347.21,0.0,0.0,994.0,345284.562,-0.044993138762233126,347.3863
US.GOOGL,Alphabet-A,2026-08-26 07:35:00,347.23,347.2253,347.39,347.2018,0.0,0.0,1135.0,394186.834,-0.0013535696800431745,347.23
US.GOOGL,Alphabet-A,2026-08-26 07:40:00,347.2253,347.09,347.24,347.09,0.0,0.0,1414.0,490974.76,-0.038966054604900414,347.2253
US.GOOGL,Alphabet-A,2026-08-26 07:45:00,347.09,347.11,347.11,346.9601,0.0,0.0,1517.0,526709.61,0.0057621942435790875,347.09
US.GOOGL,Alphabet-A,2026-08-26 07:50:00,347.11,347.0,347.11,347.0,0.0,0.0,489.0,170005.599,-0.031690242286310864,347.11
US.GOOGL,Alphabet-A,2026-08-26 07:55:00,347.0,347.1,347.22,347.0,0.0,0.0,3569.0,1238736.003,0.02881844380404113,347.0
US.GOOGL,Alphabet-A,2026-08-26 08:00:00,347.1,347.0,347.1,347.0,0.0,0.0,1234.0,428401.975,-0.02881014116969828,347.1
US.GOOGL,Alphabet-A,2026-08-26 08:05:00,347.0,347.04,347.15,347.0,0.0,0.0,557.0,193538.403,0.01152737752161973,347.0
US.GOOGL,Alphabet-A,2026-08-26 08:10:00,347.04,347.07,347.1,346.9647,0.0,0.0,894.0,310323.81,0.008644536652827545,347.04
US.GOOGL,Alphabet-A,2026-08-26 08:15:00,347.07,346.79,347.1,346.79,0.0,0.0,6038.0,2094797.642,-0.08067536808135901,347.07
US.GOOGL,Alphabet-A,2026-08-26 08:20:00,346.79,346.92,346.92,346.76,0.0,0.0,967.0,335404.796,0.03748666339859726,346.79
US.GOOGL,Alphabet-A,2026-08-26 08:25:00,346.92,347.0,347.0,346.89,0.0,0.0,4302.0,1492759.708,0.02306007148621702,346.92
US.GOOGL,Alphabet-A,2026-08-26 08:30:00,347.0,347.1,347.1,346.93,0.0,0.0,2959.0,1026790.413,0.02881844380404113,347.0
US.GOOGL,Alphabet-A,2026-08-26 08:35:00,347.15,346.58,347.15,346.58,0.0,0.0,3772.0,1308153.97,-0.14981273408240814,347.1
US.GOOGL,Alphabet-A,2026-08-26 08:40:00,346.58,346.48,346.7,346.48,0.0,0.0,3216.0,1114778.383,-0.028853367187940997,346.58
US.GOOGL,Alphabet-A,2026-08-26 08:45:00,346.48,346.43,346.55,346.29,0.0,0.0,5512.0,1909697.893,-0.014430847379361397,346.48
US.GOOGL,Alphabet-A,2026-08-26 08:50:00,346.43,346.62,346.64,346.33,0.0,0.0,1847.0,639993.889,0.05484513465923786,346.43
US.GOOGL,Alphabet-A,2026-08-26 08:55:00,346.62,346.0488,346.62,346.0488,0.0,0.0,4314.0,1493949.477,-0.16479141422883162,346.62
US.GOOGL,Alphabet-A,2026-08-26 09:00:00,346.0488,346.03,346.21,346.01,0.0,0.0,3509.0,1214436.946,-0.00543275977262619,346.0488
US.GOOGL,Alphabet-A,2026-08-26 09:05:00,346.03,347.06,347.11,346.0,0.0,0.0,20332.0,7050918.847,0.29766205242320887,346.03
US.GOOGL,Alphabet-A,2026-08-26 09:10:00,347.05,347.2,347.89,346.91,0.0,0.0,25030.0,8697132.927,0.04033884630899163,347.06
US.GOOGL,Alphabet-A,2026-08-26 09:15:00,347.2,347.25,347.38,347.04,0.0,0.0,10910.0,3788440.289,0.014400921658989449,347.2
US.GOOGL,Alphabet-A,2026-08-26 09:20:00,347.25,346.73,347.37,346.73,0.0,0.0,8817.0,3060899.692,-0.1497480201583821,347.25
US.GOOGL,Alphabet-A,2026-08-26 09:25:00,346.73,346.4,346.8,346.16,0.0,0.0,5338.0,1849334.671,-0.09517491996655637,346.73
US.GOOGL,Alphabet-A,2026-08-26 09:30:00,346.38,346.63,347.5,346.38,0.0,0.0,59689.0,20704053.974,0.06639722863741865,346.4
US.GOOGL,Alphabet-A,2026-08-26 09:35:00,346.62,345.38,346.88,343.61,0.0,0.0,734292.0,253906479.989,-0.3606150650549578,346.63
US.GOOGL,Alphabet-A,2026-08-26 09:40:00,345.28,344.01,345.4999,343.65,0.0,0.0,322547.0,111161230.459,-0.3966645434014721,345.38
US.GOOGL,Alphabet-A,2026-08-26 09:45:00,344.0,344.2887,344.72,343.1,0.0,0.0,367759.0,126429047.263,0.08101508677073772,344.01
US.GOOGL,Alphabet-A,2026-08-26 09:50:00,344.31,344.065,344.45,343.29,0.0,0.0,330612.0,113688215.005,-0.06497454026228802,344.2887
US.GOOGL,Alphabet-A,2026-08-26 09:55:00,344.051,344.26,344.805,343.85,0.0,0.0,284584.0,97967570.078,0.05667533750889895,344.065
US.GOOGL,Alphabet-A,2026-08-26 10:00:00,344.24,343.87,344.39,343.37,0.0,0.0,399976.0,137525535.923,-0.11328646952884051,344.26
US.GOOGL,Alphabet-A,2026-08-26 10:05:00,343.87,343.745,344.13,342.91,0.0,0.0,342806.0,117767190.849,-0.03635094657864891,343.87
US.GOOGL,Alphabet-A,2026-08-26 10:10:00,343.74,343.16,344.0,342.9,0.0,0.0,242612.0,83344949.147,-0.17018429358971898,343.745
US.GOOGL,Alphabet-A,2026-08-26 10:15:00,343.19,341.71,343.19,341.71,0.0,0.0,369621.0,126528923.84,-0.4225434199790317,343.16
US.GOOGL,Alphabet-A,2026-08-26 10:20:00,341.71,342.02,342.44,341.519,0.0,0.0,330446.0,112996189.684,0.09072020134031848,341.71
US.GOOGL,Alphabet-A,2026-08-26 10:25:00,342.07,342.04,342.27,341.821,0.0,0.0,190739.0,65235025.346,0.0058476112508153485,342.02
US.GOOGL,Alphabet-A,2026-08-26 10:30:00,342.04,342.28,342.41,341.7,0.0,0.0,179666.0,61446629.486,0.07016723190268748,342.04
US.GOOGL,Alphabet-A,2026-08-26 10:35:00,342.29,341.92,342.51,341.45,0.0,0.0,257795.0,88138638.873,-0.10517704803083931,342.28
US.GOOGL,Alphabet-A,2026-08-26 10:40:00,341.91,342.345,342.78,341.905,0.0,0.0,178049.0,60951193.205,0.12429808142255831,341.92
US.GOOGL,Alphabet-A,2026-08-26 10:45:00,342.38,342.1399,342.73,342.077,0.0,0.0,174019.0,59591394.503,-0.05991032438038114,342.345
US.GOOGL,Alphabet-A,2026-08-26 10:50:00,342.125,342.5,342.7511,342.01,0.0,0.0,128766.0,44083082.642,0.10524934390873106,342.1399
US.GOOGL,Alphabet-A,2026-08-26 10:55:00,342.51,342.635,342.82,342.36,0.0,0.0,127641.0,43731460.136,0.03941605839415793,342.5
US.GOOGL,Alphabet-A,2026-08-26 11:00:00,342.65,343.03,343.19,342.56,0.0,0.0,179642.0,61600186.784,0.11528302712798803,342.635
US.GOOGL,Alphabet-A,2026-08-26 11:05:00,343.01,343.32,343.44,342.91,0.0,0.0,136041.0,46684863.944,0.08454071072501544,343.03
US.GOOGL,Alphabet-A,2026-08-26 11:10:00,343.34,343.2362,343.455,343.0901,0.0,0.0,147536.0,50646389.753,-0.02440871490154857,343.32
US.GOOGL,Alphabet-A,2026-08-26 11:15:00,343.225,343.205,343.36,343.03,0.0,0.0,142083.0,48760181.479,-0.009089950302448444,343.2362
US.GOOGL,Alphabet-A,2026-08-26 11:20:00,343.2,342.73,343.245,342.71,0.0,0.0,146890.0,50376470.332,-0.13840124706806892,343.205
US.GOOGL,Alphabet-A,2026-08-26 11:25:00,342.725,343.0,343.09,342.58,0.0,0.0,117725.0,40350628.991,0.0787792139585043,342.73
US.GOOGL,Alphabet-A,2026-08-26 11:30:00,343.0,342.82,343.23,342.82,0.0,0.0,88069.0,30214386.446,-0.05247813411078916,343.0
US.GOOGL,Alphabet-A,2026-08-26 11:35:00,342.84,342.0699,342.84,342.035,0.0,0.0,105931.0,36266090.181,-0.21880287031094303,342.82
US.GOOGL,Alphabet-A,2026-08-26 11:40:00,342.07,341.91,342.14,341.83,0.0,0.0,178130.0,60919538.933,-0.04674483197732197,342.0699
US.GOOGL,Alphabet-A,2026-08-26 11:45:00,341.92,342.22,342.47,341.89,0.0,0.0,105269.0,36021361.986,0.09066713462607186,341.91
US.GOOGL,Alphabet-A,2026-08-26 11:50:00,342.2,342.58,342.75,342.16,0.0,0.0,101350.0,34713558.009,0.10519548828237882,342.22
US.GOOGL,Alphabet-A,2026-08-26 11:55:00,342.6,341.48,342.605,341.44,0.0,0.0,215995.0,73843934.153,-0.3210928834140831,342.58
US.GOOGL,Alphabet-A,2026-08-26 12:00:00,341.47,341.43,341.75,341.41,0.0,0.0,170077.0,58089478.346,-0.014642145952914189,341.48
US.GOOGL,Alphabet-A,2026-08-26 12:05:00,341.43,341.605,341.605,341.14,0.0,0.0,126469.0,43169634.793,0.05125501566939384,341.43
US.GOOGL,Alphabet-A,2026-08-26 12:10:00,341.6,341.56,341.75,341.39,0.0,0.0,92670.0,31653857.626,-0.013173109292901426,341.605
US.GOOGL,Alphabet-A,2026-08-26 12:15:00,341.56,341.47,341.63,341.4009,0.0,0.0,88626.0,30268236.265,-0.026349689659203358,341.56
US.GOOGL,Alphabet-A,2026-08-26 12:20:00,341.49,341.25,341.52,341.1401,0.0,0.0,101204.0,34543067.589,-0.06442732890152203,341.47
US.GOOGL,Alphabet-A,2026-08-26 12:25:00,341.25,340.88,341.38,340.78,0.0,0.0,152401.0,51975307.045,-0.10842490842490975,341.25
US.GOOGL,Alphabet-A,2026-08-26 12:30:00,340.865,340.61,341.01,340.53,0.0,0.0,122022.0,41576822.295,-0.07920675897676069,340.88
US.GOOGL,Alphabet-A,2026-08-26 12:35:00,340.625,340.44,340.69,340.19,0.0,0.0,200184.0,68150904.774,-0.049910454772324926,340.61
US.GOOGL,Alphabet-A,2026-08-26 12:40:00,340.425,340.3496,340.5,340.18,0.0,0.0,147394.0,50170498.197,-0.026553871460459486,340.44
US.GOOGL,Alphabet-A,2026-08-26 12:45:00,340.34,340.27,340.57,340.22,0.0,0.0,105556.0,35926110.542,-0.023387716630202487,340.3496
US.GOOGL,Alphabet-A,2026-08-26 12:50:00,340.265,340.43,340.695,340.2,0.0,0.0,99157.0,33756359.88,0.047021482940025575,340.27
US.GOOGL,Alphabet-A,2026-08-26 12:55:00,340.42,340.58,340.75,340.36,0.0,0.0,77747.0,26477802.2,0.044061921687271174,340.43
US.GOOGL,Alphabet-A,2026-08-26 13:00:00,340.585,340.735,340.95,340.4601,0.0,0.0,133972.0,45645332.842,0.04551059956545586,340.58
US.GOOGL,Alphabet-A,2026-08-26 13:05:00,340.71,340.89,341.1,340.62,0.0,0.0,114055.0,38873068.701,0.045489896840645284,340.735
US.GOOGL,Alphabet-A,2026-08-26 13:10:00,340.89,341.265,341.37,340.85,0.0,0.0,113342.0,38665590.161,0.11000616034497933,340.89
US.GOOGL,Alphabet-A,2026-08-26 13:15:00,341.24,341.22,341.48,341.055,0.0,0.0,111672.0,38107438.755,-0.01318623357213868,341.265
US.GOOGL,Alphabet-A,2026-08-26 13:20:00,341.24,341.57,341.67,341.24,0.0,0.0,153067.0,52266166.888,0.10257311998123377,341.22
US.GOOGL,Alphabet-A,2026-08-26 13:25:00,341.58,341.5947,341.725,341.45,0.0,0.0,97248.0,33218131.476,0.0072313142254869355,341.57
US.GOOGL,Alphabet-A,2026-08-26 13:30:00,341.56,341.4184,341.64,341.3,0.0,0.0,80297.0,27420235.67,-0.0516108710117485,341.5947
US.GOOGL,Alphabet-A,2026-08-26 13:35:00,341.425,341.615,341.64,341.39,0.0,0.0,99734.0,34056915.987,0.05758330541060161,341.4184
US.GOOGL,Alphabet-A,2026-08-26 13:40:00,341.62,341.445,341.6399,341.42,0.0,0.0,91126.0,31121952.988,-0.04976362279174389,341.615
US.GOOGL,Alphabet-A,2026-08-26 13:45:00,341.45,341.65,341.8,341.42,0.0,0.0,76600.0,26173588.009,0.060038952100626486,341.445
US.GOOGL,Alphabet-A,2026-08-26 13:50:00,341.64,341.56,341.65,341.45,0.0,0.0,93419.0,31904101.184,-0.026342748426745204,341.65
US.GOOGL,Alphabet-A,2026-08-26 13:55:00,341.55,341.7,341.83,341.49,0.0,0.0,86190.0,29447164.805,0.04098840613654595,341.56
US.GOOGL,Alphabet-A,2026-08-26 14:00:00,341.71,341.54,341.78,341.51,0.0,0.0,332731.0,113679939.499,-0.04682470002925612,341.7
US.GOOGL,Alphabet-A,2026-08-26 14:05:00,341.55,341.645,341.72,341.5,0.0,0.0,67711.0,23130636.237,0.030743104760778045,341.54
US.GOOGL,Alphabet-A,2026-08-26 14:10:00,341.645,341.78,341.93,341.615,0.0,0.0,89931.0,30736711.238,0.03951470093225158,341.645
US.GOOGL,Alphabet-A,2026-08-26 14:15:00,341.8,341.41,341.825,341.365,0.0,0.0,78441.0,26794521.294,-0.10825677336296674,341.78
US.GOOGL,Alphabet-A,2026-08-26 14:20:00,341.37,341.56,341.6,341.37,0.0,0.0,71869.0,24540427.244,0.04393544418733407,341.41
US.GOOGL,Alphabet-A,2026-08-26 14:25:00,341.555,341.555,341.77,341.54,0.0,0.0,72583.0,24796886.171,-0.0014638716477325953,341.56
US.GOOGL,Alphabet-A,2026-08-26 14:30:00,341.558,341.4815,341.62,341.43,0.0,0.0,95305.0,32548246.074,-0.02151922823557673,341.555
US.GOOGL,Alphabet-A,2026-08-26 14:35:00,341.48,341.3699,341.53,341.24,0.0,0.0,84502.0,28847759.262,-0.032681126210353975,341.4815
US.GOOGL,Alphabet-A,2026-08-26 14:40:00,341.345,341.32,341.437,341.235,0.0,0.0,97174.0,33167820.791,-0.014617574660208656,341.3699
US.GOOGL,Alphabet-A,2026-08-26 14:45:00,341.33,341.48,341.56,341.31,0.0,0.0,60287.0,20584524.138,0.0468768311262232,341.32
US.GOOGL,Alphabet-A,2026-08-26 14:50:00,341.465,341.585,341.735,341.465,0.0,0.0,87760.0,29979554.648,0.03074850650110148,341.48
US.GOOGL,Alphabet-A,2026-08-26 14:55:00,341.5954,341.8523,341.9,341.58,0.0,0.0,103261.0,35285978.963,0.07825285068139243,341.585
US.GOOGL,Alphabet-A,2026-08-26 15:00:00,341.85,341.75,341.92,341.62,0.0,0.0,73803.0,25223651.83,-0.029925204540093432,341.8523
US.GOOGL,Alphabet-A,2026-08-26 15:05:00,341.755,341.99,342.05,341.675,0.0,0.0,679285.0,232117722.316,0.07022677395757398,341.75
US.GOOGL,Alphabet-A,2026-08-26 15:10:00,341.9999,341.87,342.0326,341.82,0.0,0.0,99445.0,34001607.089,-0.035088745284951185,341.99
US.GOOGL,Alphabet-A,2026-08-26 15:15:00,341.89,341.65,341.91,341.6,0.0,0.0,142227.0,48605249.881,-0.06435194664639403,341.87
US.GOOGL,Alphabet-A,2026-08-26 15:20:00,341.655,341.76,341.7992,341.53,0.0,0.0,119546.0,40842315.868,0.032196692521590416,341.65
US.GOOGL,Alphabet-A,2026-08-26 15:25:00,341.765,341.48,341.765,341.37,0.0,0.0,117284.0,40051957.425,-0.08192883895130287,341.76
US.GOOGL,Alphabet-A,2026-08-26 15:30:00,341.48,341.3,341.52,341.26,0.0,0.0,92370.0,31538256.902,-0.05271172543048108,341.48
US.GOOGL,Alphabet-A,2026-08-26 15:35:00,341.3,341.69,341.725,341.27,0.0,0.0,135519.0,46275029.511,0.11426897157925178,341.3
US.GOOGL,Alphabet-A,2026-08-26 15:40:00,341.69,341.93,341.99,341.44,0.0,0.0,156123.0,53356134.155,0.07023910562205773,341.69
US.GOOGL,Alphabet-A,2026-08-26 15:45:00,341.93,342.14,342.21,341.86,0.0,0.0,147641.0,50498504.084,0.061416079314473584,341.93
US.GOOGL,Alphabet-A,2026-08-26 15:50:00,342.12,342.27,342.435,342.08,0.0,0.0,181110.0,61992174.292,0.03799614193020268,342.14
US.GOOGL,Alphabet-A,2026-08-26 15:55:00,342.27,341.72,342.72,341.32,0.0,0.0,426837.0,146025901.428,-0.16069185146228257,342.27
US.GOOGL,Alphabet-A,2026-08-26 16:00:00,341.73,342.0,342.3,341.7225,0.0,0.0,3683981.0,1259954644.934,0.08193842912325082,341.72
US.GOOGL,Alphabet-A,2026-08-26 16:05:00,342.0,342.39,342.43,341.96,0.0,0.0,2004643.0,685590930.5,0.11403508771929424,342.0
US.GOOGL,Alphabet-A,2026-08-26 16:10:00,342.39,342.15,342.39,342.0,0.0,0.0,1124932.0,384727045.599,-0.07009550512573648,342.39
US.GOOGL,Alphabet-A,2026-08-26 16:15:00,342.15,342.1668,342.1668,342.01,0.0,0.0,3926.0,1343150.122,0.004910127137233994,342.15
US.GOOGL,Alphabet-A,2026-08-26 16:20:00,342.1668,342.13,342.1668,342.04,0.0,0.0,2441.0,835115.471,-0.010754988502691645,342.1668
US.GOOGL,Alphabet-A,2026-08-26 16:25:00,342.13,341.8865,342.31,341.67,0.0,0.0,12886.0,4407706.849,-0.07117177680997959,342.13
US.GOOGL,Alphabet-A,2026-08-26 16:30:00,341.8865,341.9416,342.0,341.61,0.0,0.0,5075.0,1735159.869,0.016116459702264267,341.8865
US.GOOGL,Alphabet-A,2026-08-26 16:35:00,341.9416,341.8903,342.0,341.7,0.0,0.0,2875.0,982798.899,-0.015002561840960344,341.9416
US.GOOGL,Alphabet-A,2026-08-26 16:40:00,341.8903,341.9,342.0,341.8261,0.0,0.0,3099.0,1059549.849,0.002837167360393823,341.8903
US.GOOGL,Alphabet-A,2026-08-26 16:45:00,341.9,341.86,342.0,341.32,0.0,0.0,4965.0,1696623.28,-0.01169932728867026,341.9
US.GOOGL,Alphabet-A,2026-08-26 16:50:00,341.86,341.8,341.9765,341.8,0.0,0.0,2232.0,763122.194,-0.017551044287135747,341.86
US.GOOGL,Alphabet-A,2026-08-26 16:55:00,341.8,342.03,342.03,341.8,0.0,0.0,4355.0,1489092.72,0.06729081334112386,341.8
US.GOOGL,Alphabet-A,2026-08-26 17:00:00,342.03,342.3099,342.3099,342.0,0.0,0.0,2005.0,686290.203,0.08183492676082645,342.03
US.GOOGL,Alphabet-A,2026-08-26 17:05:00,342.3099,341.8,342.5,341.8,0.0,0.0,10798.0,3695432.426,-0.1489585898625824,342.3099
US.GOOGL,Alphabet-A,2026-08-26 17:10:00,341.8,340.9773,342.0,340.68,0.0,0.0,25253.0,8616014.85,-0.24069631363370317,341.8
US.GOOGL,Alphabet-A,2026-08-26 17:15:00,340.9773,341.75,341.75,340.93,0.0,0.0,11796.0,4025970.836,0.22661332587242206,340.9773
US.GOOGL,Alphabet-A,2026-08-26 17:20:00,341.75,341.7,341.9,341.5,0.0,0.0,7954.0,2718242.464,-0.014630577907830686,341.75
US.GOOGL,Alphabet-A,2026-08-26 17:25:00,341.8,341.78,341.8,341.5,0.0,0.0,5087.0,1737214.533,0.02341235001462806,341.7
US.GOOGL,Alphabet-A,2026-08-26 17:30:00,341.78,341.71,342.24,341.58,0.0,0.0,8258.0,2823370.511,-0.02048101117677839,341.78
US.GOOGL,Alphabet-A,2026-08-26 17:35:00,341.71,341.69,341.75,341.5,0.0,0.0,9950.0,3399400.217,-0.005852916215499052,341.71
US.GOOGL,Alphabet-A,2026-08-26 17:40:00,341.69,341.25,341.69,341.23,0.0,0.0,23298.0,7952266.353,-0.12877169364043364,341.69
US.GOOGL,Alphabet-A,2026-08-26 17:45:00,341.25,341.4,341.45,340.96,0.0,0.0,19016.0,6487076.337,0.04395604395603729,341.25
US.GOOGL,Alphabet-A,2026-08-26 17:50:00,341.4,341.5,341.97,341.3658,0.0,0.0,20675.0,7056349.975,0.029291154071477078,341.4
US.GOOGL,Alphabet-A,2026-08-26 17:55:00,341.5,341.24,341.52,341.2057,0.0,0.0,9921.0,3381697.181,-0.07613469985358445,341.5
US.GOOGL,Alphabet-A,2026-08-26 18:00:00,341.24,341.2,341.7599,341.09,0.0,0.0,13385.0,4567945.721,-0.011721955222137048,341.24
US.GOOGL,Alphabet-A,2026-08-26 18:05:00,341.08,341.22,341.35,340.83,0.0,0.0,17861.0,6090969.324,0.005861664712789759,341.2
US.GOOGL,Alphabet-A,2026-08-26 18:10:00,341.22,341.8568,341.88,341.22,0.0,0.0,12223.0,4176214.492,0.186624465154444,341.22
US.GOOGL,Alphabet-A,2026-08-26 18:15:00,341.8568,341.72,341.88,341.67,0.0,0.0,5435.0,1857803.765,-0.04001675555378562,341.8568
US.GOOGL,Alphabet-A,2026-08-26 18:20:00,341.72,341.8,341.8,341.65,0.0,0.0,13921.0,4759659.323,0.023410979749497855,341.72
US.GOOGL,Alphabet-A,2026-08-26 18:25:00,341.85,342.0,342.0,341.8,0.0,0.0,3866.0,1321945.936,0.058513750731418554,341.8
US.GOOGL,Alphabet-A,2026-08-26 18:30:00,342.0,342.3,342.3,341.85,0.0,0.0,8500.0,2907838.045,0.08771929824561736,342.0
US.GOOGL,Alphabet-A,2026-08-26 18:35:00,342.29,342.5205,342.63,342.29,0.0,0.0,8011.0,2744208.362,0.06441717791411494,342.3
US.GOOGL,Alphabet-A,2026-08-26 18:40:00,342.5205,342.6,342.64,342.5205,0.0,0.0,7026.0,2407382.992,0.02321028960310285,342.5205
US.GOOGL,Alphabet-A,2026-08-26 18:45:00,342.6,342.604,342.69,342.55,0.0,0.0,8186.0,2804856.81,0.0011675423233982066,342.6
US.GOOGL,Alphabet-A,2026-08-26 18:50:00,342.6,342.64,342.65,342.6,0.0,0.0,9060.0,3104405.896,0.010507758228158855,342.604
US.GOOGL,Alphabet-A,2026-08-26 18:55:00,342.64,342.74,342.77,342.62,0.0,0.0,5704.0,1954912.548,0.029185150595383708,342.64
US.GOOGL,Alphabet-A,2026-08-26 19:00:00,342.74,342.785,342.8,342.74,0.0,0.0,2446.0,838770.912,0.013129485907689769,342.74
US.GOOGL,Alphabet-A,2026-08-26 19:05:00,342.785,342.77,342.88,342.73,0.0,0.0,17749.0,6085259.816,-0.0043759207666739216,342.785
US.GOOGL,Alphabet-A,2026-08-26 19:10:00,342.8,342.83,342.9284,342.7878,0.0,0.0,4083.0,1400152.162,0.017504449047466893,342.77
US.GOOGL,Alphabet-A,2026-08-26 19:15:00,342.83,342.85,342.86,342.8,0.0,0.0,3558.0,1219763.333,0.0058337951754626645,342.83
US.GOOGL,Alphabet-A,2026-08-26 19:20:00,342.85,342.7,342.86,342.7,0.0,0.0,2133.0,731414.025,-0.04375091147733239,342.85
US.GOOGL,Alphabet-A,2026-08-26 19:25:00,342.7,342.6708,342.8,342.66,0.0,0.0,4158.0,1425017.427,-0.008520571928801577,342.7
US.GOOGL,Alphabet-A,2026-08-26 19:30:00,342.6708,342.77,342.83,342.6708,0.0,0.0,1837.0,629733.529,0.02894906715132897,342.6708
US.GOOGL,Alphabet-A,2026-08-26 19:35:00,342.77,342.75,342.77,342.7,0.0,0.0,1251.0,428902.6,-0.005834816349150103,342.77
US.GOOGL,Alphabet-A,2026-08-26 19:40:00,342.75,342.86,342.86,342.73,0.0,0.0,1804.0,618632.913,0.03209336250912141,342.75
US.GOOGL,Alphabet-A,2026-08-26 19:45:00,342.86,342.7629,342.89,342.7504,0.0,0.0,3490.0,1196604.843,-0.02832059732835902,342.86
US.GOOGL,Alphabet-A,2026-08-26 19:50:00,342.7629,343.02,343.02,342.75,0.0,0.0,7466.0,2560454.689,0.07500811785638992,342.7629
US.GOOGL,Alphabet-A,2026-08-26 19:55:00,343.02,342.7928,343.05,342.7928,0.0,0.0,3673.0,1259758.381,-0.0662352049443129,343.02
US.GOOGL,Alphabet-A,2026-08-26 20:00:00,342.7928,343.0,343.11,342.7,0.0,0.0,7065.0,2422654.577,0.060444676784343274,342.7928
US.GOOGL,Alphabet-A,2026-08-27 04:05:00,342.0,340.86,342.0,340.72,0.0,0.0,131857.0,44978335.128,-0.6239067055393547,343.0
US.GOOGL,Alphabet-A,2026-08-27 04:10:00,340.83,340.78,340.87,340.7,0.0,0.0,6012.0,2049133.139,-0.023470046353353553,340.86
US.GOOGL,Alphabet-A,2026-08-27 04:15:00,340.78,340.86,340.9122,340.51,0.0,0.0,9087.0,3096503.564,0.023475556077246593,340.78
US.GOOGL,Alphabet-A,2026-08-27 04:20:00,340.86,340.82,340.93,340.76,0.0,0.0,4039.0,1376750.073,-0.011735023176676776,340.86
US.GOOGL,Alphabet-A,2026-08-27 04:25:00,340.82,340.84,340.87,340.66,0.0,0.0,3771.0,1285054.675,0.0058682002229862714,340.82
US.GOOGL,Alphabet-A,2026-08-27 04:30:00,340.84,340.78,341.0,340.7,0.0,0.0,5977.0,2037077.002,-0.017603567656379028,340.84
US.GOOGL,Alphabet-A,2026-08-27 04:35:00,340.78,340.75,340.95,340.75,0.0,0.0,2734.0,932053.427,-0.008803333528954961,340.78
US.GOOGL,Alphabet-A,2026-08-27 04:40:00,340.75,340.87,340.9,340.66,0.0,0.0,4261.0,1452027.459,0.03521643433602482,340.75
US.GOOGL,Alphabet-A,2026-08-27 04:45:00,340.87,340.88,340.89,340.7297,0.0,0.0,4188.0,1427744.987,0.002933669727459414,340.87
US.GOOGL,Alphabet-A,2026-08-27 04:50:00,340.88,340.76,340.97,340.68,0.0,0.0,3399.0,1158696.849,-0.035203003989675116,340.88
US.GOOGL,Alphabet-A,2026-08-27 04:55:00,340.76,340.5,340.76,340.5,0.0,0.0,7407.0,2523292.247,-0.0763000352153982,340.76
US.GOOGL,Alphabet-A,2026-08-27 05:00:00,340.5,340.49,340.64,340.4177,0.0,0.0,4137.0,1408922.445,-0.002936857562405552,340.5
US.GOOGL,Alphabet-A,2026-08-27 05:05:00,340.49,340.37,340.75,340.3036,0.0,0.0,8061.0,2744915.119,-0.03524332579517887,340.49
US.GOOGL,Alphabet-A,2026-08-27 05:10:00,340.37,340.55,340.58,340.35,0.0,0.0,1872.0,637575.391,0.05288362664159791,340.37
US.GOOGL,Alphabet-A,2026-08-27 05:15:00,340.55,340.51,340.6636,340.51,0.0,0.0,1678.0,571734.238,-0.011745705476441187,340.55
US.GOOGL,Alphabet-A,2026-08-27 05:20:00,340.51,340.66,340.7002,340.51,0.0,0.0,3161.0,1077022.423,0.04405156970427715,340.51
US.GOOGL,Alphabet-A,2026-08-27 05:25:00,340.66,340.73,340.79,340.66,0.0,0.0,2118.0,721715.562,0.020548347325777365,340.66
US.GOOGL,Alphabet-A,2026-08-27 05:30:00,340.73,341.01,341.03,340.73,0.0,0.0,4236.0,1444100.195,0.08217650338977275,340.73
US.GOOGL,Alphabet-A,2026-08-27 05:35:00,341.01,341.13,341.21,340.91,0.0,0.0,4993.0,1702891.58,0.035189583883171914,341.01
US.GOOGL,Alphabet-A,2026-08-27 05:40:00,341.13,340.99,341.13,340.99,0.0,0.0,1852.0,631971.061,-0.04104007269955336,341.13
US.GOOGL,Alphabet-A,2026-08-27 05:45:00,340.99,341.0,341.08,340.99,0.0,0.0,2657.0,906419.26,0.0029326373207398766,340.99
US.GOOGL,Alphabet-A,2026-08-27 05:50:00,341.0,341.06,341.12,340.93,0.0,0.0,3202.0,1092163.737,0.01759530791788923,341.0
US.GOOGL,Alphabet-A,2026-08-27 05:55:00,341.06,341.2925,341.46,341.03,0.0,0.0,4253.0,1451412.978,0.06816982349147244,341.06
US.GOOGL,Alphabet-A,2026-08-27 06:00:00,341.2925,341.25,341.3,341.1,0.0,0.0,2037.0,695043.668,-0.012452661573289243,341.2925
US.GOOGL,Alphabet-A,2026-08-27 06:05:00,341.25,341.0,341.27,341.0,0.0,0.0,5689.0,1940918.198,-0.07326007326007326,341.25
US.GOOGL,Alphabet-A,2026-08-27 06:10:00,341.0,340.92,341.0,340.83,0.0,0.0,5292.0,1804183.703,-0.023460410557180084,341.0
US.GOOGL,Alphabet-A,2026-08-27 06:15:00,340.92,340.74,340.95,340.74,0.0,0.0,2440.0,831715.089,-0.05279831045406747,340.92
US.GOOGL,Alphabet-A,2026-08-27 06:20:00,340.74,340.7,340.98,340.68,0.0,0.0,5403.0,1841581.665,-0.011739155954692864,340.74
US.GOOGL,Alphabet-A,2026-08-27 06:25:00,340.7,340.97,340.97,340.7,0.0,0.0,5971.0,2035376.818,0.07924860581157578,340.7
US.GOOGL,Alphabet-A,2026-08-27 06:30:00,340.97,341.11,341.14,340.97,0.0,0.0,1879.0,640893.428,0.04105933073290505,340.97
US.GOOGL,Alphabet-A,2026-08-27 06:35:00,341.11,341.1,341.19,341.04,0.0,0.0,1405.0,479344.78,-0.0029316056404065857,341.11
US.GOOGL,Alphabet-A,2026-08-27 06:40:00,341.1,341.11,341.11,340.88,0.0,0.0,2865.0,977125.877,0.002931691586042481,341.1
US.GOOGL,Alphabet-A,2026-08-27 06:45:00,341.11,340.8432,341.11,340.83,0.0,0.0,2291.0,781231.294,-0.0782152384861157,341.11
US.GOOGL,Alphabet-A,2026-08-27 06:50:00,340.8432,340.68,340.86,340.67,0.0,0.0,4672.0,1592117.415,-0.04788125448887276,340.8432
US.GOOGL,Alphabet-A,2026-08-27 06:55:00,340.68,341.18,341.33,340.66,0.0,0.0,5062.0,1726474.82,0.14676529294352472,340.68
US.GOOGL,Alphabet-A,2026-08-27 07:00:00,341.18,341.1,341.38,341.06,0.0,0.0,3056.0,1042958.635,-0.023448033296202615,341.18
US.GOOGL,Alphabet-A,2026-08-27 07:05:00,341.1,341.16,341.3,340.9,0.0,0.0,8262.0,2818512.672,0.017590149516271553,341.1
US.GOOGL,Alphabet-A,2026-08-27 07:10:00,341.16,341.35,341.35,341.04,0.0,0.0,4518.0,1541712.954,0.05569234376831918,341.16
US.GOOGL,Alphabet-A,2026-08-27 07:15:00,341.35,341.3,341.59,341.3,0.0,0.0,8845.0,3020063.614,-0.014647722279188915,341.35
US.GOOGL,Alphabet-A,2026-08-27 07:20:00,341.3,341.19,341.5,341.19,0.0,0.0,4222.0,1441100.147,-0.032229709932614606,341.3
US.GOOGL,Alphabet-A,2026-08-27 07:25:00,341.19,341.21,341.47,341.05,0.0,0.0,9907.0,3379812.125,0.0058618365133743106,341.19
US.GOOGL,Alphabet-A,2026-08-27 07:30:00,341.21,340.72,341.25,340.72,0.0,0.0,8357.0,2849007.686,-0.14360657659504478,341.21
US.GOOGL,Alphabet-A,2026-08-27 07:35:00,340.72,340.5345,340.7242,340.44,0.0,0.0,7685.0,2617079.732,-0.054443531345400115,340.72
US.GOOGL,Alphabet-A,2026-08-27 07:40:00,340.5345,340.48,340.538,340.32,0.0,0.0,6019.0,2049195.245,-0.016004252138905693,340.5345
US.GOOGL,Alphabet-A,2026-08-27 07:45:00,340.48,340.62,340.86,340.48,0.0,0.0,2932.0,999044.567,0.04111842105262757,340.48
US.GOOGL,Alphabet-A,2026-08-27 07:50:00,340.62,340.55,340.6292,340.47,0.0,0.0,6067.0,2066247.999,-0.02055076037813199,340.62
US.GOOGL,Alphabet-A,2026-08-27 07:55:00,340.55,340.5,340.55,340.4,0.0,0.0,11727.0,3992632.665,-0.014682131845547312,340.55
US.GOOGL,Alphabet-A,2026-08-27 08:00:00,340.5,340.6,340.6,340.4,0.0,0.0,10412.0,3544935.529,0.02936857562408891,340.5
US.GOOGL,Alphabet-A,2026-08-27 08:05:00,340.6,340.51,340.66,340.45,0.0,0.0,13806.0,4702386.939,-0.026423957721676994,340.6
US.GOOGL,Alphabet-A,2026-08-27 08:10:00,340.51,340.55,340.68,340.44,0.0,0.0,4495.0,1530877.837,0.011747085254477244,340.51
US.GOOGL,Alphabet-A,2026-08-27 08:15:00,340.55,340.81,340.87,340.52,0.0,0.0,11217.0,3821845.665,0.07634708559682599,340.55
US.GOOGL,Alphabet-A,2026-08-27 08:20:00,340.81,340.81,340.87,340.76,0.0,0.0,2089.0,712093.894,0.0,340.81
US.GOOGL,Alphabet-A,2026-08-27 08:25:00,340.81,340.8511,340.8511,340.75,0.0,0.0,2522.0,859667.524,0.012059505296197797,340.81
US.GOOGL,Alphabet-A,2026-08-27 08:30:00,340.8511,340.73,340.8511,340.68,0.0,0.0,4318.0,1471727.361,-0.03552871033714012,340.8511
US.GOOGL,Alphabet-A,2026-08-27 08:35:00,340.73,340.5,340.73,340.43,0.0,0.0,5159.0,1757112.42,-0.0675021277844681,340.73
US.GOOGL,Alphabet-A,2026-08-27 08:40:00,340.5,340.56,340.76,340.4,0.0,0.0,10292.0,3504490.808,0.017621145374450007,340.5
US.GOOGL,Alphabet-A,2026-08-27 08:45:00,340.56,340.61,340.61,340.48,0.0,0.0,3327.0,1133112.352,0.014681700728215693,340.56
US.GOOGL,Alphabet-A,2026-08-27 08:50:00,340.61,340.6,340.65,340.52,0.0,0.0,4474.0,1523844.576,-0.002935909104251462,340.61
US.GOOGL,Alphabet-A,2026-08-27 08:55:00,340.6,340.53,340.6,340.25,0.0,0.0,13510.0,4599001.892,-0.020551967116867298,340.6
US.GOOGL,Alphabet-A,2026-08-27 09:00:00,340.53,340.5,340.659,340.3144,0.0,0.0,3080.0,1048848.524,-0.008809796493692984,340.53
US.GOOGL,Alphabet-A,2026-08-27 09:05:00,340.5,340.48,340.55,340.3,0.0,0.0,6703.0,2281722.558,-0.005873715124811104,340.5
US.GOOGL,Alphabet-A,2026-08-27 09:10:00,340.48,340.35,340.4921,340.33,0.0,0.0,3664.0,1247547.393,-0.038181390977442276,340.48
US.GOOGL,Alphabet-A,2026-08-27 09:15:00,340.35,340.54,340.65,340.35,0.0,0.0,11324.0,3856437.689,0.05582488614661311,340.35
US.GOOGL,Alphabet-A,2026-08-27 09:20:00,340.54,340.31,340.59,340.31,0.0,0.0,6226.0,2119717.12,-0.06753978974570335,340.54
US.GOOGL,Alphabet-A,2026-08-27 09:25:00,340.3,340.28,340.34,340.2,0.0,0.0,14766.0,5024639.86,-0.008815491757523893,340.31
US.GOOGL,Alphabet-A,2026-08-27 09:30:00,340.32,339.9,340.4,339.5269,0.0,0.0,64030.0,21767724.737,-0.11167274009638989,340.28
US.GOOGL,Alphabet-A,2026-08-27 09:35:00,339.67,339.49,340.58,338.52,0.0,0.0,1299810.0,441600238.629,-0.12062371285671322,339.9
US.GOOGL,Alphabet-A,2026-08-27 09:40:00,339.52,339.17,340.31,338.6,0.0,0.0,475788.0,161527909.96,-0.09425903561223987,339.49
US.GOOGL,Alphabet-A,2026-08-27 09:45:00,339.18,340.844,341.25,338.85,0.0,0.0,529492.0,179965162.067,0.49355780287170975,339.17
US.GOOGL,Alphabet-A,2026-08-27 09:50:00,340.775,340.285,341.62,339.82,0.0,0.0,429583.0,146450625.728,-0.16400464728731298,340.844
US.GOOGL,Alphabet-A,2026-08-27 09:55:00,340.27,340.75,341.13,339.95,0.0,0.0,212042.0,72225977.614,0.1366501608945369,340.285
US.GOOGL,Alphabet-A,2026-08-27 10:00:00,340.77,340.46,341.4,340.1,0.0,0.0,304026.0,103536605.336,-0.08510638297872941,340.75
US.GOOGL,Alphabet-A,2026-08-27 10:05:00,340.415,340.57,340.65,339.75,0.0,0.0,207521.0,70597998.55,0.03230922869059909,340.46
US.GOOGL,Alphabet-A,2026-08-27 10:10:00,340.58,340.865,341.0157,340.14,0.0,0.0,147740.0,50315199.47,0.08661949085357369,340.57
US.GOOGL,Alphabet-A,2026-08-27 10:15:00,340.865,340.215,341.02,340.111,0.0,0.0,142279.0,48446637.333,-0.19069132941194727,340.865
US.GOOGL,Alphabet-A,2026-08-27 10:20:00,340.235,339.78,340.5194,339.71,0.0,0.0,207714.0,70658271.313,-0.12786032361888874,340.215
US.GOOGL,Alphabet-A,2026-08-27 10:25:00,339.8014,339.565,340.02,339.46,0.0,0.0,245262.0,83303817.247,-0.06327623756547619,339.78
US.GOOGL,Alphabet-A,2026-08-27 10:30:00,339.565,339.985,340.05,339.33,0.0,0.0,705477.0,239866510.572,0.12368765921105412,339.565
US.GOOGL,Alphabet-A,2026-08-27 10:35:00,339.98,339.2701,340.0899,339.22,0.0,0.0,170456.0,57898399.623,-0.21027398267570632,339.985
US.GOOGL,Alphabet-A,2026-08-27 10:40:00,339.28,339.11,339.55,339.11,0.0,0.0,153414.0,52055477.917,-0.04718954013336274,339.2701
US.GOOGL,Alphabet-A,2026-08-27 10:45:00,339.16,339.45,339.52,339.0,0.0,0.0,136869.0,46434696.714,0.10026245171182654,339.11
US.GOOGL,Alphabet-A,2026-08-27 10:50:00,339.42,340.085,340.16,339.335,0.0,0.0,182028.0,61829183.959,0.18706731477389626,339.45
US.GOOGL,Alphabet-A,2026-08-27 10:55:00,340.1,340.6,340.65,339.73,0.0,0.0,215753.0,73374704.999,0.15143273005279362,340.085
US.GOOGL,Alphabet-A,2026-08-27 11:00:00,340.585,340.89,341.08,340.58,0.0,0.0,231105.0,78766686.347,0.08514386376980727,340.6
US.GOOGL,Alphabet-A,2026-08-27 11:05:00,340.91,340.23,340.92,340.0,0.0,0.0,200642.0,68292971.182,-0.19361084220715427,340.89
US.GOOGL,Alphabet-A,2026-08-27 11:10:00,340.209,340.255,340.325,339.65,0.0,0.0,197688.0,67212822.785,0.007347970490543827,340.23
US.GOOGL,Alphabet-A,2026-08-27 11:15:00,340.255,340.67,340.9243,340.255,0.0,0.0,160602.0,54696166.354,0.12196734801840398,340.255
US.GOOGL,Alphabet-A,2026-08-27 11:20:00,340.6675,341.22,341.41,340.415,0.0,0.0,166446.0,56739073.281,0.16144656118825002,340.67
US.GOOGL,Alphabet-A,2026-08-27 11:25:00,341.195,340.97,341.31,340.77,0.0,0.0,105147.0,35857724.335,-0.07326651427231698,341.22
US.GOOGL,Alphabet-A,2026-08-27 11:30:00,340.941,340.61,341.24,340.53,0.0,0.0,81057.0,27636740.295,-0.10558113617034155,340.97
US.GOOGL,Alphabet-A,2026-08-27 11:35:00,340.63,340.46,340.77,340.25,0.0,0.0,93489.0,31832150.271,-0.044038636563821995,340.61
US.GOOGL,Alphabet-A,2026-08-27 11:40:00,340.465,340.875,340.9,340.45,0.0,0.0,82447.0,28086919.28,0.12189390824179652,340.46
US.GOOGL,Alphabet-A,2026-08-27 11:45:00,340.875,340.55,341.0,340.47,0.0,0.0,81649.0,27822121.67,-0.09534286762009202,340.875
US.GOOGL,Alphabet-A,2026-08-27 11:50:00,340.57,340.2539,340.73,340.175,0.0,0.0,135600.0,46169707.013,-0.08694758478931845,340.55
US.GOOGL,Alphabet-A,2026-08-27 11:55:00,340.23,340.7303,340.8,340.23,0.0,0.0,129364.0,44043518.551,0.14001309022468586,340.2539
US.GOOGL,Alphabet-A,2026-08-27 12:00:00,340.73,340.5501,340.95,340.52,0.0,0.0,76748.0,26150936.789,-0.05288640311707337,340.7303
US.GOOGL,Alphabet-A,2026-08-27 12:05:00,340.55,340.715,340.74,340.2,0.0,0.0,100836.0,34334519.638,0.048421656607937784,340.5501
US.GOOGL,Alphabet-A,2026-08-27 12:10:00,340.74,340.64,340.76,340.535,0.0,0.0,92732.0,31586432.112,-0.022012532468482057,340.715
US.GOOGL,Alphabet-A,2026-08-27 12:15:00,340.62,341.12,341.17,340.62,0.0,0.0,116831.0,39823499.245,0.1409112259276709,340.64
US.GOOGL,Alphabet-A,2026-08-27 12:20:00,341.115,341.26,341.3,340.86,0.0,0.0,93761.0,31980230.055,0.04104127579736936,341.12
US.GOOGL,Alphabet-A,2026-08-27 12:25:00,341.276,341.065,341.276,340.845,0.0,0.0,94983.0,32390528.324,-0.05714118267596354,341.26
US.GOOGL,Alphabet-A,2026-08-27 12:30:00,341.065,341.285,341.31,341.04,0.0,0.0,74912.0,25559444.486,0.06450383358011737,341.065
US.GOOGL,Alphabet-A,2026-08-27 12:35:00,341.285,341.46,341.69,341.285,0.0,0.0,135495.0,46271842.896,0.0512767921238714,341.285
US.GOOGL,Alphabet-A,2026-08-27 12:40:00,341.46,341.355,341.5,341.3185,0.0,0.0,93402.0,31887868.359,-0.030750307503063713,341.46
US.GOOGL,Alphabet-A,2026-08-27 12:45:00,341.37,341.5,341.56,341.19,0.0,0.0,213623.0,72948818.554,0.042477772407019616,341.355
US.GOOGL,Alphabet-A,2026-08-27 12:50:00,341.515,341.22,341.6,341.01,0.0,0.0,124015.0,42326615.703,-0.08199121522693198,341.5
US.GOOGL,Alphabet-A,2026-08-27 12:55:00,341.23,341.07,341.27,340.54,0.0,0.0,141209.0,48129448.599,-0.04395990856340018,341.22
US.GOOGL,Alphabet-A,2026-08-27 13:00:00,341.07,340.8957,341.075,340.63,0.0,0.0,63677.0,21699847.809,-0.05110387896913143,341.07
US.GOOGL,Alphabet-A,2026-08-27 13:05:00,340.85,341.215,341.33,340.65,0.0,0.0,76207.0,25987016.036,0.09366501249502365,340.8957
US.GOOGL,Alphabet-A,2026-08-27 13:10:00,341.2288,341.3,341.315,340.77,0.0,0.0,88391.0,30144355.434,0.02491097988073103,341.215
US.GOOGL,Alphabet-A,2026-08-27 13:15:00,341.26,341.52,341.5855,341.08,0.0,0.0,71611.0,24443324.029,0.06445941986521256,341.3
US.GOOGL,Alphabet-A,2026-08-27 13:20:00,341.53,340.915,341.6,340.91,0.0,0.0,68647.0,23422918.07,-0.17714921527288632,341.52
US.GOOGL,Alphabet-A,2026-08-27 13:25:00,340.939,341.17,341.19,340.82,0.0,0.0,117890.0,40196996.949,0.07479870348913818,340.915
US.GOOGL,Alphabet-A,2026-08-27 13:30:00,341.16,341.02,341.245,340.92,0.0,0.0,101509.0,34624073.065,-0.04396635108597887,341.17
US.GOOGL,Alphabet-A,2026-08-27 13:35:00,341.04,341.115,341.3,340.95,0.0,0.0,386234.0,131761858.402,0.02785760365961741,341.02
US.GOOGL,Alphabet-A,2026-08-27 13:40:00,341.12,341.37,341.48,341.0967,0.0,0.0,467053.0,159402620.494,0.07475484807176333,341.115
US.GOOGL,Alphabet-A,2026-08-27 13:45:00,341.38,341.295,341.57,341.255,0.0,0.0,103698.0,35407774.359,-0.0219702961595889,341.37
US.GOOGL,Alphabet-A,2026-08-27 13:50:00,341.3199,340.93,341.41,340.83,0.0,0.0,75896.0,25890378.281,-0.10694560424266662,341.295
US.GOOGL,Alphabet-A,2026-08-27 13:55:00,340.935,340.86,341.01,340.48,0.0,0.0,124275.0,42339621.406,-0.020532074032790653,340.93
US.GOOGL,Alphabet-A,2026-08-27 14:00:00,340.84,340.82,340.95,340.595,0.0,0.0,76327.0,26013301.913,-0.011735023176676776,340.86
US.GOOGL,Alphabet-A,2026-08-27 14:05:00,340.86,341.0501,341.44,340.855,0.0,0.0,93843.0,32016368.552,0.06751364356551642,340.82
US.GOOGL,Alphabet-A,2026-08-27 14:10:00,341.06,340.835,341.22,340.75,0.0,0.0,64617.0,22034571.376,-0.06306991260228534,341.0501
US.GOOGL,Alphabet-A,2026-08-27 14:15:00,340.85,340.52,340.93,340.4,0.0,0.0,76534.0,26074859.026,-0.09242008596534915,340.835
US.GOOGL,Alphabet-A,2026-08-27 14:20:00,340.51,340.705,340.725,340.3,0.0,0.0,98352.0,33493947.737,0.054328673793023106,340.52
US.GOOGL,Alphabet-A,2026-08-27 14:25:00,340.687,340.795,341.01,340.655,0.0,0.0,110576.0,37688202.452,0.026415814267484142,340.705
US.GOOGL,Alphabet-A,2026-08-27 14:30:00,340.79,340.4901,340.83,340.39,0.0,0.0,124907.0,42544988.642,-0.08946727504805878,340.795
US.GOOGL,Alphabet-A,2026-08-27 14:35:00,340.52,340.65,340.978,340.52,0.0,0.0,76894.0,26200211.858,0.046961717829679415,340.4901
US.GOOGL,Alphabet-A,2026-08-27 14:40:00,340.64,340.72,340.87,340.6,0.0,0.0,73599.0,25078078.304,0.02054895053575518,340.65
US.GOOGL,Alphabet-A,2026-08-27 14:45:00,340.725,340.57,340.79,340.5233,0.0,0.0,79947.0,27234262.875,-0.04402441887768082,340.72
US.GOOGL,Alphabet-A,2026-08-27 14:50:00,340.59,340.68,340.96,340.52,0.0,0.0,90757.0,30926184.928,0.03229879319963991,340.57
US.GOOGL,Alphabet-A,2026-08-27 14:55:00,340.7,340.82,340.9,340.61,0.0,0.0,70143.0,23901585.402,0.041094282024182915,340.68
US.GOOGL,Alphabet-A,2026-08-27 15:00:00,340.78,340.715,340.98,340.7,0.0,0.0,124368.0,42394146.065,-0.030808051170711285,340.82
US.GOOGL,Alphabet-A,2026-08-27 15:05:00,340.74,340.79,340.8953,340.65,0.0,0.0,77262.0,26328631.974,0.022012532468498738,340.715
US.GOOGL,Alphabet-A,2026-08-27 15:10:00,340.795,340.86,341.06,340.55,0.0,0.0,134036.0,45686263.093,0.020540508817744996,340.79
US.GOOGL,Alphabet-A,2026-08-27 15:15:00,340.88,340.795,340.91,340.57,0.0,0.0,130109.0,44338807.24,-0.01906941266208934,340.86
US.GOOGL,Alphabet-A,2026-08-27 15:20:00,340.79,340.72,340.83,340.53,0.0,0.0,113776.0,38764273.275,-0.02200736513152735,340.795
US.GOOGL,Alphabet-A,2026-08-27 15:25:00,340.73,340.76,340.77,340.4,0.0,0.0,141267.0,48107878.82,0.011739845034034873,340.72
US.GOOGL,Alphabet-A,2026-08-27 15:30:00,340.75,340.54,340.78,340.39,0.0,0.0,114712.0,39065936.504,-0.06456156825917668,340.76
US.GOOGL,Alphabet-A,2026-08-27 15:35:00,340.54,340.59,340.7799,340.5,0.0,0.0,123026.0,41905000.7,0.014682562988181864,340.54
US.GOOGL,Alphabet-A,2026-08-27 15:40:00,340.6,340.37,340.78,340.33,0.0,0.0,174020.0,59261119.005,-0.06459379312368844,340.59
US.GOOGL,Alphabet-A,2026-08-27 15:45:00,340.37,340.71,340.84,340.295,0.0,0.0,199096.0,67796674.127,0.0998912947674516,340.37
US.GOOGL,Alphabet-A,2026-08-27 15:50:00,340.68,341.07,341.11,340.57,0.0,0.0,222302.0,75776167.669,0.10566170643656295,340.71
US.GOOGL,Alphabet-A,2026-08-27 15:55:00,341.06,340.88,341.18,340.74,0.0,0.0,284274.0,96911904.957,-0.05570703961063645,341.07
US.GOOGL,Alphabet-A,2026-08-27 16:00:00,340.88,340.65,340.89,340.24,0.0,0.0,5773723.0,1966715761.772,-0.06747242431354676,340.88
US.GOOGL,Alphabet-A,2026-08-27 16:05:00,340.58,340.6,340.97,339.99,0.0,0.0,1858747.0,633177879.757,-0.014677821811229862,340.65
US.GOOGL,Alphabet-A,2026-08-27 16:10:00,340.6,340.6748,340.69,340.5,0.0,0.0,15291.0,5208956.348,0.021961244862002932,340.6
US.GOOGL,Alphabet-A,2026-08-27 16:15:00,340.6748,340.6371,340.75,340.51,0.0,0.0,5127.0,1746300.282,-0.011066271998994166,340.6748
US.GOOGL,Alphabet-A,2026-08-27 16:20:00,340.6371,340.85,340.85,340.6371,0.0,0.0,6121.0,2085486.82,0.06250053209120421,340.6371
US.GOOGL,Alphabet-A,2026-08-27 16:25:00,340.85,340.73,340.85,340.6,0.0,0.0,1499.0,510877.824,-0.035206102391082454,340.85
US.GOOGL,Alphabet-A,2026-08-27 16:30:00,340.73,340.72,340.75,340.54,0.0,0.0,1406.0,479245.245,-0.0029348751210609295,340.73
US.GOOGL,Alphabet-A,2026-08-27 16:35:00,340.72,340.77,341.18,340.6908,0.0,0.0,5334.0,1818264.68,0.01467480629254359,340.72
US.GOOGL,Alphabet-A,2026-08-27 16:40:00,340.77,340.75,340.94,340.74,0.0,0.0,2070.0,705638.189,-0.00586906124364874,340.77
US.GOOGL,Alphabet-A,2026-08-27 16:45:00,340.75,340.71,340.76,340.69,0.0,0.0,1742.0,593643.354,-0.011738811445347165,340.75
US.GOOGL,Alphabet-A,2026-08-27 16:50:00,340.71,340.6104,340.71,340.6,0.0,0.0,1471331.0,501209084.221,-0.029233072114100735,340.71
US.GOOGL,Alphabet-A,2026-08-27 16:55:00,340.6104,340.65,340.7,340.6104,0.0,0.0,184302.0,62782505.017,0.011626186399461185,340.6104
US.GOOGL,Alphabet-A,2026-08-27 17:00:00,340.65,340.682,340.71,340.6,0.0,0.0,1478.0,503541.541,0.009393805959207137,340.65
US.GOOGL,Alphabet-A,2026-08-27 17:05:00,340.682,340.66,340.682,340.65,0.0,0.0,510.0,173798.35,-0.006457634979244973,340.682
US.GOOGL,Alphabet-A,2026-08-27 17:10:00,340.66,340.6923,340.71,340.65,0.0,0.0,2842.0,968242.393,0.009481594551741855,340.66
US.GOOGL,Alphabet-A,2026-08-27 17:15:00,340.6923,340.8,340.8,340.65,0.0,0.0,2349.0,800450.79,0.0316121027683991,340.6923
US.GOOGL,Alphabet-A,2026-08-27 17:20:00,340.8,340.8,340.8,340.65,0.0,0.0,1248.0,423784.786,0.0,340.8
US.GOOGL,Alphabet-A,2026-08-27 17:25:00,340.8,340.7,340.8,340.7,0.0,0.0,16731.0,5735446.624,-0.029342723004701504,340.8
US.GOOGL,Alphabet-A,2026-08-27 17:30:00,340.7,340.75,340.8,340.7,0.0,0.0,1495.0,506984.856,0.01467566774288564,340.7
US.GOOGL,Alphabet-A,2026-08-27 17:35:00,340.75,340.7,340.78,340.7,0.0,0.0,2676.0,907483.263,-0.014673514306679786,340.75
US.GOOGL,Alphabet-A,2026-08-27 17:40:00,340.7,340.7,340.7592,340.65,0.0,0.0,18660.0,6392213.578,0.0,340.7
US.GOOGL,Alphabet-A,2026-08-27 17:45:00,340.7,340.75,340.75,340.7,0.0,0.0,1091.0,370609.15,0.01467566774288564,340.7
US.GOOGL,Alphabet-A,2026-08-27 17:50:00,340.75,340.75,340.76,340.7241,0.0,0.0,8626.0,2937964.796,0.0,340.75
US.GOOGL,Alphabet-A,2026-08-27 17:55:00,340.75,340.72,340.75,340.72,0.0,0.0,624.0,212794.646,-0.008804108583997862,340.75
US.GOOGL,Alphabet-A,2026-08-27 18:00:00,340.72,340.8,340.8,340.72,0.0,0.0,3146.0,1072157.796,0.02347969006808643,340.72
US.GOOGL,Alphabet-A,2026-08-27 18:05:00,340.8,340.7415,340.9,340.73,0.0,0.0,2360.0,804615.762,-0.017165492957757555,340.8
US.GOOGL,Alphabet-A,2026-08-27 18:10:00,340.7415,340.72,340.7415,340.72,0.0,0.0,1039.0,354049.642,-0.006309768548869551,340.7415
US.GOOGL,Alphabet-A,2026-08-27 18:15:00,340.72,340.73,340.76,340.72,0.0,0.0,5031.0,1714180.279,0.002934961258508718,340.72
US.GOOGL,Alphabet-A,2026-08-27 18:20:00,340.73,340.85,340.96,340.7,0.0,0.0,1503.0,512422.373,0.03521850145276452,340.73
US.GOOGL,Alphabet-A,2026-08-27 18:25:00,340.85,341.0,341.0,340.85,0.0,0.0,1394.0,475398.626,0.04400762798884473,340.85
US.GOOGL,Alphabet-A,2026-08-27 18:30:00,341.0,340.9485,341.0,340.91,0.0,0.0,1435.0,489318.009,-0.015102639296180614,341.0
US.GOOGL,Alphabet-A,2026-08-27 18:35:00,340.9485,340.89,340.9485,340.8,0.0,0.0,811.0,276459.319,-0.017158016533299823,340.9485
US.GOOGL,Alphabet-A,2026-08-27 18:40:00,340.89,340.9,340.91,340.85,0.0,0.0,815.0,277891.89,0.0029334976091967804,340.89
US.GOOGL,Alphabet-A,2026-08-27 18:45:00,340.9,340.89,340.9,340.84,0.0,0.0,1068.0,364174.839,-0.0029334115576388695,340.9
US.GOOGL,Alphabet-A,2026-08-27 18:50:00,340.89,340.8284,340.89,340.7,0.0,0.0,1674.0,570523.855,-0.018070345272668178,340.89
US.GOOGL,Alphabet-A,2026-08-27 18:55:00,340.8284,340.6,340.8284,340.6,0.0,0.0,11877.0,4046068.406,-0.0670131949098036,340.8284
US.GOOGL,Alphabet-A,2026-08-27 19:00:00,340.6,340.7,340.819,340.6,0.0,0.0,2024.0,689615.503,0.029359953024065147,340.6
US.GOOGL,Alphabet-A,2026-08-27 19:05:00,340.7,340.65,340.76,340.65,0.0,0.0,1011.0,344469.233,-0.01467566774288564,340.7
US.GOOGL,Alphabet-A,2026-08-27 19:10:00,340.65,340.78,340.8118,340.5993,0.0,0.0,2299.0,783199.808,0.03816233670923101,340.65
US.GOOGL,Alphabet-A,2026-08-27 19:15:00,340.78,340.69,340.78,340.68,0.0,0.0,462.0,157450.272,-0.026410000586881567,340.78
US.GOOGL,Alphabet-A,2026-08-27 19:20:00,340.69,340.58,340.73,340.58,0.0,0.0,925.0,315184.625,-0.03228741671314498,340.69
US.GOOGL,Alphabet-A,2026-08-27 19:25:00,340.58,340.58,340.6364,340.58,0.0,0.0,787.0,268380.752,0.0,340.58
US.GOOGL,Alphabet-A,2026-08-27 19:30:00,340.58,340.6,340.6,340.58,0.0,0.0,445.0,151805.504,0.005872335427810986,340.58
US.GOOGL,Alphabet-A,2026-08-27 19:35:00,340.6,340.5751,340.65,340.5751,0.0,0.0,542.0,184807.657,-0.007310628302995409,340.6
US.GOOGL,Alphabet-A,2026-08-27 19:40:00,340.5751,340.6,340.65,340.5652,0.0,0.0,2232.0,760173.444,0.007311162794931974,340.5751
US.GOOGL,Alphabet-A,2026-08-27 19:45:00,340.6,340.57,340.65,340.56,0.0,0.0,1274.0,433991.005,-0.008807985907231227,340.6
US.GOOGL,Alphabet-A,2026-08-27 19:50:00,340.57,340.4,340.57,340.4,0.0,0.0,2742.0,933827.574,-0.049916316763078346,340.57
US.GOOGL,Alphabet-A,2026-08-27 19:55:00,340.4,340.55,340.57,340.4,0.0,0.0,1995.0,679408.009,0.044065804935380176,340.4
US.GOOGL,Alphabet-A,2026-08-27 20:00:00,340.55,340.45,340.55,340.4014,0.0,0.0,1548.0,527366.123,-0.029364263691094624,340.55
US.GOOGL,Alphabet-A,2026-08-28 04:05:00,340.71,341.48,341.6746,340.71,0.0,0.0,42447.0,14484736.806,0.30254075488325144,340.45
US.GOOGL,Alphabet-A,2026-08-28 04:10:00,341.48,341.7,341.7,341.48,0.0,0.0,1693.0,578386.387,0.06442544219279911,341.48
US.GOOGL,Alphabet-A,2026-08-28 04:15:00,341.7,342.11,342.11,341.6313,0.0,0.0,4520.0,1545037.142,0.11998829382500001,341.7
US.GOOGL,Alphabet-A,2026-08-28 04:20:00,342.11,342.09,342.1624,342.0,0.0,0.0,2245.0,768234.148,-0.005846072900540368,342.11
US.GOOGL,Alphabet-A,2026-08-28 04:25:00,342.09,341.85,342.09,341.82,0.0,0.0,1324.0,452834.41,-0.07015697623431034,342.09
US.GOOGL,Alphabet-A,2026-08-28 04:30:00,341.85,342.08,342.08,341.85,0.0,0.0,495.0,169391.273,0.06728097118618147,341.85
US.GOOGL,Alphabet-A,2026-08-28 04:35:00,342.08,342.2,342.2,342.08,0.0,0.0,2540.0,869316.226,0.03507951356407991,342.08
US.GOOGL,Alphabet-A,2026-08-28 04:40:00,342.2,342.2049,342.25,342.2,0.0,0.0,1031.0,353054.33,0.0014319111630685432,342.2
US.GOOGL,Alphabet-A,2026-08-28 04:45:00,342.2049,342.12,342.2379,342.12,0.0,0.0,405.0,138612.055,-0.02480969734799374,342.2049
US.GOOGL,Alphabet-A,2026-08-28 04:50:00,342.12,341.9911,342.12,341.98,0.0,0.0,2544.0,870186.998,-0.037676838536182436,342.12
US.GOOGL,Alphabet-A,2026-08-28 04:55:00,341.9911,341.91,341.9911,341.91,0.0,0.0,1125.0,384744.939,-0.023714067412863134,341.9911
US.GOOGL,Alphabet-A,2026-08-28 05:00:00,341.91,341.95,341.96,341.91,0.0,0.0,437.0,149666.161,0.011698985113030802,341.91
US.GOOGL,Alphabet-A,2026-08-28 05:05:00,341.95,341.96,342.01,341.95,0.0,0.0,2471.0,845169.21,0.0029244041526512374,341.95
US.GOOGL,Alphabet-A,2026-08-28 05:10:00,341.96,342.15,342.15,341.96,0.0,0.0,1491.0,510235.632,0.055562054041407696,341.96
US.GOOGL,Alphabet-A,2026-08-28 05:15:00,342.15,342.29,342.3,342.15,0.0,0.0,623.0,213272.649,0.04091772614351694,342.15
US.GOOGL,Alphabet-A,2026-08-28 05:20:00,342.29,342.21,342.29,342.21,0.0,0.0,577.0,197701.987,-0.023371994507593245,342.29
US.GOOGL,Alphabet-A,2026-08-28 05:25:00,342.21,342.22,342.22,342.17,0.0,0.0,2117.0,724665.929,0.002922182285744937,342.21
US.GOOGL,Alphabet-A,2026-08-28 05:30:00,342.22,342.15,342.22,342.0,0.0,0.0,5233.0,1790423.195,-0.020454678277146286,342.22
US.GOOGL,Alphabet-A,2026-08-28 05:35:00,342.15,342.11,342.15,342.04,0.0,0.0,1876.0,642018.681,-0.011690778898133457,342.15
US.GOOGL,Alphabet-A,2026-08-28 05:40:00,342.11,342.07,342.11,342.0,0.0,0.0,2772.0,948225.084,-0.01169214580106412,342.11
US.GOOGL,Alphabet-A,2026-08-28 05:45:00,342.07,342.13,342.15,342.07,0.0,0.0,1609.0,550771.865,0.01754026953547586,342.07
US.GOOGL,Alphabet-A,2026-08-28 05:50:00,342.13,342.0,342.13,342.0,0.0,0.0,1408.0,481930.699,-0.037997252506355904,342.13
US.GOOGL,Alphabet-A,2026-08-28 05:55:00,342.0,342.0,342.09,341.97,0.0,0.0,1330.0,455060.43,0.0,342.0
US.GOOGL,Alphabet-A,2026-08-28 06:00:00,342.0,341.88,342.17,341.88,0.0,0.0,2246.0,768058.764,-0.035087719298246944,342.0
US.GOOGL,Alphabet-A,2026-08-28 06:05:00,341.88,341.9,341.9,341.85,0.0,0.0,2524.0,863202.501,0.005850005850000529,341.88
US.GOOGL,Alphabet-A,2026-08-28 06:10:00,341.9,341.8186,341.9,341.7844,0.0,0.0,780.0,266643.946,-0.023808131032457946,341.9
US.GOOGL,Alphabet-A,2026-08-28 06:15:00,341.8186,341.96,341.96,341.8186,0.0,0.0,375.0,128319.271,0.041366970668060776,341.8186
US.GOOGL,Alphabet-A,2026-08-28 06:20:00,341.96,341.72,341.96,341.71,0.0,0.0,2010.0,687092.484,-0.07018364721018606,341.96
US.GOOGL,Alphabet-A,2026-08-28 06:25:00,341.72,341.85,341.8598,341.72,0.0,0.0,370.0,126544.355,0.03804284209294025,341.72
US.GOOGL,Alphabet-A,2026-08-28 06:30:00,341.85,341.88,341.88,341.8037,0.0,0.0,824.0,281732.884,0.008775778850364988,341.85
US.GOOGL,Alphabet-A,2026-08-28 06:35:00,341.8388,341.89,341.89,341.8388,0.0,0.0,699.0,239024.898,0.0029250029250002646,341.88
US.GOOGL,Alphabet-A,2026-08-28 06:40:00,341.89,341.8232,341.89,341.8232,0.0,0.0,1522.0,520367.931,-0.019538448038843092,341.89
US.GOOGL,Alphabet-A,2026-08-28 06:45:00,341.8232,341.84,341.84,341.76,0.0,0.0,908.0,310444.532,0.00491482146325623,341.8232
US.GOOGL,Alphabet-A,2026-08-28 06:50:00,341.84,341.7,341.84,341.69,0.0,0.0,1194.0,408340.398,-0.04095483267025111,341.84
US.GOOGL,Alphabet-A,2026-08-28 06:55:00,341.7,341.66,341.7,341.66,0.0,0.0,986.0,336928.552,-0.011706175007305713,341.7
US.GOOGL,Alphabet-A,2026-08-28 07:00:00,341.66,341.53,341.66,341.53,0.0,0.0,1081.0,369536.064,-0.03804952291753565,341.66
US.GOOGL,Alphabet-A,2026-08-28 07:05:00,341.53,341.42,341.6737,341.42,0.0,0.0,3071.0,1049037.557,-0.03220800515326818,341.53
US.GOOGL,Alphabet-A,2026-08-28 07:10:00,341.42,341.42,341.66,341.41,0.0,0.0,3393.0,1158971.456,0.0,341.42
US.GOOGL,Alphabet-A,2026-08-28 07:15:00,341.42,341.8,341.88,341.35,0.0,0.0,4912.0,1678412.214,0.11129986526858282,341.42
US.GOOGL,Alphabet-A,2026-08-28 07:20:00,341.8,341.7,341.85,341.7,0.0,0.0,2646.0,904406.288,-0.029256875365717593,341.8
US.GOOGL,Alphabet-A,2026-08-28 07:25:00,341.7,341.8,341.81,341.6501,0.0,0.0,3196.0,1092431.557,0.029265437518297556,341.7
US.GOOGL,Alphabet-A,2026-08-28 07:30:00,341.8,341.71,341.8,341.6618,0.0,0.0,2935.0,1002962.479,-0.026331187829149158,341.8
US.GOOGL,Alphabet-A,2026-08-28 07:35:00,341.71,341.87,341.87,341.71,0.0,0.0,2569.0,878346.656,0.04682332972404232,341.71
US.GOOGL,Alphabet-A,2026-08-28 07:40:00,341.87,341.8268,341.87,341.681,0.0,0.0,947.0,323866.457,-0.012636382250566885,341.87
US.GOOGL,Alphabet-A,2026-08-28 07:45:00,341.8268,341.62,341.8401,341.62,0.0,0.0,4104.0,1402664.06,-0.06049847466611366,341.8268
US.GOOGL,Alphabet-A,2026-08-28 07:50:00,341.62,341.57,341.726,341.5,0.0,0.0,1246.0,425869.625,-0.014636145424744269,341.62
US.GOOGL,Alphabet-A,2026-08-28 07:55:00,341.57,341.57,341.57,341.57,0.0,0.0,192.0,65649.686,0.0,341.57
US.GOOGL,Alphabet-A,2026-08-28 08:00:00,341.57,341.5,341.59,341.495,0.0,0.0,1212.0,413923.252,-0.02049360306818315,341.57
US.GOOGL,Alphabet-A,2026-08-28 08:05:00,341.5,341.5,341.5,341.3231,0.0,0.0,4997.0,1704330.489,0.0,341.5
US.GOOGL,Alphabet-A,2026-08-28 08:10:00,341.5,341.65,341.7,341.5,0.0,0.0,3174.0,1084439.315,0.04392386530013975,341.5
US.GOOGL,Alphabet-A,2026-08-28 08:15:00,341.65,341.7,341.7,341.5,0.0,0.0,1007.0,344288.209,0.014634860237088064,341.65
US.GOOGL,Alphabet-A,2026-08-28 08:20:00,341.7,341.7,341.71,341.5317,0.0,0.0,1353.0,462585.925,0.0,341.7
US.GOOGL,Alphabet-A,2026-08-28 08:25:00,341.7,341.74,341.75,341.55,0.0,0.0,1586.0,541932.443,0.011706175007322349,341.7
US.GOOGL,Alphabet-A,2026-08-28 08:30:00,341.74,342.0,342.0,341.71,0.0,0.0,5988.0,2046921.826,0.07608123134546466,341.74
US.GOOGL,Alphabet-A,2026-08-28 08:35:00,342.0,341.6,342.0,341.56,0.0,0.0,2021.0,690757.156,-0.11695906432747873,342.0
US.GOOGL,Alphabet-A,2026-08-28 08:40:00,341.6,341.8899,341.8899,341.5,0.0,0.0,2310.0,789224.028,0.08486533957845104,341.6
US.GOOGL,Alphabet-A,2026-08-28 08:45:00,341.8899,341.67,341.8899,341.55,0.0,0.0,1784.0,609846.897,-0.06431895180290366,341.8899
US.GOOGL,Alphabet-A,2026-08-28 08:50:00,341.67,341.8,341.8,341.65,0.0,0.0,1935.0,661573.255,0.03804840928381053,341.67
US.GOOGL,Alphabet-A,2026-08-28 08:55:00,341.8,341.76,341.81,341.73,0.0,0.0,1240.0,423827.917,-0.011702750146290363,341.8
US.GOOGL,Alphabet-A,2026-08-28 09:00:00,341.76,341.66,341.83,341.58,0.0,0.0,2637.0,901221.266,-0.029260299625458185,341.76
US.GOOGL,Alphabet-A,2026-08-28 09:05:00,341.66,341.67,341.77,341.5,0.0,0.0,2559.0,874446.586,0.002926886378268133,341.66
US.GOOGL,Alphabet-A,2026-08-28 09:10:00,341.67,341.49,341.67,341.38,0.0,0.0,1770.0,604404.85,-0.05268241285451074,341.67
US.GOOGL,Alphabet-A,2026-08-28 09:15:00,341.49,341.4878,341.5,341.36,0.0,0.0,2978.0,1016832.069,-0.000644235555950742,341.49
US.GOOGL,Alphabet-A,2026-08-28 09:20:00,341.4878,341.32,341.49,341.26,0.0,0.0,7325.0,2500462.594,-0.04913791942201148,341.4878
US.GOOGL,Alphabet-A,2026-08-28 09:25:00,341.32,341.02,341.32,341.02,0.0,0.0,6371.0,2173483.349,-0.08789405836165809,341.32
US.GOOGL,Alphabet-A,2026-08-28 09:30:00,341.02,340.64,341.02,340.2,0.0,0.0,21429.0,7301331.849,-0.1114304146384363,341.02
US.GOOGL,Alphabet-A,2026-08-28 09:35:00,340.705,343.08,343.15,340.27,0.0,0.0,750583.0,256451150.148,0.716298731798966,340.64
US.GOOGL,Alphabet-A,2026-08-28 09:40:00,343.14,342.165,343.29,341.73,0.0,0.0,256498.0,87863579.43,-0.266701643931434,343.08
US.GOOGL,Alphabet-A,2026-08-28 09:45:00,342.211049,343.035,343.16,342.0,0.0,0.0,277824.0,95180878.106,0.2542632940248139,342.165
US.GOOGL,Alphabet-A,2026-08-28 09:50:00,343.02,343.06,343.3999,342.69,0.0,0.0,256245.0,87913023.832,0.007287886075758234,343.035
US.GOOGL,Alphabet-A,2026-08-28 09:55:00,343.09,343.3,344.0,342.76,0.0,0.0,366284.0,125807820.3,0.06995860782370696,343.06
US.GOOGL,Alphabet-A,2026-08-28 10:00:00,343.27,343.82,344.11,343.18,0.0,0.0,231688.0,79626208.713,0.15147101660354845,343.3
US.GOOGL,Alphabet-A,2026-08-28 10:05:00,343.7,343.035,344.81,342.81,0.0,0.0,416054.0,143185940.178,-0.2283171426909337,343.82
US.GOOGL,Alphabet-A,2026-08-28 10:10:00,342.99,344.05,344.145,342.77,0.0,0.0,269643.0,92568458.05,0.29588817467604944,343.035
US.GOOGL,Alphabet-A,2026-08-28 10:15:00,344.09,343.4,344.25,343.17,0.0,0.0,189252.0,65048308.724,-0.18892602819358642,344.05
US.GOOGL,Alphabet-A,2026-08-28 10:20:00,343.4,343.2744,343.5499,342.88,0.0,0.0,157983.0,54234744.121,-0.036575422248096415,343.4
US.GOOGL,Alphabet-A,2026-08-28 10:25:00,343.295,343.565,344.3096,343.27,0.0,0.0,177252.0,60931238.579,0.08465530782370707,343.2744
US.GOOGL,Alphabet-A,2026-08-28 10:30:00,343.565,343.895,344.0,343.195,0.0,0.0,229837.0,78952166.755,0.09605169327492151,343.565
US.GOOGL,Alphabet-A,2026-08-28 10:35:00,343.92,343.76,344.15,343.46,0.0,0.0,188233.0,64708714.391,-0.03925616830718414,343.895
US.GOOGL,Alphabet-A,2026-08-28 10:40:00,343.815,344.36,344.4,343.62,0.0,0.0,195180.0,67128858.661,0.17454037700722094,343.76
US.GOOGL,Alphabet-A,2026-08-28 10:45:00,344.38,345.93,345.93,344.325,0.0,0.0,344988.0,119029532.222,0.4559182251132516,344.36
US.GOOGL,Alphabet-A,2026-08-28 10:50:00,345.95,347.135,347.16,345.575,0.0,0.0,402944.0,139585009.113,0.3483363686294869,345.93
US.GOOGL,Alphabet-A,2026-08-28 10:55:00,347.145,347.32,348.085,346.89,0.0,0.0,572128.0,198844942.169,0.05329338729889014,347.135
US.GOOGL,Alphabet-A,2026-08-28 11:00:00,347.32,347.37,347.83,346.6501,0.0,0.0,359533.0,124857288.044,0.014395946101581068,347.32
US.GOOGL,Alphabet-A,2026-08-28 11:05:00,347.42,348.9,349.02,347.2301,0.0,0.0,485288.0,169035359.388,0.44045254339752216,347.37
US.GOOGL,Alphabet-A,2026-08-28 11:10:00,348.9,348.33,349.14,348.02,0.0,0.0,343932.0,119901105.19,-0.16337059329320527,348.9
US.GOOGL,Alphabet-A,2026-08-28 11:15:00,348.3,347.3508,348.59,347.14,0.0,0.0,377404.0,131205449.582,-0.28111273792093466,348.33
US.GOOGL,Alphabet-A,2026-08-28 11:20:00,347.39,347.0951,348.18,346.9,0.0,0.0,323663.0,112512149.163,-0.07361434031532108,347.3508
US.GOOGL,Alphabet-A,2026-08-28 11:25:00,347.0609,347.73,347.76,346.96,0.0,0.0,155239.0,53913207.528,0.18291816853652385,347.0951
US.GOOGL,Alphabet-A,2026-08-28 11:30:00,347.73,348.665,348.68,347.65,0.0,0.0,196016.0,68221151.645,0.26888677997296817,347.73
US.GOOGL,Alphabet-A,2026-08-28 11:35:00,348.68,348.7201,348.76,348.14,0.0,0.0,178689.0,62280597.787,0.01580313481421471,348.665
US.GOOGL,Alphabet-A,2026-08-28 11:40:00,348.75,347.86,348.835,347.79,0.0,0.0,182628.0,63629534.958,-0.2466448019486082,348.7201
US.GOOGL,Alphabet-A,2026-08-28 11:45:00,347.865,347.405,348.005,347.16,0.0,0.0,175491.0,60987246.937,-0.13079974702467687,347.86
US.GOOGL,Alphabet-A,2026-08-28 11:50:00,347.4,347.91,348.3,347.38,0.0,0.0,176220.0,61316882.864,0.14536348066379365,347.405
US.GOOGL,Alphabet-A,2026-08-28 11:55:00,347.9,347.5704,348.1602,347.16,0.0,0.0,457445.0,159083378.346,-0.0976114512373943,347.91
US.GOOGL,Alphabet-A,2026-08-28 12:00:00,347.56,346.795,347.69,346.52,0.0,0.0,196606.0,68215914.079,-0.22309149455764662,347.5704
US.GOOGL,Alphabet-A,2026-08-28 12:05:00,346.8,346.37,346.9,346.22,0.0,0.0,193605.0,67094336.657,-0.12255078648769774,346.795
US.GOOGL,Alphabet-A,2026-08-28 12:10:00,346.34,346.815,347.2,346.08,0.0,0.0,140527.0,48700934.46,0.12847532984958085,346.37
US.GOOGL,Alphabet-A,2026-08-28 12:15:00,346.78,347.56,347.62,346.75,0.0,0.0,125822.0,43683446.819,0.21481193143318614,346.815
US.GOOGL,Alphabet-A,2026-08-28 12:20:00,347.58,346.525,347.67,346.415,0.0,0.0,163083.0,56591290.734,-0.29779030958684116,347.56
US.GOOGL,Alphabet-A,2026-08-28 12:25:00,346.525,345.92,346.764,345.5,0.0,0.0,161832.0,56016826.057,-0.17459057788037266,346.525
US.GOOGL,Alphabet-A,2026-08-28 12:30:00,345.905,346.47,346.55,345.84,0.0,0.0,150888.0,52236212.406,0.15899629972248247,345.92
US.GOOGL,Alphabet-A,2026-08-28 12:35:00,346.44,346.357187,347.145,346.32,0.0,0.0,105436.0,36554869.784,-0.03256068346466272,346.47
US.GOOGL,Alphabet-A,2026-08-28 12:40:00,346.37,346.66,346.76,346.2201,0.0,0.0,107703.0,37314329.811,0.08742795338617144,346.357187
US.GOOGL,Alphabet-A,2026-08-28 12:45:00,346.645,346.055,346.645,345.95,0.0,0.0,68773.0,23809657.58,-0.17452258697283163,346.66
US.GOOGL,Alphabet-A,2026-08-28 12:50:00,346.08,346.07,346.55,346.02,0.0,0.0,91217.0,31584741.274,0.004334571094186288,346.055
US.GOOGL,Alphabet-A,2026-08-28 12:55:00,346.09,345.785,346.11,345.6,0.0,0.0,90960.0,31464744.293,-0.08235328112808628,346.07
US.GOOGL,Alphabet-A,2026-08-28 13:00:00,345.79,345.45,345.89,345.4,0.0,0.0,157875.0,54563705.096,-0.09688100987608958,345.785
US.GOOGL,Alphabet-A,2026-08-28 13:05:00,345.45,345.94,346.14,345.0005,0.0,0.0,131017.0,45269807.287,0.14184397163120832,345.45
US.GOOGL,Alphabet-A,2026-08-28 13:10:00,345.951,345.585,345.9562,345.56,0.0,0.0,75350.0,26055818.84,-0.1026189512632301,345.94
US.GOOGL,Alphabet-A,2026-08-28 13:15:00,345.6,346.0175,346.0465,345.41,0.0,0.0,194189.0,67122107.078,0.12515010778824445,345.585
US.GOOGL,Alphabet-A,2026-08-28 13:20:00,346.04,346.31,346.36,345.92,0.0,0.0,79065.0,27364438.706,0.08453329672632691,346.0175
US.GOOGL,Alphabet-A,2026-08-28 13:25:00,346.25,346.1,346.31,345.9201,0.0,0.0,100323.0,34719954.437,-0.06063931159942812,346.31
US.GOOGL,Alphabet-A,2026-08-28 13:30:00,346.1,346.45,346.6,345.96,0.0,0.0,98130.0,33985050.633,0.10112684195318286,346.1
US.GOOGL,Alphabet-A,2026-08-28 13:35:00,346.45,346.25,346.565,346.15,0.0,0.0,85574.0,29642278.605,-0.05772838793476364,346.45
US.GOOGL,Alphabet-A,2026-08-28 13:40:00,346.24,345.751,346.45,345.73,0.0,0.0,98308.0,34027636.285,-0.1441155234657108,346.25
US.GOOGL,Alphabet-A,2026-08-28 13:45:00,345.751,346.38,346.54,345.72,0.0,0.0,96159.0,33290354.262,0.18192282885661043,345.751
US.GOOGL,Alphabet-A,2026-08-28 13:50:00,346.38,346.61,346.71,346.22,0.0,0.0,74567.0,25835792.236,0.06640106241700393,346.38
US.GOOGL,Alphabet-A,2026-08-28 13:55:00,346.59,346.46,346.63,346.36,0.0,0.0,48946.0,16959905.147,-0.04327630478059897,346.61
US.GOOGL,Alphabet-A,2026-08-28 14:00:00,346.465,346.65,346.78,346.295,0.0,0.0,98259.0,34053170.293,0.0548403856145003,346.46
US.GOOGL,Alphabet-A,2026-08-28 14:05:00,346.655,346.8625,347.125,346.47,0.0,0.0,93858.0,32549689.196,0.06130102408770636,346.65
US.GOOGL,Alphabet-A,2026-08-28 14:10:00,346.85,346.895,346.99,346.7201,0.0,0.0,78999.0,27403980.535,0.009369707016460541,346.8625
US.GOOGL,Alphabet-A,2026-08-28 14:15:00,346.92,346.83,347.14,346.77,0.0,0.0,95748.0,33220145.717,-0.018737658369246523,346.895
US.GOOGL,Alphabet-A,2026-08-28 14:20:00,346.83,346.88,346.95,346.6,0.0,0.0,82472.0,28600840.292,0.014416284635127114,346.83
US.GOOGL,Alphabet-A,2026-08-28 14:25:00,346.9,346.53,347.055,346.49,0.0,0.0,81242.0,28177642.488,-0.1008994464944715,346.88
US.GOOGL,Alphabet-A,2026-08-28 14:30:00,346.53,346.18,346.53,346.16,0.0,0.0,88036.0,30489459.348,-0.10100135630391768,346.53
US.GOOGL,Alphabet-A,2026-08-28 14:35:00,346.1812,346.4154,346.6,346.165,0.0,0.0,99266.0,34388496.333,0.06799930671903925,346.18
US.GOOGL,Alphabet-A,2026-08-28 14:40:00,346.4,346.295,346.48,346.22,0.0,0.0,70633.0,24463506.001,-0.034755960618367714,346.4154
US.GOOGL,Alphabet-A,2026-08-28 14:45:00,346.31,346.93,346.96,346.31,0.0,0.0,97270.0,33709994.438,0.1833696703677474,346.295
US.GOOGL,Alphabet-A,2026-08-28 14:50:00,346.945,346.63,347.1,346.56,0.0,0.0,120640.0,41842553.617,-0.08647277548785386,346.93
US.GOOGL,Alphabet-A,2026-08-28 14:55:00,346.6409,346.93,347.04,346.46,0.0,0.0,164564.0,57045800.768,0.08654761561319314,346.63
US.GOOGL,Alphabet-A,2026-08-28 15:00:00,346.93,346.955,347.175,346.782,0.0,0.0,103847.0,36030661.537,0.007206064623980994,346.93
US.GOOGL,Alphabet-A,2026-08-28 15:05:00,346.94,347.305,347.34,346.87,0.0,0.0,111916.0,38845228.285,0.10087763542823212,346.955
US.GOOGL,Alphabet-A,2026-08-28 15:10:00,347.29,347.96,348.0,347.2875,0.0,0.0,169486.0,58914430.706,0.18859503894270818,347.305
US.GOOGL,Alphabet-A,2026-08-28 15:15:00,347.97,347.59,348.09,347.5,0.0,0.0,150824.0,52454620.932,-0.10633406138636757,347.96
US.GOOGL,Alphabet-A,2026-08-28 15:20:00,347.5952,347.39,347.74,347.32,0.0,0.0,123386.0,42874359.725,-0.057539054633329104,347.59
US.GOOGL,Alphabet-A,2026-08-28 15:25:00,347.39,347.56,347.755,347.38,0.0,0.0,118154.0,41063789.577,0.048936353953774124,347.39
US.GOOGL,Alphabet-A,2026-08-28 15:30:00,347.5899,347.67,347.85,347.54,0.0,0.0,162120.0,56364735.726,0.03164921164691381,347.56
US.GOOGL,Alphabet-A,2026-08-28 15:35:00,347.68,347.62,347.77,347.455,0.0,0.0,985870.0,342717503.448,-0.014381453677340974,347.67
US.GOOGL,Alphabet-A,2026-08-28 15:40:00,347.61,347.36,347.67,347.1,0.0,0.0,212594.0,73847652.288,-0.07479431563200935,347.62
US.GOOGL,Alphabet-A,2026-08-28 15:45:00,347.365,347.725,347.88,347.34,0.0,0.0,254776.0,88561259.586,0.10507830492860694,347.36
US.GOOGL,Alphabet-A,2026-08-28 15:50:00,347.73,347.36,347.76,347.04,0.0,0.0,235817.0,81920526.385,-0.10496800632684133,347.725
US.GOOGL,Alphabet-A,2026-08-28 15:55:00,347.36,347.44,347.58,347.03,0.0,0.0,385887.0,134035379.664,0.023030861354210064,347.36
US.GOOGL,Alphabet-A,2026-08-28 16:00:00,347.44,346.59,347.47,346.42,0.0,0.0,5663271.0,1962989245.336,-0.24464655767903026,347.44
US.GOOGL,Alphabet-A,2026-08-28 16:05:00,346.45,346.478,346.85,346.41,0.0,0.0,3046253.0,1055801334.039,-0.03231483885858402,346.59
US.GOOGL,Alphabet-A,2026-08-28 16:10:00,346.478,346.35,346.478,346.0987,0.0,0.0,50864.0,17625522.997,-0.036943182539724284,346.478
US.GOOGL,Alphabet-A,2026-08-28 16:15:00,346.35,346.35,346.39,346.21,0.0,0.0,1402.0,485583.049,0.0,346.35
US.GOOGL,Alphabet-A,2026-08-28 16:20:00,346.35,346.29,346.35,346.29,0.0,0.0,2731.0,946048.479,-0.017323516673885455,346.35
US.GOOGL,Alphabet-A,2026-08-28 16:25:00,346.29,346.19,346.35,346.19,0.0,0.0,1510.0,523220.337,-0.028877530393607305,346.29
US.GOOGL,Alphabet-A,2026-08-28 16:30:00,346.19,346.1,346.2597,346.06,0.0,0.0,1546.0,535179.292,-0.02599728472803229,346.19
US.GOOGL,Alphabet-A,2026-08-28 16:35:00,346.1,346.1,346.2,345.88,0.0,0.0,4258.0,1473532.889,0.0,346.1
US.GOOGL,Alphabet-A,2026-08-28 16:40:00,346.1,346.12,346.2,346.05,0.0,0.0,279930.0,96850155.652,0.005778676683034328,346.1
US.GOOGL,Alphabet-A,2026-08-28 16:45:00,346.04,346.22,346.22,346.04,0.0,0.0,6536.0,2264454.821,0.028891713856472538,346.12
US.GOOGL,Alphabet-A,2026-08-28 16:50:00,346.22,346.34,346.42,346.0618,0.0,0.0,2535.0,867669.404,0.03466004274737095,346.22
US.GOOGL,Alphabet-A,2026-08-28 16:55:00,346.34,346.53,346.53,346.25,0.0,0.0,262276.0,90901655.672,0.05485938672980243,346.34
US.GOOGL,Alphabet-A,2026-08-28 17:00:00,346.53,346.4,346.53,346.2424,0.0,0.0,1233.0,421952.452,-0.03751478948431462,346.53
US.GOOGL,Alphabet-A,2026-08-28 17:05:00,346.4,346.27,346.4,346.27,0.0,0.0,1522.0,525129.532,-0.03752886836027583,346.4
US.GOOGL,Alphabet-A,2026-08-28 17:10:00,346.27,346.3,346.452,346.26,0.0,0.0,420.0,145140.483,0.008663759494044982,346.27
US.GOOGL,Alphabet-A,2026-08-28 17:15:00,346.3,346.27,346.3,346.21,0.0,0.0,1769.0,612524.526,-0.008663008951784451,346.3
US.GOOGL,Alphabet-A,2026-08-28 17:20:00,346.27,346.05,346.3495,346.02,0.0,0.0,908.0,314518.022,-0.06353423628959207,346.27
US.GOOGL,Alphabet-A,2026-08-28 17:25:00,346.05,346.0592,346.07,346.01,0.0,0.0,704.0,243831.137,0.00265857535037259,346.05
US.GOOGL,Alphabet-A,2026-08-28 17:30:00,346.0592,345.9828,346.4439,345.96,0.0,0.0,7638.0,2644681.493,-0.022077147493832924,346.0592
US.GOOGL,Alphabet-A,2026-08-28 17:35:00,345.9828,345.95,346.25,345.95,0.0,0.0,1633.0,565320.225,-0.009480240058178853,345.9828
US.GOOGL,Alphabet-A,2026-08-28 17:40:00,345.95,345.95,345.95,345.95,0.0,0.0,459.0,158837.963,0.0,345.95
US.GOOGL,Alphabet-A,2026-08-28 17:45:00,345.95,346.08,346.08,345.95,0.0,0.0,707.0,244715.92,0.037577684636506854,345.95
US.GOOGL,Alphabet-A,2026-08-28 17:50:00,346.08,346.17,346.17,346.0,0.0,0.0,1269.0,439280.567,0.026005547850217244,346.08
US.GOOGL,Alphabet-A,2026-08-28 17:55:00,346.17,346.04,346.49,346.04,0.0,0.0,55854.0,19357952.652,-0.03755380304474549,346.17
US.GOOGL,Alphabet-A,2026-08-28 18:00:00,346.04,346.02,346.12,346.0009,0.0,0.0,1024.0,354568.081,-0.005779678649878238,346.04
US.GOOGL,Alphabet-A,2026-08-28 18:05:00,346.02,345.94,346.02,345.91,0.0,0.0,953.0,329735.058,-0.023120050864107303,346.02
US.GOOGL,Alphabet-A,2026-08-28 18:10:00,345.94,345.99,346.0,345.94,0.0,0.0,1272.0,440290.671,0.014453373417358896,345.94
US.GOOGL,Alphabet-A,2026-08-28 18:15:00,345.99,346.0,346.2965,345.96,0.0,0.0,394.0,136378.165,0.0028902569438396786,345.99
US.GOOGL,Alphabet-A,2026-08-28 18:20:00,346.0,345.981,346.0,345.981,0.0,0.0,271.0,93861.958,-0.005491329479770363,346.0
US.GOOGL,Alphabet-A,2026-08-28 18:25:00,345.981,345.98,345.981,345.95,0.0,0.0,604.0,209236.002,-0.0002890332127996489,345.981
US.GOOGL,Alphabet-A,2026-08-28 18:30:00,345.98,346.11,346.11,345.98,0.0,0.0,736.0,254706.787,0.03757442626741299,345.98
US.GOOGL,Alphabet-A,2026-08-28 18:35:00,346.11,346.07,346.12,346.0013,0.0,0.0,383.0,132683.972,-0.011557019444691128,346.11
US.GOOGL,Alphabet-A,2026-08-28 18:40:00,346.07,345.72,346.2166,345.71,0.0,0.0,5417.0,1873503.776,-0.1011356084029144,346.07
US.GOOGL,Alphabet-A,2026-08-28 18:45:00,345.72,345.831,346.07,345.72,0.0,0.0,816.0,282440.04,0.03210690732384299,345.72
US.GOOGL,Alphabet-A,2026-08-28 18:50:00,345.831,345.8201,345.9,345.8201,0.0,0.0,648.0,224374.129,-0.00315182849426233,345.831
US.GOOGL,Alphabet-A,2026-08-28 18:55:00,345.8201,345.95,345.95,345.8201,0.0,0.0,700.0,242344.508,0.03756288312910779,345.8201
US.GOOGL,Alphabet-A,2026-08-28 19:00:00,345.95,345.95,346.05,345.95,0.0,0.0,785.0,271679.097,0.0,345.95
US.GOOGL,Alphabet-A,2026-08-28 19:05:00,345.95,345.99,345.99,345.94,0.0,0.0,334.0,115602.606,0.01156236450354689,345.95
US.GOOGL,Alphabet-A,2026-08-28 19:10:00,345.99,345.9,345.99,345.8739,0.0,0.0,727.0,251552.885,-0.02601231249458997,345.99
US.GOOGL,Alphabet-A,2026-08-28 19:15:00,345.9,345.95,346.0,345.86,0.0,0.0,880.0,304542.595,0.0144550448106422,345.9
US.GOOGL,Alphabet-A,2026-08-28 19:20:00,345.95,345.78,345.9683,345.78,0.0,0.0,3726.0,1288816.471,-0.049140049140053745,345.95
US.GOOGL,Alphabet-A,2026-08-28 19:25:00,345.79,345.67,345.81,345.59,0.0,0.0,2482.0,858494.296,-0.03181213488343941,345.78
US.GOOGL,Alphabet-A,2026-08-28 19:30:00,345.67,345.77,345.8,345.67,0.0,0.0,2595.0,897344.743,0.028929325657409057,345.67
US.GOOGL,Alphabet-A,2026-08-28 19:35:00,345.77,345.7793,345.7793,345.71,0.0,0.0,871.0,301375.022,0.0026896491887659687,345.77
US.GOOGL,Alphabet-A,2026-08-28 19:40:00,345.7793,345.74,345.78,345.72,0.0,0.0,484.0,167349.363,-0.011365631198851062,345.7793
US.GOOGL,Alphabet-A,2026-08-28 19:45:00,345.74,345.79,345.83,345.74,0.0,0.0,673.0,232097.312,0.014461734251174687,345.74
US.GOOGL,Alphabet-A,2026-08-28 19:50:00,345.79,345.8199,345.8999,345.74,0.0,0.0,1096.0,379010.768,0.008646866595331796,345.79
US.GOOGL,Alphabet-A,2026-08-28 19:55:00,345.8199,345.84,345.85,345.802,0.0,0.0,1129.0,390688.377,0.005812273961086886,345.8199
US.GOOGL,Alphabet-A,2026-08-28 20:00:00,345.84,346.2,346.2,345.7563,0.0,0.0,4389.0,1518559.03,0.10409437890354314,345.84
US.GOOGL,Alphabet-A,2026-08-31 04:05:00,346.59,345.09,346.59,345.04,0.0,0.0,52287.0,18054987.55,-0.3206239168110958,346.2
US.GOOGL,Alphabet-A,2026-08-31 04:10:00,345.09,344.95,345.09,344.87,0.0,0.0,2663.0,919385.759,-0.04056912689442939,345.09
US.GOOGL,Alphabet-A,2026-08-31 04:15:00,344.95,344.78,344.95,344.73,0.0,0.0,869.0,299657.85,-0.049282504710832266,344.95
US.GOOGL,Alphabet-A,2026-08-31 04:20:00,344.78,344.86,344.86,344.78,0.0,0.0,569.0,196424.183,0.02320320204189365,344.78
US.GOOGL,Alphabet-A,2026-08-31 04:25:00,344.86,344.99,344.99,344.86,0.0,0.0,330.0,113919.744,0.03769645653308457,344.86
US.GOOGL,Alphabet-A,2026-08-31 04:30:00,344.99,344.99,345.0,344.96,0.0,0.0,649.0,224049.815,0.0,344.99
US.GOOGL,Alphabet-A,2026-08-31 04:35:00,344.99,345.05,345.05,344.99,0.0,0.0,687.0,237223.854,0.017391808458216838,344.99
US.GOOGL,Alphabet-A,2026-08-31 04:40:00,345.05,345.09,345.09,345.05,0.0,0.0,347.0,119789.871,0.011592522822768764,345.05
US.GOOGL,Alphabet-A,2026-08-31 04:45:00,345.09,344.9,345.1,344.9,0.0,0.0,320.0,110536.053,-0.055058100785301725,345.09
US.GOOGL,Alphabet-A,2026-08-31 04:50:00,344.9,344.9,344.9,344.9,0.0,0.0,217.0,75138.89,0.0,344.9
US.GOOGL,Alphabet-A,2026-08-31 04:55:00,344.9,344.77,344.9,344.77,0.0,0.0,914.0,315244.031,-0.03769208466221961,344.9
US.GOOGL,Alphabet-A,2026-08-31 05:00:00,344.77,344.67,344.79,344.66,0.0,0.0,985.0,339574.98,-0.029004843808906198,344.77
US.GOOGL,Alphabet-A,2026-08-31 05:05:00,344.67,344.76,344.76,344.67,0.0,0.0,405.0,139668.582,0.026111933153443873,344.67
US.GOOGL,Alphabet-A,2026-08-31 05:10:00,344.76,344.82,344.84,344.76,0.0,0.0,174.0,60075.104,0.017403411068570098,344.76
US.GOOGL,Alphabet-A,2026-08-31 05:15:00,344.82,344.7409,344.9,344.7409,0.0,0.0,990.0,341511.725,-0.022939504669097683,344.82
US.GOOGL,Alphabet-A,2026-08-31 05:20:00,344.7409,345.0,345.0,344.7409,0.0,0.0,1914.0,660215.372,0.07515789394295526,344.7409
US.GOOGL,Alphabet-A,2026-08-31 05:25:00,345.0,344.96,345.1,344.96,0.0,0.0,400.0,138204.172,-0.011594202898556656,345.0
US.GOOGL,Alphabet-A,2026-08-31 05:30:00,344.96,344.95,344.96,344.95,0.0,0.0,756.0,260953.908,-0.00289888682745562,344.96
US.GOOGL,Alphabet-A,2026-08-31 05:35:00,344.95,344.93,344.95,344.92,0.0,0.0,421.0,145211.097,-0.005797941730680334,344.95
US.GOOGL,Alphabet-A,2026-08-31 05:40:00,344.93,344.93,344.93,344.93,0.0,0.0,171.0,59137.509,0.0,344.93
US.GOOGL,Alphabet-A,2026-08-31 05:45:00,344.93,345.0,345.0,344.8,0.0,0.0,2279.0,786150.011,0.020293972690109057,344.93
US.GOOGL,Alphabet-A,2026-08-31 05:50:00,345.0,345.0,345.0,344.82,0.0,0.0,826.0,284993.335,0.0,345.0
US.GOOGL,Alphabet-A,2026-08-31 05:55:00,345.0,345.0,345.0,345.0,0.0,0.0,235.0,81124.58,0.0,345.0
US.GOOGL,Alphabet-A,2026-08-31 06:00:00,345.0,345.0849,345.0849,345.0,0.0,0.0,341.0,117763.43,0.024608695652175255,345.0
US.GOOGL,Alphabet-A,2026-08-31 06:05:00,345.0849,344.7551,345.0849,344.7551,0.0,0.0,1076.0,371304.51,-0.09557068419973677,345.0849
US.GOOGL,Alphabet-A,2026-08-31 06:10:00,344.7551,344.84,344.84,344.7523,0.0,0.0,329.0,113455.379,0.024626176668582363,344.7551
US.GOOGL,Alphabet-A,2026-08-31 06:15:00,344.84,344.93,344.93,344.84,0.0,0.0,578.0,199580.379,0.026099060433833615,344.84
US.GOOGL,Alphabet-A,2026-08-31 06:20:00,344.93,344.93,344.93,344.93,0.0,0.0,162.0,56062.99,0.0,344.93
US.GOOGL,Alphabet-A,2026-08-31 06:25:00,344.93,344.89,344.93,344.86,0.0,0.0,373.0,128643.221,-0.011596555822926525,344.93
US.GOOGL,Alphabet-A,2026-08-31 06:30:00,344.89,344.93,344.93,344.87,0.0,0.0,607.0,209410.699,0.01159790077996476,344.89
US.GOOGL,Alphabet-A,2026-08-31 06:35:00,344.93,344.7,344.93,344.69,0.0,0.0,1829.0,630778.727,-0.06668019598179868,344.93
US.GOOGL,Alphabet-A,2026-08-31 06:40:00,344.7,344.66,344.74,344.66,0.0,0.0,585.0,201886.766,-0.01160429358861724,344.7
US.GOOGL,Alphabet-A,2026-08-31 06:45:00,344.66,344.66,344.66,344.66,0.0,0.0,150.0,52014.906,0.0,344.66
US.GOOGL,Alphabet-A,2026-08-31 06:50:00,344.66,344.92,344.92,344.66,0.0,0.0,717.0,247361.013,0.07543666221783522,344.66
US.GOOGL,Alphabet-A,2026-08-31 06:55:00,344.92,344.9,345.0,344.86,0.0,0.0,1030.0,355550.504,-0.005798446016478793,344.92
US.GOOGL,Alphabet-A,2026-08-31 07:00:00,344.9,344.75,344.96,344.75,0.0,0.0,1906.0,657505.652,-0.04349086691794064,344.9
US.GOOGL,Alphabet-A,2026-08-31 07:05:00,344.75,344.5,344.94,344.5,0.0,0.0,4126.0,1422407.136,-0.0725163161711385,344.75
US.GOOGL,Alphabet-A,2026-08-31 07:10:00,344.45,344.62,344.76,344.45,0.0,0.0,759.0,261626.31,0.03483309143686634,344.5
US.GOOGL,Alphabet-A,2026-08-31 07:15:00,344.62,344.57,344.7604,344.57,0.0,0.0,797.0,274734.115,-0.014508734258026628,344.62
US.GOOGL,Alphabet-A,2026-08-31 07:20:00,344.57,344.73,344.73,344.5527,0.0,0.0,1493.0,514858.785,0.04643468671098036,344.57
US.GOOGL,Alphabet-A,2026-08-31 07:25:00,344.73,344.71,344.82,344.65,0.0,0.0,2111.0,727667.42,-0.005801641864658908,344.73
US.GOOGL,Alphabet-A,2026-08-31 07:30:00,344.71,344.96,344.96,344.71,0.0,0.0,2107.0,726822.484,0.07252473093324824,344.71
US.GOOGL,Alphabet-A,2026-08-31 07:35:00,344.96,344.8301,345.04,344.8301,0.0,0.0,1147.0,395681.594,-0.03765653988867223,344.96
US.GOOGL,Alphabet-A,2026-08-31 07:40:00,344.8301,344.75,344.86,344.6761,0.0,0.0,3135.0,1081028.153,-0.023228830661829063,344.8301
US.GOOGL,Alphabet-A,2026-08-31 07:45:00,344.75,344.7,345.002,344.7,0.0,0.0,1412.0,487161.168,-0.014503263234230998,344.75
US.GOOGL,Alphabet-A,2026-08-31 07:50:00,344.7,344.6437,344.74,344.55,0.0,0.0,1268.0,437264.962,-0.01633304322598338,344.7
US.GOOGL,Alphabet-A,2026-08-31 07:55:00,344.6437,344.64,344.6437,344.505,0.0,0.0,934.0,322093.975,-0.0010735725040201117,344.6437
US.GOOGL,Alphabet-A,2026-08-31 08:00:00,344.64,344.1534,344.64,344.07,0.0,0.0,10179.0,3505164.088,-0.1411908077994458,344.64
US.GOOGL,Alphabet-A,2026-08-31 08:05:00,344.1534,344.1,344.3,344.1,0.0,0.0,1736.0,597678.728,-0.015516336610346931,344.1534
US.GOOGL,Alphabet-A,2026-08-31 08:10:00,344.1,343.98,344.3,343.89,0.0,0.0,6038.0,2077415.627,-0.03487358326068135,344.1
US.GOOGL,Alphabet-A,2026-08-31 08:15:00,343.98,343.85,344.21,343.8,0.0,0.0,9203.0,3165566.704,-0.037792894935750755,343.98
US.GOOGL,Alphabet-A,2026-08-31 08:20:00,343.85,343.93,344.19,343.85,0.0,0.0,4137.0,1424097.371,0.023265958993742644,343.85
US.GOOGL,Alphabet-A,2026-08-31 08:25:00,343.93,344.05,344.44,343.93,0.0,0.0,2723.0,937234.472,0.0348908208065608,343.93
US.GOOGL,Alphabet-A,2026-08-31 08:30:00,344.05,344.0,344.2,343.77,0.0,0.0,8261.0,2842368.824,-0.01453277139950919,344.05
US.GOOGL,Alphabet-A,2026-08-31 08:35:00,344.0,344.0,344.0,343.77,0.0,0.0,2395.0,823854.547,0.0,344.0
US.GOOGL,Alphabet-A,2026-08-31 08:40:00,344.0,343.73,344.11,343.73,0.0,0.0,3819.0,1313663.237,-0.07848837209301797,344.0
US.GOOGL,Alphabet-A,2026-08-31 08:45:00,343.73,343.69,343.87,343.63,0.0,0.0,3405.0,1170715.221,-0.011637040700555802,343.73
US.GOOGL,Alphabet-A,2026-08-31 08:50:00,343.69,343.7801,344.06,343.69,0.0,0.0,1598.0,549661.898,0.026215484884636365,343.69
US.GOOGL,Alphabet-A,2026-08-31 08:55:00,343.7801,343.95,343.97,343.77,0.0,0.0,2474.0,850794.134,0.049421127051852094,343.7801
US.GOOGL,Alphabet-A,2026-08-31 09:00:00,343.95,344.16,344.24,343.95,0.0,0.0,4073.0,1401502.859,0.061055385957271814,343.95
US.GOOGL,Alphabet-A,2026-08-31 09:05:00,344.16,344.34,344.34,344.08,0.0,0.0,3284.0,1130382.952,0.05230125523011098,344.16
US.GOOGL,Alphabet-A,2026-08-31 09:10:00,344.34,344.52,344.52,344.2441,0.0,0.0,4292.0,1478131.819,0.05227391531625917,344.34
US.GOOGL,Alphabet-A,2026-08-31 09:15:00,344.52,344.51,344.6,344.47,0.0,0.0,1621.0,558778.519,-0.0029025891094830217,344.52
US.GOOGL,Alphabet-A,2026-08-31 09:20:00,344.51,344.5797,344.64,344.47,0.0,0.0,2147.0,739896.293,0.02023163333430427,344.51
US.GOOGL,Alphabet-A,2026-08-31 09:25:00,344.5797,344.4,344.58,344.3,0.0,0.0,3915.0,1348653.002,-0.052150489422338374,344.5797
US.GOOGL,Alphabet-A,2026-08-31 09:30:00,344.4,344.02,345.71,343.5,0.0,0.0,49583.0,17065906.7,-0.1103368176538895,344.4
US.GOOGL,Alphabet-A,2026-08-31 09:35:00,343.825,342.7398,344.59,341.2,0.0,0.0,948519.0,325351223.677,-0.3721295273530549,344.02
US.GOOGL,Alphabet-A,2026-08-31 09:40:00,342.66,341.72,343.0,341.16,0.0,0.0,388757.0,132994200.573,-0.29754350092985266,342.7398
US.GOOGL,Alphabet-A,2026-08-31 09:45:00,341.74,340.56,341.77,340.43,0.0,0.0,331813.0,113195357.727,-0.3394592063677938,341.72
US.GOOGL,Alphabet-A,2026-08-31 09:50:00,340.54,340.71,340.9199,340.18,0.0,0.0,338178.0,115157561.728,0.04404510218463039,340.56
US.GOOGL,Alphabet-A,2026-08-31 09:55:00,340.77,341.07,341.4599,340.71,0.0,0.0,241218.0,82282882.381,0.10566170643656295,340.71
US.GOOGL,Alphabet-A,2026-08-31 10:00:00,340.99,340.41,341.33,340.23,0.0,0.0,224330.0,76425856.587,-0.19350866391062485,341.07
US.GOOGL,Alphabet-A,2026-08-31 10:05:00,340.36,339.43,340.36,339.06,0.0,0.0,403991.0,137259896.308,-0.28788813489615994,340.41
US.GOOGL,Alphabet-A,2026-08-31 10:10:00,339.45,338.275,339.4909,338.22,0.0,0.0,339924.0,115212355.91,-0.3402763456382846,339.43
US.GOOGL,Alphabet-A,2026-08-31 10:15:00,338.27,337.485,338.57,337.26,0.0,0.0,526957.0,178123822.576,-0.23353780208409244,338.275
US.GOOGL,Alphabet-A,2026-08-31 10:20:00,337.51,338.39,338.42,337.475,0.0,0.0,352980.0,119274901.975,0.2681600663733122,337.485
US.GOOGL,Alphabet-A,2026-08-31 10:25:00,338.39,337.2,338.4499,337.18,0.0,0.0,255320.0,86262516.352,-0.3516652383344655,338.39
US.GOOGL,Alphabet-A,2026-08-31 10:30:00,337.185,337.525,337.645,337.156,0.0,0.0,222147.0,74957108.453,0.0963819691577665,337.2
US.GOOGL,Alphabet-A,2026-08-31 10:35:00,337.5,337.795,337.99,337.37,0.0,0.0,218097.0,73641881.591,0.0799940745130105,337.525
US.GOOGL,Alphabet-A,2026-08-31 10:40:00,337.78,338.265,338.3,337.7,0.0,0.0,204056.0,68979862.026,0.13913764265307965,337.795
US.GOOGL,Alphabet-A,2026-08-31 10:45:00,338.2401,338.09,338.37,337.99,0.0,0.0,146734.0,49624596.524,-0.051734586788468026,338.265
US.GOOGL,Alphabet-A,2026-08-31 10:50:00,338.09,337.55,338.14,337.475,0.0,0.0,199364.0,67358176.196,-0.15972078440650822,338.09
US.GOOGL,Alphabet-A,2026-08-31 10:55:00,337.57,337.585,337.7499,337.395,0.0,0.0,143163.0,48327752.419,0.010368834246768825,337.55
US.GOOGL,Alphabet-A,2026-08-31 11:00:00,337.582863,338.04,338.18,337.545,0.0,0.0,178301.0,60263502.414,0.13478087000312247,337.585
US.GOOGL,Alphabet-A,2026-08-31 11:05:00,338.03,338.3,338.36,337.68,0.0,0.0,243000.0,82143772.125,0.07691397467755026,338.04
US.GOOGL,Alphabet-A,2026-08-31 11:10:00,338.2977,338.38,338.87,338.25,0.0,0.0,196271.0,66446734.435,0.023647650014775076,338.3
US.GOOGL,Alphabet-A,2026-08-31 11:15:00,338.38,338.76,338.95,338.31,0.0,0.0,185263.0,62750977.066,0.11229978131095085,338.38
US.GOOGL,Alphabet-A,2026-08-31 11:20:00,338.75,338.75,339.05,338.62,0.0,0.0,153039.0,51850876.428,-0.002951942378082095,338.76
US.GOOGL,Alphabet-A,2026-08-31 11:25:00,338.7588,339.02,339.08,338.62,0.0,0.0,150410.0,50965796.341,0.07970479704796511,338.75
US.GOOGL,Alphabet-A,2026-08-31 11:30:00,339.02,338.64,339.08,338.5,0.0,0.0,164963.0,55888432.486,-0.11208778243171359,339.02
US.GOOGL,Alphabet-A,2026-08-31 11:35:00,338.65,338.12,338.65,337.93,0.0,0.0,225816.0,76356341.803,-0.15355539806283422,338.64
US.GOOGL,Alphabet-A,2026-08-31 11:40:00,338.13,338.52,338.52,338.13,0.0,0.0,114460.0,38731559.978,0.11830119484206118,338.12
US.GOOGL,Alphabet-A,2026-08-31 11:45:00,338.5,338.56,338.84,338.42,0.0,0.0,155347.0,52605769.896,0.011816140848404958,338.52
US.GOOGL,Alphabet-A,2026-08-31 11:50:00,338.55,338.4498,338.665,338.33,0.0,0.0,133665.0,45245944.618,-0.03254962192817234,338.56
US.GOOGL,Alphabet-A,2026-08-31 11:55:00,338.43,338.7699,338.85,338.43,0.0,0.0,158043.0,53524581.004,0.09457828014672337,338.4498
US.GOOGL,Alphabet-A,2026-08-31 12:00:00,338.73,338.14,338.7999,338.095,0.0,0.0,154269.0,52206987.228,-0.1859374165178254,338.7699
US.GOOGL,Alphabet-A,2026-08-31 12:05:00,338.16,337.94,338.17,337.91,0.0,0.0,126134.0,42638508.342,-0.059147098834798795,338.14
US.GOOGL,Alphabet-A,2026-08-31 12:10:00,337.9399,338.16,338.29,337.87,0.0,0.0,112348.0,37982315.905,0.06510031366515573,337.94
US.GOOGL,Alphabet-A,2026-08-31 12:15:00,338.14,338.57,338.66,338.1,0.0,0.0,280027.0,94424745.805,0.12124438135792766,338.16
US.GOOGL,Alphabet-A,2026-08-31 12:20:00,338.58,338.2,338.62,338.05,0.0,0.0,117567.0,39774078.126,-0.10928316153232848,338.57
US.GOOGL,Alphabet-A,2026-08-31 12:25:00,338.22,338.05,338.32,337.92,0.0,0.0,125636.0,42479865.191,-0.04435245416912397,338.2
US.GOOGL,Alphabet-A,2026-08-31 12:30:00,338.055,338.33,338.45,337.96,0.0,0.0,102630.0,34707971.218,0.08282798402602358,338.05
US.GOOGL,Alphabet-A,2026-08-31 12:35:00,338.32,338.01,338.36,337.875,0.0,0.0,138458.0,46806538.98,-0.09458221263263476,338.33
US.GOOGL,Alphabet-A,2026-08-31 12:40:00,338.0,337.99,338.27,337.87,0.0,0.0,252415.0,85343002.587,-0.005916984704589157,338.01
US.GOOGL,Alphabet-A,2026-08-31 12:45:00,337.99,337.995,338.23,337.89,0.0,0.0,109808.0,37119453.953,0.0014793337080965274,337.99
US.GOOGL,Alphabet-A,2026-08-31 12:50:00,337.96,338.21,338.259,337.89,0.0,0.0,80402.0,27183970.879,0.06361040843798724,337.995
US.GOOGL,Alphabet-A,2026-08-31 12:55:00,338.2,338.355,338.47,338.19,0.0,0.0,153819.0,52050690.976,0.04287277135508668,338.21
US.GOOGL,Alphabet-A,2026-08-31 13:00:00,338.35,338.42,338.635,338.32,0.0,0.0,125646.0,42531480.17,0.01921059242511496,338.355
US.GOOGL,Alphabet-A,2026-08-31 13:05:00,338.415,338.47,338.48,338.3,0.0,0.0,89343.0,30232257.322,0.014774540511793442,338.42
US.GOOGL,Alphabet-A,2026-08-31 13:10:00,338.46,338.23,338.63,338.13,0.0,0.0,104799.0,35463634.078,-0.07090731822613794,338.47
US.GOOGL,Alphabet-A,2026-08-31 13:15:00,338.23,338.755,338.795,338.21,0.0,0.0,100944.0,34168935.683,0.1552198208319715,338.23
US.GOOGL,Alphabet-A,2026-08-31 13:20:00,338.75,338.66,338.91,338.56,0.0,0.0,131277.0,44472105.881,-0.028043866511186684,338.755
US.GOOGL,Alphabet-A,2026-08-31 13:25:00,338.66,338.6217,338.67,338.41,0.0,0.0,110810.0,37512019.963,-0.011309277741702383,338.66
US.GOOGL,Alphabet-A,2026-08-31 13:30:00,338.635,338.37,338.66,338.32,0.0,0.0,95415.0,32290717.305,-0.07433073544901912,338.6217
US.GOOGL,Alphabet-A,2026-08-31 13:35:00,338.37,338.19,338.37,338.1805,0.0,0.0,71406.0,24156250.329,-0.05319620533735462,338.37
US.GOOGL,Alphabet-A,2026-08-31 13:40:00,338.19,338.305,338.44,338.17,0.0,0.0,137137.0,46389526.878,0.03400455365327452,338.19
US.GOOGL,Alphabet-A,2026-08-31 13:45:00,338.29,338.73,338.76,338.23,0.0,0.0,96948.0,32822889.986,0.12562628397452338,338.305
US.GOOGL,Alphabet-A,2026-08-31 13:50:00,338.73,338.53,338.81,338.53,0.0,0.0,110930.0,37569153.191,-0.05904407640304829,338.73
US.GOOGL,Alphabet-A,2026-08-31 13:55:00,338.53,338.63,338.91,338.52,0.0,0.0,113529.0,38454491.662,0.029539479514377676,338.53
US.GOOGL,Alphabet-A,2026-08-31 14:00:00,338.62,338.41,338.62,338.35,0.0,0.0,145985.0,49407132.926,-0.06496766382186174,338.63
US.GOOGL,Alphabet-A,2026-08-31 14:05:00,338.4,338.56,338.58,338.031,0.0,0.0,124352.0,42061715.142,0.04432493129634977,338.41
US.GOOGL,Alphabet-A,2026-08-31 14:10:00,338.56,338.465,338.725,338.4201,0.0,0.0,88380.0,29919494.324,-0.02806001890359974,338.56
US.GOOGL,Alphabet-A,2026-08-31 14:15:00,338.465,338.465,338.58,338.33,0.0,0.0,88887.0,30082802.833,0.0,338.465
US.GOOGL,Alphabet-A,2026-08-31 14:20:00,338.4799,338.6,338.75,338.47,0.0,0.0,83191.0,28170134.551,0.03988595571183069,338.465
US.GOOGL,Alphabet-A,2026-08-31 14:25:00,338.62,338.465,338.66,338.4,0.0,0.0,82051.0,27779590.794,-0.03987005316008498,338.6
US.GOOGL,Alphabet-A,2026-08-31 14:30:00,338.46,338.05,338.46,338.02,0.0,0.0,156922.0,53063748.364,-0.12261238237335134,338.465
US.GOOGL,Alphabet-A,2026-08-31 14:35:00,338.05,338.12,338.17,337.95,0.0,0.0,283661.0,95924354.701,0.020706996006505895,338.05
US.GOOGL,Alphabet-A,2026-08-31 14:40:00,338.1,337.91,338.22,337.79,0.0,0.0,148474.0,50183130.997,-0.062108127292079596,338.12
US.GOOGL,Alphabet-A,2026-08-31 14:45:00,337.88,337.935,337.98,337.74,0.0,0.0,684403.0,231291131.459,0.007398419697545873,337.91
US.GOOGL,Alphabet-A,2026-08-31 14:50:00,337.94,338.175,338.2595,337.94,0.0,0.0,102567.0,34674660.916,0.07101957477029876,337.935
US.GOOGL,Alphabet-A,2026-08-31 14:55:00,338.1748,338.225,338.42,338.025,0.0,0.0,91901.0,31084940.541,0.014785244326165852,338.175
US.GOOGL,Alphabet-A,2026-08-31 15:00:00,338.21,338.22,338.41,338.14,0.0,0.0,96492.0,32642265.804,-0.001478305861481396,338.225
US.GOOGL,Alphabet-A,2026-08-31 15:05:00,338.21,338.2102,338.3,338.1,0.0,0.0,144998.0,49038116.332,-0.002897522322760661,338.22
US.GOOGL,Alphabet-A,2026-08-31 15:10:00,338.2,338.835,338.88,338.2,0.0,0.0,157221.0,53231047.453,0.1847371841535215,338.2102
US.GOOGL,Alphabet-A,2026-08-31 15:15:00,338.82,338.8,338.96,338.66,0.0,0.0,122423.0,41476335.283,-0.010329511414100719,338.835
US.GOOGL,Alphabet-A,2026-08-31 15:20:00,338.8,338.47,338.82,338.41,0.0,0.0,124520.0,42163582.187,-0.0974025974025927,338.8
US.GOOGL,Alphabet-A,2026-08-31 15:25:00,338.4701,338.5,338.63,338.31,0.0,0.0,123164.0,41681735.984,0.008863414778258845,338.47
US.GOOGL,Alphabet-A,2026-08-31 15:30:00,338.51,338.6001,338.65,338.45,0.0,0.0,118577.0,40144128.812,0.029571639586409938,338.5
US.GOOGL,Alphabet-A,2026-08-31 15:35:00,338.6,338.75,338.77,338.335,0.0,0.0,156972.0,53141676.278,0.04427051261945947,338.6001
US.GOOGL,Alphabet-A,2026-08-31 15:40:00,338.74,338.685,338.86,338.6,0.0,0.0,1057169.0,357897137.61,-0.019188191881918146,338.75
US.GOOGL,Alphabet-A,2026-08-31 15:45:00,338.66,338.995,339.18,338.64,0.0,0.0,248715.0,84306845.174,0.09153047817293422,338.685
US.GOOGL,Alphabet-A,2026-08-31 15:50:00,338.995,338.895,339.13,338.785,0.0,0.0,317506.0,107614812.749,-0.02949896016166101,338.995
US.GOOGL,Alphabet-A,2026-08-31 15:55:00,338.91,340.0,341.42,338.9,0.0,0.0,1302468.0,443002649.637,0.3260596940055233,338.895
US.GOOGL,Alphabet-A,2026-08-31 16:00:00,339.94,339.35,340.12,339.17,0.0,0.0,8929788.0,3030572217.495,-0.1911764705882286,340.0
US.GOOGL,Alphabet-A,2026-08-31 16:05:00,339.35,339.5,339.99,339.0,0.0,0.0,4205007.0,1426980494.119,0.044202151171350304,339.35
US.GOOGL,Alphabet-A,2026-08-31 16:10:00,339.5,339.7,339.77,339.5,0.0,0.0,756806.0,256830474.372,0.058910162002942155,339.5
US.GOOGL,Alphabet-A,2026-08-31 16:15:00,339.7,339.69,339.74,339.49,0.0,0.0,717119.0,243357522.656,-0.0029437739181604077,339.7
US.GOOGL,Alphabet-A,2026-08-31 16:20:00,339.69,339.779,339.8,339.6414,0.0,0.0,103047.0,34951166.198,0.026200359150990206,339.69
US.GOOGL,Alphabet-A,2026-08-31 16:25:00,339.779,339.67,339.779,339.6,0.0,0.0,204922.0,69541097.995,-0.03207967531836295,339.779
US.GOOGL,Alphabet-A,2026-08-31 16:30:00,339.67,339.6,339.69,339.52,0.0,0.0,7577.0,2573070.841,-0.02060823740689292,339.67
US.GOOGL,Alphabet-A,2026-08-31 16:35:00,339.6,339.69,339.71,339.5,0.0,0.0,18084.0,6137983.849,0.026501766784444932,339.6
US.GOOGL,Alphabet-A,2026-08-31 16:40:00,339.69,339.84,340.0,339.63,0.0,0.0,2622.0,891231.918,0.04415790868143815,339.69
US.GOOGL,Alphabet-A,2026-08-31 16:45:00,339.84,339.852,339.9,339.79,0.0,0.0,30748.0,10435896.918,0.003531073446327818,339.84
US.GOOGL,Alphabet-A,2026-08-31 16:50:00,339.852,339.8,339.86,339.75,0.0,0.0,2824.0,959932.294,-0.015300777985700858,339.852
US.GOOGL,Alphabet-A,2026-08-31 16:55:00,339.8,339.7,339.83,339.7,0.0,0.0,1475815.0,500818198.962,-0.02942907592702258,339.8
US.GOOGL,Alphabet-A,2026-08-31 17:00:00,339.7,339.71,339.8,339.7,0.0,0.0,1576.0,535441.072,0.0029437739181604077,339.7
US.GOOGL,Alphabet-A,2026-08-31 17:05:00,339.71,340.0,340.0,339.7,0.0,0.0,95034.0,32253045.703,0.08536693061729725,339.71
US.GOOGL,Alphabet-A,2026-08-31 17:10:00,340.0,339.9209,340.0,339.7161,0.0,0.0,1970.0,669742.284,-0.02326470588234783,340.0
US.GOOGL,Alphabet-A,2026-08-31 17:15:00,339.9209,339.8452,339.95,339.84,0.0,0.0,974.0,330257.855,-0.022269886906053818,339.9209
US.GOOGL,Alphabet-A,2026-08-31 17:20:00,339.8452,339.88,339.9076,339.8037,0.0,0.0,11527.0,3913590.16,0.010239956309525153,339.8452
US.GOOGL,Alphabet-A,2026-08-31 17:25:00,339.88,339.87,339.88,339.8,0.0,0.0,1449.0,491256.757,-0.0029422148993735746,339.88
US.GOOGL,Alphabet-A,2026-08-31 17:30:00,339.87,339.9197,339.9197,339.8,0.0,0.0,1861.0,631923.796,0.014623238296987962,339.87
US.GOOGL,Alphabet-A,2026-08-31 17:35:00,339.9197,339.86,339.92,339.8,0.0,0.0,2042.0,694331.289,-0.0175629714900207,339.9197
US.GOOGL,Alphabet-A,2026-08-31 17:40:00,339.86,339.92,339.92,339.86,0.0,0.0,1280.0,435296.911,0.017654328252810648,339.86
US.GOOGL,Alphabet-A,2026-08-31 17:45:00,339.92,339.89,339.92,339.89,0.0,0.0,1072.0,364425.279,-0.008825606024955742,339.92
US.GOOGL,Alphabet-A,2026-08-31 17:50:00,339.89,340.1,340.1,339.8744,0.0,0.0,5569.0,1893165.579,0.061784695048408715,339.89
US.GOOGL,Alphabet-A,2026-08-31 17:55:00,340.1,340.035,340.2,340.0279,0.0,0.0,2422.0,823838.568,-0.01911202587474205,340.1
US.GOOGL,Alphabet-A,2026-08-31 18:00:00,340.035,340.04,340.19,340.035,0.0,0.0,1887.0,641895.611,0.0014704368667917869,340.035
US.GOOGL,Alphabet-A,2026-08-31 18:05:00,340.04,340.0,340.04,339.8828,0.0,0.0,1904.0,647389.21,-0.01176332196212812,340.04
US.GOOGL,Alphabet-A,2026-08-31 18:10:00,340.0,340.07,340.1,339.9,0.0,0.0,3833.0,1303268.751,0.020588235294115638,340.0
US.GOOGL,Alphabet-A,2026-08-31 18:15:00,340.07,340.07,340.15,340.027,0.0,0.0,2067.0,703074.11,0.0,340.07
US.GOOGL,Alphabet-A,2026-08-31 18:20:00,340.07,340.0,340.15,340.0,0.0,0.0,3697.0,1257297.985,-0.02058399741229546,340.07
US.GOOGL,Alphabet-A,2026-08-31 18:25:00,340.0,340.08,340.13,340.0,0.0,0.0,1282.0,436004.306,0.023529411764701202,340.0
US.GOOGL,Alphabet-A,2026-08-31 18:30:00,340.05,340.0475,340.08,340.017,0.0,0.0,1220.0,414883.904,-0.009556574923538709,340.08
US.GOOGL,Alphabet-A,2026-08-31 18:35:00,340.05,340.06,340.08,340.0475,0.0,0.0,3978.0,1352714.053,0.0036759570354108267,340.0475
US.GOOGL,Alphabet-A,2026-08-31 18:40:00,340.06,340.06,340.07,340.0,0.0,0.0,1749.0,595006.877,0.0,340.06
US.GOOGL,Alphabet-A,2026-08-31 18:45:00,340.06,340.13,340.13,340.0124,0.0,0.0,2194.0,746120.225,0.020584602717165553,340.06
US.GOOGL,Alphabet-A,2026-08-31 18:50:00,340.13,340.1,340.13,340.1,0.0,0.0,1570.0,533976.897,-0.008820156998786558,340.13
US.GOOGL,Alphabet-A,2026-08-31 18:55:00,340.1,339.95,340.1,339.95,0.0,0.0,3231.0,1098667.319,-0.04410467509557015,340.1
US.GOOGL,Alphabet-A,2026-08-31 19:00:00,339.95,339.9764,339.98,339.95,0.0,0.0,2787.0,947588.07,0.0077658479188185735,339.95
US.GOOGL,Alphabet-A,2026-08-31 19:05:00,339.9764,339.93,339.98,339.8176,0.0,0.0,3011.0,1023799.688,-0.013648006155723029,339.9764
US.GOOGL,Alphabet-A,2026-08-31 19:10:00,339.93,339.9601,339.9694,339.89,0.0,0.0,1847.0,627916.985,0.008854764216163461,339.93
US.GOOGL,Alphabet-A,2026-08-31 19:15:00,339.9601,339.9105,339.9601,339.9025,0.0,0.0,770.0,261810.669,-0.014589947467363988,339.9601
US.GOOGL,Alphabet-A,2026-08-31 19:20:00,339.9105,339.9,339.9105,339.85,0.0,0.0,2126.0,722832.427,-0.0030890484407030457,339.9105
US.GOOGL,Alphabet-A,2026-08-31 19:25:00,339.9,339.9,339.9,339.85,0.0,0.0,741.0,251965.866,0.0,339.9
US.GOOGL,Alphabet-A,2026-08-31 19:30:00,339.9,339.91,339.91,339.86,0.0,0.0,2004.0,681182.92,0.0029420417770072813,339.9
US.GOOGL,Alphabet-A,2026-08-31 19:35:00,339.91,339.95,339.95,339.87,0.0,0.0,1160.0,394552.813,0.011767820893755294,339.91
US.GOOGL,Alphabet-A,2026-08-31 19:40:00,339.95,339.94,339.97,339.9,0.0,0.0,1021.0,347200.898,-0.00294160906015323,339.95
US.GOOGL,Alphabet-A,2026-08-31 19:45:00,339.94,339.85,339.95,339.85,0.0,0.0,1740.0,591623.409,-0.026475260340052653,339.94
US.GOOGL,Alphabet-A,2026-08-31 19:50:00,339.85,339.75,339.89,339.75,0.0,0.0,1612.0,548022.354,-0.029424746211570613,339.85
US.GOOGL,Alphabet-A,2026-08-31 19:55:00,339.75,339.6,339.82,339.6,0.0,0.0,3243.0,1101823.37,-0.044150110375269246,339.75
US.GOOGL,Alphabet-A,2026-08-31 20:00:00,339.6,339.6,339.78,339.6,0.0,0.0,1870.0,635190.937,0.0,339.6
US.GOOGL,Alphabet-A,2026-09-01 04:05:00,339.35,339.03,339.8,338.88,0.0,0.0,60163.0,20412317.067,-0.1678445229682126,339.6
US.GOOGL,Alphabet-A,2026-09-01 04:10:00,339.03,338.0,339.09,338.0,0.0,0.0,9274.0,3142728.755,-0.3038079226027115,339.03
US.GOOGL,Alphabet-A,2026-09-01 04:15:00,338.0,338.17,338.25,338.0,0.0,0.0,2980.0,1007964.258,0.05029585798817039,338.0
US.GOOGL,Alphabet-A,2026-09-01 04:20:00,338.17,337.772,338.17,337.772,0.0,0.0,5843.0,1975151.301,-0.1176922849454489,338.17
US.GOOGL,Alphabet-A,2026-09-01 04:25:00,337.772,337.55,337.9,337.55,0.0,0.0,3980.0,1344247.622,-0.06572480845066495,337.772
US.GOOGL,Alphabet-A,2026-09-01 04:30:00,337.55,337.48,337.7,337.31,0.0,0.0,6208.0,2095050.88,-0.02073766849355449,337.55
US.GOOGL,Alphabet-A,2026-09-01 04:35:00,337.48,337.83,337.85,337.4451,0.0,0.0,2281.0,770640.624,0.10370984947255123,337.48
US.GOOGL,Alphabet-A,2026-09-01 04:40:00,337.83,337.57,337.91,337.5,0.0,0.0,1506.0,508785.588,-0.07696178551342123,337.83
US.GOOGL,Alphabet-A,2026-09-01 04:45:00,337.392,337.3,337.66,337.2,0.0,0.0,5926.0,1999376.232,-0.079983410848115,337.57
US.GOOGL,Alphabet-A,2026-09-01 04:50:00,337.3,337.33,337.33,337.18,0.0,0.0,2605.0,878897.096,0.008894159501918977,337.3
US.GOOGL,Alphabet-A,2026-09-01 04:55:00,337.33,337.3,337.41,337.19,0.0,0.0,2251.0,759188.941,-0.008893368511538468,337.33
US.GOOGL,Alphabet-A,2026-09-01 05:00:00,337.3,337.3,337.5,337.3,0.0,0.0,2992.0,1009791.318,0.0,337.3
US.GOOGL,Alphabet-A,2026-09-01 05:05:00,337.3,337.25,337.35,337.16,0.0,0.0,3633.0,1225522.719,-0.014823599169881818,337.3
US.GOOGL,Alphabet-A,2026-09-01 05:10:00,337.25,337.05,337.25,336.8903,0.0,0.0,7936.0,2674828.804,-0.05930318754632725,337.25
US.GOOGL,Alphabet-A,2026-09-01 05:15:00,337.05,336.96,337.1,336.9,0.0,0.0,3359.0,1132322.587,-0.026702269692933343,337.05
US.GOOGL,Alphabet-A,2026-09-01 05:20:00,336.96,336.85,337.03,336.8,0.0,0.0,4645.0,1565560.541,-0.03264482431147816,336.96
US.GOOGL,Alphabet-A,2026-09-01 05:25:00,336.85,336.7254,336.85,336.6,0.0,0.0,8569.0,2885640.923,-0.03698975805255857,336.85
US.GOOGL,Alphabet-A,2026-09-01 05:30:00,336.7254,336.8,336.82,336.64,0.0,0.0,3506.0,1180825.482,0.02215455085955268,336.7254
US.GOOGL,Alphabet-A,2026-09-01 05:35:00,336.8,336.75,336.82,336.64,0.0,0.0,1595.0,537425.776,-0.014845605700715964,336.8
US.GOOGL,Alphabet-A,2026-09-01 05:40:00,336.75,336.3795,336.75,336.3795,0.0,0.0,8723.0,2935496.719,-0.11002227171491988,336.75
US.GOOGL,Alphabet-A,2026-09-01 05:45:00,336.3795,336.7,336.7,336.35,0.0,0.0,2416.0,813300.132,0.09527929020644282,336.3795
US.GOOGL,Alphabet-A,2026-09-01 05:50:00,336.7,336.92,336.93,336.7,0.0,0.0,2082.0,701470.04,0.06534006534007344,336.7
US.GOOGL,Alphabet-A,2026-09-01 05:55:00,336.92,336.77,336.98,336.77,0.0,0.0,1931.0,650575.692,-0.04452095452927523,336.92
US.GOOGL,Alphabet-A,2026-09-01 06:00:00,336.77,336.5517,336.77,336.5293,0.0,0.0,826.0,278129.594,-0.06482168839267134,336.77
US.GOOGL,Alphabet-A,2026-09-01 06:05:00,336.5517,336.37,336.72,336.34,0.0,0.0,4880.0,1642155.637,-0.05398873338033294,336.5517
US.GOOGL,Alphabet-A,2026-09-01 06:10:00,336.37,336.55,336.55,336.37,0.0,0.0,1061.0,357106.197,0.053512501114845804,336.37
US.GOOGL,Alphabet-A,2026-09-01 06:15:00,336.59,336.85,336.8621,336.59,0.0,0.0,1069.0,360008.051,0.08913980092111466,336.55
US.GOOGL,Alphabet-A,2026-09-01 06:20:00,336.85,336.86,336.87,336.8,0.0,0.0,2345.0,790077.311,0.00296868042154992,336.85
US.GOOGL,Alphabet-A,2026-09-01 06:25:00,336.86,337.35,337.35,336.86,0.0,0.0,3557.0,1199472.504,0.1454610223831886,336.86
US.GOOGL,Alphabet-A,2026-09-01 06:30:00,337.35,337.32,337.4006,337.15,0.0,0.0,1120.0,377917.694,-0.00889284126279222,337.35
US.GOOGL,Alphabet-A,2026-09-01 06:35:00,337.32,337.46,337.5,337.2,0.0,0.0,4828.0,1628731.327,0.041503616743740764,337.32
US.GOOGL,Alphabet-A,2026-09-01 06:40:00,337.3856,337.52,337.68,337.3856,0.0,0.0,2136.0,721125.883,0.01777988502341086,337.46
US.GOOGL,Alphabet-A,2026-09-01 06:45:00,337.5,337.52,337.59,337.36,0.0,0.0,6175.0,2084222.235,0.0,337.52
US.GOOGL,Alphabet-A,2026-09-01 06:50:00,337.52,337.5775,337.5775,337.47,0.0,0.0,963.0,325125.362,0.01703602749466833,337.52
US.GOOGL,Alphabet-A,2026-09-01 06:55:00,337.5775,337.3,337.5775,337.2,0.0,0.0,1567.0,528574.006,-0.08220334589834187,337.5775
US.GOOGL,Alphabet-A,2026-09-01 07:00:00,337.3,337.27,337.35,337.23,0.0,0.0,2064.0,696258.826,-0.00889415950193583,337.3
US.GOOGL,Alphabet-A,2026-09-01 07:05:00,337.27,337.0,337.28,336.83,0.0,0.0,9026.0,3042269.403,-0.08005455569721048,337.27
US.GOOGL,Alphabet-A,2026-09-01 07:10:00,337.0,336.9,337.23,336.8,0.0,0.0,5046.0,1700377.898,-0.029673590504457788,337.0
US.GOOGL,Alphabet-A,2026-09-01 07:15:00,336.9,337.25,337.25,336.8084,0.0,0.0,3314.0,1117240.649,0.10388839418225668,336.9
US.GOOGL,Alphabet-A,2026-09-01 07:20:00,337.25,337.36,337.38,337.25,0.0,0.0,2320.0,782618.606,0.032616753150485886,337.25
US.GOOGL,Alphabet-A,2026-09-01 07:25:00,337.38,337.23,337.4713,337.1,0.0,0.0,4079.0,1377413.199,-0.03853450320132661,337.36
US.GOOGL,Alphabet-A,2026-09-01 07:30:00,337.23,337.28,337.3,337.1,0.0,0.0,1785.0,601993.365,0.01482667615572592,337.23
US.GOOGL,Alphabet-A,2026-09-01 07:35:00,337.28,337.13,337.4028,337.13,0.0,0.0,3062.0,1032930.639,-0.04447343453509763,337.28
US.GOOGL,Alphabet-A,2026-09-01 07:40:00,337.13,337.19,337.32,337.08,0.0,0.0,8116.0,2736903.81,0.017797288879661338,337.13
US.GOOGL,Alphabet-A,2026-09-01 07:45:00,337.19,337.37,337.3815,337.19,0.0,0.0,4592.0,1548844.127,0.05338236602509173,337.19
US.GOOGL,Alphabet-A,2026-09-01 07:50:00,337.37,336.95,337.37,336.86,0.0,0.0,6963.0,2346470.541,-0.12449239707146928,337.37
US.GOOGL,Alphabet-A,2026-09-01 07:55:00,336.95,336.67,336.95,336.62,0.0,0.0,6963.0,2344904.089,-0.08309838254933158,336.95
US.GOOGL,Alphabet-A,2026-09-01 08:00:00,336.67,336.41,336.67,336.31,0.0,0.0,14505.0,4880862.255,-0.07722695814892652,336.67
US.GOOGL,Alphabet-A,2026-09-01 08:05:00,336.42,336.7,336.7,336.35,0.0,0.0,3790.0,1275286.915,0.08620433399719497,336.41
US.GOOGL,Alphabet-A,2026-09-01 08:10:00,336.7,336.5,336.7493,336.3999,0.0,0.0,6378.0,2145984.578,-0.05940005940005602,336.7
US.GOOGL,Alphabet-A,2026-09-01 08:15:00,336.5,336.25,336.5,336.05,0.0,0.0,10839.0,3644653.543,-0.07429420505200594,336.5
US.GOOGL,Alphabet-A,2026-09-01 08:20:00,336.25,336.37,336.6,336.25,0.0,0.0,6930.0,2332820.924,0.03568773234200879,336.25
US.GOOGL,Alphabet-A,2026-09-01 08:25:00,336.37,336.15,336.37,336.09,0.0,0.0,6277.0,2110508.2,-0.06540416802926162,336.37
US.GOOGL,Alphabet-A,2026-09-01 08:30:00,336.15,336.24,336.37,336.11,0.0,0.0,3376.0,1135345.243,0.02677376171353022,336.15
US.GOOGL,Alphabet-A,2026-09-01 08:35:00,336.24,336.0,336.24,335.83,0.0,0.0,16115.0,5414857.38,-0.07137758743754731,336.24
US.GOOGL,Alphabet-A,2026-09-01 08:40:00,336.0,336.04,336.04,335.8,0.0,0.0,7860.0,2640774.164,0.011904761904767995,336.0
US.GOOGL,Alphabet-A,2026-09-01 08:45:00,336.04,335.83,336.04,335.65,0.0,0.0,15289.0,5134480.451,-0.06249256040948588,336.04
US.GOOGL,Alphabet-A,2026-09-01 08:50:00,335.9,335.87,335.9899,335.83,0.0,0.0,6650.0,2233780.31,0.011910788196414992,335.83
US.GOOGL,Alphabet-A,2026-09-01 08:55:00,335.87,335.81,335.91,335.77,0.0,0.0,7183.0,2412363.217,-0.01786405454491389,335.87
US.GOOGL,Alphabet-A,2026-09-01 09:00:00,335.81,335.77,335.92,335.77,0.0,0.0,4733.0,1589818.618,-0.011911497573038462,335.81
US.GOOGL,Alphabet-A,2026-09-01 09:05:00,335.77,335.39,335.77,335.31,0.0,0.0,12601.0,4227931.621,-0.11317270750811433,335.77
US.GOOGL,Alphabet-A,2026-09-01 09:10:00,335.39,335.33,335.53,335.16,0.0,0.0,16881.0,5661099.406,-0.01788962103819502,335.39
US.GOOGL,Alphabet-A,2026-09-01 09:15:00,335.33,335.1003,335.33,335.04,0.0,0.0,16521.0,5537438.457,-0.06849968687560905,335.33
US.GOOGL,Alphabet-A,2026-09-01 09:20:00,335.1003,335.11,335.36,335.03,0.0,0.0,8831.0,2960048.522,0.0028946557194993163,335.1003
US.GOOGL,Alphabet-A,2026-09-01 09:25:00,335.11,335.16,335.2,335.02,0.0,0.0,17653.0,5915626.59,0.014920473874253638,335.11
US.GOOGL,Alphabet-A,2026-09-01 09:30:00,335.16,335.59,336.23,335.02,0.0,0.0,36917.0,12391654.168,0.12829693280819607,335.16
US.GOOGL,Alphabet-A,2026-09-01 09:35:00,336.0,334.35,336.1,333.05,0.0,0.0,1462706.0,489288680.105,-0.3694984951875659,335.59
US.GOOGL,Alphabet-A,2026-09-01 09:40:00,334.4,334.77,335.54,334.4,0.0,0.0,586977.0,196694489.645,0.12561686855090745,334.35
US.GOOGL,Alphabet-A,2026-09-01 09:45:00,334.82,335.9,336.3,334.51,0.0,0.0,480917.0,161282605.126,0.33754518027302194,334.77
US.GOOGL,Alphabet-A,2026-09-01 09:50:00,335.91,336.765,336.93,335.83,0.0,0.0,407392.0,136995546.697,0.2575171181899402,335.9
US.GOOGL,Alphabet-A,2026-09-01 09:55:00,336.755,336.68,337.09,336.57,0.0,0.0,399129.0,134420416.649,-0.025240152628681584,336.765
US.GOOGL,Alphabet-A,2026-09-01 10:00:00,336.65,336.318,336.79,336.12,0.0,0.0,318401.0,107125657.523,-0.10752049423785885,336.68
US.GOOGL,Alphabet-A,2026-09-01 10:05:00,336.39,335.94,336.45,335.5501,0.0,0.0,294849.0,99076985.941,-0.11239362745972144,336.318
US.GOOGL,Alphabet-A,2026-09-01 10:10:00,335.94,336.31,336.35,335.825,0.0,0.0,241988.0,81330855.759,0.1101387152467716,335.94
US.GOOGL,Alphabet-A,2026-09-01 10:15:00,336.28,336.53,336.875,336.26,0.0,0.0,290752.0,97831634.297,0.06541583657933764,336.31
US.GOOGL,Alphabet-A,2026-09-01 10:20:00,336.53,336.77,337.0,336.485,0.0,0.0,164836.0,55515818.832,0.07131607880426978,336.53
US.GOOGL,Alphabet-A,2026-09-01 10:25:00,336.795,336.63,337.2,336.525,0.0,0.0,217321.0,73211126.377,-0.04157139887756818,336.77
US.GOOGL,Alphabet-A,2026-09-01 10:30:00,336.69,336.66,336.94,336.3411,0.0,0.0,143630.0,48345812.529,0.008911861687915384,336.63
US.GOOGL,Alphabet-A,2026-09-01 10:35:00,336.6545,336.85,337.0,336.54,0.0,0.0,155095.0,52229917.298,0.056436761123981966,336.66
US.GOOGL,Alphabet-A,2026-09-01 10:40:00,336.88,336.665,336.88,336.46,0.0,0.0,176137.0,59296701.859,-0.054920587798724135,336.85
US.GOOGL,Alphabet-A,2026-09-01 10:45:00,336.665,336.395,337.125,336.305,0.0,0.0,190179.0,64047412.789,-0.08019841682385713,336.665
US.GOOGL,Alphabet-A,2026-09-01 10:50:00,336.41,336.3801,336.59,336.22,0.0,0.0,147336.0,49563171.748,-0.004429316725859367,336.395
US.GOOGL,Alphabet-A,2026-09-01 10:55:00,336.39,336.031591,336.72,335.92,0.0,0.0,192903.0,64909576.95,-0.1036057127041806,336.3801
US.GOOGL,Alphabet-A,2026-09-01 11:00:00,336.05,336.38,336.435,335.79,0.0,0.0,169612.0,57001532.483,0.10368340636163692,336.031591
US.GOOGL,Alphabet-A,2026-09-01 11:05:00,336.385,335.67,336.78,335.67,0.0,0.0,164519.0,55300033.94,-0.2110708127712645,336.38
US.GOOGL,Alphabet-A,2026-09-01 11:10:00,335.68,336.13,336.19,335.625,0.0,0.0,134468.0,45162034.681,0.13703935412755966,335.67
US.GOOGL,Alphabet-A,2026-09-01 11:15:00,336.143,336.19,336.575,336.12,0.0,0.0,158753.0,53391646.263,0.01785023651563451,336.13
US.GOOGL,Alphabet-A,2026-09-01 11:20:00,336.19,336.4,336.64,336.04,0.0,0.0,166297.0,55934809.747,0.062464677712002,336.19
US.GOOGL,Alphabet-A,2026-09-01 11:25:00,336.39,336.19,336.46,335.94,0.0,0.0,116142.0,39046702.898,-0.06242568370986312,336.4
US.GOOGL,Alphabet-A,2026-09-01 11:30:00,336.17,336.27,336.29,335.9004,0.0,0.0,140974.0,47383670.893,0.023796067699807872,336.19
US.GOOGL,Alphabet-A,2026-09-01 11:35:00,336.25,335.89,336.27,335.81,0.0,0.0,144214.0,48456632.404,-0.11300443096321275,336.27
US.GOOGL,Alphabet-A,2026-09-01 11:40:00,335.89,336.29,336.34,335.867,0.0,0.0,117797.0,39598682.772,0.11908660573403022,335.89
US.GOOGL,Alphabet-A,2026-09-01 11:45:00,336.305,335.87,336.47,335.82,0.0,0.0,109889.0,36942697.262,-0.12489220613161732,336.29
US.GOOGL,Alphabet-A,2026-09-01 11:50:00,335.855,336.17,336.26,335.83,0.0,0.0,228583.0,76527976.431,0.08932027272456944,335.87
US.GOOGL,Alphabet-A,2026-09-01 11:55:00,336.16,336.255,336.29,335.75,0.0,0.0,265820.0,89342022.843,0.025284826129630705,336.17
US.GOOGL,Alphabet-A,2026-09-01 12:00:00,336.27,336.2,336.46,336.0,0.0,0.0,133247.0,44798057.476,-0.016356634102097166,336.255
US.GOOGL,Alphabet-A,2026-09-01 12:05:00,336.23,336.394912,336.4546,336.1,0.0,0.0,95086.0,31970926.946,0.057975014872096366,336.2
US.GOOGL,Alphabet-A,2026-09-01 12:10:00,336.39,336.03,336.54,336.0,0.0,0.0,95849.0,32234252.444,-0.10847726495934752,336.394912
US.GOOGL,Alphabet-A,2026-09-01 12:15:00,336.06,335.68,336.16,335.57,0.0,0.0,134269.0,45101694.939,-0.10415736690175459,336.03
US.GOOGL,Alphabet-A,2026-09-01 12:20:00,335.64,335.1357,335.67,335.12,0.0,0.0,158382.0,53131707.428,-0.16214847473785185,335.68
US.GOOGL,Alphabet-A,2026-09-01 12:25:00,335.17,335.645,335.75,335.11,0.0,0.0,136336.0,45732163.531,0.15196829224699013,335.1357
US.GOOGL,Alphabet-A,2026-09-01 12:30:00,335.63,335.37,335.63,335.15,0.0,0.0,101227.0,33948598.326,-0.08193180294655879,335.645
US.GOOGL,Alphabet-A,2026-09-01 12:35:00,335.39,335.52,335.66,335.28,0.0,0.0,98140.0,32921318.919,0.04472671974236732,335.37
US.GOOGL,Alphabet-A,2026-09-01 12:40:00,335.515,335.61,335.73,335.35,0.0,0.0,85991.0,28854205.65,0.026824034334773435,335.52
US.GOOGL,Alphabet-A,2026-09-01 12:45:00,335.61,335.36,335.66,335.26,0.0,0.0,228147.0,76520985.095,-0.0744912249337028,335.61
US.GOOGL,Alphabet-A,2026-09-01 12:50:00,335.32,335.39,335.44,335.27,0.0,0.0,65576.0,21990396.873,0.008945610687014764,335.36
US.GOOGL,Alphabet-A,2026-09-01 12:55:00,335.38,335.56,335.57,335.21,0.0,0.0,106472.0,35708909.387,0.05068725960822205,335.39
US.GOOGL,Alphabet-A,2026-09-01 13:00:00,335.6,335.325,335.71,335.3,0.0,0.0,145961.0,48972405.775,-0.0700321850041762,335.56
US.GOOGL,Alphabet-A,2026-09-01 13:05:00,335.29,335.36,335.49,335.1002,0.0,0.0,104803.0,35134841.275,0.010437635130105125,335.325
US.GOOGL,Alphabet-A,2026-09-01 13:10:00,335.33,335.435,335.55,335.3,0.0,0.0,88334.0,29630631.216,0.02236402671755386,335.36
US.GOOGL,Alphabet-A,2026-09-01 13:15:00,335.47,335.53,335.655,335.4218,0.0,0.0,65592.0,22008965.29,0.028321433362639693,335.435
US.GOOGL,Alphabet-A,2026-09-01 13:20:00,335.53,335.375,335.6099,335.21,0.0,0.0,57299.0,19217052.346,-0.04619557118587689,335.53
US.GOOGL,Alphabet-A,2026-09-01 13:25:00,335.39,335.43,335.53,335.23,0.0,0.0,74171.0,24875759.958,0.016399552739472776,335.375
US.GOOGL,Alphabet-A,2026-09-01 13:30:00,335.45,335.21,335.46,334.9,0.0,0.0,162904.0,54588900.757,-0.06558745490863288,335.43
US.GOOGL,Alphabet-A,2026-09-01 13:35:00,335.25,335.25,335.36,335.11,0.0,0.0,70299.0,23567510.12,0.011932818233352366,335.21
US.GOOGL,Alphabet-A,2026-09-01 13:40:00,335.26,335.445,335.63,335.26,0.0,0.0,73333.0,24602917.321,0.05816554809843197,335.25
US.GOOGL,Alphabet-A,2026-09-01 13:45:00,335.43,335.3,335.54,335.24,0.0,0.0,61379.0,20583188.01,-0.04322616226206437,335.445
US.GOOGL,Alphabet-A,2026-09-01 13:50:00,335.28,334.82,335.29,334.81,0.0,0.0,83163.0,27862993.997,-0.14315538323889598,335.3
US.GOOGL,Alphabet-A,2026-09-01 13:55:00,334.845,334.75,334.96,334.51,0.0,0.0,151882.0,50845716.225,-0.020906755868823006,334.82
US.GOOGL,Alphabet-A,2026-09-01 14:00:00,334.73,335.07,335.17,334.6,0.0,0.0,121934.0,40831221.75,0.09559372666168578,334.75
US.GOOGL,Alphabet-A,2026-09-01 14:05:00,335.065,334.91,335.13,334.65,0.0,0.0,146819.0,49176613.672,-0.04775121616377717,335.07
US.GOOGL,Alphabet-A,2026-09-01 14:10:00,334.87,334.5,334.94,334.37,0.0,0.0,139487.0,46676965.168,-0.12242094891165536,334.91
US.GOOGL,Alphabet-A,2026-09-01 14:15:00,334.51,334.52,334.72,334.39,0.0,0.0,141928.0,47479962.161,0.0059790732436417965,334.5
US.GOOGL,Alphabet-A,2026-09-01 14:20:00,334.525,334.69,334.8,334.41,0.0,0.0,109660.0,36692664.156,0.05081908406074852,334.52
US.GOOGL,Alphabet-A,2026-09-01 14:25:00,334.705,334.74,334.81,334.56,0.0,0.0,85081.0,28476224.955,0.014939197466315505,334.69
US.GOOGL,Alphabet-A,2026-09-01 14:30:00,334.72,334.255,334.72,334.2,0.0,0.0,106205.0,35519140.11,-0.14488857023361823,334.74
US.GOOGL,Alphabet-A,2026-09-01 14:35:00,334.24,333.93,334.35,333.85,0.0,0.0,237788.0,79428261.645,-0.09723115585406011,334.255
US.GOOGL,Alphabet-A,2026-09-01 14:40:00,333.91,333.86,334.11,333.78,0.0,0.0,118667.0,39625507.303,-0.020962477165871046,333.93
US.GOOGL,Alphabet-A,2026-09-01 14:45:00,333.86,333.5398,334.0,333.51,0.0,0.0,161067.0,53773369.523,-0.09590846462589103,333.86
US.GOOGL,Alphabet-A,2026-09-01 14:50:00,333.53,333.73,333.8,333.48,0.0,0.0,124061.0,41389962.107,0.057024678913882056,333.5398
US.GOOGL,Alphabet-A,2026-09-01 14:55:00,333.715,333.8767,333.93,333.64,0.0,0.0,113377.0,37844163.131,0.043957690348488246,333.73
US.GOOGL,Alphabet-A,2026-09-01 15:00:00,333.87,334.145,334.2861,333.84,0.0,0.0,137302.0,45873529.537,0.08035900678302911,333.8767
US.GOOGL,Alphabet-A,2026-09-01 15:05:00,334.12,334.635,334.7,334.05,0.0,0.0,114583.0,38308669.442,0.14664292447889662,334.145
US.GOOGL,Alphabet-A,2026-09-01 15:10:00,334.65,334.59,334.67,334.46,0.0,0.0,183031.0,61638790.713,-0.013447487561078764,334.635
US.GOOGL,Alphabet-A,2026-09-01 15:15:00,334.55,334.625,334.67,334.46,0.0,0.0,128730.0,43069003.337,0.010460563674952931,334.59
US.GOOGL,Alphabet-A,2026-09-01 15:20:00,334.64,334.645,334.73,334.55,0.0,0.0,117173.0,39211153.276,0.005976839745978875,334.625
US.GOOGL,Alphabet-A,2026-09-01 15:25:00,334.64,334.5199,334.7,334.5,0.0,0.0,95317.0,31893532.599,-0.037382898295200855,334.645
US.GOOGL,Alphabet-A,2026-09-01 15:30:00,334.519923,334.4224,334.56,334.31,0.0,0.0,131870.0,44102345.017,-0.029146248100643642,334.5199
US.GOOGL,Alphabet-A,2026-09-01 15:35:00,334.425,334.21,334.47,334.03,0.0,0.0,162586.0,54339676.119,-0.06351249198618346,334.4224
US.GOOGL,Alphabet-A,2026-09-01 15:40:00,334.21,334.095,334.215,333.93,0.0,0.0,150059.0,50131250.872,-0.03440950300707706,334.21
US.GOOGL,Alphabet-A,2026-09-01 15:45:00,334.09,334.275,334.35,334.025,0.0,0.0,179751.0,60069647.379,0.053876891303356815,334.095
US.GOOGL,Alphabet-A,2026-09-01 15:50:00,334.29,334.205,334.34,334.17,0.0,0.0,180324.0,60272054.007,-0.020940842121006113,334.275
US.GOOGL,Alphabet-A,2026-09-01 15:55:00,334.2,334.82,335.0,334.05,0.0,0.0,382018.0,127772100.296,0.18401879086189887,334.205
US.GOOGL,Alphabet-A,2026-09-01 16:00:00,334.82,335.02,335.12,334.47,0.0,0.0,5247831.0,1757892174.147,0.059733588196639584,334.82
US.GOOGL,Alphabet-A,2026-09-01 16:05:00,335.05,335.08,335.3592,334.93,0.0,0.0,1309660.0,438764379.53,0.017909378544565185,335.02
US.GOOGL,Alphabet-A,2026-09-01 16:10:00,335.08,335.0,335.2266,335.0,0.0,0.0,40036.0,13415955.812,-0.02387489554732723,335.08
US.GOOGL,Alphabet-A,2026-09-01 16:15:00,335.0,335.0434,335.1,335.0,0.0,0.0,6263.0,2098566.906,0.012955223880602877,335.0
US.GOOGL,Alphabet-A,2026-09-01 16:20:00,335.0434,335.1447,335.35,335.0434,0.0,0.0,3747.0,1256170.751,0.03023488897258702,335.0434
US.GOOGL,Alphabet-A,2026-09-01 16:25:00,335.1447,335.14,335.29,335.14,0.0,0.0,1959.0,656906.381,-0.0014023793304843895,335.1447
US.GOOGL,Alphabet-A,2026-09-01 16:30:00,335.14,335.43,335.43,335.14,0.0,0.0,4185.0,1403239.724,0.08653100196933236,335.14
US.GOOGL,Alphabet-A,2026-09-01 16:35:00,335.43,335.35,335.64,335.29,0.0,0.0,4350.0,1459446.885,-0.02384998360313153,335.43
US.GOOGL,Alphabet-A,2026-09-01 16:40:00,335.35,335.2787,335.5,335.21,0.0,0.0,2013.0,674982.704,-0.021261368719250905,335.35
US.GOOGL,Alphabet-A,2026-09-01 16:45:00,335.2787,335.3,335.48,335.1696,0.0,0.0,2740.0,918704.307,0.006352923701981827,335.2787
US.GOOGL,Alphabet-A,2026-09-01 16:50:00,335.3,335.02,335.3,335.0,0.0,0.0,2332.0,781757.537,-0.08350730688936163,335.3
US.GOOGL,Alphabet-A,2026-09-01 16:55:00,335.02,335.12,335.2338,335.01,0.0,0.0,1262.0,422856.84,0.02984896424094763,335.02
US.GOOGL,Alphabet-A,2026-09-01 17:00:00,335.12,335.1,335.25,335.1,0.0,0.0,1160.0,387091.091,-0.005968011458576572,335.12
US.GOOGL,Alphabet-A,2026-09-01 17:05:00,335.1,335.1,335.12,335.1,0.0,0.0,298919.0,100143189.35,0.0,335.1
US.GOOGL,Alphabet-A,2026-09-01 17:10:00,335.1,338.3,339.19,335.1,0.0,0.0,1629807.0,546366457.026,0.9549388242315693,335.1
US.GOOGL,Alphabet-A,2026-09-01 17:15:00,338.3,338.29,339.5,338.1001,0.0,0.0,98795.0,33407314.756,-0.002955956251844784,338.3
US.GOOGL,Alphabet-A,2026-09-01 17:20:00,338.23,337.94,338.3,337.77,0.0,0.0,16134.0,5450015.42,-0.10346152709214661,338.29
US.GOOGL,Alphabet-A,2026-09-01 17:25:00,337.94,338.05,338.07,337.65,0.0,0.0,12798.0,4321533.233,0.032550156832577865,337.94
US.GOOGL,Alphabet-A,2026-09-01 17:30:00,338.12,338.0,338.56,337.75,0.0,0.0,22462.0,7593366.15,-0.014790711433223303,338.05
US.GOOGL,Alphabet-A,2026-09-01 17:35:00,338.0,337.68,338.19,337.65,0.0,0.0,10500.0,3548857.452,-0.09467455621301574,338.0
US.GOOGL,Alphabet-A,2026-09-01 17:40:00,337.68,337.5094,337.76,337.45,0.0,0.0,4586.0,1548470.881,-0.050521203506271914,337.68
US.GOOGL,Alphabet-A,2026-09-01 17:45:00,337.6,337.51,337.65,337.45,0.0,0.0,128162.0,42948360.818,0.0001777728264644109,337.5094
US.GOOGL,Alphabet-A,2026-09-01 17:50:00,337.51,337.3594,337.62,337.0,0.0,0.0,4189.0,1413099.335,-0.04462090012147705,337.51
US.GOOGL,Alphabet-A,2026-09-01 17:55:00,337.3594,337.0627,337.3594,336.82,0.0,0.0,11716.0,3936377.479,-0.08794774949208088,337.3594
US.GOOGL,Alphabet-A,2026-09-01 18:00:00,337.0627,337.02,337.22,337.02,0.0,0.0,4851.0,1635808.444,-0.01266826617125681,337.0627
US.GOOGL,Alphabet-A,2026-09-01 18:05:00,337.02,336.94,337.02,336.7515,0.0,0.0,3891.0,1310624.5,-0.023737463652004062,337.02
US.GOOGL,Alphabet-A,2026-09-01 18:10:00,336.96,337.01,337.01,336.96,0.0,0.0,7293.0,2448585.225,0.020775212203951204,336.94
US.GOOGL,Alphabet-A,2026-09-01 18:15:00,337.01,336.96,337.05,336.94,0.0,0.0,7042.0,2373225.365,-0.014836355004305916,337.01
US.GOOGL,Alphabet-A,2026-09-01 18:20:00,336.96,336.96,336.9984,336.95,0.0,0.0,3760.0,1267193.192,0.0,336.96
US.GOOGL,Alphabet-A,2026-09-01 18:25:00,336.96,336.968,337.0,336.96,0.0,0.0,1824.0,614851.532,0.0023741690408470443,336.96
US.GOOGL,Alphabet-A,2026-09-01 18:30:00,336.968,337.0308,337.15,336.962,0.0,0.0,3902.0,1315225.515,0.018636784501786977,336.968
US.GOOGL,Alphabet-A,2026-09-01 18:35:00,337.0308,337.1,337.1,337.0308,0.0,0.0,404.0,136227.656,0.020532248091279334,337.0308
US.GOOGL,Alphabet-A,2026-09-01 18:40:00,337.1,337.5,337.8,337.0201,0.0,0.0,14962.0,5049270.716,0.11865915158705939,337.1
US.GOOGL,Alphabet-A,2026-09-01 18:45:00,337.5,337.267,337.51,337.25,0.0,0.0,2420.0,816365.312,-0.06903703703703826,337.5
US.GOOGL,Alphabet-A,2026-09-01 18:50:00,337.267,337.4356,337.4356,337.26,0.0,0.0,2448.0,825854.332,0.04999006721678263,337.267
US.GOOGL,Alphabet-A,2026-09-01 18:55:00,337.4356,337.284,337.4356,337.284,0.0,0.0,681.0,229748.264,-0.044927091273128966,337.4356
US.GOOGL,Alphabet-A,2026-09-01 19:00:00,337.284,337.25,337.3,337.25,0.0,0.0,3095.0,1043979.392,-0.010080525610462346,337.284
US.GOOGL,Alphabet-A,2026-09-01 19:05:00,337.25,337.2,337.26,337.2,0.0,0.0,1465.0,494185.388,-0.014825796886586024,337.25
US.GOOGL,Alphabet-A,2026-09-01 19:10:00,337.2,337.0031,337.21,337.0031,0.0,0.0,929.0,313181.257,-0.0583926453143449,337.2
US.GOOGL,Alphabet-A,2026-09-01 19:15:00,337.0031,337.0592,337.0592,336.96,0.0,0.0,2582.0,870121.863,0.01664673114281681,337.0031
US.GOOGL,Alphabet-A,2026-09-01 19:20:00,337.0592,337.08,337.16,337.0592,0.0,0.0,1416.0,477356.014,0.006171022775823466,337.0592
US.GOOGL,Alphabet-A,2026-09-01 19:25:00,337.08,337.1099,337.11,336.96,0.0,0.0,3392.0,1143119.994,0.008870297852141277,337.08
US.GOOGL,Alphabet-A,2026-09-01 19:30:00,337.1099,337.14,337.14,337.0,0.0,0.0,2296.0,774273.866,0.008928838933536054,337.1099
US.GOOGL,Alphabet-A,2026-09-01 19:35:00,337.14,337.16,337.19,337.114,0.0,0.0,1414.0,476865.601,0.005932253663178102,337.14
US.GOOGL,Alphabet-A,2026-09-01 19:40:00,337.2,337.2,337.29,337.07,0.0,0.0,1489.0,502040.647,0.011863803535402662,337.16
US.GOOGL,Alphabet-A,2026-09-01 19:45:00,337.2,337.19,337.2,337.0,0.0,0.0,1802.0,607636.618,-0.0029655990510056066,337.2
US.GOOGL,Alphabet-A,2026-09-01 19:50:00,337.19,337.2,337.25,337.06,0.0,0.0,1342.0,452713.268,0.0029656870013911756,337.19
US.GOOGL,Alphabet-A,2026-09-01 19:55:00,337.2,336.97,337.2,336.96,0.0,0.0,2965.0,999578.683,-0.06820877817317952,337.2
US.GOOGL,Alphabet-A,2026-09-01 20:00:00,336.96,337.01,337.2,336.96,0.0,0.0,3486.0,1175119.818,0.011870492922207798,336.97
US.GOOGL,Alphabet-A,2026-09-02 04:05:00,335.02,338.02,338.57,335.02,0.0,0.0,46473.0,15665862.443,0.29969437108690866,337.01
US.GOOGL,Alphabet-A,2026-09-02 04:10:00,338.02,337.87,338.69,337.87,0.0,0.0,5031.0,1702644.913,-0.04437607242174347,338.02
US.GOOGL,Alphabet-A,2026-09-02 04:15:00,337.87,337.76,338.0,337.76,0.0,0.0,953.0,321972.731,-0.032556900583068524,337.87
US.GOOGL,Alphabet-A,2026-09-02 04:20:00,337.76,337.73,337.9,337.73,0.0,0.0,619.0,209411.86,-0.008882046423487895,337.76
US.GOOGL,Alphabet-A,2026-09-02 04:25:00,337.73,337.31,337.73,337.28,0.0,0.0,16604.0,5604632.75,-0.12435969561484497,337.73
US.GOOGL,Alphabet-A,2026-09-02 04:30:00,337.31,337.89,337.89,337.31,0.0,0.0,1851.0,625116.787,0.17194865257477812,337.31
US.GOOGL,Alphabet-A,2026-09-02 04:35:00,337.89,337.48,337.91,337.48,0.0,0.0,1322.0,446672.99,-0.12134126490868867,337.89
US.GOOGL,Alphabet-A,2026-09-02 04:40:00,337.48,337.48,337.48,337.17,0.0,0.0,979.0,330430.779,0.0,337.48
US.GOOGL,Alphabet-A,2026-09-02 04:45:00,337.48,337.21,337.49,337.21,0.0,0.0,834.0,281575.582,-0.08000474102170162,337.48
US.GOOGL,Alphabet-A,2026-09-02 04:50:00,337.21,337.22,337.33,337.21,0.0,0.0,3230.0,1089662.635,0.0029655111058532516,337.21
US.GOOGL,Alphabet-A,2026-09-02 04:55:00,337.22,336.4,337.22,336.38,0.0,0.0,3789.0,1275816.426,-0.24316469960264808,337.22
US.GOOGL,Alphabet-A,2026-09-02 05:00:00,336.4,336.48,336.58,336.36,0.0,0.0,1786.0,600907.976,0.023781212841867103,336.4
US.GOOGL,Alphabet-A,2026-09-02 05:05:00,336.48,336.81,336.81,336.4692,0.0,0.0,1270.0,427844.611,0.09807417974321923,336.48
US.GOOGL,Alphabet-A,2026-09-02 05:10:00,336.81,336.68,336.9577,336.68,0.0,0.0,272.0,91607.694,-0.03859742881743281,336.81
US.GOOGL,Alphabet-A,2026-09-02 05:15:00,336.61,336.74,336.99,336.61,0.0,0.0,1290.0,434389.672,0.017821076393014813,336.68
US.GOOGL,Alphabet-A,2026-09-02 05:20:00,336.74,336.5,336.74,336.2,0.0,0.0,3660.0,1231502.937,-0.07127160420502734,336.74
US.GOOGL,Alphabet-A,2026-09-02 05:25:00,336.5,336.3,336.56,336.27,0.0,0.0,4860.0,1635588.618,-0.05943536404160138,336.5
US.GOOGL,Alphabet-A,2026-09-02 05:30:00,336.3,336.56,336.5602,336.23,0.0,0.0,1434.0,482461.885,0.07731192387748763,336.3
US.GOOGL,Alphabet-A,2026-09-02 05:35:00,336.56,336.3099,336.56,336.3,0.0,0.0,1044.0,351157.192,-0.07431067268836906,336.56
US.GOOGL,Alphabet-A,2026-09-02 05:40:00,336.3099,336.19,336.36,336.12,0.0,0.0,2055.0,691035.508,-0.035651641536579695,336.3099
US.GOOGL,Alphabet-A,2026-09-02 05:45:00,336.19,335.92,336.19,335.92,0.0,0.0,1440.0,484159.459,-0.08031172848686213,336.19
US.GOOGL,Alphabet-A,2026-09-02 05:50:00,335.99,336.1,336.11,335.88,0.0,0.0,1846.0,620295.864,0.05358418671112372,335.92
US.GOOGL,Alphabet-A,2026-09-02 05:55:00,336.1,336.0167,336.1,336.0167,0.0,0.0,269.0,90615.713,-0.024784290389767438,336.1
US.GOOGL,Alphabet-A,2026-09-02 06:00:00,336.0167,336.29,336.55,336.0167,0.0,0.0,6286.0,2114852.922,0.08133524315904718,336.0167
US.GOOGL,Alphabet-A,2026-09-02 06:05:00,336.29,336.25,336.53,336.25,0.0,0.0,782.0,263075.693,-0.011894495822064428,336.29
US.GOOGL,Alphabet-A,2026-09-02 06:10:00,336.25,336.27,336.48,336.25,0.0,0.0,2278.0,766076.191,0.005947955390329163,336.25
US.GOOGL,Alphabet-A,2026-09-02 06:15:00,336.27,336.49,336.5,336.2,0.0,0.0,1286.0,432636.934,0.06542361792607942,336.27
US.GOOGL,Alphabet-A,2026-09-02 06:20:00,336.49,336.33,336.64,336.33,0.0,0.0,1055.0,355030.19,-0.04754970430028381,336.49
US.GOOGL,Alphabet-A,2026-09-02 06:25:00,336.33,336.3093,336.5,336.3,0.0,0.0,1166.0,392222.233,-0.006154669520999205,336.33
US.GOOGL,Alphabet-A,2026-09-02 06:30:00,336.3093,336.43,336.5,336.3003,0.0,0.0,1754.0,590172.069,0.03588958140616372,336.3093
US.GOOGL,Alphabet-A,2026-09-02 06:35:00,336.43,335.59,336.45,335.26,0.0,0.0,13709.0,4603901.646,-0.24968046844812647,336.43
US.GOOGL,Alphabet-A,2026-09-02 06:40:00,335.59,334.64,335.65,334.63,0.0,0.0,19856.0,6656086.852,-0.2830835245388684,335.59
US.GOOGL,Alphabet-A,2026-09-02 06:45:00,334.64,334.7,334.79,334.15,0.0,0.0,8250.0,2759408.065,0.017929715515181174,334.64
US.GOOGL,Alphabet-A,2026-09-02 06:50:00,334.7,334.5,334.7,334.0,0.0,0.0,9671.0,3232787.695,-0.05975500448162194,334.7
US.GOOGL,Alphabet-A,2026-09-02 06:55:00,334.5,334.715,334.79,334.4356,0.0,0.0,2624.0,878034.935,0.0642750373692003,334.5
US.GOOGL,Alphabet-A,2026-09-02 07:00:00,334.715,334.69,334.7996,334.5421,0.0,0.0,5949.0,1991546.707,-0.007469040825770361,334.715
US.GOOGL,Alphabet-A,2026-09-02 07:05:00,334.69,333.9,334.73,333.7,0.0,0.0,10975.0,3667092.315,-0.23603931996773747,334.69
US.GOOGL,Alphabet-A,2026-09-02 07:10:00,333.9,334.5,334.5,333.9,0.0,0.0,8997.0,3007098.048,0.17969451931716765,333.9
US.GOOGL,Alphabet-A,2026-09-02 07:15:00,334.5,335.12,335.17,334.48,0.0,0.0,12709.0,4254613.896,0.18535127055306563,334.5
US.GOOGL,Alphabet-A,2026-09-02 07:20:00,335.12,334.6,335.12,334.6,0.0,0.0,4200.0,1406207.023,-0.15516829792312659,335.12
US.GOOGL,Alphabet-A,2026-09-02 07:25:00,334.6,334.81,335.0,334.41,0.0,0.0,5778.0,1934232.385,0.06276150627614452,334.6
US.GOOGL,Alphabet-A,2026-09-02 07:30:00,334.81,335.2,335.21,334.81,0.0,0.0,11735.0,3932906.176,0.11648397598637626,334.81
US.GOOGL,Alphabet-A,2026-09-02 07:35:00,335.2,335.34,335.36,335.1,0.0,0.0,7672.0,2572284.596,0.0417661097851988,335.2
US.GOOGL,Alphabet-A,2026-09-02 07:40:00,335.34,335.61,335.66,335.34,0.0,0.0,12632.0,4238678.841,0.08051529790661378,335.34
US.GOOGL,Alphabet-A,2026-09-02 07:45:00,335.61,335.31,335.73,335.2,0.0,0.0,5817.0,1951786.634,-0.08938946992044676,335.61
US.GOOGL,Alphabet-A,2026-09-02 07:50:00,335.31,335.41,335.59,335.31,0.0,0.0,1644.0,551651.658,0.029823148728049486,335.31
US.GOOGL,Alphabet-A,2026-09-02 07:55:00,335.41,335.51,335.67,335.4,0.0,0.0,5356.0,1797242.041,0.029814257177772245,335.41
US.GOOGL,Alphabet-A,2026-09-02 08:00:00,335.51,336.26,336.26,335.41,0.0,0.0,18921.0,6355219.922,0.22354028195880898,335.51
US.GOOGL,Alphabet-A,2026-09-02 08:05:00,336.26,336.54,336.81,336.26,0.0,0.0,12897.0,4340528.887,0.08326889906620756,336.26
US.GOOGL,Alphabet-A,2026-09-02 08:10:00,336.54,336.07,336.54,336.0559,0.0,0.0,7000.0,2354578.588,-0.13965650442741645,336.54
US.GOOGL,Alphabet-A,2026-09-02 08:15:00,336.07,336.19,336.19,335.9,0.0,0.0,13769.0,4627606.223,0.03570684678787293,336.07
US.GOOGL,Alphabet-A,2026-09-02 08:20:00,336.19,336.3,336.67,336.02,0.0,0.0,9360.0,3148281.726,0.032719593087246396,336.19
US.GOOGL,Alphabet-A,2026-09-02 08:25:00,336.3,336.2477,336.6,336.2477,0.0,0.0,6525.0,2195105.451,-0.015551590841511287,336.3
US.GOOGL,Alphabet-A,2026-09-02 08:30:00,336.22,334.76,336.22,334.6,0.0,0.0,50572.0,16954630.933,-0.44244168807697953,336.2477
US.GOOGL,Alphabet-A,2026-09-02 08:35:00,334.76,335.2,335.5,334.7233,0.0,0.0,36563.0,12253682.248,0.1314374477237417,334.76
US.GOOGL,Alphabet-A,2026-09-02 08:40:00,335.2,335.25,335.3654,335.14,0.0,0.0,8151.0,2732551.278,0.014916467780432987,335.2
US.GOOGL,Alphabet-A,2026-09-02 08:45:00,335.25,335.0052,335.29,334.87,0.0,0.0,19484.0,6527790.481,-0.0730201342281873,335.25
US.GOOGL,Alphabet-A,2026-09-02 08:50:00,335.0052,334.78,335.27,334.78,0.0,0.0,11437.0,3831703.884,-0.06722283713805915,335.0052
US.GOOGL,Alphabet-A,2026-09-02 08:55:00,334.78,335.1,335.1,334.61,0.0,0.0,14037.0,4698943.563,0.09558516040386225,334.78
US.GOOGL,Alphabet-A,2026-09-02 09:00:00,335.1,334.71,335.1,334.63,0.0,0.0,4854.0,1624688.705,-0.1163831692032358,335.1
US.GOOGL,Alphabet-A,2026-09-02 09:05:00,334.71,334.73,335.01,334.65,0.0,0.0,10115.0,3386453.834,0.005975321920480014,334.71
US.GOOGL,Alphabet-A,2026-09-02 09:10:00,334.73,334.83,334.89,334.73,0.0,0.0,4682.0,1567792.236,0.029874824485395957,334.73
US.GOOGL,Alphabet-A,2026-09-02 09:15:00,334.83,334.4299,334.83,334.09,0.0,0.0,31962.0,10687832.254,-0.11949347430039393,334.83
US.GOOGL,Alphabet-A,2026-09-02 09:20:00,334.4299,334.1423,334.6,333.89,0.0,0.0,24361.0,8145656.232,-0.08599709535540861,334.4299
US.GOOGL,Alphabet-A,2026-09-02 09:25:00,334.04,333.98,334.1573,333.8,0.0,0.0,15349.0,5126086.872,-0.04857212032118031,334.1423
US.GOOGL,Alphabet-A,2026-09-02 09:30:00,333.9,333.82,334.7,333.44,0.0,0.0,58567.0,19559917.649,-0.047907060303019645,333.98
US.GOOGL,Alphabet-A,2026-09-02 09:35:00,334.06,334.73,334.76,332.82,0.0,0.0,861224.0,287539061.738,0.272602001078433,333.82
US.GOOGL,Alphabet-A,2026-09-02 09:40:00,334.73,335.11,335.65,334.49,0.0,0.0,405736.0,135935439.55,0.11352433304454199,334.73
US.GOOGL,Alphabet-A,2026-09-02 09:45:00,335.095,334.6,335.2,334.42,0.0,0.0,299769.0,100366238.36,-0.1521888335173498,335.11
US.GOOGL,Alphabet-A,2026-09-02 09:50:00,334.5803,335.0,335.07,334.01,0.0,0.0,347920.0,116408064.363,0.1195457262402801,334.6
US.GOOGL,Alphabet-A,2026-09-02 09:55:00,335.07,336.23,336.37,335.02,0.0,0.0,378298.0,126976437.023,0.36716417910448307,335.0
US.GOOGL,Alphabet-A,2026-09-02 10:00:00,336.25,336.5,336.96,336.02,0.0,0.0,362281.0,121914728.172,0.08030217410700467,336.23
US.GOOGL,Alphabet-A,2026-09-02 10:05:00,336.5,337.01,337.1,335.98,0.0,0.0,390721.0,131564330.986,0.15156017830608942,336.5
US.GOOGL,Alphabet-A,2026-09-02 10:10:00,337.005,337.4,337.81,336.94,0.0,0.0,544668.0,183635449.958,0.1157235690335558,337.01
US.GOOGL,Alphabet-A,2026-09-02 10:15:00,337.4,339.38,339.83,337.14,0.0,0.0,729243.0,246829019.199,0.5868405453467749,337.4
US.GOOGL,Alphabet-A,2026-09-02 10:20:00,339.34,339.15,340.0,338.279,0.0,0.0,567959.0,192577746.919,-0.06777064057988631,339.38
US.GOOGL,Alphabet-A,2026-09-02 10:25:00,339.06,339.135,339.4398,338.46,0.0,0.0,346130.0,117340193.773,-0.004422821760279038,339.15
US.GOOGL,Alphabet-A,2026-09-02 10:30:00,339.14,338.625,339.29,338.52,0.0,0.0,285720.0,96810252.266,-0.15038259100357995,339.135
US.GOOGL,Alphabet-A,2026-09-02 10:35:00,338.6,338.39,338.62,338.27,0.0,0.0,211737.0,71655633.323,-0.06939830195644552,338.625
US.GOOGL,Alphabet-A,2026-09-02 10:40:00,338.39,337.655,338.6671,337.4,0.0,0.0,231527.0,78261548.405,-0.21720500014776253,338.39
US.GOOGL,Alphabet-A,2026-09-02 10:45:00,337.68,337.74,337.95,337.46,0.0,0.0,146662.0,49531460.847,0.02517362396530079,337.655
US.GOOGL,Alphabet-A,2026-09-02 10:50:00,337.73,337.12,337.83,336.97,0.0,0.0,180773.0,60981282.691,-0.18357316278794475,337.74
US.GOOGL,Alphabet-A,2026-09-02 10:55:00,337.15,336.5201,337.26,336.51,0.0,0.0,224948.0,75753334.006,-0.17794850498338602,337.12
US.GOOGL,Alphabet-A,2026-09-02 11:00:00,336.55,336.865,337.2693,336.54,0.0,0.0,180763.0,60906812.446,0.10249016329187931,336.5201
US.GOOGL,Alphabet-A,2026-09-02 11:05:00,336.9,336.13,336.9,336.0,0.0,0.0,183092.0,61567568.413,-0.21818829501432732,336.865
US.GOOGL,Alphabet-A,2026-09-02 11:10:00,336.106,335.865,336.73,335.8,0.0,0.0,295431.0,99336307.402,-0.07883854461071203,336.13
US.GOOGL,Alphabet-A,2026-09-02 11:15:00,335.85,336.47,336.52,335.801,0.0,0.0,157572.0,52978719.338,0.18013189823292639,335.865
US.GOOGL,Alphabet-A,2026-09-02 11:20:00,336.5,337.32,337.46,336.2,0.0,0.0,234553.0,79011782.874,0.2526228192706529,336.47
US.GOOGL,Alphabet-A,2026-09-02 11:25:00,337.345,336.95,337.43,336.87,0.0,0.0,203404.0,68573008.462,-0.10968812996561264,337.32
US.GOOGL,Alphabet-A,2026-09-02 11:30:00,336.945,337.495,337.62,336.7901,0.0,0.0,194628.0,65644010.265,0.16174506603354086,336.95
US.GOOGL,Alphabet-A,2026-09-02 11:35:00,337.4925,337.3733,337.64,337.22,0.0,0.0,122028.0,41172003.31,-0.03605979347843155,337.495
US.GOOGL,Alphabet-A,2026-09-02 11:40:00,337.385,337.015,337.4,336.92,0.0,0.0,140094.0,47236792.4,-0.10620283229288911,337.3733
US.GOOGL,Alphabet-A,2026-09-02 11:45:00,337.0,336.79,337.2,336.54,0.0,0.0,259120.0,87310796.728,-0.06676260700561279,337.015
US.GOOGL,Alphabet-A,2026-09-02 11:50:00,336.78,336.66,336.935,336.29,0.0,0.0,144954.0,48786582.052,-0.03859972089432449,336.79
US.GOOGL,Alphabet-A,2026-09-02 11:55:00,336.665,337.49,337.65,336.665,0.0,0.0,178714.0,60270241.991,0.24653953543634055,336.66
US.GOOGL,Alphabet-A,2026-09-02 12:00:00,337.505,338.45,338.59,337.505,0.0,0.0,224212.0,75797477.983,0.2844528726777029,337.49
US.GOOGL,Alphabet-A,2026-09-02 12:05:00,338.5,338.89,339.18,338.33,0.0,0.0,310031.0,105057210.727,0.13000443196927103,338.45
US.GOOGL,Alphabet-A,2026-09-02 12:10:00,338.89,338.29,338.95,338.0,0.0,0.0,161386.0,54605060.674,-0.17704859984064622,338.89
US.GOOGL,Alphabet-A,2026-09-02 12:15:00,338.29,338.59,338.64,338.25,0.0,0.0,133813.0,45287073.962,0.08868130893610646,338.29
US.GOOGL,Alphabet-A,2026-09-02 12:20:00,338.59,338.46,338.66,338.15,0.0,0.0,198646.0,67221096.569,-0.038394518444134634,338.59
US.GOOGL,Alphabet-A,2026-09-02 12:25:00,338.465,337.41,338.48,337.41,0.0,0.0,134140.0,45346400.498,-0.31022868285763594,338.46
US.GOOGL,Alphabet-A,2026-09-02 12:30:00,337.435,337.72,337.76,337.43,0.0,0.0,122010.0,41187649.808,0.0918763522124425,337.41
US.GOOGL,Alphabet-A,2026-09-02 12:35:00,337.74,337.9866,338.09,337.645,0.0,0.0,143260.0,48402419.183,0.07894113466776698,337.72
US.GOOGL,Alphabet-A,2026-09-02 12:40:00,337.925,337.97,338.12,337.78,0.0,0.0,90066.0,30438439.798,-0.004911437317332293,337.9866
US.GOOGL,Alphabet-A,2026-09-02 12:45:00,337.9301,337.67,337.9964,337.6,0.0,0.0,67976.0,22964506.366,-0.08876527502441381,337.97
US.GOOGL,Alphabet-A,2026-09-02 12:50:00,337.72,337.785,337.88,337.685,0.0,0.0,74421.0,25138253.228,0.03405691947759916,337.67
US.GOOGL,Alphabet-A,2026-09-02 12:55:00,337.785,338.585,338.615,337.76,0.0,0.0,137186.0,46397662.648,0.2368370413132479,337.785
US.GOOGL,Alphabet-A,2026-09-02 13:00:00,338.59,338.0,338.6099,338.0,0.0,0.0,81501.0,27571667.42,-0.17277788443078684,338.585
US.GOOGL,Alphabet-A,2026-09-02 13:05:00,338.01,338.47,338.63,338.01,0.0,0.0,155536.0,52625647.911,0.1390532544378779,338.0
US.GOOGL,Alphabet-A,2026-09-02 13:10:00,338.47,338.22,338.85,338.16,0.0,0.0,136327.0,46146387.967,-0.07386178981889088,338.47
US.GOOGL,Alphabet-A,2026-09-02 13:15:00,338.21,338.315,338.42,338.11,0.0,0.0,102290.0,34601011.059,0.028088226598063516,338.22
US.GOOGL,Alphabet-A,2026-09-02 13:20:00,338.32,338.345,338.55,338.3,0.0,0.0,108773.0,36809660.458,0.008867475577503083,338.315
US.GOOGL,Alphabet-A,2026-09-02 13:25:00,338.36,338.36,338.4,338.06,0.0,0.0,74613.0,25236924.854,0.004433344662987885,338.345
US.GOOGL,Alphabet-A,2026-09-02 13:30:00,338.3401,338.25773,338.43,338.15,0.0,0.0,76481.0,25872954.815,-0.03022520392482348,338.36
US.GOOGL,Alphabet-A,2026-09-02 13:35:00,338.26,337.61,338.34,337.6,0.0,0.0,102953.0,34796530.726,-0.19149008065535333,338.25773
US.GOOGL,Alphabet-A,2026-09-02 13:40:00,337.62,337.66,337.748,337.5401,0.0,0.0,71659.0,24195523.055,0.014809987855813327,337.61
US.GOOGL,Alphabet-A,2026-09-02 13:45:00,337.63,337.64,337.69,337.46,0.0,0.0,212876.0,71870912.336,-0.005923117929289418,337.66
US.GOOGL,Alphabet-A,2026-09-02 13:50:00,337.64,337.5,337.75,337.3623,0.0,0.0,151938.0,51296302.076,-0.04146428148323254,337.64
US.GOOGL,Alphabet-A,2026-09-02 13:55:00,337.5,337.77,337.985,337.3,0.0,0.0,151002.0,50990201.272,0.07999999999999462,337.5
US.GOOGL,Alphabet-A,2026-09-02 14:00:00,337.765,337.99,338.13,337.58,0.0,0.0,93296.0,31523507.428,0.06513307872221549,337.77
US.GOOGL,Alphabet-A,2026-09-02 14:05:00,338.015,337.82,338.015,337.5,0.0,0.0,80411.0,27155822.608,-0.050297346075332386,337.99
US.GOOGL,Alphabet-A,2026-09-02 14:10:00,337.81,337.85,337.96,337.68,0.0,0.0,76534.0,25855105.775,0.008880468888766077,337.82
US.GOOGL,Alphabet-A,2026-09-02 14:15:00,337.83,337.9,337.9899,337.73,0.0,0.0,95915.0,32404769.884,0.014799467219166649,337.85
US.GOOGL,Alphabet-A,2026-09-02 14:20:00,337.87,338.21,338.41,337.6899,0.0,0.0,121748.0,41154482.931,0.09174311926605572,337.9
US.GOOGL,Alphabet-A,2026-09-02 14:25:00,338.19,337.995,338.3,337.97,0.0,0.0,101299.0,34254064.981,-0.06356997131958694,338.21
US.GOOGL,Alphabet-A,2026-09-02 14:30:00,337.98,337.885,338.03,337.41,0.0,0.0,102270.0,34541242.24,-0.032544860131071066,337.995
US.GOOGL,Alphabet-A,2026-09-02 14:35:00,337.885,337.565,338.02,337.47,0.0,0.0,113722.0,38418211.802,-0.09470677893365885,337.885
US.GOOGL,Alphabet-A,2026-09-02 14:40:00,337.555,337.36,337.67,337.3116,0.0,0.0,103991.0,35098354.005,-0.060729044776556836,337.565
US.GOOGL,Alphabet-A,2026-09-02 14:45:00,337.36,337.42,337.47,337.26,0.0,0.0,93288.0,31471952.494,0.0177851553236905,337.36
US.GOOGL,Alphabet-A,2026-09-02 14:50:00,337.42,337.3494,337.59,337.28,0.0,0.0,90381.0,30492026.397,-0.02092347815778943,337.42
US.GOOGL,Alphabet-A,2026-09-02 14:55:00,337.34,337.335,337.41,337.06,0.0,0.0,94216.0,31776891.775,-0.004268571398088535,337.3494
US.GOOGL,Alphabet-A,2026-09-02 15:00:00,337.33,337.47,337.5,337.27,0.0,0.0,84405.0,28477751.61,0.04001956512073984,337.335
US.GOOGL,Alphabet-A,2026-09-02 15:05:00,337.49,337.9,338.085,337.28,0.0,0.0,115116.0,38877495.009,0.12741873351703853,337.47
US.GOOGL,Alphabet-A,2026-09-02 15:10:00,337.9092,338.045,338.06,337.6393,0.0,0.0,116026.0,39192758.736,0.04291210417284364,337.9
US.GOOGL,Alphabet-A,2026-09-02 15:15:00,338.05,337.985,338.11,337.92,0.0,0.0,111306.0,37622780.828,-0.017749116241921128,338.045
US.GOOGL,Alphabet-A,2026-09-02 15:20:00,338.0,337.995,338.15,337.86,0.0,0.0,111875.0,37815705.836,0.0029587111854049455,337.985
US.GOOGL,Alphabet-A,2026-09-02 15:25:00,338.0,337.74,338.04,337.68,0.0,0.0,161060.0,54402296.838,-0.07544490303110858,337.995
US.GOOGL,Alphabet-A,2026-09-02 15:30:00,337.73,337.81,337.86,337.615,0.0,0.0,122722.0,41450382.727,0.02072600225024965,337.74
US.GOOGL,Alphabet-A,2026-09-02 15:35:00,337.81,337.45,337.84,337.4,0.0,0.0,147313.0,49737065.123,-0.1065687812675805,337.81
US.GOOGL,Alphabet-A,2026-09-02 15:40:00,337.455,337.38,337.54,337.34,0.0,0.0,175128.0,59096706.771,-0.02074381389835329,337.45
US.GOOGL,Alphabet-A,2026-09-02 15:45:00,337.37,337.295,337.47,336.99,0.0,0.0,279981.0,94450989.877,-0.02519414310272676,337.38
US.GOOGL,Alphabet-A,2026-09-02 15:50:00,337.3,337.53,337.59,337.01,0.0,0.0,242503.0,81800635.533,0.06967194888745958,337.295
US.GOOGL,Alphabet-A,2026-09-02 15:55:00,337.52,337.59,337.79,337.41,0.0,0.0,290939.0,98210097.105,0.017776197671318782,337.53
US.GOOGL,Alphabet-A,2026-09-02 16:00:00,337.62,337.12,337.62,336.995,0.0,0.0,3785106.0,1276050818.503,-0.13922213335702197,337.59
US.GOOGL,Alphabet-A,2026-09-02 16:05:00,337.17,337.33,337.45,337.12,0.0,0.0,1253011.0,422421422.148,0.06229235880398064,337.12
US.GOOGL,Alphabet-A,2026-09-02 16:10:00,337.33,337.4277,337.54,337.12,0.0,0.0,40886.0,13787642.457,0.028962736785946006,337.33
US.GOOGL,Alphabet-A,2026-09-02 16:15:00,337.4277,337.27,337.4892,337.2,0.0,0.0,23569.0,7947946.792,-0.04673593780238964,337.4277
US.GOOGL,Alphabet-A,2026-09-02 16:20:00,337.27,337.3192,337.39,337.0,0.0,0.0,7847.0,2646374.05,0.014587719038171689,337.27
US.GOOGL,Alphabet-A,2026-09-02 16:25:00,337.3192,337.19,337.34,337.0811,0.0,0.0,7086.0,2389288.429,-0.03830200000475091,337.3192
US.GOOGL,Alphabet-A,2026-09-02 16:30:00,337.19,337.0232,337.19,337.0,0.0,0.0,2632.0,887583.342,-0.04946765918325673,337.19
US.GOOGL,Alphabet-A,2026-09-02 16:35:00,337.0,337.39,337.39,337.0,0.0,0.0,3840.0,1294874.531,0.10883523745546658,337.0232
US.GOOGL,Alphabet-A,2026-09-02 16:40:00,337.39,337.35,337.39,337.3,0.0,0.0,895.0,301968.646,-0.011855715937035367,337.39
US.GOOGL,Alphabet-A,2026-09-02 16:45:00,337.35,337.15,337.35,337.1,0.0,0.0,3279.0,1105682.656,-0.05928560841856987,337.35
US.GOOGL,Alphabet-A,2026-09-02 16:50:00,337.15,337.16,337.29,337.11,0.0,0.0,1703.0,574466.117,0.002966038855123165,337.15
US.GOOGL,Alphabet-A,2026-09-02 16:55:00,337.38,337.43,337.56,337.31,0.0,0.0,5992.0,2022423.869,0.08008067386403542,337.16
US.GOOGL,Alphabet-A,2026-09-02 17:00:00,337.43,337.36,337.5,337.3,0.0,0.0,1485174.0,500683670.574,-0.02074504341641027,337.43
US.GOOGL,Alphabet-A,2026-09-02 17:05:00,337.36,337.38,337.4,337.1992,0.0,0.0,929.0,313358.032,0.005928385107891216,337.36
US.GOOGL,Alphabet-A,2026-09-02 17:10:00,337.38,337.5,337.75,337.3,0.0,0.0,2668.0,899339.693,0.03556820202738886,337.38
US.GOOGL,Alphabet-A,2026-09-02 17:15:00,337.5,337.5012,337.6,337.407,0.0,0.0,2393.0,803187.415,0.0003555555555505163,337.5
US.GOOGL,Alphabet-A,2026-09-02 17:20:00,337.5012,337.5,337.7806,337.5,0.0,0.0,5602.0,1889443.761,-0.00035555429135748036,337.5012
US.GOOGL,Alphabet-A,2026-09-02 17:25:00,337.5,337.74,337.87,337.5,0.0,0.0,15676.0,5293483.87,0.0711111111111138,337.5
US.GOOGL,Alphabet-A,2026-09-02 17:30:00,337.74,337.8222,337.85,337.64,0.0,0.0,3575.0,1207460.563,0.024338248356724188,337.74
US.GOOGL,Alphabet-A,2026-09-02 17:35:00,337.8222,337.708,337.8222,337.7,0.0,0.0,1468.0,495828.516,-0.03380476475494581,337.8222
US.GOOGL,Alphabet-A,2026-09-02 17:40:00,337.7074,337.352,337.74,335.0,0.0,0.0,15373.0,5179376.064,-0.10541651367455061,337.708
US.GOOGL,Alphabet-A,2026-09-02 17:45:00,337.352,337.49,337.6027,337.3,0.0,0.0,38926.0,13123206.711,0.040906827290199455,337.352
US.GOOGL,Alphabet-A,2026-09-02 17:50:00,337.49,337.17,337.49,336.99,0.0,0.0,15830.0,5335967.177,-0.09481762422590097,337.49
US.GOOGL,Alphabet-A,2026-09-02 17:55:00,337.17,337.2639,337.4,337.06,0.0,0.0,1916.0,646316.784,0.027849452798280494,337.17
US.GOOGL,Alphabet-A,2026-09-02 18:00:00,337.2639,337.5854,337.5854,337.2639,0.0,0.0,7864.0,2653967.419,0.09532594505371449,337.2639
US.GOOGL,Alphabet-A,2026-09-02 18:05:00,337.56,337.48,337.562,337.2855,0.0,0.0,6047.0,2040583.516,-0.031221729375729708,337.5854
US.GOOGL,Alphabet-A,2026-09-02 18:10:00,337.48,337.49,337.57,337.27,0.0,0.0,2520.0,850505.743,0.0029631385563562004,337.48
US.GOOGL,Alphabet-A,2026-09-02 18:15:00,337.49,337.7644,337.8,337.49,0.0,0.0,4329.0,1461940.936,0.08130611277371602,337.49
US.GOOGL,Alphabet-A,2026-09-02 18:20:00,337.7644,337.61,337.8,337.5908,0.0,0.0,1322.0,446568.816,-0.04571233676491946,337.7644
US.GOOGL,Alphabet-A,2026-09-02 18:25:00,337.61,337.85,337.97,337.61,0.0,0.0,5774.0,1950870.474,0.0710879417078905,337.61
US.GOOGL,Alphabet-A,2026-09-02 18:30:00,337.85,337.9791,337.98,337.85,0.0,0.0,2419.0,817595.678,0.03821222435992126,337.85
US.GOOGL,Alphabet-A,2026-09-02 18:35:00,337.9791,338.05,338.13,337.9349,0.0,0.0,6271.0,2119983.682,0.020977628498328633,337.9791
US.GOOGL,Alphabet-A,2026-09-02 18:40:00,338.05,338.2584,338.3,337.9915,0.0,0.0,5337.0,1804540.103,0.06164768525365574,338.05
US.GOOGL,Alphabet-A,2026-09-02 18:45:00,338.2584,338.1198,338.3,338.11,0.0,0.0,2226.0,752969.674,-0.04097459220524804,338.2584
US.GOOGL,Alphabet-A,2026-09-02 18:50:00,338.1198,338.17,338.2,338.1001,0.0,0.0,1259.0,426025.127,0.014846808734660913,338.1198
US.GOOGL,Alphabet-A,2026-09-02 18:55:00,338.2474,338.1507,338.2474,338.1161,0.0,0.0,861.0,291218.338,-0.0057071886920909125,338.17
US.GOOGL,Alphabet-A,2026-09-02 19:00:00,338.1507,338.17,338.182,338.14,0.0,0.0,824.0,278723.219,0.005707514430709101,338.1507
US.GOOGL,Alphabet-A,2026-09-02 19:05:00,338.17,338.2,338.2015,338.124,0.0,0.0,740.0,250377.681,0.008871277759698587,338.17
US.GOOGL,Alphabet-A,2026-09-02 19:10:00,338.2,338.1208,338.2,338.1,0.0,0.0,1534.0,518973.632,-0.023418095801305255,338.2
US.GOOGL,Alphabet-A,2026-09-02 19:15:00,338.1208,338.01,338.15,338.01,0.0,0.0,3378.0,1142225.692,-0.032769353438174574,338.1208
US.GOOGL,Alphabet-A,2026-09-02 19:20:00,338.01,338.0,338.1,338.0,0.0,0.0,1112.0,376017.905,-0.0029584923522945786,338.01
US.GOOGL,Alphabet-A,2026-09-02 19:25:00,338.0,338.09,338.09,338.0,0.0,0.0,1493.0,504827.026,0.026627218934903843,338.0
US.GOOGL,Alphabet-A,2026-09-02 19:30:00,338.09,338.15,338.17,338.09,0.0,0.0,1072.0,362486.404,0.017746753822947228,338.09
US.GOOGL,Alphabet-A,2026-09-02 19:35:00,338.15,338.2,338.2,338.1,0.0,0.0,3060.0,1035125.303,0.014786337424223384,338.15
US.GOOGL,Alphabet-A,2026-09-02 19:40:00,338.2,338.24,338.28,338.1,0.0,0.0,995.0,336544.207,0.011827321111774236,338.2
US.GOOGL,Alphabet-A,2026-09-02 19:45:00,338.24,338.2181,338.24,338.11,0.0,0.0,1639.0,554363.371,-0.006474692526021897,338.24
US.GOOGL,Alphabet-A,2026-09-02 19:50:00,338.2181,338.3799,338.38,338.18,0.0,0.0,2810.0,950648.677,0.04783895362194629,338.2181
US.GOOGL,Alphabet-A,2026-09-02 19:55:00,338.3799,338.28,338.39,337.5,0.0,0.0,10496.0,3547809.585,-0.02952303017999823,338.3799
US.GOOGL,Alphabet-A,2026-09-02 20:00:00,338.28,338.13,338.5,338.13,0.0,0.0,1597.0,540346.142,-0.04434196523589254,338.28
US.GOOGL,Alphabet-A,2026-09-03 04:05:00,337.12,339.345,339.81,337.12,0.0,0.0,65009.0,22012335.484,0.3593292520628255,338.13
US.GOOGL,Alphabet-A,2026-09-03 04:10:00,339.345,339.39,339.79,339.345,0.0,0.0,5168.0,1754831.463,0.013260840737290683,339.345
US.GOOGL,Alphabet-A,2026-09-03 04:15:00,339.39,339.14,339.4,339.14,0.0,0.0,2646.0,898015.22,-0.07366156928607208,339.39
US.GOOGL,Alphabet-A,2026-09-03 04:20:00,339.14,339.35,339.39,339.05,0.0,0.0,1528.0,518547.825,0.06192133042402441,339.14
US.GOOGL,Alphabet-A,2026-09-03 04:25:00,339.35,339.54,339.55,339.35,0.0,0.0,1695.0,575736.464,0.055989391483718204,339.35
US.GOOGL,Alphabet-A,2026-09-03 04:30:00,339.54,339.7,339.82,339.54,0.0,0.0,2672.0,907529.647,0.047122577604985616,339.54
US.GOOGL,Alphabet-A,2026-09-03 04:35:00,339.7,339.9,339.9,339.6,0.0,0.0,1963.0,667266.652,0.058875478363258356,339.7
US.GOOGL,Alphabet-A,2026-09-03 04:40:00,339.9,339.5,339.91,339.45,0.0,0.0,3986.0,1353652.132,-0.11768167107972265,339.9
US.GOOGL,Alphabet-A,2026-09-03 04:45:00,339.5,339.48,339.51,339.48,0.0,0.0,759.0,257686.546,-0.005891016200289193,339.5
US.GOOGL,Alphabet-A,2026-09-03 04:50:00,339.48,339.5,339.515,339.4015,0.0,0.0,1548.0,525677.009,0.0058913632614533435,339.48
US.GOOGL,Alphabet-A,2026-09-03 04:55:00,339.5,339.32,339.5,339.32,0.0,0.0,917.0,311404.849,-0.05301914580265296,339.5
US.GOOGL,Alphabet-A,2026-09-03 05:00:00,339.32,339.49,339.49,339.32,0.0,0.0,564.0,191507.089,0.050100200400806295,339.32
US.GOOGL,Alphabet-A,2026-09-03 05:05:00,339.46,339.45,339.48,339.4,0.0,0.0,1327.0,450540.298,-0.011782379451536264,339.49
US.GOOGL,Alphabet-A,2026-09-03 05:10:00,339.45,339.7388,339.7388,339.4025,0.0,0.0,2597.0,882011.715,0.08507880394757328,339.45
US.GOOGL,Alphabet-A,2026-09-03 05:15:00,339.7388,339.5,339.78,339.5,0.0,0.0,3341.0,1134930.609,-0.07028929283320777,339.7388
US.GOOGL,Alphabet-A,2026-09-03 05:20:00,339.5,339.6,339.62,339.5,0.0,0.0,1488.0,505338.07,0.029455081001479453,339.5
US.GOOGL,Alphabet-A,2026-09-03 05:25:00,339.6,339.6,339.6,339.4,0.0,0.0,2944.0,999556.998,0.0,339.6
US.GOOGL,Alphabet-A,2026-09-03 05:30:00,339.6,339.5,339.6,339.45,0.0,0.0,1177.0,399785.803,-0.029446407538287023,339.6
US.GOOGL,Alphabet-A,2026-09-03 05:35:00,339.5,339.5,339.55,339.3,0.0,0.0,1931.0,655768.097,0.0,339.5
US.GOOGL,Alphabet-A,2026-09-03 05:40:00,339.5,339.35,339.5,339.35,0.0,0.0,1219.0,413854.788,-0.04418262150220244,339.5
US.GOOGL,Alphabet-A,2026-09-03 05:45:00,339.35,339.4853,339.4853,339.2,0.0,0.0,1432.0,486058.86,0.03987034035655589,339.35
US.GOOGL,Alphabet-A,2026-09-03 05:50:00,339.4,339.25,339.43,339.25,0.0,0.0,2742.0,930786.23,-0.0693108066829389,339.4853
US.GOOGL,Alphabet-A,2026-09-03 05:55:00,339.25,339.15,339.25,339.11,0.0,0.0,1078.0,365931.572,-0.02947678703022041,339.25
US.GOOGL,Alphabet-A,2026-09-03 06:00:00,339.15,338.8714,339.15,338.8714,0.0,0.0,4687.0,1589336.638,-0.08214654282765241,339.15
US.GOOGL,Alphabet-A,2026-09-03 06:05:00,338.8714,338.85,338.9,338.74,0.0,0.0,2472.0,837591.054,-0.006315079997890481,338.8714
US.GOOGL,Alphabet-A,2026-09-03 06:10:00,338.85,338.92,339.01,338.8349,0.0,0.0,1329.0,450815.944,0.020658108307508683,338.85
US.GOOGL,Alphabet-A,2026-09-03 06:15:00,338.92,338.55,338.92,338.54,0.0,0.0,2360.0,799195.223,-0.10917030567685723,338.92
US.GOOGL,Alphabet-A,2026-09-03 06:20:00,338.55,338.47,338.66,338.47,0.0,0.0,1705.0,577230.429,-0.023630187564609093,338.55
US.GOOGL,Alphabet-A,2026-09-03 06:25:00,338.47,338.3,338.5,338.28,0.0,0.0,1273.0,430852.555,-0.0502260170768505,338.47
US.GOOGL,Alphabet-A,2026-09-03 06:30:00,338.3,338.45,338.5,338.3,0.0,0.0,1314.0,444869.539,0.04433934377770537,338.3
US.GOOGL,Alphabet-A,2026-09-03 06:35:00,338.45,338.32,338.49,338.32,0.0,0.0,1745.0,590542.521,-0.0384104003545562,338.45
US.GOOGL,Alphabet-A,2026-09-03 06:40:00,338.32,338.4,338.4,338.24,0.0,0.0,2441.0,826000.136,0.023646252069042355,338.32
US.GOOGL,Alphabet-A,2026-09-03 06:45:00,338.4,338.52,338.52,338.34,0.0,0.0,1433.0,485032.086,0.03546099290780277,338.4
US.GOOGL,Alphabet-A,2026-09-03 06:50:00,338.52,338.25,338.63,338.25,0.0,0.0,2178.0,737154.972,-0.07975895072668729,338.52
US.GOOGL,Alphabet-A,2026-09-03 06:55:00,338.25,338.54,338.54,338.25,0.0,0.0,813.0,275490.78,0.0857354028085796,338.25
US.GOOGL,Alphabet-A,2026-09-03 07:00:00,338.531,338.35,338.531,338.35,0.0,0.0,1296.0,438623.616,-0.05612335322266134,338.54
US.GOOGL,Alphabet-A,2026-09-03 07:05:00,338.35,338.46,338.54,338.3,0.0,0.0,2830.0,957785.339,0.03251071375793019,338.35
US.GOOGL,Alphabet-A,2026-09-03 07:10:00,338.5,338.79,338.82,338.5,0.0,0.0,2708.0,917184.624,0.09750044318384475,338.46
US.GOOGL,Alphabet-A,2026-09-03 07:15:00,338.79,338.79,338.82,338.72,0.0,0.0,5977.0,2025185.191,0.0,338.79
US.GOOGL,Alphabet-A,2026-09-03 07:20:00,338.79,338.6,338.89,338.6,0.0,0.0,3959.0,1341203.643,-0.05608193866406851,338.79
US.GOOGL,Alphabet-A,2026-09-03 07:25:00,338.6,339.0571,339.0571,338.51,0.0,0.0,8020.0,2717258.374,0.13499704666271958,338.6
US.GOOGL,Alphabet-A,2026-09-03 07:30:00,339.0571,339.16,339.39,338.9768,0.0,0.0,7661.0,2598506.098,0.03034887044100647,339.0571
US.GOOGL,Alphabet-A,2026-09-03 07:35:00,339.16,338.9,339.2621,338.57,0.0,0.0,4512.0,1529402.371,-0.07665998348863302,339.16
US.GOOGL,Alphabet-A,2026-09-03 07:40:00,338.9,338.76,339.0,338.76,0.0,0.0,1900.0,644009.179,-0.04131012097963599,338.9
US.GOOGL,Alphabet-A,2026-09-03 07:45:00,338.76,338.31,338.76,338.31,0.0,0.0,3009.0,1018770.71,-0.13283740701381172,338.76
US.GOOGL,Alphabet-A,2026-09-03 07:50:00,338.31,338.03,338.35,338.03,0.0,0.0,2301.0,778513.907,-0.08276432857439317,338.31
US.GOOGL,Alphabet-A,2026-09-03 07:55:00,338.03,338.0603,338.22,338.03,0.0,0.0,2972.0,1004870.136,0.008963701446620448,338.03
US.GOOGL,Alphabet-A,2026-09-03 08:00:00,338.0603,338.17,338.22,338.05,0.0,0.0,2121.0,717307.123,0.032449832174920305,338.0603
US.GOOGL,Alphabet-A,2026-09-03 08:05:00,338.17,337.94,338.1807,337.89,0.0,0.0,5544.0,1874241.459,-0.06801312949108974,338.17
US.GOOGL,Alphabet-A,2026-09-03 08:10:00,337.94,338.31,338.31,337.94,0.0,0.0,2548.0,861643.28,0.10948689116411332,337.94
US.GOOGL,Alphabet-A,2026-09-03 08:15:00,338.31,338.19,338.3884,338.14,0.0,0.0,1946.0,658494.554,-0.035470426531880386,338.31
US.GOOGL,Alphabet-A,2026-09-03 08:20:00,338.19,337.91,338.1999,337.84,0.0,0.0,4633.0,1565944.623,-0.08279369585143638,338.19
US.GOOGL,Alphabet-A,2026-09-03 08:25:00,337.91,337.8,338.0,337.8,0.0,0.0,3340.0,1128942.702,-0.03255304666923549,337.91
US.GOOGL,Alphabet-A,2026-09-03 08:30:00,337.8,337.8624,337.8799,337.7011,0.0,0.0,2043.0,690187.9,0.018472468916509253,337.8
US.GOOGL,Alphabet-A,2026-09-03 08:35:00,337.8624,338.66,338.75,337.86,0.0,0.0,13354.0,4518057.388,0.23607243658958366,337.8624
US.GOOGL,Alphabet-A,2026-09-03 08:40:00,338.66,338.5009,338.66,338.26,0.0,0.0,7868.0,2663728.021,-0.04697927124550391,338.66
US.GOOGL,Alphabet-A,2026-09-03 08:45:00,338.5009,338.4,338.62,338.36,0.0,0.0,2758.0,933759.979,-0.02980789711342693,338.5009
US.GOOGL,Alphabet-A,2026-09-03 08:50:00,338.4,338.4,338.44,338.35,0.0,0.0,3871.0,1310237.336,0.0,338.4
US.GOOGL,Alphabet-A,2026-09-03 08:55:00,338.4,338.71,338.71,338.4,0.0,0.0,6763.0,2290278.894,0.091607565011821,338.4
US.GOOGL,Alphabet-A,2026-09-03 09:00:00,338.71,338.92,339.0,338.71,0.0,0.0,10946.0,3709640.417,0.06199994095244793,338.71
US.GOOGL,Alphabet-A,2026-09-03 09:05:00,338.92,338.6358,339.39,335.85,0.0,0.0,74521.0,25173856.754,-0.08385459695503317,338.92
US.GOOGL,Alphabet-A,2026-09-03 09:10:00,338.6358,338.4,338.88,338.36,0.0,0.0,7223.0,2445609.634,-0.06963233066321996,338.6358
US.GOOGL,Alphabet-A,2026-09-03 09:15:00,338.4,338.6832,338.6832,338.19,0.0,0.0,7688.0,2602086.188,0.0836879432624179,338.4
US.GOOGL,Alphabet-A,2026-09-03 09:20:00,338.6568,338.5,338.75,338.38,0.0,0.0,9598.0,3249968.803,-0.0540918474846108,338.6832
US.GOOGL,Alphabet-A,2026-09-03 09:25:00,338.5,338.7896,338.8,338.41,0.0,0.0,12546.0,4247726.352,0.08555391432791941,338.5
US.GOOGL,Alphabet-A,2026-09-03 09:30:00,338.7896,340.5,341.04,338.6,0.0,0.0,91894.0,31230760.628,0.5048561112855864,338.7896
US.GOOGL,Alphabet-A,2026-09-03 09:35:00,340.56,342.55,343.63,340.06,0.0,0.0,1104773.0,377831460.904,0.6020558002936891,340.5
US.GOOGL,Alphabet-A,2026-09-03 09:40:00,342.62,344.34,344.49,341.8688,0.0,0.0,655612.0,225140108.413,0.522551452342713,342.55
US.GOOGL,Alphabet-A,2026-09-03 09:45:00,344.350493,343.955,344.68,343.33,0.0,0.0,473968.0,163074513.354,-0.11180809664865857,344.34
US.GOOGL,Alphabet-A,2026-09-03 09:50:00,343.95,343.6848,344.4,343.5,0.0,0.0,412653.0,141929513.34,-0.07855678795190897,343.955
US.GOOGL,Alphabet-A,2026-09-03 09:55:00,343.675,342.81,344.1,342.56,0.0,0.0,323342.0,111041731.71,-0.25453555117945087,343.6848
US.GOOGL,Alphabet-A,2026-09-03 10:00:00,342.79,343.01,343.01,342.38,0.0,0.0,237974.0,81546260.718,0.058341355269679596,342.81
US.GOOGL,Alphabet-A,2026-09-03 10:05:00,342.78,341.78,342.85,341.71,0.0,0.0,306721.0,104954745.469,-0.3585901285676856,343.01
US.GOOGL,Alphabet-A,2026-09-03 10:10:00,341.79,342.34,342.66,341.6,0.0,0.0,260380.0,89099794.197,0.16384808941424375,341.78
US.GOOGL,Alphabet-A,2026-09-03 10:15:00,342.37,342.445,342.49,341.4101,0.0,0.0,233845.0,79973243.83,0.030671262487590757,342.34
US.GOOGL,Alphabet-A,2026-09-03 10:20:00,342.42,342.76,342.81,342.089,0.0,0.0,193950.0,66418351.773,0.09198557432580348,342.445
US.GOOGL,Alphabet-A,2026-09-03 10:25:00,342.79,342.14,342.8,342.12,0.0,0.0,201795.0,69088248.997,-0.1808845839654582,342.76
US.GOOGL,Alphabet-A,2026-09-03 10:30:00,342.17,342.85,342.9237,341.95,0.0,0.0,185876.0,63643743.219,0.20751739054189408,342.14
US.GOOGL,Alphabet-A,2026-09-03 10:35:00,342.85,342.251,343.115,342.251,0.0,0.0,188850.0,64742428.09,-0.17471197316612117,342.85
US.GOOGL,Alphabet-A,2026-09-03 10:40:00,342.3,342.17,342.73,341.93,0.0,0.0,141259.0,48348212.074,-0.02366684100264439,342.251
US.GOOGL,Alphabet-A,2026-09-03 10:45:00,342.17,342.78,342.88,341.82,0.0,0.0,172085.0,58921976.758,0.178273957389589,342.17
US.GOOGL,Alphabet-A,2026-09-03 10:50:00,342.785,342.37,342.94,341.9,0.0,0.0,219710.0,75240941.897,-0.11961024563859274,342.78
US.GOOGL,Alphabet-A,2026-09-03 10:55:00,342.37,342.31,342.56,341.6,0.0,0.0,147713.0,50524682.985,-0.017524899962030046,342.37
US.GOOGL,Alphabet-A,2026-09-03 11:00:00,342.26,341.175,342.26,341.02,0.0,0.0,254939.0,87038525.062,-0.33157079839910925,342.31
US.GOOGL,Alphabet-A,2026-09-03 11:05:00,341.205,341.63,341.69,341.0,0.0,0.0,205658.0,70191202.699,0.13336264380449447,341.175
US.GOOGL,Alphabet-A,2026-09-03 11:10:00,341.65,341.485,341.72,340.79,0.0,0.0,247696.0,84554864.708,-0.04244357931094512,341.63
US.GOOGL,Alphabet-A,2026-09-03 11:15:00,341.455,342.65,342.65,341.29,0.0,0.0,230669.0,78899641.118,0.34115700543214594,341.485
US.GOOGL,Alphabet-A,2026-09-03 11:20:00,342.665,342.96,343.15,342.57,0.0,0.0,179553.0,61565947.037,0.09047132642638328,342.65
US.GOOGL,Alphabet-A,2026-09-03 11:25:00,342.97,342.86,343.3,342.66,0.0,0.0,184066.0,63132321.544,-0.029157919290869458,342.96
US.GOOGL,Alphabet-A,2026-09-03 11:30:00,342.89,342.755,343.0,342.69,0.0,0.0,173669.0,59540966.863,-0.03062474479379869,342.86
US.GOOGL,Alphabet-A,2026-09-03 11:35:00,342.755,342.75,342.92,342.5,0.0,0.0,133612.0,45788139.093,-0.0014587679246095468,342.755
US.GOOGL,Alphabet-A,2026-09-03 11:40:00,342.7473,342.57,342.86,342.49,0.0,0.0,105700.0,36220092.628,-0.05251641137855779,342.75
US.GOOGL,Alphabet-A,2026-09-03 11:45:00,342.5774,342.32,342.65,342.31,0.0,0.0,91852.0,31461206.02,-0.0729777855620749,342.57
US.GOOGL,Alphabet-A,2026-09-03 11:50:00,342.33,342.45,342.88,342.33,0.0,0.0,179536.0,61494058.542,0.03797616265482457,342.32
US.GOOGL,Alphabet-A,2026-09-03 11:55:00,342.43,342.38,342.72,342.35,0.0,0.0,113970.0,39038222.858,-0.02044094028325104,342.45
US.GOOGL,Alphabet-A,2026-09-03 12:00:00,342.37,342.58,342.72,342.36,0.0,0.0,86080.0,29489177.772,0.058414627022603145,342.38
US.GOOGL,Alphabet-A,2026-09-03 12:05:00,342.55,342.56,342.8,342.52,0.0,0.0,107805.0,36941290.971,-0.005838052425705473,342.58
US.GOOGL,Alphabet-A,2026-09-03 12:10:00,342.55,341.87,342.795,341.86,0.0,0.0,134354.0,46001862.803,-0.20142456795889707,342.56
US.GOOGL,Alphabet-A,2026-09-03 12:15:00,341.85,341.3,342.04,341.28,0.0,0.0,161672.0,55233595.978,-0.16673004358381643,341.87
US.GOOGL,Alphabet-A,2026-09-03 12:20:00,341.29,341.72,341.745,341.25,0.0,0.0,90865.0,31031973.374,0.12305889246997243,341.3
US.GOOGL,Alphabet-A,2026-09-03 12:25:00,341.745,341.29,341.83,341.27,0.0,0.0,86701.0,29612841.972,-0.125834016153578,341.72
US.GOOGL,Alphabet-A,2026-09-03 12:30:00,341.27,341.23,341.37,340.8,0.0,0.0,136177.0,46448499.758,-0.017580356881245356,341.29
US.GOOGL,Alphabet-A,2026-09-03 12:35:00,341.24,341.1299,341.35,340.8,0.0,0.0,89917.0,30668331.958,-0.02933505260381491,341.23
US.GOOGL,Alphabet-A,2026-09-03 12:40:00,341.13,341.71,341.76,341.07,0.0,0.0,146769.0,50111310.317,0.17005252251413874,341.1299
US.GOOGL,Alphabet-A,2026-09-03 12:45:00,341.7164,341.43,341.85,341.405,0.0,0.0,75792.0,25894392.849,-0.08194082701705327,341.71
US.GOOGL,Alphabet-A,2026-09-03 12:50:00,341.4551,341.91,341.9199,341.45,0.0,0.0,65807.0,22488617.022,0.14058518583604784,341.43
US.GOOGL,Alphabet-A,2026-09-03 12:55:00,341.91,341.635,341.955,341.5799,0.0,0.0,85712.0,29290913.262,-0.08043052265216989,341.91
US.GOOGL,Alphabet-A,2026-09-03 13:00:00,341.625,341.78,341.91,341.57,0.0,0.0,67843.0,23187193.129,0.04244295812782116,341.635
US.GOOGL,Alphabet-A,2026-09-03 13:05:00,341.76,341.83,341.97,341.673,0.0,0.0,58092.0,19855097.979,0.014629293697703601,341.78
US.GOOGL,Alphabet-A,2026-09-03 13:10:00,341.83,341.8792,341.97,341.73,0.0,0.0,80448.0,27499947.346,0.014393119386841896,341.83
US.GOOGL,Alphabet-A,2026-09-03 13:15:00,341.88,342.03,342.04,341.82,0.0,0.0,77367.0,26454471.486,0.04410914732453655,341.8792
US.GOOGL,Alphabet-A,2026-09-03 13:20:00,342.05,342.14,342.25,342.03,0.0,0.0,70051.0,23968029.47,0.032160921556592593,342.03
US.GOOGL,Alphabet-A,2026-09-03 13:25:00,342.15,342.23,342.32,342.0,0.0,0.0,70644.0,24170840.86,0.02630502133630439,342.14
US.GOOGL,Alphabet-A,2026-09-03 13:30:00,342.22,342.305,342.35,342.205,0.0,0.0,64001.0,21906272.784,0.021915086345436877,342.23
US.GOOGL,Alphabet-A,2026-09-03 13:35:00,342.3,342.465,342.53,342.3,0.0,0.0,72007.0,24654928.819,0.04674194066693976,342.305
US.GOOGL,Alphabet-A,2026-09-03 13:40:00,342.47,342.91,342.98,342.42,0.0,0.0,243337.0,83413321.424,0.1299402858686435,342.465
US.GOOGL,Alphabet-A,2026-09-03 13:45:00,342.87,342.7,342.87,342.56,0.0,0.0,122417.0,41957336.938,-0.06124055874720375,342.91
US.GOOGL,Alphabet-A,2026-09-03 13:50:00,342.71,342.56,342.73,342.3801,0.0,0.0,79596.0,27266496.157,-0.040852057192876094,342.7
US.GOOGL,Alphabet-A,2026-09-03 13:55:00,342.5629,342.83,342.93,342.56,0.0,0.0,82539.0,28294248.755,0.07881830920130249,342.56
US.GOOGL,Alphabet-A,2026-09-03 14:00:00,342.83,342.84,342.92,342.73,0.0,0.0,65559.0,22475771.555,0.002916897587723042,342.83
US.GOOGL,Alphabet-A,2026-09-03 14:05:00,342.89,342.54,343.11,342.39,0.0,0.0,138118.0,47349015.839,-0.08750437521874768,342.84
US.GOOGL,Alphabet-A,2026-09-03 14:10:00,342.56,342.529,342.63,342.27,0.0,0.0,107541.0,36827650.794,-0.0032113037893455073,342.54
US.GOOGL,Alphabet-A,2026-09-03 14:15:00,342.525,342.755,342.84,342.425,0.0,0.0,97736.0,33489048.752,0.06597981484779364,342.529
US.GOOGL,Alphabet-A,2026-09-03 14:20:00,342.77,342.86,342.99,342.65,0.0,0.0,73091.0,25056652.339,0.030634126416833652,342.755
US.GOOGL,Alphabet-A,2026-09-03 14:25:00,342.855,342.98,343.0,342.61,0.0,0.0,85260.0,29231527.559,0.0349997083357652,342.86
US.GOOGL,Alphabet-A,2026-09-03 14:30:00,343.0,343.615,343.65,342.935,0.0,0.0,186690.0,64088100.905,0.18514199078663213,342.98
US.GOOGL,Alphabet-A,2026-09-03 14:35:00,343.62,342.9501,343.67,342.9,0.0,0.0,158283.0,54336825.174,-0.19350144784133075,343.615
US.GOOGL,Alphabet-A,2026-09-03 14:40:00,342.95,342.68,342.99,342.67,0.0,0.0,74205.0,25441573.399,-0.07875781345449777,342.9501
US.GOOGL,Alphabet-A,2026-09-03 14:45:00,342.68,342.78,343.0899,342.58,0.0,0.0,93731.0,32133283.327,0.029181743901005572,342.68
US.GOOGL,Alphabet-A,2026-09-03 14:50:00,342.75,342.775,342.9,342.48,0.0,0.0,84251.0,28872013.132,-0.0014586615321767469,342.78
US.GOOGL,Alphabet-A,2026-09-03 14:55:00,342.775,342.58,342.785,342.481,0.0,0.0,78843.0,27011951.333,-0.05688862956749856,342.775
US.GOOGL,Alphabet-A,2026-09-03 15:00:00,342.6,342.79,342.805,342.32,0.0,0.0,82148.0,28140111.29,0.061299550469973846,342.58
US.GOOGL,Alphabet-A,2026-09-03 15:05:00,342.8,342.6,342.95,342.58,0.0,0.0,130845.0,44849681.821,-0.055427521222905486,342.79
US.GOOGL,Alphabet-A,2026-09-03 15:10:00,342.5901,343.105,343.19,342.54,0.0,0.0,158745.0,54423452.768,0.14740221833041314,342.6
US.GOOGL,Alphabet-A,2026-09-03 15:15:00,343.12,343.26,343.45,343.04,0.0,0.0,120222.0,41266046.561,0.045175675084878596,343.105
US.GOOGL,Alphabet-A,2026-09-03 15:20:00,343.26,343.26,343.37,342.35,0.0,0.0,321677.0,110329372.678,0.0,343.26
US.GOOGL,Alphabet-A,2026-09-03 15:25:00,343.25,342.88,343.3,342.8704,0.0,0.0,103803.0,35615727.184,-0.11070325700634956,343.26
US.GOOGL,Alphabet-A,2026-09-03 15:30:00,342.88,343.18,343.235,342.88,0.0,0.0,118048.0,40501531.063,0.08749416705553295,342.88
US.GOOGL,Alphabet-A,2026-09-03 15:35:00,343.18,343.13,343.43,343.065,0.0,0.0,162912.0,55921191.874,-0.014569613613850275,343.18
US.GOOGL,Alphabet-A,2026-09-03 15:40:00,343.1481,343.36,343.38,343.035,0.0,0.0,131703.0,45198082.407,0.0670299886340507,343.13
US.GOOGL,Alphabet-A,2026-09-03 15:45:00,343.34,343.415,343.57,343.33,0.0,0.0,143991.0,49454937.748,0.016018173345761538,343.36
US.GOOGL,Alphabet-A,2026-09-03 15:50:00,343.41,342.62,343.41,342.6,0.0,0.0,209403.0,71825162.745,-0.23149833292081473,343.415
US.GOOGL,Alphabet-A,2026-09-03 15:55:00,342.64,342.73,343.04,342.38,0.0,0.0,334234.0,114510705.028,0.0321055396649389,342.62
US.GOOGL,Alphabet-A,2026-09-03 16:00:00,342.73,342.48,342.73,342.1067,0.0,0.0,3892041.0,1332871190.704,-0.07294371662824964,342.73
US.GOOGL,Alphabet-A,2026-09-03 16:05:00,342.432446,342.2195,342.59,342.2,0.0,0.0,959583.0,328637366.797,-0.0760628357860418,342.48
US.GOOGL,Alphabet-A,2026-09-03 16:10:00,342.2195,342.4,342.5369,342.2195,0.0,0.0,195425.0,66928772.539,0.05274392604746223,342.2195
US.GOOGL,Alphabet-A,2026-09-03 16:15:00,342.4,342.52,342.61,342.4,0.0,0.0,160905.0,55107030.722,0.035046728971963946,342.4
US.GOOGL,Alphabet-A,2026-09-03 16:20:00,342.52,342.51,342.61,342.49,0.0,0.0,2347.0,804059.223,-0.002919537545250177,342.52
US.GOOGL,Alphabet-A,2026-09-03 16:25:00,342.48,342.44,342.51,342.42,0.0,0.0,19890.0,6811640.049,-0.020437359493151494,342.51
US.GOOGL,Alphabet-A,2026-09-03 16:30:00,342.44,342.61,342.61,342.44,0.0,0.0,1431.0,490144.862,0.04964373320874195,342.44
US.GOOGL,Alphabet-A,2026-09-03 16:35:00,342.61,342.5945,342.61,342.5,0.0,0.0,467.0,159982.129,-0.004524094451426221,342.61
US.GOOGL,Alphabet-A,2026-09-03 16:40:00,342.5945,342.69,342.73,342.59,0.0,0.0,1800.0,617035.139,0.027875520476836453,342.5945
US.GOOGL,Alphabet-A,2026-09-03 16:45:00,342.69,342.86,343.16,342.6,0.0,0.0,5489.0,1877672.388,0.04960751699787444,342.69
US.GOOGL,Alphabet-A,2026-09-03 16:50:00,342.86,342.55,342.86,342.52,0.0,0.0,120154.0,41147314.023,-0.09041591320072398,342.86
US.GOOGL,Alphabet-A,2026-09-03 16:55:00,342.55,342.52,342.7,342.52,0.0,0.0,1701.0,582424.668,-0.008757845569998412,342.55
US.GOOGL,Alphabet-A,2026-09-03 17:00:00,342.52,342.5201,342.63,342.52,0.0,0.0,1437.0,491667.944,2.9195375461795332e-05,342.52
US.GOOGL,Alphabet-A,2026-09-03 17:05:00,342.5201,342.57,342.65,342.5201,0.0,0.0,18641.0,6345429.454,0.014568488097480885,342.5201
US.GOOGL,Alphabet-A,2026-09-03 17:10:00,342.57,342.66,342.73,342.56,0.0,0.0,1657105.0,567520211.802,0.026272002802356257,342.57
US.GOOGL,Alphabet-A,2026-09-03 17:15:00,342.66,342.5922,342.76,342.53,0.0,0.0,1366.0,467865.658,-0.019786377166880822,342.66
US.GOOGL,Alphabet-A,2026-09-03 17:20:00,342.5922,342.75,342.75,342.5922,0.0,0.0,802.0,274872.278,0.0460605933234933,342.5922
US.GOOGL,Alphabet-A,2026-09-03 17:25:00,342.75,342.7061,342.75,342.66,0.0,0.0,1066.0,365383.109,-0.012808169219550056,342.75
US.GOOGL,Alphabet-A,2026-09-03 17:30:00,342.7061,342.9,342.9,342.68,0.0,0.0,3054.0,1047010.81,0.0565790921142008,342.7061
US.GOOGL,Alphabet-A,2026-09-03 17:35:00,342.9,342.8137,342.9,342.8,0.0,0.0,1198.0,410736.379,-0.025167687372410114,342.9
US.GOOGL,Alphabet-A,2026-09-03 17:40:00,342.8137,342.89,342.89,342.58,0.0,0.0,8732.0,2990892.432,0.022256986812371666,342.8137
US.GOOGL,Alphabet-A,2026-09-03 17:45:00,342.89,342.81,342.9,342.7,0.0,0.0,622.0,213274.461,-0.02333109743649103,342.89
US.GOOGL,Alphabet-A,2026-09-03 17:50:00,342.81,342.84,342.85,342.8012,0.0,0.0,1222.0,418960.795,0.008751203290444478,342.81
US.GOOGL,Alphabet-A,2026-09-03 17:55:00,342.84,342.731,342.8693,342.7,0.0,0.0,1139.0,390602.866,-0.03179325632947744,342.84
US.GOOGL,Alphabet-A,2026-09-03 18:00:00,342.731,342.731,342.731,342.731,0.0,0.0,148.0,50930.161,0.0,342.731
US.GOOGL,Alphabet-A,2026-09-03 18:05:00,342.731,342.69,342.731,342.62,0.0,0.0,1858.0,636874.506,-0.011962734622779036,342.731
US.GOOGL,Alphabet-A,2026-09-03 18:10:00,342.69,342.61,342.87,342.6,0.0,0.0,4100.0,1405296.729,-0.023344713881345847,342.69
US.GOOGL,Alphabet-A,2026-09-03 18:15:00,342.61,342.61,342.85,342.56,0.0,0.0,2171.0,744058.436,0.0,342.61
US.GOOGL,Alphabet-A,2026-09-03 18:20:00,342.61,342.75,342.8016,342.61,0.0,0.0,983.0,336881.513,0.040862788593440454,342.61
US.GOOGL,Alphabet-A,2026-09-03 18:25:00,342.75,342.65,342.75,342.608,0.0,0.0,440.0,150857.358,-0.0291757840992043,342.75
US.GOOGL,Alphabet-A,2026-09-03 18:30:00,342.73,342.5941,342.73,342.5941,0.0,0.0,1470.0,503988.203,-0.016314023055581914,342.65
US.GOOGL,Alphabet-A,2026-09-03 18:35:00,342.61,342.6206,342.7,342.6,0.0,0.0,758.0,259944.871,0.007735101100689893,342.5941
US.GOOGL,Alphabet-A,2026-09-03 18:40:00,342.6206,342.73,342.73,342.6206,0.0,0.0,930.0,319037.89,0.031930362622677594,342.6206
US.GOOGL,Alphabet-A,2026-09-03 18:45:00,342.73,342.65,342.73,342.65,0.0,0.0,1705.0,584294.536,-0.023341989321051825,342.73
US.GOOGL,Alphabet-A,2026-09-03 18:50:00,342.65,342.7,342.73,342.65,0.0,0.0,1312.0,449725.002,0.014592149423613417,342.65
US.GOOGL,Alphabet-A,2026-09-03 18:55:00,342.7,342.82,343.01,342.7,0.0,0.0,4623.0,1585501.588,0.035016049022469964,342.7
US.GOOGL,Alphabet-A,2026-09-03 19:00:00,342.8207,342.84,342.888,342.8207,0.0,0.0,617.0,211599.488,0.005833965346240537,342.82
US.GOOGL,Alphabet-A,2026-09-03 19:05:00,342.85,342.85,342.9853,342.85,0.0,0.0,1223.0,419364.122,0.002916812507305959,342.84
US.GOOGL,Alphabet-A,2026-09-03 19:10:00,342.85,343.16,343.16,342.84,0.0,0.0,6407.0,2198153.531,0.09041855038646704,342.85
US.GOOGL,Alphabet-A,2026-09-03 19:15:00,343.16,343.16,343.16,343.0,0.0,0.0,763.0,262049.013,0.0,343.16
US.GOOGL,Alphabet-A,2026-09-03 19:20:00,343.16,343.0871,343.16,343.0,0.0,0.0,544.0,186862.297,-0.021243734701015322,343.16
US.GOOGL,Alphabet-A,2026-09-03 19:25:00,343.0871,342.8289,343.0871,342.82,0.0,0.0,1192.0,408690.969,-0.07525785726133243,343.0871
US.GOOGL,Alphabet-A,2026-09-03 19:30:00,342.8289,343.04,343.05,342.82,0.0,0.0,1724.0,591604.614,0.06157590564857411,342.8289
US.GOOGL,Alphabet-A,2026-09-03 19:35:00,343.04,342.9699,343.04,342.8639,0.0,0.0,923.0,316651.948,-0.0204349347014998,343.04
US.GOOGL,Alphabet-A,2026-09-03 19:40:00,342.9699,342.8606,342.9699,342.8602,0.0,0.0,1693.0,580590.893,-0.031868685852612384,342.9699
US.GOOGL,Alphabet-A,2026-09-03 19:45:00,342.95,342.87,342.9676,342.87,0.0,0.0,744.0,255249.546,0.0027416390218146475,342.8606
US.GOOGL,Alphabet-A,2026-09-03 19:50:00,342.87,342.9205,342.9802,342.87,0.0,0.0,1037.0,355627.629,0.014728614343628647,342.87
US.GOOGL,Alphabet-A,2026-09-03 19:55:00,342.9205,342.99,343.02,342.89,0.0,0.0,1356.0,465182.487,0.020267088144338117,342.9205
US.GOOGL,Alphabet-A,2026-09-03 20:00:00,342.99,343.0736,343.0736,342.91,0.0,0.0,1284.0,440397.52,0.02437388845155541,342.99
US.GOOGL,Alphabet-A,2026-09-04 04:05:00,343.15,343.51,343.72,343.15,0.0,0.0,40462.0,13897089.968,0.12720302582302803,343.0736
US.GOOGL,Alphabet-A,2026-09-04 04:10:00,343.51,342.85,343.51,342.73,0.0,0.0,4282.0,1468783.335,-0.19213414456637892,343.51
US.GOOGL,Alphabet-A,2026-09-04 04:15:00,342.85,342.8,343.0,342.6,0.0,0.0,4778.0,1638002.265,-0.014583637159110797,342.85
US.GOOGL,Alphabet-A,2026-09-04 04:20:00,342.8,343.18,343.3,342.8,0.0,0.0,2104.0,722034.825,0.11085180863477112,342.8
US.GOOGL,Alphabet-A,2026-09-04 04:25:00,343.18,343.21,343.28,343.14,0.0,0.0,825.0,283146.231,0.008741768168300227,343.18
US.GOOGL,Alphabet-A,2026-09-04 04:30:00,343.21,343.24,343.25,343.21,0.0,0.0,882.0,303103.528,0.008741004050007157,343.21
US.GOOGL,Alphabet-A,2026-09-04 04:35:00,343.24,343.5,343.5,343.24,0.0,0.0,3761.0,1291934.529,0.07574874723225465,343.24
US.GOOGL,Alphabet-A,2026-09-04 04:40:00,343.5,343.66,343.66,343.5,0.0,0.0,1398.0,480532.9,0.04657933042213246,343.5
US.GOOGL,Alphabet-A,2026-09-04 04:45:00,343.66,343.74,343.79,343.66,0.0,0.0,1593.0,547701.405,0.023278822091597533,343.66
US.GOOGL,Alphabet-A,2026-09-04 04:50:00,343.74,343.6,343.78,343.548,0.0,0.0,2901.0,997196.773,-0.04072845755512491,343.74
US.GOOGL,Alphabet-A,2026-09-04 04:55:00,343.6,343.8,343.8,343.6,0.0,0.0,2986.0,1026517.751,0.05820721769499087,343.6
US.GOOGL,Alphabet-A,2026-09-04 05:00:00,343.8,343.95,343.95,343.7552,0.0,0.0,1288.0,443096.068,0.04363001745200037,343.8
US.GOOGL,Alphabet-A,2026-09-04 05:05:00,343.95,343.43,343.95,343.37,0.0,0.0,2696.0,926314.097,-0.1511847652274987,343.95
US.GOOGL,Alphabet-A,2026-09-04 05:10:00,343.43,343.36,343.5,343.36,0.0,0.0,1498.0,514768.684,-0.020382610721251252,343.43
US.GOOGL,Alphabet-A,2026-09-04 05:15:00,343.36,343.66,343.66,343.32,0.0,0.0,1122.0,385472.868,0.08737185461323722,343.36
US.GOOGL,Alphabet-A,2026-09-04 05:20:00,343.7874,343.5,343.7874,343.4,0.0,0.0,1787.0,613920.07,-0.0465576441832116,343.66
US.GOOGL,Alphabet-A,2026-09-04 05:25:00,343.5,343.2,343.5,343.2,0.0,0.0,1644.0,564633.801,-0.08733624454148803,343.5
US.GOOGL,Alphabet-A,2026-09-04 05:30:00,343.2,343.31,343.31,343.2,0.0,0.0,789.0,270853.953,0.032051282051286024,343.2
US.GOOGL,Alphabet-A,2026-09-04 05:35:00,343.31,343.31,343.42,343.31,0.0,0.0,276.0,94948.887,0.0,343.31
US.GOOGL,Alphabet-A,2026-09-04 05:40:00,343.31,343.3,343.4049,343.26,0.0,0.0,716.0,245972.409,-0.0029128193178150664,343.31
US.GOOGL,Alphabet-A,2026-09-04 05:45:00,343.3,343.4,343.4,343.3,0.0,0.0,1071.0,367866.043,0.02912904165451963,343.3
US.GOOGL,Alphabet-A,2026-09-04 05:50:00,343.4,343.62,343.62,343.4,0.0,0.0,2275.0,781541.957,0.06406523005242495,343.4
US.GOOGL,Alphabet-A,2026-09-04 05:55:00,343.62,343.54,343.68,343.54,0.0,0.0,416.0,142988.425,-0.02328153192479602,343.62
US.GOOGL,Alphabet-A,2026-09-04 06:00:00,343.54,343.6,343.6,343.44,0.0,0.0,460.0,158185.081,0.017465215113233474,343.54
US.GOOGL,Alphabet-A,2026-09-04 06:05:00,343.6,343.5,343.6,343.45,0.0,0.0,1095.0,376240.821,-0.029103608847503702,343.6
US.GOOGL,Alphabet-A,2026-09-04 06:10:00,343.5,343.31,343.5,343.31,0.0,0.0,956.0,328528.512,-0.05531295487627299,343.5
US.GOOGL,Alphabet-A,2026-09-04 06:15:00,343.31,343.4,343.4,343.31,0.0,0.0,2292.0,787141.644,0.026215373860352154,343.31
US.GOOGL,Alphabet-A,2026-09-04 06:20:00,343.4,343.5,343.5,343.351,0.0,0.0,1180.0,405485.697,0.02912055911474163,343.4
US.GOOGL,Alphabet-A,2026-09-04 06:25:00,343.5,343.5,343.5,343.33,0.0,0.0,1319.0,453302.954,0.0,343.5
US.GOOGL,Alphabet-A,2026-09-04 06:30:00,343.5,343.32,343.5,343.28,0.0,0.0,2572.0,883385.107,-0.05240174672489281,343.5
US.GOOGL,Alphabet-A,2026-09-04 06:35:00,343.4,343.2135,343.4,343.17,0.0,0.0,1823.0,625804.032,-0.031020622160078854,343.32
US.GOOGL,Alphabet-A,2026-09-04 06:40:00,343.2135,343.35,343.35,343.2,0.0,0.0,1888.0,648091.368,0.039771162847618835,343.2135
US.GOOGL,Alphabet-A,2026-09-04 06:45:00,343.3,343.33,343.33,343.2809,0.0,0.0,1127.0,387167.33,-0.005824959953411577,343.35
US.GOOGL,Alphabet-A,2026-09-04 06:50:00,343.33,343.4,343.47,343.33,0.0,0.0,1724.0,592085.83,0.020388547461623854,343.33
US.GOOGL,Alphabet-A,2026-09-04 06:55:00,343.4,343.24,343.43,343.24,0.0,0.0,2167.0,744103.245,-0.04659289458356674,343.4
US.GOOGL,Alphabet-A,2026-09-04 07:00:00,343.13,343.11,343.19,343.0314,0.0,0.0,3750.0,1286662.035,-0.037874373616127326,343.24
US.GOOGL,Alphabet-A,2026-09-04 07:05:00,343.11,343.0186,343.28,342.91,0.0,0.0,5678.0,1948106.612,-0.026638687301454772,343.11
US.GOOGL,Alphabet-A,2026-09-04 07:10:00,343.0186,343.0,343.0679,342.9456,0.0,0.0,2232.0,765681.93,-0.005422446479576378,343.0186
US.GOOGL,Alphabet-A,2026-09-04 07:15:00,343.0,343.0324,343.09,342.92,0.0,0.0,2885.0,989614.796,0.009446064139940391,343.0
US.GOOGL,Alphabet-A,2026-09-04 07:20:00,343.0324,343.03,343.069,342.96,0.0,0.0,1704.0,584708.7,-0.0006996423661504944,343.0324
US.GOOGL,Alphabet-A,2026-09-04 07:25:00,343.03,343.26,343.3831,343.03,0.0,0.0,3480.0,1194506.671,0.06704952919570248,343.03
US.GOOGL,Alphabet-A,2026-09-04 07:30:00,343.26,343.35,343.35,343.031,0.0,0.0,1667.0,572227.184,0.02621919244888185,343.26
US.GOOGL,Alphabet-A,2026-09-04 07:35:00,343.35,343.3314,343.35,343.23,0.0,0.0,3387.0,1163216.252,-0.005417212756676575,343.35
US.GOOGL,Alphabet-A,2026-09-04 07:40:00,343.24,343.4,343.4,343.24,0.0,0.0,2230.0,765725.329,0.019980695036924543,343.3314
US.GOOGL,Alphabet-A,2026-09-04 07:45:00,343.4,343.62,343.62,343.4,0.0,0.0,1647.0,565793.339,0.06406523005242495,343.4
US.GOOGL,Alphabet-A,2026-09-04 07:50:00,343.62,343.6609,343.6609,343.52,0.0,0.0,4457.0,1531537.841,0.011902683196560711,343.62
US.GOOGL,Alphabet-A,2026-09-04 07:55:00,343.6609,343.74,343.85,343.6609,0.0,0.0,4182.0,1437958.929,0.023016875064920863,343.6609
US.GOOGL,Alphabet-A,2026-09-04 08:00:00,343.74,343.7,343.86,343.6135,0.0,0.0,4091.0,1406323.346,-0.011636702158614204,343.74
US.GOOGL,Alphabet-A,2026-09-04 08:05:00,343.7,343.0,343.7908,343.0,0.0,0.0,4758.0,1633725.368,-0.20366598778003742,343.7
US.GOOGL,Alphabet-A,2026-09-04 08:10:00,343.0,342.98,343.3,342.8,0.0,0.0,8345.0,2862330.673,-0.00583090379008216,343.0
US.GOOGL,Alphabet-A,2026-09-04 08:15:00,342.98,342.48,343.19,342.48,0.0,0.0,8675.0,2973080.082,-0.14578109510758644,342.98
US.GOOGL,Alphabet-A,2026-09-04 08:20:00,342.48,342.36,342.5,342.3,0.0,0.0,4308.0,1475409.827,-0.035038542396637624,342.48
US.GOOGL,Alphabet-A,2026-09-04 08:25:00,342.36,342.73,342.82,342.36,0.0,0.0,4593.0,1573927.903,0.10807337305760151,342.36
US.GOOGL,Alphabet-A,2026-09-04 08:30:00,342.73,342.71,342.8263,342.5,0.0,0.0,5153.0,1765986.542,-0.005835497330271249,342.73
US.GOOGL,Alphabet-A,2026-09-04 08:35:00,342.71,340.78,342.93,340.65,0.0,0.0,40229.0,13749053.924,-0.5631583554608873,342.71
US.GOOGL,Alphabet-A,2026-09-04 08:40:00,340.78,341.08,341.51,340.72,0.0,0.0,35770.0,12202330.932,0.08803333528963302,340.78
US.GOOGL,Alphabet-A,2026-09-04 08:45:00,341.08,341.44,341.62,341.08,0.0,0.0,9924.0,3387937.534,0.10554708572769252,341.08
US.GOOGL,Alphabet-A,2026-09-04 08:50:00,341.44,341.23,341.7,341.03,0.0,0.0,8217.0,2804617.88,-0.06150421743204648,341.44
US.GOOGL,Alphabet-A,2026-09-04 08:55:00,341.23,341.04,341.23,340.8887,0.0,0.0,8883.0,3029713.664,-0.05568091902822077,341.23
US.GOOGL,Alphabet-A,2026-09-04 09:00:00,341.04,341.4,341.4,340.83,0.0,0.0,7623.0,2599856.938,0.10555946516536381,341.04
US.GOOGL,Alphabet-A,2026-09-04 09:05:00,341.4,341.49,341.53,341.06,0.0,0.0,4373.0,1493265.719,0.0263620386643327,341.4
US.GOOGL,Alphabet-A,2026-09-04 09:10:00,341.49,341.76,341.76,341.41,0.0,0.0,7471.0,2552031.839,0.07906527277518574,341.49
US.GOOGL,Alphabet-A,2026-09-04 09:15:00,341.76,341.8,341.92,341.73,0.0,0.0,3680.0,1258081.406,0.011704119850193253,341.76
US.GOOGL,Alphabet-A,2026-09-04 09:20:00,341.8,341.65,341.8,341.5,0.0,0.0,5857.0,2001373.053,-0.04388531304857639,341.8
US.GOOGL,Alphabet-A,2026-09-04 09:25:00,341.65,341.8756,342.17,341.64,0.0,0.0,6215.0,2124889.913,0.06603248938973882,341.65
US.GOOGL,Alphabet-A,2026-09-04 09:30:00,341.8756,342.57,342.66,341.4,0.0,0.0,27290.0,9339931.292,0.2031148172025068,341.8756
US.GOOGL,Alphabet-A,2026-09-04 09:35:00,342.465,341.21,343.53,340.88,0.0,0.0,625391.0,214013825.323,-0.3969991534576915,342.57
US.GOOGL,Alphabet-A,2026-09-04 09:40:00,341.13,341.92,342.04,341.085,0.0,0.0,282732.0,96560974.187,0.20808299873978972,341.21
US.GOOGL,Alphabet-A,2026-09-04 09:45:00,341.85,341.04,342.22,340.5,0.0,0.0,321481.0,109705369.427,-0.2573701450631713,341.92
US.GOOGL,Alphabet-A,2026-09-04 09:50:00,341.055,340.495,341.36,340.26,0.0,0.0,259467.0,88454970.944,-0.15980530143092184,341.04
US.GOOGL,Alphabet-A,2026-09-04 09:55:00,340.47,340.64,340.67,339.72,0.0,0.0,337515.0,114802652.608,0.04258505998619122,340.495
US.GOOGL,Alphabet-A,2026-09-04 10:00:00,340.64,341.6,341.72,340.35,0.0,0.0,322806.0,110105553.664,0.2818224518553418,340.64
US.GOOGL,Alphabet-A,2026-09-04 10:05:00,341.545,341.67,341.88,341.29,0.0,0.0,358695.0,122526767.845,0.020491803278686528,341.6
US.GOOGL,Alphabet-A,2026-09-04 10:10:00,341.68,341.49,341.97,341.16,0.0,0.0,223207.0,76232274.776,-0.05268241285451074,341.67
US.GOOGL,Alphabet-A,2026-09-04 10:15:00,341.43,340.86,341.5,340.64,0.0,0.0,216070.0,73693496.559,-0.1844856364754445,341.49
US.GOOGL,Alphabet-A,2026-09-04 10:20:00,340.88,339.735,340.925,339.66,0.0,0.0,398914.0,135731856.942,-0.3300475268438655,340.86
US.GOOGL,Alphabet-A,2026-09-04 10:25:00,339.73,338.65,340.14,338.5338,0.0,0.0,719167.0,243990552.434,-0.31936656511694006,339.735
US.GOOGL,Alphabet-A,2026-09-04 10:30:00,338.68,337.99,338.76,337.9,0.0,0.0,340908.0,115331986.24,-0.19489148087995517,338.65
US.GOOGL,Alphabet-A,2026-09-04 10:35:00,337.96,338.7205,338.97,337.6603,0.0,0.0,358139.0,121155306.207,0.2161306547531011,337.99
US.GOOGL,Alphabet-A,2026-09-04 10:40:00,338.74,339.19,339.22,338.43,0.0,0.0,235856.0,79911404.972,0.13860985679933227,338.7205
US.GOOGL,Alphabet-A,2026-09-04 10:45:00,339.23,338.86,339.28,338.77,0.0,0.0,220827.0,74849446.519,-0.09729060408620067,339.19
US.GOOGL,Alphabet-A,2026-09-04 10:50:00,338.86,338.31,338.98,338.02,0.0,0.0,200797.0,67968313.796,-0.16230891813728718,338.86
US.GOOGL,Alphabet-A,2026-09-04 10:55:00,338.3076,338.04,338.46,337.95,0.0,0.0,163978.0,55455202.438,-0.07980845969672248,338.31
US.GOOGL,Alphabet-A,2026-09-04 11:00:00,338.08,337.729,338.085,337.57,0.0,0.0,202135.0,68281678.981,-0.09200094663354498,338.04
US.GOOGL,Alphabet-A,2026-09-04 11:05:00,337.73,337.665,337.78,337.235,0.0,0.0,248052.0,83713455.574,-0.018950104965805285,337.729
US.GOOGL,Alphabet-A,2026-09-04 11:10:00,337.7,337.96,337.9801,337.57,0.0,0.0,174462.0,58922921.971,0.08736469577834809,337.665
US.GOOGL,Alphabet-A,2026-09-04 11:15:00,337.96,337.76,337.98,337.65,0.0,0.0,122936.0,41533236.121,-0.05917860101786858,337.96
US.GOOGL,Alphabet-A,2026-09-04 11:20:00,337.79,337.17,337.86,337.09,0.0,0.0,266219.0,89831387.06,-0.17468024632874674,337.76
US.GOOGL,Alphabet-A,2026-09-04 11:25:00,337.2,337.62,337.81,337.13,0.0,0.0,163888.0,55310596.313,0.13346383130171385,337.17
US.GOOGL,Alphabet-A,2026-09-04 11:30:00,337.62,337.75,338.01,337.48,0.0,0.0,152800.0,51609229.869,0.03850482791303698,337.62
US.GOOGL,Alphabet-A,2026-09-04 11:35:00,337.745,337.93,338.15,337.51,0.0,0.0,149329.0,50435873.971,0.05329385640266671,337.75
US.GOOGL,Alphabet-A,2026-09-04 11:40:00,337.91,337.69,338.01,337.52,0.0,0.0,157688.0,53266514.604,-0.07102062557334629,337.93
US.GOOGL,Alphabet-A,2026-09-04 11:45:00,337.69,337.73,337.8587,337.5,0.0,0.0,129747.0,43812470.835,0.011845183452284776,337.69
US.GOOGL,Alphabet-A,2026-09-04 11:50:00,337.74,337.66,337.86,337.39,0.0,0.0,154703.0,52227093.197,-0.020726615935804688,337.73
US.GOOGL,Alphabet-A,2026-09-04 11:55:00,337.67,338.0025,338.14,337.65,0.0,0.0,195152.0,65947441.278,0.10143339453887719,337.66
US.GOOGL,Alphabet-A,2026-09-04 12:00:00,338.04,338.2,338.32,337.91,0.0,0.0,175496.0,59337979.526,0.05843152047691686,338.0025
US.GOOGL,Alphabet-A,2026-09-04 12:05:00,338.21,337.928,338.259,337.89,0.0,0.0,134299.0,45401455.831,-0.0804257835600211,338.2
US.GOOGL,Alphabet-A,2026-09-04 12:10:00,337.92,337.99,338.21,337.76,0.0,0.0,130107.0,43972883.418,0.018347103525014744,337.928
US.GOOGL,Alphabet-A,2026-09-04 12:15:00,337.99,338.265,338.4,337.94,0.0,0.0,163188.0,55182742.395,0.08136335394537628,337.99
US.GOOGL,Alphabet-A,2026-09-04 12:20:00,338.24,338.6,338.81,338.05,0.0,0.0,169190.0,57259439.507,0.09903478042364312,338.265
US.GOOGL,Alphabet-A,2026-09-04 12:25:00,338.57,338.605,338.75,338.5,0.0,0.0,122450.0,41461246.703,0.0014766686355568376,338.6
US.GOOGL,Alphabet-A,2026-09-04 12:30:00,338.605,338.62,338.87,338.51,0.0,0.0,125051.0,42354992.183,0.0044299404911287065,338.605
US.GOOGL,Alphabet-A,2026-09-04 12:35:00,338.62,338.55,338.73,338.44,0.0,0.0,136816.0,46318719.114,-0.020672139861789965,338.62
US.GOOGL,Alphabet-A,2026-09-04 12:40:00,338.52,338.62,338.66,338.4233,0.0,0.0,122178.0,41360595.73,0.020676414119035057,338.55
US.GOOGL,Alphabet-A,2026-09-04 12:45:00,338.61,338.65,338.73,338.4096,0.0,0.0,131274.0,44445867.932,0.008859488512188504,338.62
US.GOOGL,Alphabet-A,2026-09-04 12:50:00,338.65,338.79,338.87,338.63,0.0,0.0,116141.0,39343741.625,0.04134061715636888,338.65
US.GOOGL,Alphabet-A,2026-09-04 12:55:00,338.76,338.63,338.85,338.5801,0.0,0.0,97637.0,33077173.155,-0.04722689571711827,338.79
US.GOOGL,Alphabet-A,2026-09-04 13:00:00,338.615,338.55,338.72,338.43,0.0,0.0,69907.0,23671543.731,-0.023624605026130018,338.63
US.GOOGL,Alphabet-A,2026-09-04 13:05:00,338.514358,338.67,338.67,338.41,0.0,0.0,64485.0,21830639.697,0.035445281346922035,338.55
US.GOOGL,Alphabet-A,2026-09-04 13:10:00,338.67,338.6299,338.96,338.54,0.0,0.0,114008.0,38621706.145,-0.011840434641389955,338.67
US.GOOGL,Alphabet-A,2026-09-04 13:15:00,338.6,338.6192,338.82,338.505,0.0,0.0,89538.0,30324058.867,-0.00315979185536852,338.6299
US.GOOGL,Alphabet-A,2026-09-04 13:20:00,338.61,338.69,338.8399,338.5,0.0,0.0,81187.0,27496529.904,0.02090844228561751,338.6192
US.GOOGL,Alphabet-A,2026-09-04 13:25:00,338.7,338.596,338.88,338.56,0.0,0.0,127955.0,43338618.405,-0.027753993327229644,338.69
US.GOOGL,Alphabet-A,2026-09-04 13:30:00,338.6,338.72,338.79,338.58,0.0,0.0,136513.0,46231781.208,0.03662181478813206,338.596
US.GOOGL,Alphabet-A,2026-09-04 13:35:00,338.72,338.59,338.72,338.4501,0.0,0.0,177707.0,60181755.93,-0.03837978271139947,338.72
US.GOOGL,Alphabet-A,2026-09-04 13:40:00,338.6,338.43,338.6,338.26,0.0,0.0,76529.0,25899539.566,-0.047254791931234885,338.59
US.GOOGL,Alphabet-A,2026-09-04 13:45:00,338.44,338.36,338.49,338.2001,0.0,0.0,93162.0,31522365.037,-0.02068374553083154,338.43
US.GOOGL,Alphabet-A,2026-09-04 13:50:00,338.38,338.49,338.57,338.28,0.0,0.0,96878.0,32783253.189,0.038420617094217825,338.36
US.GOOGL,Alphabet-A,2026-09-04 13:55:00,338.504,338.46,338.5899,338.38,0.0,0.0,85280.0,28864513.962,-0.00886289107507742,338.49
US.GOOGL,Alphabet-A,2026-09-04 14:00:00,338.4633,338.56,338.6298,338.35,0.0,0.0,76223.0,25798977.55,0.02954558884359237,338.46
US.GOOGL,Alphabet-A,2026-09-04 14:05:00,338.56,338.5148,338.685,338.45,0.0,0.0,77388.0,26199959.452,-0.013350661625715547,338.56
US.GOOGL,Alphabet-A,2026-09-04 14:10:00,338.53,338.07,338.53,338.01,0.0,0.0,107812.0,36468361.054,-0.13139750462904032,338.5148
US.GOOGL,Alphabet-A,2026-09-04 14:15:00,338.06,337.84,338.15,337.75,0.0,0.0,129885.0,43897228.298,-0.06803324755228746,338.07
US.GOOGL,Alphabet-A,2026-09-04 14:20:00,337.84,338.13,338.29,337.84,0.0,0.0,168443.0,56946991.974,0.08583945062752205,337.84
US.GOOGL,Alphabet-A,2026-09-04 14:25:00,338.16,338.5,338.5999,338.1,0.0,0.0,133500.0,45178713.913,0.10942536894094122,338.13
US.GOOGL,Alphabet-A,2026-09-04 14:30:00,338.52,338.44,338.59,338.38,0.0,0.0,126736.0,42899914.33,-0.0177252584933537,338.5
US.GOOGL,Alphabet-A,2026-09-04 14:35:00,338.4301,338.46,338.6,338.35,0.0,0.0,83006.0,28094297.463,0.005909466966074284,338.44
US.GOOGL,Alphabet-A,2026-09-04 14:40:00,338.475,338.738,338.738,338.33,0.0,0.0,105304.0,35643949.284,0.08213673698517403,338.46
US.GOOGL,Alphabet-A,2026-09-04 14:45:00,338.69,338.88,339.06,338.59,0.0,0.0,171463.0,58099490.604,0.04192030418789622,338.738
US.GOOGL,Alphabet-A,2026-09-04 14:50:00,338.9,338.7,339.01,338.565,0.0,0.0,125480.0,42506393.326,-0.05311614730878388,338.88
US.GOOGL,Alphabet-A,2026-09-04 14:55:00,338.71,338.91,338.91,338.66,0.0,0.0,104384.0,35367298.593,0.06200177147919586,338.7
US.GOOGL,Alphabet-A,2026-09-04 15:00:00,338.91,339.175,339.24,338.87,0.0,0.0,135803.0,46046582.781,0.07819185034374505,338.91
US.GOOGL,Alphabet-A,2026-09-04 15:05:00,339.17,338.9579,339.22,338.8901,0.0,0.0,137683.0,46685746.585,-0.06400825532542677,339.175
US.GOOGL,Alphabet-A,2026-09-04 15:10:00,338.97,339.08,339.14,338.91,0.0,0.0,117688.0,39898544.648,0.03602217266509764,338.9579
US.GOOGL,Alphabet-A,2026-09-04 15:15:00,339.08,339.29,339.3499,339.06,0.0,0.0,150588.0,51084102.512,0.06193228736582411,339.08
US.GOOGL,Alphabet-A,2026-09-04 15:20:00,339.28,339.21,339.44,339.06,0.0,0.0,164681.0,55868209.222,-0.02357864953286007,339.29
US.GOOGL,Alphabet-A,2026-09-04 15:25:00,339.2,339.25,339.322,339.12,0.0,0.0,120969.0,41037463.701,0.011792105185584288,339.21
US.GOOGL,Alphabet-A,2026-09-04 15:30:00,339.25,339.57,339.58,339.25,0.0,0.0,154039.0,52284226.134,0.09432571849668185,339.25
US.GOOGL,Alphabet-A,2026-09-04 15:35:00,339.56,339.0,339.6,338.98,0.0,0.0,212265.0,72016402.133,-0.16785935153281892,339.57
US.GOOGL,Alphabet-A,2026-09-04 15:40:00,339.01,338.875,339.04,338.79,0.0,0.0,219597.0,74428382.518,-0.03687315634218289,339.0
US.GOOGL,Alphabet-A,2026-09-04 15:45:00,338.87,338.8,338.99,338.62,0.0,0.0,306431.0,103816111.255,-0.022132054592397976,338.875
US.GOOGL,Alphabet-A,2026-09-04 15:50:00,338.8,338.82,338.83,338.51,0.0,0.0,371742.0,125900032.545,0.0059031877213641705,338.8
US.GOOGL,Alphabet-A,2026-09-04 15:55:00,338.83,338.62,339.73,338.45,0.0,0.0,534798.0,181107918.136,-0.059028392656864596,338.82
US.GOOGL,Alphabet-A,2026-09-04 16:00:00,338.66,338.46,338.66,338.11,0.0,0.0,4429487.0,1499162907.834,-0.04725060539838905,338.62
US.GOOGL,Alphabet-A,2026-09-04 16:05:00,338.42,338.5193,338.59,338.29,0.0,0.0,1384934.0,469347114.013,0.017520534184248496,338.46
US.GOOGL,Alphabet-A,2026-09-04 16:10:00,338.5193,338.46,338.54,338.22,0.0,0.0,28474.0,9646791.615,-0.01751746503079956,338.5193
US.GOOGL,Alphabet-A,2026-09-04 16:15:00,338.46,338.45,338.59,338.41,0.0,0.0,4546.0,1538771.087,-0.002954558884355878,338.46
US.GOOGL,Alphabet-A,2026-09-04 16:20:00,338.45,338.44,338.55,338.35,0.0,0.0,33866.0,11462665.793,-0.002954646181117124,338.45
US.GOOGL,Alphabet-A,2026-09-04 16:25:00,338.44,338.6,338.6,338.44,0.0,0.0,2490.0,843191.323,0.047275735728644665,338.44
US.GOOGL,Alphabet-A,2026-09-04 16:30:00,338.6,338.76,338.76,338.5577,0.0,0.0,3246.0,1099421.387,0.04725339633785238,338.6
US.GOOGL,Alphabet-A,2026-09-04 16:35:00,338.76,338.5518,338.76,338.5341,0.0,0.0,4341.0,1470175.362,-0.06145944031171822,338.76
US.GOOGL,Alphabet-A,2026-09-04 16:40:00,338.5518,338.62,338.689,338.46,0.0,0.0,2636.0,892576.612,0.020144627794030416,338.5518
US.GOOGL,Alphabet-A,2026-09-04 16:45:00,338.62,338.75,338.88,338.62,0.0,0.0,3646.0,1235131.841,0.03839111688618376,338.62
US.GOOGL,Alphabet-A,2026-09-04 16:50:00,338.75,338.76,338.88,338.65,0.0,0.0,5837.0,1976186.413,0.002952029520292518,338.75
US.GOOGL,Alphabet-A,2026-09-04 16:55:00,338.76,338.7998,338.83,338.76,0.0,0.0,12856.0,4352064.465,0.011748730664781505,338.76
US.GOOGL,Alphabet-A,2026-09-04 17:00:00,338.7998,338.8999,338.94,338.79,0.0,0.0,6704.0,2276011.955,0.02954547198670059,338.7998
US.GOOGL,Alphabet-A,2026-09-04 17:05:00,338.9,339.1,339.15,338.8861,0.0,0.0,7636.0,2592253.453,0.05904398319386355,338.8999
US.GOOGL,Alphabet-A,2026-09-04 17:10:00,339.1,339.12,339.2408,339.1,0.0,0.0,2215.0,751226.471,0.0058979652019999435,339.1
US.GOOGL,Alphabet-A,2026-09-04 17:15:00,339.12,339.3,339.3,339.0,0.0,0.0,3930.0,1333190.176,0.05307855626327165,339.12
US.GOOGL,Alphabet-A,2026-09-04 17:20:00,339.3,339.0903,339.3,339.01,0.0,0.0,1480065.0,500944583.718,-0.06180371352785086,339.3
US.GOOGL,Alphabet-A,2026-09-04 17:25:00,339.0903,339.03,339.15,339.03,0.0,0.0,653639.0,221231240.367,-0.017782873765495696,339.0903
US.GOOGL,Alphabet-A,2026-09-04 17:30:00,339.03,339.05,339.15,339.03,0.0,0.0,2079.0,704977.73,0.005899182963171004,339.03
US.GOOGL,Alphabet-A,2026-09-04 17:35:00,339.05,339.01,339.05,338.99,0.0,0.0,1351.0,458035.144,-0.011797669960188899,339.05
US.GOOGL,Alphabet-A,2026-09-04 17:40:00,339.01,338.9,339.01,338.9,0.0,0.0,1686.0,571558.785,-0.03244742043007983,339.01
US.GOOGL,Alphabet-A,2026-09-04 17:45:00,338.9,338.94,338.94,338.87,0.0,0.0,742.0,251639.086,0.011802891708474615,338.9
US.GOOGL,Alphabet-A,2026-09-04 17:50:00,338.94,339.01,339.01,338.94,0.0,0.0,154774.0,52385044.259,0.02065262288310414,338.94
US.GOOGL,Alphabet-A,2026-09-04 17:55:00,339.01,339.03,339.03,338.97,0.0,0.0,1410.0,478066.123,0.005899530987281145,339.01
US.GOOGL,Alphabet-A,2026-09-04 18:00:00,339.03,339.1,339.1,339.01,0.0,0.0,1588.0,538547.207,0.020647140371073364,339.03
US.GOOGL,Alphabet-A,2026-09-04 18:05:00,339.1,339.07,339.15,339.01,0.0,0.0,1114.0,377844.232,-0.008846947803016678,339.1
US.GOOGL,Alphabet-A,2026-09-04 18:10:00,339.07,339.0,339.08,339.0,0.0,0.0,1703.0,577626.272,-0.020644704633259556,339.07
US.GOOGL,Alphabet-A,2026-09-04 18:15:00,339.0,339.0,339.0,338.91,0.0,0.0,2082.0,705783.689,0.0,339.0
US.GOOGL,Alphabet-A,2026-09-04 18:20:00,339.0,338.98,339.0,338.88,0.0,0.0,773.0,262039.64,-0.005899705014743897,339.0
US.GOOGL,Alphabet-A,2026-09-04 18:25:00,338.98,338.88,338.98,338.88,0.0,0.0,1708.0,578844.241,-0.029500265502396227,338.98
US.GOOGL,Alphabet-A,2026-09-04 18:30:00,338.88,338.86,338.88,338.8,0.0,0.0,1133.0,384239.269,-0.00590179414541484,338.88
US.GOOGL,Alphabet-A,2026-09-04 18:35:00,338.86,338.9181,338.92,338.81,0.0,0.0,2013.0,682263.05,0.017145723897765336,338.86
US.GOOGL,Alphabet-A,2026-09-04 18:40:00,338.9181,338.89,338.9181,338.89,0.0,0.0,642.0,217647.46,-0.00829108861403239,338.9181
US.GOOGL,Alphabet-A,2026-09-04 18:45:00,338.89,338.9909,338.9923,338.89,0.0,0.0,966.0,327653.927,0.029773672873210835,338.89
US.GOOGL,Alphabet-A,2026-09-04 18:50:00,338.9909,339.0,339.0,338.9693,0.0,0.0,953.0,323066.751,0.00268443784183866,338.9909
US.GOOGL,Alphabet-A,2026-09-04 18:55:00,339.0,338.89,339.0,338.71,0.0,0.0,3663.0,1241578.779,-0.03244837758112497,339.0
US.GOOGL,Alphabet-A,2026-09-04 19:00:00,338.89,338.92,338.97,338.8865,0.0,0.0,630.0,213567.804,0.008852429992041536,338.89
US.GOOGL,Alphabet-A,2026-09-04 19:05:00,338.9461,338.9,338.95,338.8824,0.0,0.0,1662.0,563301.853,-0.005901097604165777,338.92
US.GOOGL,Alphabet-A,2026-09-04 19:10:00,338.9,338.89,338.92,338.8812,0.0,0.0,682.0,231314.508,-0.00295072292711446,338.9
US.GOOGL,Alphabet-A,2026-09-04 19:15:00,338.89,338.95,338.95,338.89,0.0,0.0,502.0,170150.743,0.017704859984066297,338.89
US.GOOGL,Alphabet-A,2026-09-04 19:20:00,338.95,338.8957,338.95,338.8839,0.0,0.0,882.0,298989.535,-0.016020061956044256,338.95
US.GOOGL,Alphabet-A,2026-09-04 19:25:00,338.8957,338.9,338.94,338.88,0.0,0.0,952.0,322801.408,0.0012688269576747763,338.8957
US.GOOGL,Alphabet-A,2026-09-04 19:30:00,338.9,338.97,338.97,338.9,0.0,0.0,1100.0,372835.903,0.020655060489834766,338.9
US.GOOGL,Alphabet-A,2026-09-04 19:35:00,338.97,338.947,338.97,338.9,0.0,0.0,2218.0,751992.835,-0.006785261232564697,338.97
US.GOOGL,Alphabet-A,2026-09-04 19:40:00,338.947,338.7,338.947,338.7,0.0,0.0,4552.0,1542665.541,-0.07287275001696847,338.947
US.GOOGL,Alphabet-A,2026-09-04 19:45:00,338.7,338.9,338.92,338.7,0.0,0.0,2155.0,731170.939,0.059049306170649137,338.7
US.GOOGL,Alphabet-A,2026-09-04 19:50:00,338.9,338.9046,338.9046,338.87,0.0,0.0,845.0,286929.95,0.0013573325464853992,338.9
US.GOOGL,Alphabet-A,2026-09-04 19:55:00,338.9046,338.85,338.9046,338.7,0.0,0.0,1092.0,370029.365,-0.01611072850589621,338.9046
US.GOOGL,Alphabet-A,2026-09-04 20:00:00,338.85,338.7155,338.9,338.7155,0.0,0.0,2184.0,740282.414,-0.03969307953371779,338.85
US.GOOGL,Alphabet-A,2026-09-08 04:05:00,337.39,336.67,338.42,336.53,0.0,0.0,123508.0,41700144.677,-0.6038991424956944,338.7155
US.GOOGL,Alphabet-A,2026-09-08 04:10:00,336.67,336.88,337.0,336.67,0.0,0.0,2985.0,1006609.819,0.06237562004335983,336.67
US.GOOGL,Alphabet-A,2026-09-08 04:15:00,336.86,336.7175,336.97,336.7,0.0,0.0,2471.0,832366.841,-0.048236760864409506,336.88
US.GOOGL,Alphabet-A,2026-09-08 04:20:00,336.7175,336.62,337.0,336.6,0.0,0.0,4081.0,1374511.929,-0.028956023966668847,336.7175
US.GOOGL,Alphabet-A,2026-09-08 04:25:00,336.62,336.83,336.83,336.52,0.0,0.0,1327.0,446898.504,0.062384885033562924,336.62
US.GOOGL,Alphabet-A,2026-09-08 04:30:00,336.83,336.85,336.94,336.83,0.0,0.0,3612.0,1216976.872,0.005937713386586306,336.83
US.GOOGL,Alphabet-A,2026-09-08 04:35:00,336.85,336.71,336.9,336.71,0.0,0.0,1920.0,646637.639,-0.041561525901749496,336.85
US.GOOGL,Alphabet-A,2026-09-08 04:40:00,336.71,336.68,336.73,336.6,0.0,0.0,3164.0,1065459.412,-0.008909744290330765,336.71
US.GOOGL,Alphabet-A,2026-09-08 04:45:00,336.68,336.79,336.8324,336.52,0.0,0.0,4450.0,1498118.759,0.03267197338719664,336.68
US.GOOGL,Alphabet-A,2026-09-08 04:50:00,336.79,336.75,336.85,336.64,0.0,0.0,4299.0,1447633.507,-0.01187683719826018,336.79
US.GOOGL,Alphabet-A,2026-09-08 04:55:00,336.75,336.58,336.75,336.57,0.0,0.0,1081.0,364102.111,-0.05048255382331579,336.75
US.GOOGL,Alphabet-A,2026-09-08 05:00:00,336.58,336.48,336.58,336.45,0.0,0.0,3485.0,1172817.225,-0.029710618575068598,336.58
US.GOOGL,Alphabet-A,2026-09-08 05:05:00,336.48,336.7,336.7,336.48,0.0,0.0,3105.0,1045570.017,0.06538278649547385,336.48
US.GOOGL,Alphabet-A,2026-09-08 05:10:00,336.7,336.63,336.7,336.62,0.0,0.0,901.0,303586.393,-0.020790020790018765,336.7
US.GOOGL,Alphabet-A,2026-09-08 05:15:00,336.63,336.635,336.64,336.56,0.0,0.0,796.0,268138.104,0.0014853102813164164,336.63
US.GOOGL,Alphabet-A,2026-09-08 05:20:00,336.635,336.6,336.65,336.57,0.0,0.0,1084.0,365215.46,-0.010397017541244426,336.635
US.GOOGL,Alphabet-A,2026-09-08 05:25:00,336.6,336.67,336.7,336.5638,0.0,0.0,1028.0,346075.267,0.020796197266783476,336.6
US.GOOGL,Alphabet-A,2026-09-08 05:30:00,336.67,336.7,336.7,336.63,0.0,0.0,2470.0,831886.602,0.008910802863329882,336.67
US.GOOGL,Alphabet-A,2026-09-08 05:35:00,336.7,336.87,336.87,336.68,0.0,0.0,10691.0,3599827.244,0.05049005049005522,336.7
US.GOOGL,Alphabet-A,2026-09-08 05:40:00,336.87,336.94,336.94,336.87,0.0,0.0,1620.0,545935.829,0.020779529195236495,336.87
US.GOOGL,Alphabet-A,2026-09-08 05:45:00,336.94,336.79,336.94,336.67,0.0,0.0,5307.0,1787582.167,-0.044518311865607306,336.94
US.GOOGL,Alphabet-A,2026-09-08 05:50:00,336.79,336.98,336.98,336.79,0.0,0.0,2849.0,959758.498,0.056414976691706316,336.79
US.GOOGL,Alphabet-A,2026-09-08 05:55:00,336.98,336.96,336.9832,336.92,0.0,0.0,951.0,320483.768,-0.005935070330594888,336.98
US.GOOGL,Alphabet-A,2026-09-08 06:00:00,336.98,337.18,337.18,336.9,0.0,0.0,2542.0,857115.74,0.06528964862299005,336.96
US.GOOGL,Alphabet-A,2026-09-08 06:05:00,337.18,337.15,337.18,337.1495,0.0,0.0,1034.0,348725.006,-0.008897324870997555,337.18
US.GOOGL,Alphabet-A,2026-09-08 06:10:00,337.15,337.37,337.38,337.13,0.0,0.0,1756.0,592464.831,0.06525285481240614,337.15
US.GOOGL,Alphabet-A,2026-09-08 06:15:00,337.37,337.3,337.39,337.2,0.0,0.0,2489.0,839770.405,-0.02074873284524207,337.37
US.GOOGL,Alphabet-A,2026-09-08 06:20:00,337.3,337.25,337.3,337.2,0.0,0.0,745.0,251585.02,-0.014823599169881818,337.3
US.GOOGL,Alphabet-A,2026-09-08 06:25:00,337.25,337.07,337.62,337.07,0.0,0.0,6268.0,2114288.835,-0.05337286879169957,337.25
US.GOOGL,Alphabet-A,2026-09-08 06:30:00,337.07,337.0,337.07,337.0,0.0,0.0,1962.0,661516.469,-0.020767199691456725,337.07
US.GOOGL,Alphabet-A,2026-09-08 06:35:00,337.08,336.96,337.08,336.8052,0.0,0.0,6070.0,2045448.261,-0.011869436201786487,337.0
US.GOOGL,Alphabet-A,2026-09-08 06:40:00,336.96,336.99,337.0,336.91,0.0,0.0,2028.0,683686.962,0.008903133903142676,336.96
US.GOOGL,Alphabet-A,2026-09-08 06:45:00,336.99,336.83,337.0,336.83,0.0,0.0,2937.0,989502.539,-0.047479153684093,336.99
US.GOOGL,Alphabet-A,2026-09-08 06:50:00,336.83,336.72,336.84,336.67,0.0,0.0,2125.0,715675.294,-0.03265742362614874,336.83
US.GOOGL,Alphabet-A,2026-09-08 06:55:00,336.72,336.5,336.75,336.5,0.0,0.0,4104.0,1381527.97,-0.06533618436684108,336.72
US.GOOGL,Alphabet-A,2026-09-08 07:00:00,336.5,336.3,336.5,336.3,0.0,0.0,7507.0,2525525.145,-0.05943536404160138,336.5
US.GOOGL,Alphabet-A,2026-09-08 07:05:00,336.3,336.35,336.46,335.9,0.0,0.0,21305.0,7161320.175,0.01486767766875152,336.3
US.GOOGL,Alphabet-A,2026-09-08 07:10:00,336.35,336.07,336.35,335.9,0.0,0.0,5632.0,1892914.964,-0.08324661810614822,336.35
US.GOOGL,Alphabet-A,2026-09-08 07:15:00,336.07,335.86,336.11,335.8,0.0,0.0,8774.0,2947139.248,-0.062486981878769166,336.07
US.GOOGL,Alphabet-A,2026-09-08 07:20:00,335.86,336.1595,336.17,335.8499,0.0,0.0,7130.0,2395799.02,0.08917406062048662,335.86
US.GOOGL,Alphabet-A,2026-09-08 07:25:00,336.1595,336.2,336.2,336.03,0.0,0.0,3841.0,1291063.823,0.012047852284409228,336.1595
US.GOOGL,Alphabet-A,2026-09-08 07:30:00,336.2,336.1,336.37,336.07,0.0,0.0,5351.0,1798857.598,-0.02974419988101306,336.2
US.GOOGL,Alphabet-A,2026-09-08 07:35:00,336.1,336.17,336.17,335.93,0.0,0.0,4012.0,1348233.563,0.020827134781313053,336.1
US.GOOGL,Alphabet-A,2026-09-08 07:40:00,336.17,336.16,336.2,336.01,0.0,0.0,2998.0,1007933.482,-0.0029746854270133872,336.17
US.GOOGL,Alphabet-A,2026-09-08 07:45:00,336.16,336.11,336.1808,336.08,0.0,0.0,2460.0,826904.205,-0.014873869585914853,336.16
US.GOOGL,Alphabet-A,2026-09-08 07:50:00,336.11,336.19,336.23,336.11,0.0,0.0,4189.0,1408531.375,0.023801731575967416,336.11
US.GOOGL,Alphabet-A,2026-09-08 07:55:00,336.19,336.24,336.25,336.18,0.0,0.0,5373.0,1806756.563,0.01487254231238626,336.19
US.GOOGL,Alphabet-A,2026-09-08 08:00:00,336.24,336.45,336.62,336.24,0.0,0.0,3023.0,1017477.365,0.06245538900784545,336.24
US.GOOGL,Alphabet-A,2026-09-08 08:05:00,336.45,336.33,336.45,336.32,0.0,0.0,4588.0,1543482.845,-0.035666518056176114,336.45
US.GOOGL,Alphabet-A,2026-09-08 08:10:00,336.33,336.1592,336.33,336.02,0.0,0.0,8711.0,2928795.045,-0.05078345672404651,336.33
US.GOOGL,Alphabet-A,2026-09-08 08:15:00,336.1592,335.92,336.18,335.92,0.0,0.0,13536.0,4548759.263,-0.07115676143921765,336.1592
US.GOOGL,Alphabet-A,2026-09-08 08:20:00,335.92,336.1,336.136,335.87,0.0,0.0,8187.0,2751011.41,0.05358418671112372,335.92
US.GOOGL,Alphabet-A,2026-09-08 08:25:00,336.1,336.23,336.23,336.03,0.0,0.0,3189.0,1072329.107,0.03867896459386952,336.1
US.GOOGL,Alphabet-A,2026-09-08 08:30:00,336.23,336.155,336.3,336.1455,0.0,0.0,3397.0,1142342.533,-0.02230615947418299,336.23
US.GOOGL,Alphabet-A,2026-09-08 08:35:00,336.155,336.33,336.43,336.155,0.0,0.0,4729.0,1590575.839,0.05205931787419833,336.155
US.GOOGL,Alphabet-A,2026-09-08 08:40:00,336.33,336.339,336.35,336.24,0.0,0.0,4081.0,1372565.534,0.002675943270007003,336.33
US.GOOGL,Alphabet-A,2026-09-08 08:45:00,336.339,336.2,336.35,336.11,0.0,0.0,4526.0,1521777.965,-0.04132735127356923,336.339
US.GOOGL,Alphabet-A,2026-09-08 08:50:00,336.2,336.06,336.2,336.0,0.0,0.0,6681.0,2245554.798,-0.04164187983342842,336.2
US.GOOGL,Alphabet-A,2026-09-08 08:55:00,336.06,336.29,336.35,336.0,0.0,0.0,9611.0,3230837.112,0.06844015949533362,336.06
US.GOOGL,Alphabet-A,2026-09-08 09:00:00,336.29,336.4,336.4,336.01,0.0,0.0,7308.0,2457452.824,0.03270986351064759,336.29
US.GOOGL,Alphabet-A,2026-09-08 09:05:00,336.4,336.27,336.43,336.08,0.0,0.0,8602.0,2892532.229,-0.03864447086801292,336.4
US.GOOGL,Alphabet-A,2026-09-08 09:10:00,336.27,336.35,336.4,336.27,0.0,0.0,4684.0,1575615.026,0.023790406518583558,336.27
US.GOOGL,Alphabet-A,2026-09-08 09:15:00,336.35,336.39,336.42,336.34,0.0,0.0,6790.0,2284337.593,0.01189237401515196,336.35
US.GOOGL,Alphabet-A,2026-09-08 09:20:00,336.39,336.4,336.4297,336.16,0.0,0.0,7190.0,2418021.381,0.0029727399744317326,336.39
US.GOOGL,Alphabet-A,2026-09-08 09:25:00,336.4,336.11,336.4,336.11,0.0,0.0,6698.0,2252573.023,-0.08620689655171333,336.4
US.GOOGL,Alphabet-A,2026-09-08 09:30:00,336.11,335.52,336.36,335.1,0.0,0.0,61676.0,20697892.029,-0.1755377703728041,336.11
US.GOOGL,Alphabet-A,2026-09-08 09:35:00,335.42,336.05,336.99,334.73,0.0,0.0,1420659.0,476619763.282,0.1579637577491743,335.52
US.GOOGL,Alphabet-A,2026-09-08 09:40:00,336.055,335.52,336.65,334.88,0.0,0.0,536139.0,180032731.259,-0.15771462579974097,336.05
US.GOOGL,Alphabet-A,2026-09-08 09:45:00,335.52,335.31,336.28,335.0,0.0,0.0,434415.0,145791100.586,-0.06258941344777645,335.52
US.GOOGL,Alphabet-A,2026-09-08 09:50:00,335.31,334.0,335.37,333.77,0.0,0.0,596307.0,199325348.537,-0.3906832483373601,335.31
US.GOOGL,Alphabet-A,2026-09-08 09:55:00,333.99,334.0,334.305,333.5,0.0,0.0,466890.0,155900888.209,0.0,334.0
US.GOOGL,Alphabet-A,2026-09-08 10:00:00,334.0,333.9109,334.54,333.76,0.0,0.0,305530.0,102106566.696,-0.0266766467065789,334.0
US.GOOGL,Alphabet-A,2026-09-08 10:05:00,333.9,333.5,334.005,333.22,0.0,0.0,462768.0,154344455.03,-0.12305677951813686,333.9109
US.GOOGL,Alphabet-A,2026-09-08 10:10:00,333.52,334.2099,334.65,333.41,0.0,0.0,374575.0,125133801.933,0.21286356821589347,333.5
US.GOOGL,Alphabet-A,2026-09-08 10:15:00,334.17,333.48,334.17,333.46,0.0,0.0,361901.0,120804493.942,-0.21839568486749986,334.2099
US.GOOGL,Alphabet-A,2026-09-08 10:20:00,333.4689,334.87,334.9,333.42,0.0,0.0,387660.0,129512778.154,0.41681660069568977,333.48
US.GOOGL,Alphabet-A,2026-09-08 10:25:00,334.875,334.435,334.93,334.4003,0.0,0.0,271384.0,90795375.562,-0.12990115567235114,334.87
US.GOOGL,Alphabet-A,2026-09-08 10:30:00,334.44,334.63,334.83,334.435,0.0,0.0,243863.0,81608984.275,0.05830729439203229,334.435
US.GOOGL,Alphabet-A,2026-09-08 10:35:00,334.6407,334.54,334.79,334.33,0.0,0.0,175954.0,58862194.576,-0.026895376983526578,334.63
US.GOOGL,Alphabet-A,2026-09-08 10:40:00,334.54,335.16,335.17,334.31,0.0,0.0,225329.0,75405545.641,0.18532910862677243,334.54
US.GOOGL,Alphabet-A,2026-09-08 10:45:00,335.1628,336.27,336.37,335.14,0.0,0.0,470246.0,157971681.364,0.3311851056211829,335.16
US.GOOGL,Alphabet-A,2026-09-08 10:50:00,336.27,336.6363,336.94,336.06,0.0,0.0,310558.0,104505286.032,0.10893032384691582,336.27
US.GOOGL,Alphabet-A,2026-09-08 10:55:00,336.6111,337.071,337.56,336.54,0.0,0.0,329150.0,110931654.758,0.12913045919290958,336.6363
US.GOOGL,Alphabet-A,2026-09-08 11:00:00,337.095,337.0975,337.7,336.64,0.0,0.0,310551.0,104680066.459,0.007861845130550724,337.071
US.GOOGL,Alphabet-A,2026-09-08 11:05:00,337.13,337.585,337.9599,337.1,0.0,0.0,270306.0,91264081.061,0.14461691350423972,337.0975
US.GOOGL,Alphabet-A,2026-09-08 11:10:00,337.58,337.36,337.76,337.0628,0.0,0.0,209577.0,70718921.924,-0.06664988077075874,337.585
US.GOOGL,Alphabet-A,2026-09-08 11:15:00,337.32,337.76,337.87,337.25,0.0,0.0,153197.0,51717698.577,0.11856770215792545,337.36
US.GOOGL,Alphabet-A,2026-09-08 11:20:00,337.8,337.88,338.43,337.7001,0.0,0.0,211221.0,71401426.471,0.03552818569398524,337.76
US.GOOGL,Alphabet-A,2026-09-08 11:25:00,337.8,338.32,338.34,337.4033,0.0,0.0,143250.0,48386126.135,0.13022374807623943,337.88
US.GOOGL,Alphabet-A,2026-09-08 11:30:00,338.3,338.26,338.61,338.06,0.0,0.0,206430.0,69847200.066,-0.017734689051785962,338.32
US.GOOGL,Alphabet-A,2026-09-08 11:35:00,338.27,338.485,338.59,338.27,0.0,0.0,152917.0,51754704.474,0.06651688050612627,338.26
US.GOOGL,Alphabet-A,2026-09-08 11:40:00,338.485,338.38,338.51,338.08,0.0,0.0,157807.0,53388693.261,-0.03102057698273725,338.485
US.GOOGL,Alphabet-A,2026-09-08 11:45:00,338.38,338.55,338.7,338.28,0.0,0.0,144022.0,48755954.868,0.050239375849641214,338.38
US.GOOGL,Alphabet-A,2026-09-08 11:50:00,338.62,338.33,338.67,338.13,0.0,0.0,97407.0,32961090.074,-0.06498301580269598,338.55
US.GOOGL,Alphabet-A,2026-09-08 11:55:00,338.34,338.655,338.72,338.29,0.0,0.0,106590.0,36088744.447,0.09606005970501837,338.33
US.GOOGL,Alphabet-A,2026-09-08 12:00:00,338.64,338.515,338.78,338.34,0.0,0.0,124198.0,42052904.401,-0.04134000679156852,338.655
US.GOOGL,Alphabet-A,2026-09-08 12:05:00,338.49,338.415,338.55,338.12,0.0,0.0,139605.0,47229118.935,-0.029540788443633486,338.515
US.GOOGL,Alphabet-A,2026-09-08 12:10:00,338.43,338.31,338.76,337.98,0.0,0.0,187162.0,63342784.971,-0.031026993484336744,338.415
US.GOOGL,Alphabet-A,2026-09-08 12:15:00,338.31,338.14,338.465,338.14,0.0,0.0,88428.0,29913814.264,-0.050249770920166685,338.31
US.GOOGL,Alphabet-A,2026-09-08 12:20:00,338.14,338.26,338.4424,338.1,0.0,0.0,83601.0,28277612.649,0.03548825930088264,338.14
US.GOOGL,Alphabet-A,2026-09-08 12:25:00,338.28,338.46,338.54,338.125,0.0,0.0,105184.0,35591249.754,0.05912611600543624,338.26
US.GOOGL,Alphabet-A,2026-09-08 12:30:00,338.46,338.5207,338.97,338.37,0.0,0.0,106123.0,35940659.533,0.017934172428055634,338.46
US.GOOGL,Alphabet-A,2026-09-08 12:35:00,338.53,338.45,338.62,338.3,0.0,0.0,103102.0,34894170.354,-0.020884985763053192,338.5207
US.GOOGL,Alphabet-A,2026-09-08 12:40:00,338.445,338.26,338.665,338.1711,0.0,0.0,80892.0,27378043.33,-0.05613827744127574,338.45
US.GOOGL,Alphabet-A,2026-09-08 12:45:00,338.22,338.71,338.71,338.1602,0.0,0.0,88713.0,30025458.533,0.13303376101223574,338.26
US.GOOGL,Alphabet-A,2026-09-08 12:50:00,338.71,338.575,338.72,338.37,0.0,0.0,114577.0,38786964.963,-0.03985710489799265,338.71
US.GOOGL,Alphabet-A,2026-09-08 12:55:00,338.57,338.88,338.94,338.505,0.0,0.0,103853.0,35175732.633,0.09008343793842039,338.575
US.GOOGL,Alphabet-A,2026-09-08 13:00:00,338.92,338.67,339.29,338.45,0.0,0.0,179936.0,60967234.351,-0.06196883852690614,338.88
US.GOOGL,Alphabet-A,2026-09-08 13:05:00,338.67,339.32,339.375,338.64,0.0,0.0,131905.0,44723533.758,0.19192724481057585,338.67
US.GOOGL,Alphabet-A,2026-09-08 13:10:00,339.32,339.245,339.505,339.085,0.0,0.0,148305.0,50312607.53,-0.022103029588585593,339.32
US.GOOGL,Alphabet-A,2026-09-08 13:15:00,339.25,338.82,339.29,338.82,0.0,0.0,118219.0,40087739.05,-0.12527819127769352,339.245
US.GOOGL,Alphabet-A,2026-09-08 13:20:00,338.82,338.79,338.99,338.502,0.0,0.0,94094.0,31869678.973,-0.00885425889852214,338.82
US.GOOGL,Alphabet-A,2026-09-08 13:25:00,338.83,339.34,339.455,338.8,0.0,0.0,155490.0,52726371.02,0.16234245402755526,338.79
US.GOOGL,Alphabet-A,2026-09-08 13:30:00,339.345,339.31,339.45,339.235,0.0,0.0,165613.0,56201835.363,-0.008840690752629433,339.34
US.GOOGL,Alphabet-A,2026-09-08 13:35:00,339.29,339.3,339.654,339.28,0.0,0.0,171415.0,58191115.947,-0.0029471574666207613,339.31
US.GOOGL,Alphabet-A,2026-09-08 13:40:00,339.3028,339.53,339.68,339.2975,0.0,0.0,148749.0,50498692.124,0.06778661951074605,339.3
US.GOOGL,Alphabet-A,2026-09-08 13:45:00,339.54,338.7,339.545,338.66,0.0,0.0,193347.0,65582316.518,-0.24445557093628964,339.53
US.GOOGL,Alphabet-A,2026-09-08 13:50:00,338.73,339.215,339.22,338.52,0.0,0.0,213599.0,72384987.554,0.15205196338942614,338.7
US.GOOGL,Alphabet-A,2026-09-08 13:55:00,339.205,339.265,339.515,339.02,0.0,0.0,172096.0,58396916.236,0.014739914213702628,339.215
US.GOOGL,Alphabet-A,2026-09-08 14:00:00,339.26,338.76,339.28,338.75,0.0,0.0,108577.0,36801899.131,-0.1488511930202041,339.265
US.GOOGL,Alphabet-A,2026-09-08 14:05:00,338.77,338.5652,338.84,338.24,0.0,0.0,124249.0,42053933.59,-0.05750383752508753,338.76
US.GOOGL,Alphabet-A,2026-09-08 14:10:00,338.58,338.09,338.71,337.96,0.0,0.0,171901.0,58141133.184,-0.1403570124750061,338.5652
US.GOOGL,Alphabet-A,2026-09-08 14:15:00,338.09,338.165,338.43,337.93,0.0,0.0,108664.0,36744390.238,0.022183442278696643,338.09
US.GOOGL,Alphabet-A,2026-09-08 14:20:00,338.165,338.08,338.26,338.0,0.0,0.0,114516.0,38721009.176,-0.025135658628195223,338.165
US.GOOGL,Alphabet-A,2026-09-08 14:25:00,338.11,337.98,338.21,337.97,0.0,0.0,109156.0,36904850.28,-0.02957879791764254,338.08
US.GOOGL,Alphabet-A,2026-09-08 14:30:00,337.98,338.085,338.1999,337.845,0.0,0.0,110284.0,37272543.333,0.03106692703709135,337.98
US.GOOGL,Alphabet-A,2026-09-08 14:35:00,338.1,338.42,338.42,338.01,0.0,0.0,89364.0,30221035.795,0.09908750757946563,338.085
US.GOOGL,Alphabet-A,2026-09-08 14:40:00,338.41,337.885,338.42,337.86,0.0,0.0,112495.0,38030397.986,-0.15808758347616128,338.42
US.GOOGL,Alphabet-A,2026-09-08 14:45:00,337.88,338.29,338.29,337.8148,0.0,0.0,81665.0,27608224.807,0.11986326708792329,337.885
US.GOOGL,Alphabet-A,2026-09-08 14:50:00,338.31,337.78,338.47,337.26,0.0,0.0,186325.0,62964543.146,-0.15075822519141793,338.29
US.GOOGL,Alphabet-A,2026-09-08 14:55:00,337.82,337.7,338.11,337.48,0.0,0.0,126734.0,42811275.195,-0.023684054710161672,337.78
US.GOOGL,Alphabet-A,2026-09-08 15:00:00,337.775,337.79,338.03,337.7,0.0,0.0,97011.0,32776499.789,0.026650873556420443,337.7
US.GOOGL,Alphabet-A,2026-09-08 15:05:00,337.7851,337.71,338.105,337.69,0.0,0.0,140490.0,47472239.432,-0.023683353562876614,337.79
US.GOOGL,Alphabet-A,2026-09-08 15:10:00,337.73,337.3488,337.73,337.115,0.0,0.0,265807.0,89687014.414,-0.10695567202629376,337.71
US.GOOGL,Alphabet-A,2026-09-08 15:15:00,337.31,337.275,337.49,337.17,0.0,0.0,137008.0,46214611.777,-0.021876467324029505,337.3488
US.GOOGL,Alphabet-A,2026-09-08 15:20:00,337.275,337.29,337.35,337.0,0.0,0.0,154633.0,52139902.112,0.004447409384046609,337.275
US.GOOGL,Alphabet-A,2026-09-08 15:25:00,337.3,337.42,337.45,337.22,0.0,0.0,132314.0,44636134.691,0.03854250051884,337.29
US.GOOGL,Alphabet-A,2026-09-08 15:30:00,337.425,337.69,337.76,337.385,0.0,0.0,155069.0,52342814.726,0.08001896745894785,337.42
US.GOOGL,Alphabet-A,2026-09-08 15:35:00,337.68,337.56,337.71,337.32,0.0,0.0,158315.0,53435087.026,-0.038496846219904485,337.69
US.GOOGL,Alphabet-A,2026-09-08 15:40:00,337.56,337.95,337.97,337.425,0.0,0.0,137859.0,46546839.125,0.11553501599715203,337.56
US.GOOGL,Alphabet-A,2026-09-08 15:45:00,337.98,338.29,338.475,337.94,0.0,0.0,241395.0,81665618.818,0.10060659860927114,337.95
US.GOOGL,Alphabet-A,2026-09-08 15:50:00,338.295,338.505,338.645,338.16,0.0,0.0,294801.0,99759815.983,0.06355493807087853,338.29
US.GOOGL,Alphabet-A,2026-09-08 15:55:00,338.52,338.16,338.53,337.78,0.0,0.0,392214.0,132608980.733,-0.10191873089022924,338.505
US.GOOGL,Alphabet-A,2026-09-08 16:00:00,338.15,338.36,338.55,338.07,0.0,0.0,3752032.0,1269496895.469,0.05914360066240496,338.16
US.GOOGL,Alphabet-A,2026-09-08 16:05:00,338.36,338.36,338.5493,338.22,0.0,0.0,1445848.0,489217436.571,0.0,338.36
US.GOOGL,Alphabet-A,2026-09-08 16:10:00,338.36,338.36,338.425,338.2,0.0,0.0,18335.0,6203514.43,0.0,338.36
US.GOOGL,Alphabet-A,2026-09-08 16:15:00,338.36,338.2555,338.36,338.251,0.0,0.0,11389.0,3853641.264,-0.030884265279592742,338.36
US.GOOGL,Alphabet-A,2026-09-08 16:20:00,338.2555,338.2,338.27,338.1686,0.0,0.0,1904.0,644153.766,-0.016407715469517865,338.2555
US.GOOGL,Alphabet-A,2026-09-08 16:25:00,338.2,338.22,338.32,338.07,0.0,0.0,6038.0,2042683.976,0.005913660555895522,338.2
US.GOOGL,Alphabet-A,2026-09-08 16:30:00,338.22,337.71,338.29,336.5,0.0,0.0,25164.0,8489653.844,-0.1507894270001915,338.22
US.GOOGL,Alphabet-A,2026-09-08 16:35:00,337.71,338.0,338.15,337.71,0.0,0.0,3917.0,1324219.812,0.0858724941517931,337.71
US.GOOGL,Alphabet-A,2026-09-08 16:40:00,338.0,338.0,338.09,337.68,0.0,0.0,4218.0,1425194.266,0.0,338.0
US.GOOGL,Alphabet-A,2026-09-08 16:45:00,338.0,337.94,338.0504,337.94,0.0,0.0,1855.0,627253.944,-0.0177514792899415,338.0
US.GOOGL,Alphabet-A,2026-09-08 16:50:00,337.94,338.2,338.22,337.94,0.0,0.0,3558.0,1203022.083,0.07693673433153546,337.94
US.GOOGL,Alphabet-A,2026-09-08 16:55:00,338.2,338.32,338.32,338.2,0.0,0.0,3361.0,1136509.61,0.0354819633353059,338.2
US.GOOGL,Alphabet-A,2026-09-08 17:00:00,338.32,338.36,338.43,338.32,0.0,0.0,2244.0,758417.673,0.011823126034529577,338.32
US.GOOGL,Alphabet-A,2026-09-08 17:05:00,338.36,338.25,338.36,338.25,0.0,0.0,1296.0,436061.942,-0.03250975292588179,338.36
US.GOOGL,Alphabet-A,2026-09-08 17:10:00,338.25,338.52,338.55,338.25,0.0,0.0,4390.0,1481654.495,0.07982261640797689,338.25
US.GOOGL,Alphabet-A,2026-09-08 17:15:00,338.52,338.5,338.55,338.38,0.0,0.0,2960.0,997023.403,-0.005908070424194083,338.52
US.GOOGL,Alphabet-A,2026-09-08 17:20:00,338.5,338.509,338.55,338.43,0.0,0.0,2247.0,760369.427,0.0026587887740072533,338.5
US.GOOGL,Alphabet-A,2026-09-08 17:25:00,338.509,338.16,338.509,338.16,0.0,0.0,4843.0,1631865.447,-0.1030991790469351,338.509
US.GOOGL,Alphabet-A,2026-09-08 17:30:00,338.16,338.44,338.44,338.16,0.0,0.0,2064.0,699670.25,0.08280104092736358,338.16
US.GOOGL,Alphabet-A,2026-09-08 17:35:00,338.44,338.36,338.5,338.21,0.0,0.0,10454.0,3532706.963,-0.023637867864313936,338.44
US.GOOGL,Alphabet-A,2026-09-08 17:40:00,338.25,338.5,338.5,338.25,0.0,0.0,553660.0,187336548.533,0.041376049178385846,338.36
US.GOOGL,Alphabet-A,2026-09-08 17:45:00,338.5,338.4706,338.5,338.31,0.0,0.0,1792.0,609871.018,-0.008685376661745832,338.5
US.GOOGL,Alphabet-A,2026-09-08 17:50:00,338.4706,338.38,338.4706,338.3,0.0,0.0,1539.0,518470.057,-0.026767465180135265,338.4706
US.GOOGL,Alphabet-A,2026-09-08 17:55:00,338.38,338.4,338.45,338.3186,0.0,0.0,1173.0,395787.165,0.005910514805834213,338.38
US.GOOGL,Alphabet-A,2026-09-08 18:00:00,338.4,338.39,338.42,338.3,0.0,0.0,1180.0,399323.631,-0.0029550827423140977,338.4
US.GOOGL,Alphabet-A,2026-09-08 18:05:00,338.39,338.4,338.4,338.29,0.0,0.0,3127.0,1058028.466,0.002955170070034843,338.39
US.GOOGL,Alphabet-A,2026-09-08 18:10:00,338.2849,338.3739,338.4314,338.2849,0.0,0.0,1156.0,391178.487,-0.007712765957442482,338.4
US.GOOGL,Alphabet-A,2026-09-08 18:15:00,338.3739,338.5,338.59,338.3739,0.0,0.0,10607.0,3589384.383,0.03726646765604797,338.3739
US.GOOGL,Alphabet-A,2026-09-08 18:20:00,338.5,338.67,338.7157,338.5,0.0,0.0,1255.0,424987.878,0.05022156573117161,338.5
US.GOOGL,Alphabet-A,2026-09-08 18:25:00,338.67,338.63,338.694,338.5,0.0,0.0,2999.0,1015481.674,-0.01181090737296497,338.67
US.GOOGL,Alphabet-A,2026-09-08 18:30:00,338.63,338.8492,338.89,338.63,0.0,0.0,5522.0,1871141.139,0.06473141777160935,338.63
US.GOOGL,Alphabet-A,2026-09-08 18:35:00,338.8492,338.89,338.9,338.7,0.0,0.0,5552.0,1881571.794,0.012040754412284338,338.8492
US.GOOGL,Alphabet-A,2026-09-08 18:40:00,338.89,338.9,338.93,338.7104,0.0,0.0,5126.0,1737247.051,0.0029508099973415873,338.89
US.GOOGL,Alphabet-A,2026-09-08 18:45:00,338.9,338.85,338.92,338.85,0.0,0.0,660.0,223665.234,-0.014753614635572301,338.9
US.GOOGL,Alphabet-A,2026-09-08 18:50:00,338.85,338.9073,338.93,338.8241,0.0,0.0,1330.0,451034.487,0.01691013722886171,338.85
US.GOOGL,Alphabet-A,2026-09-08 18:55:00,338.9073,339.14,339.14,338.9073,0.0,0.0,2251.0,763288.026,0.06866184351885182,338.9073
US.GOOGL,Alphabet-A,2026-09-08 19:00:00,339.14,339.18,339.2986,339.0647,0.0,0.0,1907.0,647100.168,0.011794539128389594,339.14
US.GOOGL,Alphabet-A,2026-09-08 19:05:00,339.2594,339.115,339.27,339.0,0.0,0.0,6648.0,2255161.7,-0.019163865793973032,339.18
US.GOOGL,Alphabet-A,2026-09-08 19:10:00,339.115,338.98,339.115,338.98,0.0,0.0,3202.0,1085834.387,-0.03980950415050673,339.115
US.GOOGL,Alphabet-A,2026-09-08 19:15:00,338.98,338.9592,338.98,338.88,0.0,0.0,1738.0,589401.072,-0.006136055224499489,338.98
US.GOOGL,Alphabet-A,2026-09-08 19:20:00,338.9592,338.68,338.9592,338.68,0.0,0.0,1483.0,502523.805,-0.082369795538815,338.9592
US.GOOGL,Alphabet-A,2026-09-08 19:25:00,338.925,338.7281,338.9527,338.7281,0.0,0.0,969.0,328542.077,0.014202196763900056,338.68
US.GOOGL,Alphabet-A,2026-09-08 19:30:00,338.7281,338.72,338.9535,338.52,0.0,0.0,3191.0,1080897.799,-0.0023912985075511166,338.7281
US.GOOGL,Alphabet-A,2026-09-08 19:35:00,338.72,338.74,338.75,338.65,0.0,0.0,702.0,237771.311,0.005904581955592173,338.72
US.GOOGL,Alphabet-A,2026-09-08 19:40:00,338.74,338.6,338.74,338.6,0.0,0.0,329.0,111435.675,-0.04132963334710585,338.74
US.GOOGL,Alphabet-A,2026-09-08 19:45:00,338.6,338.6,338.74,338.6,0.0,0.0,1143.0,387219.583,0.0,338.6
US.GOOGL,Alphabet-A,2026-09-08 19:50:00,338.55,338.5717,338.73,338.55,0.0,0.0,1182.0,400495.805,-0.008357944477259759,338.6
US.GOOGL,Alphabet-A,2026-09-08 19:55:00,338.5717,338.5,338.73,338.5,0.0,0.0,2210.0,748542.894,-0.021177198212378998,338.5717
US.GOOGL,Alphabet-A,2026-09-08 20:00:00,338.5,338.35,338.5,338.35,0.0,0.0,1316.0,445522.282,-0.04431314623337586,338.5
US.GOOGL,Alphabet-A,2026-09-09 04:05:00,338.36,338.88,339.4,338.36,0.0,0.0,39260.0,13324799.393,0.15664252992462618,338.35
US.GOOGL,Alphabet-A,2026-09-09 04:10:00,338.88,338.72,338.99,338.51,0.0,0.0,4244.0,1437881.316,-0.04721435316335227,338.88
US.GOOGL,Alphabet-A,2026-09-09 04:15:00,338.72,338.6585,338.72,338.37,0.0,0.0,6087.0,2060527.166,-0.018156589513469427,338.72
US.GOOGL,Alphabet-A,2026-09-09 04:20:00,338.6585,338.59,338.68,338.56,0.0,0.0,5277.0,1787294.306,-0.02022686570690789,338.6585
US.GOOGL,Alphabet-A,2026-09-09 04:25:00,338.59,338.47,338.66,338.43,0.0,0.0,2450.0,829371.714,-0.03544109394841777,338.59
US.GOOGL,Alphabet-A,2026-09-09 04:30:00,338.47,338.6649,338.6649,338.39,0.0,0.0,2662.0,901225.398,0.05758265134279594,338.47
US.GOOGL,Alphabet-A,2026-09-09 04:35:00,338.51,338.6,338.7,338.51,0.0,0.0,1538.0,521108.57,-0.019163485793764274,338.6649
US.GOOGL,Alphabet-A,2026-09-09 04:40:00,338.6,338.72,338.75,338.5,0.0,0.0,2913.0,986365.71,0.03544004725339768,338.6
US.GOOGL,Alphabet-A,2026-09-09 04:45:00,338.72,338.37,338.76,338.37,0.0,0.0,5028.0,1701573.864,-0.10333018422296371,338.72
US.GOOGL,Alphabet-A,2026-09-09 04:50:00,338.37,338.45,338.75,338.3538,0.0,0.0,1401.0,474378.975,0.023642757927707564,338.37
US.GOOGL,Alphabet-A,2026-09-09 04:55:00,338.45,338.62,338.73,338.45,0.0,0.0,1054.0,357178.16,0.050228985079041485,338.45
US.GOOGL,Alphabet-A,2026-09-09 05:00:00,338.62,338.4,338.62,338.38,0.0,0.0,5192.0,1757235.199,-0.06496958242278285,338.62
US.GOOGL,Alphabet-A,2026-09-09 05:05:00,338.4,338.37,338.61,338.37,0.0,0.0,5535.0,1873939.822,-0.008865248226942292,338.4
US.GOOGL,Alphabet-A,2026-09-09 05:10:00,338.37,338.2816,338.39,338.27,0.0,0.0,2829.0,957426.354,-0.026125247510115766,338.37
US.GOOGL,Alphabet-A,2026-09-09 05:15:00,338.2816,338.31,338.35,338.23,0.0,0.0,7441.0,2517386.241,0.008395372376143557,338.2816
US.GOOGL,Alphabet-A,2026-09-09 05:20:00,338.31,338.3774,338.3774,338.25,0.0,0.0,5521.0,1867743.687,0.019922556235411473,338.31
US.GOOGL,Alphabet-A,2026-09-09 05:25:00,338.3774,338.24,338.39,338.22,0.0,0.0,2859.0,967465.809,-0.04060554871572798,338.3774
US.GOOGL,Alphabet-A,2026-09-09 05:30:00,338.24,338.35,338.4,338.15,0.0,0.0,1710.0,578715.907,0.03252128666036354,338.24
US.GOOGL,Alphabet-A,2026-09-09 05:35:00,338.35,338.06,338.35,338.06,0.0,0.0,2811.0,950889.543,-0.08571006354367385,338.35
US.GOOGL,Alphabet-A,2026-09-09 05:40:00,338.06,338.02,338.1,338.02,0.0,0.0,839.0,283907.919,-0.01183221913270439,338.06
US.GOOGL,Alphabet-A,2026-09-09 05:45:00,338.02,337.7658,338.02,337.7658,0.0,0.0,5393.0,1822837.451,-0.0752026507307168,338.02
US.GOOGL,Alphabet-A,2026-09-09 05:50:00,337.7658,337.8759,337.88,337.7658,0.0,0.0,1314.0,444161.633,0.03259655062768005,337.7658
US.GOOGL,Alphabet-A,2026-09-09 05:55:00,337.8759,337.25,337.8759,337.25,0.0,0.0,2753.0,929564.737,-0.1852455294976651,337.8759
US.GOOGL,Alphabet-A,2026-09-09 06:00:00,337.25,336.19,337.3,336.0,0.0,0.0,20718.0,6973552.972,-0.31430689399555295,337.25
US.GOOGL,Alphabet-A,2026-09-09 06:05:00,336.19,336.1,336.31,335.59,0.0,0.0,13379.0,4494113.615,-0.02677057616228174,336.19
US.GOOGL,Alphabet-A,2026-09-09 06:10:00,336.1,335.5,336.3,335.5,0.0,0.0,10902.0,3662404.697,-0.1785182981255646,336.1
US.GOOGL,Alphabet-A,2026-09-09 06:15:00,335.5,335.3,335.82,335.26,0.0,0.0,8634.0,2896607.873,-0.05961251862890868,335.5
US.GOOGL,Alphabet-A,2026-09-09 06:20:00,335.3,335.88,335.88,335.29,0.0,0.0,2769.0,929627.703,0.17297942141365466,335.3
US.GOOGL,Alphabet-A,2026-09-09 06:25:00,335.88,334.85,336.03,334.85,0.0,0.0,15425.0,5171225.395,-0.30665713945455897,335.88
US.GOOGL,Alphabet-A,2026-09-09 06:30:00,334.85,334.5,335.0508,334.25,0.0,0.0,12515.0,4188500.333,-0.10452441391668589,334.85
US.GOOGL,Alphabet-A,2026-09-09 06:35:00,334.5,334.8,335.2,334.2,0.0,0.0,8972.0,3002899.575,0.08968609865471192,334.5
US.GOOGL,Alphabet-A,2026-09-09 06:40:00,334.8,335.19,335.29,334.34,0.0,0.0,9973.0,3339417.604,0.11648745519712853,334.8
US.GOOGL,Alphabet-A,2026-09-09 06:45:00,335.19,334.99,335.2471,334.8,0.0,0.0,5255.0,1760181.94,-0.05966765118290779,335.19
US.GOOGL,Alphabet-A,2026-09-09 06:50:00,334.99,335.14,335.29,334.8,0.0,0.0,9188.0,3079162.975,0.044777456043457196,334.99
US.GOOGL,Alphabet-A,2026-09-09 06:55:00,335.14,334.8,335.14,334.7,0.0,0.0,9702.0,3249261.455,-0.1014501402398923,335.14
US.GOOGL,Alphabet-A,2026-09-09 07:00:00,334.8,334.68,335.24,334.68,0.0,0.0,12732.0,4265130.8,-0.035842293906811394,334.8
US.GOOGL,Alphabet-A,2026-09-09 07:05:00,334.68,333.6,335.0,333.6,0.0,0.0,47203.0,15776262.369,-0.32269630692003826,334.68
US.GOOGL,Alphabet-A,2026-09-09 07:10:00,333.6449,333.85,333.85,333.33,0.0,0.0,33403.0,11141464.699,0.0749400479616307,333.6
US.GOOGL,Alphabet-A,2026-09-09 07:15:00,333.85,333.64,334.52,333.5,0.0,0.0,45004.0,15024452.345,-0.06290250112326984,333.85
US.GOOGL,Alphabet-A,2026-09-09 07:20:00,333.64,330.8,333.64,330.8,0.0,0.0,170044.0,56533760.935,-0.8512168804699601,333.64
US.GOOGL,Alphabet-A,2026-09-09 07:25:00,330.8,332.22,332.54,330.8,0.0,0.0,62001.0,20555013.186,0.4292623941958935,330.8
US.GOOGL,Alphabet-A,2026-09-09 07:30:00,332.22,332.7,333.04,332.15,0.0,0.0,55829.0,18566363.94,0.14448257178976623,332.22
US.GOOGL,Alphabet-A,2026-09-09 07:35:00,332.56,331.4,332.8,331.31,0.0,0.0,39785.0,13206504.306,-0.3907424105801056,332.7
US.GOOGL,Alphabet-A,2026-09-09 07:40:00,331.4,331.4045,331.5,330.98,0.0,0.0,69195.0,22923552.092,0.001357875678940035,331.4
US.GOOGL,Alphabet-A,2026-09-09 07:45:00,331.4045,331.0,331.5,330.98,0.0,0.0,74750.0,24751369.313,-0.12205627865644085,331.4045
US.GOOGL,Alphabet-A,2026-09-09 07:50:00,331.0,331.26,331.26,330.66,0.0,0.0,112552.0,37501125.952,0.07854984894259544,331.0
US.GOOGL,Alphabet-A,2026-09-09 07:55:00,331.26,330.83,331.37,330.3,0.0,0.0,87531.0,28950341.861,-0.12980740204069516,331.26
US.GOOGL,Alphabet-A,2026-09-09 08:00:00,330.83,330.852,330.99,330.44,0.0,0.0,49033.0,16216932.29,0.0066499410573380175,330.83
US.GOOGL,Alphabet-A,2026-09-09 08:05:00,330.86,330.5024,331.2275,330.4,0.0,0.0,38428.0,12709865.163,-0.10566658203666675,330.852
US.GOOGL,Alphabet-A,2026-09-09 08:10:00,330.5024,330.23,330.55,330.17,0.0,0.0,59389.0,19617851.125,-0.08241997637536207,330.5024
US.GOOGL,Alphabet-A,2026-09-09 08:15:00,330.23,330.0,330.3897,329.72,0.0,0.0,117401.0,38747474.179,-0.06964842685401634,330.23
US.GOOGL,Alphabet-A,2026-09-09 08:20:00,330.0,330.5256,330.6,329.96,0.0,0.0,53533.0,17674542.939,0.1592727272727264,330.0
US.GOOGL,Alphabet-A,2026-09-09 08:25:00,330.5256,330.5,330.94,330.37,0.0,0.0,52294.0,17295307.066,-0.00774523970306602,330.5256
US.GOOGL,Alphabet-A,2026-09-09 08:30:00,330.5,330.97,331.09,330.49,0.0,0.0,29231.0,9671754.748,0.14220877458397194,330.5
US.GOOGL,Alphabet-A,2026-09-09 08:35:00,330.97,331.2894,331.3887,330.73,0.0,0.0,32954.0,10910563.982,0.0965042148835161,330.97
US.GOOGL,Alphabet-A,2026-09-09 08:40:00,331.2894,331.35,331.35,331.11,0.0,0.0,27757.0,9194637.008,0.018292163890550737,331.2894
US.GOOGL,Alphabet-A,2026-09-09 08:45:00,331.35,331.4,331.4827,331.3,0.0,0.0,15120.0,5010981.601,0.015089784216071983,331.35
US.GOOGL,Alphabet-A,2026-09-09 08:50:00,331.4,331.7999,332.0,331.4,0.0,0.0,31488.0,10444497.637,0.12066988533494338,331.4
US.GOOGL,Alphabet-A,2026-09-09 08:55:00,331.7999,331.64,332.0,331.64,0.0,0.0,26439.0,8773824.15,-0.04819169626030426,331.7999
US.GOOGL,Alphabet-A,2026-09-09 09:00:00,331.64,331.6,331.78,331.5,0.0,0.0,16650.0,5521515.222,-0.012061271257979622,331.64
US.GOOGL,Alphabet-A,2026-09-09 09:05:00,331.6,331.5,331.7,331.34,0.0,0.0,28475.0,9439089.212,-0.030156815440296362,331.6
US.GOOGL,Alphabet-A,2026-09-09 09:10:00,331.5,331.2339,331.9195,331.15,0.0,0.0,35485.0,11763863.442,-0.08027149321266802,331.5
US.GOOGL,Alphabet-A,2026-09-09 09:15:00,331.2339,330.82,331.28,330.7,0.0,0.0,37126.0,12286263.191,-0.12495701677878152,331.2339
US.GOOGL,Alphabet-A,2026-09-09 09:20:00,330.82,330.4,330.82,330.39,0.0,0.0,60756.0,20084359.045,-0.12695725772323802,330.82
US.GOOGL,Alphabet-A,2026-09-09 09:25:00,330.4,330.8323,330.8323,330.29,0.0,0.0,104651.0,34590284.894,0.1308414043583529,330.4
US.GOOGL,Alphabet-A,2026-09-09 09:30:00,330.84,331.35,331.84,330.55,0.0,0.0,86707.0,28733483.513,0.15648411597055295,330.8323
US.GOOGL,Alphabet-A,2026-09-09 09:35:00,331.65,329.4,331.85,328.15,0.0,0.0,2259709.0,745024527.78,-0.5885015844273563,331.35
US.GOOGL,Alphabet-A,2026-09-09 09:40:00,329.36,330.2461,330.3741,329.13,0.0,0.0,796147.0,262544452.776,0.2568609593199865,329.4
US.GOOGL,Alphabet-A,2026-09-09 09:45:00,330.24,329.1501,330.38,329.07,0.0,0.0,701350.0,231348978.347,-0.33187371478421807,330.2461
US.GOOGL,Alphabet-A,2026-09-09 09:50:00,329.165,328.77,329.5,328.47,0.0,0.0,847224.0,278676307.065,-0.11547922968883412,329.1501
US.GOOGL,Alphabet-A,2026-09-09 09:55:00,328.77,329.315,329.5799,328.64,0.0,0.0,549607.0,180878071.131,0.16576938285123824,328.77
US.GOOGL,Alphabet-A,2026-09-09 10:00:00,329.28,329.375,329.77,329.0,0.0,0.0,443686.0,146124918.685,0.018219637732870435,329.315
US.GOOGL,Alphabet-A,2026-09-09 10:05:00,329.525074,328.1803,329.525074,327.9,0.0,0.0,946516.0,310842763.606,-0.3627172675521857,329.375
US.GOOGL,Alphabet-A,2026-09-09 10:10:00,328.22,329.95,330.04,328.06,0.0,0.0,660135.0,217270744.878,0.5392462618871395,328.1803
US.GOOGL,Alphabet-A,2026-09-09 10:15:00,329.96,330.41,330.5,329.57,0.0,0.0,512936.0,169272432.707,0.13941506288832745,329.95
US.GOOGL,Alphabet-A,2026-09-09 10:20:00,330.405,330.46,330.93,330.06,0.0,0.0,540341.0,178585320.791,0.015132713900897226,330.41
US.GOOGL,Alphabet-A,2026-09-09 10:25:00,330.46,330.2532,330.82,330.03,0.0,0.0,348346.0,115088051.722,-0.06257943472734583,330.46
US.GOOGL,Alphabet-A,2026-09-09 10:30:00,330.25,330.88,331.235,329.91,0.0,0.0,347761.0,114914462.556,0.18979377035559472,330.2532
US.GOOGL,Alphabet-A,2026-09-09 10:35:00,330.83,329.56,330.85,329.5,0.0,0.0,486329.0,160484089.042,-0.39893617021276395,330.88
US.GOOGL,Alphabet-A,2026-09-09 10:40:00,329.5994,329.9,330.0,329.53,0.0,0.0,341354.0,112554699.917,0.10316786017719838,329.56
US.GOOGL,Alphabet-A,2026-09-09 10:45:00,329.9,330.22,330.45,329.765,0.0,0.0,255300.0,84294120.263,0.09699909063354048,329.9
US.GOOGL,Alphabet-A,2026-09-09 10:50:00,330.2001,330.43,330.62,329.8401,0.0,0.0,231381.0,76397905.892,0.06359396765791882,330.22
US.GOOGL,Alphabet-A,2026-09-09 10:55:00,330.415,330.38,330.66,330.11,0.0,0.0,203673.0,67286415.503,-0.015131797960237075,330.43
US.GOOGL,Alphabet-A,2026-09-09 11:00:00,330.395,329.62,330.395,329.55,0.0,0.0,293217.0,96693788.451,-0.23003813790180727,330.38
US.GOOGL,Alphabet-A,2026-09-09 11:05:00,329.68,329.23,329.72,328.8501,0.0,0.0,371415.0,122276152.166,-0.11831806322431476,329.62
US.GOOGL,Alphabet-A,2026-09-09 11:10:00,329.25,329.055,329.67,328.95,0.0,0.0,266267.0,87693472.59,-0.05315432979983943,329.23
US.GOOGL,Alphabet-A,2026-09-09 11:15:00,329.0301,328.15,329.11,327.985,0.0,0.0,479834.0,157592058.293,-0.27503001018067785,329.055
US.GOOGL,Alphabet-A,2026-09-09 11:20:00,328.175,329.23,329.255,328.15,0.0,0.0,280461.0,92172084.924,0.32911778150237425,328.15
US.GOOGL,Alphabet-A,2026-09-09 11:25:00,329.23,328.87,329.46,328.86,0.0,0.0,270041.0,88873022.926,-0.10934604987395244,329.23
US.GOOGL,Alphabet-A,2026-09-09 11:30:00,328.867472,329.03,329.16,328.785,0.0,0.0,210937.0,69386915.435,0.04865144281934143,328.87
US.GOOGL,Alphabet-A,2026-09-09 11:35:00,329.03,329.5601,329.6,328.985,0.0,0.0,191499.0,63052246.613,0.1611099291857899,329.03
US.GOOGL,Alphabet-A,2026-09-09 11:40:00,329.57,329.65,329.71,329.2,0.0,0.0,214317.0,70596839.951,0.027278787693049037,329.5601
US.GOOGL,Alphabet-A,2026-09-09 11:45:00,329.64,329.35,329.68,329.08,0.0,0.0,180715.0,59516842.591,-0.091005612012727,329.65
US.GOOGL,Alphabet-A,2026-09-09 11:50:00,329.345,329.6712,329.68,329.32,0.0,0.0,124954.0,41164468.627,0.09752542887504968,329.35
US.GOOGL,Alphabet-A,2026-09-09 11:55:00,329.66,329.96,330.17,329.64,0.0,0.0,255030.0,84143821.191,0.08760243539623135,329.6712
US.GOOGL,Alphabet-A,2026-09-09 12:00:00,329.96,329.55,329.96,329.4,0.0,0.0,192401.0,63413436.379,-0.12425748575583956,329.96
US.GOOGL,Alphabet-A,2026-09-09 12:05:00,329.555,329.55,329.74,329.33,0.0,0.0,185576.0,61145347.006,0.0,329.55
US.GOOGL,Alphabet-A,2026-09-09 12:10:00,329.55,329.17,329.63,329.17,0.0,0.0,180326.0,59392460.143,-0.11530875436200742,329.55
US.GOOGL,Alphabet-A,2026-09-09 12:15:00,329.19,329.4,329.66,329.0,0.0,0.0,242944.0,80005854.1,0.06987271014975889,329.17
US.GOOGL,Alphabet-A,2026-09-09 12:20:00,329.4,329.4799,329.55,329.13,0.0,0.0,193428.0,63699998.105,0.024256223436554095,329.4
US.GOOGL,Alphabet-A,2026-09-09 12:25:00,329.45,329.48,329.7,329.37,0.0,0.0,132794.0,43759395.807,3.0350865115517322e-05,329.4799
US.GOOGL,Alphabet-A,2026-09-09 12:30:00,329.45,329.54,329.63,329.355,0.0,0.0,96966.0,31951873.894,0.01821051353648242,329.48
US.GOOGL,Alphabet-A,2026-09-09 12:35:00,329.54,329.76,329.79,329.49,0.0,0.0,629189.0,207316205.173,0.06675972567820915,329.54
US.GOOGL,Alphabet-A,2026-09-09 12:40:00,329.76,329.645,329.77,329.466,0.0,0.0,137405.0,45289192.978,-0.03487384764677617,329.76
US.GOOGL,Alphabet-A,2026-09-09 12:45:00,329.63,329.69,329.71,329.42,0.0,0.0,134844.0,44439986.413,0.0136510488555919,329.645
US.GOOGL,Alphabet-A,2026-09-09 12:50:00,329.72,329.69,329.88,329.59,0.0,0.0,103098.0,33995256.787,0.0,329.69
US.GOOGL,Alphabet-A,2026-09-09 12:55:00,329.7002,330.0957,330.28,329.68,0.0,0.0,177067.0,58445431.957,0.12305499105220795,329.69
US.GOOGL,Alphabet-A,2026-09-09 13:00:00,330.09,330.13,330.1781,329.99,0.0,0.0,117024.0,38627504.615,0.010390926025383957,330.0957
US.GOOGL,Alphabet-A,2026-09-09 13:05:00,330.11,330.33,330.52,330.1,0.0,0.0,208620.0,68907946.412,0.060582194892917524,330.13
US.GOOGL,Alphabet-A,2026-09-09 13:10:00,330.33,330.5,330.71,330.275,0.0,0.0,195726.0,64680734.477,0.05146368782732901,330.33
US.GOOGL,Alphabet-A,2026-09-09 13:15:00,330.47,330.94,331.01,330.46,0.0,0.0,169404.0,56024873.829,0.13313161875945467,330.5
US.GOOGL,Alphabet-A,2026-09-09 13:20:00,330.93,331.165,331.44,330.91,0.0,0.0,215245.0,71279963.876,0.06798815495256626,330.94
US.GOOGL,Alphabet-A,2026-09-09 13:25:00,331.18,331.66,331.67,331.0203,0.0,0.0,168468.0,55819966.703,0.14947231742485,331.165
US.GOOGL,Alphabet-A,2026-09-09 13:30:00,331.66,331.135,331.71,331.05,0.0,0.0,196959.0,65256648.297,-0.15829463908823316,331.66
US.GOOGL,Alphabet-A,2026-09-09 13:35:00,331.13,331.38,331.44,330.94,0.0,0.0,117786.0,39003607.045,0.0739879505337716,331.135
US.GOOGL,Alphabet-A,2026-09-09 13:40:00,331.41,331.085,331.56,331.03,0.0,0.0,166119.0,55033244.928,-0.08902166696843983,331.38
US.GOOGL,Alphabet-A,2026-09-09 13:45:00,331.09,330.87,331.17,330.8,0.0,0.0,180071.0,59592307.109,-0.06493800685623782,331.085
US.GOOGL,Alphabet-A,2026-09-09 13:50:00,330.86,330.73,330.888,330.6,0.0,0.0,123688.0,40904268.307,-0.04231269078489629,330.87
US.GOOGL,Alphabet-A,2026-09-09 13:55:00,330.715,330.9,330.9264,330.6,0.0,0.0,118840.0,39309327.358,0.05140144528768453,330.73
US.GOOGL,Alphabet-A,2026-09-09 14:00:00,330.925,330.64,330.935,330.58,0.0,0.0,166720.0,55147487.752,-0.07857358718645842,330.9
US.GOOGL,Alphabet-A,2026-09-09 14:05:00,330.64,330.29,330.69,330.15,0.0,0.0,141867.0,46877996.822,-0.10585531091216002,330.64
US.GOOGL,Alphabet-A,2026-09-09 14:10:00,330.275,330.49,330.49,330.15,0.0,0.0,108648.0,35882712.76,0.06055284749765013,330.29
US.GOOGL,Alphabet-A,2026-09-09 14:15:00,330.48,330.37,330.55,330.17,0.0,0.0,95062.0,31404533.656,-0.03630972192804761,330.49
US.GOOGL,Alphabet-A,2026-09-09 14:20:00,330.38,330.35,330.42,330.23,0.0,0.0,92476.0,30547399.612,-0.006053818445979299,330.37
US.GOOGL,Alphabet-A,2026-09-09 14:25:00,330.36,330.51,330.5604,330.33,0.0,0.0,111293.0,36776853.058,0.04843347964279345,330.35
US.GOOGL,Alphabet-A,2026-09-09 14:30:00,330.5,330.465,330.67,330.41,0.0,0.0,107174.0,35427861.647,-0.013615321775442777,330.51
US.GOOGL,Alphabet-A,2026-09-09 14:35:00,330.46,330.02,330.485,329.93,0.0,0.0,176388.0,58222040.367,-0.13465873844431125,330.465
US.GOOGL,Alphabet-A,2026-09-09 14:40:00,330.01,330.35,330.44,329.87,0.0,0.0,147438.0,48658362.039,0.099993939761239,330.02
US.GOOGL,Alphabet-A,2026-09-09 14:45:00,330.36,330.48,330.695,330.35,0.0,0.0,172328.0,56964554.685,0.03935220220977613,330.35
US.GOOGL,Alphabet-A,2026-09-09 14:50:00,330.49,330.3099,330.56,330.275,0.0,0.0,111699.0,36906271.53,-0.05147058823529133,330.48
US.GOOGL,Alphabet-A,2026-09-09 14:55:00,330.3,330.44,330.5264,330.22,0.0,0.0,115426.0,38134729.64,0.03938725421186902,330.3099
US.GOOGL,Alphabet-A,2026-09-09 15:00:00,330.45,330.3599,330.54,330.34,0.0,0.0,111158.0,36730725.73,-0.024240406730424834,330.44
US.GOOGL,Alphabet-A,2026-09-09 15:05:00,330.34,330.37,330.4979,330.2,0.0,0.0,136523.0,45107163.572,0.003057271781479122,330.3599
US.GOOGL,Alphabet-A,2026-09-09 15:10:00,330.365,330.52,330.8,330.3,0.0,0.0,132272.0,43724174.783,0.045403638344879156,330.37
US.GOOGL,Alphabet-A,2026-09-09 15:15:00,330.5,330.545,330.83,330.49,0.0,0.0,143497.0,47447013.544,0.007563838799477826,330.52
US.GOOGL,Alphabet-A,2026-09-09 15:20:00,330.54,330.74,330.85,330.305,0.0,0.0,177730.0,58745760.966,0.058993480464079984,330.545
US.GOOGL,Alphabet-A,2026-09-09 15:25:00,330.74,330.9612,331.04,330.65,0.0,0.0,169479.0,56072638.681,0.06688032895930648,330.74
US.GOOGL,Alphabet-A,2026-09-09 15:30:00,330.97,331.28,331.56,330.92,0.0,0.0,226966.0,75205931.491,0.09632549072216118,330.9612
US.GOOGL,Alphabet-A,2026-09-09 15:35:00,331.2799,330.98,331.2799,330.9024,0.0,0.0,208319.0,68960487.251,-0.0905578362714183,331.28
US.GOOGL,Alphabet-A,2026-09-09 15:40:00,330.985,330.295,331.01,330.2601,0.0,0.0,231951.0,76693060.552,-0.20696114568856191,330.98
US.GOOGL,Alphabet-A,2026-09-09 15:45:00,330.3099,330.705,330.769,330.2141,0.0,0.0,226187.0,74730745.334,0.12413145824186506,330.295
US.GOOGL,Alphabet-A,2026-09-09 15:50:00,330.7,330.79,330.8,330.515,0.0,0.0,258943.0,85620246.029,0.025702665517617327,330.705
US.GOOGL,Alphabet-A,2026-09-09 15:55:00,330.8,330.67,330.87,330.28,0.0,0.0,538160.0,177886404.729,-0.03627679192236904,330.79
US.GOOGL,Alphabet-A,2026-09-09 16:00:00,330.74,330.65,330.81,330.12,0.0,0.0,4685004.0,1549050519.825,-0.006048326125756389,330.67
US.GOOGL,Alphabet-A,2026-09-09 16:05:00,330.65,330.85,330.89,330.59,0.0,0.0,3883991.0,1284243159.156,0.06048691970362785,330.65
US.GOOGL,Alphabet-A,2026-09-09 16:10:00,330.85,330.729,330.85,330.62,0.0,0.0,8240.0,2725583.18,-0.036572464863242476,330.85
US.GOOGL,Alphabet-A,2026-09-09 16:15:00,330.729,330.93,331.05,330.65,0.0,0.0,10065.0,3330739.239,0.06077483377630079,330.729
US.GOOGL,Alphabet-A,2026-09-09 16:20:00,330.93,330.99,331.03,330.78,0.0,0.0,8210.0,2717352.946,0.018130722509292683,330.93
US.GOOGL,Alphabet-A,2026-09-09 16:25:00,330.99,330.9208,331.0,330.9,0.0,0.0,9947.0,3291078.648,-0.02090697604157934,330.99
US.GOOGL,Alphabet-A,2026-09-09 16:30:00,330.9208,330.92,330.9781,330.8508,0.0,0.0,11601.0,3837233.474,-0.00024174968752937678,330.9208
US.GOOGL,Alphabet-A,2026-09-09 16:35:00,330.92,330.9986,331.0,330.88,0.0,0.0,5030.0,1664730.481,0.02375196422095807,330.92
US.GOOGL,Alphabet-A,2026-09-09 16:40:00,330.9986,330.9988,331.0,330.87,0.0,0.0,4197.0,1389156.285,6.0423216293555116e-05,330.9986
US.GOOGL,Alphabet-A,2026-09-09 16:45:00,330.9988,331.2537,331.4,330.96,0.0,0.0,7331.0,2427797.307,0.07700934263204692,330.9988
US.GOOGL,Alphabet-A,2026-09-09 16:50:00,331.2537,331.0877,331.28,331.0877,0.0,0.0,27346.0,9044996.764,-0.05011264779834816,331.2537
US.GOOGL,Alphabet-A,2026-09-09 16:55:00,331.1,331.16,331.23,331.08,0.0,0.0,3646.0,1207266.316,0.02183711445639361,331.0877
US.GOOGL,Alphabet-A,2026-09-09 17:00:00,331.16,331.15,331.2243,331.11,0.0,0.0,2638.0,872336.298,-0.0030196883681748244,331.16
US.GOOGL,Alphabet-A,2026-09-09 17:05:00,331.15,331.16,331.16,331.11,0.0,0.0,2646.0,876793.003,0.0030197795561068244,331.15
US.GOOGL,Alphabet-A,2026-09-09 17:10:00,331.16,331.15,331.2,331.15,0.0,0.0,1793.0,594180.989,-0.0030196883681748244,331.16
US.GOOGL,Alphabet-A,2026-09-09 17:15:00,331.15,331.28,331.28,331.15,0.0,0.0,3417.0,1130381.422,0.039257134229199894,331.15
US.GOOGL,Alphabet-A,2026-09-09 17:20:00,331.28,331.18,331.3,331.17,0.0,0.0,268264.0,88700648.285,-0.03018594542380038,331.28
US.GOOGL,Alphabet-A,2026-09-09 17:25:00,331.18,331.282,331.282,331.18,0.0,0.0,1250.0,414374.983,0.030798961289925555,331.18
US.GOOGL,Alphabet-A,2026-09-09 17:30:00,331.2549,331.14,331.2549,331.14,0.0,0.0,4644.0,1537813.565,-0.04286378372504269,331.282
US.GOOGL,Alphabet-A,2026-09-09 17:35:00,331.14,331.14,331.14,331.08,0.0,0.0,1305.0,432362.872,0.0,331.14
US.GOOGL,Alphabet-A,2026-09-09 17:40:00,331.14,331.1232,331.21,331.08,0.0,0.0,2189.0,725061.012,-0.005073382859210385,331.14
US.GOOGL,Alphabet-A,2026-09-09 17:45:00,331.1232,331.16,331.18,331.11,0.0,0.0,2763.0,915270.431,0.011113688198237973,331.1232
US.GOOGL,Alphabet-A,2026-09-09 17:50:00,331.16,331.13,331.2,331.11,0.0,0.0,3389.0,1122309.562,-0.009059065104490144,331.16
US.GOOGL,Alphabet-A,2026-09-09 17:55:00,331.13,331.15,331.2,331.13,0.0,0.0,29724.0,9829501.56,0.006039923896953405,331.13
US.GOOGL,Alphabet-A,2026-09-09 18:00:00,331.15,331.01,331.2,330.94,0.0,0.0,18159.0,6011787.428,-0.042276913785289555,331.15
US.GOOGL,Alphabet-A,2026-09-09 18:05:00,331.01,331.1,331.2,330.85,0.0,0.0,7210.0,2387436.107,0.027189510890919255,331.01
US.GOOGL,Alphabet-A,2026-09-09 18:10:00,331.1,330.84,331.1,330.84,0.0,0.0,2425.0,802529.412,-0.07852612503776736,331.1
US.GOOGL,Alphabet-A,2026-09-09 18:15:00,330.84,331.0,331.0,330.84,0.0,0.0,4984.0,1649787.435,0.04836174585903307,330.84
US.GOOGL,Alphabet-A,2026-09-09 18:20:00,331.0,331.06,331.1,330.95,0.0,0.0,3938.0,1303662.246,0.018126888217523344,331.0
US.GOOGL,Alphabet-A,2026-09-09 18:25:00,331.06,331.04,331.1,331.0,0.0,0.0,1669.0,552664.338,-0.006041200990751468,331.06
US.GOOGL,Alphabet-A,2026-09-09 18:30:00,331.04,331.0,331.1,330.9817,0.0,0.0,10016.0,3315050.91,-0.012083131947807052,331.04
US.GOOGL,Alphabet-A,2026-09-09 18:35:00,331.0,331.05,331.05,330.9,0.0,0.0,3912.0,1294968.745,0.015105740181272316,331.0
US.GOOGL,Alphabet-A,2026-09-09 18:40:00,331.05,331.0,331.05,331.0,0.0,0.0,1468.0,486062.503,-0.015103458692043912,331.05
US.GOOGL,Alphabet-A,2026-09-09 18:45:00,331.0,331.03,331.08,331.0,0.0,0.0,968.0,320509.435,0.009063444108753087,331.0
US.GOOGL,Alphabet-A,2026-09-09 18:50:00,331.03,331.058,331.0943,331.03,0.0,0.0,1678.0,555626.886,0.008458447874821017,331.03
US.GOOGL,Alphabet-A,2026-09-09 18:55:00,331.058,331.0048,331.0624,331.0048,0.0,0.0,2165.0,716967.127,-0.016069691715652215,331.058
US.GOOGL,Alphabet-A,2026-09-09 19:00:00,331.0048,330.98,331.04,330.9,0.0,0.0,9451.0,3127711.721,-0.0074923384796748045,331.0048
US.GOOGL,Alphabet-A,2026-09-09 19:05:00,330.98,330.95,330.98,330.9,0.0,0.0,1880.0,622249.597,-0.009063991781989715,330.98
US.GOOGL,Alphabet-A,2026-09-09 19:10:00,330.95,330.9208,330.98,330.9,0.0,0.0,1783.0,590310.811,-0.008823085058166794,330.95
US.GOOGL,Alphabet-A,2026-09-09 19:15:00,330.9208,330.93,330.95,330.91,0.0,0.0,1418.0,469311.363,0.0027801214066994857,330.9208
US.GOOGL,Alphabet-A,2026-09-09 19:20:00,330.93,330.9784,331.05,330.9,0.0,0.0,3187.0,1054844.848,0.014625449490833439,330.93
US.GOOGL,Alphabet-A,2026-09-09 19:25:00,330.9784,331.0847,331.1,330.9784,0.0,0.0,1242.0,411349.079,0.03211689947137821,330.9784
US.GOOGL,Alphabet-A,2026-09-09 19:30:00,331.0847,331.0077,331.1,331.0,0.0,0.0,1886.0,624360.539,-0.023256888645110507,331.0847
US.GOOGL,Alphabet-A,2026-09-09 19:35:00,331.04,330.93,331.06,330.93,0.0,0.0,2430.0,804371.895,-0.023473774175039736,331.0077
US.GOOGL,Alphabet-A,2026-09-09 19:40:00,330.93,330.9221,331.03,330.91,0.0,0.0,4173.0,1381267.776,-0.002387211797058731,330.93
US.GOOGL,Alphabet-A,2026-09-09 19:45:00,330.9221,330.88,330.95,330.87,0.0,0.0,3636.0,1203458.297,-0.012722027329091926,330.9221
US.GOOGL,Alphabet-A,2026-09-09 19:50:00,330.8707,330.85,330.8722,330.79,0.0,0.0,2414.0,798670.351,-0.00906673114119098,330.88
US.GOOGL,Alphabet-A,2026-09-09 19:55:00,330.85,330.98,330.9861,330.85,0.0,0.0,4105.0,1358507.264,0.03929273084479233,330.85
US.GOOGL,Alphabet-A,2026-09-09 20:00:00,330.9577,330.8503,330.99,330.85,0.0,0.0,3141.0,1039431.542,-0.039186657804101126,330.98
US.GOOGL,Alphabet-A,2026-09-10 04:05:00,331.3,331.59,331.66,331.2,0.0,0.0,27890.0,9241051.257,0.22357543577864997,330.8503
US.GOOGL,Alphabet-A,2026-09-10 04:10:00,331.59,331.7092,331.8,331.59,0.0,0.0,3016.0,1000205.242,0.03594800808228078,331.59
US.GOOGL,Alphabet-A,2026-09-10 04:15:00,331.7777,331.5475,331.78,331.5475,0.0,0.0,1577.0,523414.696,-0.04874751740379711,331.7092
US.GOOGL,Alphabet-A,2026-09-10 04:20:00,331.5475,331.3026,331.5892,331.3026,0.0,0.0,563.0,186700.836,-0.07386573567890864,331.5475
US.GOOGL,Alphabet-A,2026-09-10 04:25:00,331.3026,331.3948,331.45,331.27,0.0,0.0,542.0,179932.845,0.027829543142731505,331.3026
US.GOOGL,Alphabet-A,2026-09-10 04:30:00,331.3992,331.4,331.5,331.38,0.0,0.0,672.0,222744.251,0.0015691254057100751,331.3948
US.GOOGL,Alphabet-A,2026-09-10 04:35:00,331.4,331.48,331.48,331.33,0.0,0.0,338.0,112053.204,0.024140012070018386,331.4
US.GOOGL,Alphabet-A,2026-09-10 04:40:00,331.4706,331.44,331.4817,331.3378,0.0,0.0,502.0,166423.305,-0.01206709303729349,331.48
US.GOOGL,Alphabet-A,2026-09-10 04:45:00,331.47,331.3464,331.5,331.3,0.0,0.0,366.0,121328.601,-0.02824040550325272,331.44
US.GOOGL,Alphabet-A,2026-09-10 04:50:00,331.339,331.1582,331.36,331.12,0.0,0.0,632.0,209600.745,-0.05679856488556834,331.3464
US.GOOGL,Alphabet-A,2026-09-10 04:55:00,331.15,331.0104,331.19,331.0,0.0,0.0,5134.0,1699707.135,-0.04463123667178343,331.1582
US.GOOGL,Alphabet-A,2026-09-10 05:00:00,331.02,331.07,331.15,331.0,0.0,0.0,629.0,208309.981,0.01800547656508345,331.0104
US.GOOGL,Alphabet-A,2026-09-10 05:05:00,331.2,331.2004,331.2004,331.0037,0.0,0.0,768.0,254584.348,0.03938744072250845,331.07
US.GOOGL,Alphabet-A,2026-09-10 05:10:00,331.304,331.144,331.304,331.144,0.0,0.0,581.0,192575.267,-0.017028964940862527,331.2004
US.GOOGL,Alphabet-A,2026-09-10 05:15:00,331.2486,331.13,331.29,331.13,0.0,0.0,164.0,54572.652,-0.004227767980096274,331.144
US.GOOGL,Alphabet-A,2026-09-10 05:20:00,331.38,331.29,331.4588,331.14,0.0,0.0,369.0,122408.83,0.04831939117567874,331.13
US.GOOGL,Alphabet-A,2026-09-10 05:25:00,331.2392,331.1242,331.29,331.1242,0.0,0.0,441.0,146092.078,-0.05004678680311721,331.29
US.GOOGL,Alphabet-A,2026-09-10 05:30:00,331.29,331.06,331.29,331.0,0.0,0.0,1027.0,340021.476,-0.019388495313834256,331.1242
US.GOOGL,Alphabet-A,2026-09-10 05:35:00,331.06,330.96,331.06,330.95,0.0,0.0,2238.0,740928.825,-0.03020600495379168,331.06
US.GOOGL,Alphabet-A,2026-09-10 05:40:00,330.97,330.96,331.07,330.92,0.0,0.0,687.0,227471.254,0.0,330.96
US.GOOGL,Alphabet-A,2026-09-10 05:45:00,330.92,330.8,330.92,330.72,0.0,0.0,1167.0,386381.954,-0.04834421078074939,330.96
US.GOOGL,Alphabet-A,2026-09-10 05:50:00,330.8,330.82,330.87,330.72,0.0,0.0,406.0,134619.784,0.006045949214021104,330.8
US.GOOGL,Alphabet-A,2026-09-10 05:55:00,330.9822,330.6701,330.9953,330.64,0.0,0.0,2006.0,663628.893,-0.045311649839792745,330.82
US.GOOGL,Alphabet-A,2026-09-10 06:00:00,330.6597,330.7,330.7,330.65,0.0,0.0,1536.0,507947.216,0.009042244823465388,330.6701
US.GOOGL,Alphabet-A,2026-09-10 06:05:00,330.68,330.67,330.7,330.65,0.0,0.0,954.0,315641.909,-0.009071666162676963,330.7
US.GOOGL,Alphabet-A,2026-09-10 06:10:00,330.7,330.6621,330.7,330.65,0.0,0.0,700.0,231745.538,-0.0023890888196711093,330.67
US.GOOGL,Alphabet-A,2026-09-10 06:15:00,330.69,330.6879,330.7,330.66,0.0,0.0,875.0,289677.146,0.007802527111514691,330.6621
US.GOOGL,Alphabet-A,2026-09-10 06:20:00,330.688,330.67,330.7,330.65,0.0,0.0,308.0,102003.664,-0.0054129588654430235,330.6879
US.GOOGL,Alphabet-A,2026-09-10 06:25:00,330.67,330.91,330.91,330.6,0.0,0.0,858.0,283769.056,0.07257991350893915,330.67
US.GOOGL,Alphabet-A,2026-09-10 06:30:00,330.7312,331.42,332.6,330.7312,0.0,0.0,5732.0,1901261.982,0.154120455713031,330.91
US.GOOGL,Alphabet-A,2026-09-10 06:35:00,331.42,331.05,331.5143,331.0,0.0,0.0,1627.0,539050.132,-0.11164081829702628,331.42
US.GOOGL,Alphabet-A,2026-09-10 06:40:00,331.048,331.43,331.4942,331.048,0.0,0.0,725.0,240167.187,0.11478628605950626,331.05
US.GOOGL,Alphabet-A,2026-09-10 06:45:00,331.43,331.8,331.9887,331.41,0.0,0.0,1591.0,527988.326,0.11163744983857965,331.43
US.GOOGL,Alphabet-A,2026-09-10 06:50:00,331.66,331.87,331.9765,331.61,0.0,0.0,1249.0,414681.009,0.02109704641350005,331.8
US.GOOGL,Alphabet-A,2026-09-10 06:55:00,331.88,331.6948,331.9872,331.56,0.0,0.0,451.0,149869.018,-0.052791755808002536,331.87
US.GOOGL,Alphabet-A,2026-09-10 07:00:00,331.6,331.74,331.98,331.5097,0.0,0.0,1864.0,618599.922,0.013626984806521704,331.6948
US.GOOGL,Alphabet-A,2026-09-10 07:05:00,331.67,331.41,331.9,331.24,0.0,0.0,5547.0,1838806.16,-0.09947549285584617,331.74
US.GOOGL,Alphabet-A,2026-09-10 07:10:00,331.4078,331.36,331.55,331.28,0.0,0.0,3566.0,1181926.599,-0.015087052291726672,331.41
US.GOOGL,Alphabet-A,2026-09-10 07:15:00,331.3845,331.344,331.4655,331.28,0.0,0.0,2502.0,829151.739,-0.004828585224535113,331.36
US.GOOGL,Alphabet-A,2026-09-10 07:20:00,331.35,331.4297,331.47,331.3348,0.0,0.0,1728.0,572824.634,0.025864358491486553,331.344
US.GOOGL,Alphabet-A,2026-09-10 07:25:00,331.42,331.5,331.5162,331.34,0.0,0.0,3021.0,1001549.499,0.021211134668973453,331.4297
US.GOOGL,Alphabet-A,2026-09-10 07:30:00,331.5,331.5591,331.6,331.45,0.0,0.0,1525.0,505750.002,0.01782805429864278,331.5
US.GOOGL,Alphabet-A,2026-09-10 07:35:00,331.5585,332.23,332.31,331.5015,0.0,0.0,4826.0,1602669.05,0.20234703255015996,331.5591
US.GOOGL,Alphabet-A,2026-09-10 07:40:00,332.2898,332.02,332.2898,331.9,0.0,0.0,1710.0,567865.377,-0.06320922252657386,332.23
US.GOOGL,Alphabet-A,2026-09-10 07:45:00,331.973,331.71,332.05,331.69,0.0,0.0,4383.0,1454896.397,-0.09336786940545819,332.02
US.GOOGL,Alphabet-A,2026-09-10 07:50:00,331.71,331.7817,331.95,331.6112,0.0,0.0,6093.0,2020963.517,0.021615266347116815,331.71
US.GOOGL,Alphabet-A,2026-09-10 07:55:00,331.77,331.28,331.7817,331.18,0.0,0.0,2058.0,682342.952,-0.1512138855156954,331.7817
US.GOOGL,Alphabet-A,2026-09-10 08:00:00,331.2748,330.9,331.2748,330.8,0.0,0.0,4167.0,1379360.431,-0.11470659261047919,331.28
US.GOOGL,Alphabet-A,2026-09-10 08:05:00,330.98,330.59,331.29,330.5512,0.0,0.0,4579.0,1514800.058,-0.09368389241462746,330.9
US.GOOGL,Alphabet-A,2026-09-10 08:10:00,330.58,330.51,330.77,330.35,0.0,0.0,12043.0,3981148.656,-0.024199159079217186,330.59
US.GOOGL,Alphabet-A,2026-09-10 08:15:00,330.46,330.7308,330.79,330.01,0.0,0.0,6721.0,2221189.982,0.06680584551148135,330.51
US.GOOGL,Alphabet-A,2026-09-10 08:20:00,330.7367,330.6,330.75,330.41,0.0,0.0,2328.0,769848.239,-0.039548781063017166,330.7308
US.GOOGL,Alphabet-A,2026-09-10 08:25:00,330.5,330.23,330.56,330.12,0.0,0.0,3903.0,1289818.763,-0.11191772534785374,330.6
US.GOOGL,Alphabet-A,2026-09-10 08:30:00,330.23,330.3,330.3732,330.055,0.0,0.0,4047.0,1336383.396,0.02119734730339254,330.23
US.GOOGL,Alphabet-A,2026-09-10 08:35:00,330.05,329.19,330.2606,329.1,0.0,0.0,6497.0,2141768.054,-0.33605812897366444,330.3
US.GOOGL,Alphabet-A,2026-09-10 08:40:00,329.15,329.19,329.4896,329.07,0.0,0.0,1878039.0,620947300.733,0.0,329.19
US.GOOGL,Alphabet-A,2026-09-10 08:45:00,329.25,329.21,329.2999,328.8,0.0,0.0,12902.0,4244954.481,0.006075518697403266,329.19
US.GOOGL,Alphabet-A,2026-09-10 08:50:00,329.29,328.9637,329.4,328.81,0.0,0.0,7205.0,2371468.643,-0.07481546733087162,329.21
US.GOOGL,Alphabet-A,2026-09-10 08:55:00,328.8463,328.8413,329.0,328.63,0.0,0.0,9935.0,3267139.483,-0.0372077527095018,328.9637
US.GOOGL,Alphabet-A,2026-09-10 09:00:00,328.77,328.08,328.87,328.06,0.0,0.0,14223.0,4671535.592,-0.2315098498880784,328.8413
US.GOOGL,Alphabet-A,2026-09-10 09:05:00,328.17,328.75,329.0,328.01,0.0,0.0,14324.0,4705752.49,0.20421848329676173,328.08
US.GOOGL,Alphabet-A,2026-09-10 09:10:00,328.7221,328.47,328.97,328.42,0.0,0.0,6144.0,2019304.506,-0.08517110266158866,328.75
US.GOOGL,Alphabet-A,2026-09-10 09:15:00,328.51,328.6837,328.8,328.43,0.0,0.0,5071.0,1666973.952,0.06505921393124493,328.47
US.GOOGL,Alphabet-A,2026-09-10 09:20:00,328.61,328.65,328.9,328.4885,0.0,0.0,5052.0,1660349.689,-0.010253018327349449,328.6837
US.GOOGL,Alphabet-A,2026-09-10 09:25:00,328.65,328.59,328.98,328.45,0.0,0.0,4620.0,1518941.405,-0.01825650387950777,328.65
US.GOOGL,Alphabet-A,2026-09-10 09:30:00,328.99,327.97,329.25,327.77,0.0,0.0,23651.0,7764303.46,-0.18868498737026315,328.59
US.GOOGL,Alphabet-A,2026-09-10 09:35:00,328.11,329.75,330.45,327.7465,0.0,0.0,712072.0,234055087.045,0.5427325670030712,327.97
US.GOOGL,Alphabet-A,2026-09-10 09:40:00,329.7,329.49,329.99,328.69,0.0,0.0,322164.0,106044088.899,-0.07884761182713902,329.75
US.GOOGL,Alphabet-A,2026-09-10 09:45:00,329.4,328.78,329.62,328.62,0.0,0.0,202161.0,66549029.389,-0.21548453670825712,329.49
