code,name,time_key,open,close,high,low,pe_ratio,turnover_rate,volume,turnover,change_rate,last_close
US.MU,Micron Technology,2025-09-10 09:35:00,140.02,140.3851,141.5,138.88,0.0,0.0,2438920.0,342093129.884,3.8044217687074715,135.24
US.MU,Micron Technology,2025-09-10 09:40:00,140.38,139.83,140.94,139.2709,0.0,0.0,1060276.0,148604076.731,-0.3954123336450818,140.3851
US.MU,Micron Technology,2025-09-10 09:45:00,139.82,140.72,140.95,139.07,0.0,0.0,684793.0,95930063.817,0.6364871629836132,139.83
US.MU,Micron Technology,2025-09-10 09:50:00,140.75,141.375,141.65,140.36,0.0,0.0,620064.0,87435789.774,0.46546333143831803,140.72
US.MU,Micron Technology,2025-09-10 09:55:00,141.38,141.16,142.235,140.95,0.0,0.0,960538.0,135956002.445,-0.15207780725022346,141.375
US.MU,Micron Technology,2025-09-10 10:00:00,141.16,140.94,141.24,140.61,0.0,0.0,458959.0,64689185.715,-0.1558515160102004,141.16
US.MU,Micron Technology,2025-09-10 10:05:00,140.87,141.37,141.84,140.6,0.0,0.0,419872.0,59331213.995,0.30509436639705323,140.94
US.MU,Micron Technology,2025-09-10 10:10:00,141.47,141.0,141.63,140.71,0.0,0.0,701947.0,99121040.275,-0.261724552592491,141.37
US.MU,Micron Technology,2025-09-10 10:15:00,141.05,141.275,141.65,140.75,0.0,0.0,568388.0,80293855.99,0.19503546099291183,141.0
US.MU,Micron Technology,2025-09-10 10:20:00,141.2675,141.295,141.75,141.13,0.0,0.0,303558.0,42938788.971,0.01415678640947217,141.275
US.MU,Micron Technology,2025-09-10 10:25:00,141.27,141.62,141.65,141.02,0.0,0.0,306797.0,43374151.07,0.23001521639125028,141.295
US.MU,Micron Technology,2025-09-10 10:30:00,141.62,141.38,141.91,141.22,0.0,0.0,330055.0,46750395.837,-0.16946758932354827,141.62
US.MU,Micron Technology,2025-09-10 10:35:00,141.39,141.31,141.7854,141.24,0.0,0.0,229307.0,32439598.245,-0.049511953600221516,141.38
US.MU,Micron Technology,2025-09-10 10:40:00,141.32,141.71,141.75,141.25,0.0,0.0,259223.0,36684675.747,0.28306560045290896,141.31
US.MU,Micron Technology,2025-09-10 10:45:00,141.715,141.1,141.74,141.07,0.0,0.0,388245.0,54861005.042,-0.43045656622681083,141.71
US.MU,Micron Technology,2025-09-10 10:50:00,141.09,140.55,141.09,140.3705,0.0,0.0,420676.0,59200812.676,-0.3897944720056577,141.1
US.MU,Micron Technology,2025-09-10 10:55:00,140.56,140.36,140.65,140.04,0.0,0.0,282194.0,39604380.925,-0.13518320882248147,140.55
US.MU,Micron Technology,2025-09-10 11:00:00,140.345,140.782,140.785,139.96,0.0,0.0,268502.0,37682760.334,0.30065545739526717,140.36
US.MU,Micron Technology,2025-09-10 11:05:00,140.73,140.89,141.09,140.625,0.0,0.0,253846.0,35771916.989,0.076714352687116,140.782
US.MU,Micron Technology,2025-09-10 11:10:00,140.87,140.61,140.93,140.52,0.0,0.0,146084.0,20554464.13,-0.19873660302361612,140.89
US.MU,Micron Technology,2025-09-10 11:15:00,140.6393,140.75,140.82,140.32,0.0,0.0,207460.0,29161939.462,0.09956617594764693,140.61
US.MU,Micron Technology,2025-09-10 11:20:00,140.77,140.1218,140.8,140.1,0.0,0.0,173681.0,24402588.964,-0.4463232682060338,140.75
US.MU,Micron Technology,2025-09-10 11:25:00,140.17,140.905,140.93,140.07,0.0,0.0,251234.0,35301863.904,0.5589422916348447,140.1218
US.MU,Micron Technology,2025-09-10 11:30:00,140.915,141.175,141.29,138.34,0.0,0.0,327860.0,46240945.995,0.1916184663425785,140.905
US.MU,Micron Technology,2025-09-10 11:35:00,141.175,141.11,141.385,140.95,0.0,0.0,243247.0,34326594.396,-0.04604214627235539,141.175
US.MU,Micron Technology,2025-09-10 11:40:00,141.06,141.77,141.772982,140.96,0.0,0.0,323162.0,45639575.019,0.4677202182694328,141.11
US.MU,Micron Technology,2025-09-10 11:45:00,141.77,141.55,141.88,141.48,0.0,0.0,310558.0,44023494.422,-0.15518092685335322,141.77
US.MU,Micron Technology,2025-09-10 11:50:00,141.54,141.42,141.71,141.18,0.0,0.0,212119.0,29986364.664,-0.0918403391028074,141.55
US.MU,Micron Technology,2025-09-10 11:55:00,141.43,141.4,141.59,141.37,0.0,0.0,114786.0,16238358.611,-0.01414227124874969,141.42
US.MU,Micron Technology,2025-09-10 12:00:00,141.407,141.35,141.465,141.28,0.0,0.0,115854.0,16378027.572,-0.0353606789250434,141.4
US.MU,Micron Technology,2025-09-10 12:05:00,141.31,141.335,141.475,141.15,0.0,0.0,194035.0,27418263.024,-0.010611956137238315,141.35
US.MU,Micron Technology,2025-09-10 12:10:00,141.335,141.065,141.41,140.96,0.0,0.0,197933.0,27955217.468,-0.1910354830721408,141.335
US.MU,Micron Technology,2025-09-10 12:15:00,141.09,141.08,141.34,140.95,0.0,0.0,190494.0,26882763.221,0.010633395952231084,141.065
US.MU,Micron Technology,2025-09-10 12:20:00,141.07,140.755,141.135,140.755,0.0,0.0,142244.0,20049348.228,-0.23036574992913028,141.08
US.MU,Micron Technology,2025-09-10 12:25:00,140.77,140.76,140.91,140.67,0.0,0.0,173926.0,24485158.292,0.003552271677734683,140.755
US.MU,Micron Technology,2025-09-10 12:30:00,140.74,140.9851,140.99,140.715,0.0,0.0,107157.0,15089145.657,0.15991759022449392,140.76
US.MU,Micron Technology,2025-09-10 12:35:00,141.0,140.8306,141.1401,140.8306,0.0,0.0,102300.0,14424136.893,-0.10958604845475482,140.9851
US.MU,Micron Technology,2025-09-10 12:40:00,140.845,140.655,141.065,140.64,0.0,0.0,216366.0,30474822.485,-0.12468881052839571,140.8306
US.MU,Micron Technology,2025-09-10 12:45:00,140.68,140.8,140.965,140.6418,0.0,0.0,163018.0,22949423.168,0.1030891187657817,140.655
US.MU,Micron Technology,2025-09-10 12:50:00,140.8,140.4,140.87,140.38,0.0,0.0,187620.0,26401274.883,-0.2840909090909131,140.8
US.MU,Micron Technology,2025-09-10 12:55:00,140.4,140.3801,140.58,140.38,0.0,0.0,86206.0,12109471.181,-0.014173789173794096,140.4
US.MU,Micron Technology,2025-09-10 13:00:00,140.41,140.815,140.815,140.41,0.0,0.0,154253.0,21684829.254,0.3098017454040843,140.3801
US.MU,Micron Technology,2025-09-10 13:05:00,140.806,140.62,140.9,140.6,0.0,0.0,140627.0,19791818.987,-0.13847956538720535,140.815
US.MU,Micron Technology,2025-09-10 13:10:00,140.62,140.51,140.7,140.335,0.0,0.0,134195.0,18852829.717,-0.07822500355569167,140.62
US.MU,Micron Technology,2025-09-10 13:15:00,140.495,140.55,140.61,140.33,0.0,0.0,106377.0,14943617.875,0.028467724717116553,140.51
US.MU,Micron Technology,2025-09-10 13:20:00,140.55,140.235,140.58,140.15,0.0,0.0,117718.0,16521474.946,-0.22411953041622032,140.55
US.MU,Micron Technology,2025-09-10 13:25:00,140.25,139.65,140.3,139.64,0.0,0.0,196938.0,27558482.279,-0.41715691517809955,140.235
US.MU,Micron Technology,2025-09-10 13:30:00,139.64,140.09,140.1,139.58,0.0,0.0,245187.0,34280683.739,0.3150733977801631,139.65
US.MU,Micron Technology,2025-09-10 13:35:00,140.05,140.13,140.1572,139.87,0.0,0.0,149585.0,20943058.02,0.02855307302447858,140.09
US.MU,Micron Technology,2025-09-10 13:40:00,140.15,140.23,140.28,140.04,0.0,0.0,136241.0,19097773.502,0.07136230642973976,140.13
US.MU,Micron Technology,2025-09-10 13:45:00,140.25,140.35,140.51,140.19,0.0,0.0,160996.0,22590498.264,0.0855737003494292,140.23
US.MU,Micron Technology,2025-09-10 13:50:00,140.335,140.44,140.464,140.25,0.0,0.0,103814.0,14570943.553,0.06412540078375734,140.35
US.MU,Micron Technology,2025-09-10 13:55:00,140.46,140.31,140.485,140.195,0.0,0.0,159833.0,22425145.976,-0.092566220450011,140.44
US.MU,Micron Technology,2025-09-10 14:00:00,140.29,140.43,140.47,140.075,0.0,0.0,124314.0,17440062.276,0.08552490912978729,140.31
US.MU,Micron Technology,2025-09-10 14:05:00,140.44,140.54,140.6188,140.42,0.0,0.0,108540.0,15249469.97,0.07833084098838226,140.43
US.MU,Micron Technology,2025-09-10 14:10:00,140.56,140.235,140.5824,140.2,0.0,0.0,95734.0,13441889.35,-0.21702006546177485,140.54
US.MU,Micron Technology,2025-09-10 14:15:00,140.22,140.165,140.32,139.9694,0.0,0.0,111538.0,15633436.67,-0.04991621207260784,140.235
US.MU,Micron Technology,2025-09-10 14:20:00,140.15,139.8,140.15,139.78,0.0,0.0,145843.0,20416242.625,-0.260407377019927,140.165
US.MU,Micron Technology,2025-09-10 14:25:00,139.7933,139.74,140.0,139.7,0.0,0.0,157354.0,22004319.444,-0.04291845493562394,139.8
US.MU,Micron Technology,2025-09-10 14:30:00,139.735,139.71,139.81,139.58,0.0,0.0,180824.0,25260892.741,-0.021468441391155814,139.74
US.MU,Micron Technology,2025-09-10 14:35:00,139.735,139.9425,139.96,139.68,0.0,0.0,126328.0,17659256.603,0.16641614773458413,139.71
US.MU,Micron Technology,2025-09-10 14:40:00,139.92,139.86,140.02,139.81,0.0,0.0,116219.0,16263348.604,-0.058952784179203466,139.9425
US.MU,Micron Technology,2025-09-10 14:45:00,139.86,139.9104,140.0,139.79,0.0,0.0,83673.0,11705674.481,0.03603603603603333,139.86
US.MU,Micron Technology,2025-09-10 14:50:00,139.91,139.74,140.135,139.74,0.0,0.0,114996.0,16088878.842,-0.12179223274324193,139.9104
US.MU,Micron Technology,2025-09-10 14:55:00,139.7,139.655,139.8016,139.5501,0.0,0.0,104882.0,14650186.861,-0.0608272506082782,139.74
US.MU,Micron Technology,2025-09-10 15:00:00,139.66,139.85,139.94,139.53,0.0,0.0,172176.0,24053279.896,0.13962980201209638,139.655
US.MU,Micron Technology,2025-09-10 15:05:00,139.86,139.61,139.895,139.59,0.0,0.0,116042.0,16215128.695,-0.1716124419020241,139.85
US.MU,Micron Technology,2025-09-10 15:10:00,139.605,139.45,139.7,139.37,0.0,0.0,155326.0,21677059.472,-0.11460497099063463,139.61
US.MU,Micron Technology,2025-09-10 15:15:00,139.41,139.356,139.52,139.31,0.0,0.0,155709.0,21710004.213,-0.06740767300107142,139.45
US.MU,Micron Technology,2025-09-10 15:20:00,139.36,139.46,139.55,139.2536,0.0,0.0,121322.0,16910761.849,0.07462900772124159,139.356
US.MU,Micron Technology,2025-09-10 15:25:00,139.4583,139.44,139.46,139.22,0.0,0.0,127648.0,17790964.921,-0.014341029685938787,139.46
US.MU,Micron Technology,2025-09-10 15:30:00,139.42,139.655,139.7,139.38,0.0,0.0,161276.0,22498760.055,0.1541881812966175,139.44
US.MU,Micron Technology,2025-09-10 15:35:00,139.655,139.99,140.1,139.655,0.0,0.0,286529.0,40105613.286,0.23987683935412837,139.655
US.MU,Micron Technology,2025-09-10 15:40:00,140.0,139.9,140.0899,139.75,0.0,0.0,208227.0,29128767.565,-0.06429030645046317,139.99
US.MU,Micron Technology,2025-09-10 15:45:00,139.9,139.99,140.005,139.7,0.0,0.0,196937.0,27537100.951,0.06433166547534197,139.9
US.MU,Micron Technology,2025-09-10 15:50:00,139.97,139.82,140.03,139.81,0.0,0.0,264876.0,37063723.9,-0.12143724551754832,139.99
US.MU,Micron Technology,2025-09-10 15:55:00,139.84,140.12,140.19,139.84,0.0,0.0,495407.0,69363058.787,0.21456157917323088,139.82
US.MU,Micron Technology,2025-09-10 16:00:00,140.12,140.0,140.2,139.74,0.0,0.0,2260988.0,316490338.897,-0.08564087924636352,140.12
US.MU,Micron Technology,2025-09-11 09:35:00,147.72,153.1748,153.88,147.61,0.0,0.0,5561058.0,838627835.354,9.410571428571432,140.0
US.MU,Micron Technology,2025-09-11 09:40:00,153.17,155.09,155.49,153.01,0.0,0.0,3481753.0,537580574.472,1.250336217184549,153.1748
US.MU,Micron Technology,2025-09-11 09:45:00,155.12,154.295,156.26,154.2,0.0,0.0,3421682.0,531099657.552,-0.5126055838545464,155.09
US.MU,Micron Technology,2025-09-11 09:50:00,154.3,153.6,154.55,150.98,0.0,0.0,2227932.0,342915588.759,-0.45043585339770775,154.295
US.MU,Micron Technology,2025-09-11 09:55:00,153.635,151.875,153.64,151.8,0.0,0.0,1851157.0,282565880.262,-1.1230468749999964,153.6
US.MU,Micron Technology,2025-09-11 10:00:00,151.88,151.1,152.3,150.91,0.0,0.0,1336736.0,202721101.994,-0.5102880658436252,151.875
US.MU,Micron Technology,2025-09-11 10:05:00,151.108,151.94,152.35,150.583,0.0,0.0,1291313.0,195335230.273,0.5559232296492412,151.1
US.MU,Micron Technology,2025-09-11 10:10:00,151.9356,151.44,152.8299,151.36,0.0,0.0,1131200.0,172146136.198,-0.32907726734237197,151.94
US.MU,Micron Technology,2025-09-11 10:15:00,151.44,151.08,152.0,150.9,0.0,0.0,633264.0,95933406.039,-0.23771790808239912,151.44
US.MU,Micron Technology,2025-09-11 10:20:00,151.09,151.07,151.77,150.73,0.0,0.0,666249.0,100726285.929,-0.006619009796147291,151.08
US.MU,Micron Technology,2025-09-11 10:25:00,151.07,151.11,151.99,150.92,0.0,0.0,432577.0,65507143.913,0.02647779175218142,151.07
US.MU,Micron Technology,2025-09-11 10:30:00,151.11,150.69,151.31,150.51,0.0,0.0,489624.0,73869436.867,-0.2779432201707471,151.11
US.MU,Micron Technology,2025-09-11 10:35:00,150.695,151.43,151.47,150.62,0.0,0.0,445458.0,67244986.766,0.49107439113412243,150.69
US.MU,Micron Technology,2025-09-11 10:40:00,151.45,151.34,151.77,151.01,0.0,0.0,615722.0,93250542.772,-0.05943340157168554,151.43
US.MU,Micron Technology,2025-09-11 10:45:00,151.31,151.14,151.55,150.8822,0.0,0.0,431818.0,65302025.72,-0.13215276860051345,151.34
US.MU,Micron Technology,2025-09-11 10:50:00,151.14,151.85,151.96,150.9,0.0,0.0,646718.0,97910848.639,0.46976313351859733,151.14
US.MU,Micron Technology,2025-09-11 10:55:00,151.86,151.0,152.01,150.9001,0.0,0.0,705775.0,106989428.681,-0.559762923938093,151.85
US.MU,Micron Technology,2025-09-11 11:00:00,150.985,152.3322,152.3599,150.92,0.0,0.0,428311.0,65026284.482,0.8822516556291392,151.0
US.MU,Micron Technology,2025-09-11 11:05:00,152.315,151.99,152.45,151.71,0.0,0.0,421257.0,64034773.502,-0.22464062095866216,152.3322
US.MU,Micron Technology,2025-09-11 11:10:00,151.95,152.54,152.66,151.91,0.0,0.0,513516.0,78251463.759,0.3618659122310566,151.99
US.MU,Micron Technology,2025-09-11 11:15:00,152.54,152.27,152.9399,152.26,0.0,0.0,488438.0,74513645.88,-0.1770027533761517,152.54
US.MU,Micron Technology,2025-09-11 11:20:00,152.26,153.2626,153.41,152.2,0.0,0.0,462569.0,70716021.598,0.6518683916726746,152.27
US.MU,Micron Technology,2025-09-11 11:25:00,153.265,153.0,153.38,152.87,0.0,0.0,386346.0,59147071.75,-0.1713399094103793,153.2626
US.MU,Micron Technology,2025-09-11 11:30:00,152.995,153.41,153.47,152.97,0.0,0.0,368734.0,56500426.244,0.2679738562091481,153.0
US.MU,Micron Technology,2025-09-11 11:35:00,153.41,153.61,153.8,153.34,0.0,0.0,564710.0,86731027.785,0.13036959780980187,153.41
US.MU,Micron Technology,2025-09-11 11:40:00,153.62,153.97,154.05,153.425,0.0,0.0,494462.0,76036666.339,0.23435974220427394,153.61
US.MU,Micron Technology,2025-09-11 11:45:00,153.97,154.48,154.68,153.88,0.0,0.0,612605.0,94509452.078,0.33123335714749036,153.97
US.MU,Micron Technology,2025-09-11 11:50:00,154.48,154.43,154.94,154.345,0.0,0.0,657272.0,101652734.211,-0.032366649404442616,154.48
US.MU,Micron Technology,2025-09-11 11:55:00,154.46,154.903,154.99,154.33,0.0,0.0,497083.0,76889473.019,0.30628763841221573,154.43
US.MU,Micron Technology,2025-09-11 12:00:00,154.94,155.0,155.03,154.61,0.0,0.0,626944.0,97109400.002,0.06261983305682163,154.903
US.MU,Micron Technology,2025-09-11 12:05:00,154.98,154.88,155.22,154.72,0.0,0.0,546325.0,84639145.187,-0.07741935483871261,155.0
US.MU,Micron Technology,2025-09-11 12:10:00,154.85,154.01,154.88,153.77,0.0,0.0,664823.0,102522195.346,-0.5617252066115732,154.88
US.MU,Micron Technology,2025-09-11 12:15:00,154.04,153.4099,154.08,153.13,0.0,0.0,489574.0,75144179.725,-0.3896500227257955,154.01
US.MU,Micron Technology,2025-09-11 12:20:00,153.385,153.07,153.52,152.92,0.0,0.0,264036.0,40443955.247,-0.22156327590331532,153.4099
US.MU,Micron Technology,2025-09-11 12:25:00,153.07,153.0,153.447,152.9,0.0,0.0,246537.0,37748185.879,-0.045730711439206366,153.07
US.MU,Micron Technology,2025-09-11 12:30:00,153.015,153.08,153.14,152.88,0.0,0.0,189788.0,29039553.542,0.052287581699354574,153.0
US.MU,Micron Technology,2025-09-11 12:35:00,153.09,153.2504,153.29,152.79,0.0,0.0,1586109.0,242689404.214,0.11131434544029316,153.08
US.MU,Micron Technology,2025-09-11 12:40:00,153.2899,152.6832,153.2899,152.63,0.0,0.0,237232.0,36295691.753,-0.37011322645814554,153.2504
US.MU,Micron Technology,2025-09-11 12:45:00,152.675,152.66,152.85,152.44,0.0,0.0,242941.0,37080058.463,-0.015194860993221766,152.6832
US.MU,Micron Technology,2025-09-11 12:50:00,152.6576,152.7492,152.75,152.22,0.0,0.0,213374.0,32521886.952,0.058430499148437884,152.66
US.MU,Micron Technology,2025-09-11 12:55:00,152.72,152.48,152.7383,152.42,0.0,0.0,152320.0,23237655.039,-0.1762366022211652,152.7492
US.MU,Micron Technology,2025-09-11 13:00:00,152.4771,152.68,152.87,152.41,0.0,0.0,188639.0,28804542.751,0.13116474291711505,152.48
US.MU,Micron Technology,2025-09-11 13:05:00,152.68,152.9679,152.9679,152.6,0.0,0.0,168915.0,25812465.926,0.1885643175268399,152.68
US.MU,Micron Technology,2025-09-11 13:10:00,152.94,152.985,153.12,152.68,0.0,0.0,179494.0,27447556.634,0.011178815947677683,152.9679
US.MU,Micron Technology,2025-09-11 13:15:00,152.9501,153.22,153.3393,152.78,0.0,0.0,193455.0,29604685.836,0.1536098310291762,152.985
US.MU,Micron Technology,2025-09-11 13:20:00,153.225,153.16,153.3074,153.05,0.0,0.0,155280.0,23787223.932,-0.039159378671193235,153.22
US.MU,Micron Technology,2025-09-11 13:25:00,153.16,153.35,153.46,152.7093,0.0,0.0,241481.0,36961260.02,0.1240532776181756,153.16
US.MU,Micron Technology,2025-09-11 13:30:00,153.395,153.31,153.5,153.08,0.0,0.0,237602.0,36430243.954,-0.026084121291158814,153.35
US.MU,Micron Technology,2025-09-11 13:35:00,153.29,153.54,153.61,153.18,0.0,0.0,163887.0,25141163.831,0.15002282956101348,153.31
US.MU,Micron Technology,2025-09-11 13:40:00,153.5151,153.47,153.62,153.17,0.0,0.0,159354.0,24442938.795,-0.04559072554382779,153.54
US.MU,Micron Technology,2025-09-11 13:45:00,153.465,153.505,153.76,153.4594,0.0,0.0,233350.0,35836399.944,0.0228057600834017,153.47
US.MU,Micron Technology,2025-09-11 13:50:00,153.505,153.215,153.605,153.0866,0.0,0.0,188991.0,28976202.527,-0.18891892772221885,153.505
US.MU,Micron Technology,2025-09-11 13:55:00,153.19,153.27,153.29,153.0,0.0,0.0,142182.0,21777110.292,0.035897268544207044,153.215
US.MU,Micron Technology,2025-09-11 14:00:00,153.27,152.88,153.3148,152.83,0.0,0.0,138228.0,21157634.011,-0.25445292620866106,153.27
US.MU,Micron Technology,2025-09-11 14:05:00,152.87,152.319,152.91,152.272684,0.0,0.0,231605.0,35326569.692,-0.36695447409733584,152.88
US.MU,Micron Technology,2025-09-11 14:10:00,152.29,152.365,152.5508,152.03,0.0,0.0,236390.0,36000156.508,0.030199778097296265,152.319
US.MU,Micron Technology,2025-09-11 14:15:00,152.36,152.04,152.53,152.02,0.0,0.0,225628.0,34355157.994,-0.21330358021856533,152.365
US.MU,Micron Technology,2025-09-11 14:20:00,152.065,151.81,152.135,151.665,0.0,0.0,241418.0,36669123.84,-0.15127598000525505,152.04
US.MU,Micron Technology,2025-09-11 14:25:00,151.8,152.045,152.28,151.74,0.0,0.0,242543.0,36885091.077,0.1547987616098974,151.81
US.MU,Micron Technology,2025-09-11 14:30:00,152.045,151.865,152.2,151.865,0.0,0.0,230570.0,35065199.902,-0.11838600414349595,152.045
US.MU,Micron Technology,2025-09-11 14:35:00,151.89,151.7,152.14,151.5,0.0,0.0,297682.0,45170455.773,-0.10864912916078125,151.865
US.MU,Micron Technology,2025-09-11 14:40:00,151.685,151.885,151.95,151.22,0.0,0.0,803330.0,121751179.853,0.12195121951219665,151.7
US.MU,Micron Technology,2025-09-11 14:45:00,151.87,151.53,151.88,151.27,0.0,0.0,253414.0,38403954.607,-0.2337294663725778,151.885
US.MU,Micron Technology,2025-09-11 14:50:00,151.525,151.63,151.67,151.4,0.0,0.0,265290.0,40203220.18,0.06599353263379813,151.53
US.MU,Micron Technology,2025-09-11 14:55:00,151.625,151.305,151.71,151.16,0.0,0.0,214064.0,32409634.287,-0.21433753215062235,151.63
US.MU,Micron Technology,2025-09-11 15:00:00,151.3,151.38,151.5,151.21,0.0,0.0,200826.0,30393857.055,0.049568751858820675,151.305
US.MU,Micron Technology,2025-09-11 15:05:00,151.37,151.4648,151.49,151.11,0.0,0.0,220522.0,33364350.616,0.05601796802748139,151.38
US.MU,Micron Technology,2025-09-11 15:10:00,151.46,151.005,151.55,150.94,0.0,0.0,220991.0,33412304.8,-0.30356888201087073,151.4648
US.MU,Micron Technology,2025-09-11 15:15:00,150.96,150.98,151.1,150.83,0.0,0.0,223230.0,33701709.359,-0.016555743187315446,151.005
US.MU,Micron Technology,2025-09-11 15:20:00,150.9751,151.05,151.17,150.7205,0.0,0.0,266057.0,40161635.14,0.04636375678899298,150.98
US.MU,Micron Technology,2025-09-11 15:25:00,151.05,151.07,151.15,150.79,0.0,0.0,233735.0,35286355.841,0.013240648791778753,151.05
US.MU,Micron Technology,2025-09-11 15:30:00,151.07,150.955,151.17,150.81,0.0,0.0,265976.0,40165360.042,-0.07612365128746983,151.07
US.MU,Micron Technology,2025-09-11 15:35:00,150.94,150.515,151.08,150.41,0.0,0.0,370825.0,55911486.576,-0.29147759266008155,150.955
US.MU,Micron Technology,2025-09-11 15:40:00,150.51,150.3,150.58,150.23,0.0,0.0,357894.0,53821062.815,-0.14284290602263894,150.515
US.MU,Micron Technology,2025-09-11 15:45:00,150.3,150.46,150.6775,150.25,0.0,0.0,331485.0,49857354.257,0.10645375914836765,150.3
US.MU,Micron Technology,2025-09-11 15:50:00,150.455,151.04,151.04,150.4,0.0,0.0,358102.0,54007915.587,0.38548451415657586,150.46
US.MU,Micron Technology,2025-09-11 15:55:00,151.03,150.505,151.035,150.0926,0.0,0.0,632013.0,95039847.028,-0.3542108050847435,151.04
US.MU,Micron Technology,2025-09-11 16:00:00,150.48,150.57,150.83,150.39,0.0,0.0,3265452.0,491744368.12,0.043187933955681025,150.505
US.MU,Micron Technology,2025-09-12 09:35:00,153.55,153.49,155.6,153.21,0.0,0.0,2623245.0,404979495.363,1.939297336786887,150.57
US.MU,Micron Technology,2025-09-12 09:40:00,153.4,155.0721,155.36,153.28,0.0,0.0,1007212.0,155862601.601,1.030751189002539,153.49
US.MU,Micron Technology,2025-09-12 09:45:00,155.06,155.27,155.9686,154.611,0.0,0.0,1204500.0,187156065.388,0.1276180563750695,155.0721
US.MU,Micron Technology,2025-09-12 09:50:00,155.2538,154.995,155.88,154.95,0.0,0.0,781828.0,121488620.227,-0.17711083918336168,155.27
US.MU,Micron Technology,2025-09-12 09:55:00,154.9894,154.87,155.4999,154.27,0.0,0.0,642653.0,99443498.482,-0.08064776283105907,154.995
US.MU,Micron Technology,2025-09-12 10:00:00,155.0,154.92,155.24,154.31,0.0,0.0,434246.0,67211046.41,0.03228514237746687,154.87
US.MU,Micron Technology,2025-09-12 10:05:00,154.88,154.45,155.1,154.1,0.0,0.0,478041.0,73925635.659,-0.3033823909114375,154.92
US.MU,Micron Technology,2025-09-12 10:10:00,154.49,154.2,154.88,154.07,0.0,0.0,370227.0,57180242.532,-0.16186468112657817,154.45
US.MU,Micron Technology,2025-09-12 10:15:00,154.2,154.13,154.4899,153.88,0.0,0.0,456747.0,70399443.604,-0.04539559014266743,154.2
US.MU,Micron Technology,2025-09-12 10:20:00,154.12,155.525,155.61,153.98,0.0,0.0,576010.0,89257695.99,0.9050801271653865,154.13
US.MU,Micron Technology,2025-09-12 10:25:00,155.525,156.155,156.3,155.47,0.0,0.0,947898.0,147784160.833,0.4050795692010901,155.525
US.MU,Micron Technology,2025-09-12 10:30:00,156.16,156.0,156.66,155.9017,0.0,0.0,807504.0,126190473.306,-0.09926035029297886,156.155
US.MU,Micron Technology,2025-09-12 10:35:00,155.99,155.98,156.16,155.47,0.0,0.0,415033.0,64674341.651,-0.01282051282051938,156.0
US.MU,Micron Technology,2025-09-12 10:40:00,155.965,155.933,156.39,155.87,0.0,0.0,300251.0,46891517.407,-0.030132068213871682,155.98
US.MU,Micron Technology,2025-09-12 10:45:00,155.9,155.47,156.12,155.35,0.0,0.0,294013.0,45774529.191,-0.29692239615732,155.933
US.MU,Micron Technology,2025-09-12 10:50:00,155.51,155.85,155.925,155.39,0.0,0.0,289157.0,45018141.352,0.24442014536566248,155.47
US.MU,Micron Technology,2025-09-12 10:55:00,155.85,155.78,155.89,155.4196,0.0,0.0,251363.0,39144264.052,-0.04491498235482398,155.85
US.MU,Micron Technology,2025-09-12 11:00:00,155.77,155.51,156.025,155.32,0.0,0.0,394254.0,61396821.725,-0.17332135062267956,155.78
US.MU,Micron Technology,2025-09-12 11:05:00,155.505,156.03,156.08,155.32,0.0,0.0,468687.0,72977509.207,0.3343836409234199,155.51
US.MU,Micron Technology,2025-09-12 11:10:00,156.01,156.558645,156.61,155.8,0.0,0.0,490647.0,76656494.645,0.3388098442607265,156.03
US.MU,Micron Technology,2025-09-12 11:15:00,156.55,156.315,156.84,156.2745,0.0,0.0,471109.0,73779282.41,-0.1556253888119784,156.558645
US.MU,Micron Technology,2025-09-12 11:20:00,156.315,156.465,156.49,156.115,0.0,0.0,286925.0,44846219.646,0.09596008060647135,156.315
US.MU,Micron Technology,2025-09-12 11:25:00,156.455,156.165,156.5,156.03,0.0,0.0,607035.0,94874695.536,-0.19173617102867183,156.465
US.MU,Micron Technology,2025-09-12 11:30:00,156.17,156.15,156.415,155.91,0.0,0.0,249462.0,38951642.21,-0.009605225242523203,156.165
US.MU,Micron Technology,2025-09-12 11:35:00,156.15,156.44,156.5,155.95,0.0,0.0,201723.0,31523540.008,0.18571886007044,156.15
US.MU,Micron Technology,2025-09-12 11:40:00,156.43,156.4534,156.51,156.23,0.0,0.0,167248.0,26159723.808,0.008565584249546208,156.44
US.MU,Micron Technology,2025-09-12 11:45:00,156.45,156.58,156.71,156.23,0.0,0.0,180865.0,28292986.337,0.08091866332085126,156.4534
US.MU,Micron Technology,2025-09-12 11:50:00,156.545,157.08,157.08,156.31,0.0,0.0,374823.0,58757672.899,0.31932558436581937,156.58
US.MU,Micron Technology,2025-09-12 11:55:00,157.07,157.089,157.3884,156.94,0.0,0.0,438248.0,68871079.431,0.0057295645530851345,157.08
US.MU,Micron Technology,2025-09-12 12:00:00,157.11,157.0504,157.25,156.67,0.0,0.0,308055.0,48339270.644,-0.024572057878019728,157.089
US.MU,Micron Technology,2025-09-12 12:05:00,157.065,156.245,157.15,156.18,0.0,0.0,306294.0,47948890.533,-0.5128290026641076,157.0504
US.MU,Micron Technology,2025-09-12 12:10:00,156.245,156.54,156.6,156.09,0.0,0.0,233291.0,36476202.52,0.18880604179332938,156.245
US.MU,Micron Technology,2025-09-12 12:15:00,156.495,156.6,156.66,156.16,0.0,0.0,135975.0,21272911.328,0.03832886163281096,156.54
US.MU,Micron Technology,2025-09-12 12:20:00,156.605,156.79,156.85,156.5,0.0,0.0,146983.0,23027404.339,0.12132822477649918,156.6
US.MU,Micron Technology,2025-09-12 12:25:00,156.7712,157.205,157.25,156.74,0.0,0.0,253638.0,39833439.935,0.26468524778367275,156.79
US.MU,Micron Technology,2025-09-12 12:30:00,157.19,157.155,157.34,157.05,0.0,0.0,239364.0,37624857.47,-0.03180560414745801,157.205
US.MU,Micron Technology,2025-09-12 12:35:00,157.16,156.9,157.2476,156.83,0.0,0.0,296847.0,46623467.118,-0.16226018898539368,157.155
US.MU,Micron Technology,2025-09-12 12:40:00,156.9,156.82,157.04,156.6211,0.0,0.0,134969.0,21176366.684,-0.050987890376043656,156.9
US.MU,Micron Technology,2025-09-12 12:45:00,156.82,156.849,157.12,156.68,0.0,0.0,192369.0,30186054.256,0.018492539216934296,156.82
US.MU,Micron Technology,2025-09-12 12:50:00,156.845,156.36,156.845,156.25,0.0,0.0,211058.0,33040406.127,-0.3117648183921963,156.849
US.MU,Micron Technology,2025-09-12 12:55:00,156.36,156.3506,156.51,156.2,0.0,0.0,148243.0,23184179.194,-0.006011767715546066,156.36
US.MU,Micron Technology,2025-09-12 13:00:00,156.32,156.7999,156.88,156.31,0.0,0.0,133124.0,20858510.112,0.2873669816425535,156.3506
US.MU,Micron Technology,2025-09-12 13:05:00,156.8,156.76,156.8962,156.59,0.0,0.0,130136.0,20397607.505,-0.025446444800039505,156.7999
US.MU,Micron Technology,2025-09-12 13:10:00,156.76,156.265,156.8251,156.26,0.0,0.0,190971.0,29898489.176,-0.31576932891043924,156.76
US.MU,Micron Technology,2025-09-12 13:15:00,156.2626,156.791108,156.81,156.2501,0.0,0.0,139604.0,21853333.199,0.3366767990273075,156.265
US.MU,Micron Technology,2025-09-12 13:20:00,156.7985,156.59,156.7985,156.56,0.0,0.0,113475.0,17777584.813,-0.12826492686052385,156.791108
US.MU,Micron Technology,2025-09-12 13:25:00,156.6,156.665,156.695,156.39,0.0,0.0,120369.0,18838917.914,0.047895778785355794,156.59
US.MU,Micron Technology,2025-09-12 13:30:00,156.67,156.63,156.7788,156.61,0.0,0.0,116626.0,18273623.447,-0.022340663198542488,156.665
US.MU,Micron Technology,2025-09-12 13:35:00,156.63,156.855,157.07,156.45,0.0,0.0,199212.0,31251450.538,0.14365064163952904,156.63
US.MU,Micron Technology,2025-09-12 13:40:00,156.85,156.565,156.85,156.53,0.0,0.0,83453.0,13077779.376,-0.1848841286538472,156.855
US.MU,Micron Technology,2025-09-12 13:45:00,156.565,157.0,157.05,156.5,0.0,0.0,169449.0,26569483.718,0.2778398748123797,156.565
US.MU,Micron Technology,2025-09-12 13:50:00,156.995,157.5201,157.68,156.97,0.0,0.0,284625.0,44819304.243,0.3312738853503271,157.0
US.MU,Micron Technology,2025-09-12 13:55:00,157.55,157.6766,157.7399,157.3401,0.0,0.0,169287.0,26670088.671,0.09935240010639536,157.5201
US.MU,Micron Technology,2025-09-12 14:00:00,157.66,157.3402,157.66,157.28,0.0,0.0,207650.0,32692660.652,-0.2133480808185854,157.6766
US.MU,Micron Technology,2025-09-12 14:05:00,157.35,157.78,157.8,157.28,0.0,0.0,292730.0,46110245.494,0.2795216988411042,157.3402
US.MU,Micron Technology,2025-09-12 14:10:00,157.78,157.664,158.07,157.6192,0.0,0.0,379978.0,60003991.463,-0.07352009126632898,157.78
US.MU,Micron Technology,2025-09-12 14:15:00,157.685,157.44,157.685,157.23,0.0,0.0,162551.0,25593143.592,-0.142074284554489,157.664
US.MU,Micron Technology,2025-09-12 14:20:00,157.445,157.055,157.445,156.9341,0.0,0.0,193434.0,30399145.647,-0.2445376016260105,157.44
US.MU,Micron Technology,2025-09-12 14:25:00,157.03,157.4,157.43,156.9775,0.0,0.0,149494.0,23487899.035,0.2196682690777109,157.055
US.MU,Micron Technology,2025-09-12 14:30:00,157.415,157.46,157.59,157.31,0.0,0.0,154037.0,24253785.544,0.038119440914868026,157.4
US.MU,Micron Technology,2025-09-12 14:35:00,157.46,157.72,157.7259,157.4555,0.0,0.0,167193.0,26342520.743,0.16512130064777777,157.46
US.MU,Micron Technology,2025-09-12 14:40:00,157.71,157.87,158.0,157.6525,0.0,0.0,160876.0,25395705.155,0.09510524980979311,157.72
US.MU,Micron Technology,2025-09-12 14:45:00,157.85,157.6632,157.965,157.58,0.0,0.0,190530.0,30062353.083,-0.13099385570407004,157.87
US.MU,Micron Technology,2025-09-12 14:50:00,157.66,157.698695,157.8,157.53,0.0,0.0,150722.0,23765007.923,0.022513179993807933,157.6632
US.MU,Micron Technology,2025-09-12 14:55:00,157.71,158.145,158.16,157.6687,0.0,0.0,219320.0,34643240.196,0.28301121959190834,157.698695
US.MU,Micron Technology,2025-09-12 15:00:00,158.14,157.85,158.28,157.85,0.0,0.0,321663.0,50857411.711,-0.1865376711246109,158.145
US.MU,Micron Technology,2025-09-12 15:05:00,157.85,157.685,158.035,157.54,0.0,0.0,206258.0,32546556.913,-0.10452961672473364,157.85
US.MU,Micron Technology,2025-09-12 15:10:00,157.675,157.45,157.7325,157.33,0.0,0.0,197780.0,31151994.633,-0.14903129657228883,157.685
US.MU,Micron Technology,2025-09-12 15:15:00,157.455,157.3799,157.5303,157.131,0.0,0.0,188699.0,29694364.188,-0.04452207049856875,157.45
US.MU,Micron Technology,2025-09-12 15:20:00,157.33,157.6,157.6,157.32,0.0,0.0,156886.0,24700731.046,0.13985267496039977,157.3799
US.MU,Micron Technology,2025-09-12 15:25:00,157.59,157.56,157.805,157.49,0.0,0.0,178079.0,28071254.298,-0.025380710659893425,157.6
US.MU,Micron Technology,2025-09-12 15:30:00,157.545,157.585,157.79,157.5326,0.0,0.0,199877.0,31510313.842,0.015866971312519476,157.56
US.MU,Micron Technology,2025-09-12 15:35:00,157.59,157.3768,157.63,157.27,0.0,0.0,247909.0,39027319.058,-0.13211917377923346,157.585
US.MU,Micron Technology,2025-09-12 15:40:00,157.38,157.3764,157.64,157.37,0.0,0.0,254217.0,40039853.565,-0.0002541670691062969,157.3768
US.MU,Micron Technology,2025-09-12 15:45:00,157.38,157.555,157.675,157.265,0.0,0.0,302573.0,47642923.598,0.11348588479595238,157.3764
US.MU,Micron Technology,2025-09-12 15:50:00,157.54,157.53,157.555,157.3,0.0,0.0,353566.0,55665900.965,-0.01586747485005597,157.555
US.MU,Micron Technology,2025-09-12 15:55:00,157.53,157.6,158.0399,157.44,0.0,0.0,683793.0,107822035.369,0.04443598044816427,157.53
US.MU,Micron Technology,2025-09-12 16:00:00,157.59,157.23,157.7,157.2,0.0,0.0,2642568.0,415728345.839,-0.23477157360406378,157.6
US.MU,Micron Technology,2025-09-15 09:35:00,156.96,157.835,159.35,156.8,0.0,0.0,1486056.0,234451948.457,0.38478661832984684,157.23
US.MU,Micron Technology,2025-09-15 09:40:00,157.835,157.97,158.7,157.4,0.0,0.0,553095.0,87445008.756,0.08553235974276359,157.835
US.MU,Micron Technology,2025-09-15 09:45:00,157.9575,158.2101,158.75,157.9,0.0,0.0,443892.0,70242866.772,0.1519908843451367,157.97
US.MU,Micron Technology,2025-09-15 09:50:00,158.3,159.665,160.3399,158.21,0.0,0.0,981875.0,156722785.759,0.9195999496871443,158.2101
US.MU,Micron Technology,2025-09-15 09:55:00,159.6699,158.925,160.0561,158.78,0.0,0.0,492187.0,78461253.678,-0.46347039113141936,159.665
US.MU,Micron Technology,2025-09-15 10:00:00,158.99,159.13,159.492,158.71,0.0,0.0,420334.0,66887937.694,0.128991662733984,158.925
US.MU,Micron Technology,2025-09-15 10:05:00,159.11,158.38,159.25,158.31,0.0,0.0,357245.0,56693642.705,-0.47131276314962606,159.13
US.MU,Micron Technology,2025-09-15 10:10:00,158.365,158.25,158.5499,158.01,0.0,0.0,258296.0,40884158.411,-0.0820810708422752,158.38
US.MU,Micron Technology,2025-09-15 10:15:00,158.2585,158.1985,158.4496,158.0173,0.0,0.0,194188.0,30715202.632,-0.03254344391785423,158.25
US.MU,Micron Technology,2025-09-15 10:20:00,158.215,158.49,158.827,158.1697,0.0,0.0,230714.0,36566968.648,0.1842621769485889,158.1985
US.MU,Micron Technology,2025-09-15 10:25:00,158.44,158.1,158.45,157.96,0.0,0.0,211036.0,33386946.005,-0.24607230740110717,158.49
US.MU,Micron Technology,2025-09-15 10:30:00,158.1,158.09,158.3642,157.69,0.0,0.0,296761.0,46910126.042,-0.0063251106894313125,158.1
US.MU,Micron Technology,2025-09-15 10:35:00,158.07,157.6799,158.2,157.64,0.0,0.0,238973.0,37726500.678,-0.2594091972926813,158.09
US.MU,Micron Technology,2025-09-15 10:40:00,157.69,157.73,157.81,157.24,0.0,0.0,295591.0,46564902.594,0.031773231718174776,157.6799
US.MU,Micron Technology,2025-09-15 10:45:00,157.73,157.26,157.98,157.22,0.0,0.0,262509.0,41390315.841,-0.2979775565840353,157.73
US.MU,Micron Technology,2025-09-15 10:50:00,157.25,157.505,157.74,157.2301,0.0,0.0,246297.0,38786356.349,0.15579295434312893,157.26
US.MU,Micron Technology,2025-09-15 10:55:00,157.48,157.3,157.63,157.26,0.0,0.0,263317.0,41455655.185,-0.1301545982667116,157.505
US.MU,Micron Technology,2025-09-15 11:00:00,157.3,157.2,157.52,157.05,0.0,0.0,445430.0,70093571.614,-0.06357279084553258,157.3
US.MU,Micron Technology,2025-09-15 11:05:00,157.22,157.61,157.79,157.13,0.0,0.0,198285.0,31227854.567,0.26081424936388364,157.2
US.MU,Micron Technology,2025-09-15 11:10:00,157.6009,157.41,157.8913,157.41,0.0,0.0,158852.0,25049900.729,-0.1268955015544807,157.61
US.MU,Micron Technology,2025-09-15 11:15:00,157.425,157.62,157.72,157.235,0.0,0.0,169365.0,26671031.246,0.13340956737183657,157.41
US.MU,Micron Technology,2025-09-15 11:20:00,157.645,157.5561,157.92,157.25,0.0,0.0,211117.0,33270139.92,-0.04054054054055199,157.62
US.MU,Micron Technology,2025-09-15 11:25:00,157.555,157.5701,157.71,157.41,0.0,0.0,144183.0,22716628.508,0.0088857238786756,157.5561
US.MU,Micron Technology,2025-09-15 11:30:00,157.6,157.26,157.75,157.26,0.0,0.0,186144.0,29309207.608,-0.19680129669271368,157.5701
US.MU,Micron Technology,2025-09-15 11:35:00,157.28,157.49,157.56,157.04,0.0,0.0,167940.0,26415027.567,0.14625461019968092,157.26
US.MU,Micron Technology,2025-09-15 11:40:00,157.55,157.77,157.8,157.32,0.0,0.0,150309.0,23690449.985,0.1777890659724434,157.49
US.MU,Micron Technology,2025-09-15 11:45:00,157.77,158.36,158.4,157.7,0.0,0.0,223189.0,35260711.793,0.37396209672308,157.77
US.MU,Micron Technology,2025-09-15 11:50:00,158.365,158.3534,158.7042,158.3425,0.0,0.0,266570.0,42256049.793,-0.00416771912100287,158.36
US.MU,Micron Technology,2025-09-15 11:55:00,158.345,157.875,158.5,157.81,0.0,0.0,141803.0,22421243.124,-0.3021090800702691,158.3534
US.MU,Micron Technology,2025-09-15 12:00:00,157.87,157.4451,157.885,157.4,0.0,0.0,221268.0,34899982.057,-0.27230403800475284,157.875
US.MU,Micron Technology,2025-09-15 12:05:00,157.45,157.5426,157.58,157.385,0.0,0.0,120437.0,18966155.828,0.06192634766022988,157.4451
US.MU,Micron Technology,2025-09-15 12:10:00,157.51,157.63,157.73,157.45,0.0,0.0,83061.0,13092102.77,0.05547705826868565,157.5426
US.MU,Micron Technology,2025-09-15 12:15:00,157.62,157.52,157.63,157.41,0.0,0.0,88614.0,13958645.775,-0.0697836706210653,157.63
US.MU,Micron Technology,2025-09-15 12:20:00,157.515,157.35,157.5678,157.15,0.0,0.0,137517.0,21637563.315,-0.1079228034535398,157.52
US.MU,Micron Technology,2025-09-15 12:25:00,157.335,157.15,157.49,157.025,0.0,0.0,129843.0,20408512.729,-0.12710517953605888,157.35
US.MU,Micron Technology,2025-09-15 12:30:00,157.155,157.49,157.53,157.1487,0.0,0.0,146506.0,23051613.558,0.2163538020999067,157.15
US.MU,Micron Technology,2025-09-15 12:35:00,157.49,157.355,157.57,157.28,0.0,0.0,93310.0,14688554.333,-0.0857197282367257,157.49
US.MU,Micron Technology,2025-09-15 12:40:00,157.3525,157.06,157.45,157.03,0.0,0.0,117299.0,18442966.439,-0.18747418258078072,157.355
US.MU,Micron Technology,2025-09-15 12:45:00,157.05,156.97,157.07,156.77,0.0,0.0,243566.0,38224254.954,-0.05730294155100178,157.06
US.MU,Micron Technology,2025-09-15 12:50:00,156.9751,156.95,157.05,156.7201,0.0,0.0,149091.0,23395251.013,-0.0127412881442379,156.97
US.MU,Micron Technology,2025-09-15 12:55:00,156.945,156.904,157.18,156.8829,0.0,0.0,61530.0,9660875.522,-0.029308697037268093,156.95
US.MU,Micron Technology,2025-09-15 13:00:00,156.925,156.99,157.02,156.8,0.0,0.0,90183.0,14150346.478,0.054810584816201456,156.904
US.MU,Micron Technology,2025-09-15 13:05:00,156.98,156.75,157.087,156.72,0.0,0.0,157543.0,24724271.156,-0.15287597936174857,156.99
US.MU,Micron Technology,2025-09-15 13:10:00,156.755,156.845,157.06,156.68,0.0,0.0,126233.0,19800750.392,0.06060606060605988,156.75
US.MU,Micron Technology,2025-09-15 13:15:00,156.845,156.68,156.88,156.6,0.0,0.0,119634.0,18747197.125,-0.1051994006821971,156.845
US.MU,Micron Technology,2025-09-15 13:20:00,156.715,156.8,156.9819,156.715,0.0,0.0,111011.0,17409276.316,0.07658922644881576,156.68
US.MU,Micron Technology,2025-09-15 13:25:00,156.81,156.84,157.03,156.7,0.0,0.0,96925.0,15206034.297,0.025510204081627574,156.8
US.MU,Micron Technology,2025-09-15 13:30:00,156.85,156.665,156.91,156.62,0.0,0.0,66802.0,10472401.268,-0.11157867890844897,156.84
US.MU,Micron Technology,2025-09-15 13:35:00,156.69,157.1051,157.11,156.62,0.0,0.0,105631.0,16570291.098,0.28091788210512947,156.665
US.MU,Micron Technology,2025-09-15 13:40:00,157.1106,156.85,157.18,156.82,0.0,0.0,107603.0,16899138.813,-0.16237537801127958,157.1051
US.MU,Micron Technology,2025-09-15 13:45:00,156.865,156.95,157.04,156.81,0.0,0.0,66470.0,10431071.336,0.06375518010838019,156.85
US.MU,Micron Technology,2025-09-15 13:50:00,156.92,156.88,156.925,156.66,0.0,0.0,72925.0,11432992.686,-0.04460019114367199,156.95
US.MU,Micron Technology,2025-09-15 13:55:00,156.91,156.82,156.95,156.71,0.0,0.0,81206.0,12734579.725,-0.03824579296277555,156.88
US.MU,Micron Technology,2025-09-15 14:00:00,156.82,156.905,156.95,156.79,0.0,0.0,101783.0,15968145.681,0.0542022701186124,156.82
US.MU,Micron Technology,2025-09-15 14:05:00,156.9,156.81,156.9,156.6,0.0,0.0,88779.0,13915315.287,-0.06054619036996836,156.905
US.MU,Micron Technology,2025-09-15 14:10:00,156.81,156.57,156.84,156.55,0.0,0.0,93947.0,14722219.921,-0.15305146355462604,156.81
US.MU,Micron Technology,2025-09-15 14:15:00,156.58,157.031,157.04,156.58,0.0,0.0,121253.0,19011581.847,0.2944369930382658,156.57
US.MU,Micron Technology,2025-09-15 14:20:00,157.02,157.48,157.53,156.96,0.0,0.0,138059.0,21719397.579,0.28593080347191563,157.031
US.MU,Micron Technology,2025-09-15 14:25:00,157.47,157.6632,157.665,157.38,0.0,0.0,121072.0,19070844.787,0.11633223266446494,157.48
US.MU,Micron Technology,2025-09-15 14:30:00,157.64,157.35,157.655,157.3,0.0,0.0,124300.0,19575782.355,-0.19865130226964495,157.6632
US.MU,Micron Technology,2025-09-15 14:35:00,157.35,157.53,157.61,157.3404,0.0,0.0,82988.0,13068623.855,0.11439466158246384,157.35
US.MU,Micron Technology,2025-09-15 14:40:00,157.53,157.405,157.67,157.33,0.0,0.0,116930.0,18413668.047,-0.07934996508601537,157.53
US.MU,Micron Technology,2025-09-15 14:45:00,157.405,157.45,157.688,157.39,0.0,0.0,180415.0,28413086.705,0.028588672532630793,157.405
US.MU,Micron Technology,2025-09-15 14:50:00,157.52,157.4,157.58,157.35,0.0,0.0,84615.0,13321506.665,-0.03175611305175163,157.45
US.MU,Micron Technology,2025-09-15 14:55:00,157.39,157.36,157.49,157.2201,0.0,0.0,71026.0,11175423.79,-0.025412960609905996,157.4
US.MU,Micron Technology,2025-09-15 15:00:00,157.35,157.25,157.4,157.12,0.0,0.0,82897.0,13036170.736,-0.06990340620234725,157.36
US.MU,Micron Technology,2025-09-15 15:05:00,157.24,157.36,157.4206,157.24,0.0,0.0,84122.0,13237359.391,0.06995230524643158,157.25
US.MU,Micron Technology,2025-09-15 15:10:00,157.38,157.6,157.645,157.34,0.0,0.0,98433.0,15504054.601,0.1525165226232719,157.36
US.MU,Micron Technology,2025-09-15 15:15:00,157.59,157.715,157.8714,157.575,0.0,0.0,178595.0,28165445.711,0.07296954314721389,157.6
US.MU,Micron Technology,2025-09-15 15:20:00,157.72,157.48,157.92,157.45,0.0,0.0,178703.0,28188479.858,-0.1490029483562208,157.715
US.MU,Micron Technology,2025-09-15 15:25:00,157.48,157.5199,157.615,157.4201,0.0,0.0,100596.0,15846469.963,0.025336550673112235,157.48
US.MU,Micron Technology,2025-09-15 15:30:00,157.49,157.295,157.52,157.26,0.0,0.0,111455.0,17538613.958,-0.14277561120850088,157.5199
US.MU,Micron Technology,2025-09-15 15:35:00,157.2999,157.29,157.3903,157.17,0.0,0.0,114553.0,18016940.908,-0.003178740582978132,157.295
US.MU,Micron Technology,2025-09-15 15:40:00,157.31,157.215,157.34,157.135,0.0,0.0,103916.0,16340487.29,-0.0476826244516426,157.29
US.MU,Micron Technology,2025-09-15 15:45:00,157.22,157.255,157.32,157.14,0.0,0.0,96878.0,15230451.027,0.025442864866578915,157.215
US.MU,Micron Technology,2025-09-15 15:50:00,157.28,157.56,157.68,157.28,0.0,0.0,200639.0,31605246.269,0.19395249753585375,157.255
US.MU,Micron Technology,2025-09-15 15:55:00,157.55,157.54,157.61,157.08,0.0,0.0,379576.0,59707915.717,-0.012693577050019186,157.56
US.MU,Micron Technology,2025-09-15 16:00:00,157.52,157.77,157.86,157.4,0.0,0.0,2575237.0,406193025.656,0.14599466802083166,157.54
US.MU,Micron Technology,2025-09-16 09:35:00,157.98,158.005,159.3,157.44,0.0,0.0,1104734.0,174791047.708,0.14895100462697927,157.77
US.MU,Micron Technology,2025-09-16 09:40:00,158.0554,157.877,159.15,157.63,0.0,0.0,533487.0,84500905.748,-0.08101009461725003,158.005
US.MU,Micron Technology,2025-09-16 09:45:00,157.87,158.45,158.5999,157.61,0.0,0.0,318251.0,50348311.705,0.36294077034652233,157.877
US.MU,Micron Technology,2025-09-16 09:50:00,158.45,159.07,159.56,158.28,0.0,0.0,438530.0,69727610.982,0.3912906279583494,158.45
US.MU,Micron Technology,2025-09-16 09:55:00,159.02,158.556,159.2991,158.45,0.0,0.0,327240.0,52003675.059,-0.323128182561125,159.07
US.MU,Micron Technology,2025-09-16 10:00:00,158.52,158.68,158.93,158.34,0.0,0.0,268189.0,42537950.057,0.0782058074118893,158.556
US.MU,Micron Technology,2025-09-16 10:05:00,158.66,158.895,158.99,158.45,0.0,0.0,272262.0,43205589.975,0.13549281572977276,158.68
US.MU,Micron Technology,2025-09-16 10:10:00,158.9,158.66,159.34,158.64,0.0,0.0,286584.0,45550045.053,-0.14789640957866115,158.895
US.MU,Micron Technology,2025-09-16 10:15:00,158.6532,158.875,159.02,158.5201,0.0,0.0,173351.0,27531381.661,0.13550989537375735,158.66
US.MU,Micron Technology,2025-09-16 10:20:00,158.89,158.885,159.08,158.53,0.0,0.0,164261.0,26091656.309,0.006294256490946282,158.875
US.MU,Micron Technology,2025-09-16 10:25:00,158.92,158.93,159.07,158.83,0.0,0.0,207980.0,33055909.314,0.028322371526585847,158.885
US.MU,Micron Technology,2025-09-16 10:30:00,158.96,158.54,159.0325,158.5,0.0,0.0,256031.0,40651955.359,-0.24539105266470443,158.93
US.MU,Micron Technology,2025-09-16 10:35:00,158.52,158.2725,158.5546,157.94,0.0,0.0,306035.0,48424487.559,-0.16872713510784917,158.54
US.MU,Micron Technology,2025-09-16 10:40:00,158.26,158.24,158.47,158.22,0.0,0.0,158330.0,25068667.299,-0.020534205247278496,158.2725
US.MU,Micron Technology,2025-09-16 10:45:00,158.24,158.17,158.52,158.1,0.0,0.0,142657.0,22593212.169,-0.04423660262893175,158.24
US.MU,Micron Technology,2025-09-16 10:50:00,158.17,158.01,158.35,157.99,0.0,0.0,173320.0,27417421.627,-0.10115698299298008,158.17
US.MU,Micron Technology,2025-09-16 10:55:00,158.002,158.165,158.2,158.0,0.0,0.0,123566.0,19535726.471,0.09809505727485675,158.01
US.MU,Micron Technology,2025-09-16 11:00:00,158.17,157.93,158.21,157.71,0.0,0.0,156489.0,24708565.024,-0.14857901558498102,158.165
US.MU,Micron Technology,2025-09-16 11:05:00,157.945,157.895,158.1019,157.8,0.0,0.0,133804.0,21127153.302,-0.022161717216486156,157.93
US.MU,Micron Technology,2025-09-16 11:10:00,157.88,157.815,158.02,157.6501,0.0,0.0,233908.0,36917856.263,-0.05066658222237088,157.895
US.MU,Micron Technology,2025-09-16 11:15:00,157.815,157.94,158.07,157.675,0.0,0.0,172395.0,27215062.097,0.07920666603301334,157.815
US.MU,Micron Technology,2025-09-16 11:20:00,157.96,157.701,158.01,157.63,0.0,0.0,135868.0,21441509.547,-0.1513232873243031,157.94
US.MU,Micron Technology,2025-09-16 11:25:00,157.69,157.8601,157.91,157.6307,0.0,0.0,117851.0,18592857.146,0.1008871218318179,157.701
US.MU,Micron Technology,2025-09-16 11:30:00,157.86,158.04,158.04,157.8,0.0,0.0,134178.0,21188236.15,0.1139616660574797,157.8601
US.MU,Micron Technology,2025-09-16 11:35:00,158.02,157.8332,158.325,157.82,0.0,0.0,157706.0,24940539.188,-0.13085294862059416,158.04
US.MU,Micron Technology,2025-09-16 11:40:00,157.8699,158.2,158.2,157.77,0.0,0.0,100979.0,15952101.97,0.23239723961750985,157.8332
US.MU,Micron Technology,2025-09-16 11:45:00,158.16,157.915,158.1699,157.85,0.0,0.0,94902.0,14990458.141,-0.18015170670037714,158.2
US.MU,Micron Technology,2025-09-16 11:50:00,157.92,157.94,158.1855,157.88,0.0,0.0,94955.0,15003724.129,0.01583130164962523,157.915
US.MU,Micron Technology,2025-09-16 11:55:00,157.92,158.1,158.14,157.8574,0.0,0.0,99807.0,15772955.128,0.10130429276940395,157.94
US.MU,Micron Technology,2025-09-16 12:00:00,158.125,157.785,158.3,157.6001,0.0,0.0,177121.0,27973940.868,-0.19924098671726612,158.1
US.MU,Micron Technology,2025-09-16 12:05:00,157.77,157.55,157.8372,157.52,0.0,0.0,121068.0,19090583.668,-0.1489368444402099,157.785
US.MU,Micron Technology,2025-09-16 12:10:00,157.57,157.335,157.615,157.165,0.0,0.0,180560.0,28414456.092,-0.13646461440812654,157.55
US.MU,Micron Technology,2025-09-16 12:15:00,157.335,157.7785,157.815,157.315,0.0,0.0,154673.0,24372026.755,0.28188260717577157,157.335
US.MU,Micron Technology,2025-09-16 12:20:00,157.77,158.14,158.19,157.705,0.0,0.0,139279.0,22004293.893,0.2291186695272031,157.7785
US.MU,Micron Technology,2025-09-16 12:25:00,158.13,158.405,158.47,158.0903,0.0,0.0,211658.0,33502466.607,0.16757303654990188,158.14
US.MU,Micron Technology,2025-09-16 12:30:00,158.45,158.621,159.0399,158.3001,0.0,0.0,285152.0,45239610.126,0.13635933209179518,158.405
US.MU,Micron Technology,2025-09-16 12:35:00,158.6,158.42,158.6899,158.33,0.0,0.0,80126.0,12697620.051,-0.12671714337951584,158.621
US.MU,Micron Technology,2025-09-16 12:40:00,158.415,158.43,158.56,158.3,0.0,0.0,81031.0,12837382.272,0.006312334301236793,158.42
US.MU,Micron Technology,2025-09-16 12:45:00,158.4144,158.52,158.6,158.36,0.0,0.0,103975.0,16475692.474,0.05680742283658613,158.43
US.MU,Micron Technology,2025-09-16 12:50:00,158.53,158.39,158.59,158.38,0.0,0.0,120931.0,19164465.203,-0.08200857935908647,158.52
US.MU,Micron Technology,2025-09-16 12:55:00,158.4201,158.3299,158.47,158.26,0.0,0.0,98518.0,15600367.627,-0.03794431466631554,158.39
US.MU,Micron Technology,2025-09-16 13:00:00,158.2901,158.13,158.43,158.09,0.0,0.0,135123.0,21379698.399,-0.1262553693269646,158.3299
US.MU,Micron Technology,2025-09-16 13:05:00,158.11,158.01,158.18,157.93,0.0,0.0,115598.0,18272152.623,-0.07588692847657279,158.13
US.MU,Micron Technology,2025-09-16 13:10:00,158.01,157.95,158.0498,157.87,0.0,0.0,167650.0,26484289.526,-0.037972280235429576,158.01
US.MU,Micron Technology,2025-09-16 13:15:00,157.93,157.95,158.05,157.895,0.0,0.0,109072.0,17226527.53,0.0,157.95
US.MU,Micron Technology,2025-09-16 13:20:00,157.95,158.115,158.17,157.94,0.0,0.0,98107.0,15507647.837,0.10446343779678409,157.95
US.MU,Micron Technology,2025-09-16 13:25:00,158.13,158.04,158.14,158.02,0.0,0.0,84735.0,13395097.775,-0.04743382980742943,158.115
US.MU,Micron Technology,2025-09-16 13:30:00,158.042,157.965,158.05,157.82,0.0,0.0,109390.0,17274266.453,-0.04745634016703913,158.04
US.MU,Micron Technology,2025-09-16 13:35:00,157.9625,158.035,158.1446,157.8785,0.0,0.0,104354.0,16494109.213,0.044313613775199046,157.965
US.MU,Micron Technology,2025-09-16 13:40:00,158.05,158.04,158.12,157.92,0.0,0.0,82151.0,12981644.819,0.0031638561078213387,158.035
US.MU,Micron Technology,2025-09-16 13:45:00,158.06,157.94,158.06,157.9,0.0,0.0,82108.0,12970799.787,-0.06327512022272483,158.04
US.MU,Micron Technology,2025-09-16 13:50:00,157.94,158.015,158.03,157.78,0.0,0.0,108477.0,17127604.06,0.04748638723565191,157.94
US.MU,Micron Technology,2025-09-16 13:55:00,158.0151,158.01,158.08,157.9,0.0,0.0,55245.0,8729086.537,-0.003164256557918839,158.015
US.MU,Micron Technology,2025-09-16 14:00:00,158.01,157.98,158.08,157.89,0.0,0.0,64851.0,10246821.072,-0.018986140117714788,158.01
US.MU,Micron Technology,2025-09-16 14:05:00,157.97,157.81,158.01,157.81,0.0,0.0,45963.0,7258096.095,-0.10760855804531429,157.98
US.MU,Micron Technology,2025-09-16 14:10:00,157.8,158.0,158.06,157.79,0.0,0.0,61344.0,9686866.788,0.12039794689816725,157.81
US.MU,Micron Technology,2025-09-16 14:15:00,158.0,158.01,158.0688,157.96,0.0,0.0,48294.0,7630885.947,0.006329113924044876,158.0
US.MU,Micron Technology,2025-09-16 14:20:00,158.0,158.0407,158.16,157.995,0.0,0.0,87139.0,13773326.453,0.019429150053791505,158.01
US.MU,Micron Technology,2025-09-16 14:25:00,158.05,157.91,158.075,157.85,0.0,0.0,50502.0,7978897.77,-0.08270021583047296,158.0407
US.MU,Micron Technology,2025-09-16 14:30:00,157.9149,158.0,158.1499,157.9,0.0,0.0,95005.0,15014103.522,0.056994490532584006,157.91
US.MU,Micron Technology,2025-09-16 14:35:00,158.0,157.9726,158.0575,157.86,0.0,0.0,108461.0,17133476.76,-0.01734177215189879,158.0
US.MU,Micron Technology,2025-09-16 14:40:00,157.99,158.03,158.25,157.97,0.0,0.0,95626.0,15117936.168,0.03633541512895352,157.9726
US.MU,Micron Technology,2025-09-16 14:45:00,158.03,157.97,158.05,157.82,0.0,0.0,80391.0,12694828.659,-0.03796747453015394,158.03
US.MU,Micron Technology,2025-09-16 14:50:00,157.99,157.95,158.105,157.9335,0.0,0.0,111244.0,17578257.806,-0.012660631765531576,157.97
US.MU,Micron Technology,2025-09-16 14:55:00,157.94,157.955,158.03,157.87,0.0,0.0,75123.0,11866591.192,0.003165558721129392,157.95
US.MU,Micron Technology,2025-09-16 15:00:00,157.9899,158.02,158.03,157.92,0.0,0.0,50722.0,8013445.569,0.041150960716658365,157.955
US.MU,Micron Technology,2025-09-16 15:05:00,158.02,158.22,158.25,158.01,0.0,0.0,84256.0,13323596.141,0.12656625743576044,158.02
US.MU,Micron Technology,2025-09-16 15:10:00,158.22,158.19,158.29,158.15,0.0,0.0,82218.0,13008317.611,-0.018960940462647666,158.22
US.MU,Micron Technology,2025-09-16 15:15:00,158.21,158.118098,158.2197,158.09,0.0,0.0,54646.0,8642118.913,-0.04545293634236953,158.19
US.MU,Micron Technology,2025-09-16 15:20:00,158.1253,158.1599,158.25,158.08,0.0,0.0,75905.0,12005570.87,0.026437201388540547,158.118098
US.MU,Micron Technology,2025-09-16 15:25:00,158.135,158.11,158.17,158.0,0.0,0.0,101566.0,16057321.405,-0.03155034872934267,158.1599
US.MU,Micron Technology,2025-09-16 15:30:00,158.12,158.18,158.21,158.1,0.0,0.0,138407.0,21889836.327,0.04427297451141179,158.11
US.MU,Micron Technology,2025-09-16 15:35:00,158.165,158.11,158.21,158.09,0.0,0.0,146781.0,23216767.736,-0.04425338222277985,158.18
US.MU,Micron Technology,2025-09-16 15:40:00,158.09,158.1489,158.18,158.05,0.0,0.0,108297.0,17123936.79,0.024603124407048222,158.11
US.MU,Micron Technology,2025-09-16 15:45:00,158.1473,158.495,158.51,158.09,0.0,0.0,204956.0,32444383.074,0.21884439284750445,158.1489
US.MU,Micron Technology,2025-09-16 15:50:00,158.5,158.718,158.98,158.5,0.0,0.0,246493.0,39129351.007,0.14069844474588142,158.495
US.MU,Micron Technology,2025-09-16 15:55:00,158.72,158.78,158.91,158.52,0.0,0.0,284931.0,45221772.844,0.0390629922252119,158.718
US.MU,Micron Technology,2025-09-16 16:00:00,158.82,158.82,159.04,158.76,0.0,0.0,2975154.0,472598075.128,0.02519208968383426,158.78
US.MU,Micron Technology,2025-09-17 09:35:00,157.405,157.452,158.46,157.16,0.0,0.0,848855.0,133913336.776,-0.8613524744994302,158.82
US.MU,Micron Technology,2025-09-17 09:40:00,157.41,157.98,158.2,157.19,0.0,0.0,344919.0,54354587.0,0.3353402941848891,157.452
US.MU,Micron Technology,2025-09-17 09:45:00,157.965,157.32,158.115,157.12,0.0,0.0,301499.0,47489536.977,-0.4177744018230134,157.98
US.MU,Micron Technology,2025-09-17 09:50:00,157.32,158.475,158.68,157.04,0.0,0.0,324648.0,51270071.524,0.7341723874904661,157.32
US.MU,Micron Technology,2025-09-17 09:55:00,158.46,159.12,159.4,158.29,0.0,0.0,504541.0,80216206.935,0.4070042593469066,158.475
US.MU,Micron Technology,2025-09-17 10:00:00,159.12,158.94,159.46,158.7322,0.0,0.0,374984.0,59656763.133,-0.11312217194570565,159.12
US.MU,Micron Technology,2025-09-17 10:05:00,159.08,158.8842,159.24,158.59,0.0,0.0,279272.0,44385697.73,-0.03510758776897254,158.94
US.MU,Micron Technology,2025-09-17 10:10:00,158.86,159.285,159.48,158.69,0.0,0.0,235606.0,37486303.295,0.25225919254400614,158.8842
US.MU,Micron Technology,2025-09-17 10:15:00,159.2701,159.93,159.98,159.27,0.0,0.0,393000.0,62744951.148,0.4049345512760211,159.285
US.MU,Micron Technology,2025-09-17 10:20:00,159.935,160.21,160.33,159.75,0.0,0.0,539122.0,86294010.769,0.1750765960107554,159.93
US.MU,Micron Technology,2025-09-17 10:25:00,160.205,159.565,160.3899,159.45,0.0,0.0,254472.0,40685134.552,-0.4025965919730418,160.21
US.MU,Micron Technology,2025-09-17 10:30:00,159.53,159.3163,159.805,159.22,0.0,0.0,229817.0,36663889.437,-0.1558612477673583,159.565
US.MU,Micron Technology,2025-09-17 10:35:00,159.26,159.49,159.57,159.021,0.0,0.0,144170.0,22971433.668,0.10902839194733785,159.3163
US.MU,Micron Technology,2025-09-17 10:40:00,159.5,159.41,159.7585,159.0506,0.0,0.0,186207.0,29673133.76,-0.05015988463227319,159.49
US.MU,Micron Technology,2025-09-17 10:45:00,159.41,159.44,159.67,159.22,0.0,0.0,106027.0,16902286.012,0.018819396524685488,159.41
US.MU,Micron Technology,2025-09-17 10:50:00,159.41,159.66,159.7,159.15,0.0,0.0,136324.0,21740192.145,0.13798294029101785,159.44
US.MU,Micron Technology,2025-09-17 10:55:00,159.625,159.8,159.9099,159.49,0.0,0.0,154131.0,24619052.826,0.08768633345860878,159.66
US.MU,Micron Technology,2025-09-17 11:00:00,159.83,159.91,160.125,159.7513,0.0,0.0,273028.0,43676593.583,0.06883604505631115,159.8
US.MU,Micron Technology,2025-09-17 11:05:00,159.92,159.53,160.08,159.41,0.0,0.0,180760.0,28880303.182,-0.23763366893877524,159.91
US.MU,Micron Technology,2025-09-17 11:10:00,159.54,159.78,159.88,159.44,0.0,0.0,124432.0,19874260.851,0.15671033661380304,159.53
US.MU,Micron Technology,2025-09-17 11:15:00,159.78,159.68,159.83,159.6,0.0,0.0,89145.0,14239369.152,-0.06258605582675825,159.78
US.MU,Micron Technology,2025-09-17 11:20:00,159.65,159.5,160.0,159.5,0.0,0.0,146659.0,23432871.041,-0.11272545090180788,159.68
US.MU,Micron Technology,2025-09-17 11:25:00,159.46,158.64,159.49,158.51,0.0,0.0,259685.0,41257634.469,-0.539184952978065,159.5
US.MU,Micron Technology,2025-09-17 11:30:00,158.62,158.465,158.6575,158.325,0.0,0.0,162080.0,25702025.652,-0.1103126575895001,158.64
US.MU,Micron Technology,2025-09-17 11:35:00,158.48,158.26,158.54,158.21,0.0,0.0,159049.0,25185854.186,-0.12936610608021487,158.465
US.MU,Micron Technology,2025-09-17 11:40:00,158.29,158.12,158.48,158.03,0.0,0.0,103353.0,16355762.937,-0.08846202451660962,158.26
US.MU,Micron Technology,2025-09-17 11:45:00,158.15,158.8,158.81,158.0684,0.0,0.0,220979.0,35031381.41,0.4300531242094655,158.12
US.MU,Micron Technology,2025-09-17 11:50:00,158.79,158.52,158.83,158.43,0.0,0.0,114247.0,18126496.935,-0.17632241813602087,158.8
US.MU,Micron Technology,2025-09-17 11:55:00,158.52,158.39,158.57,157.94,0.0,0.0,151738.0,24004012.281,-0.08200857935908647,158.52
US.MU,Micron Technology,2025-09-17 12:00:00,158.41,158.115,158.5728,158.09,0.0,0.0,111778.0,17695426.055,-0.17362207210049704,158.39
US.MU,Micron Technology,2025-09-17 12:05:00,158.130125,157.71,158.18,157.665,0.0,0.0,127258.0,20101977.169,-0.25614268096006143,158.115
US.MU,Micron Technology,2025-09-17 12:10:00,157.685,157.669,157.83,157.5286,0.0,0.0,105966.0,16708451.356,-0.025997083254071914,157.71
US.MU,Micron Technology,2025-09-17 12:15:00,157.69,157.65,157.69,157.44,0.0,0.0,209088.0,32940692.547,-0.012050561619598941,157.669
US.MU,Micron Technology,2025-09-17 12:20:00,157.66,157.5,157.68,157.46,0.0,0.0,115570.0,18209012.446,-0.09514747859182092,157.65
US.MU,Micron Technology,2025-09-17 12:25:00,157.4955,157.865,157.925,157.47,0.0,0.0,140834.0,22216414.427,0.23174603174603753,157.5
US.MU,Micron Technology,2025-09-17 12:30:00,157.88,158.11,158.11,157.82,0.0,0.0,98322.0,15529471.892,0.15519589522693727,157.865
US.MU,Micron Technology,2025-09-17 12:35:00,158.11,158.0,158.22,157.91,0.0,0.0,153580.0,24284479.64,-0.06957181708937678,158.11
US.MU,Micron Technology,2025-09-17 12:40:00,158.0,157.92,158.0791,157.8,0.0,0.0,53180.0,8399959.461,-0.05063291139241298,158.0
US.MU,Micron Technology,2025-09-17 12:45:00,157.93,157.8,157.94,157.734,0.0,0.0,86816.0,13699669.675,-0.07598784194527364,157.92
US.MU,Micron Technology,2025-09-17 12:50:00,157.78,157.895,157.9,157.59,0.0,0.0,80456.0,12689069.174,0.060202788339669744,157.8
US.MU,Micron Technology,2025-09-17 12:55:00,157.9,157.8,158.0,157.7,0.0,0.0,74598.0,11772959.922,-0.06016656638905529,157.895
US.MU,Micron Technology,2025-09-17 13:00:00,157.81,157.8801,158.09,157.79,0.0,0.0,79151.0,12500388.272,0.05076045627375628,157.8
US.MU,Micron Technology,2025-09-17 13:05:00,157.91,157.79,157.955,157.695,0.0,0.0,125278.0,19772154.6,-0.05706862359474483,157.8801
US.MU,Micron Technology,2025-09-17 13:10:00,157.79,158.03,158.0599,157.75,0.0,0.0,88147.0,13922411.927,0.15210089359275564,157.79
US.MU,Micron Technology,2025-09-17 13:15:00,158.03,158.06,158.07,157.795,0.0,0.0,73654.0,11632078.076,0.01898373726507697,158.03
US.MU,Micron Technology,2025-09-17 13:20:00,158.06,158.3,158.3,157.99,0.0,0.0,123146.0,19472254.377,0.151841073010255,158.06
US.MU,Micron Technology,2025-09-17 13:25:00,158.35,158.42,158.471,158.14,0.0,0.0,157707.0,24916518.857,0.07580543272266337,158.3
US.MU,Micron Technology,2025-09-17 13:30:00,158.4,158.125,158.42,157.89,0.0,0.0,105379.0,16654849.843,-0.1862138618861176,158.42
US.MU,Micron Technology,2025-09-17 13:35:00,158.1352,158.21,158.4181,158.125,0.0,0.0,104319.0,16509716.87,0.05375494071146749,158.125
US.MU,Micron Technology,2025-09-17 13:40:00,158.185,158.12,158.23,158.0,0.0,0.0,86746.0,13714728.074,-0.05688641678781582,158.21
US.MU,Micron Technology,2025-09-17 13:45:00,158.125,158.0,158.19,157.945,0.0,0.0,101267.0,16009973.91,-0.07589172780167248,158.12
US.MU,Micron Technology,2025-09-17 13:50:00,158.0,157.82,158.03,157.79,0.0,0.0,107205.0,16928091.713,-0.11392405063291572,158.0
US.MU,Micron Technology,2025-09-17 13:55:00,157.81,157.925,157.95,157.56,0.0,0.0,211111.0,33317307.957,0.06653149157268926,157.82
US.MU,Micron Technology,2025-09-17 14:00:00,157.95,158.41,158.43,157.95,0.0,0.0,127741.0,20200266.918,0.30710780433749263,157.925
US.MU,Micron Technology,2025-09-17 14:05:00,158.47,158.96,159.05,158.24,0.0,0.0,392413.0,62265629.183,0.3472003030111807,158.41
US.MU,Micron Technology,2025-09-17 14:10:00,158.93,157.8338,159.04,157.83,0.0,0.0,239764.0,37989098.18,-0.7084801207851104,158.96
US.MU,Micron Technology,2025-09-17 14:15:00,157.9,155.45,157.99,155.39,0.0,0.0,653455.0,102384162.836,-1.5103228839450156,157.8338
US.MU,Micron Technology,2025-09-17 14:20:00,155.4,157.31,157.42,155.26,0.0,0.0,361120.0,56463777.838,1.1965262142167987,155.45
US.MU,Micron Technology,2025-09-17 14:25:00,157.29,158.02,158.18,156.81,0.0,0.0,252542.0,39807218.739,0.4513381221791418,157.31
US.MU,Micron Technology,2025-09-17 14:30:00,158.02,158.4496,158.4761,157.67,0.0,0.0,184591.0,29185143.619,0.27186432097202473,158.02
US.MU,Micron Technology,2025-09-17 14:35:00,158.45,157.8,158.6,157.4,0.0,0.0,230143.0,36357785.401,-0.4099726348315126,158.4496
US.MU,Micron Technology,2025-09-17 14:40:00,157.905,157.4511,158.435,157.4301,0.0,0.0,162445.0,25651677.329,-0.22110266159696743,157.8
US.MU,Micron Technology,2025-09-17 14:45:00,157.45,157.58,158.02,157.11,0.0,0.0,188337.0,29664663.363,0.08186668749854131,157.4511
US.MU,Micron Technology,2025-09-17 14:50:00,157.63,157.88,158.25,156.98,0.0,0.0,187183.0,29509826.235,0.19037948978295655,157.58
US.MU,Micron Technology,2025-09-17 14:55:00,157.89,157.1601,158.045,156.81,0.0,0.0,177790.0,27968175.78,-0.4559792247276384,157.88
US.MU,Micron Technology,2025-09-17 15:00:00,157.17,158.76,158.76,157.11,0.0,0.0,323787.0,51198768.771,1.018006478743645,157.1601
US.MU,Micron Technology,2025-09-17 15:05:00,158.74,159.39,159.5,158.67,0.0,0.0,304802.0,48500270.319,0.3968253968253939,158.76
US.MU,Micron Technology,2025-09-17 15:10:00,159.43,160.07,160.31,159.26,0.0,0.0,391221.0,62546462.913,0.42662651358303966,159.39
US.MU,Micron Technology,2025-09-17 15:15:00,160.04,159.46,160.47,159.26,0.0,0.0,194919.0,31159535.811,-0.38108327606671155,160.07
US.MU,Micron Technology,2025-09-17 15:20:00,159.5,159.88,160.2,159.4501,0.0,0.0,163999.0,26210893.405,0.26338893766461025,159.46
US.MU,Micron Technology,2025-09-17 15:25:00,159.87,160.36,160.45,159.7429,0.0,0.0,180561.0,28909028.196,0.3002251688766689,159.88
US.MU,Micron Technology,2025-09-17 15:30:00,160.33,160.405,160.59,160.15,0.0,0.0,234271.0,37579309.514,0.02806186081316257,160.36
US.MU,Micron Technology,2025-09-17 15:35:00,160.38,160.2583,160.55,159.99,0.0,0.0,239434.0,38379041.085,-0.0914560019949564,160.405
US.MU,Micron Technology,2025-09-17 15:40:00,160.26,160.06,160.5,160.0,0.0,0.0,221401.0,35476591.862,-0.12373774088455267,160.2583
US.MU,Micron Technology,2025-09-17 15:45:00,160.08,160.1,160.42,159.98,0.0,0.0,218924.0,35072071.388,0.024990628514302164,160.06
US.MU,Micron Technology,2025-09-17 15:50:00,160.105,160.2989,160.365,159.97,0.0,0.0,246207.0,39432140.217,0.12423485321674513,160.1
US.MU,Micron Technology,2025-09-17 15:55:00,160.3,160.34,160.58,160.04,0.0,0.0,332854.0,53355119.051,0.025639602018479313,160.2989
US.MU,Micron Technology,2025-09-17 16:00:00,160.325,159.99,160.49,159.74,0.0,0.0,1625606.0,260077873.8,-0.2182861419483562,160.34
US.MU,Micron Technology,2025-09-18 09:35:00,162.99,165.85,166.2,162.6,0.0,0.0,1671301.0,274917216.628,3.6627289205575253,159.99
US.MU,Micron Technology,2025-09-18 09:40:00,165.8,166.29,166.75,165.45,0.0,0.0,978960.0,162698132.376,0.2652999698522748,165.85
US.MU,Micron Technology,2025-09-18 09:45:00,166.27,166.38,166.84,165.55,0.0,0.0,734090.0,122014531.426,0.054122316435145486,166.29
US.MU,Micron Technology,2025-09-18 09:50:00,166.42,166.27,166.45,165.67,0.0,0.0,615270.0,102145934.967,-0.06611371559080732,166.38
US.MU,Micron Technology,2025-09-18 09:55:00,166.28,166.19,166.88,165.85,0.0,0.0,578772.0,96347242.96,-0.04811451253985235,166.27
US.MU,Micron Technology,2025-09-18 10:00:00,166.1748,167.32,167.36,166.1748,0.0,0.0,484954.0,80853065.025,0.6799446416751883,166.19
US.MU,Micron Technology,2025-09-18 10:05:00,167.3,168.115,168.18,167.27,0.0,0.0,835667.0,140259343.113,0.4751374611522926,167.32
US.MU,Micron Technology,2025-09-18 10:10:00,168.08,168.3598,168.44,167.94,0.0,0.0,550254.0,92573502.53,0.14561460904737702,168.115
US.MU,Micron Technology,2025-09-18 10:15:00,168.38,168.235,168.64,168.05,0.0,0.0,561088.0,94460693.412,-0.07412695904841497,168.3598
US.MU,Micron Technology,2025-09-18 10:20:00,168.235,168.0,168.3699,167.42,0.0,0.0,424101.0,71191842.445,-0.13968555889084533,168.235
US.MU,Micron Technology,2025-09-18 10:25:00,168.04,168.84,168.85,167.98,0.0,0.0,464789.0,78306599.774,0.500000000000002,168.0
US.MU,Micron Technology,2025-09-18 10:30:00,168.85,169.07,169.24,168.55,0.0,0.0,534324.0,90288536.901,0.1362236436863242,168.84
US.MU,Micron Technology,2025-09-18 10:35:00,169.09,169.1429,169.5599,169.05,0.0,0.0,464935.0,78714404.772,0.043118235050573245,169.07
US.MU,Micron Technology,2025-09-18 10:40:00,169.17,169.105,169.54,168.9,0.0,0.0,396469.0,67079535.045,-0.02240708891712723,169.1429
US.MU,Micron Technology,2025-09-18 10:45:00,169.12,169.1792,169.42,168.89,0.0,0.0,313388.0,53024418.912,0.043878063924791655,169.105
US.MU,Micron Technology,2025-09-18 10:50:00,169.175,169.0,169.35,168.8654,0.0,0.0,290511.0,49122591.286,-0.10592318677473866,169.1792
US.MU,Micron Technology,2025-09-18 10:55:00,168.98,168.99,169.1777,168.72,0.0,0.0,251896.0,42556211.905,-0.005917159763308227,169.0
US.MU,Micron Technology,2025-09-18 11:00:00,168.99,168.46,169.38,168.41,0.0,0.0,303179.0,51206358.114,-0.31362802532694306,168.99
US.MU,Micron Technology,2025-09-18 11:05:00,168.49,168.23,169.0,168.21,0.0,0.0,259026.0,43670433.539,-0.13653092722309046,168.46
US.MU,Micron Technology,2025-09-18 11:10:00,168.255,168.6927,168.8,168.21,0.0,0.0,270792.0,45624208.142,0.27504012364026176,168.23
US.MU,Micron Technology,2025-09-18 11:15:00,168.77,168.8144,168.96,168.43,0.0,0.0,208882.0,35252856.726,0.07214301508008594,168.6927
US.MU,Micron Technology,2025-09-18 11:20:00,168.82,169.1496,169.16,168.75,0.0,0.0,216295.0,36549122.026,0.19856126017684875,168.8144
US.MU,Micron Technology,2025-09-18 11:25:00,169.12,168.772,169.25,168.69,0.0,0.0,223554.0,37744583.446,-0.22323434403628567,169.1496
US.MU,Micron Technology,2025-09-18 11:30:00,168.8,168.74,169.05,168.4253,0.0,0.0,163652.0,27622774.4,-0.01896049107670838,168.772
US.MU,Micron Technology,2025-09-18 11:35:00,168.745,168.47,168.83,168.4,0.0,0.0,209075.0,35250416.815,-0.16000948204338641,168.74
US.MU,Micron Technology,2025-09-18 11:40:00,168.45,168.425,168.64,168.37,0.0,0.0,143667.0,24207691.039,-0.026710987119361013,168.47
US.MU,Micron Technology,2025-09-18 11:45:00,168.425,168.3551,168.47,167.95,0.0,0.0,219627.0,36939158.035,-0.041502152293316476,168.425
US.MU,Micron Technology,2025-09-18 11:50:00,168.375,168.81,168.83,168.28,0.0,0.0,170987.0,28830614.226,0.27020268468256037,168.3551
US.MU,Micron Technology,2025-09-18 11:55:00,168.79,168.6,169.14,168.48,0.0,0.0,192188.0,32420044.337,-0.12440021325751316,168.81
US.MU,Micron Technology,2025-09-18 12:00:00,168.615,169.05,169.13,168.54,0.0,0.0,189856.0,32046540.51,0.26690391459075746,168.6
US.MU,Micron Technology,2025-09-18 12:05:00,169.03,169.66,169.71,169.01,0.0,0.0,252784.0,42806959.854,0.36083998816917195,169.05
US.MU,Micron Technology,2025-09-18 12:10:00,169.655,169.23,169.71,169.085,0.0,0.0,242621.0,41092436.746,-0.2534480726158239,169.66
US.MU,Micron Technology,2025-09-18 12:15:00,169.18,169.335,169.46,169.13,0.0,0.0,129650.0,21952212.489,0.062045736571540624,169.23
US.MU,Micron Technology,2025-09-18 12:20:00,169.32,169.3,169.465,169.1,0.0,0.0,186592.0,31585787.052,-0.02066908790267611,169.335
US.MU,Micron Technology,2025-09-18 12:25:00,169.3,169.2415,169.41,169.13,0.0,0.0,128567.0,21764795.301,-0.034554046072066934,169.3
US.MU,Micron Technology,2025-09-18 12:30:00,169.3,169.605,169.77,169.26,0.0,0.0,214636.0,36398274.459,0.21478183542451923,169.2415
US.MU,Micron Technology,2025-09-18 12:35:00,169.6,169.48,169.76,169.44,0.0,0.0,147357.0,24993500.877,-0.0737006574098641,169.605
US.MU,Micron Technology,2025-09-18 12:40:00,169.49,169.76,169.84,169.35,0.0,0.0,129975.0,22050906.647,0.16521123436393742,169.48
US.MU,Micron Technology,2025-09-18 12:45:00,169.76,169.5928,169.84,169.54,0.0,0.0,110685.0,18782818.315,-0.09849198868990329,169.76
US.MU,Micron Technology,2025-09-18 12:50:00,169.6,169.79,169.8,169.6,0.0,0.0,99587.0,16901216.999,0.1162785212579667,169.5928
US.MU,Micron Technology,2025-09-18 12:55:00,169.775,169.93,170.0,169.7038,0.0,0.0,178258.0,30286612.412,0.08245479710231156,169.79
US.MU,Micron Technology,2025-09-18 13:00:00,169.94,170.08,170.149,169.76,0.0,0.0,461054.0,78377538.737,0.08827164126405325,169.93
US.MU,Micron Technology,2025-09-18 13:05:00,170.07,170.3301,170.45,169.81,0.0,0.0,308185.0,52434382.771,0.14704844778926088,170.08
US.MU,Micron Technology,2025-09-18 13:10:00,170.33,169.75,170.43,169.73,0.0,0.0,210259.0,35770469.548,-0.3405739795843409,170.3301
US.MU,Micron Technology,2025-09-18 13:15:00,169.73,169.73,169.84,169.3637,0.0,0.0,216882.0,36780460.814,-0.01178203240059513,169.75
US.MU,Micron Technology,2025-09-18 13:20:00,169.76,169.675,169.94,169.41,0.0,0.0,177254.0,30092595.902,-0.03240440699933919,169.73
US.MU,Micron Technology,2025-09-18 13:25:00,169.65,169.66,169.7985,169.53,0.0,0.0,100317.0,17022949.298,-0.00884043023428011,169.675
US.MU,Micron Technology,2025-09-18 13:30:00,169.68,169.41,169.7107,169.28,0.0,0.0,132798.0,22503232.097,-0.14735353059059295,169.66
US.MU,Micron Technology,2025-09-18 13:35:00,169.44,169.3,169.57,169.28,0.0,0.0,120091.0,20343221.684,-0.06493123192254603,169.41
US.MU,Micron Technology,2025-09-18 13:40:00,169.27,169.13,169.3706,169.0104,0.0,0.0,183516.0,31050201.62,-0.10041346721796568,169.3
US.MU,Micron Technology,2025-09-18 13:45:00,169.13,169.26,169.3,168.93,0.0,0.0,236798.0,40049661.06,0.0768639508070688,169.13
US.MU,Micron Technology,2025-09-18 13:50:00,169.24,169.25,169.44,169.1401,0.0,0.0,104465.0,17682922.974,-0.005908070424194083,169.26
US.MU,Micron Technology,2025-09-18 13:55:00,169.24,169.185,169.27,168.86,0.0,0.0,118551.0,20041217.237,-0.03840472673559688,169.25
US.MU,Micron Technology,2025-09-18 14:00:00,169.18,169.275,169.3281,169.0774,0.0,0.0,144890.0,24517468.752,0.05319620533735462,169.185
US.MU,Micron Technology,2025-09-18 14:05:00,169.23,169.25,169.27,169.0166,0.0,0.0,98363.0,16639798.846,-0.01476886722788698,169.275
US.MU,Micron Technology,2025-09-18 14:10:00,169.2471,169.1934,169.33,168.93,0.0,0.0,132293.0,22374535.409,-0.03344165435746121,169.25
US.MU,Micron Technology,2025-09-18 14:15:00,169.17,168.97,169.17,168.93,0.0,0.0,125467.0,21206963.859,-0.1320382473548011,169.1934
US.MU,Micron Technology,2025-09-18 14:20:00,169.0,168.525,169.01,168.51,0.0,0.0,181381.0,30620307.579,-0.2633603598271842,168.97
US.MU,Micron Technology,2025-09-18 14:25:00,168.51,168.71,168.75,168.27,0.0,0.0,265240.0,44698031.991,0.10977599762646627,168.525
US.MU,Micron Technology,2025-09-18 14:30:00,168.72,168.65,168.85,168.63,0.0,0.0,140410.0,23692110.048,-0.035563985537313894,168.71
US.MU,Micron Technology,2025-09-18 14:35:00,168.65,168.71,168.82,168.48,0.0,0.0,143707.0,24234954.969,0.03557663800770962,168.65
US.MU,Micron Technology,2025-09-18 14:40:00,168.72,168.545,168.78,168.53,0.0,0.0,151763.0,25592605.832,-0.09780096022762162,168.71
US.MU,Micron Technology,2025-09-18 14:45:00,168.57,168.45,168.8364,168.4161,0.0,0.0,230598.0,38889418.194,-0.05636476905277456,168.545
US.MU,Micron Technology,2025-09-18 14:50:00,168.455,168.66,168.84,168.43,0.0,0.0,180662.0,30473584.201,0.12466607301870464,168.45
US.MU,Micron Technology,2025-09-18 14:55:00,168.66,168.69,168.84,168.66,0.0,0.0,118672.0,20026279.519,0.017787264318748452,168.66
US.MU,Micron Technology,2025-09-18 15:00:00,168.72,168.68,168.8399,168.555,0.0,0.0,125210.0,21122046.601,-0.005928033671225861,168.69
US.MU,Micron Technology,2025-09-18 15:05:00,168.7,169.01,169.01,168.428,0.0,0.0,142003.0,23958830.342,0.19563670856057863,168.68
US.MU,Micron Technology,2025-09-18 15:10:00,169.005,169.07,169.07,168.85,0.0,0.0,120300.0,20326357.1,0.0355008579374015,169.01
US.MU,Micron Technology,2025-09-18 15:15:00,169.08,168.93,169.16,168.8,0.0,0.0,191008.0,32278202.482,-0.08280593836871494,169.07
US.MU,Micron Technology,2025-09-18 15:20:00,168.92,168.615,168.95,168.6,0.0,0.0,163954.0,27669446.454,-0.1864677677144366,168.93
US.MU,Micron Technology,2025-09-18 15:25:00,168.6114,168.32,168.7228,168.22,0.0,0.0,242577.0,40878740.373,-0.17495477863773443,168.615
US.MU,Micron Technology,2025-09-18 15:30:00,168.305,168.05,168.305,167.74,0.0,0.0,852110.0,143112761.674,-0.1604087452471375,168.32
US.MU,Micron Technology,2025-09-18 15:35:00,168.0638,168.52,168.55,167.9406,0.0,0.0,268693.0,45214605.967,0.2796786670633733,168.05
US.MU,Micron Technology,2025-09-18 15:40:00,168.5106,168.765,168.79,168.48,0.0,0.0,189187.0,31900502.368,0.14538333728932834,168.52
US.MU,Micron Technology,2025-09-18 15:45:00,168.78,168.7528,169.1,168.72,0.0,0.0,284952.0,48131715.278,-0.0072289870529900595,168.765
US.MU,Micron Technology,2025-09-18 15:50:00,168.77,168.7183,168.78,168.5,0.0,0.0,288445.0,48611956.668,-0.020444105223740534,168.7528
US.MU,Micron Technology,2025-09-18 15:55:00,168.66,168.79,168.96,168.32,0.0,0.0,478257.0,80615689.628,0.04249687200498865,168.7183
US.MU,Micron Technology,2025-09-18 16:00:00,168.8016,168.89,169.23,168.79,0.0,0.0,3737993.0,631388912.744,0.05924521594880877,168.79
US.MU,Micron Technology,2025-09-19 09:35:00,162.75,162.4976,163.7,161.25,0.0,0.0,3459349.0,563541726.009,-3.7849487832316777,168.89
US.MU,Micron Technology,2025-09-19 09:40:00,162.51,163.0196,163.0899,162.36,0.0,0.0,736091.0,119862398.28,0.32123551363219605,162.4976
US.MU,Micron Technology,2025-09-19 09:45:00,163.0128,162.62,163.04,162.2,0.0,0.0,711869.0,115860989.924,-0.2451238992121146,163.0196
US.MU,Micron Technology,2025-09-19 09:50:00,162.66,162.925,163.01,162.45,0.0,0.0,456493.0,74314589.521,0.18755380641987876,162.62
US.MU,Micron Technology,2025-09-19 09:55:00,162.94,161.62,163.05,161.57,0.0,0.0,801744.0,130084865.963,-0.8009820469541242,162.925
US.MU,Micron Technology,2025-09-19 10:00:00,161.662,160.78,161.91,160.7,0.0,0.0,887464.0,143139013.428,-0.5197376562306667,161.62
US.MU,Micron Technology,2025-09-19 10:05:00,160.79,161.405,161.49,160.55,0.0,0.0,795327.0,128115088.253,0.3887299415350168,160.78
US.MU,Micron Technology,2025-09-19 10:10:00,161.42,160.655,161.55,160.655,0.0,0.0,741433.0,119397233.234,-0.46466961990025096,161.405
US.MU,Micron Technology,2025-09-19 10:15:00,160.6725,160.9001,161.2889,160.67,0.0,0.0,526425.0,84749784.747,0.1525629454421013,160.655
US.MU,Micron Technology,2025-09-19 10:20:00,160.9,160.83,160.97,160.55,0.0,0.0,465637.0,74863856.767,-0.04356740611099465,160.9001
US.MU,Micron Technology,2025-09-19 10:25:00,160.83,161.2146,161.22,160.42,0.0,0.0,574963.0,92462172.459,0.23913448983397226,160.83
US.MU,Micron Technology,2025-09-19 10:30:00,161.21,161.02,161.23,160.92,0.0,0.0,364607.0,58733716.08,-0.12070867030652306,161.2146
US.MU,Micron Technology,2025-09-19 10:35:00,161.03,160.95,161.165,160.75,0.0,0.0,328291.0,52833170.615,-0.04347286051423525,161.02
US.MU,Micron Technology,2025-09-19 10:40:00,160.97,160.8835,161.0996,160.72,0.0,0.0,386724.0,62235988.158,-0.04131717924820794,160.95
US.MU,Micron Technology,2025-09-19 10:45:00,160.88,160.56,160.99,160.5,0.0,0.0,410836.0,66031136.047,-0.20107717696345226,160.8835
US.MU,Micron Technology,2025-09-19 10:50:00,160.5715,159.78,160.64,159.38,0.0,0.0,1205058.0,192700015.287,-0.4857997010463386,160.56
US.MU,Micron Technology,2025-09-19 10:55:00,159.7724,160.378,160.47,159.64,0.0,0.0,660494.0,105724780.0,0.37426461384402604,159.78
US.MU,Micron Technology,2025-09-19 11:00:00,160.378,160.34,160.57,160.19,0.0,0.0,376151.0,60332115.64,-0.023694022870956424,160.378
US.MU,Micron Technology,2025-09-19 11:05:00,160.34,160.6916,160.84,160.34,0.0,0.0,426078.0,68458781.587,0.2192840214544035,160.34
US.MU,Micron Technology,2025-09-19 11:10:00,160.71,160.6,160.905,160.47,0.0,0.0,248310.0,39892115.102,-0.057003601930654554,160.6916
US.MU,Micron Technology,2025-09-19 11:15:00,160.605,160.725,160.836,160.46,0.0,0.0,209605.0,33670667.896,0.07783312577833126,160.6
US.MU,Micron Technology,2025-09-19 11:20:00,160.73,160.85,160.98,160.58,0.0,0.0,177794.0,28583182.407,0.07777259293824856,160.725
US.MU,Micron Technology,2025-09-19 11:25:00,160.81,160.97,161.07,160.5,0.0,0.0,249090.0,40058427.774,0.07460366801368017,160.85
US.MU,Micron Technology,2025-09-19 11:30:00,160.96,160.9907,161.08,160.9,0.0,0.0,264252.0,42542527.48,0.012859539044545598,160.97
US.MU,Micron Technology,2025-09-19 11:35:00,160.99,160.83,161.03,160.75,0.0,0.0,190026.0,30580963.488,-0.09981943056337503,160.9907
US.MU,Micron Technology,2025-09-19 11:40:00,160.81,160.915,161.05,160.7,0.0,0.0,161627.0,26003264.66,0.05285083628674969,160.83
US.MU,Micron Technology,2025-09-19 11:45:00,160.91,161.5,161.5165,160.91,0.0,0.0,305478.0,49267954.469,0.3635459714756287,160.915
US.MU,Micron Technology,2025-09-19 11:50:00,161.47,161.6,161.67,161.25,0.0,0.0,309781.0,50029284.499,0.06191950464395933,161.5
US.MU,Micron Technology,2025-09-19 11:55:00,161.6,162.1862,162.3,161.44,0.0,0.0,523207.0,84721792.13,0.3627475247524872,161.6
US.MU,Micron Technology,2025-09-19 12:00:00,162.1601,162.48,162.485,162.0,0.0,0.0,372587.0,60449255.892,0.1811498142258565,162.1862
US.MU,Micron Technology,2025-09-19 12:05:00,162.48,162.47,162.73,162.39,0.0,0.0,386390.0,62804261.453,-0.00615460364351976,162.48
US.MU,Micron Technology,2025-09-19 12:10:00,162.47,162.16,162.715,162.12,0.0,0.0,235379.0,38230043.277,-0.19080445620730122,162.47
US.MU,Micron Technology,2025-09-19 12:15:00,162.1767,162.54,162.5717,162.14,0.0,0.0,180971.0,29372758.559,0.2343364578194348,162.16
US.MU,Micron Technology,2025-09-19 12:20:00,162.5633,162.5,162.615,162.39,0.0,0.0,143642.0,23342810.162,-0.024609326934903437,162.54
US.MU,Micron Technology,2025-09-19 12:25:00,162.5,162.425,162.55,162.33,0.0,0.0,132748.0,21563412.967,-0.04615384615383916,162.5
US.MU,Micron Technology,2025-09-19 12:30:00,162.421,162.545,162.8,162.37,0.0,0.0,207466.0,33743711.614,0.07388025242418107,162.425
US.MU,Micron Technology,2025-09-19 12:35:00,162.51,162.685,162.7699,162.51,0.0,0.0,141032.0,22940273.077,0.08612999477068799,162.545
US.MU,Micron Technology,2025-09-19 12:40:00,162.66,162.69,162.8,162.58,0.0,0.0,130007.0,21153185.428,0.0030734241017890108,162.685
US.MU,Micron Technology,2025-09-19 12:45:00,162.68,162.78,162.87,162.66,0.0,0.0,160020.0,26045931.416,0.05531993361608176,162.69
US.MU,Micron Technology,2025-09-19 12:50:00,162.79,162.68,162.85,162.67,0.0,0.0,143958.0,23433888.566,-0.06143260842855038,162.78
US.MU,Micron Technology,2025-09-19 12:55:00,162.68,163.114,163.18,162.62,0.0,0.0,275670.0,44927826.131,0.26678141135972305,162.68
US.MU,Micron Technology,2025-09-19 13:00:00,163.1,163.5397,163.7,163.045,0.0,0.0,366527.0,59887118.292,0.26098311610285213,163.114
US.MU,Micron Technology,2025-09-19 13:05:00,163.53,163.45,163.59,163.34,0.0,0.0,227312.0,37164849.111,-0.05484906722956069,163.5397
US.MU,Micron Technology,2025-09-19 13:10:00,163.44,163.35,163.5,163.24,0.0,0.0,591264.0,96596643.314,-0.06118078923217762,163.45
US.MU,Micron Technology,2025-09-19 13:15:00,163.36,163.12,163.44,162.9,0.0,0.0,242830.0,39619463.348,-0.1408019589837709,163.35
US.MU,Micron Technology,2025-09-19 13:20:00,163.08,162.795,163.085,162.645,0.0,0.0,179958.0,29304297.308,-0.19923982344287458,163.12
US.MU,Micron Technology,2025-09-19 13:25:00,162.81,162.893,163.13,162.81,0.0,0.0,145648.0,23742082.658,0.060198409042054854,162.795
US.MU,Micron Technology,2025-09-19 13:30:00,162.9,163.235,163.255,162.85,0.0,0.0,100716.0,16420224.292,0.20995377333587875,162.893
US.MU,Micron Technology,2025-09-19 13:35:00,163.212,163.0767,163.22,162.9484,0.0,0.0,98773.0,16109406.199,-0.09697675130947739,163.235
US.MU,Micron Technology,2025-09-19 13:40:00,163.07,162.855,163.0775,162.855,0.0,0.0,97032.0,15815997.848,-0.13594829917455925,163.0767
US.MU,Micron Technology,2025-09-19 13:45:00,162.855,163.07,163.15,162.82,0.0,0.0,118369.0,19296942.716,0.1320192809554533,162.855
US.MU,Micron Technology,2025-09-19 13:50:00,163.065,163.05,163.08,162.97,0.0,0.0,91839.0,14972616.118,-0.012264671613406396,163.07
US.MU,Micron Technology,2025-09-19 13:55:00,163.07,163.25,163.2999,163.01,0.0,0.0,128436.0,20955679.692,0.12266176019625184,163.05
US.MU,Micron Technology,2025-09-19 14:00:00,163.25,163.23,163.51,163.22,0.0,0.0,137861.0,22522127.458,-0.012251148545182377,163.25
US.MU,Micron Technology,2025-09-19 14:05:00,163.235,163.4614,163.465,163.235,0.0,0.0,98246.0,16048036.35,0.1417631562825509,163.23
US.MU,Micron Technology,2025-09-19 14:10:00,163.46,163.29,163.52,163.2101,0.0,0.0,148600.0,24276164.528,-0.10485655940791253,163.4614
US.MU,Micron Technology,2025-09-19 14:15:00,163.3,163.09,163.38,162.97,0.0,0.0,134128.0,21882107.833,-0.12248147467694816,163.29
US.MU,Micron Technology,2025-09-19 14:20:00,163.0883,163.09,163.14,162.95,0.0,0.0,138900.0,22647695.197,0.0,163.09
US.MU,Micron Technology,2025-09-19 14:25:00,163.1,163.11,163.165,163.0,0.0,0.0,107156.0,17475276.127,0.012263167576191203,163.09
US.MU,Micron Technology,2025-09-19 14:30:00,163.09,163.14,163.2499,163.08,0.0,0.0,80867.0,13194516.274,0.0183924958616717,163.11
US.MU,Micron Technology,2025-09-19 14:35:00,163.1275,163.095,163.16,162.94,0.0,0.0,145799.0,23771395.817,-0.027583670467075824,163.14
US.MU,Micron Technology,2025-09-19 14:40:00,163.1,163.15,163.299,163.1,0.0,0.0,121068.0,19757840.64,0.033722676967415814,163.095
US.MU,Micron Technology,2025-09-19 14:45:00,163.15,162.885,163.17,162.87,0.0,0.0,139887.0,22804132.467,-0.16242721422005196,163.15
US.MU,Micron Technology,2025-09-19 14:50:00,162.9,162.75,162.9844,162.7028,0.0,0.0,211658.0,34468724.13,-0.08288055990422133,162.885
US.MU,Micron Technology,2025-09-19 14:55:00,162.75,162.675,162.86,162.51,0.0,0.0,197442.0,32122426.229,-0.046082949308748775,162.75
US.MU,Micron Technology,2025-09-19 15:00:00,162.67,162.9899,163.1,162.645,0.0,0.0,170126.0,27715489.689,0.1935761487628673,162.675
US.MU,Micron Technology,2025-09-19 15:05:00,162.96,162.975,163.29,162.85,0.0,0.0,199962.0,32617939.055,-0.009141670741568318,162.9899
US.MU,Micron Technology,2025-09-19 15:10:00,162.98,163.03,163.11,162.95,0.0,0.0,156499.0,25516674.244,0.033747507286397804,162.975
US.MU,Micron Technology,2025-09-19 15:15:00,163.02,163.07,163.12,162.88,0.0,0.0,317019.0,51677110.97,0.02453536158988655,163.03
US.MU,Micron Technology,2025-09-19 15:20:00,163.07,162.89,163.2009,162.86,0.0,0.0,192174.0,31335549.89,-0.11038204452076214,163.07
US.MU,Micron Technology,2025-09-19 15:25:00,162.8905,162.84,162.9365,162.76,0.0,0.0,157117.0,25584392.042,-0.030695561421807935,162.89
US.MU,Micron Technology,2025-09-19 15:30:00,162.84,162.8292,162.9499,162.81,0.0,0.0,184985.0,30129207.684,-0.006632277081808808,162.84
US.MU,Micron Technology,2025-09-19 15:35:00,162.81,162.82,162.9,162.606,0.0,0.0,255960.0,41663365.91,-0.005650092243892846,162.8292
US.MU,Micron Technology,2025-09-19 15:40:00,162.815,163.03,163.065,162.71,0.0,0.0,309215.0,50360319.638,0.1289767841788527,162.82
US.MU,Micron Technology,2025-09-19 15:45:00,163.02,162.785,163.07,162.58,0.0,0.0,258394.0,42063390.012,-0.15027908973808782,163.03
US.MU,Micron Technology,2025-09-19 15:50:00,162.79,162.81,162.85,162.72,0.0,0.0,336411.0,54751440.683,0.015357680375959509,162.785
US.MU,Micron Technology,2025-09-19 15:55:00,162.83,162.735,162.85,161.5,0.0,0.0,675579.0,109796963.638,-0.046065966463969425,162.81
US.MU,Micron Technology,2025-09-19 16:00:00,162.75,162.73,162.85,162.35,0.0,0.0,7107891.0,1156553571.742,-0.0030724797984599955,162.735
US.MU,Micron Technology,2025-09-22 09:35:00,164.375,162.85,164.65,162.8,0.0,0.0,1410015.0,230871084.741,0.07374178086401066,162.73
US.MU,Micron Technology,2025-09-22 09:40:00,162.845,161.98,163.44,161.91,0.0,0.0,627932.0,102234274.088,-0.5342339576297235,162.85
US.MU,Micron Technology,2025-09-22 09:45:00,161.98,162.35,162.45,161.59,0.0,0.0,436173.0,70687424.854,0.22842326213113012,161.98
US.MU,Micron Technology,2025-09-22 09:50:00,162.31,163.27,163.5526,162.26,0.0,0.0,388042.0,63247153.457,0.5666769325531358,162.35
US.MU,Micron Technology,2025-09-22 09:55:00,163.3,163.815,163.975,163.21,0.0,0.0,371365.0,60783249.306,0.3338029031665263,163.27
US.MU,Micron Technology,2025-09-22 10:00:00,163.79,163.855,164.0,163.57,0.0,0.0,316382.0,51823795.543,0.02441778835881454,163.815
US.MU,Micron Technology,2025-09-22 10:05:00,163.85,164.31,164.3396,163.64,0.0,0.0,432447.0,70920578.008,0.27768453815874555,163.855
US.MU,Micron Technology,2025-09-22 10:10:00,164.3,164.9,165.038,164.21,0.0,0.0,600109.0,98869144.784,0.3590773537824864,164.31
US.MU,Micron Technology,2025-09-22 10:15:00,164.88,164.59,164.9386,163.842,0.0,0.0,600109.0,98678956.156,-0.18799272286234217,164.9
US.MU,Micron Technology,2025-09-22 10:20:00,164.59,164.955,165.0999,164.41,0.0,0.0,268845.0,44325627.638,0.2217631690868273,164.59
US.MU,Micron Technology,2025-09-22 10:25:00,164.955,164.67,165.27,164.595,0.0,0.0,461021.0,76043800.844,-0.17277439301629233,164.955
US.MU,Micron Technology,2025-09-22 10:30:00,164.665,164.9008,165.0,164.52,0.0,0.0,317862.0,52387134.488,0.14015910609097973,164.67
US.MU,Micron Technology,2025-09-22 10:35:00,164.93,164.8875,164.93,164.66,0.0,0.0,228242.0,37627017.539,-0.008065455109990483,164.9008
US.MU,Micron Technology,2025-09-22 10:40:00,164.88,165.24,165.28,164.62,0.0,0.0,345741.0,57009361.31,0.21378212417558667,164.8875
US.MU,Micron Technology,2025-09-22 10:45:00,165.26,165.11,165.37,164.9,0.0,0.0,336869.0,55635639.784,-0.07867344468651383,165.24
US.MU,Micron Technology,2025-09-22 10:50:00,165.08,164.9358,165.29,164.8801,0.0,0.0,316364.0,52235030.773,-0.10550542062867979,165.11
US.MU,Micron Technology,2025-09-22 10:55:00,164.97,164.62,164.99,164.54,0.0,0.0,271973.0,44822788.034,-0.1914684380225493,164.9358
US.MU,Micron Technology,2025-09-22 11:00:00,164.63,164.865,164.91,164.5404,0.0,0.0,165564.0,27274617.168,0.14882760296440561,164.62
US.MU,Micron Technology,2025-09-22 11:05:00,164.87,165.13,165.3042,164.79,0.0,0.0,225786.0,37264644.222,0.16073757316591536,164.865
US.MU,Micron Technology,2025-09-22 11:10:00,165.11,165.3,165.42,164.94,0.0,0.0,167493.0,27674382.137,0.10294919154606426,165.13
US.MU,Micron Technology,2025-09-22 11:15:00,165.3,165.795,165.92,165.27,0.0,0.0,334420.0,55410633.229,0.29945553539018516,165.3
US.MU,Micron Technology,2025-09-22 11:20:00,165.83,165.8876,166.18,165.715,0.0,0.0,367085.0,60921126.031,0.05585210651708704,165.795
US.MU,Micron Technology,2025-09-22 11:25:00,165.88,166.245,166.3,165.865,0.0,0.0,246226.0,40900274.959,0.21544708585814284,165.8876
US.MU,Micron Technology,2025-09-22 11:30:00,166.255,166.57,166.57,166.08,0.0,0.0,262591.0,43668748.193,0.19549460134138688,166.245
US.MU,Micron Technology,2025-09-22 11:35:00,166.56,166.64,166.88,166.39,0.0,0.0,302436.0,50386112.587,0.04202437413699536,166.57
US.MU,Micron Technology,2025-09-22 11:40:00,166.6401,166.995,167.26,166.5,0.0,0.0,401523.0,67027505.326,0.21303408545368352,166.64
US.MU,Micron Technology,2025-09-22 11:45:00,167.02,166.4998,167.1299,166.33,0.0,0.0,339533.0,56600786.126,-0.2965358244258877,166.995
US.MU,Micron Technology,2025-09-22 11:50:00,166.5,166.1,166.61,166.07,0.0,0.0,250279.0,41642737.808,-0.24012040855304276,166.4998
US.MU,Micron Technology,2025-09-22 11:55:00,166.11,166.65,166.72,166.09,0.0,0.0,223532.0,37208706.947,0.3311258278145764,166.1
US.MU,Micron Technology,2025-09-22 12:00:00,166.65,166.39,166.7178,166.3,0.0,0.0,137871.0,22955750.384,-0.1560156015601676,166.65
US.MU,Micron Technology,2025-09-22 12:05:00,166.405,166.65,166.8,166.325,0.0,0.0,205275.0,34193896.271,0.15625939058838834,166.39
US.MU,Micron Technology,2025-09-22 12:10:00,166.635,166.91,167.0,166.49,0.0,0.0,228266.0,38071020.797,0.15601560156015057,166.65
US.MU,Micron Technology,2025-09-22 12:15:00,166.9226,167.005,167.22,166.7,0.0,0.0,239123.0,39933385.161,0.05691690132406618,166.91
US.MU,Micron Technology,2025-09-22 12:20:00,167.0098,166.72,167.2,166.54,0.0,0.0,299764.0,50020381.811,-0.17065357324630795,167.005
US.MU,Micron Technology,2025-09-22 12:25:00,166.78,166.95,167.17,166.7601,0.0,0.0,125245.0,20916589.881,0.13795585412667333,166.72
US.MU,Micron Technology,2025-09-22 12:30:00,166.98,167.125,167.2,166.75,0.0,0.0,175149.0,29250224.109,0.10482180293501729,166.95
US.MU,Micron Technology,2025-09-22 12:35:00,167.14,166.865,167.18,166.68,0.0,0.0,255520.0,42655953.24,-0.15557217651457944,167.125
US.MU,Micron Technology,2025-09-22 12:40:00,166.875,166.24,166.875,166.1301,0.0,0.0,281399.0,46808466.188,-0.3745542804063165,166.865
US.MU,Micron Technology,2025-09-22 12:45:00,166.245,166.405,166.59,166.145,0.0,0.0,181726.0,30234106.956,0.09925409047160252,166.24
US.MU,Micron Technology,2025-09-22 12:50:00,166.405,166.56,166.82,166.38,0.0,0.0,129667.0,21604355.112,0.09314623959616666,166.405
US.MU,Micron Technology,2025-09-22 12:55:00,166.56,166.585,166.7599,166.55,0.0,0.0,99129.0,16520121.553,0.015009606147938092,166.56
US.MU,Micron Technology,2025-09-22 13:00:00,166.585,166.86,166.97,166.52,0.0,0.0,177624.0,29629420.701,0.165080889635925,166.585
US.MU,Micron Technology,2025-09-22 13:05:00,166.86,166.65,167.07,166.3993,0.0,0.0,235837.0,39297299.282,-0.12585400934915975,166.86
US.MU,Micron Technology,2025-09-22 13:10:00,166.65,166.42,166.7,166.3,0.0,0.0,190311.0,31681495.705,-0.13801380138014893,166.65
US.MU,Micron Technology,2025-09-22 13:15:00,166.41,166.8927,166.9,166.38,0.0,0.0,150459.0,25063695.011,0.28404037976204977,166.42
US.MU,Micron Technology,2025-09-22 13:20:00,166.91,166.57,166.94,166.52,0.0,0.0,184257.0,30719859.884,-0.19335776819477277,166.8927
US.MU,Micron Technology,2025-09-22 13:25:00,166.59,166.46,166.87,166.41,0.0,0.0,124426.0,20736146.919,-0.066038302215276,166.57
US.MU,Micron Technology,2025-09-22 13:30:00,166.455,166.38,166.75,166.3,0.0,0.0,111121.0,18498738.097,-0.04805959389643908,166.46
US.MU,Micron Technology,2025-09-22 13:35:00,166.375,166.406,166.59,166.31,0.0,0.0,136988.0,22796576.326,0.015626878230562843,166.38
US.MU,Micron Technology,2025-09-22 13:40:00,166.43,166.28,166.52,166.1,0.0,0.0,200080.0,33276515.454,-0.075718423614536,166.406
US.MU,Micron Technology,2025-09-22 13:45:00,166.26,166.0475,166.26,165.92,0.0,0.0,232556.0,38625403.219,-0.13982439259080318,166.28
US.MU,Micron Technology,2025-09-22 13:50:00,166.055,166.02,166.08,165.75,0.0,0.0,183275.0,30404542.195,-0.01656152606934968,166.0475
US.MU,Micron Technology,2025-09-22 13:55:00,166.0101,166.3734,166.43,165.99,0.0,0.0,195655.0,32529087.549,0.21286591976869862,166.02
US.MU,Micron Technology,2025-09-22 14:00:00,166.375,166.48,166.6134,166.305,0.0,0.0,160353.0,26692091.754,0.06407274239751429,166.3734
US.MU,Micron Technology,2025-09-22 14:05:00,166.49,166.54,166.58,166.31,0.0,0.0,104395.0,17378257.21,0.03604036520903549,166.48
US.MU,Micron Technology,2025-09-22 14:10:00,166.525,166.6393,166.68,166.4162,0.0,0.0,85849.0,14296791.82,0.05962531523958179,166.54
US.MU,Micron Technology,2025-09-22 14:15:00,166.64,166.425,166.64,166.4,0.0,0.0,109990.0,18315111.877,-0.1286011163032851,166.6393
US.MU,Micron Technology,2025-09-22 14:20:00,166.425,166.215,166.5,166.21,0.0,0.0,110039.0,18306298.437,-0.1261829652996893,166.425
US.MU,Micron Technology,2025-09-22 14:25:00,166.22,166.36,166.5,166.2,0.0,0.0,108317.0,18018261.172,0.08723641067292978,166.215
US.MU,Micron Technology,2025-09-22 14:30:00,166.365,166.4096,166.5106,166.33,0.0,0.0,88068.0,14654511.292,0.029814859341186634,166.36
US.MU,Micron Technology,2025-09-22 14:35:00,166.39,166.365,166.56,166.31,0.0,0.0,124819.0,20770058.568,-0.026801338384325562,166.4096
US.MU,Micron Technology,2025-09-22 14:40:00,166.3775,166.35,166.5399,166.31,0.0,0.0,119113.0,19823677.661,-0.009016319538373322,166.365
US.MU,Micron Technology,2025-09-22 14:45:00,166.345,166.21,166.41,166.0667,0.0,0.0,116437.0,19355202.871,-0.08415990381724459,166.35
US.MU,Micron Technology,2025-09-22 14:50:00,166.18,166.2148,166.36,166.06,0.0,0.0,121851.0,20251032.428,0.002887912881288017,166.21
US.MU,Micron Technology,2025-09-22 14:55:00,166.2,166.1999,166.4,165.99,0.0,0.0,141741.0,23551227.869,-0.008964304021051698,166.2148
US.MU,Micron Technology,2025-09-22 15:00:00,166.17,166.075,166.2,166.0,0.0,0.0,106237.0,17645691.848,-0.07515046639620426,166.1999
US.MU,Micron Technology,2025-09-22 15:05:00,166.11,166.12,166.21,166.0,0.0,0.0,169114.0,28089126.24,0.027096191479762707,166.075
US.MU,Micron Technology,2025-09-22 15:10:00,166.12,166.13,166.18,165.765,0.0,0.0,254633.0,42265415.044,0.006019744762816581,166.12
US.MU,Micron Technology,2025-09-22 15:15:00,166.125,166.13,166.22,166.01,0.0,0.0,200140.0,33245401.781,0.0,166.13
US.MU,Micron Technology,2025-09-22 15:20:00,166.15,165.88,166.17,165.87,0.0,0.0,196921.0,32693389.581,-0.15048456028411486,166.13
US.MU,Micron Technology,2025-09-22 15:25:00,165.87,165.74,165.88,165.61,0.0,0.0,329256.0,54578672.199,-0.084398360260421,165.88
US.MU,Micron Technology,2025-09-22 15:30:00,165.74,165.555,165.76,165.34,0.0,0.0,241025.0,39897267.673,-0.11162061059490905,165.74
US.MU,Micron Technology,2025-09-22 15:35:00,165.555,165.15,165.555,165.01,0.0,0.0,411655.0,68024699.874,-0.24463169339494495,165.555
US.MU,Micron Technology,2025-09-22 15:40:00,165.17,165.0,165.38,164.9001,0.0,0.0,506872.0,83660201.844,-0.09082652134423595,165.15
US.MU,Micron Technology,2025-09-22 15:45:00,164.995,164.95,165.17,164.8,0.0,0.0,319474.0,52690059.091,-0.030303030303037194,165.0
US.MU,Micron Technology,2025-09-22 15:50:00,164.96,164.98,165.16,164.8608,0.0,0.0,408748.0,67431816.629,0.018187329493786687,164.95
US.MU,Micron Technology,2025-09-22 15:55:00,164.99,164.8599,165.28,164.5,0.0,0.0,640530.0,105617388.187,-0.07279670263060944,164.98
US.MU,Micron Technology,2025-09-22 16:00:00,164.89,164.62,165.04,164.4503,0.0,0.0,3474317.0,571921394.096,-0.14551749697774033,164.8599
US.MU,Micron Technology,2025-09-23 09:35:00,165.68,166.29,167.26,165.23,0.0,0.0,1550299.0,257355990.71,1.0144575385736772,164.62
US.MU,Micron Technology,2025-09-23 09:40:00,166.3312,166.77,166.825,165.7,0.0,0.0,624272.0,103720486.5,0.2886523543207759,166.29
US.MU,Micron Technology,2025-09-23 09:45:00,166.75,167.2562,167.39,166.1587,0.0,0.0,701617.0,117076195.882,0.291539245667684,166.77
US.MU,Micron Technology,2025-09-23 09:50:00,167.23,167.29,167.84,166.7711,0.0,0.0,584027.0,97707233.017,0.02020851842860544,167.2562
US.MU,Micron Technology,2025-09-23 09:55:00,167.295,167.8701,168.15,167.0,0.0,0.0,895668.0,150229679.07,0.34676310598363075,167.29
US.MU,Micron Technology,2025-09-23 10:00:00,167.8707,168.14,168.17,167.53,0.0,0.0,666869.0,112007767.714,0.1607790785851551,167.8701
US.MU,Micron Technology,2025-09-23 10:05:00,168.18,167.41,168.19,167.21,0.0,0.0,710843.0,119158570.201,-0.43416200785059467,168.14
US.MU,Micron Technology,2025-09-23 10:10:00,167.4,168.16,168.66,167.4,0.0,0.0,706299.0,118827439.953,0.4480019114748223,167.41
US.MU,Micron Technology,2025-09-23 10:15:00,168.19,168.835,168.9,168.1485,0.0,0.0,516613.0,87086159.818,0.4014034253092361,168.16
US.MU,Micron Technology,2025-09-23 10:20:00,168.83,168.64,168.99,168.4,0.0,0.0,536222.0,90476860.401,-0.11549737909794865,168.835
US.MU,Micron Technology,2025-09-23 10:25:00,168.67,168.525,168.9199,168.36,0.0,0.0,324381.0,54702918.478,-0.06819259962048191,168.64
US.MU,Micron Technology,2025-09-23 10:30:00,168.55,168.315,168.59,168.07,0.0,0.0,358460.0,60332137.056,-0.12461059190031623,168.525
US.MU,Micron Technology,2025-09-23 10:35:00,168.34,168.36,168.5,168.04,0.0,0.0,320393.0,53920237.89,0.026735585063729268,168.315
US.MU,Micron Technology,2025-09-23 10:40:00,168.35,168.2836,168.75,168.21,0.0,0.0,292164.0,49219494.602,-0.0453789498693316,168.36
US.MU,Micron Technology,2025-09-23 10:45:00,168.24,168.255,168.67,168.03,0.0,0.0,362811.0,61076871.859,-0.016995120142433075,168.2836
US.MU,Micron Technology,2025-09-23 10:50:00,168.3,168.02,168.415,167.76,0.0,0.0,327716.0,55085442.561,-0.13966895486017367,168.255
US.MU,Micron Technology,2025-09-23 10:55:00,168.05,168.23,168.37,167.93,0.0,0.0,238382.0,40085052.856,0.12498512081893794,168.02
US.MU,Micron Technology,2025-09-23 11:00:00,168.23,168.09,168.3795,167.73,0.0,0.0,260517.0,43778904.669,-0.08321940200914603,168.23
US.MU,Micron Technology,2025-09-23 11:05:00,168.045,167.615,168.12,167.58,0.0,0.0,198497.0,33322447.617,-0.28258670950085923,168.09
US.MU,Micron Technology,2025-09-23 11:10:00,167.615,167.81,167.82,167.48,0.0,0.0,257717.0,43197197.847,0.11633803657190178,167.615
US.MU,Micron Technology,2025-09-23 11:15:00,167.805,167.835,167.95,167.64,0.0,0.0,147904.0,24818533.547,0.014897801084563306,167.81
US.MU,Micron Technology,2025-09-23 11:20:00,167.8266,167.58,167.86,167.56,0.0,0.0,198096.0,33221462.357,-0.15193493609795064,167.835
US.MU,Micron Technology,2025-09-23 11:25:00,167.595,167.82,167.88,167.51,0.0,0.0,173609.0,29114726.771,0.1432151808091542,167.58
US.MU,Micron Technology,2025-09-23 11:30:00,167.84,168.09,168.17,167.67,0.0,0.0,231639.0,38890688.821,0.16088666428316664,167.82
US.MU,Micron Technology,2025-09-23 11:35:00,168.0802,167.935,168.18,167.54,0.0,0.0,273572.0,45932123.477,-0.09221250520554533,168.09
US.MU,Micron Technology,2025-09-23 11:40:00,167.93,167.585,167.96,167.58,0.0,0.0,201245.0,33768079.98,-0.20841396969065074,167.935
US.MU,Micron Technology,2025-09-23 11:45:00,167.57,167.9308,167.9308,167.38,0.0,0.0,259668.0,43525079.371,0.2063430497956243,167.585
US.MU,Micron Technology,2025-09-23 11:50:00,167.915,168.28,168.32,167.8606,0.0,0.0,320548.0,53903677.477,0.20794279548480457,167.9308
US.MU,Micron Technology,2025-09-23 11:55:00,168.27,168.24,168.34,168.03,0.0,0.0,193082.0,32481871.163,-0.023769907297356813,168.28
US.MU,Micron Technology,2025-09-23 12:00:00,168.23,168.08,168.33,168.05,0.0,0.0,152472.0,25643479.949,-0.09510223490251818,168.24
US.MU,Micron Technology,2025-09-23 12:05:00,168.095,168.12,168.27,168.0742,0.0,0.0,99544.0,16740911.853,0.023798191337453617,168.08
US.MU,Micron Technology,2025-09-23 12:10:00,168.14,168.29,168.42,168.1,0.0,0.0,197399.0,33216308.222,0.10111824886984742,168.12
US.MU,Micron Technology,2025-09-23 12:15:00,168.3,167.87,168.3,167.71,0.0,0.0,276782.0,46505866.637,-0.24956919603065394,168.29
US.MU,Micron Technology,2025-09-23 12:20:00,167.91,168.36,168.4399,167.74,0.0,0.0,247824.0,41654056.253,0.2918925358908734,167.87
US.MU,Micron Technology,2025-09-23 12:25:00,168.41,168.38,168.47,168.2407,0.0,0.0,161389.0,27169084.146,0.011879306248504282,168.36
US.MU,Micron Technology,2025-09-23 12:30:00,168.41,168.47,168.87,168.35,0.0,0.0,330477.0,55730482.434,0.05345052856634007,168.38
US.MU,Micron Technology,2025-09-23 12:35:00,168.5,168.32,168.59,168.07,0.0,0.0,316820.0,53340455.291,-0.08903662373123149,168.47
US.MU,Micron Technology,2025-09-23 12:40:00,168.33,168.045,168.33,167.89,0.0,0.0,212739.0,35762163.233,-0.1633792775665433,168.32
US.MU,Micron Technology,2025-09-23 12:45:00,168.07,168.28,168.53,167.92,0.0,0.0,253681.0,42686072.36,0.13984349430212958,168.045
US.MU,Micron Technology,2025-09-23 12:50:00,168.26,168.5727,168.78,168.2066,0.0,0.0,177371.0,29898736.618,0.17393629664844093,168.28
US.MU,Micron Technology,2025-09-23 12:55:00,168.58,168.44,168.63,168.3717,0.0,0.0,160121.0,26983881.207,-0.07871974524937894,168.5727
US.MU,Micron Technology,2025-09-23 13:00:00,168.45,168.23,168.45,168.02,0.0,0.0,147359.0,24789001.889,-0.1246734742341534,168.44
US.MU,Micron Technology,2025-09-23 13:05:00,168.28,168.39,168.47,168.16,0.0,0.0,164605.0,27706108.794,0.09510788801045984,168.23
US.MU,Micron Technology,2025-09-23 13:10:00,168.44,168.325,168.6,168.1,0.0,0.0,198879.0,33485910.207,-0.038600867034858204,168.39
US.MU,Micron Technology,2025-09-23 13:15:00,168.31,168.33,168.54,168.235,0.0,0.0,152865.0,25739700.923,0.002970444081404351,168.325
US.MU,Micron Technology,2025-09-23 13:20:00,168.38,168.31,168.58,168.275,0.0,0.0,153432.0,25838502.241,-0.011881423394528742,168.33
US.MU,Micron Technology,2025-09-23 13:25:00,168.36,168.12,168.4,168.01,0.0,0.0,170885.0,28739816.948,-0.11288693482264733,168.31
US.MU,Micron Technology,2025-09-23 13:30:00,168.12,167.61,168.12,167.5201,0.0,0.0,321340.0,53955908.9,-0.3033547466095592,168.12
US.MU,Micron Technology,2025-09-23 13:35:00,167.59,167.5402,167.8,167.45,0.0,0.0,203547.0,34119088.823,-0.041644293299931356,167.61
US.MU,Micron Technology,2025-09-23 13:40:00,167.56,166.345,167.6,166.32,0.0,0.0,400568.0,66856364.749,-0.7133810273594038,167.5402
US.MU,Micron Technology,2025-09-23 13:45:00,166.3,165.74,166.44,165.7,0.0,0.0,527125.0,87561775.972,-0.36370194475336787,166.345
US.MU,Micron Technology,2025-09-23 13:50:00,165.78,166.68,166.77,165.62,0.0,0.0,438517.0,72879278.825,0.5671533727525024,165.74
US.MU,Micron Technology,2025-09-23 13:55:00,166.66,166.6044,166.7584,166.32,0.0,0.0,273142.0,45503256.943,-0.04535637149028591,166.68
US.MU,Micron Technology,2025-09-23 14:00:00,166.65,167.1824,167.25,166.6,0.0,0.0,340947.0,56933398.995,0.3469296129033825,166.6044
US.MU,Micron Technology,2025-09-23 14:05:00,167.19,167.145,167.58,166.96,0.0,0.0,293917.0,49149936.853,-0.022370775871138945,167.1824
US.MU,Micron Technology,2025-09-23 14:10:00,167.18,167.0851,167.35,166.9215,0.0,0.0,178982.0,29921247.883,-0.03583714738699868,167.145
US.MU,Micron Technology,2025-09-23 14:15:00,167.12,166.615,167.14,166.312,0.0,0.0,312836.0,52125924.363,-0.28135363356756654,167.0851
US.MU,Micron Technology,2025-09-23 14:20:00,166.63,166.39,166.65,166.125,0.0,0.0,294416.0,48996882.248,-0.13504186297753668,166.615
US.MU,Micron Technology,2025-09-23 14:25:00,166.375,165.97,166.605,165.88,0.0,0.0,285605.0,47470886.136,-0.2524190155658318,166.39
US.MU,Micron Technology,2025-09-23 14:30:00,165.99,166.37,166.5894,165.99,0.0,0.0,221821.0,36902116.749,0.24100741097789097,165.97
US.MU,Micron Technology,2025-09-23 14:35:00,166.39,166.65,166.67,166.35,0.0,0.0,233525.0,38877892.583,0.16829957324036854,166.37
US.MU,Micron Technology,2025-09-23 14:40:00,166.64,166.45,166.74,166.3764,0.0,0.0,290186.0,48330267.188,-0.12001200120013024,166.65
US.MU,Micron Technology,2025-09-23 14:45:00,166.46,166.551,166.6,166.4303,0.0,0.0,256224.0,42666507.033,0.060678882547310964,166.45
US.MU,Micron Technology,2025-09-23 14:50:00,166.57,166.43,166.57,166.26,0.0,0.0,251163.0,41803636.002,-0.07265041939104593,166.551
US.MU,Micron Technology,2025-09-23 14:55:00,166.45,166.375,166.51,166.305,0.0,0.0,161715.0,26910123.476,-0.033046926635826965,166.43
US.MU,Micron Technology,2025-09-23 15:00:00,166.36,166.26,166.58,166.2,0.0,0.0,248646.0,41376971.588,-0.06912096168295062,166.375
US.MU,Micron Technology,2025-09-23 15:05:00,166.22,166.53,166.8,166.19,0.0,0.0,250794.0,41770707.842,0.16239624684230136,166.26
US.MU,Micron Technology,2025-09-23 15:10:00,166.55,166.52,166.6,166.4124,0.0,0.0,172330.0,28693668.974,-0.006004924037705461,166.53
US.MU,Micron Technology,2025-09-23 15:15:00,166.53,166.69,166.86,166.485,0.0,0.0,307886.0,51317225.762,0.10208983905836384,166.52
US.MU,Micron Technology,2025-09-23 15:20:00,166.68,166.8924,166.95,166.64,0.0,0.0,344812.0,57517448.326,0.12142300077989769,166.69
US.MU,Micron Technology,2025-09-23 15:25:00,166.9,166.62,166.93,166.58,0.0,0.0,336131.0,56050898.355,-0.163218936272715,166.8924
US.MU,Micron Technology,2025-09-23 15:30:00,166.62,166.475,166.74,166.33,0.0,0.0,385089.0,64133924.322,-0.0870243668227165,166.62
US.MU,Micron Technology,2025-09-23 15:35:00,166.48,166.46,166.56,166.31,0.0,0.0,342389.0,56988139.588,-0.00901036191619544,166.475
US.MU,Micron Technology,2025-09-23 15:40:00,166.47,166.605,166.79,166.4042,0.0,0.0,348289.0,58026198.526,0.0871080139372713,166.46
US.MU,Micron Technology,2025-09-23 15:45:00,166.605,166.7727,166.81,166.535,0.0,0.0,720894.0,120131848.859,0.10065724317997445,166.605
US.MU,Micron Technology,2025-09-23 15:50:00,166.77,166.92,167.0,166.66,0.0,0.0,625389.0,104339222.653,0.08832380839310111,166.7727
US.MU,Micron Technology,2025-09-23 15:55:00,166.91,167.295,167.44,166.68,0.0,0.0,1072752.0,179287305.595,0.22465851905104245,166.92
US.MU,Micron Technology,2025-09-23 16:00:00,167.295,166.41,167.35,166.41,0.0,0.0,4058564.0,675889716.212,-0.5290056487043792,167.295
US.MU,Micron Technology,2025-09-24 09:35:00,165.08,162.7201,166.0,161.75,0.0,0.0,4735401.0,773130891.907,-2.2173547262784656,166.41
US.MU,Micron Technology,2025-09-24 09:40:00,162.72,163.465,163.96,162.57,0.0,0.0,1602821.0,261468268.463,0.4577799546583374,162.7201
US.MU,Micron Technology,2025-09-24 09:45:00,163.48,163.2,163.9,163.01,0.0,0.0,1314070.0,214730623.422,-0.16211421405194676,163.465
US.MU,Micron Technology,2025-09-24 09:50:00,163.19,162.87,163.5,162.5701,0.0,0.0,1027380.0,167499992.185,-0.20220588235293144,163.2
US.MU,Micron Technology,2025-09-24 09:55:00,162.88,162.8745,163.43,162.15,0.0,0.0,1154398.0,188013941.445,0.0027629397679175267,162.87
US.MU,Micron Technology,2025-09-24 10:00:00,162.9,162.8525,163.2,162.53,0.0,0.0,648591.0,105587470.057,-0.013507332332574945,162.8745
US.MU,Micron Technology,2025-09-24 10:05:00,162.77,162.38,163.42,162.21,0.0,0.0,1081674.0,176080726.272,-0.29013985047819135,162.8525
US.MU,Micron Technology,2025-09-24 10:10:00,162.38,162.79,162.84,161.62,0.0,0.0,1173324.0,190263562.531,0.25249414952580157,162.38
US.MU,Micron Technology,2025-09-24 10:15:00,162.75,163.23,163.39,162.66,0.0,0.0,750600.0,122378733.82,0.27028687265802426,162.79
US.MU,Micron Technology,2025-09-24 10:20:00,163.26,163.5459,163.68,163.03,0.0,0.0,851775.0,139114234.707,0.19353060099246414,163.23
US.MU,Micron Technology,2025-09-24 10:25:00,163.55,163.01,163.79,162.8,0.0,0.0,728796.0,119041466.714,-0.32767559443556704,163.5459
US.MU,Micron Technology,2025-09-24 10:30:00,162.985,163.2583,163.42,162.91,0.0,0.0,464523.0,75792118.886,0.1523219434390531,163.01
US.MU,Micron Technology,2025-09-24 10:35:00,163.2,162.82,163.7,162.82,0.0,0.0,489594.0,79898861.53,-0.26847027073049157,163.2583
US.MU,Micron Technology,2025-09-24 10:40:00,162.85,163.08,163.13,162.68,0.0,0.0,767213.0,124975486.404,0.15968554231668058,162.82
US.MU,Micron Technology,2025-09-24 10:45:00,163.1,163.1,163.37,162.85,0.0,0.0,553696.0,90313345.639,0.012263919548676606,163.08
US.MU,Micron Technology,2025-09-24 10:50:00,163.1,163.6,163.65,162.8501,0.0,0.0,444369.0,72530687.193,0.30656039239730226,163.1
US.MU,Micron Technology,2025-09-24 10:55:00,163.61,163.1199,163.61,162.96,0.0,0.0,408669.0,66706589.929,-0.2934596577017073,163.6
US.MU,Micron Technology,2025-09-24 11:00:00,163.07,163.115,163.22,162.825,0.0,0.0,356599.0,58119494.565,-0.0030039253334462153,163.1199
US.MU,Micron Technology,2025-09-24 11:05:00,163.1001,163.565,163.65,162.93,0.0,0.0,382579.0,62479079.136,0.2758789810869562,163.115
US.MU,Micron Technology,2025-09-24 11:10:00,163.5855,163.33,163.69,163.26,0.0,0.0,301413.0,49278396.896,-0.1436737688380676,163.565
US.MU,Micron Technology,2025-09-24 11:15:00,163.327,163.195,163.4099,163.0901,0.0,0.0,268488.0,43822305.851,-0.0826547480560946,163.33
US.MU,Micron Technology,2025-09-24 11:20:00,163.195,162.935,163.363731,162.51,0.0,0.0,409521.0,66693617.277,-0.15931860657495078,163.195
US.MU,Micron Technology,2025-09-24 11:25:00,162.935,163.21,163.3,162.78,0.0,0.0,282541.0,46061370.55,0.1687789609353458,162.935
US.MU,Micron Technology,2025-09-24 11:30:00,163.2,163.38,163.43,162.92,0.0,0.0,289498.0,47248246.275,0.1041602842962977,163.21
US.MU,Micron Technology,2025-09-24 11:35:00,163.38,162.9717,163.41,162.86,0.0,0.0,260103.0,42432000.26,-0.2499081894968766,163.38
US.MU,Micron Technology,2025-09-24 11:40:00,162.96,162.27,163.12,162.24,0.0,0.0,410786.0,66822685.163,-0.43056555217868386,162.9717
US.MU,Micron Technology,2025-09-24 11:45:00,162.28,161.75,162.33,161.55,0.0,0.0,756274.0,122434494.768,-0.3204535650459174,162.27
US.MU,Micron Technology,2025-09-24 11:50:00,161.74,161.455,161.74,160.91,0.0,0.0,906269.0,146174894.308,-0.18238021638329985,161.75
US.MU,Micron Technology,2025-09-24 11:55:00,161.47,161.04,161.64,160.8,0.0,0.0,791439.0,127668895.9,-0.25703756464650857,161.455
US.MU,Micron Technology,2025-09-24 12:00:00,161.028,160.535,161.22,160.4,0.0,0.0,803574.0,129136022.094,-0.3135866865375034,161.04
US.MU,Micron Technology,2025-09-24 12:05:00,160.54,159.84,160.68,159.7545,0.0,0.0,1133241.0,181501027.368,-0.43292739900955757,160.535
US.MU,Micron Technology,2025-09-24 12:10:00,159.82,159.13,160.02,159.13,0.0,0.0,971950.0,155109510.155,-0.4441941941941992,159.84
US.MU,Micron Technology,2025-09-24 12:15:00,159.16,159.21,159.41,158.3,0.0,0.0,1445998.0,229664069.207,0.05027336140263465,159.13
US.MU,Micron Technology,2025-09-24 12:20:00,159.21,159.09,159.31,158.88,0.0,0.0,462685.0,73609656.714,-0.07537214999058132,159.21
US.MU,Micron Technology,2025-09-24 12:25:00,159.12,159.21,159.365,158.97,0.0,0.0,449179.0,71472112.494,0.07542900245144545,159.09
US.MU,Micron Technology,2025-09-24 12:30:00,159.21,159.9229,160.25,158.95,0.0,0.0,701630.0,112025128.737,0.44777338106902237,159.21
US.MU,Micron Technology,2025-09-24 12:35:00,159.94,159.735,160.01,159.57,0.0,0.0,265186.0,42371421.345,-0.11749411747785017,159.9229
US.MU,Micron Technology,2025-09-24 12:40:00,159.7406,159.95,160.06,159.7406,0.0,0.0,238255.0,38098871.236,0.1345979278179328,159.735
US.MU,Micron Technology,2025-09-24 12:45:00,159.96,159.815,160.02,159.44,0.0,0.0,452149.0,72202694.368,-0.08440137542981614,159.95
US.MU,Micron Technology,2025-09-24 12:50:00,159.81,159.93,160.0,159.61,0.0,0.0,191671.0,30634803.182,0.07195820167068741,159.815
US.MU,Micron Technology,2025-09-24 12:55:00,159.925,159.4582,159.9395,159.33,0.0,0.0,288124.0,45987578.562,-0.29500406427812276,159.93
US.MU,Micron Technology,2025-09-24 13:00:00,159.45,159.2707,159.83,159.25,0.0,0.0,248733.0,39680226.332,-0.11758567449024258,159.4582
US.MU,Micron Technology,2025-09-24 13:05:00,159.305,158.94,159.34,158.86,0.0,0.0,417095.0,66367525.843,-0.20763392136783934,159.2707
US.MU,Micron Technology,2025-09-24 13:10:00,158.96,159.5944,159.74,158.89,0.0,0.0,282807.0,45073842.79,0.4117276959859127,158.94
US.MU,Micron Technology,2025-09-24 13:15:00,159.6,159.46,159.97,159.4101,0.0,0.0,2287853.0,365687363.372,-0.08421348117477769,159.5944
US.MU,Micron Technology,2025-09-24 13:20:00,159.465,159.23,159.57,159.11,0.0,0.0,295253.0,47024621.227,-0.14423679919730226,159.46
US.MU,Micron Technology,2025-09-24 13:25:00,159.19,159.25,159.37,158.97,0.0,0.0,304447.0,48455258.557,0.012560447151925034,159.23
US.MU,Micron Technology,2025-09-24 13:30:00,159.25,159.7316,159.78,159.2,0.0,0.0,230873.0,36814558.623,0.30241758241757366,159.25
US.MU,Micron Technology,2025-09-24 13:35:00,159.71,160.345,160.49,159.71,0.0,0.0,332787.0,53315691.513,0.384019192194915,159.7316
US.MU,Micron Technology,2025-09-24 13:40:00,160.38,160.28,160.44,160.14,0.0,0.0,227704.0,36500375.65,-0.0405375908197934,160.345
US.MU,Micron Technology,2025-09-24 13:45:00,160.28,160.62,160.72,160.27,0.0,0.0,258574.0,41503288.064,0.2121287746443745,160.28
US.MU,Micron Technology,2025-09-24 13:50:00,160.63,159.97,160.75,159.83,0.0,0.0,426973.0,68436999.257,-0.40468185780102456,160.62
US.MU,Micron Technology,2025-09-24 13:55:00,159.97,160.0259,160.25,159.87,0.0,0.0,324239.0,51910331.234,0.034944052009757004,159.97
US.MU,Micron Technology,2025-09-24 14:00:00,160.05,160.18,160.3499,160.01,0.0,0.0,216336.0,34655913.092,0.09629691193737994,160.0259
US.MU,Micron Technology,2025-09-24 14:05:00,160.2,160.14,160.35,159.97,0.0,0.0,271336.0,43448703.631,-0.02497190660508207,160.18
US.MU,Micron Technology,2025-09-24 14:10:00,160.15,160.315,160.4,159.93,0.0,0.0,298482.0,47815548.899,0.10927938054203284,160.14
US.MU,Micron Technology,2025-09-24 14:15:00,160.328,160.6,160.65,160.2601,0.0,0.0,308475.0,49498071.949,0.17777500545800243,160.315
US.MU,Micron Technology,2025-09-24 14:20:00,160.6054,161.047,161.12,160.6054,0.0,0.0,352028.0,56654392.904,0.2783312577833143,160.6
US.MU,Micron Technology,2025-09-24 14:25:00,161.04,161.0,161.1879,160.9,0.0,0.0,259193.0,41742734.124,-0.029184027023165315,161.047
US.MU,Micron Technology,2025-09-24 14:30:00,160.995,161.28,161.33,160.84,0.0,0.0,210556.0,33913871.628,0.17391304347826156,161.0
US.MU,Micron Technology,2025-09-24 14:35:00,161.3,161.74,161.76,161.16,0.0,0.0,342312.0,55300746.768,0.2852182539682589,161.28
US.MU,Micron Technology,2025-09-24 14:40:00,161.72,162.001,162.12,161.68,0.0,0.0,333136.0,53935913.729,0.16137010016074915,161.74
US.MU,Micron Technology,2025-09-24 14:45:00,162.02,162.155,162.25,161.8657,0.0,0.0,297340.0,48187135.818,0.09506114159788913,162.001
US.MU,Micron Technology,2025-09-24 14:50:00,162.1491,161.875,162.2,161.76,0.0,0.0,283006.0,45851764.201,-0.17267429311461327,162.155
US.MU,Micron Technology,2025-09-24 14:55:00,161.88,161.715,162.0,161.4,0.0,0.0,308286.0,49838787.327,-0.09884169884169675,161.875
US.MU,Micron Technology,2025-09-24 15:00:00,161.715,161.96,162.07,161.5,0.0,0.0,391681.0,63391580.059,0.1515010976099957,161.715
US.MU,Micron Technology,2025-09-24 15:05:00,161.94,162.09,162.27,161.7901,0.0,0.0,283814.0,45996735.754,0.08026673252654695,161.96
US.MU,Micron Technology,2025-09-24 15:10:00,162.075,162.03,162.1,161.8,0.0,0.0,227847.0,36900188.253,-0.03701647233018834,162.09
US.MU,Micron Technology,2025-09-24 15:15:00,162.03,161.8,162.11,161.7114,0.0,0.0,267502.0,43319027.177,-0.14194902178608268,162.03
US.MU,Micron Technology,2025-09-24 15:20:00,161.83,161.93,162.05,161.73,0.0,0.0,311608.0,50443407.085,0.08034610630407629,161.8
US.MU,Micron Technology,2025-09-24 15:25:00,161.905,161.57,161.905,161.36,0.0,0.0,273006.0,44113630.548,-0.22231828567900552,161.93
US.MU,Micron Technology,2025-09-24 15:30:00,161.55,161.76,161.87,161.54,0.0,0.0,265923.0,43000135.128,0.11759608838274292,161.57
US.MU,Micron Technology,2025-09-24 15:35:00,161.76,162.12,162.24,161.75,0.0,0.0,367356.0,59535564.018,0.22255192878339125,161.76
US.MU,Micron Technology,2025-09-24 15:40:00,162.0753,162.1,162.2,161.9588,0.0,0.0,257775.0,41777738.581,-0.012336540833956473,162.12
US.MU,Micron Technology,2025-09-24 15:45:00,162.085,161.9959,162.22,161.98,0.0,0.0,281640.0,45652282.432,-0.06421961752004215,162.1
US.MU,Micron Technology,2025-09-24 15:50:00,162.0,162.04,162.12,161.662,0.0,0.0,429034.0,69484424.405,0.027222911197126616,161.9959
US.MU,Micron Technology,2025-09-24 15:55:00,162.03,162.04,162.33,161.75,0.0,0.0,566844.0,91858787.436,0.0,162.04
US.MU,Micron Technology,2025-09-24 16:00:00,162.0,161.71,162.0,161.085,0.0,0.0,3838803.0,620528962.85,-0.20365341890890157,162.04
US.MU,Micron Technology,2025-09-25 09:35:00,157.39,156.245,157.7,155.65,0.0,0.0,2751547.0,430696507.07,-3.37950652402449,161.71
US.MU,Micron Technology,2025-09-25 09:40:00,156.26,155.99,156.54,155.58,0.0,0.0,924086.0,144152147.976,-0.16320522256711925,156.245
US.MU,Micron Technology,2025-09-25 09:45:00,155.975,155.78,156.39,155.5,0.0,0.0,745083.0,116174303.823,-0.13462401435989996,155.99
US.MU,Micron Technology,2025-09-25 09:50:00,155.76,156.96,157.1,155.7,0.0,0.0,593535.0,92892068.699,0.7574784953139087,155.78
US.MU,Micron Technology,2025-09-25 09:55:00,156.9389,156.79,157.38,156.4,0.0,0.0,722141.0,113267123.569,-0.10830784913354735,156.96
US.MU,Micron Technology,2025-09-25 10:00:00,156.8,157.1689,157.18,156.53,0.0,0.0,350727.0,55037141.516,0.24166082020538032,156.79
US.MU,Micron Technology,2025-09-25 10:05:00,157.17,157.6045,157.76,157.16,0.0,0.0,605877.0,95389983.229,0.27715406801217907,157.1689
US.MU,Micron Technology,2025-09-25 10:10:00,157.6,157.99,158.19,157.6,0.0,0.0,776762.0,122684447.931,0.24459961485871753,157.6045
US.MU,Micron Technology,2025-09-25 10:15:00,157.92,157.78,157.92,157.4244,0.0,0.0,407167.0,64192310.001,-0.13291980505095763,157.99
US.MU,Micron Technology,2025-09-25 10:20:00,157.775,157.88,158.09,157.71,0.0,0.0,412668.0,65154899.918,0.06337938902268622,157.78
US.MU,Micron Technology,2025-09-25 10:25:00,157.88,158.35,158.4322,157.74,0.0,0.0,468425.0,74064754.888,0.29769445148213763,157.88
US.MU,Micron Technology,2025-09-25 10:30:00,158.3899,158.25,158.68,158.1,0.0,0.0,546636.0,86577554.647,-0.06315124723712934,158.35
US.MU,Micron Technology,2025-09-25 10:35:00,158.2661,158.795,158.95,158.2,0.0,0.0,425016.0,67460386.986,0.3443917851500711,158.25
US.MU,Micron Technology,2025-09-25 10:40:00,158.795,158.7,158.95,158.53,0.0,0.0,269557.0,42798011.036,-0.05982556125822531,158.795
US.MU,Micron Technology,2025-09-25 10:45:00,158.69,158.63,158.94,158.4,0.0,0.0,225503.0,35788329.133,-0.04410838059230825,158.7
US.MU,Micron Technology,2025-09-25 10:50:00,158.6,158.555,158.7,158.25,0.0,0.0,231073.0,36625034.356,-0.04727983357497865,158.63
US.MU,Micron Technology,2025-09-25 10:55:00,158.56,158.46,158.7,158.3001,0.0,0.0,223770.0,35464609.012,-0.05991611743558946,158.555
US.MU,Micron Technology,2025-09-25 11:00:00,158.48,158.0301,158.54,158.0201,0.0,0.0,206536.0,32688795.764,-0.27129875047330776,158.46
US.MU,Micron Technology,2025-09-25 11:05:00,158.04,157.532,158.055,157.48,0.0,0.0,522275.0,82371581.432,-0.3151931182730339,158.0301
US.MU,Micron Technology,2025-09-25 11:10:00,157.535,157.05,157.6334,156.87,0.0,0.0,408420.0,64194412.501,-0.3059695807835864,157.532
US.MU,Micron Technology,2025-09-25 11:15:00,157.05,157.7824,157.85,156.91,0.0,0.0,329288.0,51841564.019,0.4663482967207795,157.05
US.MU,Micron Technology,2025-09-25 11:20:00,157.75,157.285,157.98,157.25,0.0,0.0,276110.0,43537827.646,-0.31524428580120406,157.7824
US.MU,Micron Technology,2025-09-25 11:25:00,157.2602,157.2516,157.47,157.2,0.0,0.0,168182.0,26463834.777,-0.021235337126871805,157.285
US.MU,Micron Technology,2025-09-25 11:30:00,157.2,156.79,157.25,156.6,0.0,0.0,377813.0,59260457.743,-0.29354232325776286,157.2516
US.MU,Micron Technology,2025-09-25 11:35:00,156.79,157.2517,157.3299,156.6771,0.0,0.0,238448.0,37427450.479,0.2944703106065486,156.79
US.MU,Micron Technology,2025-09-25 11:40:00,157.26,157.315,157.4499,157.11,0.0,0.0,207049.0,32563784.387,0.040253936841381135,157.2517
US.MU,Micron Technology,2025-09-25 11:45:00,157.28,157.84,157.86,157.22,0.0,0.0,332730.0,52437027.182,0.33372532816324296,157.315
US.MU,Micron Technology,2025-09-25 11:50:00,157.82,157.885,158.0,157.74,0.0,0.0,226586.0,35772822.612,0.02850988342624651,157.84
US.MU,Micron Technology,2025-09-25 11:55:00,157.87,157.805,158.01,157.62,0.0,0.0,223673.0,35302790.257,-0.05066979130378699,157.885
US.MU,Micron Technology,2025-09-25 12:00:00,157.79,157.63,158.0,157.62,0.0,0.0,156797.0,24741004.436,-0.11089635943095046,157.805
US.MU,Micron Technology,2025-09-25 12:05:00,157.6,157.115,157.67,157.1,0.0,0.0,212088.0,33385039.722,-0.32671445790775006,157.63
US.MU,Micron Technology,2025-09-25 12:10:00,157.07,156.806,157.15,156.7272,0.0,0.0,207043.0,32502849.009,-0.1966712280813401,157.115
US.MU,Micron Technology,2025-09-25 12:15:00,156.82,156.445,156.84,156.4102,0.0,0.0,235834.0,36936997.482,-0.23022078236803337,156.806
US.MU,Micron Technology,2025-09-25 12:20:00,156.48,156.4675,156.7026,156.3395,0.0,0.0,296676.0,46433160.954,0.014382051200107361,156.445
US.MU,Micron Technology,2025-09-25 12:25:00,156.475,156.2001,156.51,156.06,0.0,0.0,254282.0,39736211.553,-0.17089810983112094,156.4675
US.MU,Micron Technology,2025-09-25 12:30:00,156.24,156.07,156.31,156.01,0.0,0.0,284819.0,44477697.774,-0.08329059968591492,156.2001
US.MU,Micron Technology,2025-09-25 12:35:00,156.0601,156.39,156.45,156.0601,0.0,0.0,229866.0,35927828.657,0.20503620170435904,156.07
US.MU,Micron Technology,2025-09-25 12:40:00,156.38,156.05,156.38,156.04,0.0,0.0,204714.0,31970197.175,-0.21740520493636106,156.39
US.MU,Micron Technology,2025-09-25 12:45:00,156.05,155.79,156.09,155.78,0.0,0.0,332825.0,51899942.551,-0.16661326497918572,156.05
US.MU,Micron Technology,2025-09-25 12:50:00,155.7816,155.9023,155.9799,155.76,0.0,0.0,221979.0,34600854.409,0.07208421593170597,155.79
US.MU,Micron Technology,2025-09-25 12:55:00,155.94,155.94,156.05,155.8301,0.0,0.0,208807.0,32565608.222,0.024181811301052618,155.9023
US.MU,Micron Technology,2025-09-25 13:00:00,155.9101,156.235,156.25,155.88,0.0,0.0,153837.0,24001776.149,0.18917532384251373,155.94
US.MU,Micron Technology,2025-09-25 13:05:00,156.22,156.13,156.4099,156.085,0.0,0.0,173500.0,27103910.631,-0.0672064518193863,156.235
US.MU,Micron Technology,2025-09-25 13:10:00,156.115,156.37,156.4899,156.09,0.0,0.0,102022.0,15947181.855,0.1537180554666042,156.13
US.MU,Micron Technology,2025-09-25 13:15:00,156.37,156.24,156.52,156.17,0.0,0.0,184628.0,28871196.925,-0.08313615143569447,156.37
US.MU,Micron Technology,2025-09-25 13:20:00,156.17,156.15,156.36,156.0701,0.0,0.0,149053.0,23281272.309,-0.05760368663594688,156.24
US.MU,Micron Technology,2025-09-25 13:25:00,156.16,155.465,156.16,155.3501,0.0,0.0,360230.0,56052966.511,-0.438680755683639,156.15
US.MU,Micron Technology,2025-09-25 13:30:00,155.465,155.74,155.85,155.465,0.0,0.0,173666.0,27040132.874,0.17688868877239616,155.465
US.MU,Micron Technology,2025-09-25 13:35:00,155.76,155.41,155.95,155.31,0.0,0.0,288902.0,44936560.797,-0.21189161422885097,155.74
US.MU,Micron Technology,2025-09-25 13:40:00,155.42,155.415,155.57,155.1,0.0,0.0,304676.0,47332005.691,0.0032172961842837993,155.41
US.MU,Micron Technology,2025-09-25 13:45:00,155.4,155.195,155.43,155.03,0.0,0.0,217529.0,33758201.786,-0.14155647781745576,155.415
US.MU,Micron Technology,2025-09-25 13:50:00,155.22,155.2,155.3799,155.07,0.0,0.0,191774.0,29769683.585,0.0032217532781310307,155.195
US.MU,Micron Technology,2025-09-25 13:55:00,155.19,155.58,155.58,155.1397,0.0,0.0,656039.0,101900409.539,0.24484536082475766,155.2
US.MU,Micron Technology,2025-09-25 14:00:00,155.6,155.33,155.6667,155.22,0.0,0.0,171034.0,26580005.759,-0.16068903458028022,155.58
US.MU,Micron Technology,2025-09-25 14:05:00,155.33,154.68,155.4,154.65,0.0,0.0,524887.0,81351734.233,-0.41846391553467177,155.33
US.MU,Micron Technology,2025-09-25 14:10:00,154.68,155.0161,155.13,154.67,0.0,0.0,279786.0,43355855.661,0.2172873028187145,154.68
US.MU,Micron Technology,2025-09-25 14:15:00,155.04,155.33,155.4,155.0,0.0,0.0,170802.0,26516259.93,0.2024950956707194,155.0161
US.MU,Micron Technology,2025-09-25 14:20:00,155.3,155.76,155.81,155.2801,0.0,0.0,193924.0,30162088.981,0.2768299748921511,155.33
US.MU,Micron Technology,2025-09-25 14:25:00,155.76,155.63,155.76,155.48,0.0,0.0,180095.0,28026446.278,-0.08346173600410597,155.76
US.MU,Micron Technology,2025-09-25 14:30:00,155.61,155.76,155.88,155.56,0.0,0.0,211962.0,33009795.465,0.08353145280472625,155.63
US.MU,Micron Technology,2025-09-25 14:35:00,155.73,155.72,155.95,155.6,0.0,0.0,142801.0,22245728.668,-0.025680534155105322,155.76
US.MU,Micron Technology,2025-09-25 14:40:00,155.715,155.955,156.02,155.645,0.0,0.0,179737.0,28011369.912,0.15091189314154485,155.72
US.MU,Micron Technology,2025-09-25 14:45:00,155.94,156.13,156.32,155.935,0.0,0.0,252704.0,39460275.311,0.11221185598408703,155.955
US.MU,Micron Technology,2025-09-25 14:50:00,156.12,156.1599,156.17,155.81,0.0,0.0,155915.0,24321750.383,0.019150707743545648,156.13
US.MU,Micron Technology,2025-09-25 14:55:00,156.16,156.12,156.24,156.03,0.0,0.0,169993.0,26544806.115,-0.025550733575001473,156.1599
US.MU,Micron Technology,2025-09-25 15:00:00,156.115,156.09,156.2499,156.06,0.0,0.0,166144.0,25944711.988,-0.0192159877017686,156.12
US.MU,Micron Technology,2025-09-25 15:05:00,156.09,156.1912,156.35,155.96,0.0,0.0,252559.0,39432238.538,0.06483439041578942,156.09
US.MU,Micron Technology,2025-09-25 15:10:00,156.22,156.215,156.38,156.21,0.0,0.0,186213.0,29100870.163,0.01523773426415462,156.1912
US.MU,Micron Technology,2025-09-25 15:15:00,156.23,155.98,156.24,155.88,0.0,0.0,168094.0,26230947.336,-0.1504336971481699,156.215
US.MU,Micron Technology,2025-09-25 15:20:00,155.97,156.07,156.15,155.95,0.0,0.0,152660.0,23823267.131,0.057699705090398394,155.98
US.MU,Micron Technology,2025-09-25 15:25:00,156.07,156.08,156.23,156.0,0.0,0.0,212867.0,33226738.928,0.0064073813032737405,156.07
US.MU,Micron Technology,2025-09-25 15:30:00,156.08,156.315,156.33,156.06,0.0,0.0,211496.0,33033122.432,0.15056381342900127,156.08
US.MU,Micron Technology,2025-09-25 15:35:00,156.315,156.075,156.4,156.055,0.0,0.0,236586.0,36971834.339,-0.15353612897035415,156.315
US.MU,Micron Technology,2025-09-25 15:40:00,156.06,156.18,156.195,156.0,0.0,0.0,203225.0,31723493.852,0.06727534839020868,156.075
US.MU,Micron Technology,2025-09-25 15:45:00,156.17,156.34,156.35,156.12,0.0,0.0,252878.0,39510252.742,0.10244589576129887,156.18
US.MU,Micron Technology,2025-09-25 15:50:00,156.335,156.155,156.38,156.0501,0.0,0.0,254129.0,39697907.591,-0.11833184085966629,156.34
US.MU,Micron Technology,2025-09-25 15:55:00,156.17,156.8674,156.9,156.17,0.0,0.0,611636.0,95714924.159,0.45621337773366355,156.155
US.MU,Micron Technology,2025-09-25 16:00:00,156.87,156.83,156.87,156.43,0.0,0.0,3281863.0,514497953.22,-0.023841792494801974,156.8674
US.MU,Micron Technology,2025-09-26 09:35:00,158.52,158.13,158.78,156.95,0.0,0.0,1514194.0,239086731.976,0.8289230376841057,156.83
US.MU,Micron Technology,2025-09-26 09:40:00,158.1,157.53,158.92,157.3401,0.0,0.0,1006881.0,159337981.629,-0.37943464238284597,158.13
US.MU,Micron Technology,2025-09-26 09:45:00,157.53,157.2,157.78,157.13,0.0,0.0,374255.0,58916250.326,-0.20948390782708848,157.53
US.MU,Micron Technology,2025-09-26 09:50:00,157.19,157.365,157.375,156.66,0.0,0.0,426589.0,66976810.141,0.10496183206108171,157.2
US.MU,Micron Technology,2025-09-26 09:55:00,157.38,157.5899,157.7299,156.88,0.0,0.0,323005.0,50825686.017,0.14291615035108884,157.365
US.MU,Micron Technology,2025-09-26 10:00:00,157.6,157.3,157.77,157.1,0.0,0.0,255460.0,40226683.368,-0.18395848972553996,157.5899
US.MU,Micron Technology,2025-09-26 10:05:00,157.36,157.27,157.65,157.15,0.0,0.0,206526.0,32507425.866,-0.019071837253656156,157.3
US.MU,Micron Technology,2025-09-26 10:10:00,157.33,156.24,157.36,156.07,0.0,0.0,421796.0,66040897.943,-0.6549246518725765,157.27
US.MU,Micron Technology,2025-09-26 10:15:00,156.29,156.56,156.89,156.19,0.0,0.0,509619.0,79811240.808,0.20481310803891012,156.24
US.MU,Micron Technology,2025-09-26 10:20:00,156.49,156.535,156.8,156.25,0.0,0.0,262480.0,41089784.95,-0.015968318855394535,156.56
US.MU,Micron Technology,2025-09-26 10:25:00,156.5375,156.48,156.81,156.34,0.0,0.0,178543.0,27951970.357,-0.03513591209634064,156.535
US.MU,Micron Technology,2025-09-26 10:30:00,156.4401,156.44,156.5,155.5501,0.0,0.0,360375.0,56208743.859,-0.025562372188133977,156.48
US.MU,Micron Technology,2025-09-26 10:35:00,156.44,156.505,156.81,156.41,0.0,0.0,233763.0,36610497.331,0.04154947583738029,156.44
US.MU,Micron Technology,2025-09-26 10:40:00,156.51,157.275,157.35,156.47,0.0,0.0,321470.0,50404646.186,0.4919970607967862,156.505
US.MU,Micron Technology,2025-09-26 10:45:00,157.275,157.45,157.53,157.21,0.0,0.0,219481.0,34543418.852,0.11127006835160258,157.275
US.MU,Micron Technology,2025-09-26 10:50:00,157.45,157.005,157.58,156.865,0.0,0.0,230641.0,36243233.719,-0.2826294061606816,157.45
US.MU,Micron Technology,2025-09-26 10:55:00,156.99,157.51,157.5881,156.835,0.0,0.0,182287.0,28673697.086,0.3216458074583583,157.005
US.MU,Micron Technology,2025-09-26 11:00:00,157.48,157.565,157.605,157.31,0.0,0.0,196032.0,30873125.974,0.034918417878234284,157.51
US.MU,Micron Technology,2025-09-26 11:05:00,157.57,157.97,158.03,157.41,0.0,0.0,318099.0,50177541.119,0.2570367784723772,157.565
US.MU,Micron Technology,2025-09-26 11:10:00,157.97,157.67,158.3399,157.55,0.0,0.0,514928.0,81359617.852,-0.1899094764828837,157.97
US.MU,Micron Technology,2025-09-26 11:15:00,157.64,157.085,157.69,157.05,0.0,0.0,178162.0,28029769.804,-0.37102809665756303,157.67
US.MU,Micron Technology,2025-09-26 11:20:00,157.1,157.66,157.76,156.96,0.0,0.0,175856.0,27666075.62,0.36604386160358315,157.085
US.MU,Micron Technology,2025-09-26 11:25:00,157.685,157.73,157.76,157.4075,0.0,0.0,158749.0,25013498.953,0.04439934035265329,157.66
US.MU,Micron Technology,2025-09-26 11:30:00,157.73,157.94,158.03,157.705,0.0,0.0,161440.0,25491415.725,0.1331389082609573,157.73
US.MU,Micron Technology,2025-09-26 11:35:00,157.97,157.7317,158.0,157.61,0.0,0.0,121729.0,19208930.205,-0.13188552614917587,157.94
US.MU,Micron Technology,2025-09-26 11:40:00,157.73,157.4,157.855,157.37,0.0,0.0,103778.0,16358589.741,-0.21029380904408163,157.7317
US.MU,Micron Technology,2025-09-26 11:45:00,157.44,157.48,157.69,157.36,0.0,0.0,88228.0,13896064.509,0.05082592121981199,157.4
US.MU,Micron Technology,2025-09-26 11:50:00,157.48,157.61,157.6302,157.42,0.0,0.0,241866.0,38089461.043,0.08255016510034537,157.48
US.MU,Micron Technology,2025-09-26 11:55:00,157.615,157.73,157.7524,157.4701,0.0,0.0,103747.0,16350837.369,0.07613730093266678,157.61
US.MU,Micron Technology,2025-09-26 12:00:00,157.73,157.675,158.0041,157.64,0.0,0.0,136786.0,21585577.137,-0.03486971406833095,157.73
US.MU,Micron Technology,2025-09-26 12:05:00,157.69,157.91,157.91,157.5,0.0,0.0,93908.0,14806097.426,0.14904074837481227,157.675
US.MU,Micron Technology,2025-09-26 12:10:00,157.92,157.69,157.94,157.6,0.0,0.0,100465.0,15846673.795,-0.13931986574631047,157.91
US.MU,Micron Technology,2025-09-26 12:15:00,157.66,157.84,157.88,157.59,0.0,0.0,51828.0,8174543.239,0.09512334326844168,157.69
US.MU,Micron Technology,2025-09-26 12:20:00,157.84,157.95,158.01,157.72,0.0,0.0,86028.0,13581635.384,0.06969082615305704,157.84
US.MU,Micron Technology,2025-09-26 12:25:00,157.94,157.945,158.05,157.76,0.0,0.0,163225.0,25783525.266,-0.0031655587211113978,157.95
US.MU,Micron Technology,2025-09-26 12:30:00,157.97,157.92,158.05,157.84,0.0,0.0,139120.0,21977855.954,-0.01582829465953698,157.945
US.MU,Micron Technology,2025-09-26 12:35:00,157.92,158.0051,158.14,157.9,0.0,0.0,136058.0,21499815.111,0.053888044579541085,157.92
US.MU,Micron Technology,2025-09-26 12:40:00,158.0,157.945,158.03,157.85,0.0,0.0,70995.0,11212706.449,-0.03803674691513476,158.0051
US.MU,Micron Technology,2025-09-26 12:45:00,157.935,157.97,158.11,157.8894,0.0,0.0,86678.0,13695356.918,0.01582829465953698,157.945
US.MU,Micron Technology,2025-09-26 12:50:00,157.98,157.9913,158.0724,157.9,0.0,0.0,87239.0,13783947.448,0.013483572830282044,157.97
US.MU,Micron Technology,2025-09-26 12:55:00,158.01,157.93,158.06,157.81,0.0,0.0,81109.0,12812411.849,-0.0387996047883577,157.9913
US.MU,Micron Technology,2025-09-26 13:00:00,157.95,158.07,158.08,157.9,0.0,0.0,85647.0,13531310.365,0.08864686886594463,157.93
US.MU,Micron Technology,2025-09-26 13:05:00,158.055,157.88,158.07,157.83,0.0,0.0,78688.0,12428806.364,-0.12019991143164277,158.07
US.MU,Micron Technology,2025-09-26 13:10:00,157.87,157.9,157.93,157.73,0.0,0.0,85782.0,13539424.502,0.01266784899924641,157.88
US.MU,Micron Technology,2025-09-26 13:15:00,157.92,157.99,158.063,157.91,0.0,0.0,79858.0,12616213.839,0.056998100063333376,157.9
US.MU,Micron Technology,2025-09-26 13:20:00,157.99,157.88,157.99,157.83,0.0,0.0,60990.0,9631976.579,-0.06962465978860284,157.99
US.MU,Micron Technology,2025-09-26 13:25:00,157.8741,157.69,157.8741,157.57,0.0,0.0,92113.0,14524785.963,-0.12034456549277789,157.88
US.MU,Micron Technology,2025-09-26 13:30:00,157.7,157.615,157.74,157.56,0.0,0.0,74362.0,11723276.663,-0.04756167163421183,157.69
US.MU,Micron Technology,2025-09-26 13:35:00,157.61,157.755,157.8298,157.5,0.0,0.0,86435.0,13625764.902,0.08882403324555807,157.615
US.MU,Micron Technology,2025-09-26 13:40:00,157.755,157.4801,157.795,157.48,0.0,0.0,94596.0,14910726.688,-0.17425755126620543,157.755
US.MU,Micron Technology,2025-09-26 13:45:00,157.54,157.385,157.54,156.0,0.0,0.0,167454.0,26347466.662,-0.06038858243041641,157.4801
US.MU,Micron Technology,2025-09-26 13:50:00,157.385,157.425,157.46,157.2728,0.0,0.0,61890.0,9739906.691,0.025415382660368184,157.385
US.MU,Micron Technology,2025-09-26 13:55:00,157.425,157.25,157.44,157.22,0.0,0.0,66952.0,10535210.846,-0.11116404637129512,157.425
US.MU,Micron Technology,2025-09-26 14:00:00,157.265,157.4,157.4398,157.17,0.0,0.0,69828.0,10985328.413,0.09538950715421665,157.25
US.MU,Micron Technology,2025-09-26 14:05:00,157.4,157.3603,157.665,157.36,0.0,0.0,95020.0,14966705.143,-0.025222363405343392,157.4
US.MU,Micron Technology,2025-09-26 14:10:00,157.36,156.96,157.38,156.93,0.0,0.0,136613.0,21454116.353,-0.2543843650526767,157.3603
US.MU,Micron Technology,2025-09-26 14:15:00,156.96,156.925,157.05,156.91,0.0,0.0,95289.0,14958515.175,-0.022298674821608428,156.96
US.MU,Micron Technology,2025-09-26 14:20:00,156.95,156.88,157.03,156.88,0.0,0.0,86128.0,13518422.927,-0.028676119165216448,156.925
US.MU,Micron Technology,2025-09-26 14:25:00,156.89,156.94,156.98,156.84,0.0,0.0,112138.0,17595900.847,0.03824579296277555,156.88
US.MU,Micron Technology,2025-09-26 14:30:00,156.94,157.02,157.05,156.89,0.0,0.0,130613.0,20504915.978,0.05097489486428731,156.94
US.MU,Micron Technology,2025-09-26 14:35:00,157.02,156.97,157.085,156.9,0.0,0.0,129396.0,20314611.688,-0.03184307731499896,157.02
US.MU,Micron Technology,2025-09-26 14:40:00,156.9732,156.4697,156.9732,156.22,0.0,0.0,325713.0,50999239.114,-0.31872332292795436,156.97
US.MU,Micron Technology,2025-09-26 14:45:00,156.46,156.745,156.8801,156.44,0.0,0.0,304179.0,47637043.694,0.17594460780586635,156.4697
US.MU,Micron Technology,2025-09-26 14:50:00,156.77,156.8287,156.97,156.6,0.0,0.0,100431.0,15745287.859,0.05339883249863996,156.745
