code,name,time_key,open,close,high,low,pe_ratio,turnover_rate,volume,turnover,change_rate,last_close
US.MSFT,Microsoft,2025-09-10 09:35:00,502.98,500.05,503.2299,499.955,0.0,0.0,1338217.0,671758466.855,0.3290463674484834,498.41
US.MSFT,Microsoft,2025-09-10 09:40:00,500.045,498.42,500.54,497.5651,0.0,0.0,704963.0,351902875.543,-0.3259674032596731,500.05
US.MSFT,Microsoft,2025-09-10 09:45:00,498.38,498.27,499.17,496.72,0.0,0.0,633534.0,315686930.178,-0.030095100517642574,498.42
US.MSFT,Microsoft,2025-09-10 09:50:00,498.295,498.1256,498.5,497.01,0.0,0.0,364133.0,181244358.984,-0.028980271740213517,498.27
US.MSFT,Microsoft,2025-09-10 09:55:00,498.12,498.85,499.461,497.7,0.0,0.0,510464.0,254528284.549,0.14542516987683485,498.1256
US.MSFT,Microsoft,2025-09-10 10:00:00,498.8612,500.58,500.6599,498.6,0.0,0.0,479009.0,239409592.87,0.34679763455947904,498.85
US.MSFT,Microsoft,2025-09-10 10:05:00,500.52,501.275,501.635,500.43,0.0,0.0,423461.0,212194791.035,0.1388389468216855,500.58
US.MSFT,Microsoft,2025-09-10 10:10:00,501.275,500.46,501.8128,500.46,0.0,0.0,399137.0,200113258.343,-0.16258540721160994,501.275
US.MSFT,Microsoft,2025-09-10 10:15:00,500.55,501.573,502.08,500.35,0.0,0.0,246190.0,123456422.199,0.22239539623546328,500.46
US.MSFT,Microsoft,2025-09-10 10:20:00,501.56,501.64,502.61,500.99,0.0,0.0,433174.0,217396681.697,0.013357975808109143,501.573
US.MSFT,Microsoft,2025-09-10 10:25:00,501.57,502.12,502.35,501.29,0.0,0.0,436555.0,219084660.897,0.09568614942987365,501.64
US.MSFT,Microsoft,2025-09-10 10:30:00,502.16,501.49,502.44,501.4735,0.0,0.0,279080.0,140121929.52,-0.12546801561379659,502.12
US.MSFT,Microsoft,2025-09-10 10:35:00,501.47,501.87,502.065,501.44,0.0,0.0,207314.0,104035484.467,0.07577419290514177,501.49
US.MSFT,Microsoft,2025-09-10 10:40:00,501.87,501.74,502.15,501.48,0.0,0.0,178901.0,89768219.694,-0.025903122322512892,501.87
US.MSFT,Microsoft,2025-09-10 10:45:00,501.6801,502.69,502.8,500.98,0.0,0.0,328803.0,165098928.776,0.18934109299637036,501.74
US.MSFT,Microsoft,2025-09-10 10:50:00,502.69,502.645,502.75,501.235,0.0,0.0,368586.0,185114464.115,-0.008951839105614975,502.69
US.MSFT,Microsoft,2025-09-10 10:55:00,502.615,501.42,502.94,501.325,0.0,0.0,230486.0,115737712.779,-0.24371077002655275,502.645
US.MSFT,Microsoft,2025-09-10 11:00:00,501.42,499.805,501.4333,499.66,0.0,0.0,287565.0,143985344.298,-0.3220852778110185,501.42
US.MSFT,Microsoft,2025-09-10 11:05:00,499.785,498.995,499.81,498.72,0.0,0.0,359901.0,179643943.433,-0.16206320464981389,499.805
US.MSFT,Microsoft,2025-09-10 11:10:00,499.12,498.99,499.96,498.51,0.0,0.0,334472.0,166976104.66,-0.001002014048236045,498.995
US.MSFT,Microsoft,2025-09-10 11:15:00,498.93,499.69,499.75,498.5,0.0,0.0,217363.0,108499498.421,0.1402833724122705,498.99
US.MSFT,Microsoft,2025-09-10 11:20:00,499.66,499.6699,500.0,499.4845,0.0,0.0,137341.0,68624377.846,-0.004022493946249385,499.69
US.MSFT,Microsoft,2025-09-10 11:25:00,499.73,499.9,499.9,499.2,0.0,0.0,177518.0,88682216.214,0.046050402475713084,499.6699
US.MSFT,Microsoft,2025-09-10 11:30:00,499.872,500.705,500.875,499.68,0.0,0.0,209738.0,104923644.939,0.16103220644128963,499.9
US.MSFT,Microsoft,2025-09-10 11:35:00,500.705,500.45,500.785,499.98,0.0,0.0,149774.0,74948991.722,-0.05092819125033612,500.705
US.MSFT,Microsoft,2025-09-10 11:40:00,500.435,500.3,500.74,500.14,0.0,0.0,151509.0,75822745.369,-0.029973024278145126,500.45
US.MSFT,Microsoft,2025-09-10 11:45:00,500.22,501.115,501.25,500.15,0.0,0.0,217486.0,108896629.424,0.16290225864481264,500.3
US.MSFT,Microsoft,2025-09-10 11:50:00,501.0801,501.455,501.455,500.39,0.0,0.0,159050.0,79664919.462,0.06784869740478233,501.115
US.MSFT,Microsoft,2025-09-10 11:55:00,501.41,501.275,501.5466,500.96,0.0,0.0,165617.0,83024649.966,-0.03589554396705723,501.455
US.MSFT,Microsoft,2025-09-10 12:00:00,501.27,500.82,501.27,500.8101,0.0,0.0,89505.0,44843412.666,-0.09076854022242963,501.275
US.MSFT,Microsoft,2025-09-10 12:05:00,500.8,500.3834,500.83,500.3401,0.0,0.0,96268.0,48187335.798,-0.08717702967133871,500.82
US.MSFT,Microsoft,2025-09-10 12:10:00,500.41,500.6,500.69,500.05,0.0,0.0,94546.0,47313083.495,0.04328680767587975,500.3834
US.MSFT,Microsoft,2025-09-10 12:15:00,500.61,499.78,500.61,499.7,0.0,0.0,209242.0,104631397.912,-0.16380343587695767,500.6
US.MSFT,Microsoft,2025-09-10 12:20:00,499.64,499.61,500.08,499.5001,0.0,0.0,114134.0,57037365.806,-0.034014966585289345,499.78
US.MSFT,Microsoft,2025-09-10 12:25:00,499.61,499.46,499.74,499.1001,0.0,0.0,136018.0,67933921.812,-0.0300234182662545,499.61
US.MSFT,Microsoft,2025-09-10 12:30:00,499.44,499.245,499.78,499.235,0.0,0.0,94470.0,47185397.955,-0.043046490209421175,499.46
US.MSFT,Microsoft,2025-09-10 12:35:00,499.24,499.615,499.615,499.0,0.0,0.0,129481.0,64637776.313,0.07411190898256458,499.245
US.MSFT,Microsoft,2025-09-10 12:40:00,499.59,499.305,499.78,499.12,0.0,0.0,135823.0,67826150.404,-0.06204777678812731,499.615
US.MSFT,Microsoft,2025-09-10 12:45:00,499.305,499.64,499.74,499.1,0.0,0.0,78475.0,39197415.084,0.06709325963088283,499.305
US.MSFT,Microsoft,2025-09-10 12:50:00,499.6,499.19,499.79,499.17,0.0,0.0,77365.0,38640360.297,-0.09006484668961424,499.64
US.MSFT,Microsoft,2025-09-10 12:55:00,499.1822,499.31,499.39,498.84,0.0,0.0,88216.0,44027157.638,0.02403894308780315,499.19
US.MSFT,Microsoft,2025-09-10 13:00:00,499.335,499.5,499.615,499.31,0.0,0.0,77188.0,38550050.7,0.038052512467204286,499.31
US.MSFT,Microsoft,2025-09-10 13:05:00,499.5157,500.16,500.3199,499.51,0.0,0.0,154436.0,77212402.442,0.13213213213213712,499.5
US.MSFT,Microsoft,2025-09-10 13:10:00,500.155,501.0,501.0499,500.1,0.0,0.0,128045.0,64084817.877,0.16794625719769174,500.16
US.MSFT,Microsoft,2025-09-10 13:15:00,501.015,500.84,501.4,500.73,0.0,0.0,128150.0,64212864.323,-0.03193612774451597,501.0
US.MSFT,Microsoft,2025-09-10 13:20:00,500.775,500.62,500.83,500.5292,0.0,0.0,79602.0,39856137.393,-0.04392620397731221,500.84
US.MSFT,Microsoft,2025-09-10 13:25:00,500.69,500.09,500.7748,500.09,0.0,0.0,96331.0,48206221.629,-0.10586872278375405,500.62
US.MSFT,Microsoft,2025-09-10 13:30:00,500.135,499.715,500.2699,499.5001,0.0,0.0,95250.0,47603819.133,-0.07498650242956269,500.09
US.MSFT,Microsoft,2025-09-10 13:35:00,499.715,499.98,500.0,499.57,0.0,0.0,77656.0,38809208.97,0.05303022722952948,499.715
US.MSFT,Microsoft,2025-09-10 13:40:00,499.985,500.28,500.54,499.9603,0.0,0.0,93008.0,46528081.981,0.06000240009599474,499.98
US.MSFT,Microsoft,2025-09-10 13:45:00,500.26,500.2,500.47,500.15,0.0,0.0,76695.0,38369346.306,-0.015991045014788537,500.28
US.MSFT,Microsoft,2025-09-10 13:50:00,500.16,500.65,500.82,500.0916,0.0,0.0,84572.0,42321725.196,0.08996401439424004,500.2
US.MSFT,Microsoft,2025-09-10 13:55:00,500.68,500.51,500.89,500.41,0.0,0.0,104517.0,52330588.515,-0.027963647258561142,500.65
US.MSFT,Microsoft,2025-09-10 14:00:00,500.525,500.72,500.765,500.34,0.0,0.0,69592.0,34831404.046,0.04195720365228195,500.51
US.MSFT,Microsoft,2025-09-10 14:05:00,500.74,500.7362,500.86,500.63,0.0,0.0,79359.0,39740228.296,0.003235341108797202,500.72
US.MSFT,Microsoft,2025-09-10 14:10:00,500.706,500.11,500.735,499.97,0.0,0.0,115362.0,57723579.791,-0.12505586774033572,500.7362
US.MSFT,Microsoft,2025-09-10 14:15:00,500.19,500.59,500.7948,500.1,0.0,0.0,127852.0,63990476.608,0.09597888464537029,500.11
US.MSFT,Microsoft,2025-09-10 14:20:00,500.63,500.42,500.76,500.32,0.0,0.0,102121.0,51118606.65,-0.033959927285794576,500.59
US.MSFT,Microsoft,2025-09-10 14:25:00,500.42,501.21,501.21,500.36,0.0,0.0,146416.0,73336602.162,0.15786739139122408,500.42
US.MSFT,Microsoft,2025-09-10 14:30:00,501.3,501.1,501.33,500.625,0.0,0.0,171281.0,85790613.138,-0.021946888529749367,501.21
US.MSFT,Microsoft,2025-09-10 14:35:00,501.1,501.235,501.235,500.7474,0.0,0.0,84312.0,42239712.795,0.02694073039313329,501.1
US.MSFT,Microsoft,2025-09-10 14:40:00,501.24,501.01,501.2899,500.675,0.0,0.0,98322.0,49261134.727,-0.04488912386406032,501.235
US.MSFT,Microsoft,2025-09-10 14:45:00,501.02,500.97,501.24,500.92,0.0,0.0,67416.0,33780469.978,-0.007983872577386404,501.01
US.MSFT,Microsoft,2025-09-10 14:50:00,500.97,500.73,501.02,500.5001,0.0,0.0,70076.0,35092439.017,-0.04790706030301397,500.97
US.MSFT,Microsoft,2025-09-10 14:55:00,500.68,500.675,500.7699,500.475,0.0,0.0,75698.0,37896081.893,-0.010983963413417773,500.73
US.MSFT,Microsoft,2025-09-10 15:00:00,500.63,501.6399,501.64,500.63,0.0,0.0,128295.0,64306466.412,0.19271982823188696,500.675
US.MSFT,Microsoft,2025-09-10 15:05:00,501.6,501.11,501.8825,501.1084,0.0,0.0,125508.0,62946588.565,-0.10563354310532272,501.6399
US.MSFT,Microsoft,2025-09-10 15:10:00,501.13,500.6247,501.19,500.5136,0.0,0.0,103336.0,51760250.063,-0.09684500409091719,501.11
US.MSFT,Microsoft,2025-09-10 15:15:00,500.62,499.6895,500.62,499.51,0.0,0.0,159640.0,79834066.728,-0.1868066038291776,500.6247
US.MSFT,Microsoft,2025-09-10 15:20:00,499.77,499.96,500.005,499.4827,0.0,0.0,187317.0,93603139.502,0.054133616976136174,499.6895
US.MSFT,Microsoft,2025-09-10 15:25:00,499.97,499.34,500.0099,499.07,0.0,0.0,109444.0,54651350.887,-0.12400992079366442,499.96
US.MSFT,Microsoft,2025-09-10 15:30:00,499.34,499.3875,499.47,499.11,0.0,0.0,185667.0,92705736.991,0.009512556574681308,499.34
US.MSFT,Microsoft,2025-09-10 15:35:00,499.41,499.745,500.022,499.355,0.0,0.0,242590.0,121243480.241,0.07158769492628789,499.3875
US.MSFT,Microsoft,2025-09-10 15:40:00,499.78,499.4675,500.095,499.37,0.0,0.0,192712.0,96317703.825,-0.055528319442922254,499.745
US.MSFT,Microsoft,2025-09-10 15:45:00,499.475,500.38,500.39,499.3,0.0,0.0,283201.0,141550962.852,0.1826945697167529,499.4675
US.MSFT,Microsoft,2025-09-10 15:50:00,500.385,500.23,500.54,500.13,0.0,0.0,264457.0,132299240.924,-0.02997721731483618,500.38
US.MSFT,Microsoft,2025-09-10 15:55:00,500.28,500.16,500.58,500.1,0.0,0.0,379021.0,189634759.704,-0.013993562961036557,500.23
US.MSFT,Microsoft,2025-09-10 16:00:00,500.19,500.37,500.48,500.075,0.0,0.0,3298334.0,1650320068.549,0.04198656429942009,500.16
US.MSFT,Microsoft,2025-09-11 09:35:00,502.25,500.77,502.8,500.37,0.0,0.0,638846.0,320489137.778,0.07994084377560151,500.37
US.MSFT,Microsoft,2025-09-11 09:40:00,500.835,499.28,501.2,499.06,0.0,0.0,316437.0,158216857.473,-0.29754178565010064,500.77
US.MSFT,Microsoft,2025-09-11 09:45:00,499.28,498.625,499.67,497.88,0.0,0.0,374633.0,186803891.944,-0.13118891203332253,499.28
US.MSFT,Microsoft,2025-09-11 09:50:00,498.6,499.405,499.6,498.55,0.0,0.0,324236.0,161845326.987,0.15643018300325348,498.625
US.MSFT,Microsoft,2025-09-11 09:55:00,499.31,499.63,500.0708,499.0,0.0,0.0,227418.0,113615811.548,0.04505361380042706,499.405
US.MSFT,Microsoft,2025-09-11 10:00:00,499.71,500.295,500.47,499.38,0.0,0.0,235181.0,117585208.113,0.1330984928847388,499.63
US.MSFT,Microsoft,2025-09-11 10:05:00,500.25,500.86,500.895,499.83,0.0,0.0,283171.0,141687427.569,0.1129333693121054,500.295
US.MSFT,Microsoft,2025-09-11 10:10:00,500.87,501.04,501.285,500.17,0.0,0.0,202540.0,101432857.521,0.035938186319531766,500.86
US.MSFT,Microsoft,2025-09-11 10:15:00,501.04,501.4952,501.69,500.66,0.0,0.0,221824.0,111164462.561,0.09085102985789373,501.04
US.MSFT,Microsoft,2025-09-11 10:20:00,501.5057,501.07,501.5057,500.88,0.0,0.0,218792.0,109652408.616,-0.08478645458620901,501.4952
US.MSFT,Microsoft,2025-09-11 10:25:00,500.97,501.91,501.91,500.935,0.0,0.0,158000.0,79241544.981,0.16764124772986447,501.07
US.MSFT,Microsoft,2025-09-11 10:30:00,501.93,502.24,502.44,501.665,0.0,0.0,208453.0,104654954.436,0.06574883943336138,501.91
US.MSFT,Microsoft,2025-09-11 10:35:00,502.22,503.02,503.15,501.8875,0.0,0.0,207017.0,104042148.277,0.1553042370181532,502.24
US.MSFT,Microsoft,2025-09-11 10:40:00,503.09,502.88,503.115,502.42,0.0,0.0,158164.0,79515915.09,-0.027831895352070764,503.02
US.MSFT,Microsoft,2025-09-11 10:45:00,502.9338,502.79,503.17,502.5861,0.0,0.0,169260.0,85125572.202,-0.017896913776641543,502.88
US.MSFT,Microsoft,2025-09-11 10:50:00,502.8889,501.6701,502.9,501.67,0.0,0.0,144663.0,72653154.121,-0.2227371268322818,502.79
US.MSFT,Microsoft,2025-09-11 10:55:00,501.8,500.65,501.935,500.56,0.0,0.0,157010.0,78711618.589,-0.2033408010563144,501.6701
US.MSFT,Microsoft,2025-09-11 11:00:00,500.67,500.86,500.94,500.22,0.0,0.0,158380.0,79274976.841,0.04194547088785307,500.65
US.MSFT,Microsoft,2025-09-11 11:05:00,500.855,501.13,501.58,500.81,0.0,0.0,117440.0,58852734.186,0.05390727947929198,500.86
US.MSFT,Microsoft,2025-09-11 11:10:00,501.14,501.63,501.92,501.09,0.0,0.0,114521.0,57429048.042,0.09977450960828528,501.13
US.MSFT,Microsoft,2025-09-11 11:15:00,501.68,501.84,501.97,501.6301,0.0,0.0,92357.0,46344018.836,0.04186352490879324,501.63
US.MSFT,Microsoft,2025-09-11 11:20:00,501.8327,502.58,502.625,501.79,0.0,0.0,106626.0,53550118.876,0.14745735692651224,501.84
US.MSFT,Microsoft,2025-09-11 11:25:00,502.58,502.32,502.67,502.165,0.0,0.0,131056.0,65841340.691,-0.05173305742369193,502.58
US.MSFT,Microsoft,2025-09-11 11:30:00,502.25,502.79,502.82,502.1394,0.0,0.0,125316.0,62969045.274,0.09356585443542509,502.32
US.MSFT,Microsoft,2025-09-11 11:35:00,502.68,502.715,502.98,502.68,0.0,0.0,103676.0,52130170.197,-0.0149167644543538,502.79
US.MSFT,Microsoft,2025-09-11 11:40:00,502.715,502.15,502.9,502.12,0.0,0.0,119049.0,59817799.476,-0.11238972379976682,502.715
US.MSFT,Microsoft,2025-09-11 11:45:00,502.16,501.97,502.5465,501.9118,0.0,0.0,78872.0,39613723.153,-0.03584586278999303,502.15
US.MSFT,Microsoft,2025-09-11 11:50:00,501.96,501.04,501.96,500.86,0.0,0.0,108497.0,54386063.576,-0.1852700360579331,501.97
US.MSFT,Microsoft,2025-09-11 11:55:00,501.07,501.86,501.9199,500.92,0.0,0.0,96686.0,48483374.485,0.1636595880568404,501.04
US.MSFT,Microsoft,2025-09-11 12:00:00,501.8699,502.005,502.13,501.7601,0.0,0.0,63889.0,32068147.128,0.02889251982624274,501.86
US.MSFT,Microsoft,2025-09-11 12:05:00,501.96,502.765,502.8,501.782,0.0,0.0,90785.0,45609326.341,0.15139291441320124,502.005
US.MSFT,Microsoft,2025-09-11 12:10:00,502.78,502.89,502.96,502.68,0.0,0.0,77810.0,39121319.66,0.024862510317941785,502.765
US.MSFT,Microsoft,2025-09-11 12:15:00,502.888,502.455,502.895,502.39,0.0,0.0,87288.0,43872783.938,-0.08650002982759694,502.89
US.MSFT,Microsoft,2025-09-11 12:20:00,502.49,502.795,502.81,502.41,0.0,0.0,90975.0,45726226.354,0.06766775134092244,502.455
US.MSFT,Microsoft,2025-09-11 12:25:00,502.76,502.47,503.13,502.43,0.0,0.0,166046.0,83504358.902,-0.06463866983561663,502.795
US.MSFT,Microsoft,2025-09-11 12:30:00,502.49,502.28,502.64,501.9,0.0,0.0,89929.0,45173275.31,-0.037813202778286176,502.47
US.MSFT,Microsoft,2025-09-11 12:35:00,502.35,502.36,502.5899,502.09,0.0,0.0,82638.0,41516003.915,0.01592737118739367,502.28
US.MSFT,Microsoft,2025-09-11 12:40:00,502.4,502.32,502.48,502.0,0.0,0.0,97846.0,49140926.118,-0.007962417389923654,502.36
US.MSFT,Microsoft,2025-09-11 12:45:00,502.26,502.535,502.555,502.19,0.0,0.0,76729.0,38544410.097,0.04280140149706001,502.32
US.MSFT,Microsoft,2025-09-11 12:50:00,502.57,502.23,502.7199,502.16,0.0,0.0,85790.0,43103729.719,-0.060692290089248875,502.535
US.MSFT,Microsoft,2025-09-11 12:55:00,502.23,501.26,502.23,500.83,0.0,0.0,171018.0,85739404.165,-0.19313860183581769,502.23
US.MSFT,Microsoft,2025-09-11 13:00:00,501.26,501.105,501.5,500.95,0.0,0.0,107198.0,53735502.424,-0.03092207636754832,501.26
US.MSFT,Microsoft,2025-09-11 13:05:00,501.12,500.72,501.38,500.6,0.0,0.0,182234.0,91292943.479,-0.07683020524640363,501.105
US.MSFT,Microsoft,2025-09-11 13:10:00,500.75,501.0,501.0299,500.25,0.0,0.0,142266.0,71223905.762,0.055919475954619886,500.72
US.MSFT,Microsoft,2025-09-11 13:15:00,500.999,500.92,501.37,500.87,0.0,0.0,172277.0,86315568.838,-0.015968063872252313,501.0
US.MSFT,Microsoft,2025-09-11 13:20:00,500.98,500.82,501.18,500.63,0.0,0.0,92370.0,46273075.447,-0.01996326758764328,500.92
US.MSFT,Microsoft,2025-09-11 13:25:00,500.82,500.52,501.05,500.51,0.0,0.0,85320.0,42730961.885,-0.05990176111177896,500.82
US.MSFT,Microsoft,2025-09-11 13:30:00,500.54,500.15,500.7496,500.1,0.0,0.0,125856.0,62982979.603,-0.07392311995524745,500.52
US.MSFT,Microsoft,2025-09-11 13:35:00,500.145,500.62,500.8192,500.14,0.0,0.0,108155.0,54130056.716,0.09397180845746822,500.15
US.MSFT,Microsoft,2025-09-11 13:40:00,500.66,500.28,500.69,500.14,0.0,0.0,73383.0,36721638.145,-0.0679157844273165,500.62
US.MSFT,Microsoft,2025-09-11 13:45:00,500.29,500.32,500.4,500.2,0.0,0.0,87309.0,43685014.965,0.00799552250739995,500.28
US.MSFT,Microsoft,2025-09-11 13:50:00,500.31,499.91,500.39,499.81,0.0,0.0,179336.0,89679221.16,-0.08194755356571158,500.32
US.MSFT,Microsoft,2025-09-11 13:55:00,499.97,500.06,500.24,499.83,0.0,0.0,97207.0,48604603.166,0.03000540097217044,499.91
US.MSFT,Microsoft,2025-09-11 14:00:00,500.043,500.03,500.31,499.84,0.0,0.0,104382.0,52195036.005,-0.005999280086395544,500.06
US.MSFT,Microsoft,2025-09-11 14:05:00,500.06,500.05,500.12,499.89,0.0,0.0,103691.0,51847701.589,0.003999760014406867,500.03
US.MSFT,Microsoft,2025-09-11 14:10:00,500.05,500.245,500.3,499.74,0.0,0.0,142560.0,71276703.641,0.03899610038995964,500.05
US.MSFT,Microsoft,2025-09-11 14:15:00,500.245,500.065,500.7175,499.945,0.0,0.0,171071.0,85582821.798,-0.03598236863936807,500.245
US.MSFT,Microsoft,2025-09-11 14:20:00,500.0722,499.76,500.1055,499.74,0.0,0.0,96302.0,48143417.009,-0.06099207103076737,500.065
US.MSFT,Microsoft,2025-09-11 14:25:00,499.82,499.97,500.05,499.67,0.0,0.0,105984.0,52981168.237,0.042020169681454375,499.76
US.MSFT,Microsoft,2025-09-11 14:30:00,499.965,499.98,500.2,499.89,0.0,0.0,134978.0,67493081.99,0.002000120007198613,499.97
US.MSFT,Microsoft,2025-09-11 14:35:00,500.0,500.14,500.74,499.95,0.0,0.0,177473.0,88787039.862,0.03200128005119568,499.98
US.MSFT,Microsoft,2025-09-11 14:40:00,500.07,500.32,500.67,500.05,0.0,0.0,173743.0,86928576.942,0.035989922821611314,500.14
US.MSFT,Microsoft,2025-09-11 14:45:00,500.3563,500.26,500.5599,500.08,0.0,0.0,90534.0,45296972.929,-0.011992324912056738,500.32
US.MSFT,Microsoft,2025-09-11 14:50:00,500.255,500.445,500.57,500.25,0.0,0.0,109307.0,54700311.328,0.03698076999960066,500.26
US.MSFT,Microsoft,2025-09-11 14:55:00,500.49,500.87,501.2,500.4891,0.0,0.0,211489.0,105945564.569,0.08492441726863319,500.445
US.MSFT,Microsoft,2025-09-11 15:00:00,500.855,500.71,500.9701,500.52,0.0,0.0,118977.0,59578118.099,-0.031944416714921035,500.87
US.MSFT,Microsoft,2025-09-11 15:05:00,500.72,500.8,500.89,500.46,0.0,0.0,116274.0,58218917.871,0.017974476243740257,500.71
US.MSFT,Microsoft,2025-09-11 15:10:00,500.78,500.7,500.845,500.6086,0.0,0.0,92206.0,46168823.97,-0.019968051118215403,500.8
US.MSFT,Microsoft,2025-09-11 15:15:00,500.67,500.53,500.6895,500.415,0.0,0.0,141953.0,71052745.879,-0.03395246654683761,500.7
US.MSFT,Microsoft,2025-09-11 15:20:00,500.535,500.55,500.66,500.4,0.0,0.0,140083.0,70112604.891,0.003995764489648703,500.53
US.MSFT,Microsoft,2025-09-11 15:25:00,500.6,500.68,500.6999,500.45,0.0,0.0,107684.0,53904235.196,0.025971431425431114,500.55
US.MSFT,Microsoft,2025-09-11 15:30:00,500.6575,500.8,500.83,500.6,0.0,0.0,132120.0,66154316.158,0.023967404330111956,500.68
US.MSFT,Microsoft,2025-09-11 15:35:00,500.8,500.75,500.96,500.4595,0.0,0.0,178813.0,89544926.612,-0.009984025559107702,500.8
US.MSFT,Microsoft,2025-09-11 15:40:00,500.755,500.73,500.8,500.52,0.0,0.0,144413.0,72310920.392,-0.0039940089865165875,500.75
US.MSFT,Microsoft,2025-09-11 15:45:00,500.73,500.53,500.79,500.3988,0.0,0.0,126626.0,63392443.335,-0.03994168513970513,500.73
US.MSFT,Microsoft,2025-09-11 15:50:00,500.53,500.62,500.74,500.46,0.0,0.0,175560.0,87886463.034,0.017980940203390774,500.53
US.MSFT,Microsoft,2025-09-11 15:55:00,500.56,501.5,501.6,500.13,0.0,0.0,459376.0,230144627.938,0.17578203028244885,500.62
US.MSFT,Microsoft,2025-09-11 16:00:00,501.53,501.01,502.26,500.63,0.0,0.0,4927605.0,2468912024.26,-0.09770687936191606,501.5
US.MSFT,Microsoft,2025-09-12 09:35:00,506.65,505.095,506.65,503.85,0.0,0.0,896480.0,453153977.643,0.8153529869663353,501.01
US.MSFT,Microsoft,2025-09-12 09:40:00,505.0,505.44,505.8299,504.04,0.0,0.0,423963.0,214110386.879,0.06830398241914301,505.095
US.MSFT,Microsoft,2025-09-12 09:45:00,505.4396,506.79,506.83,505.0,0.0,0.0,376538.0,190520182.763,0.2670940170940216,505.44
US.MSFT,Microsoft,2025-09-12 09:50:00,506.69,507.26,507.86,506.3701,0.0,0.0,570156.0,289160367.433,0.09274058288442362,506.79
US.MSFT,Microsoft,2025-09-12 09:55:00,507.26,506.29,508.11,505.23,0.0,0.0,421068.0,213334940.511,-0.191223435713435,507.26
US.MSFT,Microsoft,2025-09-12 10:00:00,506.26,508.05,508.09,506.19,0.0,0.0,330048.0,167483255.583,0.34762685417448314,506.29
US.MSFT,Microsoft,2025-09-12 10:05:00,507.86,507.08,508.39,506.665,0.0,0.0,410643.0,208424675.216,-0.19092608995178179,508.05
US.MSFT,Microsoft,2025-09-12 10:10:00,507.09,507.4244,507.94,507.03,0.0,0.0,226634.0,115011273.859,0.0679182771949214,507.08
US.MSFT,Microsoft,2025-09-12 10:15:00,507.46,507.195,507.76,506.61,0.0,0.0,222541.0,112863194.029,-0.04520870498147079,507.4244
US.MSFT,Microsoft,2025-09-12 10:20:00,507.25,507.15,507.46,506.775,0.0,0.0,144692.0,73376661.0,-0.008872327211430695,507.195
US.MSFT,Microsoft,2025-09-12 10:25:00,507.17,506.77,507.6786,506.6101,0.0,0.0,174357.0,88419460.604,-0.07492852213349019,507.15
US.MSFT,Microsoft,2025-09-12 10:30:00,506.76,507.14,507.39,506.51,0.0,0.0,322333.0,163379738.291,0.07301142530141969,506.77
US.MSFT,Microsoft,2025-09-12 10:35:00,507.2,507.91,508.3999,507.14,0.0,0.0,275803.0,140061531.099,0.15183184130615585,507.14
US.MSFT,Microsoft,2025-09-12 10:40:00,507.98,508.2,508.45,507.9,0.0,0.0,229611.0,116674080.243,0.057096729735575905,507.91
US.MSFT,Microsoft,2025-09-12 10:45:00,508.2,507.8419,508.45,507.6606,0.0,0.0,187678.0,95344019.44,-0.0704643841007436,508.2
US.MSFT,Microsoft,2025-09-12 10:50:00,507.875,508.12,508.4499,507.25,0.0,0.0,211363.0,107346659.202,0.05476113727520217,507.8419
US.MSFT,Microsoft,2025-09-12 10:55:00,508.075,508.68,508.73,507.78,0.0,0.0,213967.0,108783613.667,0.11021018657010201,508.12
US.MSFT,Microsoft,2025-09-12 11:00:00,508.67,509.07,509.29,508.53,0.0,0.0,274078.0,139499370.952,0.07666902571360902,508.68
US.MSFT,Microsoft,2025-09-12 11:05:00,509.04,508.64,509.13,508.61,0.0,0.0,233719.0,118942130.666,-0.08446775492565006,509.07
US.MSFT,Microsoft,2025-09-12 11:10:00,508.6,509.3,509.6,508.56,0.0,0.0,229317.0,116765029.827,0.12975778546713293,508.64
US.MSFT,Microsoft,2025-09-12 11:15:00,509.3189,509.7372,510.0,509.3101,0.0,0.0,194443.0,99096844.83,0.08584331435302604,509.3
US.MSFT,Microsoft,2025-09-12 11:20:00,509.73,510.09,510.4,509.73,0.0,0.0,272543.0,139041412.19,0.06921213519437114,509.7372
US.MSFT,Microsoft,2025-09-12 11:25:00,510.15,510.52,510.56,509.8601,0.0,0.0,208704.0,106488866.738,0.08429884922268754,510.09
US.MSFT,Microsoft,2025-09-12 11:30:00,510.605,510.6709,511.29,510.54,0.0,0.0,399171.0,203987782.082,0.02955809762595698,510.52
US.MSFT,Microsoft,2025-09-12 11:35:00,510.68,511.2805,511.72,510.1924,0.0,0.0,366581.0,187372245.313,0.11937237857101322,510.6709
US.MSFT,Microsoft,2025-09-12 11:40:00,511.255,511.3511,511.76,511.23,0.0,0.0,253692.0,129750876.569,0.013808467172121027,511.2805
US.MSFT,Microsoft,2025-09-12 11:45:00,511.405,510.9246,511.8,510.6501,0.0,0.0,215963.0,110380876.437,-0.08340648920085943,511.3511
US.MSFT,Microsoft,2025-09-12 11:50:00,510.84,510.5,511.14,510.1301,0.0,0.0,215325.0,109927310.094,-0.08310423886420777,510.9246
US.MSFT,Microsoft,2025-09-12 11:55:00,510.6,510.7,511.04,510.3488,0.0,0.0,192612.0,98365643.959,0.03917727717923382,510.5
US.MSFT,Microsoft,2025-09-12 12:00:00,510.73,511.235,511.3512,510.63,0.0,0.0,138026.0,70537693.474,0.10475817505385256,510.7
US.MSFT,Microsoft,2025-09-12 12:05:00,511.22,510.93,511.3599,510.7,0.0,0.0,179828.0,91898341.021,-0.059659452111065714,511.235
US.MSFT,Microsoft,2025-09-12 12:10:00,510.95,511.31,511.59,510.84,0.0,0.0,380058.0,194257799.355,0.07437418041610308,510.93
US.MSFT,Microsoft,2025-09-12 12:15:00,511.3,511.38,511.6458,511.0101,0.0,0.0,166283.0,85026741.361,0.013690324851849792,511.31
US.MSFT,Microsoft,2025-09-12 12:20:00,511.3899,511.765,512.23,511.35,0.0,0.0,222420.0,113851687.15,0.07528647972153603,511.38
US.MSFT,Microsoft,2025-09-12 12:25:00,511.79,511.765,511.8999,511.31,0.0,0.0,158473.0,81081264.568,0.0,511.765
US.MSFT,Microsoft,2025-09-12 12:30:00,511.76,511.8938,512.08,511.51,0.0,0.0,111409.0,57021488.752,0.02516780162770265,511.765
US.MSFT,Microsoft,2025-09-12 12:35:00,511.9,511.895,512.0497,511.7,0.0,0.0,115252.0,58995181.853,0.0002344236245844338,511.8938
US.MSFT,Microsoft,2025-09-12 12:40:00,511.94,512.05,512.19,511.81,0.0,0.0,108820.0,55715488.267,0.03027964719326673,511.895
US.MSFT,Microsoft,2025-09-12 12:45:00,512.05,512.31,512.4499,512.0,0.0,0.0,206191.0,105625438.066,0.05077629137779337,512.05
US.MSFT,Microsoft,2025-09-12 12:50:00,512.29,511.83,512.42,511.77,0.0,0.0,166564.0,85299631.811,-0.09369327165192197,512.31
US.MSFT,Microsoft,2025-09-12 12:55:00,511.82,512.089,512.18,511.77,0.0,0.0,112162.0,57420027.898,0.05060273919076089,511.83
US.MSFT,Microsoft,2025-09-12 13:00:00,512.0601,512.32,512.55,512.0601,0.0,0.0,139889.0,71677905.454,0.04510934622692433,512.089
US.MSFT,Microsoft,2025-09-12 13:05:00,512.325,511.91,512.33,511.69,0.0,0.0,138730.0,71014829.296,-0.08002810743285935,512.32
US.MSFT,Microsoft,2025-09-12 13:10:00,511.96,511.35,512.06,511.26,0.0,0.0,154123.0,78842713.601,-0.10939422945439672,511.91
US.MSFT,Microsoft,2025-09-12 13:15:00,511.365,511.41,511.68,511.3001,0.0,0.0,515468.0,263699155.144,0.011733646230566592,511.35
US.MSFT,Microsoft,2025-09-12 13:20:00,511.43,511.46,511.5699,511.2849,0.0,0.0,74097.0,37893217.657,0.00977689133962076,511.41
US.MSFT,Microsoft,2025-09-12 13:25:00,511.48,512.31,512.3999,511.4,0.0,0.0,121401.0,62146404.948,0.1661909044695511,511.46
US.MSFT,Microsoft,2025-09-12 13:30:00,512.345,512.025,512.4,512.0,0.0,0.0,116833.0,59848020.225,-0.05563038004332693,512.31
US.MSFT,Microsoft,2025-09-12 13:35:00,512.04,511.59,512.14,511.5,0.0,0.0,86283.0,44163024.511,-0.08495678921927685,512.025
US.MSFT,Microsoft,2025-09-12 13:40:00,511.67,512.005,512.1821,511.6,0.0,0.0,126152.0,64579650.218,0.08111964659200151,511.59
US.MSFT,Microsoft,2025-09-12 13:45:00,512.06,512.11,512.2499,511.78,0.0,0.0,512125.0,262273930.866,0.020507612230352867,512.005
US.MSFT,Microsoft,2025-09-12 13:50:00,512.14,511.745,512.23,511.64,0.0,0.0,97634.0,49990176.635,-0.0712737497803224,512.11
US.MSFT,Microsoft,2025-09-12 13:55:00,511.73,511.66,511.82,511.14,0.0,0.0,168124.0,85994539.427,-0.016609834976400263,511.745
US.MSFT,Microsoft,2025-09-12 14:00:00,511.685,511.85,511.96,511.55,0.0,0.0,105822.0,54156015.467,0.03713403431966496,511.66
US.MSFT,Microsoft,2025-09-12 14:05:00,511.87,511.1,511.879,511.06,0.0,0.0,112972.0,57792399.927,-0.14652730292077756,511.85
US.MSFT,Microsoft,2025-09-12 14:10:00,511.13,511.35,511.378,511.06,0.0,0.0,94956.0,48545753.342,0.04891410682840931,511.1
US.MSFT,Microsoft,2025-09-12 14:15:00,511.33,511.28,511.53,511.06,0.0,0.0,99740.0,50993827.68,-0.013689253935670288,511.35
US.MSFT,Microsoft,2025-09-12 14:20:00,511.2908,511.005,511.2908,510.67,0.0,0.0,182989.0,93492366.235,-0.05378657487090778,511.28
US.MSFT,Microsoft,2025-09-12 14:25:00,511.03,511.2,511.31,511.01,0.0,0.0,419708.0,214494531.59,0.038160096280856974,511.005
US.MSFT,Microsoft,2025-09-12 14:30:00,511.22,511.305,511.44,511.09,0.0,0.0,104241.0,53299901.011,0.020539906103289943,511.2
US.MSFT,Microsoft,2025-09-12 14:35:00,511.27,511.445,511.53,510.97,0.0,0.0,232403.0,118836794.986,0.0273809174563101,511.305
US.MSFT,Microsoft,2025-09-12 14:40:00,511.465,511.78,511.86,511.32,0.0,0.0,124200.0,63531216.759,0.0655006892236662,511.445
US.MSFT,Microsoft,2025-09-12 14:45:00,511.76,511.81,511.93,511.5112,0.0,0.0,101962.0,52178529.493,0.005861893782490437,511.78
US.MSFT,Microsoft,2025-09-12 14:50:00,511.81,511.61,512.06,511.4598,0.0,0.0,138596.0,70937368.459,-0.03907700123092332,511.81
US.MSFT,Microsoft,2025-09-12 14:55:00,511.62,512.065,512.32,511.61,0.0,0.0,132994.0,68080082.11,0.08893493090440784,511.61
US.MSFT,Microsoft,2025-09-12 15:00:00,512.065,512.17,512.23,511.9,0.0,0.0,227241.0,116365249.909,0.020505209299581984,512.065
US.MSFT,Microsoft,2025-09-12 15:05:00,512.16,512.2546,512.5,512.085,0.0,0.0,142735.0,73128372.767,0.01651795302341471,512.17
US.MSFT,Microsoft,2025-09-12 15:10:00,512.255,512.195,512.36,512.0803,0.0,0.0,111751.0,57242937.099,-0.011634839394303565,512.2546
US.MSFT,Microsoft,2025-09-12 15:15:00,512.1854,511.9,512.38,511.9,0.0,0.0,155983.0,79886759.296,-0.05759525180840749,512.195
US.MSFT,Microsoft,2025-09-12 15:20:00,511.885,511.77,512.105,511.695,0.0,0.0,192488.0,98533088.353,-0.025395585075209115,511.9
US.MSFT,Microsoft,2025-09-12 15:25:00,511.76,511.095,511.78,510.99,0.0,0.0,171235.0,87577844.124,-0.13189518729115707,511.77
US.MSFT,Microsoft,2025-09-12 15:30:00,511.09,510.68,511.135,510.34,0.0,0.0,278589.0,142261860.496,-0.08119821168276356,511.095
US.MSFT,Microsoft,2025-09-12 15:35:00,510.63,510.78,510.8593,510.27,0.0,0.0,235188.0,120071964.477,0.01958173415837039,510.68
US.MSFT,Microsoft,2025-09-12 15:40:00,510.7999,510.59,510.95,510.445,0.0,0.0,182012.0,92940791.873,-0.037198010885312216,510.78
US.MSFT,Microsoft,2025-09-12 15:45:00,510.6,510.65,510.93,510.25,0.0,0.0,204828.0,104590567.848,0.011751111459292637,510.59
US.MSFT,Microsoft,2025-09-12 15:50:00,510.64,510.685,510.78,510.42,0.0,0.0,207457.0,105923993.886,0.006854009595618333,510.65
US.MSFT,Microsoft,2025-09-12 15:55:00,510.75,510.875,511.0699,510.39,0.0,0.0,437897.0,223674106.839,0.03720493063238547,510.685
US.MSFT,Microsoft,2025-09-12 16:00:00,510.855,509.9,510.93,509.85,0.0,0.0,4349133.0,2217878665.131,-0.19084903352092444,510.875
US.MSFT,Microsoft,2025-09-15 09:35:00,508.79,509.145,511.485,507.0,0.0,0.0,913213.0,464797511.147,-0.14806824867621013,509.9
US.MSFT,Microsoft,2025-09-15 09:40:00,509.145,509.59,510.42,509.0001,0.0,0.0,283101.0,144295383.086,0.08740142788400028,509.145
US.MSFT,Microsoft,2025-09-15 09:45:00,509.6082,509.905,510.87,509.6,0.0,0.0,233257.0,119022993.296,0.06181439981161282,509.59
US.MSFT,Microsoft,2025-09-15 09:50:00,510.04,510.675,511.5,509.93,0.0,0.0,285955.0,146079553.577,0.15100852119513217,509.905
US.MSFT,Microsoft,2025-09-15 09:55:00,510.68,510.835,511.7,510.42,0.0,0.0,179655.0,91824966.995,0.03133108141185063,510.675
US.MSFT,Microsoft,2025-09-15 10:00:00,510.785,510.28,510.81,509.84,0.0,0.0,239889.0,122446001.781,-0.10864564879070676,510.835
US.MSFT,Microsoft,2025-09-15 10:05:00,510.33,511.92,511.9224,510.29,0.0,0.0,185875.0,94992680.417,0.3213921768440941,510.28
US.MSFT,Microsoft,2025-09-15 10:10:00,511.91,511.8,512.15,511.16,0.0,0.0,190057.0,97267160.401,-0.0234411626816699,511.92
US.MSFT,Microsoft,2025-09-15 10:15:00,511.78,512.03,512.38,511.46,0.0,0.0,195513.0,100093850.125,0.04493942946462707,511.8
US.MSFT,Microsoft,2025-09-15 10:20:00,512.0,511.31,512.07,510.7,0.0,0.0,195197.0,99803560.011,-0.14061676073666982,512.03
US.MSFT,Microsoft,2025-09-15 10:25:00,511.31,510.67,511.98,510.45,0.0,0.0,163957.0,83803564.093,-0.12516868435977907,511.31
US.MSFT,Microsoft,2025-09-15 10:30:00,510.655,510.65,511.41,510.53,0.0,0.0,141330.0,72205729.157,-0.003916423522047243,510.67
US.MSFT,Microsoft,2025-09-15 10:35:00,510.71,510.6841,511.3299,510.2,0.0,0.0,170305.0,87011287.925,0.006677763634587987,510.65
US.MSFT,Microsoft,2025-09-15 10:40:00,510.725,511.52,511.97,510.595,0.0,0.0,179993.0,92055336.142,0.16368240170390677,510.6841
US.MSFT,Microsoft,2025-09-15 10:45:00,511.525,512.02,512.35,511.46,0.0,0.0,170118.0,87103874.033,0.09774788864560525,511.52
US.MSFT,Microsoft,2025-09-15 10:50:00,512.1,512.1,512.3,511.47,0.0,0.0,151151.0,77392701.374,0.01562438967228642,512.02
US.MSFT,Microsoft,2025-09-15 10:55:00,512.07,512.06,512.25,511.82,0.0,0.0,91676.0,46941750.874,-0.007810974419073873,512.1
US.MSFT,Microsoft,2025-09-15 11:00:00,512.085,512.49,512.5,511.99,0.0,0.0,119587.0,61266738.411,0.08397453423428186,512.06
US.MSFT,Microsoft,2025-09-15 11:05:00,512.45,513.13,513.18,512.45,0.0,0.0,206914.0,106109556.084,0.12488048547288462,512.49
US.MSFT,Microsoft,2025-09-15 11:10:00,513.14,513.48,513.7,513.1,0.0,0.0,196397.0,100836618.454,0.06820883596749805,513.13
US.MSFT,Microsoft,2025-09-15 11:15:00,513.49,513.4,514.25,513.4,0.0,0.0,184475.0,94794730.76,-0.015579964166090388,513.48
US.MSFT,Microsoft,2025-09-15 11:20:00,513.43,513.02,513.815,512.99,0.0,0.0,153136.0,78629915.047,-0.07401636151149113,513.4
US.MSFT,Microsoft,2025-09-15 11:25:00,513.07,512.23,513.17,512.12,0.0,0.0,199440.0,102269060.688,-0.15399009785192852,513.02
US.MSFT,Microsoft,2025-09-15 11:30:00,512.245,512.43,513.0533,512.2021,0.0,0.0,145202.0,74433829.103,0.03904496027173961,512.23
US.MSFT,Microsoft,2025-09-15 11:35:00,512.4759,513.28,513.38,512.4759,0.0,0.0,121906.0,62529259.022,0.1658763148137351,512.43
US.MSFT,Microsoft,2025-09-15 11:40:00,513.25,513.78,513.83,513.0301,0.0,0.0,114388.0,58721481.675,0.09741271820448878,513.28
US.MSFT,Microsoft,2025-09-15 11:45:00,513.81,513.075,514.0,512.99,0.0,0.0,134584.0,69131616.261,-0.13721826462686895,513.78
US.MSFT,Microsoft,2025-09-15 11:50:00,513.075,513.1725,513.53,512.9,0.0,0.0,105403.0,54092678.162,0.019003069726641945,513.075
US.MSFT,Microsoft,2025-09-15 11:55:00,513.19,513.01,513.22,512.69,0.0,0.0,91477.0,46922659.746,-0.031665765410270955,513.1725
US.MSFT,Microsoft,2025-09-15 12:00:00,513.01,513.153,513.205,512.54,0.0,0.0,83617.0,42878456.493,0.027874700298245476,513.01
US.MSFT,Microsoft,2025-09-15 12:05:00,513.145,512.785,513.34,512.58,0.0,0.0,133435.0,68434749.631,-0.07171350454933555,513.153
US.MSFT,Microsoft,2025-09-15 12:10:00,512.78,512.61,513.1645,512.57,0.0,0.0,67025.0,34371822.68,-0.03412736331990104,512.785
US.MSFT,Microsoft,2025-09-15 12:15:00,512.555,512.315,512.77,512.25,0.0,0.0,106497.0,54577395.059,-0.05754862371002498,512.61
US.MSFT,Microsoft,2025-09-15 12:20:00,512.28,512.56,512.79,512.25,0.0,0.0,89401.0,45822502.66,0.04782214067514924,512.315
US.MSFT,Microsoft,2025-09-15 12:25:00,512.61,512.555,512.7551,512.4101,0.0,0.0,86581.0,44383084.568,-0.000975495551739397,512.56
US.MSFT,Microsoft,2025-09-15 12:30:00,512.565,512.51,512.72,512.19,0.0,0.0,151472.0,77615386.117,-0.00877954560973146,512.555
US.MSFT,Microsoft,2025-09-15 12:35:00,512.425,512.715,512.98,512.19,0.0,0.0,59917.0,30719210.224,0.039999219527431844,512.51
US.MSFT,Microsoft,2025-09-15 12:40:00,512.77,512.74,513.15,512.6,0.0,0.0,71652.0,36747136.784,0.004876003237661715,512.715
US.MSFT,Microsoft,2025-09-15 12:45:00,512.69,512.9564,513.0299,512.49,0.0,0.0,77233.0,39603571.446,0.042204626126306016,512.74
US.MSFT,Microsoft,2025-09-15 12:50:00,512.92,512.83,512.9563,512.6301,0.0,0.0,62679.0,32140185.131,-0.024641470503144053,512.9564
US.MSFT,Microsoft,2025-09-15 12:55:00,512.77,512.28,512.88,512.1684,0.0,0.0,86533.0,44343602.654,-0.10724801591171892,512.83
US.MSFT,Microsoft,2025-09-15 13:00:00,512.263,511.89,512.3499,511.78,0.0,0.0,127851.0,65471613.877,-0.07613024127430046,512.28
US.MSFT,Microsoft,2025-09-15 13:05:00,511.8801,512.015,512.2,511.81,0.0,0.0,84394.0,43210199.046,0.02441930883588271,511.89
US.MSFT,Microsoft,2025-09-15 13:10:00,512.07,512.065,512.38,511.94,0.0,0.0,138171.0,70762093.828,0.009765338906100058,512.015
US.MSFT,Microsoft,2025-09-15 13:15:00,512.05,512.25,512.4899,511.81,0.0,0.0,76807.0,39331080.746,0.03612822590880951,512.065
US.MSFT,Microsoft,2025-09-15 13:20:00,512.29,512.26,512.629,512.213,0.0,0.0,65921.0,33781237.459,0.001952171791115843,512.25
US.MSFT,Microsoft,2025-09-15 13:25:00,512.28,511.84,512.365,511.7625,0.0,0.0,76940.0,39401025.173,-0.08198961464881425,512.26
US.MSFT,Microsoft,2025-09-15 13:30:00,511.84,511.98,512.2191,511.79,0.0,0.0,89541.0,45838753.528,0.027352297593006253,511.84
US.MSFT,Microsoft,2025-09-15 13:35:00,511.9378,511.72,511.98,511.4,0.0,0.0,99706.0,51015681.27,-0.050783233720065414,511.98
US.MSFT,Microsoft,2025-09-15 13:40:00,511.72,511.7025,511.87,511.55,0.0,0.0,70120.0,35881767.513,-0.0034198389744471446,511.72
US.MSFT,Microsoft,2025-09-15 13:45:00,511.69,511.84,511.93,511.63,0.0,0.0,73471.0,37601757.38,0.02687108231833705,511.7025
US.MSFT,Microsoft,2025-09-15 13:50:00,511.837,512.21,512.21,511.7701,0.0,0.0,65149.0,33352439.485,0.0722882150672205,511.84
US.MSFT,Microsoft,2025-09-15 13:55:00,512.25,512.17,512.275,511.89,0.0,0.0,56426.0,28893905.14,-0.007809296968055544,512.21
US.MSFT,Microsoft,2025-09-15 14:00:00,512.19,512.7,512.76,512.17,0.0,0.0,74060.0,37961329.348,0.10348126598592,512.17
US.MSFT,Microsoft,2025-09-15 14:05:00,512.67,512.88,512.93,512.39,0.0,0.0,81618.0,41843642.861,0.03510825043884337,512.7
US.MSFT,Microsoft,2025-09-15 14:10:00,512.87,513.32,513.32,512.735,0.0,0.0,75380.0,38671490.68,0.08579004835440153,512.88
US.MSFT,Microsoft,2025-09-15 14:15:00,513.3,513.16,513.3,512.99,0.0,0.0,62653.0,32148622.091,-0.031169640769906068,513.32
US.MSFT,Microsoft,2025-09-15 14:20:00,513.16,513.14,513.29,513.0,0.0,0.0,66939.0,34350118.566,-0.003897419908017346,513.16
US.MSFT,Microsoft,2025-09-15 14:25:00,513.165,513.06,513.21,512.96,0.0,0.0,56840.0,29164334.892,-0.015590287251050577,513.14
US.MSFT,Microsoft,2025-09-15 14:30:00,513.0435,513.165,513.34,512.97,0.0,0.0,64831.0,33267988.677,0.02046544263829147,513.06
US.MSFT,Microsoft,2025-09-15 14:35:00,513.22,513.3642,513.55,513.175,0.0,0.0,93348.0,47926612.571,0.03881792405951671,513.165
US.MSFT,Microsoft,2025-09-15 14:40:00,513.39,513.49,513.53,513.3,0.0,0.0,56783.0,29154632.908,0.02450502002282718,513.3642
US.MSFT,Microsoft,2025-09-15 14:45:00,513.49,512.5524,513.53,512.5401,0.0,0.0,103211.0,52947929.78,-0.182593624023832,513.49
US.MSFT,Microsoft,2025-09-15 14:50:00,512.62,513.015,513.0399,512.62,0.0,0.0,61055.0,31312007.391,0.09025418669387797,512.5524
US.MSFT,Microsoft,2025-09-15 14:55:00,513.015,513.19,513.25,512.935,0.0,0.0,66351.0,34042618.369,0.034112063000120506,513.015
US.MSFT,Microsoft,2025-09-15 15:00:00,513.2295,513.24,513.3015,513.0734,0.0,0.0,58078.0,29806802.967,0.009742980182769445,513.19
US.MSFT,Microsoft,2025-09-15 15:05:00,513.245,513.215,513.42,513.2,0.0,0.0,68370.0,35096178.555,-0.004871015509308951,513.24
US.MSFT,Microsoft,2025-09-15 15:10:00,513.21,513.34,513.413086,513.05,0.0,0.0,77118.0,39582454.682,0.024356263943961107,513.215
US.MSFT,Microsoft,2025-09-15 15:15:00,513.335,513.3,513.67,513.29,0.0,0.0,78398.0,40255080.215,-0.007792106596033293,513.34
US.MSFT,Microsoft,2025-09-15 15:20:00,513.2804,513.39,513.39,513.06,0.0,0.0,122570.0,62908211.139,0.017533606078322977,513.3
US.MSFT,Microsoft,2025-09-15 15:25:00,513.3772,513.43,513.51,513.18,0.0,0.0,115610.0,59346293.082,0.007791347708362768,513.39
US.MSFT,Microsoft,2025-09-15 15:30:00,513.43,513.71,513.85,513.405,0.0,0.0,119647.0,61456159.533,0.05453518493272431,513.43
US.MSFT,Microsoft,2025-09-15 15:35:00,513.76,514.17,514.21,513.62,0.0,0.0,186737.0,95966556.807,0.08954468474429594,513.71
US.MSFT,Microsoft,2025-09-15 15:40:00,514.165,514.18,514.37,514.0201,0.0,0.0,161224.0,82901710.221,0.0019448820429023292,514.17
US.MSFT,Microsoft,2025-09-15 15:45:00,514.18,514.17,514.37,514.11,0.0,0.0,174052.0,89504051.779,-0.0019448442179763712,514.18
US.MSFT,Microsoft,2025-09-15 15:50:00,514.13,514.47,514.56,514.0289,0.0,0.0,208501.0,107236656.584,0.058346461287136206,514.17
US.MSFT,Microsoft,2025-09-15 15:55:00,514.45,514.27,514.5,513.86,0.0,0.0,330607.0,169985372.308,-0.038874958695365225,514.47
US.MSFT,Microsoft,2025-09-15 16:00:00,514.25,515.36,515.47,513.67,0.0,0.0,4209846.0,2169044144.543,0.21195092072258384,514.27
US.MSFT,Microsoft,2025-09-16 09:35:00,516.88,515.32,517.23,514.9,0.0,0.0,917252.0,473604806.005,-0.007761564731442801,515.36
US.MSFT,Microsoft,2025-09-16 09:40:00,515.415,514.145,516.38,513.725,0.0,0.0,389374.0,200496818.249,-0.22801366141428006,515.32
US.MSFT,Microsoft,2025-09-16 09:45:00,514.09,513.1,514.26,512.38,0.0,0.0,448740.0,230323923.711,-0.2032500559180696,514.145
US.MSFT,Microsoft,2025-09-16 09:50:00,513.1,513.06,513.38,511.78,0.0,0.0,416953.0,213791224.529,-0.007795751315548101,513.1
US.MSFT,Microsoft,2025-09-16 09:55:00,513.08,512.405,513.31,512.02,0.0,0.0,222586.0,114089697.219,-0.1276653802674098,513.06
US.MSFT,Microsoft,2025-09-16 10:00:00,512.3896,511.245,513.07,511.06,0.0,0.0,339575.0,173797678.694,-0.22638342717185977,512.405
US.MSFT,Microsoft,2025-09-16 10:05:00,511.32,511.35,511.8,510.59,0.0,0.0,336595.0,172047704.208,0.02053809817211282,511.245
US.MSFT,Microsoft,2025-09-16 10:10:00,511.35,511.84,512.19,511.19,0.0,0.0,172368.0,88197825.33,0.0958247775496142,511.35
US.MSFT,Microsoft,2025-09-16 10:15:00,511.88,512.95,512.95,511.88,0.0,0.0,270821.0,138771786.773,0.21686464520163928,511.84
US.MSFT,Microsoft,2025-09-16 10:20:00,512.89,513.47,513.6548,512.86,0.0,0.0,197502.0,101392285.563,0.10137440296324822,512.95
US.MSFT,Microsoft,2025-09-16 10:25:00,513.47,513.9,514.0,513.115,0.0,0.0,201148.0,103318880.221,0.08374393830213059,513.47
US.MSFT,Microsoft,2025-09-16 10:30:00,513.7914,513.47,513.835,513.0,0.0,0.0,159863.0,82060917.678,-0.08367386651098463,513.9
US.MSFT,Microsoft,2025-09-16 10:35:00,513.31,512.625,513.54,512.15,0.0,0.0,150684.0,77296849.43,-0.1645665764309555,513.47
US.MSFT,Microsoft,2025-09-16 10:40:00,512.63,512.285,512.83,512.1,0.0,0.0,117158.0,60042990.197,-0.06632528651549024,512.625
US.MSFT,Microsoft,2025-09-16 10:45:00,512.35,512.73,512.94,511.89,0.0,0.0,127473.0,65307622.46,0.08686570951717307,512.285
US.MSFT,Microsoft,2025-09-16 10:50:00,512.71,513.245,513.4299,512.71,0.0,0.0,111351.0,57142582.933,0.10044272814151431,512.73
US.MSFT,Microsoft,2025-09-16 10:55:00,513.21,513.705,513.8499,513.14,0.0,0.0,131835.0,67697526.633,0.08962581223393046,513.245
US.MSFT,Microsoft,2025-09-16 11:00:00,513.76,513.3,513.95,513.21,0.0,0.0,125974.0,64693774.797,-0.0788390223961391,513.705
US.MSFT,Microsoft,2025-09-16 11:05:00,513.34,513.3,513.65,513.0,0.0,0.0,105376.0,54089081.254,0.0,513.3
US.MSFT,Microsoft,2025-09-16 11:10:00,513.245,513.27,513.45,512.99,0.0,0.0,96599.0,49576320.698,-0.005844535359433609,513.3
US.MSFT,Microsoft,2025-09-16 11:15:00,513.32,512.955,513.47,512.94,0.0,0.0,88447.0,45384293.312,-0.061371208136057225,513.27
US.MSFT,Microsoft,2025-09-16 11:20:00,512.92,512.7666,512.92,512.4101,0.0,0.0,80689.0,41362032.22,-0.036728367985496085,512.955
US.MSFT,Microsoft,2025-09-16 11:25:00,512.8,512.5145,513.11,512.45,0.0,0.0,118882.0,60975479.356,-0.049164668681626555,512.7666
US.MSFT,Microsoft,2025-09-16 11:30:00,512.515,512.57,513.07,512.49,0.0,0.0,82349.0,42220491.7,0.01082896191230723,512.5145
US.MSFT,Microsoft,2025-09-16 11:35:00,512.555,512.65,512.7699,512.31,0.0,0.0,68866.0,35296549.921,0.015607624324468314,512.57
US.MSFT,Microsoft,2025-09-16 11:40:00,512.65,512.7,512.825,512.5101,0.0,0.0,63397.0,32501103.281,0.009753242953295273,512.65
US.MSFT,Microsoft,2025-09-16 11:45:00,512.72,512.47,512.7778,512.12,0.0,0.0,90821.0,46534067.176,-0.04486054222742699,512.7
US.MSFT,Microsoft,2025-09-16 11:50:00,512.4725,512.585,512.84,512.4725,0.0,0.0,59984.0,30752776.918,0.022440337971004955,512.47
US.MSFT,Microsoft,2025-09-16 11:55:00,512.62,513.1,513.22,512.53,0.0,0.0,98533.0,50540168.219,0.10047114137167228,512.585
US.MSFT,Microsoft,2025-09-16 12:00:00,513.1096,512.99,513.23,512.92,0.0,0.0,63085.0,32366281.69,-0.021438316117718504,513.1
US.MSFT,Microsoft,2025-09-16 12:05:00,512.9842,512.64,513.105,512.64,0.0,0.0,80242.0,41159075.64,-0.06822745082750593,512.99
US.MSFT,Microsoft,2025-09-16 12:10:00,512.68,513.25,513.29,512.595,0.0,0.0,59030.0,30281465.128,0.11899188514357319,512.64
US.MSFT,Microsoft,2025-09-16 12:15:00,513.25,513.44,513.68,513.19,0.0,0.0,69805.0,35844936.799,0.03701899659036621,513.25
US.MSFT,Microsoft,2025-09-16 12:20:00,513.43,513.38,513.56,513.24,0.0,0.0,66644.0,34217403.125,-0.011685883452800545,513.44
US.MSFT,Microsoft,2025-09-16 12:25:00,513.37,513.36,513.573,513.28,0.0,0.0,36875.0,18932616.04,-0.0038957497370333497,513.38
US.MSFT,Microsoft,2025-09-16 12:30:00,513.345,513.29,513.3985,513.0,0.0,0.0,54571.0,28005648.115,-0.013635655290643997,513.36
US.MSFT,Microsoft,2025-09-16 12:35:00,513.265,513.17,513.27,513.035,0.0,0.0,42659.0,21891592.785,-0.023378596894543933,513.29
US.MSFT,Microsoft,2025-09-16 12:40:00,513.1729,513.315,513.36,513.025,0.0,0.0,46185.0,23700468.317,0.0282557437106798,513.17
US.MSFT,Microsoft,2025-09-16 12:45:00,513.305,513.0,513.3799,512.82,0.0,0.0,60749.0,31167255.573,-0.061365828000361285,513.315
US.MSFT,Microsoft,2025-09-16 12:50:00,512.99,512.87,513.0,512.62,0.0,0.0,72714.0,37290972.309,-0.025341130604287613,513.0
US.MSFT,Microsoft,2025-09-16 12:55:00,512.84,512.77,513.0141,512.6519,0.0,0.0,79657.0,40849691.51,-0.019498118431575784,512.87
US.MSFT,Microsoft,2025-09-16 13:00:00,512.7901,513.35,513.82,512.76,0.0,0.0,108781.0,55844392.673,0.11311114144744056,512.77
US.MSFT,Microsoft,2025-09-16 13:05:00,513.42,513.795,513.83,513.37,0.0,0.0,77085.0,39594510.821,0.0866854972241037,513.35
US.MSFT,Microsoft,2025-09-16 13:10:00,513.76,513.7,513.9,513.6,0.0,0.0,77796.0,39970620.726,-0.018489864634711042,513.795
US.MSFT,Microsoft,2025-09-16 13:15:00,513.66,513.915,513.92,513.595,0.0,0.0,71354.0,36656808.963,0.04185322172472613,513.7
US.MSFT,Microsoft,2025-09-16 13:20:00,513.915,513.795,514.2234,513.77,0.0,0.0,109973.0,56527295.847,-0.02335016491054057,513.915
US.MSFT,Microsoft,2025-09-16 13:25:00,513.795,514.02,514.13,513.74,0.0,0.0,78440.0,40316274.497,0.04379178466120199,513.795
US.MSFT,Microsoft,2025-09-16 13:30:00,514.065,513.5425,514.0999,513.5425,0.0,0.0,88456.0,45451978.189,-0.09289521808489234,514.02
US.MSFT,Microsoft,2025-09-16 13:35:00,513.56,513.82,513.85,513.39,0.0,0.0,95898.0,49252737.887,0.05403642347031294,513.5425
US.MSFT,Microsoft,2025-09-16 13:40:00,513.82,513.3,513.9182,513.265,0.0,0.0,157688.0,80994328.506,-0.10120275582890807,513.82
US.MSFT,Microsoft,2025-09-16 13:45:00,513.26,513.095,513.285,513.06,0.0,0.0,149821.0,76884184.503,-0.039937658289485145,513.3
US.MSFT,Microsoft,2025-09-16 13:50:00,513.11,512.97,513.345,512.86,0.0,0.0,114918.0,58958118.704,-0.02436196026077042,513.095
US.MSFT,Microsoft,2025-09-16 13:55:00,512.96,512.4419,512.96,512.42,0.0,0.0,94753.0,48580495.45,-0.10294949022359881,512.97
US.MSFT,Microsoft,2025-09-16 14:00:00,512.45,512.295,512.77,512.26,0.0,0.0,111881.0,57341977.197,-0.028666664455048133,512.4419
US.MSFT,Microsoft,2025-09-16 14:05:00,512.27,511.94,512.285,511.7312,0.0,0.0,161024.0,82452325.151,-0.06929601108735424,512.295
US.MSFT,Microsoft,2025-09-16 14:10:00,511.93,512.19,512.45,511.9,0.0,0.0,147857.0,75730065.301,0.04883384771654038,511.94
US.MSFT,Microsoft,2025-09-16 14:15:00,512.19,511.6904,512.3113,511.62,0.0,0.0,124518.0,63746627.053,-0.09754192780023888,512.19
US.MSFT,Microsoft,2025-09-16 14:20:00,511.69,511.55,511.69,511.42,0.0,0.0,109406.0,55967882.162,-0.02743846669783127,511.6904
US.MSFT,Microsoft,2025-09-16 14:25:00,511.5788,511.715,511.8,511.565,0.0,0.0,106634.0,54565478.105,0.03225491154334153,511.55
US.MSFT,Microsoft,2025-09-16 14:30:00,511.74,511.435,511.8,511.36,0.0,0.0,121222.0,62020862.303,-0.05471795823846726,511.715
US.MSFT,Microsoft,2025-09-16 14:35:00,511.45,511.64,511.8,511.41,0.0,0.0,117422.0,60078012.043,0.04008329504237764,511.435
US.MSFT,Microsoft,2025-09-16 14:40:00,511.63,511.38,511.88,511.33,0.0,0.0,113466.0,58052375.528,-0.050816980689545564,511.64
US.MSFT,Microsoft,2025-09-16 14:45:00,511.3801,511.44,511.59,511.29,0.0,0.0,135413.0,69254307.145,0.01173295787868166,511.38
US.MSFT,Microsoft,2025-09-16 14:50:00,511.455,511.49,511.64,511.31,0.0,0.0,134112.0,68600236.714,0.009776317847648087,511.44
US.MSFT,Microsoft,2025-09-16 14:55:00,511.485,510.66,511.51,510.34,0.0,0.0,263792.0,134779448.815,-0.1622710121409967,511.49
US.MSFT,Microsoft,2025-09-16 15:00:00,510.655,510.59,510.68,510.26,0.0,0.0,237650.0,121317723.19,-0.013707750753936087,510.66
US.MSFT,Microsoft,2025-09-16 15:05:00,510.6274,510.31,510.7199,510.2301,0.0,0.0,139422.0,71169927.616,-0.054838520143358216,510.59
US.MSFT,Microsoft,2025-09-16 15:10:00,510.33,510.3798,510.5651,510.275,0.0,0.0,187377.0,95636847.751,0.01367796045540682,510.31
US.MSFT,Microsoft,2025-09-16 15:15:00,510.37,510.13,510.475,510.115,0.0,0.0,209219.0,106762471.265,-0.04894394331436969,510.3798
US.MSFT,Microsoft,2025-09-16 15:20:00,510.17,510.3257,510.51,510.0,0.0,0.0,240006.0,122460738.181,0.03836277027424147,510.13
US.MSFT,Microsoft,2025-09-16 15:25:00,510.32,510.455,510.65,510.18,0.0,0.0,189487.0,96726642.685,0.025336760425743923,510.3257
US.MSFT,Microsoft,2025-09-16 15:30:00,510.455,510.39,510.68,510.25,0.0,0.0,220887.0,112757591.908,-0.012733737547873512,510.455
US.MSFT,Microsoft,2025-09-16 15:35:00,510.39,510.352,510.53,509.99,0.0,0.0,283729.0,144774471.513,-0.007445286937442136,510.39
US.MSFT,Microsoft,2025-09-16 15:40:00,510.35,509.72,510.385,509.6,0.0,0.0,305027.0,155592271.743,-0.12383609743862042,510.352
US.MSFT,Microsoft,2025-09-16 15:45:00,509.72,509.2501,510.11,509.2501,0.0,0.0,846430.0,431681871.05,-0.09218786784902543,509.72
US.MSFT,Microsoft,2025-09-16 15:50:00,509.31,509.545,509.6299,509.1,0.0,0.0,394238.0,200805231.3,0.05790867787753818,509.2501
US.MSFT,Microsoft,2025-09-16 15:55:00,509.64,508.96,510.2,508.91,0.0,0.0,677461.0,345222540.795,-0.11480830937405653,509.545
US.MSFT,Microsoft,2025-09-16 16:00:00,508.97,509.04,509.96,508.6,0.0,0.0,4255031.0,2166379638.735,0.015718327569954598,508.96
US.MSFT,Microsoft,2025-09-17 09:35:00,510.62,508.97,510.83,508.9,0.0,0.0,681534.0,347654480.864,-0.013751375137512411,509.04
US.MSFT,Microsoft,2025-09-17 09:40:00,508.9747,507.68,509.735,507.5101,0.0,0.0,304061.0,154570799.752,-0.2534530522427688,508.97
US.MSFT,Microsoft,2025-09-17 09:45:00,507.638,507.245,508.045,506.8201,0.0,0.0,308056.0,156273483.706,-0.08568389536716087,507.68
US.MSFT,Microsoft,2025-09-17 09:50:00,507.29,507.7,508.0,506.364,0.0,0.0,330488.0,167636579.355,0.08970024347208629,507.245
US.MSFT,Microsoft,2025-09-17 09:55:00,507.65,506.525,507.92,506.35,0.0,0.0,210544.0,106765835.048,-0.2314358873350426,507.7
US.MSFT,Microsoft,2025-09-17 10:00:00,506.48,506.44,506.74,505.94,0.0,0.0,239850.0,121441602.153,-0.016781007847584926,506.525
US.MSFT,Microsoft,2025-09-17 10:05:00,506.49,506.19,506.8,505.93,0.0,0.0,254317.0,128769514.215,-0.049364189242555874,506.44
US.MSFT,Microsoft,2025-09-17 10:10:00,506.14,506.315,506.7937,506.04,0.0,0.0,161473.0,81781015.365,0.02469428475473636,506.19
US.MSFT,Microsoft,2025-09-17 10:15:00,506.28,507.44,507.5,506.07,0.0,0.0,212905.0,107887219.812,0.22219369364921046,506.315
US.MSFT,Microsoft,2025-09-17 10:20:00,507.4,507.39,507.6395,506.9001,0.0,0.0,137404.0,69711193.363,-0.009853381680595021,507.44
US.MSFT,Microsoft,2025-09-17 10:25:00,507.397,508.175,508.22,507.265,0.0,0.0,148174.0,75260554.621,0.15471333688090524,507.39
US.MSFT,Microsoft,2025-09-17 10:30:00,508.2005,508.2085,508.36,507.9,0.0,0.0,147075.0,74737682.289,0.006592217247995993,508.175
US.MSFT,Microsoft,2025-09-17 10:35:00,508.1718,507.79,508.63,507.74,0.0,0.0,175058.0,88968507.609,-0.08234809138375185,508.2085
US.MSFT,Microsoft,2025-09-17 10:40:00,507.75,507.595,507.83,507.16,0.0,0.0,117721.0,59735367.1,-0.0384017014907724,507.79
US.MSFT,Microsoft,2025-09-17 10:45:00,507.61,507.41,507.8899,507.295,0.0,0.0,82198.0,41723495.011,-0.03644637949546435,507.595
US.MSFT,Microsoft,2025-09-17 10:50:00,507.42,507.81,507.97,507.225,0.0,0.0,81108.0,41176598.475,0.07883171399853713,507.41
US.MSFT,Microsoft,2025-09-17 10:55:00,507.74,507.26,507.7596,507.08,0.0,0.0,88337.0,44812268.53,-0.10830822551742016,507.81
US.MSFT,Microsoft,2025-09-17 11:00:00,507.36,507.25,507.85,507.16,0.0,0.0,68619.0,34821711.586,-0.0019713756259099684,507.26
US.MSFT,Microsoft,2025-09-17 11:05:00,507.28,507.005,507.38,507.0,0.0,0.0,59274.0,30061687.077,-0.048299655002465164,507.25
US.MSFT,Microsoft,2025-09-17 11:10:00,507.005,507.555,507.555,506.96,0.0,0.0,74917.0,38002874.072,0.10848019250303476,507.005
US.MSFT,Microsoft,2025-09-17 11:15:00,507.5899,507.77,507.8358,507.32,0.0,0.0,91983.0,46685719.874,0.042359941287146215,507.555
US.MSFT,Microsoft,2025-09-17 11:20:00,507.77,507.52,507.86,507.42,0.0,0.0,70194.0,35635183.99,-0.0492348898123166,507.77
US.MSFT,Microsoft,2025-09-17 11:25:00,507.5,507.3699,507.775,507.31,0.0,0.0,56729.0,28794774.012,-0.029575189155108966,507.52
US.MSFT,Microsoft,2025-09-17 11:30:00,507.3799,507.1,507.44,506.98,0.0,0.0,67728.0,34353167.354,-0.05319590302853009,507.3699
US.MSFT,Microsoft,2025-09-17 11:35:00,507.03,507.325,507.4999,507.03,0.0,0.0,53952.0,27372439.141,0.04436994675605717,507.1
US.MSFT,Microsoft,2025-09-17 11:40:00,507.34,507.035,507.42,506.995,0.0,0.0,71501.0,36263788.37,-0.057162568373323536,507.325
US.MSFT,Microsoft,2025-09-17 11:45:00,507.0283,507.08,507.1155,506.83,0.0,0.0,53282.0,27014183.513,0.008875126963613767,507.035
US.MSFT,Microsoft,2025-09-17 11:50:00,507.07,507.285,507.42,506.9,0.0,0.0,80029.0,40588419.698,0.04042754594936517,507.08
US.MSFT,Microsoft,2025-09-17 11:55:00,507.3,507.92,508.015,507.11,0.0,0.0,100341.0,50941917.533,0.1251761830134916,507.285
US.MSFT,Microsoft,2025-09-17 12:00:00,507.915,508.2824,508.3287,507.66,0.0,0.0,135718.0,68940517.208,0.07134981886910922,507.92
US.MSFT,Microsoft,2025-09-17 12:05:00,508.26,508.295,508.46,507.9101,0.0,0.0,62299.0,31664396.267,0.0024789369059444854,508.2824
US.MSFT,Microsoft,2025-09-17 12:10:00,508.25,507.715,508.44,507.645,0.0,0.0,66968.0,34022533.383,-0.11410696544330377,508.295
US.MSFT,Microsoft,2025-09-17 12:15:00,507.68,507.59,507.81,507.5,0.0,0.0,58879.0,29888957.308,-0.024620111676826567,507.715
US.MSFT,Microsoft,2025-09-17 12:20:00,507.585,507.795,507.92,507.51,0.0,0.0,48038.0,24390406.56,0.04038692645640003,507.59
US.MSFT,Microsoft,2025-09-17 12:25:00,507.795,508.25,508.32,507.77,0.0,0.0,40557.0,20604457.226,0.08960308786025543,507.795
US.MSFT,Microsoft,2025-09-17 12:30:00,508.242,508.655,508.68,508.19,0.0,0.0,60455.0,30737230.025,0.07968519429414121,508.25
US.MSFT,Microsoft,2025-09-17 12:35:00,508.6,508.46,508.74,508.36,0.0,0.0,76143.0,38725385.266,-0.03833639696847435,508.655
US.MSFT,Microsoft,2025-09-17 12:40:00,508.445,508.52,508.67,508.3461,0.0,0.0,72369.0,36799909.364,0.01180033827636437,508.46
US.MSFT,Microsoft,2025-09-17 12:45:00,508.45,508.285,508.5,508.04,0.0,0.0,61389.0,31200784.534,-0.04621253834656588,508.52
US.MSFT,Microsoft,2025-09-17 12:50:00,508.2199,508.205,508.33,507.93,0.0,0.0,45278.0,23006226.765,-0.015739201432275383,508.285
US.MSFT,Microsoft,2025-09-17 12:55:00,508.21,508.205,508.56,508.025,0.0,0.0,55158.0,28038922.238,0.0,508.205
US.MSFT,Microsoft,2025-09-17 13:00:00,508.23,508.14,508.405,508.055,0.0,0.0,47161.0,23967141.11,-0.012790114225558136,508.205
US.MSFT,Microsoft,2025-09-17 13:05:00,508.1251,508.5,508.59,508.1251,0.0,0.0,75253.0,38254167.052,0.0708466170740374,508.14
US.MSFT,Microsoft,2025-09-17 13:10:00,508.51,508.43,508.65,508.3301,0.0,0.0,56101.0,28527764.501,-0.013765978367746937,508.5
US.MSFT,Microsoft,2025-09-17 13:15:00,508.43,508.53,508.59,508.325,0.0,0.0,44019.0,22381940.358,0.019668390928931394,508.43
US.MSFT,Microsoft,2025-09-17 13:20:00,508.5,508.75,508.8,508.41,0.0,0.0,65593.0,33355823.738,0.04326195111400061,508.53
US.MSFT,Microsoft,2025-09-17 13:25:00,508.7966,508.4499,508.91,508.43,0.0,0.0,65011.0,33064855.793,-0.05898771498771229,508.75
US.MSFT,Microsoft,2025-09-17 13:30:00,508.42,508.49,508.57,508.38,0.0,0.0,50173.0,25511569.211,0.007886716075663573,508.4499
US.MSFT,Microsoft,2025-09-17 13:35:00,508.48,508.905,508.955,508.48,0.0,0.0,53654.0,27292650.589,0.08161419103619809,508.49
US.MSFT,Microsoft,2025-09-17 13:40:00,508.88,509.745,509.82,508.87,0.0,0.0,99729.0,50798306.065,0.16506027647596935,508.905
US.MSFT,Microsoft,2025-09-17 13:45:00,509.79,509.427075,509.97,509.42,0.0,0.0,91033.0,46407309.17,-0.062369420004120185,509.745
US.MSFT,Microsoft,2025-09-17 13:50:00,509.47,509.3601,509.52,509.0501,0.0,0.0,76404.0,38912340.593,-0.013147122186235106,509.427075
US.MSFT,Microsoft,2025-09-17 13:55:00,509.36,509.16,509.5493,509.06,0.0,0.0,71001.0,36161771.826,-0.039284584717170334,509.3601
US.MSFT,Microsoft,2025-09-17 14:00:00,509.22,509.5125,509.66,509.14,0.0,0.0,101428.0,51663456.887,0.06923167570114769,509.16
US.MSFT,Microsoft,2025-09-17 14:05:00,509.68,508.59,510.42,508.41,0.0,0.0,266072.0,135572028.057,-0.1810554206226567,509.5125
US.MSFT,Microsoft,2025-09-17 14:10:00,508.64,508.035,508.8082,507.95,0.0,0.0,174826.0,88879907.919,-0.10912522857310407,508.59
US.MSFT,Microsoft,2025-09-17 14:15:00,508.015,507.06,508.2,507.06,0.0,0.0,219154.0,111272445.438,-0.19191591130532792,508.035
US.MSFT,Microsoft,2025-09-17 14:20:00,507.11,507.47,507.59,506.69,0.0,0.0,143679.0,72878580.097,0.08085828107127854,507.06
US.MSFT,Microsoft,2025-09-17 14:25:00,507.43,508.05,508.2199,506.85,0.0,0.0,109827.0,55747710.206,0.11429247049086333,507.47
US.MSFT,Microsoft,2025-09-17 14:30:00,508.065,508.87,508.9199,507.9,0.0,0.0,75681.0,38472343.879,0.1614014368664488,508.05
US.MSFT,Microsoft,2025-09-17 14:35:00,508.92,507.91,509.13,507.58,0.0,0.0,123031.0,62535232.566,-0.18865329062432046,508.87
US.MSFT,Microsoft,2025-09-17 14:40:00,507.94,506.97,508.36,506.96,0.0,0.0,141616.0,71893706.095,-0.18507215845326883,507.91
US.MSFT,Microsoft,2025-09-17 14:45:00,506.89,507.12,507.7399,506.58,0.0,0.0,163947.0,83136583.585,0.029587549559141026,506.97
US.MSFT,Microsoft,2025-09-17 14:50:00,507.21,508.3,508.3,506.52,0.0,0.0,147107.0,74628757.475,0.23268654361886867,507.12
US.MSFT,Microsoft,2025-09-17 14:55:00,508.24,507.2501,508.43,506.84,0.0,0.0,143009.0,72578641.385,-0.2065512492622539,508.3
US.MSFT,Microsoft,2025-09-17 15:00:00,507.42,508.7419,508.825,507.27,0.0,0.0,129432.0,65751945.598,0.29409555562433837,507.2501
US.MSFT,Microsoft,2025-09-17 15:05:00,508.755,509.94,510.05,508.645,0.0,0.0,186437.0,94979490.192,0.23550252102294125,508.7419
US.MSFT,Microsoft,2025-09-17 15:10:00,509.96,510.485,510.91,509.7601,0.0,0.0,221622.0,113100196.972,0.10687531866494408,509.94
US.MSFT,Microsoft,2025-09-17 15:15:00,510.56,509.5,511.07,509.2,0.0,0.0,198903.0,101477430.492,-0.1929537596599339,510.485
US.MSFT,Microsoft,2025-09-17 15:20:00,509.52,510.35,510.72,509.52,0.0,0.0,113043.0,57665536.902,0.1668302257114863,509.5
US.MSFT,Microsoft,2025-09-17 15:25:00,510.43,510.85,511.005,510.1245,0.0,0.0,127233.0,64965695.398,0.09797198001371607,510.35
US.MSFT,Microsoft,2025-09-17 15:30:00,510.85,510.82,511.21,510.48,0.0,0.0,146112.0,74644378.295,-0.005872565332295108,510.85
US.MSFT,Microsoft,2025-09-17 15:35:00,510.84,510.38,511.29,510.08,0.0,0.0,179618.0,91743450.932,-0.08613601660075912,510.82
US.MSFT,Microsoft,2025-09-17 15:40:00,510.34,510.12,510.84,510.1,0.0,0.0,132052.0,67416097.362,-0.05094243504839353,510.38
US.MSFT,Microsoft,2025-09-17 15:45:00,510.16,509.74,510.3,509.74,0.0,0.0,141967.0,72405363.674,-0.07449227632713783,510.12
US.MSFT,Microsoft,2025-09-17 15:50:00,509.65,509.65,509.86,509.28,0.0,0.0,173197.0,88257883.677,-0.017656059952138703,509.74
US.MSFT,Microsoft,2025-09-17 15:55:00,509.64,509.45,509.93,509.0301,0.0,0.0,353799.0,180203022.774,-0.03924261748258386,509.65
US.MSFT,Microsoft,2025-09-17 16:00:00,509.4,510.02,510.22,509.11,0.0,0.0,4238966.0,2161451501.257,0.11188536657179178,509.45
US.MSFT,Microsoft,2025-09-18 09:35:00,511.49,509.18,511.49,507.685,0.0,0.0,844873.0,430422551.642,-0.16469942355201267,510.02
US.MSFT,Microsoft,2025-09-18 09:40:00,509.145,508.79,510.59,508.5,0.0,0.0,485129.0,247016112.493,-0.07659373895282343,509.18
US.MSFT,Microsoft,2025-09-18 09:45:00,508.8097,508.175,509.21,508.175,0.0,0.0,268835.0,136751546.41,-0.12087501719766683,508.79
US.MSFT,Microsoft,2025-09-18 09:50:00,508.2,509.38,509.39,507.66,0.0,0.0,270510.0,137528622.19,0.23712303832340909,508.175
US.MSFT,Microsoft,2025-09-18 09:55:00,509.38,510.29,510.94,509.38,0.0,0.0,231782.0,118290676.973,0.17864855314304154,509.38
US.MSFT,Microsoft,2025-09-18 10:00:00,510.225,510.07,510.56,509.29,0.0,0.0,254743.0,129913194.779,-0.04311273981462056,510.29
US.MSFT,Microsoft,2025-09-18 10:05:00,510.025,509.41,510.29,509.22,0.0,0.0,209739.0,106891826.579,-0.1293940047444406,510.07
US.MSFT,Microsoft,2025-09-18 10:10:00,509.393,510.35,510.44,509.255,0.0,0.0,187522.0,95594616.599,0.1845271981311709,509.41
US.MSFT,Microsoft,2025-09-18 10:15:00,510.375,511.155,511.42,510.375,0.0,0.0,264281.0,135041244.633,0.1577348878220731,510.35
US.MSFT,Microsoft,2025-09-18 10:20:00,511.19,511.45,512.0,511.01,0.0,0.0,219737.0,112383804.082,0.05771243556260154,511.155
US.MSFT,Microsoft,2025-09-18 10:25:00,511.405,511.1,511.89,510.985,0.0,0.0,152100.0,77781060.741,-0.06843288689020743,511.45
US.MSFT,Microsoft,2025-09-18 10:30:00,511.13,511.635,511.86,511.11,0.0,0.0,144126.0,73728636.022,0.1046761886127897,511.1
US.MSFT,Microsoft,2025-09-18 10:35:00,511.73,512.3575,512.958,511.73,0.0,0.0,273454.0,140114980.902,0.14121395135203185,511.635
US.MSFT,Microsoft,2025-09-18 10:40:00,512.325,512.445,512.91,512.2,0.0,0.0,159487.0,81752728.716,0.017077919226339215,512.3575
US.MSFT,Microsoft,2025-09-18 10:45:00,512.49,512.07,513.07,512.03,0.0,0.0,131372.0,67339686.058,-0.07317858501888007,512.445
US.MSFT,Microsoft,2025-09-18 10:50:00,512.06,511.7,512.06,511.07,0.0,0.0,146599.0,74988933.894,-0.07225574628469962,512.07
US.MSFT,Microsoft,2025-09-18 10:55:00,511.66,510.53,512.25,510.53,0.0,0.0,172236.0,88077790.976,-0.2286495993746367,511.7
US.MSFT,Microsoft,2025-09-18 11:00:00,510.545,511.175,511.37,510.545,0.0,0.0,144055.0,73612212.05,0.12633929445870737,510.53
US.MSFT,Microsoft,2025-09-18 11:05:00,511.23,510.664578,511.52,510.65,0.0,0.0,107769.0,55093755.412,-0.09985269232650373,511.175
US.MSFT,Microsoft,2025-09-18 11:10:00,510.695,511.01,511.09,510.0,0.0,0.0,214631.0,109616835.095,0.06764166047169713,510.664578
US.MSFT,Microsoft,2025-09-18 11:15:00,511.03,510.805,511.09,510.48,0.0,0.0,146661.0,74922110.086,-0.04011663176845543,511.01
US.MSFT,Microsoft,2025-09-18 11:20:00,510.8,511.135,511.22,510.55,0.0,0.0,116174.0,59352984.881,0.06460390951536968,510.805
US.MSFT,Microsoft,2025-09-18 11:25:00,511.135,510.84,511.455,510.5,0.0,0.0,100290.0,51232684.31,-0.05771469376975084,511.135
US.MSFT,Microsoft,2025-09-18 11:30:00,510.875,510.52,511.0,510.341,0.0,0.0,82551.0,42160301.058,-0.06264192310703805,510.84
US.MSFT,Microsoft,2025-09-18 11:35:00,510.543,510.5,510.7799,510.34,0.0,0.0,90692.0,46304033.817,-0.003917574238028247,510.52
US.MSFT,Microsoft,2025-09-18 11:40:00,510.42,510.22,510.45,509.81,0.0,0.0,120051.0,61237889.979,-0.05484818805092512,510.5
US.MSFT,Microsoft,2025-09-18 11:45:00,510.2399,510.02,510.2399,509.8321,0.0,0.0,67780.0,34571783.671,-0.03919877699816657,510.22
US.MSFT,Microsoft,2025-09-18 11:50:00,510.06,509.5869,510.14,509.44,0.0,0.0,79623.0,40582909.685,-0.08491823850044461,510.02
US.MSFT,Microsoft,2025-09-18 11:55:00,509.55,508.58,509.64,508.29,0.0,0.0,152227.0,77463209.863,-0.19759142160052195,509.5869
US.MSFT,Microsoft,2025-09-18 12:00:00,508.595,508.155,508.862,508.155,0.0,0.0,139208.0,70792875.674,-0.0835660073144857,508.58
US.MSFT,Microsoft,2025-09-18 12:05:00,508.13,508.7,508.82,507.875,0.0,0.0,246024.0,125078714.948,0.10725074042369277,508.155
US.MSFT,Microsoft,2025-09-18 12:10:00,508.72,508.78,509.09,508.45,0.0,0.0,167972.0,85468632.233,0.015726361313148043,508.7
US.MSFT,Microsoft,2025-09-18 12:15:00,508.74,508.8504,508.8927,508.21,0.0,0.0,131507.0,66873267.415,0.01383702189551603,508.78
US.MSFT,Microsoft,2025-09-18 12:20:00,508.815,508.9495,509.29,508.7839,0.0,0.0,133344.0,67877661.58,0.019475272103553674,508.8504
US.MSFT,Microsoft,2025-09-18 12:25:00,508.925,508.9805,509.21,508.75,0.0,0.0,92285.0,46970826.357,0.006090977592080533,508.9495
US.MSFT,Microsoft,2025-09-18 12:30:00,509.0,508.894,509.0461,508.7675,0.0,0.0,70153.0,35701404.268,-0.016994757166532096,508.9805
US.MSFT,Microsoft,2025-09-18 12:35:00,508.8901,509.15,509.345,508.86,0.0,0.0,73275.0,37302357.69,0.05030517160744119,508.894
US.MSFT,Microsoft,2025-09-18 12:40:00,509.1,508.91,509.2,508.8,0.0,0.0,65797.0,33491175.001,-0.047137385839134294,509.15
US.MSFT,Microsoft,2025-09-18 12:45:00,508.8428,509.21,509.265,508.74,0.0,0.0,64389.0,32774810.897,0.058949519561406635,508.91
US.MSFT,Microsoft,2025-09-18 12:50:00,509.24,509.171,509.66,509.171,0.0,0.0,131494.0,66983725.612,-0.007658922644878787,509.21
US.MSFT,Microsoft,2025-09-18 12:55:00,509.195,509.415,509.63,509.185,0.0,0.0,104961.0,53469455.478,0.04792103242329752,509.171
US.MSFT,Microsoft,2025-09-18 13:00:00,509.415,509.505,509.59,509.135,0.0,0.0,292900.0,149113138.942,0.01766732428373232,509.415
US.MSFT,Microsoft,2025-09-18 13:05:00,509.53,509.555,509.8685,509.4303,0.0,0.0,93145.0,47471937.227,0.009813446384237912,509.505
US.MSFT,Microsoft,2025-09-18 13:10:00,509.57,509.975,510.09,509.5002,0.0,0.0,94143.0,47999303.467,0.08242486090805035,509.555
US.MSFT,Microsoft,2025-09-18 13:15:00,509.91,509.51,509.91,509.44,0.0,0.0,78578.0,40047697.677,-0.09118094024217498,509.975
US.MSFT,Microsoft,2025-09-18 13:20:00,509.505,509.575,509.68,509.36,0.0,0.0,96939.0,49392570.2,0.0127573551058856,509.51
US.MSFT,Microsoft,2025-09-18 13:25:00,509.55,509.34,509.62,509.25,0.0,0.0,53914.0,27463809.028,-0.04611686209096083,509.575
US.MSFT,Microsoft,2025-09-18 13:30:00,509.33,509.2,509.36,509.1,0.0,0.0,62204.0,31676351.396,-0.02748655122314885,509.34
US.MSFT,Microsoft,2025-09-18 13:35:00,509.195,509.02,509.24,508.93,0.0,0.0,81337.0,41406475.909,-0.0353495679497264,509.2
US.MSFT,Microsoft,2025-09-18 13:40:00,509.02,509.21,509.2315,508.74,0.0,0.0,74061.0,37691949.812,0.03732662763742048,509.02
US.MSFT,Microsoft,2025-09-18 13:45:00,509.22,509.05,509.22,508.97,0.0,0.0,72117.0,36712781.315,-0.031421221107199034,509.21
US.MSFT,Microsoft,2025-09-18 13:50:00,509.0696,508.9,509.1392,508.81,0.0,0.0,68740.0,34985873.768,-0.029466653570382893,509.05
US.MSFT,Microsoft,2025-09-18 13:55:00,508.9128,508.795,508.99,508.59,0.0,0.0,60855.0,30963996.176,-0.020632737276471084,508.9
US.MSFT,Microsoft,2025-09-18 14:00:00,508.775,508.4,508.8,508.37,0.0,0.0,76514.0,38909834.708,-0.0776344107155217,508.795
US.MSFT,Microsoft,2025-09-18 14:05:00,508.38,508.495,508.6099,508.22,0.0,0.0,109135.0,55486255.568,0.018686073957519134,508.4
US.MSFT,Microsoft,2025-09-18 14:10:00,508.5,508.41,508.6356,508.21,0.0,0.0,135057.0,68670481.525,-0.0167159952408538,508.495
US.MSFT,Microsoft,2025-09-18 14:15:00,508.38,508.425,508.54,508.22,0.0,0.0,118608.0,60295645.806,0.00295037469758391,508.41
US.MSFT,Microsoft,2025-09-18 14:20:00,508.43,507.97,508.56,507.9,0.0,0.0,358996.0,182486424.537,-0.08949205880906408,508.425
US.MSFT,Microsoft,2025-09-18 14:25:00,508.02,508.115,508.24,507.895,0.0,0.0,116505.0,59190108.769,0.02854499281453271,507.97
US.MSFT,Microsoft,2025-09-18 14:30:00,508.115,508.1899,508.3628,508.035,0.0,0.0,100281.0,50958728.179,0.014740757505685471,508.115
US.MSFT,Microsoft,2025-09-18 14:35:00,508.17,508.12,508.24,507.875,0.0,0.0,104442.0,53063382.749,-0.013754700752615956,508.1899
US.MSFT,Microsoft,2025-09-18 14:40:00,508.15,508.705,508.72,508.15,0.0,0.0,105812.0,53789045.522,0.1151302841848342,508.12
US.MSFT,Microsoft,2025-09-18 14:45:00,508.715,508.27,508.7176,508.17,0.0,0.0,125510.0,63805978.077,-0.08551124915225962,508.705
US.MSFT,Microsoft,2025-09-18 14:50:00,508.255,508.59,508.93,508.23,0.0,0.0,137634.0,70000437.944,0.06295866370236157,508.27
US.MSFT,Microsoft,2025-09-18 14:55:00,508.61,508.655,508.79,508.49,0.0,0.0,128537.0,65383506.979,0.01278043217522911,508.59
US.MSFT,Microsoft,2025-09-18 15:00:00,508.63,508.82,508.9,508.58,0.0,0.0,136959.0,69673242.545,0.032438489742560375,508.655
US.MSFT,Microsoft,2025-09-18 15:05:00,508.8004,509.005,509.02,508.7688,0.0,0.0,176209.0,89643365.52,0.03635863370150589,508.82
US.MSFT,Microsoft,2025-09-18 15:10:00,509.01,509.1515,509.36,508.97,0.0,0.0,199902.0,101784615.652,0.02878164261647787,509.005
US.MSFT,Microsoft,2025-09-18 15:15:00,509.19,509.28,509.47,509.0,0.0,0.0,166575.0,84833872.112,0.025238067647836468,509.1515
US.MSFT,Microsoft,2025-09-18 15:20:00,509.28,509.57,509.66,509.06,0.0,0.0,127744.0,65077302.202,0.056943135406852904,509.28
US.MSFT,Microsoft,2025-09-18 15:25:00,509.58,509.2275,509.625,509.2275,0.0,0.0,122014.0,62156104.899,-0.06721353297878067,509.57
US.MSFT,Microsoft,2025-09-18 15:30:00,509.221,508.8014,509.24,508.635,0.0,0.0,176553.0,89846378.157,-0.08367576377945406,509.2275
US.MSFT,Microsoft,2025-09-18 15:35:00,508.79,508.7999,508.89,508.4,0.0,0.0,190960.0,97134267.993,-0.00029481050956647783,508.8014
US.MSFT,Microsoft,2025-09-18 15:40:00,508.76,508.765,508.91,508.6,0.0,0.0,137369.0,69888798.722,-0.006859278077686979,508.7999
US.MSFT,Microsoft,2025-09-18 15:45:00,508.78,508.395,508.86,508.36,0.0,0.0,150953.0,76773105.218,-0.07272512849744077,508.765
US.MSFT,Microsoft,2025-09-18 15:50:00,508.41,508.32,508.46,508.08,0.0,0.0,236931.0,120420514.64,-0.014752308736314999,508.395
US.MSFT,Microsoft,2025-09-18 15:55:00,508.27,508.5,508.835,508.08,0.0,0.0,424528.0,215883371.661,0.035410764872522586,508.32
US.MSFT,Microsoft,2025-09-18 16:00:00,508.5,508.45,508.72,508.09,0.0,0.0,3763844.0,1913694888.175,-0.009832841691251006,508.5
US.MSFT,Microsoft,2025-09-19 09:35:00,510.56,511.21,512.25,510.31,0.0,0.0,7194720.0,3678665062.74,0.5428262366014339,508.45
US.MSFT,Microsoft,2025-09-19 09:40:00,511.18,511.01,512.28,510.3449,0.0,0.0,455639.0,233040602.149,-0.039122865358656646,511.21
US.MSFT,Microsoft,2025-09-19 09:45:00,511.15,512.41,513.08,511.0727,0.0,0.0,373258.0,191260182.003,0.2739672413455661,511.01
US.MSFT,Microsoft,2025-09-19 09:50:00,512.44,513.835,514.0,512.11,0.0,0.0,356255.0,182784687.619,0.27809761714253595,512.41
US.MSFT,Microsoft,2025-09-19 09:55:00,513.835,514.1799,514.68,513.49,0.0,0.0,289759.0,148983867.577,0.06712271449004811,513.835
US.MSFT,Microsoft,2025-09-19 10:00:00,514.16,514.325,514.88,513.9648,0.0,0.0,257562.0,132471363.608,0.028219695091167587,514.1799
US.MSFT,Microsoft,2025-09-19 10:05:00,514.38,513.8152,514.625,513.154,0.0,0.0,252409.0,129694985.761,-0.09912020609537571,514.325
US.MSFT,Microsoft,2025-09-19 10:10:00,513.75,513.4083,514.48,513.4083,0.0,0.0,175805.0,90360566.651,-0.07919189623038604,513.8152
US.MSFT,Microsoft,2025-09-19 10:15:00,513.455,513.145,513.655,512.9475,0.0,0.0,194651.0,99916279.945,-0.05128471822525503,513.4083
US.MSFT,Microsoft,2025-09-19 10:20:00,513.16,512.1799,513.18,512.11,0.0,0.0,150695.0,77248867.52,-0.1880754952303943,513.145
US.MSFT,Microsoft,2025-09-19 10:25:00,512.18,512.87,513.0,511.95,0.0,0.0,194096.0,99456518.408,0.13473781380331978,512.1799
US.MSFT,Microsoft,2025-09-19 10:30:00,512.87,513.11,513.46,512.59,0.0,0.0,210634.0,108051260.495,0.04679548423577302,512.87
US.MSFT,Microsoft,2025-09-19 10:35:00,513.09,513.14,513.345,512.872,0.0,0.0,108031.0,55430535.319,0.005846699538105419,513.11
US.MSFT,Microsoft,2025-09-19 10:40:00,513.19,512.78,513.48,512.4601,0.0,0.0,367691.0,188686542.428,-0.07015629262969436,513.14
US.MSFT,Microsoft,2025-09-19 10:45:00,512.765,513.2,513.29,512.58,0.0,0.0,184856.0,94809185.542,0.08190647061119248,512.78
US.MSFT,Microsoft,2025-09-19 10:50:00,513.19,513.49,513.58,512.7786,0.0,0.0,190183.0,97597642.371,0.056508183943874433,513.2
US.MSFT,Microsoft,2025-09-19 10:55:00,513.46,513.14,513.6,512.8484,0.0,0.0,146818.0,75349705.305,-0.06816101579388552,513.49
US.MSFT,Microsoft,2025-09-19 11:00:00,513.09,513.69,513.8,513.01,0.0,0.0,119556.0,61380887.656,0.10718322485093117,513.14
US.MSFT,Microsoft,2025-09-19 11:05:00,513.73,513.38,513.955,513.36,0.0,0.0,117154.0,60173312.205,-0.0603476805077107,513.69
US.MSFT,Microsoft,2025-09-19 11:10:00,513.36,512.46,513.36,512.42,0.0,0.0,155954.0,79975277.182,-0.1792044879036891,513.38
US.MSFT,Microsoft,2025-09-19 11:15:00,512.44,512.015,512.6025,511.94,0.0,0.0,232248.0,118978069.398,-0.08683604574016508,512.46
US.MSFT,Microsoft,2025-09-19 11:20:00,512.06,512.945,513.0,511.875,0.0,0.0,150981.0,77365956.145,0.18163530365322572,512.015
US.MSFT,Microsoft,2025-09-19 11:25:00,512.91,512.95,513.08,512.75,0.0,0.0,171044.0,87733252.266,0.0009747633761895431,512.945
US.MSFT,Microsoft,2025-09-19 11:30:00,512.945,512.22,512.945,512.04,0.0,0.0,594497.0,304746491.207,-0.14231406569841468,512.95
US.MSFT,Microsoft,2025-09-19 11:35:00,512.225,511.975,512.27,511.42,0.0,0.0,300411.0,153713748.315,-0.04783101011284303,512.22
US.MSFT,Microsoft,2025-09-19 11:40:00,511.975,511.55,512.05,511.55,0.0,0.0,101259.0,51825025.46,-0.08301186581376266,511.975
US.MSFT,Microsoft,2025-09-19 11:45:00,511.55,511.43,511.6399,511.32,0.0,0.0,97209.0,49721306.562,-0.02345811748607263,511.55
US.MSFT,Microsoft,2025-09-19 11:50:00,511.49,511.93,511.97,511.44,0.0,0.0,73245.0,37478469.103,0.09776509004164793,511.43
US.MSFT,Microsoft,2025-09-19 11:55:00,511.895,511.86,512.15,511.86,0.0,0.0,77498.0,39678135.144,-0.013673744457248681,511.93
US.MSFT,Microsoft,2025-09-19 12:00:00,511.83,511.88,511.99,511.595,0.0,0.0,68148.0,34879798.393,0.003907318407373463,511.86
US.MSFT,Microsoft,2025-09-19 12:05:00,511.92,512.42,512.4295,511.92,0.0,0.0,98533.0,50466239.622,0.1054934750332038,511.88
US.MSFT,Microsoft,2025-09-19 12:10:00,512.4216,512.53,512.82,512.4216,0.0,0.0,220493.0,113047061.009,0.02146676554389244,512.42
US.MSFT,Microsoft,2025-09-19 12:15:00,512.5,512.65,512.8082,512.31,0.0,0.0,173741.0,89050086.286,0.023413263613838126,512.53
US.MSFT,Microsoft,2025-09-19 12:20:00,512.66,512.87,512.99,512.62,0.0,0.0,96148.0,49306049.097,0.042914268994445975,512.65
US.MSFT,Microsoft,2025-09-19 12:25:00,512.9,513.085,513.2,512.66,0.0,0.0,76450.0,39211966.373,0.041920954627884616,512.87
US.MSFT,Microsoft,2025-09-19 12:30:00,513.075,512.86,513.36,512.75,0.0,0.0,78000.0,40021325.773,-0.04385238313340338,513.085
US.MSFT,Microsoft,2025-09-19 12:35:00,512.8522,511.94,512.96,511.89,0.0,0.0,433258.0,222076802.938,-0.1793861872635838,512.86
US.MSFT,Microsoft,2025-09-19 12:40:00,511.98,512.12,512.49,511.98,0.0,0.0,99219.0,50822898.075,0.035160370355902415,511.94
US.MSFT,Microsoft,2025-09-19 12:45:00,512.14,512.4482,512.4892,512.0,0.0,0.0,75698.0,38774007.997,0.0640865422166754,512.12
US.MSFT,Microsoft,2025-09-19 12:50:00,512.44,512.525,512.68,512.25,0.0,0.0,58890.0,30179062.073,0.01498688062518996,512.4482
US.MSFT,Microsoft,2025-09-19 12:55:00,512.5499,512.073,512.5499,512.073,0.0,0.0,262700.0,134628925.96,-0.08819081996000161,512.525
US.MSFT,Microsoft,2025-09-19 13:00:00,512.1,512.335,512.7004,512.095,0.0,0.0,179112.0,91782130.848,0.051164580050121235,512.073
US.MSFT,Microsoft,2025-09-19 13:05:00,512.335,512.305,512.645,512.15,0.0,0.0,122551.0,62791868.945,-0.005855543736048952,512.335
US.MSFT,Microsoft,2025-09-19 13:10:00,512.29,511.8325,512.29,511.5801,0.0,0.0,129342.0,66200837.895,-0.09223021442304256,512.305
US.MSFT,Microsoft,2025-09-19 13:15:00,511.84,511.905,512.02,511.72,0.0,0.0,69477.0,35565896.668,0.014164790238992427,511.8325
US.MSFT,Microsoft,2025-09-19 13:20:00,511.89,511.605,512.0,511.605,0.0,0.0,68422.0,35021826.692,-0.05860462390481721,511.905
US.MSFT,Microsoft,2025-09-19 13:25:00,511.63,511.565,511.7699,511.495,0.0,0.0,85806.0,43901152.423,-0.00781853187518114,511.605
US.MSFT,Microsoft,2025-09-19 13:30:00,511.55,511.69,511.75,511.45,0.0,0.0,87090.0,44554249.505,0.02443482255431861,511.565
US.MSFT,Microsoft,2025-09-19 13:35:00,511.69,511.16,511.7,511.16,0.0,0.0,116182.0,59428604.006,-0.10357833844710132,511.69
US.MSFT,Microsoft,2025-09-19 13:40:00,511.19,511.25,511.29,511.07,0.0,0.0,134844.0,68930686.985,0.017607011503242623,511.16
US.MSFT,Microsoft,2025-09-19 13:45:00,511.25,511.69,511.7299,511.22,0.0,0.0,113999.0,58301006.99,0.08606356968215115,511.25
US.MSFT,Microsoft,2025-09-19 13:50:00,511.71,511.47,511.78,511.34,0.0,0.0,83332.0,42626245.522,-0.04299478199690642,511.69
US.MSFT,Microsoft,2025-09-19 13:55:00,511.48,511.45,511.7399,511.41,0.0,0.0,79732.0,40788083.751,-0.0039102977691826794,511.47
US.MSFT,Microsoft,2025-09-19 14:00:00,511.45,511.405,511.45,510.95,0.0,0.0,157918.0,80723177.469,-0.008798514028744925,511.45
US.MSFT,Microsoft,2025-09-19 14:05:00,511.405,511.0944,511.43,511.02,0.0,0.0,102813.0,52556943.5,-0.06073464279777581,511.405
US.MSFT,Microsoft,2025-09-19 14:10:00,511.1,510.665,511.17,510.35,0.0,0.0,137946.0,70444519.509,-0.0840157904293193,511.0944
US.MSFT,Microsoft,2025-09-19 14:15:00,510.652,511.115,511.3,510.601,0.0,0.0,366481.0,187173641.673,0.0881203920378308,510.665
US.MSFT,Microsoft,2025-09-19 14:20:00,511.1178,510.85,511.125,510.7335,0.0,0.0,98611.0,50380540.538,-0.05184743159562649,511.115
US.MSFT,Microsoft,2025-09-19 14:25:00,510.855,510.94,511.09,510.855,0.0,0.0,128512.0,65667145.487,0.017617695996863067,510.85
US.MSFT,Microsoft,2025-09-19 14:30:00,510.94,510.7,510.99,510.5201,0.0,0.0,133072.0,67968385.728,-0.04697224723059637,510.94
US.MSFT,Microsoft,2025-09-19 14:35:00,510.68,511.01,511.07,510.5397,0.0,0.0,107328.0,54822965.338,0.06070099862933273,510.7
US.MSFT,Microsoft,2025-09-19 14:40:00,511.03,511.525,511.525,510.97,0.0,0.0,121444.0,62084432.048,0.10078080663783222,511.01
US.MSFT,Microsoft,2025-09-19 14:45:00,511.51,511.5892,511.88,510.98,0.0,0.0,179172.0,91636619.996,0.012550706221597775,511.525
US.MSFT,Microsoft,2025-09-19 14:50:00,511.55,510.84,511.6,510.7201,0.0,0.0,144336.0,73759862.916,-0.14644562473172426,511.5892
US.MSFT,Microsoft,2025-09-19 14:55:00,510.855,511.48,511.61,510.76,0.0,0.0,165707.0,84695443.643,0.12528384621408722,510.84
US.MSFT,Microsoft,2025-09-19 15:00:00,511.47,511.46,511.6166,511.2401,0.0,0.0,161756.0,82721067.107,-0.003910221318534185,511.48
US.MSFT,Microsoft,2025-09-19 15:05:00,511.445,511.35,511.73,511.32,0.0,0.0,126584.0,64747940.35,-0.02150705822546373,511.46
US.MSFT,Microsoft,2025-09-19 15:10:00,511.355,511.28,511.39,511.175,0.0,0.0,246287.0,125917317.316,-0.013689253935670288,511.35
US.MSFT,Microsoft,2025-09-19 15:15:00,511.28,511.575,511.6644,511.08,0.0,0.0,413906.0,211621385.6,0.057698325770618036,511.28
US.MSFT,Microsoft,2025-09-19 15:20:00,511.575,511.3,511.9399,511.29,0.0,0.0,209637.0,107253683.46,-0.053755558813463764,511.575
US.MSFT,Microsoft,2025-09-19 15:25:00,511.34,511.28,511.4,510.89,0.0,0.0,180825.0,92435101.905,-0.0039115978877447,511.3
US.MSFT,Microsoft,2025-09-19 15:30:00,511.31,511.17,511.7,511.15,0.0,0.0,240274.0,122874129.354,-0.02151462994835644,511.28
US.MSFT,Microsoft,2025-09-19 15:35:00,511.19,511.29,511.44,511.06,0.0,0.0,222935.0,113975036.615,0.02347555607723547,511.17
US.MSFT,Microsoft,2025-09-19 15:40:00,511.29,511.12,511.55,511.07,0.0,0.0,314065.0,160582570.726,-0.03324923233390364,511.29
US.MSFT,Microsoft,2025-09-19 15:45:00,511.105,510.97,511.15,510.825,0.0,0.0,533814.0,272892829.067,-0.029347315698852964,511.12
US.MSFT,Microsoft,2025-09-19 15:50:00,510.97,512.12,512.25,510.97,0.0,0.0,425134.0,217475299.087,0.22506213672035094,510.97
US.MSFT,Microsoft,2025-09-19 15:55:00,512.14,516.97,517.7665,512.14,0.0,0.0,1944599.0,1003462530.92,0.9470436616418072,512.12
US.MSFT,Microsoft,2025-09-19 16:00:00,516.89,517.93,519.3,516.7109,0.0,0.0,20227264.0,10476094046.419,0.18569742925119884,516.97
US.MSFT,Microsoft,2025-09-22 09:35:00,515.59,515.15,517.74,514.74,0.0,0.0,978398.0,504778738.752,-0.5367520707431455,517.93
US.MSFT,Microsoft,2025-09-22 09:40:00,515.22,516.18,516.335,514.3,0.0,0.0,414385.0,213514240.526,0.19994176453459628,515.15
US.MSFT,Microsoft,2025-09-22 09:45:00,516.1801,515.57,516.22,515.292,0.0,0.0,309534.0,159649162.942,-0.11817583013675462,516.18
US.MSFT,Microsoft,2025-09-22 09:50:00,515.575,515.11,515.84,515.01,0.0,0.0,247157.0,127391417.164,-0.0892216381868682,515.57
US.MSFT,Microsoft,2025-09-22 09:55:00,515.13,515.46,515.55,514.545,0.0,0.0,271849.0,140016834.255,0.06794665217138528,515.11
US.MSFT,Microsoft,2025-09-22 10:00:00,515.5,514.53,515.5,514.4,0.0,0.0,267539.0,137758818.074,-0.18042137120243348,515.46
US.MSFT,Microsoft,2025-09-22 10:05:00,514.49,513.54,514.61,513.06,0.0,0.0,371178.0,190728999.164,-0.19240860591219347,514.53
US.MSFT,Microsoft,2025-09-22 10:10:00,513.51,513.0351,513.7999,512.895,0.0,0.0,280509.0,144002126.781,-0.09831756046265275,513.54
US.MSFT,Microsoft,2025-09-22 10:15:00,512.98,512.9499,513.1699,512.545,0.0,0.0,296986.0,152315248.506,-0.01660705086262126,513.0351
US.MSFT,Microsoft,2025-09-22 10:20:00,512.935,513.74,513.76,512.7,0.0,0.0,252951.0,129797219.039,0.1540306373000662,512.9499
US.MSFT,Microsoft,2025-09-22 10:25:00,513.78,514.4,514.42,513.73,0.0,0.0,217779.0,111955316.946,0.12846965391053222,513.74
US.MSFT,Microsoft,2025-09-22 10:30:00,514.39,514.57,514.88,514.14,0.0,0.0,150491.0,77426009.8,0.0330482115085678,514.4
US.MSFT,Microsoft,2025-09-22 10:35:00,514.59,515.19,515.48,514.54,0.0,0.0,286534.0,147574950.608,0.12048895194045602,514.57
US.MSFT,Microsoft,2025-09-22 10:40:00,515.19,515.895,516.0,515.19,0.0,0.0,156848.0,80902918.034,0.13684271822044822,515.19
US.MSFT,Microsoft,2025-09-22 10:45:00,515.9,516.225,516.3,515.87,0.0,0.0,176468.0,91069131.883,0.06396650481203364,515.895
US.MSFT,Microsoft,2025-09-22 10:50:00,516.2,515.91,516.6,515.83,0.0,0.0,199634.0,103063640.838,-0.06101990411158982,516.225
US.MSFT,Microsoft,2025-09-22 10:55:00,515.92,515.95,516.31,515.78,0.0,0.0,124075.0,64030940.142,0.00775329030258714,515.91
US.MSFT,Microsoft,2025-09-22 11:00:00,515.94,515.925,516.09,515.71,0.0,0.0,122555.0,63228340.693,-0.004845430758812084,515.95
US.MSFT,Microsoft,2025-09-22 11:05:00,515.9,515.83,516.26,515.78,0.0,0.0,207199.0,106916638.771,-0.018413529098204897,515.925
US.MSFT,Microsoft,2025-09-22 11:10:00,515.83,515.745,516.02,515.61,0.0,0.0,216075.0,111491849.486,-0.01647829711339712,515.83
US.MSFT,Microsoft,2025-09-22 11:15:00,515.7,515.345,515.7525,514.945,0.0,0.0,134992.0,69562234.862,-0.0775577077819421,515.745
US.MSFT,Microsoft,2025-09-22 11:20:00,515.315,515.065,515.5679,515.065,0.0,0.0,97564.0,50278390.416,-0.05433253451570748,515.345
US.MSFT,Microsoft,2025-09-22 11:25:00,515.09,515.0766,515.3445,515.0601,0.0,0.0,95788.0,49348015.231,0.0022521429334026446,515.065
US.MSFT,Microsoft,2025-09-22 11:30:00,515.085,515.035,515.215,514.66,0.0,0.0,105179.0,54161869.797,-0.008076468626223117,515.0766
US.MSFT,Microsoft,2025-09-22 11:35:00,515.12,514.845,515.5,514.79,0.0,0.0,131913.0,67962777.665,-0.03689069674875317,515.035
US.MSFT,Microsoft,2025-09-22 11:40:00,514.8605,514.42,514.9078,514.14,0.0,0.0,139121.0,71575682.646,-0.0825491167244643,514.845
US.MSFT,Microsoft,2025-09-22 11:45:00,514.405,514.1,514.47,514.03,0.0,0.0,122598.0,63040845.867,-0.06220597954977185,514.42
US.MSFT,Microsoft,2025-09-22 11:50:00,514.15,514.275,514.49,514.12,0.0,0.0,79466.0,40870156.43,0.03404007002527806,514.1
US.MSFT,Microsoft,2025-09-22 11:55:00,514.28,513.9364,514.4,513.9364,0.0,0.0,87373.0,44926846.595,-0.06584026056097,514.275
US.MSFT,Microsoft,2025-09-22 12:00:00,513.94,513.87,514.05,513.75,0.0,0.0,81981.0,42132050.658,-0.012919886585196962,513.9364
US.MSFT,Microsoft,2025-09-22 12:05:00,513.87,512.94,514.07,512.66,0.0,0.0,249155.0,127902349.541,-0.1809796251970245,513.87
US.MSFT,Microsoft,2025-09-22 12:10:00,512.91,513.2,513.39,512.58,0.0,0.0,219970.0,112847467.833,0.05068818965180935,512.94
US.MSFT,Microsoft,2025-09-22 12:15:00,513.195,513.69,513.97,513.15,0.0,0.0,231581.0,118923520.496,0.09547934528449124,513.2
US.MSFT,Microsoft,2025-09-22 12:20:00,513.63,513.63,513.9999,513.4,0.0,0.0,150401.0,77261178.401,-0.011680196227308126,513.69
US.MSFT,Microsoft,2025-09-22 12:25:00,513.645,514.05,514.13,513.63,0.0,0.0,169684.0,87196719.767,0.08177092459551799,513.63
US.MSFT,Microsoft,2025-09-22 12:30:00,514.0998,514.5741,514.6852,514.03,0.0,0.0,112185.0,57709493.519,0.10195506273710526,514.05
US.MSFT,Microsoft,2025-09-22 12:35:00,514.6,514.94,514.9999,514.54,0.0,0.0,121535.0,62567238.912,0.0711073487763979,514.5741
US.MSFT,Microsoft,2025-09-22 12:40:00,514.96,515.53,515.5899,514.82,0.0,0.0,161325.0,83113424.585,0.11457645550936382,514.94
US.MSFT,Microsoft,2025-09-22 12:45:00,515.52,515.34,515.955,515.1601,0.0,0.0,162606.0,83833034.502,-0.036855275153713826,515.53
US.MSFT,Microsoft,2025-09-22 12:50:00,515.2988,515.225,515.42,514.895,0.0,0.0,113656.0,58552475.897,-0.022315364613654885,515.34
US.MSFT,Microsoft,2025-09-22 12:55:00,515.23,515.135,515.42,515.0,0.0,0.0,137034.0,70597920.228,-0.017468096462716645,515.225
US.MSFT,Microsoft,2025-09-22 13:00:00,515.09,515.005,515.09,514.44,0.0,0.0,102677.0,52852299.425,-0.025236103157423872,515.135
US.MSFT,Microsoft,2025-09-22 13:05:00,514.89,514.78,515.24,514.7318,0.0,0.0,105077.0,54111218.054,-0.04368889622431291,515.005
US.MSFT,Microsoft,2025-09-22 13:10:00,514.805,514.705,514.805,514.5101,0.0,0.0,76158.0,39193936.671,-0.014569330587810674,514.78
US.MSFT,Microsoft,2025-09-22 13:15:00,514.72,514.7,514.8378,514.61,0.0,0.0,79574.0,40958380.173,-0.0009714302367366651,514.705
US.MSFT,Microsoft,2025-09-22 13:20:00,514.7,514.9714,514.98,514.7,0.0,0.0,94065.0,48428536.745,0.05272974548279996,514.7
US.MSFT,Microsoft,2025-09-22 13:25:00,514.98,515.29,515.3,514.87,0.0,0.0,88409.0,45538396.178,0.06186751341918147,514.9714
US.MSFT,Microsoft,2025-09-22 13:30:00,515.32,515.14,515.34,515.0,0.0,0.0,111345.0,57361553.163,-0.02910982165382159,515.29
US.MSFT,Microsoft,2025-09-22 13:35:00,515.11,515.12,515.2,514.89,0.0,0.0,81573.0,42016296.522,-0.0038824397251197365,515.14
US.MSFT,Microsoft,2025-09-22 13:40:00,515.1214,515.0,515.135,514.9209,0.0,0.0,81595.0,42024882.37,-0.0232955427861478,515.12
US.MSFT,Microsoft,2025-09-22 13:45:00,514.96,515.1601,515.24,514.96,0.0,0.0,100427.0,51728949.355,0.031087378640787717,515.0
US.MSFT,Microsoft,2025-09-22 13:50:00,515.14,514.96,515.275,514.925,0.0,0.0,82355.0,42421258.693,-0.038842293881071216,515.1601
US.MSFT,Microsoft,2025-09-22 13:55:00,514.975,514.6491,515.01,514.63,0.0,0.0,76618.0,39442502.483,-0.060373621252147854,514.96
US.MSFT,Microsoft,2025-09-22 14:00:00,514.68,514.535,514.7253,514.41,0.0,0.0,87218.0,44879394.147,-0.02217044584358695,514.6491
US.MSFT,Microsoft,2025-09-22 14:05:00,514.54,514.63,514.69,514.48,0.0,0.0,78801.0,40550034.021,0.018463272663672498,514.535
US.MSFT,Microsoft,2025-09-22 14:10:00,514.635,514.64,514.81,514.5,0.0,0.0,75492.0,38851963.278,0.0019431436177430204,514.63
US.MSFT,Microsoft,2025-09-22 14:15:00,514.62,514.79,514.7944,514.54,0.0,0.0,81696.0,42044365.411,0.029146587906104707,514.64
US.MSFT,Microsoft,2025-09-22 14:20:00,514.78,515.15,515.15,514.53,0.0,0.0,89618.0,46138618.057,0.0699314283494267,514.79
US.MSFT,Microsoft,2025-09-22 14:25:00,515.12,514.81,515.1899,514.76,0.0,0.0,81057.0,41742458.939,-0.06600019411822418,515.15
US.MSFT,Microsoft,2025-09-22 14:30:00,514.8,515.04,515.07,514.72,0.0,0.0,87214.0,44904347.759,0.0446766768322329,514.81
US.MSFT,Microsoft,2025-09-22 14:35:00,515.05,515.35,515.565,515.05,0.0,0.0,122729.0,63244694.549,0.06018949984468374,515.04
US.MSFT,Microsoft,2025-09-22 14:40:00,515.37,515.315,515.48,515.23,0.0,0.0,97923.0,50467668.104,-0.006791500921697519,515.35
US.MSFT,Microsoft,2025-09-22 14:45:00,515.28,515.135,515.3297,515.05,0.0,0.0,103394.0,53264845.264,-0.03493009130338989,515.315
US.MSFT,Microsoft,2025-09-22 14:50:00,515.15,514.22,515.255,514.175,0.0,0.0,148300.0,76352472.28,-0.17762334145417485,515.135
US.MSFT,Microsoft,2025-09-22 14:55:00,514.24,513.821,514.45,513.795,0.0,0.0,189536.0,97446551.827,-0.07759324802613685,514.22
US.MSFT,Microsoft,2025-09-22 15:00:00,513.83,513.95,514.005,513.65,0.0,0.0,121692.0,62533191.24,0.025106019411432985,513.821
US.MSFT,Microsoft,2025-09-22 15:05:00,513.98,513.6513,514.01,513.61,0.0,0.0,124120.0,63774514.872,-0.05811849401693812,513.95
US.MSFT,Microsoft,2025-09-22 15:10:00,513.67,513.32,513.73,513.19,0.0,0.0,221291.0,113619901.109,-0.06449900934738059,513.6513
US.MSFT,Microsoft,2025-09-22 15:15:00,513.3,513.27,513.45,513.19,0.0,0.0,203329.0,104370573.018,-0.009740512740603953,513.32
US.MSFT,Microsoft,2025-09-22 15:20:00,513.26,513.43,513.525,513.2,0.0,0.0,218108.0,111972733.775,0.03117267714847316,513.27
US.MSFT,Microsoft,2025-09-22 15:25:00,513.42,514.11,514.1299,513.289,0.0,0.0,219222.0,112603709.517,0.13244259197944486,513.43
US.MSFT,Microsoft,2025-09-22 15:30:00,514.1,514.435,514.47,514.08,0.0,0.0,173799.0,89383256.788,0.06321604325921142,514.11
US.MSFT,Microsoft,2025-09-22 15:35:00,514.42,514.31,514.6,514.06,0.0,0.0,198793.0,102243480.676,-0.02429850224032191,514.435
US.MSFT,Microsoft,2025-09-22 15:40:00,514.33,514.13,514.36,513.895,0.0,0.0,216730.0,111413618.017,-0.03499834730025665,514.31
US.MSFT,Microsoft,2025-09-22 15:45:00,514.11,514.07,514.43,513.9404,0.0,0.0,214664.0,110371934.659,-0.011670200143921854,514.13
US.MSFT,Microsoft,2025-09-22 15:50:00,514.09,513.998,514.16,513.9,0.0,0.0,167688.0,86199454.737,-0.014005874686327295,514.07
US.MSFT,Microsoft,2025-09-22 15:55:00,514.02,514.41,514.6275,513.78,0.0,0.0,455385.0,234166133.055,0.08015595391420216,513.998
US.MSFT,Microsoft,2025-09-22 16:00:00,514.45,514.45,514.78,513.88,0.0,0.0,4218969.0,2170449484.521,0.007775898602297255,514.41
US.MSFT,Microsoft,2025-09-23 09:35:00,513.8,512.23,514.5899,511.37,0.0,0.0,706066.0,362437094.438,-0.431528817183405,514.45
US.MSFT,Microsoft,2025-09-23 09:40:00,512.15,512.41,512.79,511.7,0.0,0.0,321552.0,164674948.683,0.03514046424456786,512.23
US.MSFT,Microsoft,2025-09-23 09:45:00,512.436,511.025,512.436,510.905,0.0,0.0,330852.0,169226060.618,-0.27029136824027455,512.41
US.MSFT,Microsoft,2025-09-23 09:50:00,511.07,511.17,511.8176,510.375,0.0,0.0,240169.0,122744648.179,0.028374345677811975,511.025
US.MSFT,Microsoft,2025-09-23 09:55:00,511.1699,511.35,511.53,510.71,0.0,0.0,230476.0,117802498.294,0.0352133341158532,511.17
US.MSFT,Microsoft,2025-09-23 10:00:00,511.24,511.75,511.9226,511.085,0.0,0.0,163624.0,83697655.052,0.07822430820376987,511.35
US.MSFT,Microsoft,2025-09-23 10:05:00,511.68,512.59,512.59,511.41,0.0,0.0,352286.0,180335391.928,0.1641426477772412,511.75
US.MSFT,Microsoft,2025-09-23 10:10:00,512.59,512.77,512.865,512.2,0.0,0.0,167273.0,85744433.106,0.03511578454514329,512.59
US.MSFT,Microsoft,2025-09-23 10:15:00,512.765,512.94,513.0632,512.48,0.0,0.0,188515.0,96679331.828,0.03315326559667546,512.77
US.MSFT,Microsoft,2025-09-23 10:20:00,512.9,511.83,513.01,511.7501,0.0,0.0,159345.0,81649572.474,-0.21639957889813044,512.94
US.MSFT,Microsoft,2025-09-23 10:25:00,511.85,511.745,512.18,511.61,0.0,0.0,192012.0,98294264.38,-0.016607076568387853,511.83
US.MSFT,Microsoft,2025-09-23 10:30:00,511.72,511.555,512.0,511.555,0.0,0.0,115987.0,59363273.616,-0.03712786641784438,511.745
US.MSFT,Microsoft,2025-09-23 10:35:00,511.6,511.07,511.63,511.034877,0.0,0.0,137187.0,70150911.096,-0.09480896482294447,511.555
US.MSFT,Microsoft,2025-09-23 10:40:00,511.11,511.45,511.6899,510.96,0.0,0.0,152520.0,77986722.525,0.07435380671923522,511.07
US.MSFT,Microsoft,2025-09-23 10:45:00,511.465,511.205,511.75,511.02,0.0,0.0,101023.0,51658975.522,-0.04790302082315076,511.45
US.MSFT,Microsoft,2025-09-23 10:50:00,511.24,511.36,511.52,511.14,0.0,0.0,101596.0,51952198.367,0.030320517209344505,511.205
US.MSFT,Microsoft,2025-09-23 10:55:00,511.34,511.64,511.71,511.29,0.0,0.0,107013.0,54736197.545,0.054755944931158616,511.36
US.MSFT,Microsoft,2025-09-23 11:00:00,511.69,511.07,511.69,510.85,0.0,0.0,140158.0,71641599.754,-0.11140645766554474,511.64
US.MSFT,Microsoft,2025-09-23 11:05:00,511.12,511.215,511.3681,510.84,0.0,0.0,142358.0,72759961.288,0.02837184730075759,511.07
US.MSFT,Microsoft,2025-09-23 11:10:00,511.19,511.05,511.21,510.88,0.0,0.0,115153.0,58846198.257,-0.032276048238014075,511.215
US.MSFT,Microsoft,2025-09-23 11:15:00,511.11,511.275,511.31,510.85,0.0,0.0,112651.0,57575274.695,0.04402700322864023,511.05
US.MSFT,Microsoft,2025-09-23 11:20:00,511.3,511.225,511.425,510.93,0.0,0.0,99794.0,51014780.566,-0.009779472886402529,511.275
US.MSFT,Microsoft,2025-09-23 11:25:00,511.2,511.14,511.33,511.07,0.0,0.0,101211.0,51736110.504,-0.016626729913450315,511.225
US.MSFT,Microsoft,2025-09-23 11:30:00,511.19,510.91,511.32,510.87,0.0,0.0,159479.0,81510412.175,-0.04499745666548526,511.14
US.MSFT,Microsoft,2025-09-23 11:35:00,510.925,510.92,511.19,510.79,0.0,0.0,140144.0,71611566.291,0.0019572918909379158,510.91
US.MSFT,Microsoft,2025-09-23 11:40:00,510.92,510.6158,511.08,510.61,0.0,0.0,99418.0,50787538.667,-0.059539653957574,510.92
US.MSFT,Microsoft,2025-09-23 11:45:00,510.68,511.02,511.0827,510.54,0.0,0.0,142030.0,72548664.501,0.07915932096108326,510.6158
US.MSFT,Microsoft,2025-09-23 11:50:00,511.04,510.375,511.09,510.3,0.0,0.0,152439.0,77843247.171,-0.12621815193142769,511.02
US.MSFT,Microsoft,2025-09-23 11:55:00,510.39,510.15,510.54,509.84,0.0,0.0,234864.0,119833581.95,-0.04408523144746956,510.375
US.MSFT,Microsoft,2025-09-23 12:00:00,510.155,510.37,510.4794,510.03,0.0,0.0,147349.0,75175843.481,0.04312457120455303,510.15
US.MSFT,Microsoft,2025-09-23 12:05:00,510.37,510.54,510.56,510.19,0.0,0.0,108830.0,55546675.026,0.0333091678586155,510.37
US.MSFT,Microsoft,2025-09-23 12:10:00,510.6,510.27,510.73,510.25,0.0,0.0,80676.0,41184271.959,-0.05288518039723403,510.54
US.MSFT,Microsoft,2025-09-23 12:15:00,510.29,510.27,510.415,510.0654,0.0,0.0,82095.0,41890947.585,0.0,510.27
US.MSFT,Microsoft,2025-09-23 12:20:00,510.29,510.56,510.81,510.17,0.0,0.0,98459.0,50264564.215,0.05683265722069109,510.27
US.MSFT,Microsoft,2025-09-23 12:25:00,510.57,510.59,510.86,510.37,0.0,0.0,97820.0,49950808.923,0.00587590097147695,510.56
US.MSFT,Microsoft,2025-09-23 12:30:00,510.605,510.3792,510.605,510.33,0.0,0.0,75946.0,38765374.653,-0.041285571593636626,510.59
US.MSFT,Microsoft,2025-09-23 12:35:00,510.31,510.535,510.535,510.18,0.0,0.0,58198.0,29701150.127,0.030526322389313527,510.3792
US.MSFT,Microsoft,2025-09-23 12:40:00,510.53,510.683,510.7299,510.1,0.0,0.0,117623.0,60046592.198,0.028989197606426143,510.535
US.MSFT,Microsoft,2025-09-23 12:45:00,510.74,511.08,511.1299,510.6,0.0,0.0,82826.0,42318785.587,0.07773902792926167,510.683
US.MSFT,Microsoft,2025-09-23 12:50:00,511.08,511.34,511.37,511.0064,0.0,0.0,87629.0,44794933.981,0.050872661814195606,511.08
US.MSFT,Microsoft,2025-09-23 12:55:00,511.2902,510.97,511.34,510.97,0.0,0.0,71130.0,36360716.212,-0.07235890014470758,511.34
US.MSFT,Microsoft,2025-09-23 13:00:00,510.97,510.43,510.97,510.4,0.0,0.0,77814.0,39737038.245,-0.10568135115564914,510.97
US.MSFT,Microsoft,2025-09-23 13:05:00,510.43,510.22,510.54,510.1,0.0,0.0,85546.0,43653422.71,-0.04114178241874097,510.43
US.MSFT,Microsoft,2025-09-23 13:10:00,510.22,510.135,510.4,510.01,0.0,0.0,210474.0,107396548.179,-0.016659480224224133,510.22
US.MSFT,Microsoft,2025-09-23 13:15:00,510.11,509.3583,510.15,509.33,0.0,0.0,152056.0,77498845.445,-0.15225381516657457,510.135
US.MSFT,Microsoft,2025-09-23 13:20:00,509.335,509.33,509.49,509.07,0.0,0.0,173706.0,88466081.73,-0.005556010376193251,509.3583
US.MSFT,Microsoft,2025-09-23 13:25:00,509.34,509.815,510.12,509.2,0.0,0.0,123696.0,63053349.126,0.09522313627707256,509.33
US.MSFT,Microsoft,2025-09-23 13:30:00,509.86,509.94,510.05,509.65,0.0,0.0,153340.0,78181706.198,0.02451869795906358,509.815
US.MSFT,Microsoft,2025-09-23 13:35:00,509.9,509.955,510.174,509.71,0.0,0.0,116107.0,59205718.44,0.0029415225320599202,509.94
US.MSFT,Microsoft,2025-09-23 13:40:00,509.96,509.36,510.01,509.19,0.0,0.0,195541.0,99637266.963,-0.11667696169269258,509.955
US.MSFT,Microsoft,2025-09-23 13:45:00,509.36,509.1851,509.6533,508.8901,0.0,0.0,281896.0,143552190.077,-0.03433720747605553,509.36
US.MSFT,Microsoft,2025-09-23 13:50:00,509.2285,509.94,510.05,509.08,0.0,0.0,178462.0,90952356.156,0.14825649847177788,509.1851
US.MSFT,Microsoft,2025-09-23 13:55:00,509.91,509.5,509.97,509.4,0.0,0.0,99695.0,50811829.597,-0.08628466094050237,509.94
US.MSFT,Microsoft,2025-09-23 14:00:00,509.49,509.8701,509.99,509.455,0.0,0.0,92093.0,46943213.793,0.07263984298331294,509.5
US.MSFT,Microsoft,2025-09-23 14:05:00,509.9,509.84,510.02,509.69,0.0,0.0,100197.0,51085309.434,-0.0059034644314315465,509.8701
US.MSFT,Microsoft,2025-09-23 14:10:00,509.84,509.64,509.88,509.54,0.0,0.0,77474.0,39491044.936,-0.03922799309587099,509.84
US.MSFT,Microsoft,2025-09-23 14:15:00,509.69,509.82,510.07,509.62,0.0,0.0,122120.0,62258024.977,0.0353190487402886,509.64
US.MSFT,Microsoft,2025-09-23 14:20:00,509.82,509.88,510.25,509.76,0.0,0.0,144604.0,73741804.354,0.011768859597505447,509.82
US.MSFT,Microsoft,2025-09-23 14:25:00,509.92,509.84,510.15,509.645,0.0,0.0,195602.0,99744151.099,-0.007844983133290276,509.88
US.MSFT,Microsoft,2025-09-23 14:30:00,509.87,509.99,510.2718,509.78,0.0,0.0,152465.0,77756786.716,0.029420994821911604,509.84
US.MSFT,Microsoft,2025-09-23 14:35:00,509.95,510.49,510.5899,509.85,0.0,0.0,98069.0,50036526.761,0.09804113806153063,509.99
US.MSFT,Microsoft,2025-09-23 14:40:00,510.49,509.955,510.53,509.94,0.0,0.0,112107.0,57209267.089,-0.10480126936865072,510.49
US.MSFT,Microsoft,2025-09-23 14:45:00,509.965,510.06,510.285,509.96,0.0,0.0,78038.0,39807495.282,0.02059005206342093,509.955
US.MSFT,Microsoft,2025-09-23 14:50:00,510.0798,509.78,510.19,509.66,0.0,0.0,92118.0,46975674.079,-0.054895502489908946,510.06
US.MSFT,Microsoft,2025-09-23 14:55:00,509.78,509.41,509.81,509.34,0.0,0.0,351725.0,179266364.463,-0.07258032876926276,509.78
US.MSFT,Microsoft,2025-09-23 15:00:00,509.41,508.765,509.43,508.58,0.0,0.0,264371.0,134543841.843,-0.12661706680277943,509.41
US.MSFT,Microsoft,2025-09-23 15:05:00,508.765,507.8,508.92,507.72,0.0,0.0,282153.0,143423339.598,-0.18967499729737208,508.765
US.MSFT,Microsoft,2025-09-23 15:10:00,507.79,507.98,508.38,507.31,0.0,0.0,287346.0,145899890.699,0.03544702638834321,507.8
US.MSFT,Microsoft,2025-09-23 15:15:00,507.9409,508.37,508.52,507.87,0.0,0.0,129589.0,65861556.502,0.07677467616835039,507.98
US.MSFT,Microsoft,2025-09-23 15:20:00,508.37,508.54,508.69,508.25,0.0,0.0,165964.0,84384528.354,0.033440210870038733,508.37
US.MSFT,Microsoft,2025-09-23 15:25:00,508.55,508.63,508.71,508.38,0.0,0.0,146578.0,74538967.54,0.01769772289298285,508.54
US.MSFT,Microsoft,2025-09-23 15:30:00,508.62,508.75,508.91,508.5,0.0,0.0,156747.0,79734900.119,0.023592788470991596,508.63
US.MSFT,Microsoft,2025-09-23 15:35:00,508.78,509.18,509.18,508.65,0.0,0.0,198073.0,100806869.312,0.08452088452088585,508.75
US.MSFT,Microsoft,2025-09-23 15:40:00,509.19,508.745,509.335,508.68,0.0,0.0,196580.0,100060538.699,-0.08543147806276803,509.18
US.MSFT,Microsoft,2025-09-23 15:45:00,508.74,509.14,509.24,508.72,0.0,0.0,188484.0,95925979.884,0.07764204070801321,508.745
US.MSFT,Microsoft,2025-09-23 15:50:00,509.14,509.2,509.285,508.8548,0.0,0.0,196474.0,100028561.403,0.011784577915701434,509.14
US.MSFT,Microsoft,2025-09-23 15:55:00,509.23,509.2525,509.5,508.6,0.0,0.0,459699.0,234064129.956,0.010310290652004929,509.2
US.MSFT,Microsoft,2025-09-23 16:00:00,509.23,509.23,509.9,508.78,0.0,0.0,5366355.0,2732962455.122,-0.004418240460278455,509.2525
US.MSFT,Microsoft,2025-09-24 09:35:00,510.38,509.28,512.48,509.175,0.0,0.0,704809.0,360142892.655,0.009818745949758364,509.23
US.MSFT,Microsoft,2025-09-24 09:40:00,509.34,507.63,509.75,507.2,0.0,0.0,450174.0,228702388.882,-0.3239868049010323,509.28
US.MSFT,Microsoft,2025-09-24 09:45:00,507.6491,509.17,509.5338,507.6,0.0,0.0,329808.0,167822020.05,0.30337056517542704,507.63
US.MSFT,Microsoft,2025-09-24 09:50:00,509.17,509.27,509.71,508.955,0.0,0.0,225785.0,114987205.34,0.01963980595871043,509.17
US.MSFT,Microsoft,2025-09-24 09:55:00,509.26,508.76,509.36,508.45,0.0,0.0,198749.0,101149199.182,-0.10014334243132149,509.27
US.MSFT,Microsoft,2025-09-24 10:00:00,508.81,508.62,509.19,508.35,0.0,0.0,236724.0,120456293.037,-0.02751788662630442,508.76
US.MSFT,Microsoft,2025-09-24 10:05:00,508.74,509.185,509.449,508.42,0.0,0.0,175759.0,89427918.136,0.11108489638629974,508.62
US.MSFT,Microsoft,2025-09-24 10:10:00,509.24,508.79,509.4388,508.64,0.0,0.0,140631.0,71583290.466,-0.07757494820153418,509.185
US.MSFT,Microsoft,2025-09-24 10:15:00,508.775,508.72,509.25,508.03,0.0,0.0,155517.0,79097352.635,-0.013758132038757281,508.79
US.MSFT,Microsoft,2025-09-24 10:20:00,508.72,509.9,510.0,508.39,0.0,0.0,97243.0,49538674.828,0.23195470986003106,508.72
US.MSFT,Microsoft,2025-09-24 10:25:00,509.93,509.72,510.11,509.5809,0.0,0.0,133817.0,68230395.237,-0.03530103941948421,509.9
US.MSFT,Microsoft,2025-09-24 10:30:00,509.78,510.05,510.1,509.64,0.0,0.0,106693.0,54401086.846,0.0647414266656172,509.72
US.MSFT,Microsoft,2025-09-24 10:35:00,510.03,510.28,510.57,509.9,0.0,0.0,100711.0,51377579.818,0.045093618272710786,510.05
US.MSFT,Microsoft,2025-09-24 10:40:00,510.32,510.27,510.8,510.17,0.0,0.0,107821.0,55037640.658,-0.0019597083953889834,510.28
US.MSFT,Microsoft,2025-09-24 10:45:00,510.27,510.145,510.3,509.41,0.0,0.0,116377.0,59337276.185,-0.02449683500891685,510.27
US.MSFT,Microsoft,2025-09-24 10:50:00,510.14,510.18,510.36,510.12,0.0,0.0,72761.0,37126455.165,0.006860794480005688,510.145
US.MSFT,Microsoft,2025-09-24 10:55:00,510.34,509.42,510.49,509.42,0.0,0.0,87489.0,44628193.614,-0.14896703124387292,510.18
US.MSFT,Microsoft,2025-09-24 11:00:00,509.44,509.37,509.6699,509.04,0.0,0.0,99254.0,50557572.17,-0.009815083820818062,509.42
US.MSFT,Microsoft,2025-09-24 11:05:00,509.39,509.7636,510.69,509.39,0.0,0.0,196894.0,100430262.703,0.07727192414158514,509.37
US.MSFT,Microsoft,2025-09-24 11:10:00,509.7688,509.82,510.0,509.58,0.0,0.0,66231.0,33765886.291,0.011063951996571833,509.7636
US.MSFT,Microsoft,2025-09-24 11:15:00,509.815,509.82,509.98,509.4425,0.0,0.0,75161.0,38312018.312,0.0,509.82
US.MSFT,Microsoft,2025-09-24 11:20:00,509.85,510.59,510.71,509.78,0.0,0.0,76796.0,39183674.637,0.1510336981679773,509.82
US.MSFT,Microsoft,2025-09-24 11:25:00,510.59,510.5996,510.89,510.565,0.0,0.0,73594.0,37586995.895,0.0018801778334935019,510.59
US.MSFT,Microsoft,2025-09-24 11:30:00,510.64,509.585,510.73,509.5,0.0,0.0,114825.0,58564894.831,-0.19870755872116427,510.5996
US.MSFT,Microsoft,2025-09-24 11:35:00,509.63,509.625,509.72,509.42,0.0,0.0,85331.0,43483577.347,0.007849524613169631,509.585
US.MSFT,Microsoft,2025-09-24 11:40:00,509.625,509.39,509.76,509.3252,0.0,0.0,87266.0,44468847.306,-0.04611233750306865,509.625
US.MSFT,Microsoft,2025-09-24 11:45:00,509.395,509.3516,509.5499,509.15,0.0,0.0,94265.0,48014858.711,-0.0075384283162149525,509.39
US.MSFT,Microsoft,2025-09-24 11:50:00,509.35,508.76,509.365,508.61,0.0,0.0,93053.0,47357892.35,-0.1161476669554053,509.3516
US.MSFT,Microsoft,2025-09-24 11:55:00,508.82,508.95,509.14,508.66,0.0,0.0,99447.0,50605822.875,0.03734570327855919,508.76
US.MSFT,Microsoft,2025-09-24 12:00:00,508.94,508.27,508.965,508.2,0.0,0.0,145234.0,73857203.724,-0.13360840947047978,508.95
US.MSFT,Microsoft,2025-09-24 12:05:00,508.275,508.56,508.67,508.03,0.0,0.0,126995.0,64558475.682,0.057056288980270424,508.27
US.MSFT,Microsoft,2025-09-24 12:10:00,508.585,508.12,508.68,508.1085,0.0,0.0,97957.0,49797417.311,-0.08651879817523944,508.56
US.MSFT,Microsoft,2025-09-24 12:15:00,508.2,508.23,508.4,507.84,0.0,0.0,156072.0,79299956.315,0.021648429504844063,508.12
US.MSFT,Microsoft,2025-09-24 12:20:00,508.18,508.725,508.809,507.94,0.0,0.0,76331.0,38805431.86,0.09739684788383302,508.23
US.MSFT,Microsoft,2025-09-24 12:25:00,508.7269,508.2524,508.86,508.1734,0.0,0.0,90044.0,45789558.211,-0.09289891395154551,508.725
US.MSFT,Microsoft,2025-09-24 12:30:00,508.2,508.0784,508.3,507.62,0.0,0.0,104242.0,52942585.057,-0.03423495885116037,508.2524
US.MSFT,Microsoft,2025-09-24 12:35:00,508.1041,508.25,508.45,508.0,0.0,0.0,88534.0,44993459.988,0.033774315145066625,508.0784
US.MSFT,Microsoft,2025-09-24 12:40:00,508.265,507.98,508.4198,507.865,0.0,0.0,41978.0,21331308.978,-0.05312346286276081,508.25
US.MSFT,Microsoft,2025-09-24 12:45:00,508.01,508.49,508.49,508.01,0.0,0.0,100900.0,51288781.821,0.10039765345092146,507.98
US.MSFT,Microsoft,2025-09-24 12:50:00,508.49,507.98,508.4999,507.91,0.0,0.0,56976.0,28958473.179,-0.1002969576589492,508.49
US.MSFT,Microsoft,2025-09-24 12:55:00,507.86,507.7394,508.04,507.58,0.0,0.0,73396.0,37270196.657,-0.04736406945155892,507.98
US.MSFT,Microsoft,2025-09-24 13:00:00,507.7,507.51,507.825,507.4301,0.0,0.0,56700.0,28782367.607,-0.045180657636574646,507.7394
US.MSFT,Microsoft,2025-09-24 13:05:00,507.51,507.4546,507.79,507.12,0.0,0.0,112763.0,57225230.663,-0.010916041063223041,507.51
US.MSFT,Microsoft,2025-09-24 13:10:00,507.465,507.39,507.73,506.92,0.0,0.0,132129.0,67015232.148,-0.01273020285953488,507.4546
US.MSFT,Microsoft,2025-09-24 13:15:00,507.39,507.94,508.2,507.39,0.0,0.0,108704.0,55210546.738,0.10839787934330818,507.39
US.MSFT,Microsoft,2025-09-24 13:20:00,507.89,507.815,508.07,507.75,0.0,0.0,54601.0,27731515.681,-0.024609205811710045,507.94
US.MSFT,Microsoft,2025-09-24 13:25:00,507.82,508.04,508.06,507.65,0.0,0.0,39686.0,20153471.818,0.04430747417859313,507.815
US.MSFT,Microsoft,2025-09-24 13:30:00,508.045,508.01,508.17,507.9131,0.0,0.0,33213.0,16874247.751,-0.005905046846710802,508.04
US.MSFT,Microsoft,2025-09-24 13:35:00,508.07,508.1077,508.2,508.05,0.0,0.0,59146.0,30054681.924,0.01923190488376836,508.01
US.MSFT,Microsoft,2025-09-24 13:40:00,508.11,507.515,508.32,507.3801,0.0,0.0,87664.0,44517167.704,-0.11664849794640705,508.1077
US.MSFT,Microsoft,2025-09-24 13:45:00,507.5,507.5086,507.62,507.35,0.0,0.0,42312.0,21473163.634,-0.0012610464715299221,507.515
US.MSFT,Microsoft,2025-09-24 13:50:00,507.48,507.22,507.54,507.1,0.0,0.0,53812.0,27296640.671,-0.05686603143276271,507.5086
US.MSFT,Microsoft,2025-09-24 13:55:00,507.23,507.51,507.51,507.1101,0.0,0.0,52203.0,26483628.231,0.057174401640306696,507.22
US.MSFT,Microsoft,2025-09-24 14:00:00,507.54,507.63,507.75,507.53,0.0,0.0,34933.0,17732967.21,0.023644854288586342,507.51
US.MSFT,Microsoft,2025-09-24 14:05:00,507.65,507.895,507.91,507.52,0.0,0.0,48425.0,24585861.446,0.05220337647498894,507.63
US.MSFT,Microsoft,2025-09-24 14:10:00,507.89,507.96,508.0,507.81,0.0,0.0,42819.0,21747860.37,0.012797920830092386,507.895
US.MSFT,Microsoft,2025-09-24 14:15:00,507.94,507.96,508.1,507.76,0.0,0.0,79712.0,40488485.327,0.0,507.96
US.MSFT,Microsoft,2025-09-24 14:20:00,507.94,508.1801,508.19,507.94,0.0,0.0,42156.0,21418782.259,0.043330183479014524,507.96
US.MSFT,Microsoft,2025-09-24 14:25:00,508.195,508.1,508.2,508.025,0.0,0.0,53559.0,27213362.886,-0.015762128426508433,508.1801
US.MSFT,Microsoft,2025-09-24 14:30:00,508.0834,508.125,508.155,507.9201,0.0,0.0,41343.0,21005116.347,0.004920291281239375,508.1
US.MSFT,Microsoft,2025-09-24 14:35:00,508.125,508.2536,508.31,507.99,0.0,0.0,58303.0,29628858.585,0.02530873308733202,508.125
US.MSFT,Microsoft,2025-09-24 14:40:00,508.24,508.5101,508.615,508.17,0.0,0.0,59298.0,30146701.238,0.050466932255869276,508.2536
US.MSFT,Microsoft,2025-09-24 14:45:00,508.5035,508.82,508.844,508.5035,0.0,0.0,66253.0,33700632.761,0.06094274233687208,508.5101
US.MSFT,Microsoft,2025-09-24 14:50:00,508.84,508.6,508.92,508.5301,0.0,0.0,52727.0,26825091.462,-0.043237294131514184,508.82
US.MSFT,Microsoft,2025-09-24 14:55:00,508.63,509.24,509.26,508.63,0.0,0.0,73378.0,37347213.323,0.1258356272119517,508.6
US.MSFT,Microsoft,2025-09-24 15:00:00,509.23,509.68,509.71,509.23,0.0,0.0,96047.0,48940362.36,0.08640326761448389,509.24
US.MSFT,Microsoft,2025-09-24 15:05:00,509.63,509.82,509.925,509.51,0.0,0.0,108804.0,55460752.456,0.027468215350805673,509.68
US.MSFT,Microsoft,2025-09-24 15:10:00,509.82,509.86,509.96,509.64,0.0,0.0,97395.0,49652128.094,0.007845906398340681,509.82
US.MSFT,Microsoft,2025-09-24 15:15:00,509.86,509.8737,510.17,509.83,0.0,0.0,132985.0,67822956.473,0.0026870121209688195,509.86
US.MSFT,Microsoft,2025-09-24 15:20:00,509.85,509.85,509.93,509.62,0.0,0.0,105737.0,53903685.344,-0.004648209939042263,509.8737
US.MSFT,Microsoft,2025-09-24 15:25:00,509.87,509.53,509.91,509.42,0.0,0.0,115011.0,58622769.753,-0.06276355790919878,509.85
US.MSFT,Microsoft,2025-09-24 15:30:00,509.54,509.24,509.54,509.12,0.0,0.0,101026.0,51450545.342,-0.0569151963574203,509.53
US.MSFT,Microsoft,2025-09-24 15:35:00,509.235,509.56,509.58,509.09,0.0,0.0,121215.0,61729056.594,0.06283874008325999,509.24
US.MSFT,Microsoft,2025-09-24 15:40:00,509.56,509.3301,509.56,509.2679,0.0,0.0,116228.0,59205304.399,-0.04511735615040161,509.56
US.MSFT,Microsoft,2025-09-24 15:45:00,509.34,509.3131,509.636,509.15,0.0,0.0,126477.0,64430734.856,-0.0033377175234677683,509.3301
US.MSFT,Microsoft,2025-09-24 15:50:00,509.315,509.28,509.389,509.0201,0.0,0.0,116317.0,59230523.749,-0.006498949271096149,509.3131
US.MSFT,Microsoft,2025-09-24 15:55:00,509.25,510.02,510.02,509.25,0.0,0.0,377296.0,192309579.581,0.14530317310713345,509.28
US.MSFT,Microsoft,2025-09-24 16:00:00,510.01,510.15,510.525,509.93,0.0,0.0,3532064.0,1801962561.454,0.025489196502097067,510.02
US.MSFT,Microsoft,2025-09-25 09:35:00,508.3,508.51,508.93,506.54,0.0,0.0,920638.0,467556361.035,-0.3214740762520801,510.15
US.MSFT,Microsoft,2025-09-25 09:40:00,508.55,508.375,508.82,506.72,0.0,0.0,497073.0,252448517.851,-0.026548150478848186,508.51
US.MSFT,Microsoft,2025-09-25 09:45:00,508.33,508.795,509.1399,508.25,0.0,0.0,358962.0,182596152.297,0.0826161790017243,508.375
US.MSFT,Microsoft,2025-09-25 09:50:00,508.85,507.54,509.27,507.06,0.0,0.0,373532.0,189779177.209,-0.24666122898220214,508.795
US.MSFT,Microsoft,2025-09-25 09:55:00,507.6,506.705,508.52,506.3,0.0,0.0,278615.0,141388304.143,-0.1645190526855098,507.54
US.MSFT,Microsoft,2025-09-25 10:00:00,506.74,506.265,506.85,505.5,0.0,0.0,273392.0,138393313.626,-0.08683553546935549,506.705
US.MSFT,Microsoft,2025-09-25 10:05:00,506.23,506.13,506.5,505.04,0.0,0.0,374473.0,189381066.118,-0.02666587656661845,506.265
US.MSFT,Microsoft,2025-09-25 10:10:00,506.11,506.89,506.99,505.79,0.0,0.0,259699.0,131490754.936,0.15015905004642896,506.13
US.MSFT,Microsoft,2025-09-25 10:15:00,506.88,506.2,506.98,506.09,0.0,0.0,280123.0,141897873.855,-0.13612420840813544,506.89
US.MSFT,Microsoft,2025-09-25 10:20:00,506.23,506.365,507.19,506.07,0.0,0.0,300676.0,152348349.049,0.03259581193204671,506.2
US.MSFT,Microsoft,2025-09-25 10:25:00,506.43,507.95,508.17,506.13,0.0,0.0,276820.0,140411097.732,0.31301531503954255,506.365
US.MSFT,Microsoft,2025-09-25 10:30:00,507.965,508.16,508.22,507.49,0.0,0.0,184963.0,93955353.001,0.04134265183581777,507.95
US.MSFT,Microsoft,2025-09-25 10:35:00,508.2,508.74,509.06,507.9801,0.0,0.0,185844.0,94518155.678,0.1141372795969742,508.16
US.MSFT,Microsoft,2025-09-25 10:40:00,508.7746,509.0,509.18,508.47,0.0,0.0,133136.0,67752932.051,0.0511066556590775,508.74
US.MSFT,Microsoft,2025-09-25 10:45:00,509.065,509.21,509.89,508.9,0.0,0.0,124794.0,63577571.873,0.04125736738702938,509.0
US.MSFT,Microsoft,2025-09-25 10:50:00,509.355,509.89,510.0,509.1605,0.0,0.0,124470.0,63438629.036,0.13354018970562379,509.21
US.MSFT,Microsoft,2025-09-25 10:55:00,509.9,509.54,509.94,509.4273,0.0,0.0,116155.0,59206840.731,-0.06864225617289335,509.89
US.MSFT,Microsoft,2025-09-25 11:00:00,509.61,509.69,510.01,509.6,0.0,0.0,105386.0,53728954.727,0.029438316913289884,509.54
US.MSFT,Microsoft,2025-09-25 11:05:00,509.7366,508.735,509.785,508.53,0.0,0.0,144935.0,73763395.253,-0.18736879279561774,509.69
US.MSFT,Microsoft,2025-09-25 11:10:00,508.735,508.235717,509.045,507.678,0.0,0.0,159415.0,81034431.709,-0.09814205824250175,508.735
US.MSFT,Microsoft,2025-09-25 11:15:00,508.24,509.0933,509.17,507.975,0.0,0.0,130677.0,66482633.698,0.16873725543377677,508.235717
US.MSFT,Microsoft,2025-09-25 11:20:00,509.1,509.23,509.24,508.885,0.0,0.0,102127.0,51986286.029,0.026851659607388056,509.0933
US.MSFT,Microsoft,2025-09-25 11:25:00,509.26,508.48,509.2975,508.45,0.0,0.0,100026.0,50911609.106,-0.14728118924650943,509.23
US.MSFT,Microsoft,2025-09-25 11:30:00,508.43,507.985,508.43,507.73,0.0,0.0,136519.0,69355081.902,-0.09734896161107703,508.48
US.MSFT,Microsoft,2025-09-25 11:35:00,508.07,508.66,508.74,507.9401,0.0,0.0,71231.0,36209683.046,0.1328779393092338,507.985
US.MSFT,Microsoft,2025-09-25 11:40:00,508.6351,508.82,509.01,508.37,0.0,0.0,121245.0,61681290.221,0.031455196005183844,508.66
US.MSFT,Microsoft,2025-09-25 11:45:00,508.87,508.655,508.97,508.4701,0.0,0.0,95562.0,48625175.887,-0.03242797059864401,508.82
US.MSFT,Microsoft,2025-09-25 11:50:00,508.66,508.74,508.95,508.535,0.0,0.0,69775.0,35498227.774,0.01671073714011194,508.655
US.MSFT,Microsoft,2025-09-25 11:55:00,508.75,508.72,508.75,508.23,0.0,0.0,102711.0,52223477.875,-0.003931281204540986,508.74
US.MSFT,Microsoft,2025-09-25 12:00:00,508.76,508.64,508.9,508.22,0.0,0.0,83426.0,42426454.46,-0.01572574304136675,508.72
US.MSFT,Microsoft,2025-09-25 12:05:00,508.69,508.629,508.97,508.5811,0.0,0.0,64194.0,32657929.756,-0.0021626297577790297,508.64
US.MSFT,Microsoft,2025-09-25 12:10:00,508.57,508.555,508.949,508.495,0.0,0.0,71924.0,36590956.888,-0.014548914827902514,508.629
US.MSFT,Microsoft,2025-09-25 12:15:00,508.59,508.725,509.06,508.59,0.0,0.0,61060.0,31069344.585,0.03342804613070679,508.555
US.MSFT,Microsoft,2025-09-25 12:20:00,508.77,508.62,508.97,508.46,0.0,0.0,57805.0,29408422.779,-0.020639834881324523,508.725
US.MSFT,Microsoft,2025-09-25 12:25:00,508.63,508.28,508.745,508.2,0.0,0.0,79213.0,40272964.596,-0.06684754826786832,508.62
US.MSFT,Microsoft,2025-09-25 12:30:00,508.35,508.08,508.48,508.0,0.0,0.0,72290.0,36736199.739,-0.03934839065082015,508.28
US.MSFT,Microsoft,2025-09-25 12:35:00,508.08,508.6,508.72,508.04,0.0,0.0,73071.0,37151433.195,0.10234608723036505,508.08
US.MSFT,Microsoft,2025-09-25 12:40:00,508.58,508.23,508.65,508.2,0.0,0.0,77902.0,39608471.055,-0.07274872198191203,508.6
US.MSFT,Microsoft,2025-09-25 12:45:00,508.23,507.72,508.24,507.62,0.0,0.0,85924.0,43638932.465,-0.10034826751667372,508.23
US.MSFT,Microsoft,2025-09-25 12:50:00,507.73,507.64,508.09,507.6001,0.0,0.0,80048.0,40646239.309,-0.015756716300331073,507.72
US.MSFT,Microsoft,2025-09-25 12:55:00,507.63,507.92,507.92,507.5501,0.0,0.0,65073.0,33037845.991,0.055157198014346695,507.64
US.MSFT,Microsoft,2025-09-25 13:00:00,507.915,508.0611,508.217,507.87,0.0,0.0,54258.0,27566374.11,0.027779965348872743,507.92
US.MSFT,Microsoft,2025-09-25 13:05:00,508.04,507.86,508.23,507.79,0.0,0.0,65785.0,33418130.964,-0.0395818534424298,508.0611
US.MSFT,Microsoft,2025-09-25 13:10:00,507.79,507.865,508.07,507.75,0.0,0.0,69512.0,35303327.837,0.0009845232938202363,507.86
US.MSFT,Microsoft,2025-09-25 13:15:00,507.865,507.74,508.0799,507.6,0.0,0.0,90291.0,45855410.93,-0.024612840026384964,507.865
US.MSFT,Microsoft,2025-09-25 13:20:00,507.77,507.63,507.9788,507.48,0.0,0.0,69877.0,35479422.417,-0.02166463150431592,507.74
US.MSFT,Microsoft,2025-09-25 13:25:00,507.65,507.4794,507.65,507.2,0.0,0.0,80522.0,40856027.81,-0.02966727734767393,507.63
US.MSFT,Microsoft,2025-09-25 13:30:00,507.49,507.97,508.1,507.44,0.0,0.0,54350.0,27602580.653,0.09667387484103375,507.4794
US.MSFT,Microsoft,2025-09-25 13:35:00,507.95,507.9001,508.08,507.6501,0.0,0.0,60390.0,30671441.092,-0.013760655156804196,507.97
US.MSFT,Microsoft,2025-09-25 13:40:00,507.88,507.7,507.9599,507.5295,0.0,0.0,53837.0,27334301.989,-0.039397511439753674,507.9001
US.MSFT,Microsoft,2025-09-25 13:45:00,507.75,507.74,507.84,507.43,0.0,0.0,63874.0,32425118.58,0.007878668505026682,507.7
US.MSFT,Microsoft,2025-09-25 13:50:00,507.795,507.6495,507.89,507.61,0.0,0.0,49314.0,25039499.518,-0.01782408319218892,507.74
US.MSFT,Microsoft,2025-09-25 13:55:00,507.65,507.78,507.85,507.6,0.0,0.0,59859.0,30391130.969,0.02570671299784273,507.6495
US.MSFT,Microsoft,2025-09-25 14:00:00,507.81,507.23,507.86,507.1625,0.0,0.0,74016.0,37560758.104,-0.10831462444364774,507.78
US.MSFT,Microsoft,2025-09-25 14:05:00,507.19,506.594,507.215,506.5,0.0,0.0,112192.0,56867180.195,-0.12538690534866315,507.23
US.MSFT,Microsoft,2025-09-25 14:10:00,506.5308,506.5416,506.9999,506.5101,0.0,0.0,97410.0,49363161.837,-0.010343588751540159,506.594
US.MSFT,Microsoft,2025-09-25 14:15:00,506.63,507.14,507.15,506.5,0.0,0.0,75334.0,38179459.395,0.1181344237077408,506.5416
US.MSFT,Microsoft,2025-09-25 14:20:00,507.13,507.2,507.4,507.07,0.0,0.0,85202.0,43214829.874,0.0118310525693107,507.14
US.MSFT,Microsoft,2025-09-25 14:25:00,507.225,507.046,507.225,506.82,0.0,0.0,76301.0,38685588.507,-0.030362776025235877,507.2
US.MSFT,Microsoft,2025-09-25 14:30:00,506.98,506.82,507.15,506.76,0.0,0.0,65616.0,33264868.666,-0.044571892885457945,507.046
US.MSFT,Microsoft,2025-09-25 14:35:00,506.8,506.7,506.9999,506.485,0.0,0.0,103972.0,52686470.23,-0.02367704510477182,506.82
US.MSFT,Microsoft,2025-09-25 14:40:00,506.69,506.91,506.95,506.45,0.0,0.0,90961.0,46091585.209,0.04144464179988877,506.7
US.MSFT,Microsoft,2025-09-25 14:45:00,506.91,507.225,507.6899,506.91,0.0,0.0,107920.0,54751063.311,0.06214120849854959,506.91
US.MSFT,Microsoft,2025-09-25 14:50:00,507.25,507.23,507.3099,506.75,0.0,0.0,125579.0,63672719.794,0.000985755828280438,507.225
US.MSFT,Microsoft,2025-09-25 14:55:00,507.175,507.44,507.4545,507.11,0.0,0.0,85580.0,43413333.266,0.04140133667172279,507.23
US.MSFT,Microsoft,2025-09-25 15:00:00,507.47,507.1873,507.5999,506.96,0.0,0.0,99276.0,50362239.03,-0.049798991013716765,507.44
US.MSFT,Microsoft,2025-09-25 15:05:00,507.175,507.57,507.68,507.1,0.0,0.0,94152.0,47778941.104,0.07545535939089953,507.1873
US.MSFT,Microsoft,2025-09-25 15:10:00,507.59,507.4901,507.66,507.36,0.0,0.0,112857.0,57273580.29,-0.015741671099554582,507.57
US.MSFT,Microsoft,2025-09-25 15:15:00,507.49,507.4,507.75,507.343,0.0,0.0,111040.0,56359865.819,-0.017754040916267474,507.4901
US.MSFT,Microsoft,2025-09-25 15:20:00,507.41,507.07,507.4299,506.91,0.0,0.0,119177.0,60446059.688,-0.06503744580212537,507.4
US.MSFT,Microsoft,2025-09-25 15:25:00,507.06,506.64,507.31,506.6301,0.0,0.0,108948.0,55236239.245,-0.08480091506103828,507.07
US.MSFT,Microsoft,2025-09-25 15:30:00,506.695,506.52,506.8829,506.42,0.0,0.0,161360.0,81744279.843,-0.023685457129323493,506.64
US.MSFT,Microsoft,2025-09-25 15:35:00,506.51,506.7034,506.915,506.48,0.0,0.0,247066.0,125128185.882,0.03620784964068664,506.52
US.MSFT,Microsoft,2025-09-25 15:40:00,506.71,506.3926,506.9999,506.34,0.0,0.0,159627.0,80872826.949,-0.06133765828292686,506.7034
US.MSFT,Microsoft,2025-09-25 15:45:00,506.38,506.63,506.73,506.3617,0.0,0.0,157346.0,79704321.807,0.0468806218732224,506.3926
US.MSFT,Microsoft,2025-09-25 15:50:00,506.59,506.49,506.625,506.175,0.0,0.0,175443.0,88836131.734,-0.0276335787458276,506.63
US.MSFT,Microsoft,2025-09-25 15:55:00,506.49,506.68,507.11,506.38,0.0,0.0,401286.0,203358393.847,0.03751308021876004,506.49
US.MSFT,Microsoft,2025-09-25 16:00:00,506.68,507.03,507.3,506.54,0.0,0.0,3116354.0,1580006487.518,0.06907712954921566,506.68
US.MSFT,Microsoft,2025-09-26 09:35:00,510.06,511.5,511.7,508.0,0.0,0.0,828646.0,422607090.788,0.8816046387787759,507.03
US.MSFT,Microsoft,2025-09-26 09:40:00,511.45,512.97,513.6599,511.22,0.0,0.0,727277.0,372816653.796,0.28739002932551855,511.5
US.MSFT,Microsoft,2025-09-26 09:45:00,512.95,513.385,513.7299,512.45,0.0,0.0,435876.0,223661937.267,0.08090141723686835,512.97
US.MSFT,Microsoft,2025-09-26 09:50:00,513.405,513.01,513.94,512.38,0.0,0.0,411862.0,211343829.436,-0.07304459616077602,513.385
US.MSFT,Microsoft,2025-09-26 09:55:00,513.01,512.43,513.62,512.37,0.0,0.0,277349.0,142266625.502,-0.1130582249858757,513.01
US.MSFT,Microsoft,2025-09-26 10:00:00,512.49,512.67,513.0,511.7501,0.0,0.0,191430.0,98110802.985,0.04683566535917279,512.43
US.MSFT,Microsoft,2025-09-26 10:05:00,512.75,511.94,512.9245,511.88,0.0,0.0,173907.0,89082521.417,-0.14239179199094182,512.67
US.MSFT,Microsoft,2025-09-26 10:10:00,511.935,509.91,512.015,509.78,0.0,0.0,238626.0,121860246.649,-0.39653084345821243,511.94
US.MSFT,Microsoft,2025-09-26 10:15:00,509.91,509.62,510.16,509.06,0.0,0.0,225528.0,114923680.163,-0.05687278147124403,509.91
US.MSFT,Microsoft,2025-09-26 10:20:00,509.58,509.4296,509.58,508.62,0.0,0.0,147194.0,74937051.205,-0.037361171068641535,509.62
US.MSFT,Microsoft,2025-09-26 10:25:00,509.33,508.31607,509.33,508.28,0.0,0.0,187945.0,95624715.238,-0.21858368653882082,509.4296
US.MSFT,Microsoft,2025-09-26 10:30:00,508.22,508.335,508.415,507.18,0.0,0.0,245483.0,124627485.94,0.0037240608977707154,508.31607
US.MSFT,Microsoft,2025-09-26 10:35:00,508.335,507.87,508.335,507.21,0.0,0.0,156552.0,79478541.691,-0.0914751099176675,508.335
US.MSFT,Microsoft,2025-09-26 10:40:00,507.81,508.545,508.545,507.21,0.0,0.0,200766.0,101947540.874,0.132908027644872,507.87
US.MSFT,Microsoft,2025-09-26 10:45:00,508.48,508.42,508.82,508.244,0.0,0.0,115585.0,58777147.086,-0.024579929013165008,508.545
US.MSFT,Microsoft,2025-09-26 10:50:00,508.44,507.34,508.585,507.31,0.0,0.0,122018.0,61961555.006,-0.21242280004721312,508.42
US.MSFT,Microsoft,2025-09-26 10:55:00,507.335,507.75,507.8,506.89,0.0,0.0,159856.0,81090666.707,0.08081365553672587,507.34
US.MSFT,Microsoft,2025-09-26 11:00:00,507.71,507.69,508.155,507.55,0.0,0.0,136632.0,69394714.047,-0.011816838995569134,507.75
US.MSFT,Microsoft,2025-09-26 11:05:00,507.705,507.83,508.2,507.4822,0.0,0.0,76890.0,39049265.348,0.027575882920677256,507.69
US.MSFT,Microsoft,2025-09-26 11:10:00,507.9128,507.3077,507.94,507.27,0.0,0.0,79927.0,40567618.898,-0.10284937872909693,507.83
US.MSFT,Microsoft,2025-09-26 11:15:00,507.29,507.2,507.44,506.62,0.0,0.0,119079.0,60374791.207,-0.02122971916255609,507.3077
US.MSFT,Microsoft,2025-09-26 11:20:00,507.18,507.6,507.64,506.99,0.0,0.0,109318.0,55453828.799,0.07886435331230957,507.2
US.MSFT,Microsoft,2025-09-26 11:25:00,507.6,507.375,507.81,506.99,0.0,0.0,93446.0,47415333.066,-0.04432624113475625,507.6
US.MSFT,Microsoft,2025-09-26 11:30:00,507.375,508.07,508.13,507.375,0.0,0.0,106803.0,54230779.507,0.1369795516136966,507.375
US.MSFT,Microsoft,2025-09-26 11:35:00,508.13,507.97,508.24,507.606,0.0,0.0,112071.0,56926640.08,-0.01968232723836595,508.07
US.MSFT,Microsoft,2025-09-26 11:40:00,507.97,507.26,508.03,507.1,0.0,0.0,85099.0,43195678.079,-0.1397720337815297,507.97
US.MSFT,Microsoft,2025-09-26 11:45:00,507.28,507.37,507.6,507.15,0.0,0.0,52280.0,26526665.748,0.021685131885032065,507.26
US.MSFT,Microsoft,2025-09-26 11:50:00,507.42,507.4966,507.56,507.19,0.0,0.0,75737.0,38429255.823,0.024952204505586904,507.37
US.MSFT,Microsoft,2025-09-26 11:55:00,507.485,507.3751,507.5628,507.09,0.0,0.0,85030.0,43135582.216,-0.023941047092734397,507.4966
US.MSFT,Microsoft,2025-09-26 12:00:00,507.36,506.86,507.55,506.75,0.0,0.0,85214.0,43217577.272,-0.10152252248877827,507.3751
US.MSFT,Microsoft,2025-09-26 12:05:00,506.8,506.8,507.06,506.67,0.0,0.0,66859.0,33886327.431,-0.011837588288679767,506.86
US.MSFT,Microsoft,2025-09-26 12:10:00,506.86,506.955,507.1,506.77,0.0,0.0,77858.0,39467994.241,0.030584056827145364,506.8
US.MSFT,Microsoft,2025-09-26 12:15:00,506.89,507.26,507.35,506.73,0.0,0.0,60674.0,30757952.502,0.060163130849879544,506.955
US.MSFT,Microsoft,2025-09-26 12:20:00,507.3,507.84,507.8699,507.26,0.0,0.0,69535.0,35292711.697,0.11433978630287901,507.26
US.MSFT,Microsoft,2025-09-26 12:25:00,507.9,508.6,508.6499,507.89,0.0,0.0,93429.0,47482914.78,0.14965343415249838,507.84
US.MSFT,Microsoft,2025-09-26 12:30:00,508.6,508.27,508.74,508.03,0.0,0.0,381583.0,193818126.238,-0.06488399528117203,508.6
US.MSFT,Microsoft,2025-09-26 12:35:00,508.27,508.34,508.4839,508.1401,0.0,0.0,61152.0,31086285.501,0.013772207684890547,508.27
US.MSFT,Microsoft,2025-09-26 12:40:00,508.37,508.81,508.95,508.2612,0.0,0.0,68924.0,35061687.428,0.09245780383208627,508.34
US.MSFT,Microsoft,2025-09-26 12:45:00,508.7701,508.8,508.885,508.57,0.0,0.0,42623.0,21682750.062,-0.0019653701774711395,508.81
US.MSFT,Microsoft,2025-09-26 12:50:00,508.795,508.875,508.955,508.6,0.0,0.0,53797.0,27370534.66,0.014740566037733615,508.8
US.MSFT,Microsoft,2025-09-26 12:55:00,508.93,509.06,509.21,508.56,0.0,0.0,106338.0,54117410.503,0.036354704003930684,508.875
US.MSFT,Microsoft,2025-09-26 13:00:00,509.01,509.025,509.16,508.6,0.0,0.0,96358.0,49042180.773,-0.006875417436063531,509.06
US.MSFT,Microsoft,2025-09-26 13:05:00,509.043206,509.39,509.42,508.85,0.0,0.0,81961.0,41731313.961,0.07170571190020315,509.025
US.MSFT,Microsoft,2025-09-26 13:10:00,509.37,509.515,509.64,509.33,0.0,0.0,66733.0,33999630.927,0.024539154675199747,509.39
US.MSFT,Microsoft,2025-09-26 13:15:00,509.56,509.7564,509.797,509.56,0.0,0.0,60733.0,30954101.957,0.04737838925252421,509.515
US.MSFT,Microsoft,2025-09-26 13:20:00,509.78,509.45,509.78,509.42,0.0,0.0,51003.0,25992486.52,-0.060107141371838875,509.7564
US.MSFT,Microsoft,2025-09-26 13:25:00,509.4,509.355,509.6232,509.27,0.0,0.0,47218.0,24053925.177,-0.018647561095293048,509.45
US.MSFT,Microsoft,2025-09-26 13:30:00,509.44,509.46,509.5286,509.31,0.0,0.0,43127.0,21969838.32,0.020614306328584454,509.355
US.MSFT,Microsoft,2025-09-26 13:35:00,509.52,509.46,509.58,509.32,0.0,0.0,53933.0,27476412.671,0.0,509.46
US.MSFT,Microsoft,2025-09-26 13:40:00,509.45,509.035,509.58,508.885,0.0,0.0,57789.0,29426892.504,-0.08342166215207367,509.46
US.MSFT,Microsoft,2025-09-26 13:45:00,509.05,508.8929,509.336,508.75,0.0,0.0,47725.0,24291651.587,-0.02791556572731298,509.035
US.MSFT,Microsoft,2025-09-26 13:50:00,508.86,508.7908,508.946,508.71,0.0,0.0,50790.0,25842965.147,-0.02006316063753438,508.8929
US.MSFT,Microsoft,2025-09-26 13:55:00,508.8,508.4401,508.85,508.42,0.0,0.0,52332.0,26620852.571,-0.06892813313448623,508.7908
US.MSFT,Microsoft,2025-09-26 14:00:00,508.48,508.57,508.58,508.25,0.0,0.0,46607.0,23696758.944,0.025548732289215694,508.4401
US.MSFT,Microsoft,2025-09-26 14:05:00,508.54,509.215,509.39,508.53,0.0,0.0,281945.0,143411821.245,0.12682619894999347,508.57
US.MSFT,Microsoft,2025-09-26 14:10:00,509.16,509.1499,509.16,508.8641,0.0,0.0,52642.0,26796100.574,-0.012784383806441804,509.215
US.MSFT,Microsoft,2025-09-26 14:15:00,509.1066,509.54,509.54,509.03,0.0,0.0,69598.0,35443848.911,0.07661790761424446,509.1499
US.MSFT,Microsoft,2025-09-26 14:20:00,509.5,509.57,509.66,509.43,0.0,0.0,63294.0,32250745.428,0.0058876633826535135,509.54
US.MSFT,Microsoft,2025-09-26 14:25:00,509.61,510.145,510.169,509.56,0.0,0.0,86159.0,43924416.815,0.11284023784759475,509.57
US.MSFT,Microsoft,2025-09-26 14:30:00,510.11,509.84,510.3892,509.71,0.0,0.0,77560.0,39558946.887,-0.05978692332572246,510.145
US.MSFT,Microsoft,2025-09-26 14:35:00,509.89,510.0899,510.0899,509.835,0.0,0.0,66442.0,33882524.606,0.049015377373298516,509.84
US.MSFT,Microsoft,2025-09-26 14:40:00,510.04,510.85,511.0,509.99,0.0,0.0,92093.0,47014296.515,0.14901294850182736,510.0899
US.MSFT,Microsoft,2025-09-26 14:45:00,510.89,510.77,511.13,510.595,0.0,0.0,111586.0,57009042.902,-0.015660174219446203,510.85
US.MSFT,Microsoft,2025-09-26 14:50:00,510.79,510.78,511.05,510.51,0.0,0.0,86042.0,43951183.085,0.0019578283767627126,510.77
