code,name,time_key,open,close,high,low,pe_ratio,turnover_rate,volume,turnover,change_rate,last_close
US.META,Meta Platforms,2025-09-10 09:35:00,765.13,758.18,765.7,755.62,0.0,0.0,633463.0,481918327.075,-0.9821078751469368,765.7
US.META,Meta Platforms,2025-09-10 09:40:00,758.065,757.42,759.7,756.0,0.0,0.0,408065.0,309203747.707,-0.10024004853728546,758.18
US.META,Meta Platforms,2025-09-10 09:45:00,757.35,753.77,757.435,753.71,0.0,0.0,354715.0,267898764.259,-0.48189907845052643,757.42
US.META,Meta Platforms,2025-09-10 09:50:00,753.8138,755.14,755.41,752.07,0.0,0.0,389045.0,293233297.523,0.18175305464531682,753.77
US.META,Meta Platforms,2025-09-10 09:55:00,754.985,753.43,755.55,752.11,0.0,0.0,286474.0,215998858.42,-0.22644807585348894,755.14
US.META,Meta Platforms,2025-09-10 10:00:00,753.48,755.2,755.63,752.685,0.0,0.0,172154.0,129873241.167,0.23492560689116382,753.43
US.META,Meta Platforms,2025-09-10 10:05:00,755.0,755.115,755.46,754.0352,0.0,0.0,148135.0,111802784.503,-0.011255296610174308,755.2
US.META,Meta Platforms,2025-09-10 10:10:00,755.125,756.04,756.9,754.785,0.0,0.0,173294.0,130984516.581,0.12249789767120962,755.115
US.META,Meta Platforms,2025-09-10 10:15:00,756.15,756.175349,757.44,755.945,0.0,0.0,133985.0,101383375.665,0.017902359663512415,756.04
US.META,Meta Platforms,2025-09-10 10:20:00,756.31,757.85,757.93,755.51,0.0,0.0,193082.0,146074209.182,0.22146331564691615,756.175349
US.META,Meta Platforms,2025-09-10 10:25:00,757.85,757.005,757.9399,756.035455,0.0,0.0,143779.0,108875849.259,-0.11149963713136204,757.85
US.META,Meta Platforms,2025-09-10 10:30:00,756.84,755.6,757.09,755.43,0.0,0.0,122673.0,92792268.53,-0.18559983091260596,757.005
US.META,Meta Platforms,2025-09-10 10:35:00,755.5,754.5975,757.01,754.555,0.0,0.0,170404.0,128781282.881,-0.1326760190577097,755.6
US.META,Meta Platforms,2025-09-10 10:40:00,754.5725,754.935,755.51,754.29,0.0,0.0,121700.0,91874391.471,0.04472583065806304,754.5975
US.META,Meta Platforms,2025-09-10 10:45:00,754.975,755.1875,755.43,754.6,0.0,0.0,98401.0,74291488.599,0.033446588116864975,754.935
US.META,Meta Platforms,2025-09-10 10:50:00,755.27,754.21,755.5168,754.1285,0.0,0.0,152518.0,115141975.531,-0.129438053463539,755.1875
US.META,Meta Platforms,2025-09-10 10:55:00,754.21,754.7192,754.89,754.0,0.0,0.0,98167.0,74053588.684,0.06751435276646614,754.21
US.META,Meta Platforms,2025-09-10 11:00:00,754.7225,754.62,754.8,753.0,0.0,0.0,147544.0,111231688.162,-0.013143961356753105,754.7192
US.META,Meta Platforms,2025-09-10 11:05:00,754.67,756.97,757.3225,754.67,0.0,0.0,105115.0,79517602.607,0.3114150168296656,754.62
US.META,Meta Platforms,2025-09-10 11:10:00,756.92,756.575,757.28,756.31,0.0,0.0,89115.0,67435975.805,-0.05218172450691332,756.97
US.META,Meta Platforms,2025-09-10 11:15:00,756.87,756.42,757.05,756.16,0.0,0.0,74751.0,56557998.653,-0.02048706341077704,756.575
US.META,Meta Platforms,2025-09-10 11:20:00,756.42,754.695,756.79,754.56,0.0,0.0,72755.0,54994462.117,-0.2280479098913182,756.42
US.META,Meta Platforms,2025-09-10 11:25:00,754.7,754.32,754.7999,753.82,0.0,0.0,80088.0,60407706.291,-0.049688947190586925,754.695
US.META,Meta Platforms,2025-09-10 11:30:00,754.24,755.52,755.615,754.0,0.0,0.0,94601.0,71410578.063,0.15908367801462664,754.32
US.META,Meta Platforms,2025-09-10 11:35:00,755.515,754.24,755.66,754.0,0.0,0.0,62437.0,47121643.395,-0.16941973739940341,755.52
US.META,Meta Platforms,2025-09-10 11:40:00,754.01,756.0,756.3299,753.996,0.0,0.0,81333.0,61390484.054,0.23334747560458088,754.24
US.META,Meta Platforms,2025-09-10 11:45:00,755.8,756.51,756.54,755.58,0.0,0.0,46407.0,35085685.932,0.06746031746031626,756.0
US.META,Meta Platforms,2025-09-10 11:50:00,756.45,756.98,757.0999,756.0667,0.0,0.0,87324.0,66075421.124,0.06212740082748771,756.51
US.META,Meta Platforms,2025-09-10 11:55:00,757.1,757.81,757.9,756.8101,0.0,0.0,72646.0,55006187.424,0.1096462257919532,756.98
US.META,Meta Platforms,2025-09-10 12:00:00,757.81,758.04,758.78,757.65,0.0,0.0,114771.0,87014365.522,0.03035061558966208,757.81
US.META,Meta Platforms,2025-09-10 12:05:00,758.0001,757.3,758.02,756.88,0.0,0.0,85115.0,64466839.597,-0.09762017835470543,758.04
US.META,Meta Platforms,2025-09-10 12:10:00,757.42,757.6914,757.888143,757.0101,0.0,0.0,47431.0,35929417.434,0.05168361283508381,757.3
US.META,Meta Platforms,2025-09-10 12:15:00,757.74,756.9,757.81,756.8,0.0,0.0,47705.0,36128895.347,-0.10444885609102424,757.6914
US.META,Meta Platforms,2025-09-10 12:20:00,756.88,756.5661,757.79,756.46,0.0,0.0,54305.0,41117952.509,-0.04411414982163713,756.9
US.META,Meta Platforms,2025-09-10 12:25:00,756.63,756.505,756.76,755.66,0.0,0.0,72034.0,54469537.978,-0.00807596322383601,756.5661
US.META,Meta Platforms,2025-09-10 12:30:00,756.505,756.18,756.705,755.6019,0.0,0.0,58789.0,44445985.111,-0.042960720682618816,756.505
US.META,Meta Platforms,2025-09-10 12:35:00,756.0,757.27,757.33,755.88,0.0,0.0,45908.0,34729644.038,0.14414557380518286,756.18
US.META,Meta Platforms,2025-09-10 12:40:00,757.33,757.52,757.8,756.92,0.0,0.0,46040.0,34866094.694,0.033013324177638095,757.27
US.META,Meta Platforms,2025-09-10 12:45:00,757.4612,756.515,757.74,756.34,0.0,0.0,40211.0,30446670.512,-0.13266976449466622,757.52
US.META,Meta Platforms,2025-09-10 12:50:00,756.515,756.26,756.9444,756.1393,0.0,0.0,38506.0,29135153.886,-0.03370719681698254,756.515
US.META,Meta Platforms,2025-09-10 12:55:00,756.16,756.61,756.8299,755.919,0.0,0.0,41601.0,31473089.1,0.046280379763576386,756.26
US.META,Meta Platforms,2025-09-10 13:00:00,756.57,757.5701,757.87,756.57,0.0,0.0,36806.0,27872043.311,0.12689496570227873,756.61
US.META,Meta Platforms,2025-09-10 13:05:00,757.765,759.44,759.7,757.765,0.0,0.0,87203.0,66182377.769,0.24682864331631219,757.5701
US.META,Meta Platforms,2025-09-10 13:10:00,759.43,758.27,759.59,758.16,0.0,0.0,56743.0,43069529.866,-0.1540608869693554,759.44
US.META,Meta Platforms,2025-09-10 13:15:00,758.16,756.92,758.375,756.8,0.0,0.0,154005.0,116733782.249,-0.17803684703338163,758.27
US.META,Meta Platforms,2025-09-10 13:20:00,756.92,756.11,757.0133,756.11,0.0,0.0,38258.0,28939156.161,-0.10701263013263561,756.92
US.META,Meta Platforms,2025-09-10 13:25:00,756.29,755.93,756.3106,755.72,0.0,0.0,35192.0,26605213.081,-0.023806059964828354,756.11
US.META,Meta Platforms,2025-09-10 13:30:00,755.905,755.2412,755.905,754.92,0.0,0.0,50055.0,37805406.508,-0.09111954810629305,755.93
US.META,Meta Platforms,2025-09-10 13:35:00,755.18,755.56,755.8799,754.74,0.0,0.0,58332.0,44049966.829,0.042211680189043775,755.2412
US.META,Meta Platforms,2025-09-10 13:40:00,755.64,755.5,756.02,755.2,0.0,0.0,57510.0,43454076.049,-0.007941129758053025,755.56
US.META,Meta Platforms,2025-09-10 13:45:00,755.385,755.36,755.86,755.24,0.0,0.0,29111.0,21993580.737,-0.01853077432163949,755.5
US.META,Meta Platforms,2025-09-10 13:50:00,755.33,755.47,755.57,754.62,0.0,0.0,54420.0,41094796.918,0.014562592671046076,755.36
US.META,Meta Platforms,2025-09-10 13:55:00,755.455,755.63,756.12,755.1201,0.0,0.0,45522.0,34396486.184,0.021178868783666878,755.47
US.META,Meta Platforms,2025-09-10 14:00:00,755.595,755.93,756.07,754.96,0.0,0.0,35860.0,27086499.979,0.039701970541131844,755.63
US.META,Meta Platforms,2025-09-10 14:05:00,755.84,755.79,756.02,755.47,0.0,0.0,23878.0,18045724.704,-0.018520233354938468,755.93
US.META,Meta Platforms,2025-09-10 14:10:00,755.87,755.38,755.95,755.225,0.0,0.0,29626.0,22385097.748,-0.054247873086435146,755.79
US.META,Meta Platforms,2025-09-10 14:15:00,755.38,756.09,756.17,755.08,0.0,0.0,37098.0,28032252.545,0.09399242765231226,755.38
US.META,Meta Platforms,2025-09-10 14:20:00,756.04,755.9846,756.45,755.8,0.0,0.0,50899.0,38484072.709,-0.013940139401398176,756.09
US.META,Meta Platforms,2025-09-10 14:25:00,755.865,755.36,755.985,755.0,0.0,0.0,47169.0,35630319.435,-0.08262073063392913,755.9846
US.META,Meta Platforms,2025-09-10 14:30:00,755.29,755.83,756.6199,755.29,0.0,0.0,42271.0,31950868.589,0.06222198686719277,755.36
US.META,Meta Platforms,2025-09-10 14:35:00,755.68,755.5272,755.68,754.362,0.0,0.0,106237.0,80212228.577,-0.040061918685424955,755.83
US.META,Meta Platforms,2025-09-10 14:40:00,755.465,755.315,755.608,754.84,0.0,0.0,51220.0,38686183.085,-0.02808634818176485,755.5272
US.META,Meta Platforms,2025-09-10 14:45:00,755.315,756.46,756.82,755.315,0.0,0.0,65591.0,49610611.466,0.15159238198632116,755.315
US.META,Meta Platforms,2025-09-10 14:50:00,756.545,756.61,756.8,756.13,0.0,0.0,37471.0,28345521.841,0.019829204452314366,756.46
US.META,Meta Platforms,2025-09-10 14:55:00,756.58,755.63,756.66,755.49,0.0,0.0,40124.0,30336941.573,-0.12952511862122074,756.61
US.META,Meta Platforms,2025-09-10 15:00:00,755.5775,755.98,756.18,755.56,0.0,0.0,51481.0,38914242.028,0.04631896563133051,755.63
US.META,Meta Platforms,2025-09-10 15:05:00,755.9764,755.3,756.14,755.09,0.0,0.0,61836.0,46732184.834,-0.08994946956269527,755.98
US.META,Meta Platforms,2025-09-10 15:10:00,755.33,754.53,755.765,754.53,0.0,0.0,68196.0,51497346.503,-0.10194624652455737,755.3
US.META,Meta Platforms,2025-09-10 15:15:00,754.59,753.2,754.72,753.1,0.0,0.0,100477.0,75761624.764,-0.1762686705631224,754.53
US.META,Meta Platforms,2025-09-10 15:20:00,753.25,753.4163,753.5899,752.4201,0.0,0.0,135747.0,102209011.783,0.028717472118950194,753.2
US.META,Meta Platforms,2025-09-10 15:25:00,753.4,752.83,753.4,751.8,0.0,0.0,102781.0,77330660.464,-0.0778188632234181,753.4163
US.META,Meta Platforms,2025-09-10 15:30:00,752.777,752.78,753.24,752.5,0.0,0.0,74795.0,56308301.941,-0.0066416056745969496,752.83
US.META,Meta Platforms,2025-09-10 15:35:00,752.79,753.91,754.2665,752.79,0.0,0.0,78575.0,59213734.767,0.15011025797709762,752.78
US.META,Meta Platforms,2025-09-10 15:40:00,753.93,752.71,754.2,752.71,0.0,0.0,74908.0,56448298.169,-0.159170192728566,753.91
US.META,Meta Platforms,2025-09-10 15:45:00,752.71,754.365,754.6,752.673,0.0,0.0,118379.0,89230057.138,0.21987219513490888,752.71
US.META,Meta Platforms,2025-09-10 15:50:00,754.37,752.81,754.37,752.81,0.0,0.0,132716.0,99961080.176,-0.2061336355742994,754.365
US.META,Meta Platforms,2025-09-10 15:55:00,752.92,752.01,753.11,751.0,0.0,0.0,283031.0,212882228.777,-0.10626851396766178,752.81
US.META,Meta Platforms,2025-09-10 16:00:00,752.1,751.98,752.97,751.5,0.0,0.0,2268134.0,1705752849.2,-0.003989308652806839,752.01
US.META,Meta Platforms,2025-09-11 09:35:00,754.65,752.8,755.62,748.37,0.0,0.0,515340.0,387893825.692,0.10904545333651644,751.98
US.META,Meta Platforms,2025-09-11 09:40:00,753.0,751.165,753.76,750.56,0.0,0.0,239395.0,180003366.923,-0.2171891604675865,752.8
US.META,Meta Platforms,2025-09-11 09:45:00,751.43,751.25,752.41,750.47,0.0,0.0,180998.0,136012803.74,0.011315756192053196,751.165
US.META,Meta Platforms,2025-09-11 09:50:00,751.07,753.8,754.14,750.44,0.0,0.0,135528.0,102019928.156,0.3394342762063168,751.25
US.META,Meta Platforms,2025-09-11 09:55:00,753.75,753.0,753.75,751.44,0.0,0.0,134619.0,101279506.27,-0.10612894667019829,753.8
US.META,Meta Platforms,2025-09-11 10:00:00,752.885,754.27,755.08,752.12,0.0,0.0,128150.0,96619291.646,0.1686586985391742,753.0
US.META,Meta Platforms,2025-09-11 10:05:00,754.39,755.43,755.5,753.7,0.0,0.0,115608.0,87262384.669,0.15379108276876557,754.27
US.META,Meta Platforms,2025-09-11 10:10:00,755.58,755.329,757.1,755.04,0.0,0.0,129682.0,98089527.405,-0.013369868816435551,755.43
US.META,Meta Platforms,2025-09-11 10:15:00,755.235,753.12,755.345,752.8336,0.0,0.0,101781.0,76736788.781,-0.292455340652874,755.329
US.META,Meta Platforms,2025-09-11 10:20:00,753.06,753.6,754.2,752.4116,0.0,0.0,250793.0,188997817.113,0.06373486297004703,753.12
US.META,Meta Platforms,2025-09-11 10:25:00,753.69,753.04,754.4,752.2401,0.0,0.0,94293.0,71013111.822,-0.07430997876858533,753.6
US.META,Meta Platforms,2025-09-11 10:30:00,753.04,753.01,753.29,752.43,0.0,0.0,53427.0,40224068.506,-0.0039838521194057045,753.04
US.META,Meta Platforms,2025-09-11 10:35:00,752.995,753.11,753.43,752.61,0.0,0.0,47515.0,35778041.973,0.01328003612170127,753.01
US.META,Meta Platforms,2025-09-11 10:40:00,753.0325,753.6921,754.4022,753.0325,0.0,0.0,61196.0,46128653.619,0.07729282574922236,753.11
US.META,Meta Platforms,2025-09-11 10:45:00,753.969,752.795,754.04,752.62,0.0,0.0,55405.0,41732430.45,-0.11902738532087878,753.6921
US.META,Meta Platforms,2025-09-11 10:50:00,752.93,751.975,753.43,750.69,0.0,0.0,130202.0,97855360.175,-0.10892739723296999,752.795
US.META,Meta Platforms,2025-09-11 10:55:00,752.1075,751.1173,752.49,750.5693,0.0,0.0,93086.0,69934751.692,-0.11405964294026032,751.975
US.META,Meta Platforms,2025-09-11 11:00:00,751.0,752.450637,752.66,750.05,0.0,0.0,89766.0,67420252.045,0.17751381841425148,751.1173
US.META,Meta Platforms,2025-09-11 11:05:00,752.45,752.11,753.5,751.9301,0.0,0.0,58977.0,44408629.296,-0.04527034508976237,752.450637
US.META,Meta Platforms,2025-09-11 11:10:00,752.095,752.15,753.56,752.095,0.0,0.0,53349.0,40154716.833,0.00531837098296308,752.11
US.META,Meta Platforms,2025-09-11 11:15:00,752.4873,752.135,752.4873,751.4,0.0,0.0,55668.0,41862768.255,-0.001994283055239827,752.15
US.META,Meta Platforms,2025-09-11 11:20:00,752.33,754.0,754.11,752.15,0.0,0.0,90730.0,68374017.531,0.24796080490869446,752.135
US.META,Meta Platforms,2025-09-11 11:25:00,754.0,752.19,754.17,752.19,0.0,0.0,74531.0,56140428.218,-0.24005305039787073,754.0
US.META,Meta Platforms,2025-09-11 11:30:00,752.34,752.26,752.6,751.315,0.0,0.0,97115.0,73034980.588,0.0093061593480286,752.19
US.META,Meta Platforms,2025-09-11 11:35:00,752.48,751.1,752.63,751.03,0.0,0.0,81490.0,61255540.964,-0.1542020046260559,752.26
US.META,Meta Platforms,2025-09-11 11:40:00,751.085,749.8206,751.12,749.51,0.0,0.0,114182.0,85641687.105,-0.17033683930235782,751.1
US.META,Meta Platforms,2025-09-11 11:45:00,749.79,749.3345,750.4,749.3345,0.0,0.0,92968.0,69707543.057,-0.06482884039195042,749.8206
US.META,Meta Platforms,2025-09-11 11:50:00,749.5435,749.11,749.7,748.88,0.0,0.0,65178.0,48830126.353,-0.029959917767036555,749.3345
US.META,Meta Platforms,2025-09-11 11:55:00,749.11,749.8125,750.44,749.0,0.0,0.0,99585.0,74654086.943,0.09377794983380096,749.11
US.META,Meta Platforms,2025-09-11 12:00:00,749.805,750.76,750.99,749.805,0.0,0.0,62884.0,47185123.223,0.12636492456447324,749.8125
US.META,Meta Platforms,2025-09-11 12:05:00,750.585,751.04,751.5,750.33,0.0,0.0,65604.0,49271469.697,0.03729554051893717,750.76
US.META,Meta Platforms,2025-09-11 12:10:00,750.99,751.4717,751.76,750.8,0.0,0.0,58938.0,44284177.029,0.05748029399234285,751.04
US.META,Meta Platforms,2025-09-11 12:15:00,751.53,751.23,751.69,750.975,0.0,0.0,32471.0,24400487.213,-0.03216355319834893,751.4717
US.META,Meta Platforms,2025-09-11 12:20:00,751.34,751.85,751.9199,751.0,0.0,0.0,39009.0,29315001.951,0.0825313153095596,751.23
US.META,Meta Platforms,2025-09-11 12:25:00,751.7001,752.495,753.25,751.7001,0.0,0.0,91213.0,68653183.722,0.08578838864134891,751.85
US.META,Meta Platforms,2025-09-11 12:30:00,752.52,751.88,753.1,751.01,0.0,0.0,79936.0,60113736.067,-0.08172811779480384,752.495
US.META,Meta Platforms,2025-09-11 12:35:00,751.95,752.38,752.73,751.93,0.0,0.0,35537.0,26737572.264,0.06649997340001064,751.88
US.META,Meta Platforms,2025-09-11 12:40:00,752.58,752.19,752.91,752.02,0.0,0.0,40431.0,30425195.419,-0.02525319652302572,752.38
US.META,Meta Platforms,2025-09-11 12:45:00,752.23,751.845,752.23,751.43,0.0,0.0,41828.0,31449751.352,-0.045866071072472016,752.19
US.META,Meta Platforms,2025-09-11 12:50:00,751.78,751.28,751.9699,751.11,0.0,0.0,39839.0,29940553.923,-0.07514846810181015,751.845
US.META,Meta Platforms,2025-09-11 12:55:00,751.19,751.52,751.55,750.2018,0.0,0.0,81535.0,61221677.423,0.0319454797146216,751.28
US.META,Meta Platforms,2025-09-11 13:00:00,751.53,751.74,752.1101,751.47,0.0,0.0,28973.0,21780432.308,0.029274004683844383,751.52
US.META,Meta Platforms,2025-09-11 13:05:00,752.08,752.39,752.4,751.695,0.0,0.0,40905.0,30763143.549,0.08646606539494735,751.74
US.META,Meta Platforms,2025-09-11 13:10:00,752.43,753.09,753.2599,752.12,0.0,0.0,55395.0,41691055.391,0.09303685588591629,752.39
US.META,Meta Platforms,2025-09-11 13:15:00,753.11,753.125,753.6,752.7,0.0,0.0,52949.0,39879820.51,0.0046475188888404,753.09
US.META,Meta Platforms,2025-09-11 13:20:00,753.125,752.46,753.26,752.28,0.0,0.0,31016.0,23347020.383,-0.08829875518671716,753.125
US.META,Meta Platforms,2025-09-11 13:25:00,752.385,752.4,752.79,752.041,0.0,0.0,24812.0,18668760.879,-0.00797384578583036,752.46
US.META,Meta Platforms,2025-09-11 13:30:00,752.39,753.02,753.38,752.26,0.0,0.0,41017.0,30875198.308,0.08240297713981985,752.4
US.META,Meta Platforms,2025-09-11 13:35:00,753.2,753.345,753.53,752.75,0.0,0.0,47858.0,36045966.079,0.043159544235218915,753.02
US.META,Meta Platforms,2025-09-11 13:40:00,753.3899,752.92,754.25,752.81,0.0,0.0,99565.0,75036742.978,-0.05641505551906075,753.345
US.META,Meta Platforms,2025-09-11 13:45:00,752.98,753.575,753.61,752.87,0.0,0.0,25892.0,19500660.106,0.08699463422409903,752.92
US.META,Meta Platforms,2025-09-11 13:50:00,753.67,752.565,754.1999,752.5,0.0,0.0,41241.0,31069187.0,-0.13402780081610866,753.575
US.META,Meta Platforms,2025-09-11 13:55:00,752.64,753.46,753.46,751.91,0.0,0.0,46803.0,35221875.751,0.11892660434646599,752.565
US.META,Meta Platforms,2025-09-11 14:00:00,753.5515,754.0608,754.41,753.2301,0.0,0.0,51077.0,38507188.621,0.07973880497968514,753.46
US.META,Meta Platforms,2025-09-11 14:05:00,754.2,753.815,754.2,753.7,0.0,0.0,41990.0,31656556.734,-0.032596840997425866,754.0608
US.META,Meta Platforms,2025-09-11 14:10:00,753.78,754.98,755.07,753.78,0.0,0.0,70241.0,52994366.379,0.15454720322625096,753.815
US.META,Meta Platforms,2025-09-11 14:15:00,754.865,754.65,755.38,754.11,0.0,0.0,97319.0,73462627.427,-0.04370976714615499,754.98
US.META,Meta Platforms,2025-09-11 14:20:00,754.61,754.19,755.0,754.1101,0.0,0.0,33417.0,25213070.29,-0.060955409792608856,754.65
US.META,Meta Platforms,2025-09-11 14:25:00,754.32,754.81,754.92,754.165,0.0,0.0,34155.0,25771932.643,0.08220740131795579,754.19
US.META,Meta Platforms,2025-09-11 14:30:00,754.82,754.0102,755.04,753.6938,0.0,0.0,47314.0,35692733.325,-0.10596044037570927,754.81
US.META,Meta Platforms,2025-09-11 14:35:00,754.04,753.75,754.3,753.7401,0.0,0.0,48567.0,36619722.63,-0.0345088169894856,754.0102
US.META,Meta Platforms,2025-09-11 14:40:00,753.815,753.2218,754.06,753.0469,0.0,0.0,63340.0,47726067.64,-0.07007628524046033,753.75
US.META,Meta Platforms,2025-09-11 14:45:00,753.185,753.04,753.2874,752.895,0.0,0.0,46545.0,35052340.721,-0.024136316819304296,753.2218
US.META,Meta Platforms,2025-09-11 14:50:00,752.98,752.57,753.2044,752.57,0.0,0.0,55972.0,42136071.76,-0.06241368320406799,753.04
US.META,Meta Platforms,2025-09-11 14:55:00,752.62,752.093,752.87,751.9256,0.0,0.0,60619.0,45603677.497,-0.06338280824376324,752.57
US.META,Meta Platforms,2025-09-11 15:00:00,751.99,751.78,752.37,751.53,0.0,0.0,87266.0,65643956.802,-0.04161719361834084,752.093
US.META,Meta Platforms,2025-09-11 15:05:00,751.63,751.85,752.02,751.63,0.0,0.0,97638.0,73445820.496,0.009311234669723858,751.78
US.META,Meta Platforms,2025-09-11 15:10:00,751.81,751.6,752.51,751.5457,0.0,0.0,54052.0,40646506.856,-0.03325131342688036,751.85
US.META,Meta Platforms,2025-09-11 15:15:00,751.605,751.87,751.97,751.3101,0.0,0.0,52600.0,39540452.557,0.03592336349121631,751.6
US.META,Meta Platforms,2025-09-11 15:20:00,751.87,752.6951,752.87,751.832,0.0,0.0,60311.0,45381890.861,0.10973971564233449,751.87
US.META,Meta Platforms,2025-09-11 15:25:00,752.695,752.55,752.81,751.85,0.0,0.0,69036.0,51941391.088,-0.019277393993938633,752.6951
US.META,Meta Platforms,2025-09-11 15:30:00,752.6701,753.0452,753.17,752.62,0.0,0.0,58098.0,43744634.275,0.0658029366819571,752.55
US.META,Meta Platforms,2025-09-11 15:35:00,753.055,752.85,753.47,752.62,0.0,0.0,77420.0,58305526.821,-0.02592141879398472,753.0452
US.META,Meta Platforms,2025-09-11 15:40:00,752.755,752.24,752.755,751.8545,0.0,0.0,83507.0,62827235.263,-0.08102543667397405,752.85
US.META,Meta Platforms,2025-09-11 15:45:00,752.24,752.4154,752.655,751.99,0.0,0.0,58888.0,44299857.727,0.02331702648090607,752.24
US.META,Meta Platforms,2025-09-11 15:50:00,752.34,752.84,753.16,752.34,0.0,0.0,61780.0,46507472.252,0.05643159350540339,752.4154
US.META,Meta Platforms,2025-09-11 15:55:00,752.8,751.27,752.8,751.0,0.0,0.0,174143.0,130906676.545,-0.20854364805271372,752.84
US.META,Meta Platforms,2025-09-11 16:00:00,751.62,750.9,751.75,750.5,0.0,0.0,1205860.0,905562289.978,-0.04924993677373042,751.27
US.META,Meta Platforms,2025-09-12 09:35:00,748.725,748.5091,749.88,743.76,0.0,0.0,387495.0,289724218.638,-0.31840458116926196,750.9
US.META,Meta Platforms,2025-09-12 09:40:00,748.42,745.42,748.42,745.0,0.0,0.0,131785.0,98383358.165,-0.4127003933552752,748.5091
US.META,Meta Platforms,2025-09-12 09:45:00,745.4929,748.258,748.68,744.25,0.0,0.0,153984.0,114936383.123,0.3807249604250059,745.42
US.META,Meta Platforms,2025-09-12 09:50:00,748.17,746.7,748.78,745.68,0.0,0.0,157649.0,117832309.741,-0.2082169519069616,748.258
US.META,Meta Platforms,2025-09-12 09:55:00,746.6,748.175,748.84,746.6,0.0,0.0,86734.0,64876303.694,0.19753582429354613,746.7
US.META,Meta Platforms,2025-09-12 10:00:00,748.1,748.2,749.5,747.452,0.0,0.0,109883.0,82259902.791,0.003341464229637578,748.175
US.META,Meta Platforms,2025-09-12 10:05:00,748.21,749.49,750.3,747.37,0.0,0.0,99699.0,74679427.326,0.1724137931034434,748.2
US.META,Meta Platforms,2025-09-12 10:10:00,749.365,749.89,750.0,747.58,0.0,0.0,81264.0,60882830.785,0.05336962467811142,749.49
US.META,Meta Platforms,2025-09-12 10:15:00,749.97,750.61,751.3,749.71,0.0,0.0,107418.0,80620226.35,0.09601408206537324,749.89
US.META,Meta Platforms,2025-09-12 10:20:00,750.405,751.771,752.02,750.405,0.0,0.0,83676.0,62877551.429,0.1546741983186934,750.61
US.META,Meta Platforms,2025-09-12 10:25:00,751.93,751.16,751.93,750.6106,0.0,0.0,82832.0,62231009.307,-0.08127474989059036,751.771
US.META,Meta Platforms,2025-09-12 10:30:00,751.1,749.515,751.1,749.34,0.0,0.0,83779.0,62853804.761,-0.21899462165184272,751.16
US.META,Meta Platforms,2025-09-12 10:35:00,749.29,749.08,749.49,748.68,0.0,0.0,85723.0,64219937.949,-0.058037530936665103,749.515
US.META,Meta Platforms,2025-09-12 10:40:00,748.94,749.53,750.4145,748.77,0.0,0.0,80601.0,60404645.7,0.06007369039354031,749.08
US.META,Meta Platforms,2025-09-12 10:45:00,749.68,749.495,749.945,749.24,0.0,0.0,54798.0,41076866.427,-0.004669592944907898,749.53
US.META,Meta Platforms,2025-09-12 10:50:00,749.3496,750.21,750.42,749.08,0.0,0.0,52785.0,39573536.485,0.09539756769558594,749.495
US.META,Meta Platforms,2025-09-12 10:55:00,750.275,751.69,751.95,749.78,0.0,0.0,101128.0,75910377.821,0.1972780954666051,750.21
US.META,Meta Platforms,2025-09-12 11:00:00,751.5744,750.56,751.89,750.5088,0.0,0.0,81023.0,60874670.416,-0.15032792773618234,751.69
US.META,Meta Platforms,2025-09-12 11:05:00,750.7,749.2814,750.81,749.24,0.0,0.0,58411.0,43813044.52,-0.17035280324024504,750.56
US.META,Meta Platforms,2025-09-12 11:10:00,749.28,750.23,750.51,749.28,0.0,0.0,91430.0,68586801.182,0.12660130092646846,749.2814
US.META,Meta Platforms,2025-09-12 11:15:00,750.37,750.385,750.65,749.78,0.0,0.0,86526.0,64923823.709,0.020660330831874588,750.23
US.META,Meta Platforms,2025-09-12 11:20:00,750.31,749.185,750.38,749.04,0.0,0.0,37823.0,28356725.785,-0.15991790880681855,750.385
US.META,Meta Platforms,2025-09-12 11:25:00,749.21,749.766,749.885,748.4801,0.0,0.0,55078.0,41261744.673,0.07755093868670854,749.185
US.META,Meta Platforms,2025-09-12 11:30:00,749.83,750.03,750.1,749.1001,0.0,0.0,36778.0,27566911.006,0.03521098582757954,749.766
US.META,Meta Platforms,2025-09-12 11:35:00,750.03,749.915,750.22,749.51,0.0,0.0,46827.0,35117183.922,-0.015332720024533564,750.03
US.META,Meta Platforms,2025-09-12 11:40:00,749.885,749.855,750.1,749.61,0.0,0.0,46392.0,34788946.499,-0.008000906769426592,749.915
US.META,Meta Platforms,2025-09-12 11:45:00,749.99,750.02,750.52,749.67,0.0,0.0,62743.0,47064464.385,0.022004254155798604,749.855
US.META,Meta Platforms,2025-09-12 11:50:00,750.055,749.6,750.18,749.3701,0.0,0.0,45883.0,34400546.269,-0.05599850670648237,750.02
US.META,Meta Platforms,2025-09-12 11:55:00,749.71,749.86,750.1,749.5101,0.0,0.0,28568.0,21422623.426,0.034685165421556946,749.6
US.META,Meta Platforms,2025-09-12 12:00:00,749.86,750.15,750.68,749.824,0.0,0.0,50867.0,38158197.902,0.03867388579200966,749.86
US.META,Meta Platforms,2025-09-12 12:05:00,750.2729,750.115,750.4548,749.72,0.0,0.0,30813.0,23112833.893,-0.0046657335199584305,750.15
US.META,Meta Platforms,2025-09-12 12:10:00,750.2,750.18,750.205,749.71,0.0,0.0,32337.0,24250608.302,0.00866533798150162,750.115
US.META,Meta Platforms,2025-09-12 12:15:00,750.21,752.46,752.5761,750.21,0.0,0.0,118147.0,88805607.462,0.3039270575062101,750.18
US.META,Meta Platforms,2025-09-12 12:20:00,752.5,751.97,752.82,751.93,0.0,0.0,84675.0,63711578.241,-0.06511974058421831,752.46
US.META,Meta Platforms,2025-09-12 12:25:00,751.93,751.775,751.99,750.7722,0.0,0.0,60014.0,45090818.687,-0.025931885580548427,751.97
US.META,Meta Platforms,2025-09-12 12:30:00,751.765,752.54,753.27,751.3301,0.0,0.0,111614.0,84003099.128,0.10175916996441572,751.775
US.META,Meta Platforms,2025-09-12 12:35:00,752.5,753.61,753.735,752.12,0.0,0.0,64083.0,48248352.611,0.14218513301619184,752.54
US.META,Meta Platforms,2025-09-12 12:40:00,753.48,752.62,753.48,752.5,0.0,0.0,50617.0,38110295.812,-0.13136768354984793,753.61
US.META,Meta Platforms,2025-09-12 12:45:00,752.57,752.767,752.83,752.25,0.0,0.0,36354.0,27356857.356,0.019531769020229094,752.62
US.META,Meta Platforms,2025-09-12 12:50:00,752.84,753.61,753.855,752.7806,0.0,0.0,48024.0,36182241.622,0.11198684320645842,752.767
US.META,Meta Platforms,2025-09-12 12:55:00,753.45,754.15,754.16,753.189,0.0,0.0,54488.0,41071649.108,0.07165510011809338,753.61
US.META,Meta Platforms,2025-09-12 13:00:00,754.09,755.58,755.68,753.91,0.0,0.0,105736.0,79832727.109,0.18961745010940312,754.15
US.META,Meta Platforms,2025-09-12 13:05:00,755.56,754.865,756.31,754.825,0.0,0.0,119177.0,90042040.688,-0.09462929140528227,755.58
US.META,Meta Platforms,2025-09-12 13:10:00,754.96,755.7038,755.989,754.96,0.0,0.0,76749.0,57982897.465,0.11111920674557597,754.865
US.META,Meta Platforms,2025-09-12 13:15:00,755.56,755.33,756.175,754.951,0.0,0.0,69017.0,52161787.32,-0.04946382431846448,755.7038
US.META,Meta Platforms,2025-09-12 13:20:00,755.44,755.6558,756.125,755.0001,0.0,0.0,44220.0,33416588.761,0.04313346484317561,755.33
US.META,Meta Platforms,2025-09-12 13:25:00,755.6951,756.42,756.6,755.2,0.0,0.0,48838.0,36928977.634,0.10113069998271167,755.6558
US.META,Meta Platforms,2025-09-12 13:30:00,756.38,755.02,756.46,754.74,0.0,0.0,45641.0,34484983.29,-0.18508236165093167,756.42
US.META,Meta Platforms,2025-09-12 13:35:00,754.85,754.005,754.9376,753.79,0.0,0.0,38976.0,29404845.441,-0.1344335249397349,755.02
US.META,Meta Platforms,2025-09-12 13:40:00,754.31,753.745,754.68,753.53,0.0,0.0,43575.0,32864427.611,-0.03448252995669669,754.005
US.META,Meta Platforms,2025-09-12 13:45:00,753.64,754.41,754.41,753.5,0.0,0.0,35309.0,26617237.86,0.08822612421972466,753.745
US.META,Meta Platforms,2025-09-12 13:50:00,754.4343,754.2075,754.5,754.098,0.0,0.0,17875.0,13483131.77,-0.02684216805185328,754.41
US.META,Meta Platforms,2025-09-12 13:55:00,754.16,753.8701,754.39,753.8505,0.0,0.0,19929.0,15029515.718,-0.04473569939307185,754.2075
US.META,Meta Platforms,2025-09-12 14:00:00,753.92,755.0,755.0,753.8926,0.0,0.0,40273.0,30383392.147,0.14987993289560372,753.8701
US.META,Meta Platforms,2025-09-12 14:05:00,754.9451,754.9655,754.9808,754.58,0.0,0.0,30848.0,23284506.435,-0.00456953642383841,755.0
US.META,Meta Platforms,2025-09-12 14:10:00,755.07,756.0887,756.12,754.96,0.0,0.0,41909.0,31665059.069,0.1487750102488123,754.9655
US.META,Meta Platforms,2025-09-12 14:15:00,756.04,756.765,757.0,755.9487,0.0,0.0,85668.0,64799537.418,0.08944717729546403,756.0887
US.META,Meta Platforms,2025-09-12 14:20:00,756.82,757.0,757.34,756.745,0.0,0.0,93087.0,70469841.713,0.031053233170140488,756.765
US.META,Meta Platforms,2025-09-12 14:25:00,756.96,755.9729,757.5703,755.69,0.0,0.0,79469.0,60147413.351,-0.1356803170409536,757.0
US.META,Meta Platforms,2025-09-12 14:30:00,755.995,755.85,756.44,755.57,0.0,0.0,44615.0,33727036.122,-0.016257196521192587,755.9729
US.META,Meta Platforms,2025-09-12 14:35:00,755.9605,755.75,756.19,755.3001,0.0,0.0,50368.0,38063548.738,-0.013230138254947772,755.85
US.META,Meta Platforms,2025-09-12 14:40:00,755.77,755.57,755.93,755.16,0.0,0.0,38968.0,29440457.815,-0.023817399933833937,755.75
US.META,Meta Platforms,2025-09-12 14:45:00,755.36,754.51,755.53,754.35,0.0,0.0,51440.0,38832174.302,-0.14029143560491536,755.57
US.META,Meta Platforms,2025-09-12 14:50:00,754.35,754.66,754.95,754.15,0.0,0.0,49010.0,36978082.259,0.019880452214016683,754.51
US.META,Meta Platforms,2025-09-12 14:55:00,754.72,754.97,755.55,754.43,0.0,0.0,52310.0,39496835.042,0.041078101396663284,754.66
US.META,Meta Platforms,2025-09-12 15:00:00,754.91,754.89,755.2299,754.8,0.0,0.0,41806.0,31564389.168,-0.010596447540967313,754.97
US.META,Meta Platforms,2025-09-12 15:05:00,754.99,755.06,755.32,754.77,0.0,0.0,52226.0,39433235.854,0.0225198373272873,754.89
US.META,Meta Platforms,2025-09-12 15:10:00,754.98,755.0,755.3605,754.8301,0.0,0.0,42071.0,31767608.002,-0.007946388366480206,755.06
US.META,Meta Platforms,2025-09-12 15:15:00,754.9985,754.375,755.07,754.32,0.0,0.0,32417.0,24464597.026,-0.08278145695364239,755.0
US.META,Meta Platforms,2025-09-12 15:20:00,754.5,753.89,754.505,753.75,0.0,0.0,47601.0,35897678.149,-0.06429163214581789,754.375
US.META,Meta Platforms,2025-09-12 15:25:00,753.875,753.5,753.93,753.3,0.0,0.0,43942.0,33117785.478,-0.05173168499383018,753.89
US.META,Meta Platforms,2025-09-12 15:30:00,753.525,753.4,753.7299,753.12,0.0,0.0,44626.0,33621746.658,-0.01327140013271702,753.5
US.META,Meta Platforms,2025-09-12 15:35:00,753.33,753.51,753.66,753.2295,0.0,0.0,41670.0,31395006.463,0.014600477833821826,753.4
US.META,Meta Platforms,2025-09-12 15:40:00,753.39,753.2,753.67,753.0701,0.0,0.0,45942.0,34610231.664,-0.0411407944154617,753.51
US.META,Meta Platforms,2025-09-12 15:45:00,753.22,753.71,753.71,752.8453,0.0,0.0,93563.0,70490265.072,0.06771109930961111,753.2
US.META,Meta Platforms,2025-09-12 15:50:00,753.72,754.096,754.35,753.72,0.0,0.0,58359.0,44001753.852,0.0512133313873993,753.71
US.META,Meta Platforms,2025-09-12 15:55:00,754.29,754.1,755.115,753.5166,0.0,0.0,187995.0,141822628.607,0.0005304364431079198,754.096
US.META,Meta Platforms,2025-09-12 16:00:00,754.63,755.59,756.31,754.63,0.0,0.0,2115753.0,1598688027.645,0.19758652698581208,754.1
US.META,Meta Platforms,2025-09-15 09:35:00,757.47,758.12,760.48,751.985,0.0,0.0,535393.0,405113873.473,0.33483767651768453,755.59
US.META,Meta Platforms,2025-09-15 09:40:00,757.54,759.7,761.27,756.51,0.0,0.0,247827.0,188057988.739,0.2084102780562498,758.12
US.META,Meta Platforms,2025-09-15 09:45:00,759.54,763.13,763.3724,759.0021,0.0,0.0,217463.0,165605737.727,0.45149401079372775,759.7
US.META,Meta Platforms,2025-09-15 09:50:00,763.135,761.92,763.76,760.0,0.0,0.0,215967.0,164600114.275,-0.15855751968865545,763.13
US.META,Meta Platforms,2025-09-15 09:55:00,761.5552,759.31,762.83,758.99,0.0,0.0,123507.0,93915964.651,-0.34255564888702406,761.92
US.META,Meta Platforms,2025-09-15 10:00:00,759.46,758.63,760.0,757.08,0.0,0.0,130436.0,98911992.008,-0.08955499071524806,759.31
US.META,Meta Platforms,2025-09-15 10:05:00,758.84,757.45,759.0,756.0,0.0,0.0,179744.0,136063252.123,-0.15554354560193376,758.63
US.META,Meta Platforms,2025-09-15 10:10:00,757.41,756.02,757.57,755.85,0.0,0.0,92716.0,70138483.38,-0.18879133936234255,757.45
US.META,Meta Platforms,2025-09-15 10:15:00,755.85,758.562429,758.6358,755.84,0.0,0.0,91898.0,69565342.689,0.33629123568159175,756.02
US.META,Meta Platforms,2025-09-15 10:20:00,758.4,757.4146,758.7499,756.2505,0.0,0.0,96550.0,73122236.537,-0.1513163526320655,758.562429
US.META,Meta Platforms,2025-09-15 10:25:00,757.49,757.01,758.25,756.4,0.0,0.0,54809.0,41524452.683,-0.0534185636241973,757.4146
US.META,Meta Platforms,2025-09-15 10:30:00,756.965,756.61,757.13,755.8,0.0,0.0,77619.0,58726355.97,-0.0528394605091052,757.01
US.META,Meta Platforms,2025-09-15 10:35:00,756.5,756.23,756.8099,755.8,0.0,0.0,82304.0,62239824.696,-0.05022402558781875,756.61
US.META,Meta Platforms,2025-09-15 10:40:00,756.42,758.345,759.6,756.16,0.0,0.0,143606.0,108888839.1,0.27967681789931753,756.23
US.META,Meta Platforms,2025-09-15 10:45:00,758.3509,757.56,758.78,757.5,0.0,0.0,53830.0,40810658.895,-0.10351489097971,758.345
US.META,Meta Platforms,2025-09-15 10:50:00,757.8,757.8,759.0,757.5,0.0,0.0,69794.0,52930339.193,0.031680658957707525,757.56
US.META,Meta Platforms,2025-09-15 10:55:00,758.015,758.4679,758.95,757.5,0.0,0.0,54551.0,41365227.597,0.08813671153339028,757.8
US.META,Meta Platforms,2025-09-15 11:00:00,758.51,759.515,759.66,758.22,0.0,0.0,88131.0,66877819.468,0.13805462301041355,758.4679
US.META,Meta Platforms,2025-09-15 11:05:00,759.4125,761.4996,761.53,759.4125,0.0,0.0,104416.0,79404157.93,0.2612983285386069,759.515
US.META,Meta Platforms,2025-09-15 11:10:00,761.152,763.91,764.22,761.152,0.0,0.0,266612.0,203457149.011,0.31653332450863814,761.4996
US.META,Meta Platforms,2025-09-15 11:15:00,764.02,763.21,766.14,762.73,0.0,0.0,337145.0,257742496.055,-0.09163383121047398,763.91
US.META,Meta Platforms,2025-09-15 11:20:00,763.22,763.705,764.8799,762.95,0.0,0.0,102351.0,78202933.641,0.06485764075418358,763.21
US.META,Meta Platforms,2025-09-15 11:25:00,763.67,762.39,763.76,761.38,0.0,0.0,112775.0,85972679.831,-0.17218690462941247,763.705
US.META,Meta Platforms,2025-09-15 11:30:00,762.21,762.805,763.58,762.17,0.0,0.0,70857.0,54052031.872,0.05443408229383434,762.39
US.META,Meta Platforms,2025-09-15 11:35:00,762.755,762.41,763.525,762.28,0.0,0.0,65676.0,50098165.135,-0.0517825656622573,762.805
US.META,Meta Platforms,2025-09-15 11:40:00,762.5599,763.39,763.55,762.02,0.0,0.0,76638.0,58449181.313,0.12853976207027953,762.41
US.META,Meta Platforms,2025-09-15 11:45:00,763.42,764.615,765.1585,763.17,0.0,0.0,90270.0,69008427.652,0.1604684368409362,763.39
US.META,Meta Platforms,2025-09-15 11:50:00,764.68,763.745,764.75,763.39,0.0,0.0,99809.0,76257368.882,-0.11378275341184839,764.615
US.META,Meta Platforms,2025-09-15 11:55:00,763.94,764.205,764.76,763.55,0.0,0.0,72813.0,55647729.505,0.060229526870884446,763.745
US.META,Meta Platforms,2025-09-15 12:00:00,764.15,765.39,765.65,763.5,0.0,0.0,101992.0,78013270.01,0.15506310479517216,764.205
US.META,Meta Platforms,2025-09-15 12:05:00,765.3564,764.69,765.395,763.48,0.0,0.0,121491.0,92879526.503,-0.09145664301858292,765.39
US.META,Meta Platforms,2025-09-15 12:10:00,764.69,771.58,771.76,764.56,0.0,0.0,603656.0,463893259.648,0.9010187134655855,764.69
US.META,Meta Platforms,2025-09-15 12:15:00,771.68,771.215,774.07,770.3,0.0,0.0,435680.0,336346970.3,-0.0473055289146957,771.58
US.META,Meta Platforms,2025-09-15 12:20:00,771.01,769.45,771.67,768.8,0.0,0.0,283160.0,218033359.066,-0.22885965651601517,771.215
US.META,Meta Platforms,2025-09-15 12:25:00,769.5,768.78,770.33,767.5001,0.0,0.0,142773.0,109798407.434,-0.08707518357269124,769.45
US.META,Meta Platforms,2025-09-15 12:30:00,768.3533,767.595,768.8099,766.84,0.0,0.0,76964.0,59100224.278,-0.1541403262311644,768.78
US.META,Meta Platforms,2025-09-15 12:35:00,767.73,768.9424,769.67,766.8,0.0,0.0,101132.0,77694456.213,0.17553527576391106,767.595
US.META,Meta Platforms,2025-09-15 12:40:00,768.76,768.99,769.131,768.192,0.0,0.0,43753.0,33632133.708,0.0061903206273953085,768.9424
US.META,Meta Platforms,2025-09-15 12:45:00,768.95,768.935,769.368,768.0728,0.0,0.0,58373.0,44873799.44,-0.007152238650705947,768.99
US.META,Meta Platforms,2025-09-15 12:50:00,769.09,768.0001,769.09,767.56,0.0,0.0,60138.0,46192040.755,-0.12158374895146801,768.935
US.META,Meta Platforms,2025-09-15 12:55:00,768.255,766.675,768.255,766.3886,0.0,0.0,65220.0,50034128.211,-0.17253904003398182,768.0001
US.META,Meta Platforms,2025-09-15 13:00:00,766.6555,766.29,767.83,766.01,0.0,0.0,91142.0,69883000.323,-0.05021684546906981,766.675
US.META,Meta Platforms,2025-09-15 13:05:00,766.2,766.2,767.4799,766.1901,0.0,0.0,62535.0,47956965.539,-0.011744900755577933,766.29
US.META,Meta Platforms,2025-09-15 13:10:00,766.1732,766.6883,767.5,766.09,0.0,0.0,56291.0,43174320.415,0.06373009658052481,766.2
US.META,Meta Platforms,2025-09-15 13:15:00,766.678,766.21,766.95,766.065,0.0,0.0,52939.0,40577243.608,-0.0623851961742458,766.6883
US.META,Meta Platforms,2025-09-15 13:20:00,766.0,766.005,766.8863,765.48,0.0,0.0,73148.0,56034803.63,-0.02675506714869826,766.21
US.META,Meta Platforms,2025-09-15 13:25:00,766.095,766.435,766.51,765.5,0.0,0.0,50943.0,39019124.865,0.056135403815895456,766.005
US.META,Meta Platforms,2025-09-15 13:30:00,766.435,765.52,766.63,765.28,0.0,0.0,39978.0,30615017.252,-0.11938390078740711,766.435
US.META,Meta Platforms,2025-09-15 13:35:00,765.54,765.3558,766.9053,765.31,0.0,0.0,57478.0,44021048.349,-0.02144947225414582,765.52
US.META,Meta Platforms,2025-09-15 13:40:00,765.485,765.3,765.7299,764.419,0.0,0.0,66178.0,50630841.454,-0.00729072674435736,765.3558
US.META,Meta Platforms,2025-09-15 13:45:00,765.27,764.7,765.5,764.7,0.0,0.0,36378.0,27836385.99,-0.07840062720500576,765.3
US.META,Meta Platforms,2025-09-15 13:50:00,764.58,765.72,766.0,764.1,0.0,0.0,69058.0,52828048.946,0.1333856414280086,764.7
US.META,Meta Platforms,2025-09-15 13:55:00,765.785,765.6775,766.29,765.3301,0.0,0.0,43051.0,32971061.854,-0.005550331713944808,765.72
US.META,Meta Platforms,2025-09-15 14:00:00,765.73,766.77,767.0899,765.36,0.0,0.0,66509.0,50971706.755,0.1426840934988912,765.6775
US.META,Meta Platforms,2025-09-15 14:05:00,766.6986,767.08,767.08,766.0633,0.0,0.0,43769.0,33551268.728,0.04042933343767481,766.77
US.META,Meta Platforms,2025-09-15 14:10:00,766.995,766.745,767.42,766.5501,0.0,0.0,56725.0,43505679.3,-0.04367210721176883,767.08
US.META,Meta Platforms,2025-09-15 14:15:00,766.5501,765.6,766.85,765.444,0.0,0.0,49752.0,38119688.372,-0.14933256819411694,766.745
US.META,Meta Platforms,2025-09-15 14:20:00,765.6,765.33,765.75,765.0,0.0,0.0,28523.0,21829677.185,-0.03526645768024841,765.6
US.META,Meta Platforms,2025-09-15 14:25:00,765.33,764.59,765.33,764.32,0.0,0.0,49020.0,37491092.18,-0.09669031659545674,765.33
US.META,Meta Platforms,2025-09-15 14:30:00,764.5995,765.0,765.09,764.1,0.0,0.0,71969.0,55024080.635,0.053623510639685075,764.59
US.META,Meta Platforms,2025-09-15 14:35:00,764.985,764.91,765.39,764.68,0.0,0.0,46262.0,35388851.594,-0.011764705882357103,765.0
US.META,Meta Platforms,2025-09-15 14:40:00,764.91,765.18,765.415,764.875,0.0,0.0,47117.0,36050126.606,0.035298270384748774,764.91
US.META,Meta Platforms,2025-09-15 14:45:00,765.34,764.67,765.58,764.3541,0.0,0.0,54811.0,41933794.949,-0.06665098408217555,765.18
US.META,Meta Platforms,2025-09-15 14:50:00,764.85,765.5753,765.8,764.785,0.0,0.0,47891.0,36657892.4,0.11839093988256516,764.67
US.META,Meta Platforms,2025-09-15 14:55:00,765.55,765.75,765.88,764.86,0.0,0.0,68426.0,52361145.47,0.02281944049135726,765.5753
US.META,Meta Platforms,2025-09-15 15:00:00,765.6978,765.5,765.8805,765.16,0.0,0.0,30503.0,23349686.846,-0.0326477309826967,765.75
US.META,Meta Platforms,2025-09-15 15:05:00,765.52,766.16,766.301,765.4,0.0,0.0,47197.0,36146861.236,0.08621815806661896,765.5
US.META,Meta Platforms,2025-09-15 15:10:00,766.16,765.48,766.6499,765.48,0.0,0.0,73663.0,56433018.476,-0.0887543071943132,766.16
US.META,Meta Platforms,2025-09-15 15:15:00,765.48,765.6492,765.8599,765.32,0.0,0.0,49617.0,37983970.437,0.02210377802162467,765.48
US.META,Meta Platforms,2025-09-15 15:20:00,765.54,765.16,765.74,765.0501,0.0,0.0,54771.0,41918716.892,-0.06389349064819536,765.6492
US.META,Meta Platforms,2025-09-15 15:25:00,765.06,764.3,765.29,764.26,0.0,0.0,71082.0,54370698.613,-0.11239479324585885,765.16
US.META,Meta Platforms,2025-09-15 15:30:00,764.33,764.955,765.02,764.03,0.0,0.0,75135.0,57443423.899,0.08569933272276416,764.3
US.META,Meta Platforms,2025-09-15 15:35:00,764.75,764.8,765.31,764.53,0.0,0.0,69677.0,53301024.253,-0.02026262982790967,764.955
US.META,Meta Platforms,2025-09-15 15:40:00,764.895,765.02,765.39,764.75,0.0,0.0,60958.0,46631892.023,0.028765690376572606,764.8
US.META,Meta Platforms,2025-09-15 15:45:00,765.15,763.6,765.15,763.39,0.0,0.0,90320.0,69008726.411,-0.18561606232516262,765.02
US.META,Meta Platforms,2025-09-15 15:50:00,763.55,764.09,764.4,763.45,0.0,0.0,88054.0,67263956.873,0.064169722367733,763.6
US.META,Meta Platforms,2025-09-15 15:55:00,763.94,763.555,764.08,762.755,0.0,0.0,153404.0,117069462.537,-0.07001792982503133,764.09
US.META,Meta Platforms,2025-09-15 16:00:00,763.05,764.7,764.98,762.75,0.0,0.0,1123294.0,858818122.262,0.1499564536935906,763.555
US.META,Meta Platforms,2025-09-16 09:35:00,767.0,767.9,770.63,765.4001,0.0,0.0,578528.0,444289520.792,0.418464757421202,764.7
US.META,Meta Platforms,2025-09-16 09:40:00,767.93,769.4,769.99,766.59,0.0,0.0,218755.0,168067553.526,0.19533793462690455,767.9
US.META,Meta Platforms,2025-09-16 09:45:00,769.31,773.49,773.9,768.7,0.0,0.0,365652.0,282028083.991,0.5315830517286239,769.4
US.META,Meta Platforms,2025-09-16 09:50:00,773.67,774.06,774.4,771.82,0.0,0.0,391274.0,302565429.377,0.07369196757552604,773.49
US.META,Meta Platforms,2025-09-16 09:55:00,774.005,773.19,781.36,772.12,0.0,0.0,413494.0,319855390.271,-0.11239438803192141,774.06
US.META,Meta Platforms,2025-09-16 10:00:00,773.38,769.1,773.7899,769.034,0.0,0.0,338933.0,261355713.52,-0.5289773535612244,773.19
US.META,Meta Platforms,2025-09-16 10:05:00,769.04,768.4151,769.67,767.76,0.0,0.0,198175.0,152308378.203,-0.08905213886360297,769.1
US.META,Meta Platforms,2025-09-16 10:10:00,768.07,769.92,770.4758,767.74,0.0,0.0,187109.0,143976612.736,0.19584466781039397,768.4151
US.META,Meta Platforms,2025-09-16 10:15:00,769.91,768.5,769.93,766.62,0.0,0.0,203340.0,156200968.51,-0.18443474646716013,769.92
US.META,Meta Platforms,2025-09-16 10:20:00,768.601,768.69,768.9899,767.84,0.0,0.0,138707.0,106566093.724,0.0247234873129544,768.5
US.META,Meta Platforms,2025-09-16 10:25:00,768.585,768.715,769.2884,768.02,0.0,0.0,92022.0,70729189.972,0.0032522863573062302,768.69
US.META,Meta Platforms,2025-09-16 10:30:00,768.54,768.71,769.2,767.85,0.0,0.0,122175.0,93880520.887,-0.0006504361174161363,768.715
US.META,Meta Platforms,2025-09-16 10:35:00,768.765,769.9475,770.49,767.9,0.0,0.0,103193.0,79379235.103,0.16098398615862347,768.71
US.META,Meta Platforms,2025-09-16 10:40:00,769.88,767.36,770.0,767.0001,0.0,0.0,95756.0,73593833.857,-0.33606187434857276,769.9475
US.META,Meta Platforms,2025-09-16 10:45:00,767.25,768.49,768.785,767.21,0.0,0.0,147642.0,113392737.177,0.1472581317764798,767.36
US.META,Meta Platforms,2025-09-16 10:50:00,768.355,769.005,769.8399,768.25,0.0,0.0,60340.0,46404441.417,0.06701453499720053,768.49
US.META,Meta Platforms,2025-09-16 10:55:00,769.0,768.6976,769.615,768.45,0.0,0.0,71045.0,54629219.987,-0.0399737322904311,769.005
US.META,Meta Platforms,2025-09-16 11:00:00,768.56,768.54,768.78,767.9,0.0,0.0,69069.0,53063901.272,-0.020502210492136595,768.6976
US.META,Meta Platforms,2025-09-16 11:05:00,768.6799,768.8028,769.08,768.605,0.0,0.0,41464.0,31875818.721,0.03419470684675929,768.54
US.META,Meta Platforms,2025-09-16 11:10:00,768.66,769.93,770.05,768.5,0.0,0.0,77912.0,59947668.592,0.14661757215243004,768.8028
US.META,Meta Platforms,2025-09-16 11:15:00,769.595,767.42,770.22,767.42,0.0,0.0,103002.0,79146296.6,-0.32600366267063124,769.93
US.META,Meta Platforms,2025-09-16 11:20:00,767.56,769.1,769.11,767.4,0.0,0.0,91820.0,70535970.955,0.21891532667901065,767.42
US.META,Meta Platforms,2025-09-16 11:25:00,769.1135,769.495,770.15,769.1,0.0,0.0,71718.0,55202090.643,0.05135873098426496,769.1
US.META,Meta Platforms,2025-09-16 11:30:00,769.45,768.71,770.0,768.5163,0.0,0.0,50436.0,38808189.252,-0.10201495786197026,769.495
US.META,Meta Platforms,2025-09-16 11:35:00,768.5,768.52,769.16,768.16,0.0,0.0,72814.0,55969709.27,-0.024716733228402725,768.71
US.META,Meta Platforms,2025-09-16 11:40:00,768.45,768.235,768.87,768.19,0.0,0.0,40646.0,31236576.744,-0.037084265861652026,768.52
US.META,Meta Platforms,2025-09-16 11:45:00,768.23,767.88,768.4153,767.36,0.0,0.0,58354.0,44805806.008,-0.046209818610193264,768.235
US.META,Meta Platforms,2025-09-16 11:50:00,767.92,767.86,768.5651,767.78,0.0,0.0,36423.0,27979988.793,-0.0026045736312941877,767.88
US.META,Meta Platforms,2025-09-16 11:55:00,767.86,767.32,768.09,767.315,0.0,0.0,49090.0,37691871.623,-0.07032531971973584,767.86
US.META,Meta Platforms,2025-09-16 12:00:00,767.14,767.15,767.8375,767.02,0.0,0.0,60665.0,46559865.797,-0.022155033102235412,767.32
US.META,Meta Platforms,2025-09-16 12:05:00,767.23,767.0,767.56,766.8135,0.0,0.0,42495.0,32599727.35,-0.019552890568986153,767.15
US.META,Meta Platforms,2025-09-16 12:10:00,766.94,767.585,767.64,766.359,0.0,0.0,56111.0,43027532.518,0.0762711864406827,767.0
US.META,Meta Platforms,2025-09-16 12:15:00,767.585,767.2269,768.0,767.1101,0.0,0.0,50223.0,38557438.887,-0.046652813694904906,767.585
US.META,Meta Platforms,2025-09-16 12:20:00,767.33,766.765,767.5899,766.4726,0.0,0.0,43194.0,33128015.97,-0.06020383279053618,767.2269
US.META,Meta Platforms,2025-09-16 12:25:00,766.61,766.47,767.0,766.1,0.0,0.0,49463.0,37925822.804,-0.03847332624728034,766.765
US.META,Meta Platforms,2025-09-16 12:30:00,766.5499,767.095,767.45,766.44,0.0,0.0,56422.0,43271843.603,0.08154265659451772,766.47
US.META,Meta Platforms,2025-09-16 12:35:00,767.03,767.1,767.13,766.72,0.0,0.0,50533.0,38777329.021,0.0006518097497696442,767.095
US.META,Meta Platforms,2025-09-16 12:40:00,766.87,766.7284,767.09,766.51,0.0,0.0,35124.0,26932790.59,-0.04844218485204767,767.1
US.META,Meta Platforms,2025-09-16 12:45:00,766.705,765.69,766.85,765.1,0.0,0.0,85647.0,65583576.578,-0.13543257299454547,766.7284
US.META,Meta Platforms,2025-09-16 12:50:00,765.645,766.75,766.75,765.5965,0.0,0.0,43690.0,33473342.232,0.13843722655382013,765.69
US.META,Meta Platforms,2025-09-16 12:55:00,766.75,767.61,767.67,766.63,0.0,0.0,48853.0,37474250.004,0.112161721552007,766.75
US.META,Meta Platforms,2025-09-16 13:00:00,767.562,767.65,768.23,767.45,0.0,0.0,52752.0,40504159.424,0.005210979533873141,767.61
US.META,Meta Platforms,2025-09-16 13:05:00,767.63,768.18,768.42,767.54,0.0,0.0,43029.0,33044280.73,0.06904188106558623,767.65
US.META,Meta Platforms,2025-09-16 13:10:00,768.15,768.89,769.33,768.1474,0.0,0.0,66055.0,50782316.202,0.09242625426332844,768.18
US.META,Meta Platforms,2025-09-16 13:15:00,768.98,770.19,770.33,768.72,0.0,0.0,111466.0,85796901.583,0.16907490018078897,768.89
US.META,Meta Platforms,2025-09-16 13:20:00,770.29,771.16,771.32,770.101,0.0,0.0,110295.0,85022585.961,0.1259429491424082,770.19
US.META,Meta Platforms,2025-09-16 13:25:00,771.15,771.195,771.4999,770.54,0.0,0.0,75729.0,58397595.033,0.004538617148202948,771.16
US.META,Meta Platforms,2025-09-16 13:30:00,771.1565,771.0775,772.08,770.54,0.0,0.0,123560.0,95320454.057,-0.015236094632364533,771.195
US.META,Meta Platforms,2025-09-16 13:35:00,771.085,771.95,772.09,770.5555,0.0,0.0,50502.0,38945358.664,0.11315334710195267,771.0775
US.META,Meta Platforms,2025-09-16 13:40:00,771.905,771.55,772.1587,771.45,0.0,0.0,58324.0,45014664.549,-0.05181682751474719,771.95
US.META,Meta Platforms,2025-09-16 13:45:00,771.48,771.58,771.829,771.07,0.0,0.0,58352.0,45012569.207,0.003888276845322585,771.55
US.META,Meta Platforms,2025-09-16 13:50:00,771.6356,772.0055,772.2951,771.51,0.0,0.0,52070.0,40196132.004,0.05514658233753372,771.58
US.META,Meta Platforms,2025-09-16 13:55:00,771.86,772.11,772.4716,771.3,0.0,0.0,56870.0,43893617.72,0.013536172993590072,772.0055
US.META,Meta Platforms,2025-09-16 14:00:00,772.16,772.115,772.8031,771.75,0.0,0.0,57061.0,44066206.231,0.0006475761225726196,772.11
US.META,Meta Platforms,2025-09-16 14:05:00,771.7501,771.61,771.93,771.14,0.0,0.0,42226.0,32577914.619,-0.06540476483425338,772.115
US.META,Meta Platforms,2025-09-16 14:10:00,771.525,771.4899,772.16,771.15,0.0,0.0,38720.0,29876166.475,-0.015564857894529547,771.61
US.META,Meta Platforms,2025-09-16 14:15:00,771.365,770.725,771.595,770.725,0.0,0.0,49395.0,38092047.632,-0.09914582161088713,771.4899
US.META,Meta Platforms,2025-09-16 14:20:00,770.725,771.114,771.23,770.275,0.0,0.0,50426.0,38861022.855,0.0504719582211567,770.725
US.META,Meta Platforms,2025-09-16 14:25:00,771.145,771.065,771.4669,770.96,0.0,0.0,44477.0,34299800.304,-0.006354443052515993,771.114
US.META,Meta Platforms,2025-09-16 14:30:00,771.17,772.555,772.6899,770.96,0.0,0.0,77660.0,59929424.699,0.1932392210773275,771.065
US.META,Meta Platforms,2025-09-16 14:35:00,772.555,771.65,772.555,771.54,0.0,0.0,80787.0,62371042.252,-0.11714376322721008,772.555
US.META,Meta Platforms,2025-09-16 14:40:00,771.69,771.88,772.413,771.665,0.0,0.0,45462.0,35097419.382,0.029806259314458395,771.65
US.META,Meta Platforms,2025-09-16 14:45:00,771.91,772.1,772.27,771.4701,0.0,0.0,38933.0,30054047.237,0.028501839664200043,771.88
US.META,Meta Platforms,2025-09-16 14:50:00,772.3033,773.88,774.22,772.18,0.0,0.0,172339.0,133280157.974,0.23054008548115176,772.1
US.META,Meta Platforms,2025-09-16 14:55:00,773.885,774.4999,774.4999,773.5,0.0,0.0,122607.0,94897011.128,0.08010285832429183,773.88
US.META,Meta Platforms,2025-09-16 15:00:00,774.253,774.6,774.905,774.05,0.0,0.0,143153.0,110870907.722,0.012924469067071233,774.4999
US.META,Meta Platforms,2025-09-16 15:05:00,774.5701,773.69,775.06,773.26,0.0,0.0,210708.0,163213007.865,-0.11747998967208471,774.6
US.META,Meta Platforms,2025-09-16 15:10:00,773.69,774.33,774.575,773.69,0.0,0.0,74176.0,57425706.602,0.08272046943866229,773.69
US.META,Meta Platforms,2025-09-16 15:15:00,774.1333,774.12,774.73,774.0901,0.0,0.0,69283.0,53657606.769,-0.02712022006121891,774.33
US.META,Meta Platforms,2025-09-16 15:20:00,774.11,775.3,775.395,774.09,0.0,0.0,95423.0,73933067.366,0.15243114762568463,774.12
US.META,Meta Platforms,2025-09-16 15:25:00,775.35,775.23,775.76,775.0,0.0,0.0,129910.0,100739984.977,-0.009028763059452643,775.3
US.META,Meta Platforms,2025-09-16 15:30:00,775.22,775.44,775.55,774.6741,0.0,0.0,132567.0,102742921.278,0.027088734956082244,775.23
US.META,Meta Platforms,2025-09-16 15:35:00,775.44,776.37,776.37,775.22,0.0,0.0,106418.0,82555392.036,0.11993190962549649,775.44
US.META,Meta Platforms,2025-09-16 15:40:00,776.295,776.845,776.895,775.92,0.0,0.0,143599.0,111488760.36,0.061182168296047335,776.37
US.META,Meta Platforms,2025-09-16 15:45:00,776.89,778.44,778.8699,776.83,0.0,0.0,275333.0,214152463.561,0.20531766311169247,776.845
US.META,Meta Platforms,2025-09-16 15:50:00,778.41,777.89,778.73,777.33,0.0,0.0,224555.0,174722337.649,-0.07065412877036999,778.44
US.META,Meta Platforms,2025-09-16 15:55:00,777.99,779.8,781.26,777.99,0.0,0.0,672335.0,524645997.636,0.24553600123410355,777.89
US.META,Meta Platforms,2025-09-16 16:00:00,779.8,779.0,780.54,778.41,0.0,0.0,2060270.0,1605056290.249,-0.10259040779686518,779.8
US.META,Meta Platforms,2025-09-17 09:35:00,779.99,777.46,783.29,776.5,0.0,0.0,462813.0,360698782.822,-0.1976893453145011,779.0
US.META,Meta Platforms,2025-09-17 09:40:00,777.65,772.51,778.05,772.0,0.0,0.0,289434.0,224061988.89,-0.6366887042420247,777.46
US.META,Meta Platforms,2025-09-17 09:45:00,772.9778,772.81,774.5181,771.1,0.0,0.0,170971.0,132189230.698,0.03883444874499418,772.51
US.META,Meta Platforms,2025-09-17 09:50:00,773.05,774.0533,774.5,772.2,0.0,0.0,118063.0,91337509.774,0.16088042338997816,772.81
US.META,Meta Platforms,2025-09-17 09:55:00,774.09,772.79,774.49,772.05,0.0,0.0,144519.0,111717950.689,-0.1632058154134957,774.0533
US.META,Meta Platforms,2025-09-17 10:00:00,772.83,770.64,772.93,769.51,0.0,0.0,221599.0,170857805.756,-0.2782127097917904,772.79
US.META,Meta Platforms,2025-09-17 10:05:00,770.395,770.84,771.83,769.7301,0.0,0.0,159346.0,122825224.578,0.025952455102258576,770.64
US.META,Meta Platforms,2025-09-17 10:10:00,770.66,771.4428,771.5501,770.16,0.0,0.0,83408.0,64293399.627,0.07820040475325644,770.84
US.META,Meta Platforms,2025-09-17 10:15:00,771.45,771.895,772.92,771.09,0.0,0.0,124795.0,96350429.908,0.05861743735244505,771.4428
US.META,Meta Platforms,2025-09-17 10:20:00,771.895,771.758,773.63,770.5001,0.0,0.0,123170.0,95090244.833,-0.01774852797335695,771.895
US.META,Meta Platforms,2025-09-17 10:25:00,771.735,772.16,772.8999,771.735,0.0,0.0,97957.0,75644945.11,0.05208886723557513,771.758
US.META,Meta Platforms,2025-09-17 10:30:00,772.1801,771.14,772.435,770.58,0.0,0.0,71014.0,54780421.588,-0.13209697472026288,772.16
US.META,Meta Platforms,2025-09-17 10:35:00,771.13,772.63,773.18,770.7301,0.0,0.0,77498.0,59822566.232,0.19322042690043428,771.14
US.META,Meta Platforms,2025-09-17 10:40:00,772.66,772.5,772.9199,770.88,0.0,0.0,63855.0,49288409.76,-0.016825647463856626,772.63
US.META,Meta Platforms,2025-09-17 10:45:00,772.54,771.9,773.09,771.53,0.0,0.0,66014.0,50989847.633,-0.07766990291262431,772.5
US.META,Meta Platforms,2025-09-17 10:50:00,771.88,771.4077,772.36,771.35,0.0,0.0,41310.0,31885575.159,-0.06377769141080454,771.9
US.META,Meta Platforms,2025-09-17 10:55:00,771.28,771.6,771.82,769.81,0.0,0.0,163017.0,125650268.302,0.024928452230907946,771.4077
US.META,Meta Platforms,2025-09-17 11:00:00,771.6,771.5,771.887,771.06,0.0,0.0,54999.0,42433104.955,-0.012960082944533791,771.6
US.META,Meta Platforms,2025-09-17 11:05:00,771.41,770.885,771.54,770.4,0.0,0.0,43150.0,33266033.508,-0.07971484121840688,771.5
US.META,Meta Platforms,2025-09-17 11:10:00,771.0,771.46,771.85,770.38,0.0,0.0,53936.0,41586657.319,0.07458959507579542,770.885
US.META,Meta Platforms,2025-09-17 11:15:00,771.5152,771.26,771.5152,770.35,0.0,0.0,88678.0,68360979.432,-0.025924869727535514,771.46
US.META,Meta Platforms,2025-09-17 11:20:00,771.215,770.51,771.215,770.01,0.0,0.0,70565.0,54378784.196,-0.09724347172159843,771.26
US.META,Meta Platforms,2025-09-17 11:25:00,770.515,769.96,770.77,769.74,0.0,0.0,53314.0,41061853.54,-0.07138129290988494,770.51
US.META,Meta Platforms,2025-09-17 11:30:00,770.14,770.12,770.21,769.52,0.0,0.0,45739.0,35208909.022,0.020780300275334843,769.96
US.META,Meta Platforms,2025-09-17 11:35:00,770.2,770.625,771.175,770.0001,0.0,0.0,42420.0,32688134.931,0.0655741962291585,770.12
US.META,Meta Platforms,2025-09-17 11:40:00,770.75,769.55,771.16,769.51,0.0,0.0,54173.0,41735589.506,-0.13949716139497753,770.625
US.META,Meta Platforms,2025-09-17 11:45:00,769.51,771.2245,771.25,769.16,0.0,0.0,97722.0,75262243.287,0.2175946982002573,769.55
US.META,Meta Platforms,2025-09-17 11:50:00,771.25,773.825,774.0,771.235,0.0,0.0,103366.0,79871183.683,0.337191051373499,771.2245
US.META,Meta Platforms,2025-09-17 11:55:00,773.88,774.325,774.81,773.49,0.0,0.0,91886.0,71148198.562,0.06461409233353795,773.825
US.META,Meta Platforms,2025-09-17 12:00:00,774.32,773.34,774.797,773.32,0.0,0.0,71248.0,55167417.348,-0.12720756788170517,774.325
US.META,Meta Platforms,2025-09-17 12:05:00,773.63,775.19,775.9,773.405,0.0,0.0,77948.0,60403826.386,0.2392220756717644,773.34
US.META,Meta Platforms,2025-09-17 12:10:00,775.21,776.145,776.68,775.21,0.0,0.0,91192.0,70770206.728,0.12319560365844855,775.19
US.META,Meta Platforms,2025-09-17 12:15:00,776.145,775.865,776.549,775.72,0.0,0.0,47522.0,36884879.461,-0.0360757332714857,776.145
US.META,Meta Platforms,2025-09-17 12:20:00,775.72,775.27,776.025,774.73,0.0,0.0,69004.0,53510561.098,-0.07668859917640664,775.865
US.META,Meta Platforms,2025-09-17 12:25:00,775.225,776.565,776.58,775.06,0.0,0.0,59432.0,46115424.632,0.16703858010758482,775.27
US.META,Meta Platforms,2025-09-17 12:30:00,776.539,775.8128,776.539,775.41,0.0,0.0,44774.0,34741226.492,-0.09686246482908915,776.565
US.META,Meta Platforms,2025-09-17 12:35:00,775.87,774.75,776.39,774.67,0.0,0.0,53822.0,41754420.468,-0.13699181039550243,775.8128
US.META,Meta Platforms,2025-09-17 12:40:00,774.6601,773.85,774.92,773.63,0.0,0.0,55794.0,43196710.883,-0.11616650532429522,774.75
US.META,Meta Platforms,2025-09-17 12:45:00,773.7576,773.9,773.9,773.07,0.0,0.0,40223.0,31109897.58,0.006461200491045361,773.85
US.META,Meta Platforms,2025-09-17 12:50:00,773.7,774.19,774.28,773.51,0.0,0.0,25919.0,20059792.249,0.03747254167206064,773.9
US.META,Meta Platforms,2025-09-17 12:55:00,774.2,774.972,775.3799,774.0,0.0,0.0,40828.0,31634589.941,0.1010087962903067,774.19
US.META,Meta Platforms,2025-09-17 13:00:00,774.885,773.7605,774.9977,773.5979,0.0,0.0,23248.0,18004087.126,-0.15632822863277654,774.972
US.META,Meta Platforms,2025-09-17 13:05:00,773.725,772.9888,774.17,772.8067,0.0,0.0,40569.0,31382043.218,-0.09973370312907028,773.7605
US.META,Meta Platforms,2025-09-17 13:10:00,773.02,773.51,774.0899,773.0,0.0,0.0,39611.0,30637926.281,0.06742659143315163,772.9888
US.META,Meta Platforms,2025-09-17 13:15:00,773.74,773.905,774.12,773.46,0.0,0.0,30469.0,23576063.635,0.05106592028544968,773.51
US.META,Meta Platforms,2025-09-17 13:20:00,773.905,773.99,774.27,773.485,0.0,0.0,33848.0,26193305.639,0.01098326021928226,773.905
US.META,Meta Platforms,2025-09-17 13:25:00,774.02,773.905,774.26,773.295,0.0,0.0,43525.0,33678422.525,-0.010982054031710537,773.99
US.META,Meta Platforms,2025-09-17 13:30:00,774.0979,772.9077,774.0979,772.57,0.0,0.0,41867.0,32369662.607,-0.1288659460786525,773.905
US.META,Meta Platforms,2025-09-17 13:35:00,772.78,773.71,773.8678,772.78,0.0,0.0,43058.0,33293470.885,0.10380282147532743,772.9077
US.META,Meta Platforms,2025-09-17 13:40:00,773.76,773.455,773.9132,773.2,0.0,0.0,33569.0,25968547.473,-0.03295808507063311,773.71
US.META,Meta Platforms,2025-09-17 13:45:00,773.5,773.2,774.11,773.2,0.0,0.0,84593.0,65445134.199,-0.032968951005552416,773.455
US.META,Meta Platforms,2025-09-17 13:50:00,773.13,773.4973,773.64,773.0,0.0,0.0,44538.0,34441885.892,0.038450594930153924,773.2
US.META,Meta Platforms,2025-09-17 13:55:00,773.3123,773.69,774.1199,773.06,0.0,0.0,50763.0,39262915.581,0.024912821285873774,773.4973
US.META,Meta Platforms,2025-09-17 14:00:00,773.5315,771.925,773.66,770.76,0.0,0.0,123918.0,95665781.4,-0.22812754462382864,773.69
US.META,Meta Platforms,2025-09-17 14:05:00,772.26,770.15,774.0093,770.04,0.0,0.0,124898.0,96403829.222,-0.22994461897204746,771.925
US.META,Meta Platforms,2025-09-17 14:10:00,770.07,768.08,770.39,768.08,0.0,0.0,157178.0,120934357.469,-0.2687788093228509,770.15
US.META,Meta Platforms,2025-09-17 14:15:00,768.27,767.269,769.0799,766.501,0.0,0.0,165641.0,127184636.738,-0.10558795958754758,768.08
US.META,Meta Platforms,2025-09-17 14:20:00,767.265,769.5,769.62,766.31,0.0,0.0,134191.0,103093916.875,0.29077155469594035,767.269
US.META,Meta Platforms,2025-09-17 14:25:00,769.15,769.41,769.81,767.5694,0.0,0.0,91125.0,70070259.624,-0.011695906432752675,769.5
US.META,Meta Platforms,2025-09-17 14:30:00,769.25,771.12,771.2799,768.8833,0.0,0.0,81886.0,63067729.129,0.22224821616563814,769.41
US.META,Meta Platforms,2025-09-17 14:35:00,771.02,769.25,771.53,768.42,0.0,0.0,72777.0,56033673.319,-0.24250440917107643,771.12
US.META,Meta Platforms,2025-09-17 14:40:00,769.04,768.56,770.9867,767.839,0.0,0.0,87761.0,67534642.239,-0.0896977575560682,769.25
US.META,Meta Platforms,2025-09-17 14:45:00,768.4233,769.195,770.28,767.89,0.0,0.0,88853.0,68330407.268,0.08262204642449576,768.56
US.META,Meta Platforms,2025-09-17 14:50:00,768.9771,769.985,771.0,767.6,0.0,0.0,97499.0,74993051.368,0.10270477577206867,769.195
US.META,Meta Platforms,2025-09-17 14:55:00,769.96,768.02,770.52,767.25,0.0,0.0,70609.0,54269793.572,-0.25519977661902915,769.985
US.META,Meta Platforms,2025-09-17 15:00:00,768.29,772.77,773.0,768.24,0.0,0.0,110108.0,84868644.328,0.6184734772531966,768.02
US.META,Meta Platforms,2025-09-17 15:05:00,772.6,775.73,775.79,772.4162,0.0,0.0,150844.0,116823315.451,0.3830376438008769,772.77
US.META,Meta Platforms,2025-09-17 15:10:00,775.78,777.1121,778.0,775.42,0.0,0.0,166394.0,129261385.433,0.17816766142859458,775.73
US.META,Meta Platforms,2025-09-17 15:15:00,777.17,775.795,777.97,775.16,0.0,0.0,99188.0,77029500.451,-0.16948648721337575,777.1121
US.META,Meta Platforms,2025-09-17 15:20:00,775.795,776.885,778.21,775.795,0.0,0.0,124155.0,96508181.738,0.14050103442275755,775.795
US.META,Meta Platforms,2025-09-17 15:25:00,776.89,778.71,779.35,776.585,0.0,0.0,124615.0,96953941.839,0.23491250313753587,776.885
US.META,Meta Platforms,2025-09-17 15:30:00,778.88,779.1493,779.84,778.68,0.0,0.0,152698.0,118979529.318,0.056413812587484805,778.71
US.META,Meta Platforms,2025-09-17 15:35:00,779.0,778.24,779.335,777.78,0.0,0.0,116772.0,90922791.361,-0.11670420547127876,779.1493
US.META,Meta Platforms,2025-09-17 15:40:00,778.38,778.31,779.3981,778.0201,0.0,0.0,102778.0,80039134.998,0.008994654605254978,778.24
US.META,Meta Platforms,2025-09-17 15:45:00,778.2,777.4,778.88,777.38,0.0,0.0,118222.0,92000417.859,-0.11691999331885344,778.31
US.META,Meta Platforms,2025-09-17 15:50:00,777.525,777.455,778.17,777.24,0.0,0.0,89288.0,69434786.873,0.007074864934404897,777.4
US.META,Meta Platforms,2025-09-17 15:55:00,777.86,776.46,778.08,775.5853,0.0,0.0,171783.0,133381752.121,-0.12798168382736036,777.455
US.META,Meta Platforms,2025-09-17 16:00:00,776.195,775.715,777.66,774.65,0.0,0.0,1508671.0,1170263386.91,-0.0959482780825805,776.46
US.META,Meta Platforms,2025-09-18 09:35:00,780.75,775.525,785.33,773.36,0.0,0.0,891673.0,695913707.165,-0.02449353177391884,775.715
US.META,Meta Platforms,2025-09-18 09:40:00,775.225,782.2633,783.35,774.4801,0.0,0.0,321534.0,250832067.611,0.8688694755165831,775.525
US.META,Meta Platforms,2025-09-18 09:45:00,782.505,785.61,786.1,780.68,0.0,0.0,446001.0,349804128.896,0.42782270368558206,782.2633
US.META,Meta Platforms,2025-09-18 09:50:00,785.5,786.4,787.7,784.54,0.0,0.0,387463.0,304544371.386,0.1005588014409139,785.61
US.META,Meta Platforms,2025-09-18 09:55:00,786.29,783.16,788.13,782.98,0.0,0.0,209653.0,164770264.469,-0.41200406917599297,786.4
US.META,Meta Platforms,2025-09-18 10:00:00,783.38,782.39,784.33,782.25,0.0,0.0,206159.0,161435544.023,-0.09831962817304023,783.16
US.META,Meta Platforms,2025-09-18 10:05:00,782.69,783.02,783.73,782.02,0.0,0.0,251675.0,197030518.682,0.08052250156571472,782.39
US.META,Meta Platforms,2025-09-18 10:10:00,783.09,785.0,785.29,782.92,0.0,0.0,192393.0,150912859.986,0.2528671042885262,783.02
US.META,Meta Platforms,2025-09-18 10:15:00,785.05,786.335,786.88,784.88,0.0,0.0,141682.0,111360345.493,0.17006369426752058,785.0
US.META,Meta Platforms,2025-09-18 10:20:00,786.47,787.32,788.25,786.23,0.0,0.0,184201.0,145043633.31,0.12526467726859591,786.335
US.META,Meta Platforms,2025-09-18 10:25:00,787.54,786.7301,787.75,785.2101,0.0,0.0,161340.0,126915161.248,-0.07492506223645493,787.32
US.META,Meta Platforms,2025-09-18 10:30:00,786.79,787.9201,788.2125,786.64,0.0,0.0,139063.0,109493703.0,0.15125898958233003,786.7301
US.META,Meta Platforms,2025-09-18 10:35:00,787.945,787.69,788.78,786.59,0.0,0.0,147436.0,116172046.048,-0.029203468727348508,787.9201
US.META,Meta Platforms,2025-09-18 10:40:00,787.665,787.78,788.63,786.535,0.0,0.0,122806.0,96723220.196,0.01142581472405618,787.69
US.META,Meta Platforms,2025-09-18 10:45:00,787.74,787.16,788.005,786.67,0.0,0.0,92823.0,73067586.798,-0.07870217573434266,787.78
US.META,Meta Platforms,2025-09-18 10:50:00,786.98,785.95,787.2099,785.57,0.0,0.0,106212.0,83534525.787,-0.1537171604248085,787.16
US.META,Meta Platforms,2025-09-18 10:55:00,785.86,786.055,786.98,784.5,0.0,0.0,146618.0,115203232.852,0.013359628475081686,785.95
US.META,Meta Platforms,2025-09-18 11:00:00,786.215,785.98,787.89,785.77,0.0,0.0,93343.0,73460958.175,-0.009541317083401517,786.055
US.META,Meta Platforms,2025-09-18 11:05:00,785.88,785.93,786.735,784.96,0.0,0.0,79688.0,62618165.589,-0.00636148502507293,785.98
US.META,Meta Platforms,2025-09-18 11:10:00,785.925,784.98,786.0128,784.75,0.0,0.0,76998.0,60475066.143,-0.12087590497880624,785.93
US.META,Meta Platforms,2025-09-18 11:15:00,785.16,784.56,785.38,784.03,0.0,0.0,66759.0,52393296.245,-0.05350454788657962,784.98
US.META,Meta Platforms,2025-09-18 11:20:00,784.63,784.87,785.2,784.1601,0.0,0.0,84387.0,66218000.082,0.03951259304579116,784.56
US.META,Meta Platforms,2025-09-18 11:25:00,784.75,784.29,785.2,783.6462,0.0,0.0,141150.0,110728464.151,-0.07389758813562003,784.87
US.META,Meta Platforms,2025-09-18 11:30:00,784.31,783.54,784.38,783.28,0.0,0.0,79853.0,62585024.388,-0.0956278927437555,784.29
US.META,Meta Platforms,2025-09-18 11:35:00,783.47,785.4702,786.1,783.47,0.0,0.0,135817.0,106596739.656,0.24634351788039074,783.54
US.META,Meta Platforms,2025-09-18 11:40:00,785.19,783.555,785.19,783.152,0.0,0.0,65783.0,51574364.115,-0.24382847369639576,785.4702
US.META,Meta Platforms,2025-09-18 11:45:00,783.555,782.555,783.665,782.24,0.0,0.0,91933.0,71965000.814,-0.12762345974437023,783.555
US.META,Meta Platforms,2025-09-18 11:50:00,782.69,781.86,782.84,781.824,0.0,0.0,68848.0,53851728.483,-0.0888116490214664,782.555
US.META,Meta Platforms,2025-09-18 11:55:00,781.72,780.335,782.3394,780.07,0.0,0.0,115136.0,89926898.346,-0.19504770675056624,781.86
US.META,Meta Platforms,2025-09-18 12:00:00,780.49,779.6701,781.33,779.455,0.0,0.0,110108.0,85908193.83,-0.08520699443187717,780.335
US.META,Meta Platforms,2025-09-18 12:05:00,779.76,780.54,780.81,779.5201,0.0,0.0,59116.0,46122805.678,0.1115728306112952,779.6701
US.META,Meta Platforms,2025-09-18 12:10:00,780.44,779.125,780.8299,779.01,0.0,0.0,135689.0,105902683.196,-0.18128475158223328,780.54
US.META,Meta Platforms,2025-09-18 12:15:00,779.05,780.8,780.84,778.42,0.0,0.0,103082.0,80337968.635,0.21498475854323176,779.125
US.META,Meta Platforms,2025-09-18 12:20:00,780.55,783.126,783.76,780.535,0.0,0.0,160867.0,125889708.265,0.29789959016393724,780.8
US.META,Meta Platforms,2025-09-18 12:25:00,783.21,784.32,784.47,782.69,0.0,0.0,102442.0,80281692.473,0.1524658867155571,783.126
US.META,Meta Platforms,2025-09-18 12:30:00,784.395,784.455,785.07,783.65,0.0,0.0,84188.0,66041436.534,0.01721236230110043,784.32
US.META,Meta Platforms,2025-09-18 12:35:00,784.54,785.576,785.6,784.0001,0.0,0.0,68689.0,53923202.609,0.14290175982050987,784.455
US.META,Meta Platforms,2025-09-18 12:40:00,785.5,784.5036,785.59,784.11,0.0,0.0,49570.0,38898810.929,-0.13651129871584874,785.576
US.META,Meta Platforms,2025-09-18 12:45:00,784.47,784.42,784.52,783.99,0.0,0.0,51812.0,40630101.683,-0.01065642018724283,784.5036
US.META,Meta Platforms,2025-09-18 12:50:00,784.305,784.28,784.5,783.8,0.0,0.0,72307.0,56703762.548,-0.01784758165268432,784.42
US.META,Meta Platforms,2025-09-18 12:55:00,784.24,784.755,785.31,784.16,0.0,0.0,73833.0,57941432.02,0.060565104299487776,784.28
US.META,Meta Platforms,2025-09-18 13:00:00,784.7172,784.355,784.8487,784.0,0.0,0.0,64960.0,50950714.171,-0.05097132225981068,784.755
US.META,Meta Platforms,2025-09-18 13:05:00,784.37,784.8612,785.18,783.8,0.0,0.0,99295.0,77856743.206,0.06453710373492046,784.355
US.META,Meta Platforms,2025-09-18 13:10:00,784.79,785.065,785.88,784.754,0.0,0.0,67599.0,53093203.856,0.02596637469147425,784.8612
US.META,Meta Platforms,2025-09-18 13:15:00,785.04,784.16,785.32,784.0,0.0,0.0,58787.0,46112206.733,-0.11527707896799454,785.065
US.META,Meta Platforms,2025-09-18 13:20:00,784.26,784.075,784.3872,784.0,0.0,0.0,46598.0,36535837.626,-0.01083962456640516,784.16
US.META,Meta Platforms,2025-09-18 13:25:00,784.0,782.05,784.495,781.73,0.0,0.0,58066.0,45466360.12,-0.25826610974716585,784.075
US.META,Meta Platforms,2025-09-18 13:30:00,782.17,782.65,782.8,782.0,0.0,0.0,44771.0,35025087.255,0.0767214372482607,782.05
US.META,Meta Platforms,2025-09-18 13:35:00,782.66,782.26,783.2651,782.23,0.0,0.0,41419.0,32421633.426,-0.04983070337954211,782.65
US.META,Meta Platforms,2025-09-18 13:40:00,782.25,782.14,782.2583,781.32,0.0,0.0,52084.0,40717770.23,-0.015340168230512175,782.26
US.META,Meta Platforms,2025-09-18 13:45:00,782.065,782.11,782.41,781.0,0.0,0.0,60229.0,47079912.254,-0.003835630449788109,782.14
US.META,Meta Platforms,2025-09-18 13:50:00,781.855,782.38,782.38,781.61,0.0,0.0,56437.0,44123681.195,0.03452199818439629,782.11
US.META,Meta Platforms,2025-09-18 13:55:00,782.375,782.22,782.635,782.0801,0.0,0.0,27503.0,21516787.979,-0.020450420511767705,782.38
US.META,Meta Platforms,2025-09-18 14:00:00,782.36,782.08,782.68,781.55,0.0,0.0,73705.0,57632451.445,-0.017897778118686092,782.22
US.META,Meta Platforms,2025-09-18 14:05:00,781.91,782.61,782.8,781.6706,0.0,0.0,53046.0,41484734.652,0.06776800327331893,782.08
US.META,Meta Platforms,2025-09-18 14:10:00,782.615,784.85,784.9799,782.615,0.0,0.0,101798.0,79835489.279,0.2862217451859814,782.61
US.META,Meta Platforms,2025-09-18 14:15:00,784.7225,783.68,785.0,782.865,0.0,0.0,55522.0,43525679.31,-0.14907307128751643,784.85
US.META,Meta Platforms,2025-09-18 14:20:00,783.675,783.52,784.33,783.0996,0.0,0.0,40378.0,31639147.039,-0.02041649652919153,783.68
US.META,Meta Platforms,2025-09-18 14:25:00,783.475,783.1,783.74,782.83,0.0,0.0,49713.0,38941442.343,-0.05360424749846323,783.52
US.META,Meta Platforms,2025-09-18 14:30:00,783.21,783.1875,783.745,783.0501,0.0,0.0,38885.0,30462355.556,0.011173541054779372,783.1
US.META,Meta Platforms,2025-09-18 14:35:00,783.3,783.7,783.9,782.79,0.0,0.0,49226.0,38559176.94,0.06543771446812487,783.1875
US.META,Meta Platforms,2025-09-18 14:40:00,783.84,783.47,784.26,783.299,0.0,0.0,47204.0,36999555.661,-0.029347964782444582,783.7
US.META,Meta Platforms,2025-09-18 14:45:00,783.56,783.0046,784.0,782.9,0.0,0.0,38235.0,29954208.434,-0.05940240213410151,783.47
US.META,Meta Platforms,2025-09-18 14:50:00,782.98,784.495,784.93,782.89,0.0,0.0,53417.0,41889193.95,0.19034370934730427,783.0046
US.META,Meta Platforms,2025-09-18 14:55:00,784.47,784.6,784.89,784.4,0.0,0.0,40916.0,32103815.839,0.013384406529043293,784.495
US.META,Meta Platforms,2025-09-18 15:00:00,784.71,784.19,784.88,784.16,0.0,0.0,42626.0,33442093.877,-0.05225592658679176,784.6
US.META,Meta Platforms,2025-09-18 15:05:00,784.2432,784.19,784.33,783.73,0.0,0.0,41548.0,32575121.833,0.0,784.19
US.META,Meta Platforms,2025-09-18 15:10:00,784.08,784.31,784.57,784.08,0.0,0.0,50786.0,39832065.606,0.015302413955787608,784.19
US.META,Meta Platforms,2025-09-18 15:15:00,784.41,784.29,784.82,783.95,0.0,0.0,95962.0,75267860.201,-0.002550012112555216,784.31
US.META,Meta Platforms,2025-09-18 15:20:00,784.2095,784.47,784.61,783.7684,0.0,0.0,56200.0,44073235.606,0.022950694258509437,784.29
US.META,Meta Platforms,2025-09-18 15:25:00,784.455,782.705,784.56,782.2,0.0,0.0,104766.0,82039056.782,-0.22499267021045882,784.47
US.META,Meta Platforms,2025-09-18 15:30:00,782.7191,782.185,782.83,781.66,0.0,0.0,62271.0,48704889.805,-0.06643626909245443,782.705
US.META,Meta Platforms,2025-09-18 15:35:00,782.1,780.23,782.2799,780.05,0.0,0.0,109045.0,85185364.737,-0.24994087076585814,782.185
US.META,Meta Platforms,2025-09-18 15:40:00,780.3022,779.965,780.38,779.29,0.0,0.0,129785.0,101223443.877,-0.03396434384732532,780.23
US.META,Meta Platforms,2025-09-18 15:45:00,780.12,779.35,780.25,778.9101,0.0,0.0,88365.0,68874403.266,-0.07884969197335893,779.965
US.META,Meta Platforms,2025-09-18 15:50:00,779.57,779.52,780.4999,779.18,0.0,0.0,87125.0,67929471.627,0.021813049335979863,779.35
US.META,Meta Platforms,2025-09-18 15:55:00,779.42,779.6,780.4,778.6,0.0,0.0,184007.0,143455551.16,0.01026272577997241,779.52
US.META,Meta Platforms,2025-09-18 16:00:00,779.97,780.25,781.26,779.19,0.0,0.0,1468397.0,1145648439.875,0.08337609030271642,779.6
US.META,Meta Platforms,2025-09-19 09:35:00,786.42,786.55,790.8,785.37,0.0,0.0,2226698.0,1754440967.685,0.807433514899065,780.25
US.META,Meta Platforms,2025-09-19 09:40:00,786.63,783.71,786.63,783.4817,0.0,0.0,305404.0,239671393.479,-0.361070497743299,786.55
US.META,Meta Platforms,2025-09-19 09:45:00,783.91,784.39,785.11,782.59,0.0,0.0,205860.0,161341508.376,0.08676678873562287,783.71
US.META,Meta Platforms,2025-09-19 09:50:00,784.46,783.92,784.8,782.78,0.0,0.0,168084.0,131753971.945,-0.0599191728604428,784.39
US.META,Meta Platforms,2025-09-19 09:55:00,783.9,782.8,784.1,782.32,0.0,0.0,128557.0,100695408.397,-0.1428717216042459,783.92
US.META,Meta Platforms,2025-09-19 10:00:00,782.87,782.34,783.0,780.77,0.0,0.0,151013.0,118061150.78,-0.05876341338782866,782.8
US.META,Meta Platforms,2025-09-19 10:05:00,782.59,782.24,783.07,781.55,0.0,0.0,218214.0,170725192.161,-0.012782166321551082,782.34
US.META,Meta Platforms,2025-09-19 10:10:00,782.25,780.76,782.59,780.6,0.0,0.0,121703.0,95105798.981,-0.1892002454489694,782.24
US.META,Meta Platforms,2025-09-19 10:15:00,780.83,779.87,781.0,779.53,0.0,0.0,129760.0,101258230.006,-0.11399149546595451,780.76
US.META,Meta Platforms,2025-09-19 10:20:00,779.84,779.01,780.07,778.7,0.0,0.0,126285.0,98430996.311,-0.11027478938797668,779.87
US.META,Meta Platforms,2025-09-19 10:25:00,779.0804,779.585,780.2195,777.92,0.0,0.0,138102.0,107607540.528,0.07381163271332146,779.01
US.META,Meta Platforms,2025-09-19 10:30:00,779.585,779.39,780.3678,779.17,0.0,0.0,103681.0,80859388.081,-0.025013308362789175,779.585
US.META,Meta Platforms,2025-09-19 10:35:00,779.44,779.34,780.09,778.5201,0.0,0.0,97902.0,76315863.373,-0.0064152734831027505,779.39
US.META,Meta Platforms,2025-09-19 10:40:00,779.365,778.9899,780.0,778.71,0.0,0.0,87664.0,68320989.814,-0.04492262683809346,779.34
US.META,Meta Platforms,2025-09-19 10:45:00,778.795,778.9,779.0,777.91,0.0,0.0,104522.0,81363920.412,-0.011540586084627918,778.9899
US.META,Meta Platforms,2025-09-19 10:50:00,778.86,779.7399,779.75,778.43,0.0,0.0,154727.0,120540492.919,0.1078315573244392,778.9
US.META,Meta Platforms,2025-09-19 10:55:00,779.6594,778.055,779.75,777.5601,0.0,0.0,127003.0,98895269.596,-0.21608487650819,779.7399
US.META,Meta Platforms,2025-09-19 11:00:00,778.055,779.27,779.88,777.63,0.0,0.0,117548.0,91561349.862,0.15615862631819497,778.055
US.META,Meta Platforms,2025-09-19 11:05:00,779.425,778.4565,779.8,778.19,0.0,0.0,95894.0,74689208.21,-0.10439257253583178,779.27
US.META,Meta Platforms,2025-09-19 11:10:00,778.6,778.17,778.68,777.5501,0.0,0.0,100124.0,77884541.197,-0.03680359788890534,778.4565
US.META,Meta Platforms,2025-09-19 11:15:00,778.3435,777.9032,778.61,777.5661,0.0,0.0,73510.0,57201050.178,-0.034285567420999176,778.17
US.META,Meta Platforms,2025-09-19 11:20:00,777.9001,778.23,778.9099,777.0001,0.0,0.0,111909.0,87057477.151,0.042010368385172914,777.9032
US.META,Meta Platforms,2025-09-19 11:25:00,778.05,777.24,778.7,777.09,0.0,0.0,100992.0,78568726.985,-0.12721174973979532,778.23
US.META,Meta Platforms,2025-09-19 11:30:00,777.4625,777.94,778.1,777.23,0.0,0.0,50667.0,39403823.575,0.09006227162781708,777.24
US.META,Meta Platforms,2025-09-19 11:35:00,777.79,775.92,777.81,775.81,0.0,0.0,152283.0,118298498.831,-0.25966012803045163,777.94
US.META,Meta Platforms,2025-09-19 11:40:00,775.7856,775.315,776.56,775.16,0.0,0.0,168806.0,130971729.099,-0.07797195587172705,775.92
US.META,Meta Platforms,2025-09-19 11:45:00,775.19,774.82,775.82,774.82,0.0,0.0,146444.0,113525853.341,-0.06384501783146264,775.315
US.META,Meta Platforms,2025-09-19 11:50:00,774.8,775.39,775.7,774.8,0.0,0.0,97564.0,75647121.639,0.07356547327120315,774.82
US.META,Meta Platforms,2025-09-19 11:55:00,775.445,775.64,776.2,775.3169,0.0,0.0,111834.0,86747935.447,0.03224183959039967,775.39
US.META,Meta Platforms,2025-09-19 12:00:00,775.74,774.4,775.74,774.1901,0.0,0.0,151528.0,117405585.244,-0.15986797999071853,775.64
US.META,Meta Platforms,2025-09-19 12:05:00,774.26,773.57,775.1,773.0,0.0,0.0,158188.0,122444608.703,-0.1071797520661063,774.4
US.META,Meta Platforms,2025-09-19 12:10:00,773.46,772.71,774.0,772.7,0.0,0.0,182996.0,141538059.14,-0.11117287381878997,773.57
US.META,Meta Platforms,2025-09-19 12:15:00,772.7,772.53,773.32,772.03,0.0,0.0,177445.0,137100272.575,-0.023294638350747843,772.71
US.META,Meta Platforms,2025-09-19 12:20:00,772.69,772.0401,772.9299,771.35,0.0,0.0,179312.0,138464432.152,-0.06341501300919324,772.53
US.META,Meta Platforms,2025-09-19 12:25:00,772.08,772.4088,772.8499,771.71,0.0,0.0,121867.0,94104073.467,0.04775658673687931,772.0401
US.META,Meta Platforms,2025-09-19 12:30:00,772.395,772.8601,773.0,771.66,0.0,0.0,109438.0,84522438.911,0.0584276098356138,772.4088
US.META,Meta Platforms,2025-09-19 12:35:00,772.96,770.01,773.0943,769.1901,0.0,0.0,162004.0,124940949.942,-0.3687730806649221,772.8601
US.META,Meta Platforms,2025-09-19 12:40:00,770.17,770.79,771.2299,770.01,0.0,0.0,102828.0,79241251.896,0.10129738574823348,770.01
US.META,Meta Platforms,2025-09-19 12:45:00,770.85,772.86,772.94,770.66,0.0,0.0,126878.0,97917201.903,0.26855563772234337,770.79
US.META,Meta Platforms,2025-09-19 12:50:00,772.8408,771.6388,773.03,771.5423,0.0,0.0,197619.0,152647284.956,-0.15801050643066883,772.86
US.META,Meta Platforms,2025-09-19 12:55:00,771.65,772.1,772.31,771.56,0.0,0.0,104641.0,80782236.426,0.059768897053916456,771.6388
US.META,Meta Platforms,2025-09-19 13:00:00,772.18,773.44,773.6,772.1,0.0,0.0,127336.0,98377183.022,0.17355264862064912,772.1
US.META,Meta Platforms,2025-09-19 13:05:00,773.555,774.44,774.57,772.69,0.0,0.0,108019.0,83578872.921,0.129292511377741,773.44
US.META,Meta Platforms,2025-09-19 13:10:00,774.47,773.25,774.47,773.0,0.0,0.0,90861.0,70288159.557,-0.15365941841847713,774.44
US.META,Meta Platforms,2025-09-19 13:15:00,773.17,771.91,773.33,771.1,0.0,0.0,171451.0,132397653.619,-0.17329453604914735,773.25
US.META,Meta Platforms,2025-09-19 13:20:00,771.84,771.495,772.1299,771.32,0.0,0.0,139142.0,107377045.641,-0.05376274436138457,771.91
US.META,Meta Platforms,2025-09-19 13:25:00,771.465,771.1201,772.1,771.1201,0.0,0.0,70945.0,54748813.975,-0.04859396366794667,771.495
US.META,Meta Platforms,2025-09-19 13:30:00,771.26,770.51,771.31,770.33,0.0,0.0,96248.0,74185376.988,-0.07911867425061136,771.1201
US.META,Meta Platforms,2025-09-19 13:35:00,770.55,770.475,770.99,770.01,0.0,0.0,104706.0,80668978.456,-0.004542445912443468,770.51
US.META,Meta Platforms,2025-09-19 13:40:00,770.44,771.355,771.52,770.1,0.0,0.0,100964.0,77822038.64,0.11421525682208968,770.475
US.META,Meta Platforms,2025-09-19 13:45:00,771.39,771.6675,772.0399,771.3169,0.0,0.0,106018.0,81809308.434,0.04051312301080566,771.355
US.META,Meta Platforms,2025-09-19 13:50:00,771.67,771.775,772.6499,771.59,0.0,0.0,83646.0,64584033.937,0.013930870485015769,771.6675
US.META,Meta Platforms,2025-09-19 13:55:00,771.55,771.665,772.2825,771.4201,0.0,0.0,103627.0,79984601.685,-0.014252858669950913,771.775
US.META,Meta Platforms,2025-09-19 14:00:00,771.71,771.89,772.0,771.61,0.0,0.0,45434.0,35066612.284,0.029157730362271553,771.665
US.META,Meta Platforms,2025-09-19 14:05:00,771.75,771.73,772.01,771.3,0.0,0.0,64805.0,50006341.989,-0.02072834212128259,771.89
US.META,Meta Platforms,2025-09-19 14:10:00,771.76,771.4,771.835,771.14,0.0,0.0,105770.0,81599742.418,-0.042761069285895445,771.73
US.META,Meta Platforms,2025-09-19 14:15:00,771.435,770.2454,771.5037,770.15,0.0,0.0,102849.0,79244136.489,-0.14967591392273263,771.4
US.META,Meta Platforms,2025-09-19 14:20:00,770.4,770.54,770.83,769.92,0.0,0.0,199249.0,153510740.812,0.038247550715648,770.2454
US.META,Meta Platforms,2025-09-19 14:25:00,770.35,769.87,770.8033,769.73,0.0,0.0,114179.0,87933257.254,-0.08695200768291836,770.54
US.META,Meta Platforms,2025-09-19 14:30:00,769.82,770.07,770.27,769.63,0.0,0.0,139522.0,107426189.832,0.025978411939684032,769.87
US.META,Meta Platforms,2025-09-19 14:35:00,769.99,771.805,772.02,769.98,0.0,0.0,145465.0,112159981.095,0.2253041931252873,770.07
US.META,Meta Platforms,2025-09-19 14:40:00,771.83,771.02,771.83,770.705,0.0,0.0,84410.0,65090585.495,-0.10170962872745942,771.805
US.META,Meta Platforms,2025-09-19 14:45:00,771.02,771.1828,771.3215,770.5,0.0,0.0,72794.0,56118913.813,0.02111488677337308,771.02
US.META,Meta Platforms,2025-09-19 14:50:00,771.11,770.6388,771.11,770.5,0.0,0.0,64414.0,49649974.163,-0.07054099235616981,771.1828
US.META,Meta Platforms,2025-09-19 14:55:00,770.67,771.47,772.13,770.594,0.0,0.0,92298.0,71212820.256,0.10785857135665643,770.6388
US.META,Meta Platforms,2025-09-19 15:00:00,771.27,772.74,772.78,771.27,0.0,0.0,113344.0,87515988.449,0.16462078888355758,771.47
US.META,Meta Platforms,2025-09-19 15:05:00,772.75,773.94,773.94,772.53,0.0,0.0,123433.0,95440731.628,0.15529155990372512,772.74
US.META,Meta Platforms,2025-09-19 15:10:00,773.73,773.97,774.57,773.663,0.0,0.0,152079.0,117718697.93,0.003876269478250602,773.94
US.META,Meta Platforms,2025-09-19 15:15:00,773.985,774.25,774.72,773.7201,0.0,0.0,103558.0,80164798.077,0.036177112807986446,773.97
US.META,Meta Platforms,2025-09-19 15:20:00,774.2644,774.42,774.6425,773.714,0.0,0.0,107959.0,83574998.881,0.021956732321596263,774.25
US.META,Meta Platforms,2025-09-19 15:25:00,774.41,775.17,775.25,774.34,0.0,0.0,181119.0,140323286.651,0.09684667234833812,774.42
US.META,Meta Platforms,2025-09-19 15:30:00,775.1811,775.53,776.39,774.65,0.0,0.0,221745.0,171930101.991,0.04644142575177234,775.17
US.META,Meta Platforms,2025-09-19 15:35:00,775.73,775.24,775.73,774.3523,0.0,0.0,117312.0,90905295.512,-0.0373937823166046,775.53
US.META,Meta Platforms,2025-09-19 15:40:00,775.09,775.3951,775.92,774.97,0.0,0.0,156741.0,121540426.228,0.020006707600220268,775.24
US.META,Meta Platforms,2025-09-19 15:45:00,775.395,774.47,775.395,773.7001,0.0,0.0,146445.0,113405705.908,-0.11930691849870209,775.3951
US.META,Meta Platforms,2025-09-19 15:50:00,774.475,775.0,775.71,774.12,0.0,0.0,168046.0,130256133.848,0.0684338967293727,774.47
US.META,Meta Platforms,2025-09-19 15:55:00,775.0,775.34,776.5,772.0,0.0,0.0,331481.0,256714068.126,0.04387096774193959,775.0
US.META,Meta Platforms,2025-09-19 16:00:00,775.17,778.38,779.15,775.15,0.0,0.0,7559468.0,5883605518.453,0.3920860525704805,775.34
US.META,Meta Platforms,2025-09-22 09:35:00,781.845,782.98,784.95,778.5,0.0,0.0,562441.0,439570464.989,0.5909709910326605,778.38
US.META,Meta Platforms,2025-09-22 09:40:00,782.885,784.5,784.7,780.64,0.0,0.0,275661.0,215678722.621,0.19413011826610918,782.98
US.META,Meta Platforms,2025-09-22 09:45:00,784.6558,783.34,785.73,781.05,0.0,0.0,286921.0,224821983.332,-0.14786488209049944,784.5
US.META,Meta Platforms,2025-09-22 09:50:00,783.5,782.84,784.78,780.63,0.0,0.0,171751.0,134437686.598,-0.06382924400643399,783.34
US.META,Meta Platforms,2025-09-22 09:55:00,782.99,782.435,784.18,781.63,0.0,0.0,124400.0,97412806.867,-0.051734709519197584,782.84
US.META,Meta Platforms,2025-09-22 10:00:00,782.445,780.27,783.1551,779.91,0.0,0.0,148865.0,116254692.94,-0.27670030098346365,782.435
US.META,Meta Platforms,2025-09-22 10:05:00,780.6199,780.45,782.6899,779.7,0.0,0.0,156905.0,122545946.147,0.023068937675428204,780.27
US.META,Meta Platforms,2025-09-22 10:10:00,780.6014,780.065,781.1239,779.75,0.0,0.0,151843.0,118507260.73,-0.04933051444679235,780.45
US.META,Meta Platforms,2025-09-22 10:15:00,779.91,779.535,780.15,778.93,0.0,0.0,158930.0,123898515.683,-0.06794305602739341,780.065
US.META,Meta Platforms,2025-09-22 10:20:00,779.555,780.38,780.595,778.75,0.0,0.0,133724.0,104260921.674,0.1083979551912393,779.535
US.META,Meta Platforms,2025-09-22 10:25:00,780.2,779.615,780.8,779.4,0.0,0.0,76439.0,59630558.006,-0.09802916527845233,780.38
US.META,Meta Platforms,2025-09-22 10:30:00,779.615,779.885,780.09,779.325,0.0,0.0,86962.0,67815622.435,0.03463247885173859,779.615
US.META,Meta Platforms,2025-09-22 10:35:00,779.885,778.85,779.997,778.2,0.0,0.0,108776.0,84730888.413,-0.1327118741865747,779.885
US.META,Meta Platforms,2025-09-22 10:40:00,778.825,778.85,779.1,778.23,0.0,0.0,74870.0,58309414.142,0.0,778.85
US.META,Meta Platforms,2025-09-22 10:45:00,778.9999,778.39,779.58,778.35,0.0,0.0,89038.0,69358499.78,-0.05906143673365043,778.85
US.META,Meta Platforms,2025-09-22 10:50:00,778.39,779.515,780.1,778.09,0.0,0.0,83695.0,65221670.681,0.144529092100361,778.39
US.META,Meta Platforms,2025-09-22 10:55:00,779.59,780.265,780.5,779.35,0.0,0.0,95052.0,74139544.351,0.09621367132127027,779.515
US.META,Meta Platforms,2025-09-22 11:00:00,780.315,779.915,781.01,779.64,0.0,0.0,174804.0,136442932.899,-0.04485655514472939,780.265
US.META,Meta Platforms,2025-09-22 11:05:00,779.74,778.74,780.1706,778.6,0.0,0.0,88696.0,69126326.974,-0.15065744343934334,779.915
US.META,Meta Platforms,2025-09-22 11:10:00,778.86,778.6648,779.29,777.51,0.0,0.0,92866.0,72283186.5,-0.009656624804170233,778.74
US.META,Meta Platforms,2025-09-22 11:15:00,778.6036,778.92,779.2695,778.22,0.0,0.0,103860.0,80881839.774,0.03277405117066358,778.6648
US.META,Meta Platforms,2025-09-22 11:20:00,778.84,777.69,779.02,777.19,0.0,0.0,91903.0,71494400.682,-0.15791095362808819,778.92
US.META,Meta Platforms,2025-09-22 11:25:00,777.72,778.535,778.655,777.58,0.0,0.0,100623.0,78282805.711,0.10865511964920645,777.69
US.META,Meta Platforms,2025-09-22 11:30:00,778.41,778.075,778.435,777.45,0.0,0.0,81922.0,63726519.543,-0.05908533335044958,778.535
US.META,Meta Platforms,2025-09-22 11:35:00,777.96,776.5575,778.19,776.38,0.0,0.0,115185.0,89550630.994,-0.19503261253735704,778.075
US.META,Meta Platforms,2025-09-22 11:40:00,776.44,776.72,777.035,775.7701,0.0,0.0,118485.0,91991733.277,0.020925688052722786,776.5575
US.META,Meta Platforms,2025-09-22 11:45:00,776.885,776.77,777.05,776.07,0.0,0.0,49240.0,38237199.845,0.006437326192186956,776.72
US.META,Meta Platforms,2025-09-22 11:50:00,776.89,776.72,777.35,776.6368,0.0,0.0,64990.0,50496358.66,-0.006436911827175938,776.77
US.META,Meta Platforms,2025-09-22 11:55:00,776.65,775.8,776.715,775.69,0.0,0.0,54853.0,42570362.258,-0.11844680193635708,776.72
US.META,Meta Platforms,2025-09-22 12:00:00,775.73,774.74,775.9499,774.74,0.0,0.0,108350.0,84005083.966,-0.13663315287444516,775.8
US.META,Meta Platforms,2025-09-22 12:05:00,774.86,774.59,775.2,774.22,0.0,0.0,107122.0,82995053.131,-0.01936133412499384,774.74
US.META,Meta Platforms,2025-09-22 12:10:00,774.52,774.94,775.15,773.88,0.0,0.0,80538.0,62367080.384,0.0451851947481923,774.59
US.META,Meta Platforms,2025-09-22 12:15:00,775.005,773.7,775.12,773.6,0.0,0.0,86524.0,66995964.558,-0.16001238805585066,774.94
US.META,Meta Platforms,2025-09-22 12:20:00,773.5,772.965,773.5,772.5001,0.0,0.0,122175.0,94449340.984,-0.0949980612640576,773.7
US.META,Meta Platforms,2025-09-22 12:25:00,773.0,772.71,773.42,772.3501,0.0,0.0,148473.0,114769330.612,-0.032989850769439166,772.965
US.META,Meta Platforms,2025-09-22 12:30:00,772.73,772.53,773.245,772.1,0.0,0.0,143175.0,110638747.712,-0.023294638350747843,772.71
US.META,Meta Platforms,2025-09-22 12:35:00,772.43,772.76,773.1928,772.07,0.0,0.0,73690.0,56921463.269,0.029772306577093212,772.53
US.META,Meta Platforms,2025-09-22 12:40:00,772.7,772.92,773.18,772.44,0.0,0.0,85275.0,65905980.39,0.020705005435059806,772.76
US.META,Meta Platforms,2025-09-22 12:45:00,772.92,771.83,773.45,771.73,0.0,0.0,143052.0,110544465.061,-0.1410236505718468,772.92
US.META,Meta Platforms,2025-09-22 12:50:00,771.76,771.83,771.93,770.9473,0.0,0.0,104234.0,80411179.755,0.0,771.83
US.META,Meta Platforms,2025-09-22 12:55:00,771.83,771.626,772.0399,771.4826,0.0,0.0,70332.0,54277993.313,-0.026430690696146113,771.83
US.META,Meta Platforms,2025-09-22 13:00:00,771.5,770.825,771.7,770.71,0.0,0.0,165126.0,127384824.9,-0.10380676649049292,771.626
US.META,Meta Platforms,2025-09-22 13:05:00,770.75,770.86,771.0783,770.11,0.0,0.0,90857.0,70011621.676,0.004540589627991848,770.825
US.META,Meta Platforms,2025-09-22 13:10:00,770.895,770.36,771.49,770.1,0.0,0.0,80079.0,61717330.564,-0.0648626209687881,770.86
US.META,Meta Platforms,2025-09-22 13:15:00,770.36,770.5101,771.04,770.31,0.0,0.0,59461.0,45828101.289,0.019484396905336748,770.36
US.META,Meta Platforms,2025-09-22 13:20:00,770.7,771.765,772.1,770.58,0.0,0.0,69988.0,53986678.216,0.16286613244914253,770.5101
US.META,Meta Platforms,2025-09-22 13:25:00,771.8526,771.605,772.645,771.47,0.0,0.0,70685.0,54567777.352,-0.020731699416268966,771.765
US.META,Meta Platforms,2025-09-22 13:30:00,771.695,772.3575,772.6,771.37,0.0,0.0,85758.0,66213312.953,0.09752399219807296,771.605
US.META,Meta Platforms,2025-09-22 13:35:00,772.285896,772.919,773.0399,772.03,0.0,0.0,82804.0,63974095.355,0.07269949472880417,772.3575
US.META,Meta Platforms,2025-09-22 13:40:00,772.755,772.74,773.09,772.49,0.0,0.0,102954.0,79570361.697,-0.023158959735751564,772.919
US.META,Meta Platforms,2025-09-22 13:45:00,772.78,773.07,773.45,772.68,0.0,0.0,115222.0,89070553.852,0.04270517897352809,772.74
US.META,Meta Platforms,2025-09-22 13:50:00,773.06,772.69,773.07,772.2,0.0,0.0,40988.0,31664380.059,-0.04915466904678689,773.07
US.META,Meta Platforms,2025-09-22 13:55:00,772.51,771.6875,772.77,771.58,0.0,0.0,41868.0,32330992.868,-0.12974155223958567,772.69
US.META,Meta Platforms,2025-09-22 14:00:00,771.6,772.1232,772.1232,771.09,0.0,0.0,90005.0,69440175.276,0.056460678707377934,771.6875
US.META,Meta Platforms,2025-09-22 14:05:00,772.1799,770.515,772.1801,770.3,0.0,0.0,82144.0,63315948.214,-0.20828282325929473,772.1232
US.META,Meta Platforms,2025-09-22 14:10:00,770.515,770.0944,770.67,770.01,0.0,0.0,184743.0,142327371.681,-0.05458686722517223,770.515
US.META,Meta Platforms,2025-09-22 14:15:00,770.05,770.1,770.44,769.8,0.0,0.0,173653.0,133727167.349,0.0007271835764644198,770.0944
US.META,Meta Platforms,2025-09-22 14:20:00,770.095,770.155,770.39,769.65,0.0,0.0,65991.0,50815151.27,0.007141929619523436,770.1
US.META,Meta Platforms,2025-09-22 14:25:00,770.155,769.7,770.21,769.55,0.0,0.0,53592.0,41259619.078,-0.05907901656159179,770.155
US.META,Meta Platforms,2025-09-22 14:30:00,769.5414,770.11,770.1745,769.5414,0.0,0.0,49816.0,38353060.215,0.053267506820835156,769.7
US.META,Meta Platforms,2025-09-22 14:35:00,770.25,769.85,770.25,769.66,0.0,0.0,48328.0,37208086.386,-0.03376141070756007,770.11
US.META,Meta Platforms,2025-09-22 14:40:00,769.76,770.04,770.2,769.71,0.0,0.0,61973.0,47720351.82,0.024680132493335182,769.85
US.META,Meta Platforms,2025-09-22 14:45:00,770.02,769.765,770.115,769.61,0.0,0.0,40177.0,30930150.406,-0.03571243052308676,770.04
US.META,Meta Platforms,2025-09-22 14:50:00,769.765,769.8,770.1399,769.6,0.0,0.0,50127.0,38591375.068,0.004546842218075409,769.765
US.META,Meta Platforms,2025-09-22 14:55:00,769.79,769.09,770.0099,769.04,0.0,0.0,72690.0,55942024.177,-0.09223174850609545,769.8
US.META,Meta Platforms,2025-09-22 15:00:00,769.1,768.71,769.324,768.1746,0.0,0.0,95644.0,73541585.497,-0.04940904185465881,769.09
US.META,Meta Platforms,2025-09-22 15:05:00,768.595,768.675,769.43,768.5401,0.0,0.0,67425.0,51842168.05,-0.004553082436820368,768.71
US.META,Meta Platforms,2025-09-22 15:10:00,768.56,769.17,769.1996,768.31,0.0,0.0,60024.0,46141581.581,0.0643965264903899,768.675
US.META,Meta Platforms,2025-09-22 15:15:00,769.075,769.385,769.5185,768.93,0.0,0.0,58642.0,45107251.113,0.027952208224453868,769.17
US.META,Meta Platforms,2025-09-22 15:20:00,769.3996,769.41,769.8,769.12,0.0,0.0,65266.0,50225107.706,0.003249348505621667,769.385
US.META,Meta Platforms,2025-09-22 15:25:00,769.3,768.25,769.3,768.0,0.0,0.0,100284.0,77084277.595,-0.15076487178487,769.41
US.META,Meta Platforms,2025-09-22 15:30:00,768.29,768.06,768.37,767.848,0.0,0.0,94139.0,72308946.038,-0.024731532704204955,768.25
US.META,Meta Platforms,2025-09-22 15:35:00,768.04,768.7082,769.04,767.6,0.0,0.0,175341.0,134677408.263,0.08439444835040076,768.06
US.META,Meta Platforms,2025-09-22 15:40:00,768.6,768.125,768.725,767.9229,0.0,0.0,65157.0,50060235.882,-0.07586753985452913,768.7082
US.META,Meta Platforms,2025-09-22 15:45:00,768.135,768.4044,768.51,767.7801,0.0,0.0,113283.0,87004796.585,0.0363742880390574,768.125
US.META,Meta Platforms,2025-09-22 15:50:00,768.34,768.73,768.85,768.21,0.0,0.0,72411.0,55650197.317,0.042373521026169106,768.4044
US.META,Meta Platforms,2025-09-22 15:55:00,768.76,766.0,769.5,765.2001,0.0,0.0,306865.0,235577924.26,-0.355131190404956,768.73
US.META,Meta Platforms,2025-09-22 16:00:00,766.0,765.16,766.38,764.47,0.0,0.0,2416819.0,1849180342.004,-0.1096605744125368,766.0
US.META,Meta Platforms,2025-09-23 09:35:00,769.25,764.0001,769.5,763.8734,0.0,0.0,430080.0,330004795.152,-0.15158921009984752,765.16
US.META,Meta Platforms,2025-09-23 09:40:00,764.57,764.2,765.1099,762.44,0.0,0.0,190865.0,145786963.932,0.026164918041250332,764.0001
US.META,Meta Platforms,2025-09-23 09:45:00,764.225,762.53,764.515,762.3,0.0,0.0,131226.0,100172655.672,-0.21852918084272083,764.2
US.META,Meta Platforms,2025-09-23 09:50:00,762.56,760.745,762.96,760.39,0.0,0.0,157971.0,120312105.076,-0.23408915059079227,762.53
US.META,Meta Platforms,2025-09-23 09:55:00,760.655,760.32,761.53,759.15,0.0,0.0,225005.0,171081648.582,-0.05586628896673058,760.745
US.META,Meta Platforms,2025-09-23 10:00:00,760.31,759.66,760.93,759.0,0.0,0.0,160970.0,122318139.773,-0.08680555555556632,760.32
US.META,Meta Platforms,2025-09-23 10:05:00,759.58,760.61,761.54,759.05,0.0,0.0,175600.0,133521610.78,0.12505594608114756,759.66
US.META,Meta Platforms,2025-09-23 10:10:00,760.68,761.676,762.71,760.0001,0.0,0.0,149617.0,113932566.82,0.14015066854235822,760.61
US.META,Meta Platforms,2025-09-23 10:15:00,761.44,764.815,765.0,761.3703,0.0,0.0,150973.0,115284604.532,0.41211748827585615,761.676
US.META,Meta Platforms,2025-09-23 10:20:00,764.86,764.96,765.64,764.3054,0.0,0.0,219194.0,167688117.877,0.018958833181878205,764.815
US.META,Meta Platforms,2025-09-23 10:25:00,764.955,764.52,765.281,763.54,0.0,0.0,107813.0,82446782.672,-0.05751934741686553,764.96
US.META,Meta Platforms,2025-09-23 10:30:00,764.66,765.495,765.95,764.21,0.0,0.0,111641.0,85434688.078,0.12753099984304175,764.52
US.META,Meta Platforms,2025-09-23 10:35:00,765.515,765.9108,766.47,765.2301,0.0,0.0,78598.0,60204084.631,0.05431779436834861,765.495
US.META,Meta Platforms,2025-09-23 10:40:00,765.95,768.095,768.48,765.6183,0.0,0.0,121223.0,93013559.606,0.285176811712282,765.9108
US.META,Meta Platforms,2025-09-23 10:45:00,768.0308,768.95,770.6,767.9171,0.0,0.0,205980.0,158470724.459,0.11131435564611385,768.095
US.META,Meta Platforms,2025-09-23 10:50:00,768.995,768.035,768.995,766.8001,0.0,0.0,99120.0,76114089.527,-0.11899343260291009,768.95
US.META,Meta Platforms,2025-09-23 10:55:00,768.0544,768.5393,768.816,767.37,0.0,0.0,74057.0,56892236.31,0.06566107013353005,768.035
US.META,Meta Platforms,2025-09-23 11:00:00,768.696,768.63,769.1599,767.63,0.0,0.0,50722.0,38982840.363,0.011801608583968289,768.5393
US.META,Meta Platforms,2025-09-23 11:05:00,768.75,770.09,770.2499,768.56,0.0,0.0,81848.0,62970202.582,0.18994834966109003,768.63
US.META,Meta Platforms,2025-09-23 11:10:00,770.09,769.624208,770.5,768.7308,0.0,0.0,76455.0,58865540.449,-0.06048539781065571,770.09
US.META,Meta Platforms,2025-09-23 11:15:00,769.5825,769.4538,770.3,769.3057,0.0,0.0,48060.0,36997786.669,-0.022141715168080077,769.624208
US.META,Meta Platforms,2025-09-23 11:20:00,769.6087,768.05,769.6087,767.67,0.0,0.0,79988.0,61458189.935,-0.18244110302659453,769.4538
US.META,Meta Platforms,2025-09-23 11:25:00,768.0,768.22,769.0809,767.7811,0.0,0.0,53929.0,41437534.457,0.022133975652636254,768.05
US.META,Meta Platforms,2025-09-23 11:30:00,768.29,768.01,768.34,767.4708,0.0,0.0,54927.0,42175866.255,-0.027335919398093822,768.22
US.META,Meta Platforms,2025-09-23 11:35:00,768.005,766.8626,768.0379,766.25,0.0,0.0,64654.0,49597858.401,-0.14939909636592594,768.01
US.META,Meta Platforms,2025-09-23 11:40:00,766.71,766.3001,767.0,766.07,0.0,0.0,49069.0,37610878.07,-0.07335081929931124,766.8626
US.META,Meta Platforms,2025-09-23 11:45:00,766.2,767.9201,767.9201,766.05,0.0,0.0,68634.0,52620995.743,0.21140542719490762,766.3001
US.META,Meta Platforms,2025-09-23 11:50:00,767.92,767.395,768.62,767.295,0.0,0.0,76513.0,58765841.033,-0.06837950979536359,767.9201
US.META,Meta Platforms,2025-09-23 11:55:00,767.21,766.665,767.36,766.28,0.0,0.0,49817.0,38205182.35,-0.09512702063474719,767.395
US.META,Meta Platforms,2025-09-23 12:00:00,766.665,767.065,767.1851,766.16,0.0,0.0,49005.0,37560374.557,0.052174026465286794,766.665
US.META,Meta Platforms,2025-09-23 12:05:00,767.12,766.9251,767.6113,766.75,0.0,0.0,43314.0,33233999.103,-0.018238350074636627,767.065
US.META,Meta Platforms,2025-09-23 12:10:00,766.93,766.57,766.996,766.16,0.0,0.0,55130.0,42258341.729,-0.04630178357703941,766.9251
US.META,Meta Platforms,2025-09-23 12:15:00,766.4487,766.2634,766.75,765.8266,0.0,0.0,52584.0,40295083.259,-0.039996347365537796,766.57
US.META,Meta Platforms,2025-09-23 12:20:00,766.24,765.675,766.58,765.67,0.0,0.0,74390.0,56991840.095,-0.07678821668894696,766.2634
US.META,Meta Platforms,2025-09-23 12:25:00,765.675,764.717,765.68,764.64,0.0,0.0,129044.0,98775371.233,-0.1251183596173272,765.675
US.META,Meta Platforms,2025-09-23 12:30:00,764.7299,764.1125,764.89,763.8885,0.0,0.0,72871.0,55704927.101,-0.07904885075132762,764.717
US.META,Meta Platforms,2025-09-23 12:35:00,764.132,764.6713,764.83,764.1061,0.0,0.0,40895.0,31265156.098,0.07313059268105408,764.1125
US.META,Meta Platforms,2025-09-23 12:40:00,764.53,764.55,764.91,763.8,0.0,0.0,69224.0,52914791.927,-0.015863025067113058,764.6713
US.META,Meta Platforms,2025-09-23 12:45:00,764.445,764.0,764.485,763.2401,0.0,0.0,48883.0,37338558.853,-0.07193774115492178,764.55
US.META,Meta Platforms,2025-09-23 12:50:00,764.0,764.1,764.415,763.595,0.0,0.0,84393.0,64479528.015,0.01308900523560507,764.0
US.META,Meta Platforms,2025-09-23 12:55:00,764.1095,763.71,764.2,763.68,0.0,0.0,40252.0,30749158.489,-0.05104043973301745,764.1
US.META,Meta Platforms,2025-09-23 13:00:00,763.68,763.52,763.96,762.65,0.0,0.0,65239.0,49803094.266,-0.024878553377598117,763.71
US.META,Meta Platforms,2025-09-23 13:05:00,763.56,763.565,764.264,763.1,0.0,0.0,37915.0,28951339.767,0.005893755238903075,763.52
US.META,Meta Platforms,2025-09-23 13:10:00,763.635,763.6701,764.2,763.07,0.0,0.0,59990.0,45820528.434,0.013764381552322734,763.565
US.META,Meta Platforms,2025-09-23 13:15:00,763.36,762.465,763.49,762.465,0.0,0.0,41874.0,31942942.214,-0.15780374274179593,763.6701
US.META,Meta Platforms,2025-09-23 13:20:00,762.42,762.195,763.0,762.11,0.0,0.0,50066.0,38172744.911,-0.035411461509706255,762.465
US.META,Meta Platforms,2025-09-23 13:25:00,762.3269,762.37,762.76,761.5,0.0,0.0,73107.0,55714542.854,0.02296000367359462,762.195
US.META,Meta Platforms,2025-09-23 13:30:00,762.25,760.635,762.35,760.34,0.0,0.0,98957.0,75324834.001,-0.22757978409433918,762.37
US.META,Meta Platforms,2025-09-23 13:35:00,760.5,760.145,760.9506,760.0,0.0,0.0,119039.0,90524031.669,-0.06441985972246991,760.635
US.META,Meta Platforms,2025-09-23 13:40:00,760.12,759.71,760.12,759.2072,0.0,0.0,139719.0,106149764.236,-0.05722592400133467,760.145
US.META,Meta Platforms,2025-09-23 13:45:00,759.87,759.87,760.075,758.39,0.0,0.0,185630.0,140910427.487,0.02106066788642616,759.71
US.META,Meta Platforms,2025-09-23 13:50:00,760.06,761.09,761.3879,759.7,0.0,0.0,89748.0,68251770.959,0.1605537789358742,759.87
US.META,Meta Platforms,2025-09-23 13:55:00,760.68,760.7045,761.5,760.17,0.0,0.0,51107.0,38878473.095,-0.05065103995585004,761.09
US.META,Meta Platforms,2025-09-23 14:00:00,760.81,761.28,761.46,760.81,0.0,0.0,42059.0,32015710.037,0.0756535553555842,760.7045
US.META,Meta Platforms,2025-09-23 14:05:00,761.41,761.16,762.1478,761.16,0.0,0.0,53331.0,40613407.088,-0.015762925598991773,761.28
US.META,Meta Platforms,2025-09-23 14:10:00,761.04,760.875,761.33,760.4873,0.0,0.0,40117.0,30526420.312,-0.03744285038624838,761.16
US.META,Meta Platforms,2025-09-23 14:15:00,760.855,759.1699,760.96,759.01,0.0,0.0,63002.0,47894815.649,-0.2240972564481703,760.875
US.META,Meta Platforms,2025-09-23 14:20:00,759.0,758.605,759.437,758.52,0.0,0.0,66058.0,50141002.236,-0.07441022095317082,759.1699
US.META,Meta Platforms,2025-09-23 14:25:00,758.7,757.853,758.86,757.77,0.0,0.0,99746.0,75643426.957,-0.09912932290191423,758.605
US.META,Meta Platforms,2025-09-23 14:30:00,757.975,756.0,758.04,754.82,0.0,0.0,199911.0,151182583.942,-0.2445065203937903,757.853
US.META,Meta Platforms,2025-09-23 14:35:00,755.9,755.706,756.1299,755.48,0.0,0.0,84114.0,63571196.975,-0.03888888888888661,756.0
US.META,Meta Platforms,2025-09-23 14:40:00,755.73,753.41,755.7811,753.2934,0.0,0.0,106625.0,80468735.381,-0.3038218566479622,755.706
US.META,Meta Platforms,2025-09-23 14:45:00,753.38,753.27,754.1731,753.19,0.0,0.0,103196.0,77775507.276,-0.01858217968967579,753.41
US.META,Meta Platforms,2025-09-23 14:50:00,753.34,753.1322,753.51,752.6601,0.0,0.0,116852.0,87999601.639,-0.01829357335350806,753.27
US.META,Meta Platforms,2025-09-23 14:55:00,753.13,752.89,753.55,752.5,0.0,0.0,97526.0,73437713.815,-0.03215902865393689,753.1322
US.META,Meta Platforms,2025-09-23 15:00:00,752.7502,751.7692,753.5099,751.51,0.0,0.0,137642.0,103562967.267,-0.14886636826097185,752.89
US.META,Meta Platforms,2025-09-23 15:05:00,751.66,752.12,753.95,751.07,0.0,0.0,188829.0,141954915.908,0.04666325781902868,751.7692
US.META,Meta Platforms,2025-09-23 15:10:00,752.15,752.15,754.5,751.84,0.0,0.0,276961.0,208784737.693,0.003988725203421357,752.12
US.META,Meta Platforms,2025-09-23 15:15:00,752.18,752.85,753.44,752.18,0.0,0.0,79795.0,60070355.856,0.09306654257794929,752.15
US.META,Meta Platforms,2025-09-23 15:20:00,752.935,753.51,753.96,752.935,0.0,0.0,79674.0,60036979.656,0.08766686590953951,752.85
US.META,Meta Platforms,2025-09-23 15:25:00,753.5,753.555,753.9194,753.02,0.0,0.0,66200.0,49879037.869,0.0059720508022400596,753.51
US.META,Meta Platforms,2025-09-23 15:30:00,753.53,754.8625,754.94,753.45,0.0,0.0,110841.0,83605728.164,0.17351089170664447,753.555
US.META,Meta Platforms,2025-09-23 15:35:00,754.93,754.895,755.51,754.67,0.0,0.0,110833.0,83692673.304,0.004305419861236621,754.8625
US.META,Meta Platforms,2025-09-23 15:40:00,754.88,755.38,755.75,754.618,0.0,0.0,95142.0,71862167.833,0.06424734565734488,754.895
US.META,Meta Platforms,2025-09-23 15:45:00,755.405,754.59,755.95,754.59,0.0,0.0,106613.0,80517245.176,-0.10458312372580206,755.38
US.META,Meta Platforms,2025-09-23 15:50:00,754.7,753.045,754.722,753.045,0.0,0.0,155750.0,117401122.607,-0.20474694867412407,754.59
US.META,Meta Platforms,2025-09-23 15:55:00,753.09,753.445,753.66,751.77,0.0,0.0,310024.0,233372668.173,0.05311767557052911,753.045
US.META,Meta Platforms,2025-09-23 16:00:00,753.385,755.4,756.885,753.31,0.0,0.0,1975811.0,1492756794.065,0.2594748123618747,753.445
US.META,Meta Platforms,2025-09-24 09:35:00,757.5,757.69,760.49,756.64,0.0,0.0,400945.0,304079246.353,0.30315064866297026,755.4
US.META,Meta Platforms,2025-09-24 09:40:00,758.2,758.41,759.98,755.49,0.0,0.0,222785.0,168799579.069,0.09502567012893315,757.69
US.META,Meta Platforms,2025-09-24 09:45:00,758.62,757.56,759.6,757.0907,0.0,0.0,150320.0,113990829.115,-0.1120765812687099,758.41
US.META,Meta Platforms,2025-09-24 09:50:00,757.55,756.59,758.745,756.26,0.0,0.0,159399.0,120727687.886,-0.12804266328738498,757.56
US.META,Meta Platforms,2025-09-24 09:55:00,756.6799,756.05,756.77,755.31,0.0,0.0,164604.0,124437889.602,-0.07137287037894728,756.59
US.META,Meta Platforms,2025-09-24 10:00:00,756.0675,755.3575,756.25,754.0,0.0,0.0,132524.0,100098330.411,-0.09159447126512738,756.05
US.META,Meta Platforms,2025-09-24 10:05:00,755.16,757.7386,757.7386,753.4198,0.0,0.0,116990.0,88328131.187,0.3152282197502587,755.3575
US.META,Meta Platforms,2025-09-24 10:10:00,757.51,756.67,757.61,755.68,0.0,0.0,71825.0,54351542.112,-0.1410248864186225,757.7386
US.META,Meta Platforms,2025-09-24 10:15:00,756.415,755.68,756.46,754.1,0.0,0.0,92432.0,69800279.295,-0.13083642803335788,756.67
US.META,Meta Platforms,2025-09-24 10:20:00,755.45,756.52,757.4659,754.79,0.0,0.0,77407.0,58519566.368,0.1111581621850561,755.68
US.META,Meta Platforms,2025-09-24 10:25:00,756.525,756.545,756.98,756.01,0.0,0.0,45416.0,34356654.279,0.0033046052979402085,756.52
US.META,Meta Platforms,2025-09-24 10:30:00,756.4,757.18,757.24,756.14,0.0,0.0,58244.0,44070957.379,0.08393420087370757,756.545
US.META,Meta Platforms,2025-09-24 10:35:00,757.05,757.4548,757.93,756.89,0.0,0.0,86166.0,65263746.62,0.03629255923294692,757.18
US.META,Meta Platforms,2025-09-24 10:40:00,757.31,758.26,758.7,757.31,0.0,0.0,313827.0,237809856.865,0.10630337282171998,757.4548
US.META,Meta Platforms,2025-09-24 10:45:00,758.3,757.23,758.53,757.1201,0.0,0.0,54885.0,41595726.147,-0.1358373117400328,758.26
US.META,Meta Platforms,2025-09-24 10:50:00,757.15,757.03,757.59,756.01,0.0,0.0,65466.0,49539022.983,-0.026412054461662303,757.23
US.META,Meta Platforms,2025-09-24 10:55:00,757.03,756.88,758.0,756.8,0.0,0.0,46041.0,34869420.84,-0.019814274203132937,757.03
US.META,Meta Platforms,2025-09-24 11:00:00,756.845,755.98,756.85,755.74,0.0,0.0,70767.0,53528173.725,-0.11890920621498485,756.88
US.META,Meta Platforms,2025-09-24 11:05:00,755.72,756.935,757.0,755.2,0.0,0.0,59970.0,45347787.111,0.12632609328288147,755.98
US.META,Meta Platforms,2025-09-24 11:10:00,756.95,758.465,759.095,756.95,0.0,0.0,100203.0,75991232.624,0.20213096236798225,756.935
US.META,Meta Platforms,2025-09-24 11:15:00,758.53,758.8,759.7,758.1,0.0,0.0,88280.0,67019169.649,0.044168155419158785,758.465
US.META,Meta Platforms,2025-09-24 11:20:00,758.9699,759.01,759.94,758.62,0.0,0.0,73752.0,56004219.984,0.027675276752772326,758.8
US.META,Meta Platforms,2025-09-24 11:25:00,759.0,757.54,759.0,757.5,0.0,0.0,75978.0,57618339.755,-0.19367333763718886,759.01
US.META,Meta Platforms,2025-09-24 11:30:00,757.605,757.74,758.451,756.8101,0.0,0.0,79839.0,60488564.267,0.026401246138823754,757.54
US.META,Meta Platforms,2025-09-24 11:35:00,757.5,757.2,757.795,757.1,0.0,0.0,39868.0,30196368.393,-0.07126454984558868,757.74
US.META,Meta Platforms,2025-09-24 11:40:00,757.24,757.73,757.99,756.94,0.0,0.0,51245.0,38807360.354,0.06999471737981679,757.2
US.META,Meta Platforms,2025-09-24 11:45:00,757.78,758.4,758.74,757.535,0.0,0.0,55808.0,42320938.838,0.08842199728134811,757.73
US.META,Meta Platforms,2025-09-24 11:50:00,758.46,757.28,758.75,757.28,0.0,0.0,52360.0,39689203.825,-0.14767932489451538,758.4
US.META,Meta Platforms,2025-09-24 11:55:00,757.15,756.055,757.255,755.94,0.0,0.0,91233.0,69010303.244,-0.16176315233467448,757.28
US.META,Meta Platforms,2025-09-24 12:00:00,756.01,755.54,756.65,755.4,0.0,0.0,63804.0,48229087.666,-0.06811673753893387,756.055
US.META,Meta Platforms,2025-09-24 12:05:00,755.545,754.6,756.65,754.5,0.0,0.0,113183.0,85478158.502,-0.12441432617729584,755.54
US.META,Meta Platforms,2025-09-24 12:10:00,754.65,754.1377,755.02,753.9448,0.0,0.0,68356.0,51576756.886,-0.061264245958127156,754.6
US.META,Meta Platforms,2025-09-24 12:15:00,754.1927,754.25,754.3944,752.5251,0.0,0.0,80941.0,60982412.203,0.014891179687742003,754.1377
US.META,Meta Platforms,2025-09-24 12:20:00,754.24,754.49,755.09,753.9251,0.0,0.0,91292.0,68897750.182,0.03181968843221864,754.25
US.META,Meta Platforms,2025-09-24 12:25:00,754.47,756.885,756.92,754.47,0.0,0.0,53042.0,40091303.519,0.3174329679651131,754.49
US.META,Meta Platforms,2025-09-24 12:30:00,756.8,757.11,757.6,756.2725,0.0,0.0,85651.0,64832451.778,0.02972710517450111,756.885
US.META,Meta Platforms,2025-09-24 12:35:00,757.17,754.8201,757.37,754.8201,0.0,0.0,70971.0,53661142.654,-0.30245274794943783,757.11
US.META,Meta Platforms,2025-09-24 12:40:00,755.02,754.145,755.22,753.85,0.0,0.0,57039.0,43048965.923,-0.08943852979008417,754.8201
US.META,Meta Platforms,2025-09-24 12:45:00,754.17,754.97,755.46,753.62,0.0,0.0,91031.0,68682274.157,0.10939540804487803,754.145
US.META,Meta Platforms,2025-09-24 12:50:00,754.9,754.2501,755.1,754.2501,0.0,0.0,46977.0,35453035.263,-0.09535478230923777,754.97
US.META,Meta Platforms,2025-09-24 12:55:00,754.29,753.52,754.29,753.32,0.0,0.0,47370.0,35707392.775,-0.09679813101781401,754.2501
US.META,Meta Platforms,2025-09-24 13:00:00,753.35,752.9001,753.7,752.53,0.0,0.0,63822.0,48075224.223,-0.0822672258201547,753.52
US.META,Meta Platforms,2025-09-24 13:05:00,752.9,753.95,754.22,752.9,0.0,0.0,55301.0,41679332.412,0.1394474512621387,752.9001
US.META,Meta Platforms,2025-09-24 13:10:00,754.0356,753.51,754.0356,752.9549,0.0,0.0,42795.0,32238081.903,-0.05835930764640289,753.95
US.META,Meta Platforms,2025-09-24 13:15:00,753.57,753.525,754.066,753.3,0.0,0.0,52919.0,39889433.184,0.0019906836007466864,753.51
US.META,Meta Platforms,2025-09-24 13:20:00,753.3,752.8948,753.4699,752.68,0.0,0.0,36203.0,27263203.71,-0.08363358879930265,753.525
US.META,Meta Platforms,2025-09-24 13:25:00,752.954,754.7621,754.9434,752.954,0.0,0.0,45674.0,34430244.2,0.248016057489041,752.8948
US.META,Meta Platforms,2025-09-24 13:30:00,754.95,754.8999,754.95,754.13,0.0,0.0,33317.0,25137116.587,0.018257408526470814,754.7621
US.META,Meta Platforms,2025-09-24 13:35:00,754.89,755.465,756.0,754.89,0.0,0.0,50156.0,37899143.198,0.0748576069489517,754.8999
US.META,Meta Platforms,2025-09-24 13:40:00,755.53,754.405,755.575,754.2,0.0,0.0,102589.0,77457528.288,-0.14031093432522473,755.465
US.META,Meta Platforms,2025-09-24 13:45:00,754.5232,754.61,754.76,754.12,0.0,0.0,22978.0,17337214.262,0.027173732941860266,754.405
US.META,Meta Platforms,2025-09-24 13:50:00,754.62,754.865,755.0,754.365,0.0,0.0,30001.0,22642593.768,0.033792290057114996,754.61
US.META,Meta Platforms,2025-09-24 13:55:00,754.45,754.5501,755.1,753.6701,0.0,0.0,44364.0,33469738.312,-0.041716068436073464,754.865
US.META,Meta Platforms,2025-09-24 14:00:00,754.7373,754.4,755.0,754.2301,0.0,0.0,20093.0,15163173.796,-0.019892648612738352,754.5501
US.META,Meta Platforms,2025-09-24 14:05:00,754.3389,754.26,754.56,753.745,0.0,0.0,38170.0,28790719.49,-0.018557794273593102,754.4
US.META,Meta Platforms,2025-09-24 14:10:00,754.32,754.86,755.0,754.0,0.0,0.0,42319.0,31941945.791,0.07954816641476715,754.26
US.META,Meta Platforms,2025-09-24 14:15:00,754.86,754.675,755.1399,754.535,0.0,0.0,70709.0,53376892.653,-0.02450785576134106,754.86
US.META,Meta Platforms,2025-09-24 14:20:00,754.6508,754.77,755.07,754.305,0.0,0.0,42229.0,31871543.311,0.012588200218640778,754.675
US.META,Meta Platforms,2025-09-24 14:25:00,754.7,755.0,755.43,754.51,0.0,0.0,47705.0,36012223.95,0.030472859281637878,754.77
US.META,Meta Platforms,2025-09-24 14:30:00,755.0,755.3449,755.5,754.88,0.0,0.0,43705.0,32999563.059,0.045682119205304954,755.0
US.META,Meta Platforms,2025-09-24 14:35:00,755.5,755.58,755.9199,755.434,0.0,0.0,29995.0,22665396.7,0.03112485435461185,755.3449
US.META,Meta Platforms,2025-09-24 14:40:00,755.515,756.33,756.39,755.515,0.0,0.0,31807.0,24044325.78,0.0992614944810609,755.58
US.META,Meta Platforms,2025-09-24 14:45:00,756.45,756.56,756.7799,756.375,0.0,0.0,86593.0,65456477.439,0.030410006214206035,756.33
US.META,Meta Platforms,2025-09-24 14:50:00,756.68,757.01,757.18,756.5,0.0,0.0,55599.0,42080877.91,0.05947975044940857,756.56
US.META,Meta Platforms,2025-09-24 14:55:00,757.0748,757.842,758.0,756.925,0.0,0.0,60216.0,45606565.076,0.10990607785894423,757.01
US.META,Meta Platforms,2025-09-24 15:00:00,757.76,758.1,758.1999,757.7015,0.0,0.0,62023.0,47007777.244,0.034044035564146376,757.842
US.META,Meta Platforms,2025-09-24 15:05:00,758.2,758.935,759.02,758.15,0.0,0.0,54301.0,41193779.077,0.1101437805038811,758.1
US.META,Meta Platforms,2025-09-24 15:10:00,759.0507,759.19,759.36,758.3502,0.0,0.0,57031.0,43288380.27,0.033599715390660485,758.935
US.META,Meta Platforms,2025-09-24 15:15:00,759.1378,758.175,759.4963,758.025,0.0,0.0,55873.0,42392203.415,-0.13369512243313267,759.19
US.META,Meta Platforms,2025-09-24 15:20:00,758.1,758.555,758.67,757.7101,0.0,0.0,85293.0,64668685.854,0.05012035479935312,758.175
US.META,Meta Platforms,2025-09-24 15:25:00,758.6446,759.0237,759.0237,758.12,0.0,0.0,54357.0,41233772.031,0.061788532143353156,758.555
US.META,Meta Platforms,2025-09-24 15:30:00,758.995,759.43,759.63,758.693,0.0,0.0,78724.0,59773985.127,0.05352929032387098,759.0237
US.META,Meta Platforms,2025-09-24 15:35:00,759.295,759.5988,759.89,759.238,0.0,0.0,74010.0,56215195.847,0.022227196713328803,759.43
US.META,Meta Platforms,2025-09-24 15:40:00,759.79,759.69,759.92,759.49,0.0,0.0,66659.0,50641102.295,0.01200633808269203,759.5988
US.META,Meta Platforms,2025-09-24 15:45:00,759.66,758.915,759.97,758.52,0.0,0.0,96821.0,73519946.848,-0.1020152957127369,759.69
US.META,Meta Platforms,2025-09-24 15:50:00,758.9108,758.782,759.039,757.81,0.0,0.0,95027.0,72066139.433,-0.017525019270922898,758.915
US.META,Meta Platforms,2025-09-24 15:55:00,758.79,759.445,760.26,758.79,0.0,0.0,230512.0,175091468.668,0.08737687504448062,758.782
US.META,Meta Platforms,2025-09-24 16:00:00,759.53,760.66,761.11,759.3,0.0,0.0,1610449.0,1224888167.97,0.15998525238824643,759.445
US.META,Meta Platforms,2025-09-25 09:35:00,753.45,751.42,756.08,750.39,0.0,0.0,757815.0,570426361.307,-1.2147345726079994,760.66
US.META,Meta Platforms,2025-09-25 09:40:00,751.63,749.22,752.5,747.64,0.0,0.0,519324.0,389194972.116,-0.29277900508369914,751.42
US.META,Meta Platforms,2025-09-25 09:45:00,749.26,745.71,749.4,744.55,0.0,0.0,275829.0,206026195.641,-0.4684872267157832,749.22
US.META,Meta Platforms,2025-09-25 09:50:00,745.525,748.74,749.61,745.0,0.0,0.0,288218.0,215553767.571,0.40632417427685996,745.71
US.META,Meta Platforms,2025-09-25 09:55:00,748.85,748.82,750.08,747.61,0.0,0.0,136326.0,102078678.763,0.010684616822934654,748.74
US.META,Meta Platforms,2025-09-25 10:00:00,748.7375,746.43,750.37,746.1214,0.0,0.0,225887.0,169145544.437,-0.3191688256189872,748.82
US.META,Meta Platforms,2025-09-25 10:05:00,746.44,747.35,747.5436,745.0,0.0,0.0,199796.0,149135623.339,0.1232533526251722,746.43
US.META,Meta Platforms,2025-09-25 10:10:00,747.41,749.215,749.91,747.41,0.0,0.0,206643.0,154733429.78,0.24954840436208053,747.35
US.META,Meta Platforms,2025-09-25 10:15:00,749.008,747.82,749.961,747.2781,0.0,0.0,155789.0,116563449.952,-0.1861948839785618,749.215
US.META,Meta Platforms,2025-09-25 10:20:00,747.82,748.33,749.69,747.0,0.0,0.0,313041.0,234194700.418,0.06819822952047162,747.82
US.META,Meta Platforms,2025-09-25 10:25:00,748.28,747.4099,748.6399,746.86,0.0,0.0,220851.0,165086061.193,-0.12295377707696438,748.33
US.META,Meta Platforms,2025-09-25 10:30:00,747.06,747.115,747.5,745.61,0.0,0.0,179699.0,134180886.092,-0.039456260881744296,747.4099
US.META,Meta Platforms,2025-09-25 10:35:00,747.13,747.975,748.1895,746.92,0.0,0.0,127783.0,95538825.603,0.1151094543678033,747.115
US.META,Meta Platforms,2025-09-25 10:40:00,748.0,747.96,748.25,747.37,0.0,0.0,114725.0,85791948.059,-0.0020054146194707517,747.975
US.META,Meta Platforms,2025-09-25 10:45:00,747.85,748.71,750.35,747.3401,0.0,0.0,143494.0,107456332.781,0.10027274185785336,747.96
US.META,Meta Platforms,2025-09-25 10:50:00,748.5599,750.09,750.5,748.48,0.0,0.0,100642.0,75436855.452,0.18431702528348698,748.71
US.META,Meta Platforms,2025-09-25 10:55:00,750.0,748.62,750.09,748.41,0.0,0.0,99856.0,74814595.714,-0.19597648282206498,750.09
US.META,Meta Platforms,2025-09-25 11:00:00,748.85,749.01,749.82,748.61,0.0,0.0,97842.0,73302978.242,0.05209585637572953,748.62
US.META,Meta Platforms,2025-09-25 11:05:00,748.93,749.01,749.2099,748.18,0.0,0.0,97049.0,72655572.577,0.0,749.01
US.META,Meta Platforms,2025-09-25 11:10:00,748.9,748.08,749.2,747.8052,0.0,0.0,89122.0,66705191.034,-0.12416389634316632,749.01
US.META,Meta Platforms,2025-09-25 11:15:00,747.9731,750.0,750.37,747.95,0.0,0.0,97650.0,73177990.407,0.25665704202758516,748.08
US.META,Meta Platforms,2025-09-25 11:20:00,749.79,752.385,752.5769,749.7401,0.0,0.0,97122.0,72971229.108,0.3179999999999988,750.0
US.META,Meta Platforms,2025-09-25 11:25:00,752.5803,752.33,752.94,751.5101,0.0,0.0,105286.0,79201746.787,-0.007310087255853052,752.385
US.META,Meta Platforms,2025-09-25 11:30:00,752.175,752.41,753.1,751.551,0.0,0.0,75197.0,56571121.269,0.010633631518074149,752.33
US.META,Meta Platforms,2025-09-25 11:35:00,752.41,753.9,754.2699,752.16,0.0,0.0,74941.0,56427420.019,0.19803032920881025,752.41
US.META,Meta Platforms,2025-09-25 11:40:00,753.955,756.11,756.32,753.955,0.0,0.0,88914.0,67129610.169,0.29314232656851524,753.9
US.META,Meta Platforms,2025-09-25 11:45:00,756.13,755.36,756.48,754.78,0.0,0.0,86289.0,65221779.705,-0.09919191652008306,756.11
US.META,Meta Platforms,2025-09-25 11:50:00,755.315,754.93,755.4572,754.57,0.0,0.0,65292.0,49298612.149,-0.056926498623181485,755.36
US.META,Meta Platforms,2025-09-25 11:55:00,754.9722,754.87,755.15,754.42,0.0,0.0,76389.0,57656775.794,-0.00794775674565131,754.93
US.META,Meta Platforms,2025-09-25 12:00:00,754.8332,754.3499,755.03,753.71,0.0,0.0,67716.0,51085725.147,-0.06889928067083825,754.87
US.META,Meta Platforms,2025-09-25 12:05:00,754.1875,755.295,756.765,754.1875,0.0,0.0,83244.0,62907387.029,0.12528668725215064,754.3499
US.META,Meta Platforms,2025-09-25 12:10:00,755.5,754.896,755.7424,754.6,0.0,0.0,34392.0,25971012.948,-0.05282704108990539,755.295
US.META,Meta Platforms,2025-09-25 12:15:00,755.09,755.96,756.38,755.09,0.0,0.0,50143.0,37900724.318,0.1409465674742055,754.896
US.META,Meta Platforms,2025-09-25 12:20:00,756.14,756.33,756.69,755.78,0.0,0.0,54413.0,41151196.369,0.048944388591989595,755.96
US.META,Meta Platforms,2025-09-25 12:25:00,756.57,755.265,756.6101,754.4001,0.0,0.0,52318.0,39517639.688,-0.1408115505136719,756.33
US.META,Meta Platforms,2025-09-25 12:30:00,755.18,754.13,755.4099,753.89,0.0,0.0,49529.0,37363531.11,-0.15027837911196612,755.265
US.META,Meta Platforms,2025-09-25 12:35:00,754.21,753.755,755.02,753.12,0.0,0.0,77033.0,58108807.996,-0.04972617453224245,754.13
US.META,Meta Platforms,2025-09-25 12:40:00,753.72,752.36,754.21,752.32,0.0,0.0,43343.0,32649341.858,-0.1850733991814292,753.755
US.META,Meta Platforms,2025-09-25 12:45:00,752.46,751.67,752.46,751.0,0.0,0.0,83349.0,62640997.041,-0.09171141474826607,752.36
US.META,Meta Platforms,2025-09-25 12:50:00,751.775,750.95,751.8,750.29,0.0,0.0,54860.0,41209588.591,-0.09578671491477825,751.67
US.META,Meta Platforms,2025-09-25 12:55:00,750.871,750.2358,750.9,749.58,0.0,0.0,68426.0,51334271.862,-0.09510619881483524,750.95
US.META,Meta Platforms,2025-09-25 13:00:00,750.0,750.14,750.6399,749.88,0.0,0.0,45678.0,34266425.841,-0.012769318659553948,750.2358
US.META,Meta Platforms,2025-09-25 13:05:00,750.07,750.93,751.27,749.9101,0.0,0.0,37874.0,28434396.734,0.10531367478070275,750.14
US.META,Meta Platforms,2025-09-25 13:10:00,750.93,751.23,751.43,750.55,0.0,0.0,41126.0,30881893.857,0.03995046142783858,750.93
US.META,Meta Platforms,2025-09-25 13:15:00,751.115,750.65,751.79,750.345,0.0,0.0,57140.0,42914628.872,-0.07720671432185094,751.23
US.META,Meta Platforms,2025-09-25 13:20:00,750.43,750.649,751.32,750.15,0.0,0.0,40235.0,30214006.864,-0.00013321787783605583,750.65
US.META,Meta Platforms,2025-09-25 13:25:00,750.86,749.6099,751.0,749.3,0.0,0.0,59881.0,44919958.725,-0.1384268812720675,750.649
US.META,Meta Platforms,2025-09-25 13:30:00,749.6,749.46,750.679,749.3,0.0,0.0,48103.0,36081948.705,-0.019997067808202953,749.6099
US.META,Meta Platforms,2025-09-25 13:35:00,749.46,749.485,749.96,748.95,0.0,0.0,49589.0,37161030.669,0.0033357350625753557,749.46
US.META,Meta Platforms,2025-09-25 13:40:00,749.445,748.6863,749.6499,748.66,0.0,0.0,36524.0,27357333.019,-0.10656650900285575,749.485
US.META,Meta Platforms,2025-09-25 13:45:00,748.64,747.86,748.6866,747.32,0.0,0.0,83319.0,62314580.606,-0.11036665156019905,748.6863
US.META,Meta Platforms,2025-09-25 13:50:00,747.7723,746.7747,748.0,746.59,0.0,0.0,77075.0,57595054.713,-0.14512074452437101,747.86
US.META,Meta Platforms,2025-09-25 13:55:00,746.67,747.5516,747.8,746.67,0.0,0.0,74022.0,55313166.391,0.10403405471555946,746.7747
US.META,Meta Platforms,2025-09-25 14:00:00,747.72,747.31,748.0,746.22,0.0,0.0,121529.0,90802785.793,-0.03231883926140513,747.5516
US.META,Meta Platforms,2025-09-25 14:05:00,747.62,746.82,747.66,746.39,0.0,0.0,81008.0,60509416.477,-0.06556850570712226,747.31
US.META,Meta Platforms,2025-09-25 14:10:00,747.0,748.13,748.52,746.8325,0.0,0.0,76482.0,57195595.965,0.17541040679145514,746.82
US.META,Meta Platforms,2025-09-25 14:15:00,748.145,749.8899,750.0,748.145,0.0,0.0,61229.0,45868885.828,0.2352398647293941,748.13
US.META,Meta Platforms,2025-09-25 14:20:00,749.84,749.8051,750.38,749.69,0.0,0.0,68607.0,51452312.686,-0.011308326729026874,749.8899
US.META,Meta Platforms,2025-09-25 14:25:00,749.66,749.53,750.0,749.1201,0.0,0.0,30819.0,23105817.241,-0.03668953438701148,749.8051
US.META,Meta Platforms,2025-09-25 14:30:00,749.805,749.61,750.528,749.3701,0.0,0.0,54715.0,41033830.776,0.010673355302661792,749.53
US.META,Meta Platforms,2025-09-25 14:35:00,749.61,750.015,750.4,749.4,0.0,0.0,37861.0,28391684.371,0.054028094609193146,749.61
US.META,Meta Platforms,2025-09-25 14:40:00,750.035,750.7,750.96,749.8434,0.0,0.0,40784.0,30600710.803,0.09133150670320715,750.015
US.META,Meta Platforms,2025-09-25 14:45:00,750.65,750.47,751.39,749.96,0.0,0.0,88702.0,66603134.936,-0.030638071133611056,750.7
US.META,Meta Platforms,2025-09-25 14:50:00,750.41,750.15,750.5199,749.1301,0.0,0.0,49515.0,37126333.868,-0.042639945634075985,750.47
US.META,Meta Platforms,2025-09-25 14:55:00,750.16,750.083,750.3985,749.5001,0.0,0.0,33362.0,25018904.043,-0.008931547023929518,750.15
US.META,Meta Platforms,2025-09-25 15:00:00,750.27,750.025,750.38,749.6901,0.0,0.0,36610.0,27460052.759,-0.007732477605810654,750.083
US.META,Meta Platforms,2025-09-25 15:05:00,750.04,750.185,750.25,749.8,0.0,0.0,34694.0,26022602.402,0.02133262224592089,750.025
US.META,Meta Platforms,2025-09-25 15:10:00,750.3,750.12,750.75,749.77,0.0,0.0,49610.0,37225828.473,-0.008664529416069487,750.185
US.META,Meta Platforms,2025-09-25 15:15:00,750.2,750.04,750.8,750.0,0.0,0.0,37085.0,27828625.804,-0.010664960273028438,750.12
US.META,Meta Platforms,2025-09-25 15:20:00,750.0,749.74,750.1599,749.67,0.0,0.0,42047.0,31530610.266,-0.039997866780432316,750.04
US.META,Meta Platforms,2025-09-25 15:25:00,749.7198,748.68,750.0,748.54,0.0,0.0,80966.0,60687775.054,-0.1413823458799129,749.74
US.META,Meta Platforms,2025-09-25 15:30:00,748.85,749.52,749.6199,748.53,0.0,0.0,70679.0,52945614.693,0.11219746754287972,748.68
US.META,Meta Platforms,2025-09-25 15:35:00,749.57,749.4999,749.9649,749.2401,0.0,0.0,48848.0,36619138.413,-0.00268171629842522,749.52
US.META,Meta Platforms,2025-09-25 15:40:00,749.25,749.1751,749.86,749.04,0.0,0.0,60058.0,45007716.422,-0.043335562819952614,749.4999
US.META,Meta Platforms,2025-09-25 15:45:00,749.15,749.02,749.3,748.73,0.0,0.0,92466.0,69255203.18,-0.02070277028695445,749.1751
US.META,Meta Platforms,2025-09-25 15:50:00,748.965,749.46,749.4674,748.8,0.0,0.0,73034.0,54707208.451,0.05874342474166972,749.02
US.META,Meta Platforms,2025-09-25 15:55:00,749.5,748.75,749.9,748.65,0.0,0.0,170879.0,128062035.871,-0.09473487577723111,749.46
US.META,Meta Platforms,2025-09-25 16:00:00,748.97,748.91,749.8199,748.835,0.0,0.0,1271893.0,952688660.3,0.021368948247074214,748.75
US.META,Meta Platforms,2025-09-26 09:35:00,750.0,750.25,751.9299,747.32,0.0,0.0,334127.0,250567973.964,0.17892670681390715,748.91
US.META,Meta Platforms,2025-09-26 09:40:00,750.12,750.9499,750.96,749.3756,0.0,0.0,198332.0,148769151.797,0.09328890369876133,750.25
US.META,Meta Platforms,2025-09-26 09:45:00,750.715,748.24,751.4,748.24,0.0,0.0,155289.0,116443051.854,-0.3608629550386714,750.9499
US.META,Meta Platforms,2025-09-26 09:50:00,748.38,748.3329,750.13,747.17,0.0,0.0,162425.0,121631454.846,0.012415802416335133,748.24
US.META,Meta Platforms,2025-09-26 09:55:00,748.45,748.38,749.09,746.77,0.0,0.0,137106.0,102582819.327,0.006293990281597984,748.3329
US.META,Meta Platforms,2025-09-26 10:00:00,748.46,748.7775,749.31,748.38,0.0,0.0,121694.0,91135274.736,0.053114727812078946,748.38
US.META,Meta Platforms,2025-09-26 10:05:00,748.71,747.3,749.82,746.82,0.0,0.0,115124.0,86153886.602,-0.1973216342638604,748.7775
US.META,Meta Platforms,2025-09-26 10:10:00,747.13,745.665,747.48,744.1885,0.0,0.0,149314.0,111360126.293,-0.2187876354877547,747.3
US.META,Meta Platforms,2025-09-26 10:15:00,745.725,743.14,745.74,741.78,0.0,0.0,264745.0,196736290.497,-0.3386239128831281,745.665
US.META,Meta Platforms,2025-09-26 10:20:00,743.3629,744.42,744.729,742.5601,0.0,0.0,108313.0,80566440.309,0.1722421078127907,743.14
US.META,Meta Platforms,2025-09-26 10:25:00,744.42,740.89,744.59,740.8801,0.0,0.0,163458.0,121291745.168,-0.4741946750490278,744.42
US.META,Meta Platforms,2025-09-26 10:30:00,740.88,741.17,741.4216,739.76,0.0,0.0,215747.0,159731929.967,0.03779238483445217,740.89
US.META,Meta Platforms,2025-09-26 10:35:00,741.13,740.92,741.5,739.9,0.0,0.0,132057.0,97785361.824,-0.033730453202369226,741.17
US.META,Meta Platforms,2025-09-26 10:40:00,740.6201,742.67,742.9099,739.9,0.0,0.0,137420.0,101841734.947,0.2361928413323976,740.92
US.META,Meta Platforms,2025-09-26 10:45:00,742.58,743.68,743.97,742.48,0.0,0.0,79643.0,59190121.399,0.13599579894165523,742.67
US.META,Meta Platforms,2025-09-26 10:50:00,743.74,741.78,744.0,741.77,0.0,0.0,159889.0,118774408.932,-0.25548623063683,743.68
US.META,Meta Platforms,2025-09-26 10:55:00,741.54,742.57,743.0,741.48,0.0,0.0,52387.0,38894300.706,0.10650057968670998,741.78
US.META,Meta Platforms,2025-09-26 11:00:00,742.4,741.13,742.9,741.13,0.0,0.0,463156.0,343662062.75,-0.19392111181438174,742.57
US.META,Meta Platforms,2025-09-26 11:05:00,741.32,742.0375,742.6662,741.1,0.0,0.0,67019.0,49717997.94,0.12244815349534187,741.13
US.META,Meta Platforms,2025-09-26 11:10:00,741.72,741.415,742.23,741.08,0.0,0.0,245886.0,182417535.954,-0.0838906389501958,742.0375
US.META,Meta Platforms,2025-09-26 11:15:00,741.2,739.52,741.76,739.31,0.0,0.0,114399.0,84701313.716,-0.25559234706608064,741.415
US.META,Meta Platforms,2025-09-26 11:20:00,739.45,741.55,741.9038,739.11,0.0,0.0,87247.0,64580426.68,0.27450237992210796,739.52
US.META,Meta Platforms,2025-09-26 11:25:00,741.56,741.75,741.88,740.96,0.0,0.0,66555.0,49341712.245,0.02697053469085638,741.55
US.META,Meta Platforms,2025-09-26 11:30:00,741.98,742.175,742.335,741.61,0.0,0.0,66026.0,48990527.838,0.05729693292887827,741.75
US.META,Meta Platforms,2025-09-26 11:35:00,742.07,741.99,742.29,741.1,0.0,0.0,56643.0,42016606.241,-0.02492673560817131,742.175
US.META,Meta Platforms,2025-09-26 11:40:00,741.88,740.99,742.0,740.4634,0.0,0.0,62120.0,46053095.743,-0.134772705831615,741.99
US.META,Meta Platforms,2025-09-26 11:45:00,740.87,741.255,741.59,740.14,0.0,0.0,74178.0,54944816.761,0.03576296576201924,740.99
US.META,Meta Platforms,2025-09-26 11:50:00,741.255,741.22,741.7,740.74,0.0,0.0,63642.0,47168037.077,-0.004721721944535709,741.255
US.META,Meta Platforms,2025-09-26 11:55:00,741.16,740.075,741.3035,739.74,0.0,0.0,81271.0,60160426.306,-0.15447505463964567,741.22
US.META,Meta Platforms,2025-09-26 12:00:00,740.0,738.455,740.25,737.81,0.0,0.0,137605.0,101706585.631,-0.21889673343917906,740.075
US.META,Meta Platforms,2025-09-26 12:05:00,738.455,739.25,739.25,737.3532,0.0,0.0,133670.0,98689441.059,0.10765720321481458,738.455
US.META,Meta Platforms,2025-09-26 12:10:00,739.34,739.16,740.1599,738.77,0.0,0.0,89485.0,66181356.714,-0.012174501183636366,739.25
US.META,Meta Platforms,2025-09-26 12:15:00,739.12,738.62,739.5,738.22,0.0,0.0,76753.0,56702627.365,-0.07305590129335511,739.16
US.META,Meta Platforms,2025-09-26 12:20:00,738.81,740.6,740.74,738.65,0.0,0.0,79562.0,58877533.41,0.2680674771871894,738.62
US.META,Meta Platforms,2025-09-26 12:25:00,740.62,741.9824,742.1499,740.62,0.0,0.0,110011.0,81595341.301,0.18665946529840147,740.6
US.META,Meta Platforms,2025-09-26 12:30:00,742.09,741.625,742.1634,740.99,0.0,0.0,78530.0,58251341.726,-0.04816825843847296,741.9824
US.META,Meta Platforms,2025-09-26 12:35:00,741.65,742.0,742.3,741.51,0.0,0.0,53936.0,40016952.574,0.05056463846283499,741.625
US.META,Meta Platforms,2025-09-26 12:40:00,742.08,741.7375,742.5,741.57,0.0,0.0,57484.0,42656023.702,-0.035377358490572164,742.0
US.META,Meta Platforms,2025-09-26 12:45:00,741.59,741.4525,741.7,740.72,0.0,0.0,73364.0,54380817.235,-0.038423296651439114,741.7375
US.META,Meta Platforms,2025-09-26 12:50:00,741.31,740.77,741.31,740.0,0.0,0.0,187477.0,138918518.424,-0.09204905236680766,741.4525
US.META,Meta Platforms,2025-09-26 12:55:00,740.765,741.18,741.4999,740.45,0.0,0.0,56367.0,41763523.629,0.05534781376135213,740.77
US.META,Meta Platforms,2025-09-26 13:00:00,741.185,742.09,742.75,740.98,0.0,0.0,62058.0,46046065.749,0.12277719312448823,741.18
US.META,Meta Platforms,2025-09-26 13:05:00,742.334,742.72,742.9189,741.61,0.0,0.0,68128.0,50568562.933,0.0848953630961198,742.09
US.META,Meta Platforms,2025-09-26 13:10:00,742.8555,743.1701,743.59,742.63,0.0,0.0,82136.0,61042780.436,0.060601572598020834,742.72
US.META,Meta Platforms,2025-09-26 13:15:00,743.3499,744.57,744.8733,743.26,0.0,0.0,81523.0,60663400.873,0.18836871935509814,743.1701
US.META,Meta Platforms,2025-09-26 13:20:00,744.56,744.6,745.01,744.3272,0.0,0.0,68132.0,50740771.974,0.004029171199480601,744.57
US.META,Meta Platforms,2025-09-26 13:25:00,744.47,744.7,744.85,744.295,0.0,0.0,41376.0,30809869.502,0.013430029546068053,744.6
US.META,Meta Platforms,2025-09-26 13:30:00,744.93,745.06,745.76,744.8575,0.0,0.0,55788.0,41578891.696,0.04834161407276755,744.7
US.META,Meta Platforms,2025-09-26 13:35:00,745.02,744.8,745.1,744.25,0.0,0.0,57770.0,43013461.209,-0.03489651840120137,745.06
US.META,Meta Platforms,2025-09-26 13:40:00,744.63,744.03,744.75,743.925,0.0,0.0,72317.0,53827705.598,-0.10338345864661411,744.8
US.META,Meta Platforms,2025-09-26 13:45:00,744.045,744.07,744.69,743.965,0.0,0.0,36171.0,26919326.587,0.005376127306705013,744.03
US.META,Meta Platforms,2025-09-26 13:50:00,744.01,743.97,744.277,743.25,0.0,0.0,44477.0,33079941.134,-0.013439595736963286,744.07
US.META,Meta Platforms,2025-09-26 13:55:00,743.8401,743.425,744.19,743.35,0.0,0.0,36721.0,27309484.436,-0.0732556420285862,743.97
US.META,Meta Platforms,2025-09-26 14:00:00,743.5,743.6805,743.9575,743.185,0.0,0.0,33510.0,24917923.939,0.03436795910819482,743.425
US.META,Meta Platforms,2025-09-26 14:05:00,743.67,744.5928,744.7534,743.66,0.0,0.0,40881.0,30425282.673,0.12267364815938554,743.6805
US.META,Meta Platforms,2025-09-26 14:10:00,744.605,744.13,745.28,743.82,0.0,0.0,63082.0,46963893.081,-0.06215477775235211,744.5928
US.META,Meta Platforms,2025-09-26 14:15:00,744.1287,743.645,744.135,743.3789,0.0,0.0,43245.0,32163219.795,-0.0651767836265187,744.13
US.META,Meta Platforms,2025-09-26 14:20:00,743.655,742.59,743.95,742.33,0.0,0.0,72130.0,53598962.115,-0.14186876802774845,743.645
US.META,Meta Platforms,2025-09-26 14:25:00,742.56,743.31,743.31,742.29,0.0,0.0,38518.0,28613684.368,0.09695794449156514,742.59
US.META,Meta Platforms,2025-09-26 14:30:00,743.29,743.48,743.73,743.0875,0.0,0.0,35399.0,26312125.281,0.022870673070464916,743.31
US.META,Meta Platforms,2025-09-26 14:35:00,743.56,743.03,743.64,742.91,0.0,0.0,49573.0,36843338.976,-0.06052617420778574,743.48
US.META,Meta Platforms,2025-09-26 14:40:00,743.03,744.4435,744.52,743.03,0.0,0.0,36843.0,27406605.34,0.19023458003041588,743.03
US.META,Meta Platforms,2025-09-26 14:45:00,744.55,742.88,744.83,742.74,0.0,0.0,92261.0,68636590.236,-0.21002265450634958,744.4435
US.META,Meta Platforms,2025-09-26 14:50:00,743.3,742.5301,743.3,742.47,0.0,0.0,36608.0,27192506.025,-0.04710047383158085,742.88
