time_key,open,high,low,close,volume
2025-09-09 04:05:00,168.974940142,169.094780525,168.5654855,168.865086458,51659.0
2025-09-09 04:10:00,168.865086458,168.865086458,168.675339185,168.70529928,44605.0
2025-09-09 04:15:00,168.70529928,168.974940142,168.70529928,168.855099759,37420.0
2025-09-09 04:20:00,168.855099759,168.915019951,168.775206171,168.835126362,40281.0
2025-09-09 04:25:00,168.835126362,169.124740621,168.835126362,169.024873635,33229.0
2025-09-09 04:30:00,169.024873635,169.2745411,168.974940142,169.2745411,35657.0
2025-09-09 04:35:00,169.2745411,169.624075551,169.254567703,169.574142058,105869.0
2025-09-09 04:40:00,169.574142058,169.693982441,169.424341579,169.454301675,36900.0
2025-09-09 04:45:00,169.454301675,169.753902632,169.454301675,169.723942537,44097.0
2025-09-09 04:50:00,169.723942537,169.723942537,169.404368182,169.404368182,35017.0
2025-09-09 04:55:00,169.404368182,169.494248469,169.394381483,169.41435488,13759.0
2025-09-09 05:00:00,169.41435488,169.644048948,169.41435488,169.624075551,17905.0
2025-09-09 05:05:00,169.624075551,169.723942537,169.594115455,169.723942537,28164.0
2025-09-09 05:10:00,169.723942537,169.723942537,169.604102153,169.664022345,29082.0
2025-09-09 05:15:00,169.664022345,169.733929235,169.654035646,169.693982441,19160.0
2025-09-09 05:20:00,169.713955838,169.743915934,169.544181962,169.574142058,17757.0
2025-09-09 05:25:00,169.574142058,169.604102153,169.404368182,169.454301675,19489.0
2025-09-09 05:30:00,169.454301675,169.594115455,169.444314976,169.454301675,11428.0
2025-09-09 05:35:00,169.454301675,169.474275072,169.334461292,169.41435488,26812.0
2025-09-09 05:40:00,169.41435488,169.584128756,169.41435488,169.454301675,27356.0
2025-09-09 05:45:00,169.454301675,169.474275072,169.384394784,169.41435488,8649.0
2025-09-09 05:50:00,169.41435488,169.534195263,169.41435488,169.514221866,6512.0
2025-09-09 05:55:00,169.514221866,169.514221866,169.304501196,169.34444799,9502.0
2025-09-09 06:00:00,169.34444799,169.424341579,169.284527799,169.284527799,10537.0
2025-09-09 06:05:00,169.284527799,169.324474593,169.214620908,169.214620908,26062.0
2025-09-09 06:10:00,169.214620908,169.474275072,169.194647511,169.41435488,14883.0
2025-09-09 06:15:00,169.41435488,169.554168661,169.374408086,169.524208565,22144.0
2025-09-09 06:20:00,169.524208565,169.534195263,169.48426177,169.48426177,3810.0
2025-09-09 06:25:00,169.48426177,169.524208565,169.374408086,169.41435488,8962.0
2025-09-09 06:30:00,169.41435488,169.474275072,169.324474593,169.324474593,5119.0
2025-09-09 06:35:00,169.324474593,169.374408086,169.224607607,169.374408086,10174.0
2025-09-09 06:40:00,169.334461292,169.374408086,169.324474593,169.34444799,7211.0
2025-09-09 06:45:00,169.34444799,169.584128756,169.34444799,169.584128756,19408.0
2025-09-09 06:50:00,169.584128756,169.584128756,169.404368182,169.404368182,31345.0
2025-09-09 06:55:00,169.404368182,169.424341579,169.2745411,169.2745411,27503.0
2025-09-09 07:00:00,169.2745411,169.364421387,169.234594306,169.294514497,23577.0
2025-09-09 07:05:00,169.294514497,169.324474593,168.925006649,168.934993348,72596.0
2025-09-09 07:10:00,168.934993348,168.974940142,168.675339185,168.775206171,74114.0
2025-09-09 07:15:00,168.775206171,168.875073156,168.585458897,168.63539239,44867.0
2025-09-09 07:20:00,168.63539239,168.655365787,168.395711624,168.485591911,57972.0
2025-09-09 07:25:00,168.485591911,168.525538706,168.265884542,168.525538706,55523.0
2025-09-09 07:30:00,168.525538706,168.585458897,168.436657088,168.465618514,22194.0
2025-09-09 07:35:00,168.465618514,168.615418993,168.435658418,168.575472199,25243.0
2025-09-09 07:40:00,168.575472199,168.70529928,168.555498802,168.685325883,29367.0
2025-09-09 07:45:00,168.685325883,168.735259376,168.615418993,168.685325883,16066.0
2025-09-09 07:50:00,168.685325883,168.815152965,168.685325883,168.815152965,23611.0
2025-09-09 07:55:00,168.815152965,168.835126362,168.755232773,168.755232773,15646.0
2025-09-09 08:00:00,168.755232773,168.815152965,168.725272678,168.805166266,9397.0
2025-09-09 08:05:00,168.805166266,168.815152965,168.395711624,168.575472199,837302.0
2025-09-09 08:10:00,168.575472199,168.725272678,168.5654855,168.695312582,38488.0
2025-09-09 08:15:00,168.695312582,168.815152965,168.685325883,168.815152965,38083.0
2025-09-09 08:20:00,168.805166266,168.915019951,168.795179568,168.805166266,47206.0
2025-09-09 08:25:00,168.805166266,168.864986591,168.695312582,168.715285979,39378.0
2025-09-09 08:30:00,168.715285979,168.865086458,168.685325883,168.865086458,53240.0
2025-09-09 08:35:00,168.865086458,168.885059855,168.575472199,168.775206171,99874.0
2025-09-09 08:40:00,168.775206171,168.964853577,168.725272678,168.935193082,86797.0
2025-09-09 08:45:00,168.935193082,168.944980047,168.835126362,168.847210267,49920.0
2025-09-09 08:50:00,168.847210267,168.905033252,168.795279435,168.815152965,53403.0
2025-09-09 08:55:00,168.815152965,168.915019951,168.755232773,168.895046554,58036.0
2025-09-09 09:00:00,168.895046554,168.895046554,168.82523953,168.82523953,28048.0
2025-09-09 09:05:00,168.82523953,168.835126362,168.195977652,168.265884542,178175.0
2025-09-09 09:10:00,168.265884542,168.70529928,168.106097365,168.695212715,198118.0
2025-09-09 09:15:00,168.695212715,168.725272678,168.575472199,168.688321893,57707.0
2025-09-09 09:20:00,168.688321893,168.735259376,168.555099334,168.725272678,73018.0
2025-09-09 09:25:00,168.725272678,168.775206171,168.525538706,168.645379089,80216.0
2025-09-09 09:30:00,168.645379089,169.264554401,168.625405692,168.675339185,165324.0
2025-09-09 09:35:00,168.865086458,169.194647511,168.106197232,168.655565521,5566589.0
2025-09-09 09:40:00,168.655365787,169.41435488,168.35576483,169.06482043,3680374.0
2025-09-09 09:45:00,169.055233199,169.214620908,168.655365787,168.755232773,2268477.0
2025-09-09 09:50:00,168.755232773,169.099773875,168.131064111,168.319563047,2915234.0
2025-09-09 09:55:00,168.345778131,168.345778131,167.71661612,167.873207554,3016913.0
2025-09-09 10:00:00,167.86571753,168.465618514,167.826469804,168.156030858,2297693.0
2025-09-09 10:05:00,168.156030858,168.375738227,167.267114816,167.486922052,3821052.0
2025-09-09 10:10:00,167.486922052,168.375738227,167.456961957,168.35576483,2584241.0
2025-09-09 10:15:00,168.35576483,168.515552007,168.056163872,168.105997498,2173181.0
2025-09-09 10:20:00,168.076137269,168.225937748,167.890584409,167.966283585,1658365.0
2025-09-09 10:25:00,167.976270283,168.215951049,167.866416599,167.876403297,1413385.0
2025-09-09 10:30:00,167.866516466,168.016217078,167.696642723,167.8564299,1553457.0
2025-09-09 10:35:00,167.846443202,167.916350092,167.287188081,167.327134875,1995455.0
2025-09-09 10:40:00,167.320543654,167.367081669,166.707959562,166.887820004,3724201.0
2025-09-09 10:45:00,166.872740089,167.175137322,166.817813247,166.977800158,2171087.0
2025-09-09 10:50:00,166.977600424,167.247241286,166.747906357,166.875935833,2196803.0
2025-09-09 10:55:00,166.877733438,167.377068368,166.518312156,167.282194731,2491181.0
2025-09-09 11:00:00,167.287088214,167.417015162,167.137387602,167.182327745,1842336.0
2025-09-09 11:05:00,167.182327745,167.566815641,167.000170363,167.087454109,2230451.0
2025-09-09 11:10:00,167.092447458,167.397041765,167.037520616,167.36208832,1313777.0
2025-09-09 11:15:00,167.357094971,167.387055066,167.192314444,167.277201382,1149097.0
2025-09-09 11:20:00,167.287188081,167.546842244,167.272208033,167.431196274,1313543.0
2025-09-09 11:25:00,167.436988559,167.606762435,167.357094971,167.50689545,1115869.0
2025-09-09 11:30:00,167.516882148,167.586789038,167.402035114,167.531862196,1775374.0
2025-09-09 11:35:00,167.531862196,167.616749134,167.327134875,167.367081669,1025397.0
2025-09-09 11:40:00,167.367081669,167.402035114,167.22227454,167.347108272,1149702.0
2025-09-09 11:45:00,167.342114923,167.456961957,167.237254588,167.45686209,820618.0
2025-09-09 11:50:00,167.447075125,167.666682627,167.436988559,167.546842244,1223090.0
2025-09-09 11:55:00,167.546842244,168.026203776,167.546842244,168.00123703,1318841.0
2025-09-09 12:00:00,167.99624368,168.136057461,167.836456503,167.866416599,1380225.0
2025-09-09 12:05:00,167.866416599,168.166017557,167.816582973,168.121077413,1023926.0
2025-09-09 12:10:00,168.116084064,168.375738227,168.106097365,168.338288107,1247730.0
2025-09-09 12:15:00,168.335791433,168.575472199,168.310824686,168.440651768,1433023.0
2025-09-09 12:20:00,168.436657088,168.70529928,168.435658418,168.570179248,1649802.0
2025-09-09 12:25:00,168.570478849,168.575472199,168.185990954,168.420678371,1379821.0
2025-09-09 12:30:00,168.410691672,168.49557861,168.28585794,168.480598562,940602.0
2025-09-09 12:35:00,168.485591911,168.495279009,168.220944399,168.467915455,943658.0
2025-09-09 12:40:00,168.470611864,168.575472199,168.429167064,168.505565309,630557.0
2025-09-09 12:45:00,168.49557861,168.505565309,168.295844638,168.320811385,577108.0
2025-09-09 12:50:00,168.315818035,168.360758179,168.196077519,168.215451715,746835.0
2025-09-09 12:55:00,168.205964351,168.241317264,168.036190475,168.088420908,811987.0
2025-09-09 13:00:00,168.096110666,168.205964351,168.021210427,168.026203776,729382.0
2025-09-09 13:05:00,168.036190475,168.235924447,168.027102579,168.064452832,737787.0
2025-09-09 13:10:00,168.056163872,168.136057461,167.99624368,168.04298143,1278146.0
2025-09-09 13:15:00,168.046077306,168.146044159,167.841449852,167.851436551,950400.0
2025-09-09 13:20:00,167.8564299,167.906363393,167.826469804,167.86142325,828384.0
2025-09-09 13:25:00,167.866416599,168.016217078,167.711622771,167.951303537,2117833.0
2025-09-09 13:30:00,167.946310188,168.016217078,167.826469804,167.86142325,764996.0
2025-09-09 13:35:00,167.866416599,167.881396647,167.748573555,167.781529661,692239.0
2025-09-09 13:40:00,167.776536312,167.845444532,167.621742483,167.772242031,1055692.0
2025-09-09 13:45:00,167.771542962,167.801503058,167.636722531,167.676669326,771227.0
2025-09-09 13:50:00,167.671675976,168.106097365,167.641715881,168.021210427,1408985.0
2025-09-09 13:55:00,168.021210427,168.096110666,167.918247564,168.041183824,888466.0
2025-09-09 14:00:00,168.046177173,168.066150571,167.836456503,167.86142325,766329.0
2025-09-09 14:05:00,167.86142325,167.956296886,167.736589517,167.928134396,910199.0
2025-09-09 14:10:00,167.932129076,167.97407321,167.831463154,167.896476562,735822.0
2025-09-09 14:15:00,167.900970576,168.215951049,167.806496407,168.2109577,1749712.0
2025-09-09 14:20:00,168.2109577,168.370744878,168.136057461,168.230931097,1167445.0
2025-09-09 14:25:00,168.232429102,168.246011012,168.046177173,168.133460919,746136.0
2025-09-09 14:30:00,168.136057461,168.176004255,167.99624368,168.021210427,3746600.0
2025-09-09 14:35:00,168.036090608,168.076137269,167.906363393,167.971276934,732741.0
2025-09-09 14:40:00,167.971276934,168.056163872,167.956296886,168.006230379,1180270.0
2025-09-09 14:45:00,168.006230379,168.230931097,167.986256982,168.111090714,858838.0
2025-09-09 14:50:00,168.10859404,168.415685021,168.10859404,168.375738227,1302804.0
2025-09-09 14:55:00,168.375738227,168.668348496,168.305831337,168.650372438,1118663.0
2025-09-09 15:00:00,168.649573502,168.825139663,168.605432294,168.810159616,1381666.0
2025-09-09 15:05:00,168.815152965,169.194647511,168.785292736,169.179667463,1767201.0
2025-09-09 15:10:00,169.178868528,169.184660813,168.974940142,169.034860334,1462814.0
2025-09-09 15:15:00,169.029866985,169.154700717,168.934993348,169.102270549,1271637.0
2025-09-09 15:20:00,169.104767224,169.521612023,169.084793827,169.499241818,2078060.0
2025-09-09 15:25:00,169.499241818,169.903703111,169.444314976,169.724042404,3095912.0
2025-09-09 15:30:00,169.733929235,170.143383877,169.674009044,170.013556796,2400803.0
2025-09-09 15:35:00,170.013556796,170.183330672,169.883729714,170.12341048,2480439.0
2025-09-09 15:40:00,170.113423782,170.243250863,169.674009044,169.748909283,2380517.0
2025-09-09 15:45:00,169.748909283,169.823809522,169.614088852,169.823809522,1773605.0
2025-09-09 15:50:00,169.818816173,169.873743015,169.624075551,169.748909283,1462119.0
2025-09-09 15:55:00,169.743915934,170.447978184,169.743915934,170.233264165,3497125.0
2025-09-09 16:00:00,170.233264165,170.752572491,170.19331737,170.532865122,15316231.0
2025-09-09 16:05:00,170.532865122,170.772545889,170.472944931,170.602772012,1863085.0
2025-09-09 16:10:00,170.602772012,171.231934024,170.393051342,171.002339823,410713.0
2025-09-09 16:15:00,171.002339823,172.949646181,171.002339823,172.769885607,1130082.0
2025-09-09 16:20:00,172.769885607,173.768555466,172.759898908,173.16935355,796602.0
2025-09-09 16:25:00,173.16935355,173.468954508,172.869752592,173.288994199,554900.0
2025-09-09 16:30:00,173.288994199,174.317823888,173.049513167,174.287863792,715778.0
2025-09-09 16:35:00,174.297850491,174.347783984,173.578808192,174.048183026,577384.0
2025-09-09 16:40:00,174.048183026,174.537531257,173.968289437,174.098116519,616153.0
2025-09-09 16:45:00,174.098116519,174.138063313,173.968289437,173.988262834,295494.0
2025-09-09 16:50:00,173.988262834,173.998249533,173.568821494,173.628741685,390354.0
2025-09-09 16:55:00,173.628741685,173.628741685,172.719952114,173.30916733,391907.0
2025-09-09 17:00:00,173.319154029,173.339127426,173.019553071,173.219287043,261038.0
2025-09-09 17:05:00,173.219287043,173.73859537,173.189326947,173.508901302,167799.0
2025-09-09 17:10:00,173.508901302,173.758568767,173.269220536,173.349114125,152870.0
2025-09-09 17:15:00,173.339127426,173.339127426,173.009566373,173.219287043,111976.0
2025-09-09 17:20:00,173.219287043,173.429007713,173.219287043,173.339127426,91163.0
2025-09-09 17:25:00,173.339127426,173.758568767,173.30916733,173.758568767,176543.0
2025-09-09 17:30:00,173.758568767,173.848449054,173.66868848,173.778542164,268854.0
2025-09-09 17:35:00,173.778542164,173.918355944,173.768555466,173.768655332,802157.0
2025-09-09 17:40:00,173.768655332,173.818488958,173.768555466,173.818488958,130506.0
2025-09-09 17:45:00,173.818488958,174.257903696,173.798515561,174.08812982,171102.0
2025-09-09 17:50:00,174.08812982,174.148050012,173.798515561,173.798615428,105829.0
2025-09-09 17:55:00,173.798615428,173.858435753,173.61865512,173.738495503,182692.0
2025-09-09 18:00:00,173.738495503,173.768555466,173.568821494,173.768555466,80187.0
2025-09-09 18:05:00,173.748582068,173.798415694,173.568821494,173.688661877,77053.0
2025-09-09 18:10:00,173.688661877,173.73859537,173.658701781,173.66868848,45678.0
2025-09-09 18:15:00,173.66868848,173.748582068,173.66868848,173.748582068,35080.0
2025-09-09 18:20:00,173.748582068,173.748582068,173.598781589,173.648715082,38087.0
2025-09-09 18:25:00,173.648715082,173.648715082,173.30916733,173.30916733,80058.0
2025-09-09 18:30:00,173.30916733,173.438994412,173.269220536,173.339127426,75058.0
2025-09-09 18:35:00,173.339127426,173.578808192,173.319154029,173.438894545,110848.0
2025-09-09 18:40:00,173.438894545,173.508901302,173.369087522,173.389060919,32318.0
2025-09-09 18:45:00,173.389060919,173.438994412,173.369087522,173.389060919,34875.0
2025-09-09 18:50:00,173.389060919,173.419021015,173.389060919,173.419021015,40866.0
2025-09-09 18:55:00,173.419021015,173.448981111,173.299180632,173.349114125,64160.0
2025-09-09 19:00:00,173.349114125,173.488927905,173.319154029,173.468954508,47603.0
2025-09-09 19:05:00,173.508901302,173.508901302,173.349114125,173.349114125,41929.0
2025-09-09 19:10:00,173.349114125,173.369087522,173.209300344,173.209300344,50874.0
2025-09-09 19:15:00,173.209300344,173.329140728,173.119420057,173.299180632,53463.0
2025-09-09 19:20:00,173.299180632,173.349114125,173.199313646,173.299180632,42039.0
2025-09-09 19:25:00,173.279207235,173.319154029,173.209400211,173.269220536,29356.0
2025-09-09 19:30:00,173.279207235,173.289193933,173.219287043,173.219287043,39152.0
2025-09-09 19:35:00,173.219287043,173.269220536,173.109433359,173.109433359,49609.0
2025-09-09 19:40:00,173.089459961,173.119420057,173.00966624,173.055804787,60387.0
2025-09-09 19:45:00,173.055804787,173.219287043,173.055804787,173.154073901,38762.0
2025-09-09 19:50:00,173.154073901,173.369087522,173.154073901,173.349114125,70454.0
2025-09-09 19:55:00,173.349114125,173.478941206,173.349114125,173.459866612,66122.0
2025-09-09 20:00:00,173.459866612,173.988262834,173.458967809,173.988262834,161138.0
2025-09-10 04:05:00,172.989592975,173.768555466,172.919686085,173.448981111,161622.0
2025-09-10 04:10:00,173.448981111,173.568821494,173.289193933,173.548848097,71503.0
2025-09-10 04:15:00,173.548848097,173.788528863,173.538861398,173.748582068,84811.0
2025-09-10 04:20:00,173.748582068,173.87840915,173.718621973,173.80850226,59858.0
2025-09-10 04:25:00,173.80850226,173.968289437,173.618754987,173.888395849,69503.0
2025-09-10 04:30:00,173.888395849,173.928342643,173.698648575,173.698648575,37740.0
2025-09-10 04:35:00,173.698648575,173.73859537,173.498914604,173.588794891,44971.0
2025-09-10 04:40:00,173.588794891,173.66868848,173.518888001,173.66868848,27748.0
2025-09-10 04:45:00,173.66868848,173.718621973,173.628741685,173.698648575,22647.0
2025-09-10 04:50:00,173.698648575,173.798515561,173.66868848,173.798515561,30684.0
2025-09-10 04:55:00,173.798515561,173.818488958,173.73859537,173.788528863,29218.0
2025-09-10 05:00:00,173.788528863,173.848449054,173.73859537,173.818488958,26004.0
2025-09-10 05:05:00,173.818488958,173.968289437,173.73859537,173.868422451,81900.0
2025-09-10 05:10:00,173.868422451,173.968289437,173.868422451,173.908369246,48125.0
2025-09-10 05:15:00,173.908369246,174.168023409,173.888395849,174.118089916,64202.0
2025-09-10 05:20:00,174.118089916,174.118089916,173.768555466,173.788528863,26140.0
2025-09-10 05:25:00,173.788528863,173.918355944,173.728608671,173.918355944,17659.0
2025-09-10 05:30:00,173.918355944,173.928342643,173.828475657,173.87840915,26209.0
2025-09-10 05:35:00,173.87840915,173.908369246,173.768555466,173.778542164,22134.0
2025-09-10 05:40:00,173.778542164,173.828475657,173.758568767,173.828475657,21024.0
2025-09-10 05:45:00,173.828475657,173.828475657,173.798515561,173.798515561,14558.0
2025-09-10 05:50:00,173.828475657,173.828475657,173.708635274,173.768555466,19111.0
2025-09-10 05:55:00,173.768555466,173.788528863,173.66868848,173.788528863,22532.0
2025-09-10 06:00:00,173.788528863,173.798515561,173.688661877,173.688661877,11941.0
2025-09-10 06:05:00,173.688661877,173.768555466,173.588794891,173.768555466,23184.0
2025-09-10 06:10:00,173.768555466,173.868422451,173.73859537,173.868422451,23862.0
2025-09-10 06:15:00,173.868422451,174.148050012,173.858435753,174.048183026,39349.0
2025-09-10 06:20:00,174.048183026,174.068156423,173.998249533,174.068156423,26229.0
2025-09-10 06:25:00,174.068156423,174.187996806,174.008236232,174.148050012,53444.0
2025-09-10 06:30:00,174.148050012,174.317823888,174.138063313,174.207970203,63406.0
2025-09-10 06:35:00,174.207970203,174.277877094,174.148050012,174.277877094,49621.0
2025-09-10 06:40:00,174.277877094,174.297850491,174.217956902,174.247916998,33028.0
2025-09-10 06:45:00,174.247916998,174.357770682,174.187996806,174.337797285,35924.0
2025-09-10 06:50:00,174.337797285,174.367757381,174.257903696,174.297850491,37738.0
2025-09-10 06:55:00,174.297850491,174.527544558,174.277877094,174.527544558,75898.0
2025-09-10 07:00:00,174.527544558,174.577478051,174.357770682,174.377744079,58227.0
2025-09-10 07:05:00,174.367757381,174.487597764,174.197983505,174.347783984,128644.0
2025-09-10 07:10:00,174.347783984,174.347783984,174.118089916,174.197983505,76444.0
2025-09-10 07:15:00,174.197983505,174.607438147,174.128076615,174.537531257,86181.0
2025-09-10 07:20:00,174.537531257,174.757238626,174.437664271,174.747251927,114610.0
2025-09-10 07:25:00,174.747251927,175.056839584,174.707305133,174.986932693,239788.0
2025-09-10 07:30:00,174.986932693,175.096786378,174.887065708,175.046852885,88207.0
2025-09-10 07:35:00,175.046852885,175.116759775,174.966959296,175.116759775,98782.0
2025-09-10 07:40:00,175.116759775,175.346453843,175.036866186,175.326480446,173920.0
2025-09-10 07:45:00,175.326480446,175.386400637,175.266560254,175.376413938,89666.0
2025-09-10 07:50:00,175.376413938,175.416360733,175.256573555,175.29652035,117616.0
2025-09-10 07:55:00,175.286533651,175.396387336,175.266560254,175.286533651,83383.0
2025-09-10 08:00:00,175.306507048,175.336467144,175.216626761,175.276546953,52014.0
2025-09-10 08:05:00,175.276546953,175.636068102,175.266560254,175.616094705,1605918.0
2025-09-10 08:10:00,175.616094705,175.676014896,175.306507048,175.346453843,184961.0
2025-09-10 08:15:00,175.346453843,175.396387336,175.266560254,175.266560254,162438.0
2025-09-10 08:20:00,175.266560254,175.516227719,175.256573555,175.43633413,174876.0
2025-09-10 08:25:00,175.43633413,175.606108006,175.346453843,175.376413938,191090.0
2025-09-10 08:30:00,175.376413938,175.615994838,175.326480446,175.589629953,138664.0
2025-09-10 08:35:00,175.589629953,176.265230113,175.566161212,175.815828676,541983.0
2025-09-10 08:40:00,175.815828676,175.865762169,175.666028198,175.805841978,387769.0
2025-09-10 08:45:00,175.805841978,176.00557595,175.795855279,176.005476083,281540.0
2025-09-10 08:50:00,175.985602552,176.165363127,175.885735567,176.065496141,292618.0
2025-09-10 08:55:00,176.065496141,176.245256716,176.035536045,176.125815801,394605.0
2025-09-10 09:00:00,176.125815801,176.385070496,176.125416333,176.325150305,334120.0
2025-09-10 09:05:00,176.325150305,176.3551104,175.895722265,175.945655758,386388.0
2025-09-10 09:10:00,175.945655758,175.965629155,175.806740781,175.945755625,224004.0
2025-09-10 09:15:00,175.945755625,176.225283319,175.885735567,176.195323223,280194.0
2025-09-10 09:20:00,176.177147431,176.225283319,176.025549347,176.07548284,255026.0
2025-09-10 09:25:00,176.07548284,176.175349826,175.915695662,176.165363127,201496.0
2025-09-10 09:30:00,176.165363127,176.514897578,175.765895184,176.494924181,481166.0
2025-09-10 09:35:00,176.405043893,177.263899972,175.236600158,177.13407289,18243043.0
2025-09-10 09:40:00,177.141762648,177.63340782,176.325150305,177.603447724,8864343.0
2025-09-10 09:45:00,177.603447724,178.711971268,177.253913273,178.327483372,10123285.0
2025-09-10 09:50:00,178.34246342,178.637071028,177.174119552,177.518560786,6445832.0
2025-09-10 09:55:00,177.513567437,177.788201648,176.824485234,177.20897313,4582694.0
2025-09-10 10:00:00,177.20397978,177.473620642,176.894392124,176.944425484,3283179.0
2025-09-10 10:05:00,176.944325617,177.623421121,176.874418727,177.124086192,3940063.0
2025-09-10 10:10:00,177.13407289,177.962968873,176.889398775,177.109106144,4572687.0
2025-09-10 10:15:00,177.094126096,177.193993082,176.577414311,176.659704707,3644364.0
2025-09-10 10:20:00,176.659704707,177.034205904,176.584804468,176.734604947,2836242.0
2025-09-10 10:25:00,176.739598296,177.523554135,176.667793933,177.4186938,3163967.0
2025-09-10 10:30:00,177.4186938,177.623421121,177.213966479,177.413700451,3186704.0
2025-09-10 10:35:00,177.413700451,178.092795955,177.363766958,177.748254854,3732177.0
2025-09-10 10:40:00,177.745658312,178.082809256,177.708308059,178.077815907,3019219.0
2025-09-10 10:45:00,178.082809256,178.452317104,177.803181696,178.437337056,3509274.0
2025-09-10 10:50:00,178.437337056,178.951652034,178.402383611,178.517230645,5335683.0
2025-09-10 10:55:00,178.522223994,178.652150943,178.082809256,178.397390262,3669952.0
2025-09-10 11:00:00,178.392396913,178.771891459,178.282543228,178.647057727,2956209.0
2025-09-10 11:05:00,178.652051076,178.901718541,178.383309017,178.537204042,2854707.0
2025-09-10 11:10:00,178.537204042,178.901718541,178.422357008,178.821824952,2277092.0
2025-09-10 11:15:00,178.826818301,179.05151902,178.711971268,178.751918062,2413754.0
2025-09-10 11:20:00,178.756911411,178.981612129,178.322490023,178.377416865,2379679.0
2025-09-10 11:25:00,178.382410214,178.4822772,177.972955572,178.052849161,2446440.0
2025-09-10 11:30:00,178.042862462,178.452317104,177.883075285,178.376617929,2093721.0
2025-09-10 11:35:00,178.382410214,178.492263899,178.062835859,178.112769352,1517741.0
2025-09-10 11:40:00,178.109373875,178.19765629,177.895059323,178.117762701,1658326.0
2025-09-10 11:45:00,178.117762701,178.142729448,177.463633944,177.543527533,2215369.0
2025-09-10 11:50:00,177.533540834,177.878481403,177.483607341,177.628414471,1828669.0
2025-09-10 11:55:00,177.623421121,177.957975524,177.523554135,177.818161744,1541487.0
2025-09-10 12:00:00,177.813268261,177.893061983,177.613434423,177.613634157,1036841.0
2025-09-10 12:05:00,177.615931097,177.615931097,177.283873369,177.448653896,1622921.0
2025-09-10 12:10:00,177.448653896,177.483607341,177.273886671,177.403713752,3224873.0
2025-09-10 12:15:00,177.411802978,177.803181696,177.411802978,177.573487628,1507696.0
2025-09-10 12:20:00,177.568494279,177.723288107,177.27888002,177.28816765,2268285.0
2025-09-10 12:25:00,177.288067783,177.623421121,177.243926575,177.613334556,1213513.0
2025-09-10 12:30:00,177.613434423,177.793194997,177.503580738,177.753248203,1310393.0
2025-09-10 12:35:00,177.743261504,177.838934077,177.583474327,177.63340782,968900.0
2025-09-10 12:40:00,177.63340782,177.723288107,177.193993082,177.268893321,1310538.0
2025-09-10 12:45:00,177.273886671,177.448653896,177.13407289,177.13906624,1419080.0
2025-09-10 12:50:00,177.144059589,177.403713752,177.144059589,177.258207554,1196468.0
2025-09-10 12:55:00,177.258906623,177.503580738,177.244026442,177.453547378,975967.0
2025-09-10 13:00:00,177.448653896,177.623421121,177.413700451,177.438667197,1023541.0
2025-09-10 13:05:00,177.433673848,177.56350093,177.174019685,177.224951847,1301338.0
2025-09-10 13:10:00,177.228946527,177.581576854,177.20397978,177.568494279,1202084.0
2025-09-10 13:15:00,177.568494279,177.823155093,177.503580738,177.678347963,1620589.0
2025-09-10 13:20:00,177.683341313,177.91802873,177.613434423,177.807475976,1213959.0
2025-09-10 13:25:00,177.813168394,177.898055332,177.603447724,177.728680924,1234879.0
2025-09-10 13:30:00,177.728281456,177.793194997,177.583474327,177.768328118,989254.0
2025-09-10 13:35:00,177.768228251,177.933008778,177.683341313,177.925219153,1174166.0
2025-09-10 13:40:00,177.928115295,178.082809256,177.648387868,177.648387868,1406122.0
2025-09-10 13:45:00,177.655877892,177.833141792,177.593461025,177.775718275,941876.0
2025-09-10 13:50:00,177.753248203,177.753248203,177.503680605,177.578480978,957637.0
2025-09-10 13:55:00,177.583474327,177.658374566,177.333906729,177.388733704,1040789.0
2025-09-10 14:00:00,177.388733704,177.533540834,177.238933226,177.443660547,1055383.0
2025-09-10 14:05:00,177.443660547,177.458640595,177.253913273,177.318826814,794660.0
2025-09-10 14:10:00,177.313833465,177.463633944,177.233939876,177.253913273,3122788.0
2025-09-10 14:15:00,177.258906623,177.293860068,177.014232507,177.119092842,1224996.0
2025-09-10 14:20:00,177.119092842,177.119092842,176.534870975,176.614864431,2157195.0
2025-09-10 14:25:00,176.624751262,176.764565043,176.295190209,176.479944133,2026162.0
2025-09-10 14:30:00,176.479944133,176.519890927,175.915695662,176.040529395,2617644.0
2025-09-10 14:35:00,176.035536045,176.405043893,175.925682361,176.353712263,1891739.0
2025-09-10 14:40:00,176.345123702,176.365097099,176.045522744,176.255143547,1363351.0
2025-09-10 14:45:00,176.24645512,176.474950783,176.115429634,176.283505771,1458530.0
2025-09-10 14:50:00,176.280210161,176.420023941,176.085469538,176.180343175,1072514.0
2025-09-10 14:55:00,176.180343175,176.295090342,175.975515987,176.290196859,1140734.0
2025-09-10 15:00:00,176.287600318,176.474950783,176.265230113,176.400050544,1220622.0
2025-09-10 15:05:00,176.400050544,176.530676562,176.095456237,176.200416439,1173345.0
2025-09-10 15:10:00,176.200316572,176.365097099,176.045522744,176.145289863,1218041.0
2025-09-10 15:15:00,176.140396381,176.245256716,175.795855279,175.825815375,1550058.0
2025-09-10 15:20:00,175.825815375,176.185336524,175.725948389,176.083472199,2208563.0
2025-09-10 15:25:00,176.07548284,176.115429634,175.795855279,176.115329767,2581863.0
2025-09-10 15:30:00,176.105542803,176.529877626,176.090462888,176.489930831,1658708.0
2025-09-10 15:35:00,176.494924181,176.894392124,176.474950783,176.7096382,2304693.0
2025-09-10 15:40:00,176.71463155,176.78453844,176.519890927,176.544857674,1601255.0
2025-09-10 15:45:00,176.549851023,176.909372172,176.444990688,176.894392124,1924228.0
2025-09-10 15:50:00,176.894392124,177.144059589,176.834471933,177.123986325,2248006.0
2025-09-10 15:55:00,177.124086192,177.308939983,176.938832933,177.004245809,4129369.0
2025-09-10 16:00:00,177.014232507,177.743261504,176.884405426,177.094126096,18969730.0
2025-09-10 16:05:00,177.044192603,177.223953178,177.024219206,177.034205904,1525186.0
2025-09-10 16:10:00,177.044192603,177.094126096,176.824485234,177.084139397,138565.0
2025-09-10 16:15:00,177.084139397,177.094126096,177.014232507,177.034205904,74500.0
2025-09-10 16:20:00,177.034205904,177.094126096,177.014232507,177.094126096,67877.0
2025-09-10 16:25:00,177.094126096,177.124086192,177.035304441,177.064166,169076.0
2025-09-10 16:30:00,177.064166,177.104112795,177.054179302,177.064166,52365.0
2025-09-10 16:35:00,177.064166,177.164032986,177.034205904,177.044192603,36732.0
2025-09-10 16:40:00,177.044192603,177.064166,177.004245809,177.044192603,58222.0
2025-09-10 16:45:00,177.044192603,177.064166,176.844458631,176.844458631,77466.0
2025-09-10 16:50:00,176.844458631,176.864432028,176.664698057,176.744591645,569216.0
2025-09-10 16:55:00,176.744591645,176.764365309,176.604777865,176.634737961,30437.0
2025-09-10 17:00:00,176.634737961,176.664698057,176.614764564,176.634737961,27395.0
2025-09-10 17:05:00,176.634737961,176.824485234,176.634737961,176.794525138,35759.0
2025-09-10 17:10:00,176.794525138,176.794525138,176.654711358,176.71463155,41470.0
2025-09-10 17:15:00,176.724618248,176.724618248,176.674684755,176.723619578,10451.0
2025-09-10 17:20:00,176.723619578,176.723619578,176.654711358,176.704644851,518956.0
2025-09-10 17:25:00,176.704644851,176.71463155,176.664698057,176.704644851,13628.0
2025-09-10 17:30:00,176.704644851,176.704644851,176.636735301,176.66459819,17299.0
2025-09-10 17:35:00,176.66459819,176.674684755,176.315163606,176.345123702,74176.0
2025-09-10 17:40:00,176.345123702,176.474950783,176.315163606,176.395057195,32736.0
2025-09-10 17:45:00,176.395057195,176.405043893,176.305276774,176.385070496,20761.0
2025-09-10 17:50:00,176.385070496,176.614764564,176.365097099,176.594791166,20034.0
2025-09-10 17:55:00,176.584804468,176.664698057,176.564831071,176.664698057,136112.0
2025-09-10 18:00:00,176.664698057,176.664698057,176.494924181,176.554844372,14132.0
2025-09-10 18:05:00,176.554844372,176.644724659,176.554844372,176.594791166,17056.0
2025-09-10 18:10:00,176.594791166,176.674684755,176.594791166,176.674684755,14923.0
2025-09-10 18:15:00,176.647920403,176.764565043,176.624751262,176.664698057,25924.0
2025-09-10 18:20:00,176.664698057,176.664698057,176.624651395,176.654711358,7426.0
2025-09-10 18:25:00,176.654711358,176.664698057,176.594791166,176.594791166,11864.0
2025-09-10 18:30:00,176.594791166,176.684671454,176.594791166,176.674684755,12173.0
2025-09-10 18:35:00,176.674684755,176.744591645,176.622154721,176.710137535,19433.0
2025-09-10 18:40:00,176.710137535,176.71463155,176.664698057,176.71463155,5905.0
2025-09-10 18:45:00,176.71463155,176.764565043,176.684671454,176.743792709,15223.0
2025-09-10 18:50:00,176.743792709,176.894392124,176.724618248,176.894392124,23307.0
2025-09-10 18:55:00,176.894392124,177.004245809,176.874418727,176.923753018,32663.0
2025-09-10 19:00:00,176.923753018,177.037701249,176.923753018,176.964199147,22727.0
2025-09-10 19:05:00,176.964199147,176.964199147,176.874418727,176.884405426,12582.0
2025-09-10 19:10:00,176.884405426,176.934338919,176.884405426,176.894392124,10143.0
2025-09-10 19:15:00,176.934338919,176.934338919,176.764565043,176.764565043,14659.0
2025-09-10 19:20:00,176.764565043,176.904378823,176.764565043,176.774551741,9578.0
2025-09-10 19:25:00,176.834471933,177.004245809,176.818692949,177.004245809,11548.0
2025-09-10 19:30:00,177.004245809,177.014232507,176.954312316,176.974285713,15447.0
2025-09-10 19:35:00,176.974285713,177.004245809,176.935037987,176.974285713,17029.0
2025-09-10 19:40:00,176.974285713,177.014232507,176.974185846,177.004245809,37677.0
2025-09-10 19:45:00,177.004245809,177.004245809,176.964299014,176.99425911,20933.0
2025-09-10 19:50:00,176.99425911,177.044192603,176.99425911,177.043693268,23160.0
2025-09-10 19:55:00,177.043693268,177.044192603,176.945823622,177.034205904,29910.0
2025-09-10 20:00:00,177.034205904,177.034205904,176.92435222,176.934338919,36875.0
2025-09-11 04:05:00,177.573514804,177.913081705,177.573514804,177.753285516,77646.0
2025-09-11 04:10:00,177.753285516,177.77326004,177.66340016,177.733310992,38010.0
2025-09-11 04:15:00,177.733310992,177.973005276,177.733310992,177.973005276,30797.0
2025-09-11 04:20:00,177.973005276,177.973005276,177.603476589,177.603476589,48327.0
2025-09-11 04:25:00,177.603476589,177.763272778,177.583502065,177.683374683,16362.0
2025-09-11 04:30:00,177.683374683,177.763272778,177.643425636,177.733310992,22437.0
2025-09-11 04:35:00,177.733310992,177.733310992,177.423705877,177.563527542,27108.0
2025-09-11 04:40:00,177.563527542,177.603476589,177.513591233,177.513591233,10224.0
2025-09-11 04:45:00,177.513591233,177.753285516,177.513591233,177.753285516,13377.0
2025-09-11 04:50:00,177.753285516,177.783247301,177.693361945,177.733310992,14122.0
2025-09-11 04:55:00,177.733310992,177.733310992,177.583502065,177.593489327,8644.0
2025-09-11 05:00:00,177.593489327,177.593489327,177.523578495,177.523578495,5945.0
2025-09-11 05:05:00,177.523578495,177.593489327,177.513591233,177.513591233,7080.0
2025-09-11 05:10:00,177.513591233,177.77326004,177.473642186,177.583502065,27762.0
2025-09-11 05:15:00,177.583502065,177.613463851,177.513591233,177.55354028,23941.0
2025-09-11 05:20:00,177.55354028,177.683374683,177.543553018,177.623451113,12627.0
2025-09-11 05:25:00,177.623451113,177.633438374,177.493616709,177.573514804,12156.0
2025-09-11 05:30:00,177.573514804,177.583502065,177.493616709,177.563527542,10938.0
2025-09-11 05:35:00,177.563527542,177.563527542,177.4436804,177.463654924,10456.0
2025-09-11 05:40:00,177.463654924,177.483629447,177.243935164,177.27389695,25672.0
2025-09-11 05:45:00,177.27389695,177.283884211,177.134075284,177.154049808,9209.0
2025-09-11 05:50:00,177.154049808,177.27389695,177.094126237,177.27389695,26079.0
2025-09-11 05:55:00,177.27389695,177.33382052,177.233947902,177.27389695,14882.0
2025-09-11 06:00:00,177.27389695,177.373769568,177.253922426,177.373769568,8648.0
2025-09-11 06:05:00,177.373769568,177.873132658,177.373769568,177.823196349,72986.0
2025-09-11 06:10:00,177.823196349,178.452393842,177.793234563,178.05290337,169282.0
2025-09-11 06:15:00,178.05290337,178.05290337,177.873132658,177.893107181,28054.0
2025-09-11 06:20:00,177.893107181,177.923068967,177.77326004,177.873132658,23542.0
2025-09-11 06:25:00,177.873132658,178.16276325,177.873132658,178.032928846,16090.0
2025-09-11 06:30:00,178.032928846,178.032928846,177.923068967,177.982992537,17673.0
2025-09-11 06:35:00,177.982992537,178.012954323,177.873132658,177.873132658,14280.0
2025-09-11 06:40:00,177.883119919,177.973005276,177.853158134,177.933056228,10241.0
2025-09-11 06:45:00,177.933056228,178.092852417,177.893107181,178.092852417,17000.0
2025-09-11 06:50:00,178.092852417,178.122814203,178.042916108,178.122814203,17741.0
2025-09-11 06:55:00,178.132801464,178.422432057,178.032928846,178.422432057,99673.0
2025-09-11 07:00:00,178.422432057,178.44240658,178.16276325,178.16276325,27847.0
2025-09-11 07:05:00,178.16276325,178.192725035,177.953030752,178.142788726,78217.0
2025-09-11 07:10:00,178.142788726,178.142788726,178.05290337,178.112826941,24502.0
2025-09-11 07:15:00,178.112826941,178.122814203,177.992979799,178.002967061,18560.0
2025-09-11 07:20:00,178.002967061,178.022941585,177.893107181,177.963018014,21230.0
2025-09-11 07:25:00,177.963018014,178.122814203,177.963018014,178.022941585,24139.0
2025-09-11 07:30:00,178.022941585,178.082865155,178.012954323,178.072877894,13996.0
2025-09-11 07:35:00,178.072877894,178.132801464,178.072877894,178.102839679,14700.0
2025-09-11 07:40:00,178.102839679,178.232674082,178.102839679,178.232674082,20912.0
2025-09-11 07:45:00,178.232674082,178.292597653,178.202712297,178.212699559,28870.0
2025-09-11 07:50:00,178.212699559,178.242661344,178.132801464,178.212699559,24888.0
2025-09-11 07:55:00,178.212699559,178.232674082,178.122814203,178.192725035,14973.0
2025-09-11 08:00:00,178.212699559,178.222686821,178.082865155,178.082865155,13948.0
2025-09-11 08:05:00,178.082865155,178.172750512,178.082865155,178.082865155,590744.0
2025-09-11 08:10:00,178.082865155,178.112826941,178.032928846,178.102839679,66032.0
2025-09-11 08:15:00,178.102839679,178.150079427,178.053003243,178.053003243,32858.0
2025-09-11 08:20:00,178.062890632,178.142788726,178.002967061,178.116422355,55908.0
2025-09-11 08:25:00,178.116422355,178.3325467,178.083764009,178.202612424,93340.0
2025-09-11 08:30:00,178.182837646,178.372495748,178.152775988,178.372495748,102029.0
2025-09-11 08:35:00,178.372495748,178.372495748,177.653412898,177.733310992,451400.0
2025-09-11 08:40:00,177.733310992,178.082865155,177.71453494,177.923068967,177964.0
2025-09-11 08:45:00,177.923068967,178.422432057,177.923068967,178.422432057,187529.0
2025-09-11 08:50:00,178.422432057,178.472368366,178.182737773,178.3325467,145420.0
2025-09-11 08:55:00,178.3325467,178.712062649,178.322559439,178.572240984,230590.0
2025-09-11 09:00:00,178.572240984,178.722049911,178.472368366,178.722049911,151951.0
2025-09-11 09:05:00,178.722049911,178.871858838,178.622177293,178.71136354,259476.0
2025-09-11 09:10:00,178.692088125,178.712062649,178.55226646,178.66212634,123980.0
2025-09-11 09:15:00,178.66212634,178.742024434,178.652139078,178.722249656,124177.0
2025-09-11 09:20:00,178.722249656,178.732037172,178.623076146,178.672113602,126400.0
2025-09-11 09:25:00,178.672113602,179.021667765,178.66212634,178.921695274,253090.0
2025-09-11 09:30:00,178.921695274,179.55099264,178.901820623,179.461107284,386969.0
2025-09-11 09:35:00,179.451120022,180.05035573,178.622177293,179.046635919,9803788.0
2025-09-11 09:40:00,179.041642288,179.237192874,177.633438374,177.713336469,5568662.0
2025-09-11 09:45:00,177.713336469,177.912782087,177.383756829,177.743298254,3820951.0
2025-09-11 09:50:00,177.753285516,178.212699559,177.683374683,177.873132658,3636320.0
2025-09-11 09:55:00,177.873132658,178.062890632,177.573514804,177.953030752,2850104.0
2025-09-11 10:00:00,177.94304349,177.94304349,177.473642186,177.618457482,2298452.0
2025-09-11 10:05:00,177.613463851,177.638432005,177.094126237,177.513691105,3073077.0
2025-09-11 10:10:00,177.518584864,178.052803497,177.473642186,177.685272263,2863596.0
2025-09-11 10:15:00,177.686970098,177.803221825,176.699629396,176.83445743,2881735.0
2025-09-11 10:20:00,176.843445966,177.293871473,176.824470169,176.869412847,2667426.0
2025-09-11 10:25:00,176.869412847,177.393744091,176.839451061,177.343807782,1836401.0
2025-09-11 10:30:00,177.33801517,177.434691864,177.024215405,177.029209035,1656296.0
2025-09-11 10:35:00,177.029209035,177.593389454,177.004240881,177.568521173,2013890.0
2025-09-11 10:40:00,177.563527542,177.623451113,177.228954271,177.49861034,1693064.0
2025-09-11 10:45:00,177.49861034,177.733310992,177.298865104,177.733310992,1666024.0
2025-09-11 10:50:00,177.73321112,177.77326004,177.396940015,177.563527542,1701086.0
2025-09-11 10:55:00,177.568521173,177.673387422,177.154049808,177.353795044,1519745.0
2025-09-11 11:00:00,177.343807782,177.623451113,177.255919878,177.613463851,1183267.0
2025-09-11 11:05:00,177.60847022,177.723323731,177.533565756,177.598482958,1784332.0
2025-09-11 11:10:00,177.598482958,177.933056228,177.517785883,177.808115583,1449133.0
2025-09-11 11:15:00,177.813209087,177.893107181,177.688368314,177.753285516,1062608.0
2025-09-11 11:20:00,177.758279147,178.152775988,177.723323731,178.077871524,1516921.0
2025-09-11 11:25:00,178.082865155,178.212699559,176.924342787,177.343807782,3406570.0
2025-09-11 11:30:00,177.343807782,177.923068967,177.283884211,177.868139027,2437556.0
2025-09-11 11:35:00,177.863145396,178.152676115,177.83318361,178.062890632,2407182.0
2025-09-11 11:40:00,178.072778021,178.302584915,177.94304349,178.033028719,1644956.0
2025-09-11 11:45:00,178.017947954,178.032928846,177.843170872,177.868139027,1846420.0
2025-09-11 11:50:00,177.873132658,177.900997118,177.583502065,177.665197867,1326916.0
2025-09-11 11:55:00,177.669192772,178.032928846,177.643425636,177.973005276,1019800.0
2025-09-11 12:00:00,177.973005276,178.042916108,177.743298254,177.748291885,791963.0
2025-09-11 12:05:00,177.753285516,177.851260554,177.66340016,177.738304623,878846.0
2025-09-11 12:10:00,177.733310992,177.83318361,177.613463851,177.716332647,696152.0
2025-09-11 12:15:00,177.713336469,177.873132658,177.693661563,177.728317361,865520.0
2025-09-11 12:20:00,177.728317361,177.783247301,177.383756829,177.458661293,1176906.0
2025-09-11 12:25:00,177.453667662,177.473642186,177.203986117,177.229054144,1056968.0
2025-09-11 12:30:00,177.232050323,177.393744091,177.203986117,177.331922941,1100093.0
2025-09-11 12:35:00,177.33801517,177.473642186,177.203986117,177.238741788,890931.0
2025-09-11 12:40:00,177.238941533,177.331922941,177.184011593,177.218567519,696818.0
2025-09-11 12:45:00,177.213973379,177.373769568,177.104113499,177.21896701,1117664.0
2025-09-11 12:50:00,177.214073251,177.223960641,176.904368263,177.039196297,1360257.0
2025-09-11 12:55:00,177.034202666,177.03929617,176.794508383,176.974279096,1078811.0
2025-09-11 13:00:00,176.974279096,177.184011593,176.894381001,177.079145344,1237601.0
2025-09-11 13:05:00,177.084138975,177.223960641,176.874406478,176.889786861,982032.0
2025-09-11 13:10:00,176.884393739,177.134075284,176.724597551,177.129081653,1326455.0
2025-09-11 13:15:00,177.134075284,177.263909688,177.064164452,177.253922426,1028392.0
2025-09-11 13:20:00,177.248928795,177.263909688,177.134075284,177.189005224,824465.0
2025-09-11 13:25:00,177.189005224,177.293871473,176.979272726,177.012730053,775829.0
2025-09-11 13:30:00,177.019221774,177.104113499,176.868613866,176.868613866,692135.0
2025-09-11 13:35:00,176.869412847,177.014228143,176.829463799,176.964291834,683060.0
2025-09-11 13:40:00,176.949310941,177.014228143,176.66467398,176.789514752,1160613.0
2025-09-11 13:45:00,176.794508383,176.849438323,176.614737671,176.699629396,1270673.0
2025-09-11 13:50:00,176.704623027,176.754559336,176.255196246,176.32021332,1962471.0
2025-09-11 13:55:00,176.325107079,176.684648503,176.295145293,176.664574107,1374483.0
2025-09-11 14:00:00,176.660079839,176.94431731,176.604750409,176.896178708,1165250.0
2025-09-11 14:05:00,176.904368263,176.914355525,176.749565705,176.802098702,1157724.0
2025-09-11 14:10:00,176.799502014,177.094126237,176.684648503,177.072254134,1488941.0
2025-09-11 14:15:00,177.066661267,177.253922426,176.994253619,177.149056177,1311020.0
2025-09-11 14:20:00,177.149056177,177.498710213,177.114100761,177.389549441,1359819.0
2025-09-11 14:25:00,177.393744091,177.51349136,177.303858735,177.438686769,1155851.0
2025-09-11 14:30:00,177.433693138,177.493616709,177.213973379,177.348801413,2430757.0
2025-09-11 14:35:00,177.353795044,177.438686769,177.263909688,177.378763198,822369.0
2025-09-11 14:40:00,177.381959122,177.513591233,177.343807782,177.497212123,897382.0
2025-09-11 14:45:00,177.493616709,177.513591233,177.353795044,177.353795044,854997.0
2025-09-11 14:50:00,177.363782306,177.453667662,177.298865104,177.363682433,725458.0
2025-09-11 14:55:00,177.353795044,177.453667662,177.203986117,177.221363952,741697.0
2025-09-11 15:00:00,177.21896701,177.393744091,177.193998855,177.27889058,645674.0
2025-09-11 15:05:00,177.27389695,177.298865104,177.126385093,177.203986117,872948.0
2025-09-11 15:10:00,177.200390703,177.223960641,176.94431731,176.964191961,809464.0
2025-09-11 15:15:00,176.954404445,177.024215405,176.751862775,176.806193479,1389240.0
2025-09-11 15:20:00,176.814482907,176.974279096,176.799502014,176.934330048,1148112.0
2025-09-11 15:25:00,176.934330048,176.994253619,176.784521121,176.964191961,1035337.0
2025-09-11 15:30:00,176.954304572,177.074151714,176.83445743,176.894381001,979130.0
2025-09-11 15:35:00,176.894381001,177.124088023,176.884393739,176.94431731,1088418.0
2025-09-11 15:40:00,176.954304572,176.974279096,176.784620994,176.939323679,1011310.0
2025-09-11 15:45:00,176.94431731,176.954304572,176.674661242,176.704623027,1137048.0
2025-09-11 15:50:00,176.714610289,176.969285465,176.7047229,176.969285465,1132095.0
2025-09-11 15:55:00,176.964291834,177.074151714,176.854431954,177.034202666,1799352.0
2025-09-11 16:00:00,177.029209035,177.723323731,176.83445743,176.94431731,16245958.0
2025-09-11 16:05:00,176.83445743,177.114100761,176.784521121,176.804495645,3188641.0
2025-09-11 16:10:00,176.804495645,177.014228143,176.804495645,176.934330048,53230.0
2025-09-11 16:15:00,176.934330048,176.954304572,176.724597551,176.726395258,55040.0
2025-09-11 16:20:00,176.726395258,176.914355525,176.724697423,176.894381001,30995.0
2025-09-11 16:25:00,176.894381001,176.904368263,176.794508383,176.854431954,68767.0
2025-09-11 16:30:00,176.854431954,176.94431731,176.854431954,176.924342787,30212.0
2025-09-11 16:35:00,176.924342787,176.954304572,176.824470169,176.826567493,93166.0
2025-09-11 16:40:00,176.826567493,176.874406478,176.814482907,176.814482907,16308.0
2025-09-11 16:45:00,176.814482907,176.854431954,176.77533284,176.814482907,251506.0
2025-09-11 16:50:00,176.814482907,176.874406478,176.78522023,176.844444692,19483.0
2025-09-11 16:55:00,176.844444692,176.884393739,176.814482907,176.845643164,12615.0
2025-09-11 17:00:00,176.845643164,176.974279096,176.845643164,176.874406478,26582.0
2025-09-11 17:05:00,176.874406478,176.914355525,176.854431954,176.864419216,597160.0
2025-09-11 17:10:00,176.864419216,176.874406478,176.824470169,176.854032463,16571.0
2025-09-11 17:15:00,176.854032463,176.864419216,176.824470169,176.854431954,10869.0
2025-09-11 17:20:00,176.854431954,176.864419216,176.827266602,176.854431954,6095.0
2025-09-11 17:25:00,176.844444692,176.864419216,176.824470169,176.824570041,10816.0
2025-09-11 17:30:00,176.824570041,176.844444692,176.794508383,176.804495645,14742.0
2025-09-11 17:35:00,176.804495645,176.914355525,176.804495645,176.914355525,89143.0
2025-09-11 17:40:00,176.914355525,177.074151714,176.874406478,176.955203425,156811.0
2025-09-11 17:45:00,176.955203425,177.064164452,176.864419216,176.984266357,20998.0
2025-09-11 17:50:00,176.984266357,177.043390947,176.94431731,176.984266357,19280.0
2025-09-11 17:55:00,176.984266357,177.024215405,176.94431731,177.024215405,18718.0
2025-09-11 18:00:00,177.024215405,177.024215405,176.894381001,176.924342787,14484.0
2025-09-11 18:05:00,176.924342787,176.94391782,176.794508383,176.874406478,46540.0
2025-09-11 18:10:00,176.874406478,176.94431731,176.83445743,176.924242914,26488.0
2025-09-11 18:15:00,176.924242914,176.974279096,176.914355525,176.954204699,11194.0
2025-09-11 18:20:00,176.954304572,176.974279096,176.914355525,176.914355525,11045.0
2025-09-11 18:25:00,176.914355525,176.964291834,176.844444692,176.914355525,15112.0
2025-09-11 18:30:00,176.914355525,177.074151714,176.874406478,177.064164452,39120.0
2025-09-11 18:35:00,177.064164452,177.064164452,176.974279096,176.974279096,8683.0
2025-09-11 18:40:00,176.974279096,176.974279096,176.904368263,176.914355525,6029.0
2025-09-11 18:45:00,176.914355525,176.973480115,176.874406478,176.973480115,14757.0
2025-09-11 18:50:00,176.973480115,176.994253619,176.934330048,176.984266357,11052.0
2025-09-11 18:55:00,176.984266357,176.994253619,176.964191961,176.974279096,17480.0
2025-09-11 19:00:00,176.974279096,176.974279096,176.94431731,176.973380242,8780.0
2025-09-11 19:05:00,176.973380242,176.974279096,176.934330048,176.974279096,9797.0
2025-09-11 19:10:00,176.974179223,176.974179223,176.894381001,176.954304572,11295.0
2025-09-11 19:15:00,176.954304572,176.984266357,176.924342787,176.964291834,10034.0
2025-09-11 19:20:00,176.964291834,177.024215405,176.954304572,176.984266357,10090.0
2025-09-11 19:25:00,176.984266357,177.064164452,176.984266357,177.05417719,12422.0
2025-09-11 19:30:00,177.05417719,177.05417719,176.974279096,176.974279096,12002.0
2025-09-11 19:35:00,176.974279096,177.033503558,176.974279096,177.01602585,6583.0
2025-09-11 19:40:00,177.01602585,177.044189928,177.01602585,177.034002921,7703.0
2025-09-11 19:45:00,177.034002921,177.034002921,176.974279096,176.98436623,15796.0
2025-09-11 19:50:00,176.98436623,176.994253619,176.94431731,176.974179223,14495.0
2025-09-11 19:55:00,176.974279096,177.014228143,176.974279096,176.974279096,20455.0
2025-09-11 20:00:00,176.974279096,177.044189928,176.924342787,176.994253619,43675.0
2025-09-12 04:05:00,176.974279096,177.303858735,176.77453386,177.223960641,65134.0
2025-09-12 04:10:00,177.223960641,177.293871473,177.154049808,177.283884211,38630.0
2025-09-12 04:15:00,177.283884211,177.353795044,177.114100761,177.114100761,33030.0
2025-09-12 04:20:00,177.114100761,177.193998855,177.024215405,177.193998855,24902.0
2025-09-12 04:25:00,177.193998855,177.253922426,177.124088023,177.243935164,10128.0
2025-09-12 04:30:00,177.243935164,177.33382052,177.203986117,177.283884211,16718.0
2025-09-12 04:35:00,177.283884211,177.353795044,177.253922426,177.353795044,14305.0
2025-09-12 04:40:00,177.353795044,177.453667662,177.323833259,177.373769568,21332.0
2025-09-12 04:45:00,177.323833259,177.363782306,177.303858735,177.363782306,14052.0
2025-09-12 04:50:00,177.363782306,177.523578495,177.363782306,177.483629447,12800.0
2025-09-12 04:55:00,177.483629447,177.523578495,177.453667662,177.503603971,17243.0
2025-09-12 05:00:00,177.493616709,177.523578495,177.473642186,177.503603971,12488.0
2025-09-12 05:05:00,177.503603971,177.513591233,177.433693138,177.463654924,13111.0
2025-09-12 05:10:00,177.463654924,177.473642186,177.413718615,177.423705877,9696.0
2025-09-12 05:15:00,177.423705877,177.66340016,177.423705877,177.653412898,54701.0
2025-09-12 05:20:00,177.653412898,177.673387422,177.533565756,177.573514804,35172.0
2025-09-12 05:25:00,177.573514804,177.583502065,177.523578495,177.543553018,11520.0
2025-09-12 05:30:00,177.543553018,177.613463851,177.453667662,177.613463851,38438.0
2025-09-12 05:35:00,177.613463851,177.703349207,177.583502065,177.583502065,13601.0
2025-09-12 05:40:00,177.583502065,177.683374683,177.513591233,177.603476589,24748.0
2025-09-12 05:45:00,177.613463851,177.623451113,177.453667662,177.493616709,28868.0
2025-09-12 05:50:00,177.493616709,177.603476589,177.493616709,177.523578495,10417.0
2025-09-12 05:55:00,177.533565756,177.543553018,177.463654924,177.463654924,8827.0
2025-09-12 06:00:00,177.463654924,177.473642186,177.303858735,177.343807782,18142.0
2025-09-12 06:05:00,177.343807782,177.363782306,177.233947902,177.27389695,20440.0
2025-09-12 06:10:00,177.27389695,177.313845997,177.213973379,177.233947902,16016.0
2025-09-12 06:15:00,177.233947902,177.423705877,177.174024332,177.373769568,26414.0
2025-09-12 06:20:00,177.373769568,177.403731353,177.27389695,177.323833259,14136.0
2025-09-12 06:25:00,177.323833259,177.323833259,177.223960641,177.223960641,10767.0
2025-09-12 06:30:00,177.223960641,177.233947902,177.104113499,177.203986117,23009.0
2025-09-12 06:35:00,177.203986117,177.27389695,177.124088023,177.193998855,26224.0
2025-09-12 06:40:00,177.193998855,177.213973379,177.124088023,177.124088023,15451.0
2025-09-12 06:45:00,177.124088023,177.124088023,177.064164452,177.124088023,10518.0
2025-09-12 06:50:00,177.124088023,177.124088023,177.044189928,177.074151714,29822.0
2025-09-12 06:55:00,177.074151714,177.074151714,176.904368263,176.964291834,30875.0
2025-09-12 07:00:00,176.964291834,177.044189928,176.954304572,177.014228143,18538.0
2025-09-12 07:05:00,177.014228143,177.223960641,177.014228143,177.16403707,81306.0
2025-09-12 07:10:00,177.16403707,177.184011593,177.074151714,177.114100761,16720.0
2025-09-12 07:15:00,177.114100761,177.14306382,177.05417719,177.05417719,14005.0
2025-09-12 07:20:00,177.05417719,177.16403707,177.05417719,177.084138975,28522.0
2025-09-12 07:25:00,177.084138975,177.114100761,177.044189928,177.094126237,14168.0
2025-09-12 07:30:00,177.094126237,177.27389695,177.05417719,177.223960641,25871.0
2025-09-12 07:35:00,177.223960641,177.433693138,177.223960641,177.353795044,30743.0
2025-09-12 07:40:00,177.343807782,177.413718615,177.283884211,177.363782306,18193.0
2025-09-12 07:45:00,177.363782306,177.373769568,177.293871473,177.313845997,10732.0
2025-09-12 07:50:00,177.313845997,177.423705877,177.303858735,177.403731353,10970.0
2025-09-12 07:55:00,177.403731353,177.493616709,177.383756829,177.473642186,23247.0
2025-09-12 08:00:00,177.473642186,177.583502065,177.453667662,177.583502065,33114.0
2025-09-12 08:05:00,177.583502065,177.593489327,177.27389695,177.27389695,461145.0
2025-09-12 08:10:00,177.27389695,177.383756829,177.214872232,177.323833259,53022.0
2025-09-12 08:15:00,177.323833259,177.383756829,177.27389695,177.293871473,34286.0
2025-09-12 08:20:00,177.293871473,177.403731353,177.283884211,177.403731353,42496.0
2025-09-12 08:25:00,177.403731353,177.413718615,177.343807782,177.353795044,40061.0
2025-09-12 08:30:00,177.353795044,177.403132117,177.213973379,177.283884211,57793.0
2025-09-12 08:35:00,177.283884211,177.283884211,177.074151714,177.203986117,49554.0
2025-09-12 08:40:00,177.203986117,177.293871473,177.174024332,177.293871473,39549.0
2025-09-12 08:45:00,177.293871473,177.373769568,177.223960641,177.313945869,42380.0
2025-09-12 08:50:00,177.313945869,177.383756829,177.313845997,177.353795044,34314.0
2025-09-12 08:55:00,177.353795044,177.4436804,177.313845997,177.4436804,38890.0
2025-09-12 09:00:00,177.4436804,177.461957089,177.373769568,177.373769568,19305.0
2025-09-12 09:05:00,177.373769568,177.433693138,177.343807782,177.343807782,48775.0
2025-09-12 09:10:00,177.343807782,177.373769568,176.924342787,177.193998855,144058.0
2025-09-12 09:15:00,177.193998855,177.213973379,177.074151714,177.104113499,63036.0
2025-09-12 09:20:00,177.104113499,177.144062546,177.074151714,177.134075284,34588.0
2025-09-12 09:25:00,177.134075284,177.154049808,176.894381001,176.924342787,88143.0
2025-09-12 09:30:00,176.924342787,177.673387422,176.924342787,177.673387422,204218.0
2025-09-12 09:35:00,177.543553018,178.212699559,176.694635765,177.154049808,5345714.0
2025-09-12 09:40:00,177.149056177,177.198992486,176.225234461,176.414992435,2949575.0
2025-09-12 09:45:00,176.408500715,177.413718615,176.325107079,177.402532881,2746221.0
2025-09-12 09:50:00,177.393744091,177.853158134,177.294370836,177.363882178,3295546.0
2025-09-12 09:55:00,177.368775937,177.4436804,176.984266357,177.253822553,2059310.0
2025-09-12 10:00:00,177.248928795,177.533565756,177.119094392,177.303858735,1950761.0
2025-09-12 10:05:00,177.263909688,177.83318361,177.064164452,177.673387422,2079480.0
2025-09-12 10:10:00,177.673387422,177.753285516,177.228954271,177.458661293,1568580.0
2025-09-12 10:15:00,177.461158108,177.473642186,176.829463799,177.009234512,1824870.0
2025-09-12 10:20:00,177.02251757,177.66340016,176.964391706,177.593489327,1961629.0
2025-09-12 10:25:00,177.583502065,177.743298254,177.4436804,177.613463851,1554828.0
2025-09-12 10:30:00,177.613463851,177.763272778,177.523578495,177.548546649,1351948.0
2025-09-12 10:35:00,177.549944866,177.628544616,177.413718615,177.523878112,1270852.0
2025-09-12 10:40:00,177.523578495,177.952032026,177.493616709,177.759078128,2385531.0
2025-09-12 10:45:00,177.763272778,178.038721458,177.728317361,177.88811355,2027695.0
2025-09-12 10:50:00,177.893107181,178.102839679,177.893107181,178.027935215,1533770.0
2025-09-12 10:55:00,178.037922477,178.242661344,177.848164503,178.21769319,1706185.0
2025-09-12 11:00:00,178.227680451,178.367502117,177.893107181,178.067884263,1804162.0
2025-09-12 11:05:00,178.072877894,178.242561471,177.793234563,177.848164503,1535843.0
2025-09-12 11:10:00,177.848164503,178.032928846,177.739103604,177.99797343,1105997.0
2025-09-12 11:15:00,177.99797343,178.112826941,177.893107181,178.10783331,1010478.0
2025-09-12 11:20:00,178.102839679,178.322559439,178.002967061,178.037922477,1528823.0
2025-09-12 11:25:00,178.037922477,178.062890632,177.543553018,177.684972645,1556741.0
2025-09-12 11:30:00,177.683374683,177.743298254,177.433693138,177.448674031,1302296.0
2025-09-12 11:35:00,177.438686769,177.573514804,177.303958608,177.423705877,1416727.0
2025-09-12 11:40:00,177.423705877,177.433693138,177.174024332,177.21896701,1146425.0
2025-09-12 11:45:00,177.213973379,177.413718615,177.159043439,177.193998855,1926390.0
2025-09-12 11:50:00,177.203287009,177.413718615,177.099119868,177.397938741,1239055.0
2025-09-12 11:55:00,177.393744091,177.633438374,177.354693897,177.615661048,3208560.0
2025-09-12 12:00:00,177.620355061,177.703349207,177.403731353,177.403731353,1008544.0
2025-09-12 12:05:00,177.403731353,177.523578495,177.233947902,177.463754796,1383278.0
2025-09-12 12:10:00,177.463654924,177.688468187,177.303858735,177.668393791,1028115.0
2025-09-12 12:15:00,177.663500032,177.793234563,177.633538247,177.668393791,1006470.0
2025-09-12 12:20:00,177.668393791,177.793234563,177.613463851,177.668393791,1825023.0
2025-09-12 12:25:00,177.663500032,177.753285516,177.578508434,177.728317361,713384.0
2025-09-12 12:30:00,177.723423603,177.953030752,177.713336469,177.883119919,1038114.0
2025-09-12 12:35:00,177.873132658,177.982992537,177.823196349,177.953030752,757894.0
2025-09-12 12:40:00,177.948037121,177.991381837,177.683374683,177.729116342,903889.0
2025-09-12 12:45:00,177.7183301,177.773160167,177.653412898,177.678381052,944162.0
2025-09-12 12:50:00,177.673387422,177.733310992,177.428699507,177.591791493,1078296.0
2025-09-12 12:55:00,177.583601938,177.673387422,177.533565756,177.613463851,623516.0
2025-09-12 13:00:00,177.609868436,177.77326004,177.563527542,177.683374683,765726.0
2025-09-12 13:05:00,177.683374683,177.788240932,177.653412898,177.668393791,639309.0
2025-09-12 13:10:00,177.672688313,177.703349207,177.503603971,177.513591233,654733.0
2025-09-12 13:15:00,177.513591233,177.693361945,177.503603971,177.633438374,615470.0
2025-09-12 13:20:00,177.641627929,177.693361945,177.483629447,177.488623078,607359.0
2025-09-12 13:25:00,177.493616709,177.593489327,177.453667662,177.473642186,557730.0
2025-09-12 13:30:00,177.478635816,177.513591233,177.27389695,177.298865104,1012552.0
2025-09-12 13:35:00,177.293871473,177.503603971,177.27389695,177.418712246,822143.0
2025-09-12 13:40:00,177.413718615,177.473642186,177.328826889,177.428699507,758829.0
2025-09-12 13:45:00,177.425703329,177.559033274,177.423705877,177.488623078,615398.0
2025-09-12 13:50:00,177.488623078,177.66340016,177.4436804,177.638432005,616381.0
2025-09-12 13:55:00,177.633438374,177.723523476,177.633438374,177.713336469,697498.0
2025-09-12 14:00:00,177.713336469,177.723323731,177.578508434,177.593489327,610215.0
2025-09-12 14:05:00,177.588495696,177.618457482,177.483629447,177.48982155,1060447.0
2025-09-12 14:10:00,177.483629447,177.493616709,177.33382052,177.353795044,583348.0
2025-09-12 14:15:00,177.358788675,177.453667662,177.333920393,177.433593266,549268.0
2025-09-12 14:20:00,177.423705877,177.463654924,177.243935164,177.278990453,1097380.0
2025-09-12 14:25:00,177.283884211,177.348801413,177.223960641,177.286480899,687514.0
2025-09-12 14:30:00,177.293871473,177.398737722,177.21896701,177.244035037,646392.0
2025-09-12 14:35:00,177.245932616,177.463654924,177.203986117,177.428699507,929049.0
2025-09-12 14:40:00,177.428699507,177.473642186,177.373769568,177.393644218,627436.0
2025-09-12 14:45:00,177.38875046,177.433693138,177.293871473,177.418712246,625018.0
2025-09-12 14:50:00,177.423705877,177.483629447,177.174024332,177.283784339,860406.0
2025-09-12 14:55:00,177.283884211,177.708342838,177.27389695,177.673387422,1255105.0
2025-09-12 15:00:00,177.673387422,177.713336469,177.558533911,177.583502065,862627.0
2025-09-12 15:05:00,177.573514804,177.673387422,177.503603971,177.513591233,671292.0
2025-09-12 15:10:00,177.508597602,177.638432005,177.433693138,177.507199385,741231.0
2025-09-12 15:15:00,177.509895946,177.509895946,177.323833259,177.348801413,860214.0
2025-09-12 15:20:00,177.343807782,177.473642186,177.323833259,177.423705877,800320.0
2025-09-12 15:25:00,177.428699507,177.458661293,177.303858735,177.350798865,841786.0
2025-09-12 15:30:00,177.351997337,177.503603971,177.348801413,177.458661293,1048406.0
2025-09-12 15:35:00,177.457862312,177.463654924,177.303858735,177.343807782,952618.0
2025-09-12 15:40:00,177.33382052,177.383656957,177.213973379,177.223960641,1156040.0
2025-09-12 15:45:00,177.213973379,177.383756829,177.174024332,177.343807782,1541301.0
2025-09-12 15:50:00,177.33382052,177.383756829,177.223960641,177.370573644,1303310.0
2025-09-12 15:55:00,177.373769568,177.673387422,177.353795044,177.60847022,2931853.0
2025-09-12 16:00:00,177.603476589,177.77326004,177.508597602,177.593489327,14847879.0
2025-09-12 16:05:00,177.563527542,177.763272778,177.395042435,177.513591233,3666926.0
2025-09-12 16:10:00,177.513591233,177.543553018,177.463654924,177.503603971,90206.0
2025-09-12 16:15:00,177.503603971,177.563527542,177.493616709,177.563527542,20630.0
2025-09-12 16:20:00,177.563527542,177.633438374,177.493616709,177.533565756,27830.0
2025-09-12 16:25:00,177.533565756,177.573514804,177.523678367,177.563527542,18858.0
2025-09-12 16:30:00,177.563527542,177.593489327,177.533565756,177.533565756,20285.0
2025-09-12 16:35:00,177.533765502,177.603476589,177.483629447,177.553440407,1867597.0
2025-09-12 16:40:00,177.553440407,177.55354028,177.533565756,177.533565756,12382.0
2025-09-12 16:45:00,177.533565756,177.543553018,177.523578495,177.533765502,29274.0
2025-09-12 16:50:00,177.543553018,177.543553018,177.533565756,177.533665629,7326.0
2025-09-12 16:55:00,177.533665629,177.55354028,177.533565756,177.543553018,12781.0
2025-09-12 17:00:00,177.543553018,177.573514804,177.543553018,177.543553018,925512.0
2025-09-12 17:05:00,177.543553018,177.543553018,177.533565756,177.533765502,15964.0
2025-09-12 17:10:00,177.533765502,177.543553018,177.533565756,177.543553018,16067.0
2025-09-12 17:15:00,177.543553018,177.55354028,177.533565756,177.543553018,6471.0
2025-09-12 17:20:00,177.543553018,177.55354028,177.543553018,177.544451872,4889.0
2025-09-12 17:25:00,177.544451872,177.563527542,177.533565756,177.533565756,18419.0
2025-09-12 17:30:00,177.533565756,177.543553018,177.533565756,177.533565756,12014.0
2025-09-12 17:35:00,177.533565756,177.55354028,177.533565756,177.543553018,9985.0
2025-09-12 17:40:00,177.543553018,177.543553018,177.533565756,177.533565756,20709.0
2025-09-12 17:45:00,177.533565756,177.543553018,177.533565756,177.533665629,7101.0
2025-09-12 17:50:00,177.533665629,177.543553018,177.533565756,177.533665629,16318.0
2025-09-12 17:55:00,177.533665629,177.543553018,177.533565756,177.543553018,5120.0
2025-09-12 18:00:00,177.543553018,177.543553018,177.523578495,177.523578495,13889.0
2025-09-12 18:05:00,177.523578495,177.543553018,177.523578495,177.523578495,10790.0
2025-09-12 18:10:00,177.523578495,177.533565756,177.523578495,177.523578495,4740.0
2025-09-12 18:15:00,177.523578495,177.533565756,177.523578495,177.523578495,6354.0
2025-09-12 18:20:00,177.523578495,177.543553018,177.523578495,177.5432534,13197.0
2025-09-12 18:25:00,177.5432534,177.55354028,177.523578495,177.55354028,9053.0
2025-09-12 18:30:00,177.55354028,177.573514804,177.55354028,177.563427669,13723.0
2025-09-12 18:35:00,177.563427669,177.563427669,177.503603971,177.513591233,14956.0
2025-09-12 18:40:00,177.513591233,177.513591233,177.483629447,177.493616709,7233.0
2025-09-12 18:45:00,177.493616709,177.493616709,177.403731353,177.403731353,12638.0
2025-09-12 18:50:00,177.403731353,177.453667662,177.403731353,177.433992756,2296.0
2025-09-12 18:55:00,177.433992756,177.453667662,177.423705877,177.433693138,11136.0
2025-09-12 19:00:00,177.433693138,177.453667662,177.433693138,177.453667662,8769.0
2025-09-12 19:05:00,177.453667662,177.463654924,177.383756829,177.383756829,25368.0
2025-09-12 19:10:00,177.383856702,177.393744091,177.343807782,177.343807782,17388.0
2025-09-12 19:15:00,177.343807782,177.363782306,177.33382052,177.334819246,3051.0
2025-09-12 19:20:00,177.334819246,177.361684981,177.305756315,177.323833259,17866.0
2025-09-12 19:25:00,177.323833259,177.368276574,177.303858735,177.353795044,15388.0
2025-09-12 19:30:00,177.353795044,177.372670969,177.303858735,177.33382052,8080.0
2025-09-12 19:35:00,177.33382052,177.363782306,177.293871473,177.363782306,4850.0
2025-09-12 19:40:00,177.363782306,177.373769568,177.283884211,177.33382052,14406.0
2025-09-12 19:45:00,177.33382052,177.417913265,177.33382052,177.417913265,5282.0
2025-09-12 19:50:00,177.373769568,177.403831226,177.283884211,177.363782306,15640.0
2025-09-12 19:55:00,177.363782306,177.363782306,177.283884211,177.295469435,19337.0
2025-09-12 20:00:00,177.295469435,177.362983325,177.274895676,177.303858735,51258.0
2025-09-15 04:05:00,177.253922426,177.77326004,172.77962914,173.029310685,843901.0
2025-09-15 04:10:00,173.029310685,174.457489122,172.94941259,174.367603766,221618.0
2025-09-15 04:15:00,174.367603766,174.457489122,173.878227938,174.087960435,133633.0
2025-09-15 04:20:00,174.087960435,174.27771841,173.658508178,173.998075079,107234.0
2025-09-15 04:25:00,173.998075079,173.998075079,173.348903062,173.828291629,104202.0
2025-09-15 04:30:00,173.828291629,174.038024126,173.478737466,173.578610084,66667.0
2025-09-15 04:35:00,173.578610084,173.768368058,173.418813895,173.418813895,87362.0
2025-09-15 04:40:00,173.418813895,173.648520916,173.249030444,173.588597345,115418.0
2025-09-15 04:45:00,173.588597345,173.728419011,173.328928539,173.328928539,70215.0
2025-09-15 04:50:00,173.328928539,173.868240676,173.219068659,173.798329843,77840.0
2025-09-15 04:55:00,173.798329843,173.798329843,173.528673775,173.638533654,48837.0
2025-09-15 05:00:00,173.638533654,173.648520916,173.378864848,173.378864848,58540.0
2025-09-15 05:05:00,173.378864848,173.44877568,173.109208779,173.189106873,64770.0
2025-09-15 05:10:00,173.229055921,173.418813895,173.139170564,173.219068659,68821.0
2025-09-15 05:15:00,173.199094135,173.199094135,172.929438067,172.939425328,84654.0
2025-09-15 05:20:00,172.939425328,172.979374376,172.250304264,172.539934856,189331.0
2025-09-15 05:25:00,172.539934856,172.619832951,172.310227835,172.420087715,115957.0
2025-09-15 05:30:00,172.420087715,172.66976926,172.390125929,172.460036762,94855.0
2025-09-15 05:35:00,172.460036762,172.879501758,172.390125929,172.759654616,125356.0
2025-09-15 05:40:00,172.759654616,172.879501758,172.649794736,172.759654616,74557.0
2025-09-15 05:45:00,172.769641878,172.859527234,172.539934856,172.759654616,55516.0
2025-09-15 05:50:00,172.759654616,172.879501758,172.639807474,172.83955271,65533.0
2025-09-15 05:55:00,172.83955271,173.269004968,172.809590925,173.179119612,97889.0
2025-09-15 06:00:00,173.179119612,173.468750204,173.149157826,173.149157826,83268.0
2025-09-15 06:05:00,173.149157826,173.249030444,173.039297946,173.109208779,61227.0
2025-09-15 06:10:00,173.109208779,173.229055921,173.109208779,173.219068659,24060.0
2025-09-15 06:15:00,173.219068659,173.368877586,173.039297946,173.199094135,80565.0
2025-09-15 06:20:00,173.199094135,173.239043182,172.94941259,173.079246994,54917.0
2025-09-15 06:25:00,173.079246994,173.129183303,172.719705569,172.759654616,87370.0
2025-09-15 06:30:00,172.759654616,173.179119612,172.729692831,173.139170564,130651.0
2025-09-15 06:35:00,173.139170564,173.318941277,173.05927247,173.318941277,96913.0
2025-09-15 06:40:00,173.328928539,174.157871268,173.328928539,173.708444487,206810.0
2025-09-15 06:45:00,173.708444487,174.028036865,173.568622822,173.968113294,99762.0
2025-09-15 06:50:00,173.968113294,174.117922221,173.918176985,174.018049603,62892.0
2025-09-15 06:55:00,174.018049603,174.048011388,173.718431749,173.718431749,57630.0
2025-09-15 07:00:00,173.718431749,173.928164247,173.678482702,173.888215199,50770.0
2025-09-15 07:05:00,173.888215199,175.026763045,173.828291629,174.916903165,393934.0
2025-09-15 07:10:00,174.916903165,175.086686615,174.687196143,175.026763045,131752.0
2025-09-15 07:15:00,175.026763045,175.046737568,174.567349002,174.637259834,111481.0
2025-09-15 07:20:00,174.637259834,174.767094238,174.467476384,174.607298049,95453.0
2025-09-15 07:25:00,174.607298049,174.807043285,174.527399955,174.792062392,83290.0
2025-09-15 07:30:00,174.792062392,174.802049654,174.627272573,174.647247096,42438.0
2025-09-15 07:35:00,174.627272573,174.876954118,174.577336264,174.817030547,86280.0
2025-09-15 07:40:00,174.817030547,174.936877688,174.757106976,174.876954118,50957.0
2025-09-15 07:45:00,174.876954118,175.096673877,174.787068761,174.896928641,101858.0
2025-09-15 07:50:00,174.896928641,175.076699354,174.846992332,175.026763045,43700.0
2025-09-15 07:55:00,174.996801259,174.996801259,174.787068761,174.792062392,44812.0
2025-09-15 08:00:00,174.792062392,175.066712092,174.7770815,174.83700507,67332.0
2025-09-15 08:05:00,174.83700507,174.906915903,174.7770815,174.827017809,1570156.0
2025-09-15 08:10:00,174.827017809,174.896928641,174.677208882,174.79615717,133205.0
2025-09-15 08:15:00,174.79615717,174.906915903,174.55736174,174.567349002,136424.0
2025-09-15 08:20:00,174.567349002,174.727145191,174.27771841,174.697283278,154652.0
2025-09-15 08:25:00,174.697183405,175.695909585,174.657234358,175.606024229,342864.0
2025-09-15 08:30:00,175.606024229,175.645973276,175.176571972,175.226508281,160787.0
2025-09-15 08:35:00,175.226508281,175.296419113,175.046737568,175.176571972,97655.0
2025-09-15 08:40:00,175.176571972,175.196546495,174.976826736,175.036750306,93513.0
2025-09-15 08:45:00,175.036750306,175.285532998,174.986813997,175.27644459,89600.0
2025-09-15 08:50:00,175.27644459,175.27644459,175.016775783,175.176571972,93525.0
2025-09-15 08:55:00,175.176571972,175.206533757,174.996801259,175.206533757,95675.0
2025-09-15 09:00:00,175.206533757,175.685922323,175.146610186,175.655960538,157542.0
2025-09-15 09:05:00,175.655960538,175.755833156,175.156697321,175.256470066,239111.0
2025-09-15 09:10:00,175.256470066,175.366329946,175.186559233,175.297317967,125476.0
2025-09-15 09:15:00,175.297317967,175.396291731,175.226508281,175.326380899,69554.0
2025-09-15 09:20:00,175.326380899,175.635986014,175.316393637,175.546100658,125997.0
2025-09-15 09:25:00,175.546100658,175.565875436,175.206533757,175.306406375,125138.0
2025-09-15 09:30:00,175.306406375,175.536113396,174.956852212,175.436240778,132586.0
2025-09-15 09:35:00,175.44622804,176.355068864,174.287705671,175.045139606,8369699.0
2025-09-15 09:40:00,175.046737568,175.306406375,174.487450907,175.256470066,3299211.0
2025-09-15 09:45:00,175.249578855,175.855705774,175.16658471,175.396291731,3391129.0
2025-09-15 09:50:00,175.396291731,175.695909585,175.226508281,175.675935062,2389899.0
2025-09-15 09:55:00,175.67014245,176.065438272,175.591043336,175.947089219,2370852.0
2025-09-15 10:00:00,175.960572023,176.015501963,175.476189826,175.630992383,2263613.0
2025-09-15 10:05:00,175.625998753,175.918026288,175.216620891,175.331873892,2303529.0
2025-09-15 10:10:00,175.33636816,175.396291731,174.797056023,174.803447871,2382812.0
2025-09-15 10:15:00,174.802049654,174.896229533,174.357616504,174.896229533,3507556.0
2025-09-15 10:20:00,174.881947748,175.266457328,174.847991058,175.241489173,2318025.0
2025-09-15 10:25:00,175.246482804,175.266457328,174.961845843,175.051731199,1605864.0
2025-09-15 10:30:00,175.046737568,175.516138873,174.996901132,175.265458602,1677757.0
2025-09-15 10:35:00,175.266457328,175.28143822,174.841998701,174.851985963,1639975.0
2025-09-15 10:40:00,174.851985963,175.28143822,174.83700507,175.076699354,1393613.0
2025-09-15 10:45:00,175.081692984,175.126635663,174.876954118,174.921896796,1408960.0
2025-09-15 10:50:00,174.926890427,175.106661139,174.607298049,174.747119714,2680141.0
2025-09-15 10:55:00,174.737132452,174.966839474,174.657234358,174.851985963,1242957.0
2025-09-15 11:00:00,174.852085836,175.106661139,174.810039463,175.081692984,1371636.0
2025-09-15 11:05:00,175.086686615,175.206533757,174.856979594,175.186659106,1640616.0
2025-09-15 11:10:00,175.196546495,175.346355422,174.929287369,175.006788521,1324940.0
2025-09-15 11:15:00,175.00179489,175.645973276,174.921896796,175.581056074,2033159.0
2025-09-15 11:20:00,175.584251998,175.965565654,175.526126135,175.86319622,2015398.0
2025-09-15 11:25:00,175.900648452,176.345081602,175.875680298,176.330000837,2044742.0
2025-09-15 11:30:00,176.330200582,177.024215405,176.330200582,176.796206218,3012362.0
2025-09-15 11:35:00,176.804495645,176.904368263,176.5548141,176.589769516,1796976.0
2025-09-15 11:40:00,176.589769516,177.074151714,176.544926711,177.059170821,1549021.0
2025-09-15 11:45:00,177.059170821,177.184011593,176.794608256,176.894381001,1837726.0
2025-09-15 11:50:00,176.891884186,177.803221825,176.849438323,177.698355576,2770329.0
2025-09-15 11:55:00,177.693361945,177.863145396,177.573514804,177.853158134,1920000.0
2025-09-15 12:00:00,177.853158134,177.860548708,177.493616709,177.603476589,1601226.0
2025-09-15 12:05:00,177.613463851,177.643425636,177.144062546,177.159043439,1712261.0
2025-09-15 12:10:00,177.154049808,177.27389695,176.896378453,176.974279096,1381317.0
2025-09-15 12:15:00,176.964291834,177.233947902,176.83445743,177.223960641,1324219.0
2025-09-15 12:20:00,177.21896701,177.458661293,177.193998855,177.293871473,1429671.0
2025-09-15 12:25:00,177.300463066,177.628444743,177.184011593,177.563627414,1265714.0
2025-09-15 12:30:00,177.568521173,177.578508434,177.223960641,177.358788675,1059882.0
2025-09-15 12:35:00,177.358788675,177.55354028,177.323833259,177.488623078,775469.0
2025-09-15 12:40:00,177.489322187,177.713136723,177.363782306,177.708342838,981582.0
2025-09-15 12:45:00,177.70344908,178.05290337,177.618457482,177.977998906,1799934.0
2025-09-15 12:50:00,177.982992537,177.982992537,177.393744091,177.433693138,1810831.0
2025-09-15 12:55:00,177.433693138,177.601678882,177.373769568,177.469796091,986141.0
2025-09-15 13:00:00,177.468548682,177.533565756,177.323833259,177.468648555,1305648.0
2025-09-15 13:05:00,177.468648555,177.485726772,177.223960641,177.238941533,947938.0
2025-09-15 13:10:00,177.238941533,177.363782306,177.134075284,177.134175157,911810.0
2025-09-15 13:15:00,177.144062546,177.253922426,177.004240881,177.139068915,1040984.0
2025-09-15 13:20:00,177.134075284,177.149056177,176.994253619,177.064164452,796822.0
2025-09-15 13:25:00,177.069158083,177.189005224,176.919349156,177.104113499,858180.0
2025-09-15 13:30:00,177.104013626,177.21896701,177.004240881,177.044189928,756578.0
2025-09-15 13:35:00,177.046087508,177.33382052,176.994253619,177.298865104,998737.0
2025-09-15 13:40:00,177.303858735,177.363782306,177.179017962,177.33382052,944147.0
2025-09-15 13:45:00,177.343807782,177.483629447,177.258916057,177.435690591,785512.0
2025-09-15 13:50:00,177.440284731,177.453667662,177.276393765,177.352197082,670285.0
2025-09-15 13:55:00,177.344007527,177.420110462,177.283984084,177.383756829,605943.0
2025-09-15 14:00:00,177.392046257,177.458661293,177.283884211,177.378763198,574921.0
2025-09-15 14:05:00,177.378763198,177.503603971,177.323833259,177.467949446,712772.0
2025-09-15 14:10:00,177.469447536,177.658406529,177.373769568,177.383756829,1377829.0
2025-09-15 14:15:00,177.383756829,177.478635816,177.313845997,177.428699507,683482.0
2025-09-15 14:20:00,177.423705877,177.55354028,177.423705877,177.53865926,673149.0
2025-09-15 14:25:00,177.538559387,177.613463851,177.393744091,177.393843964,688453.0
2025-09-15 14:30:00,177.403731353,177.453667662,177.293871473,177.298865104,708202.0
2025-09-15 14:35:00,177.298865104,177.623451113,177.283884211,177.603476589,974507.0
2025-09-15 14:40:00,177.60847022,177.623451113,177.253922426,177.270401408,904517.0
2025-09-15 14:45:00,177.268903319,177.27889058,176.924342787,176.969285465,1375394.0
2025-09-15 14:50:00,176.969285465,177.184011593,176.964291834,177.024215405,973037.0
2025-09-15 14:55:00,177.024215405,177.059170821,176.809489276,177.00993362,957190.0
2025-09-15 15:00:00,177.006737696,177.034202666,176.744572074,176.889487243,1118880.0
2025-09-15 15:05:00,176.884393739,177.074151714,176.874406478,176.944417183,884029.0
2025-09-15 15:10:00,176.94431731,176.974279096,176.804495645,176.869412847,812926.0
2025-09-15 15:15:00,176.864419216,177.024215405,176.794508383,176.869412847,931790.0
2025-09-15 15:20:00,176.864419216,176.939323679,176.698031434,176.939323679,1117447.0
2025-09-15 15:25:00,176.939323679,177.024215405,176.799502014,176.949310941,1022042.0
2025-09-15 15:30:00,176.94621489,176.989259988,176.884393739,176.969285465,1910529.0
2025-09-15 15:35:00,176.964291834,176.994253619,176.689642134,176.83445743,1072666.0
2025-09-15 15:40:00,176.844444692,177.024215405,176.83445743,176.879400108,1049092.0
2025-09-15 15:45:00,176.88249616,176.934330048,176.734584812,176.884393739,1735384.0
2025-09-15 15:50:00,176.884393739,177.104113499,176.869412847,177.084138975,1810618.0
2025-09-15 15:55:00,177.079145344,177.233947902,176.864419216,177.154049808,3437971.0
2025-09-15 16:00:00,177.154049808,178.622177293,176.94431731,177.523578495,11516791.0
2025-09-15 16:05:00,177.563527542,177.563527542,177.303858735,177.33382052,3062705.0
2025-09-15 16:10:00,177.33382052,177.473642186,177.283884211,177.37386944,90499.0
2025-09-15 16:15:00,177.37386944,177.463654924,177.313845997,177.342908929,39611.0
2025-09-15 16:20:00,177.342908929,177.423705877,177.323833259,177.343807782,30730.0
2025-09-15 16:25:00,177.343807782,177.373769568,177.313845997,177.343807782,92402.0
2025-09-15 16:30:00,177.343807782,177.353795044,177.27389695,177.27389695,25006.0
2025-09-15 16:35:00,177.27389695,177.323833259,177.213973379,177.233947902,24427.0
2025-09-15 16:40:00,177.233947902,177.27389695,177.223960641,177.253922426,14150.0
2025-09-15 16:45:00,177.253922426,177.253922426,177.184011593,177.223960641,11287.0
2025-09-15 16:50:00,177.223960641,177.27389695,177.203287009,177.223960641,19421.0
2025-09-15 16:55:00,177.223960641,177.233947902,177.174024332,177.174024332,548643.0
2025-09-15 17:00:00,177.174024332,177.174024332,177.124088023,177.134075284,39887.0
2025-09-15 17:05:00,177.134075284,177.174024332,177.124088023,177.124088023,10449.0
2025-09-15 17:10:00,177.124088023,177.174024332,177.124088023,177.174024332,19010.0
2025-09-15 17:15:00,177.174024332,177.253922426,177.16403707,177.233947902,19740.0
2025-09-15 17:20:00,177.233947902,177.253922426,177.184011593,177.203986117,9475.0
2025-09-15 17:25:00,177.203986117,177.203986117,177.174024332,177.183911721,12183.0
2025-09-15 17:30:00,177.183911721,177.193998855,177.074151714,177.114100761,15893.0
2025-09-15 17:35:00,177.114100761,177.154049808,177.05417719,177.084138975,15057.0
2025-09-15 17:40:00,177.084138975,177.124088023,177.074151714,177.084138975,14086.0
2025-09-15 17:45:00,177.084138975,177.094126237,177.074151714,177.084138975,8771.0
2025-09-15 17:50:00,177.084138975,177.16403707,177.084138975,177.154049808,9327.0
2025-09-15 17:55:00,177.154049808,177.154049808,177.094126237,177.094126237,7137.0
2025-09-15 18:00:00,177.094126237,177.154049808,177.094126237,177.134075284,9914.0
2025-09-15 18:05:00,177.134075284,177.154049808,177.114100761,177.124088023,10417.0
2025-09-15 18:10:00,177.124088023,177.124088023,177.074151714,177.074151714,38205.0
2025-09-15 18:15:00,177.074151714,177.074151714,177.024215405,177.044189928,14625.0
2025-09-15 18:20:00,177.05417719,177.064164452,177.024215405,177.034202666,9832.0
2025-09-15 18:25:00,177.034202666,177.053278336,177.034202666,177.034202666,4816.0
2025-09-15 18:30:00,177.034202666,177.053478082,176.94431731,177.004240881,21435.0
2025-09-15 18:35:00,177.004240881,177.004240881,176.945715527,176.954304572,7138.0
2025-09-15 18:40:00,176.954304572,176.989759351,176.924342787,176.954104827,15713.0
2025-09-15 18:45:00,176.954104827,176.974279096,176.924342787,176.94431731,9726.0
2025-09-15 18:50:00,176.94431731,176.974279096,176.94431731,176.974279096,6595.0
2025-09-15 18:55:00,176.974279096,177.044189928,176.954304572,177.034202666,18607.0
2025-09-15 19:00:00,177.034102794,177.044189928,176.974279096,176.994253619,12019.0
2025-09-15 19:05:00,176.994253619,177.024215405,176.987861772,177.004240881,6004.0
2025-09-15 19:10:00,177.004240881,177.034202666,176.974279096,176.984266357,6195.0
2025-09-15 19:15:00,176.984266357,177.024215405,176.974279096,177.004240881,5366.0
2025-09-15 19:20:00,177.004240881,177.074151714,177.004240881,177.044189928,9045.0
2025-09-15 19:25:00,177.044189928,177.114100761,177.034202666,177.094026364,14773.0
2025-09-15 19:30:00,177.094026364,177.154049808,177.094026364,177.144062546,11086.0
2025-09-15 19:35:00,177.144062546,177.174024332,177.114100761,177.134474775,11855.0
2025-09-15 19:40:00,177.134474775,177.134474775,177.084138975,177.124088023,8809.0
2025-09-15 19:45:00,177.124088023,177.134075284,177.114100761,177.123788405,6527.0
2025-09-15 19:50:00,177.123788405,177.124088023,177.104113499,177.114100761,12200.0
2025-09-15 19:55:00,177.114100761,177.114100761,177.05417719,177.094126237,16761.0
2025-09-15 20:00:00,177.094026364,177.104113499,177.074151714,177.094126237,30816.0
2025-09-16 04:05:00,176.83445743,177.55354028,176.804495645,177.353795044,115584.0
2025-09-16 04:10:00,177.353795044,177.593489327,177.27389695,177.493616709,90293.0
2025-09-16 04:15:00,177.493616709,177.493616709,177.233947902,177.293871473,21595.0
2025-09-16 04:20:00,177.293871473,177.353795044,177.213973379,177.233947902,12845.0
2025-09-16 04:25:00,177.233947902,177.343807782,177.084138975,177.313845997,29336.0
2025-09-16 04:30:00,177.313845997,177.323833259,177.27389695,177.303858735,9196.0
2025-09-16 04:35:00,177.303858735,177.313845997,177.193998855,177.253922426,13979.0
2025-09-16 04:40:00,177.253922426,177.253922426,177.05417719,177.094126237,17728.0
2025-09-16 04:45:00,177.094126237,177.134075284,177.014228143,177.074151714,25289.0
2025-09-16 04:50:00,177.074151714,177.144062546,176.934330048,177.124088023,22583.0
2025-09-16 04:55:00,177.124088023,177.134075284,177.044189928,177.044189928,10788.0
2025-09-16 05:00:00,177.044189928,177.064164452,176.914355525,177.064164452,12069.0
2025-09-16 05:05:00,177.064164452,177.114100761,177.044189928,177.114100761,8595.0
2025-09-16 05:10:00,177.114100761,177.243935164,177.104113499,177.16403707,15255.0
2025-09-16 05:15:00,177.16403707,177.233947902,177.044189928,177.203986117,20975.0
2025-09-16 05:20:00,177.203986117,177.203986117,177.05417719,177.134075284,12909.0
2025-09-16 05:25:00,177.134075284,177.134075284,177.044189928,177.094126237,10818.0
2025-09-16 05:30:00,177.094126237,177.174024332,177.044189928,177.134075284,17267.0
2025-09-16 05:35:00,177.134075284,177.154049808,177.034202666,177.064164452,8163.0
2025-09-16 05:40:00,177.064164452,177.104113499,176.954304572,176.954304572,15489.0
2025-09-16 05:45:00,176.954304572,177.014228143,176.934330048,176.934330048,17593.0
2025-09-16 05:50:00,176.934330048,177.05417719,176.934330048,177.05417719,10169.0
2025-09-16 05:55:00,177.05417719,177.064164452,176.964291834,177.034202666,16229.0
2025-09-16 06:00:00,177.044189928,177.094126237,176.994253619,177.004240881,17848.0
2025-09-16 06:05:00,177.004240881,177.034202666,176.924342787,176.924342787,22998.0
2025-09-16 06:10:00,176.924342787,176.924342787,176.874406478,176.874406478,13080.0
2025-09-16 06:15:00,176.874406478,176.964291834,176.864419216,176.954304572,14267.0
2025-09-16 06:20:00,176.954304572,176.954304572,176.904368263,176.934330048,13179.0
2025-09-16 06:25:00,176.934330048,176.984266357,176.924342787,176.964291834,27651.0
2025-09-16 06:30:00,176.964291834,176.964291834,176.924342787,176.934330048,8011.0
2025-09-16 06:35:00,176.934330048,177.124088023,176.854431954,177.064164452,26651.0
2025-09-16 06:40:00,177.064164452,177.144062546,176.924342787,176.924342787,17272.0
2025-09-16 06:45:00,176.924342787,176.974279096,176.874406478,176.884393739,9762.0
2025-09-16 06:50:00,176.884393739,176.934330048,176.874406478,176.924342787,7819.0
2025-09-16 06:55:00,176.924342787,177.134075284,176.894381001,177.074151714,16445.0
2025-09-16 07:00:00,177.074151714,177.074151714,176.984266357,176.984266357,9277.0
2025-09-16 07:05:00,176.994253619,177.213973379,176.974279096,177.174024332,36962.0
2025-09-16 07:10:00,177.174024332,177.223960641,177.064164452,177.184011593,24287.0
2025-09-16 07:15:00,177.184011593,177.223960641,177.154049808,177.184011593,9866.0
2025-09-16 07:20:00,177.184011593,177.223960641,177.05417719,177.05417719,23373.0
2025-09-16 07:25:00,177.05417719,177.174024332,177.004240881,177.16403707,14490.0
2025-09-16 07:30:00,177.16403707,177.174024332,177.064164452,177.104113499,8290.0
2025-09-16 07:35:00,177.104113499,177.144062546,177.074151714,177.084138975,11838.0
2025-09-16 07:40:00,177.084138975,177.124088023,177.034202666,177.034202666,12110.0
2025-09-16 07:45:00,177.034202666,177.104113499,177.024215405,177.034202666,6753.0
2025-09-16 07:50:00,177.034202666,177.094126237,177.024215405,177.05417719,9047.0
2025-09-16 07:55:00,177.05417719,177.124088023,177.024215405,177.124088023,12588.0
2025-09-16 08:00:00,177.124088023,177.213973379,177.124088023,177.203986117,11886.0
2025-09-16 08:05:00,177.203986117,177.233947902,177.044189928,177.064164452,708215.0
2025-09-16 08:10:00,177.064164452,177.094126237,177.05417719,177.074151714,29600.0
2025-09-16 08:15:00,177.074151714,177.114100761,177.044189928,177.064164452,30303.0
2025-09-16 08:20:00,177.064164452,177.193998855,177.064164452,177.154049808,74846.0
2025-09-16 08:25:00,177.154049808,177.213973379,177.154049808,177.174024332,28702.0
2025-09-16 08:30:00,177.174024332,177.174024332,177.094126237,177.124088023,18391.0
2025-09-16 08:35:00,177.114100761,177.174024332,177.074151714,177.144062546,37300.0
2025-09-16 08:40:00,177.144062546,177.223960641,177.084138975,177.094126237,42898.0
2025-09-16 08:45:00,177.094126237,177.094126237,176.974279096,177.014228143,50828.0
2025-09-16 08:50:00,177.014228143,177.16403707,176.994253619,177.124587386,47317.0
2025-09-16 08:55:00,177.124587386,177.144062546,177.014228143,177.064164452,27660.0
2025-09-16 09:00:00,177.064164452,177.104113499,176.954304572,177.004240881,55443.0
2025-09-16 09:05:00,177.004240881,177.174024332,176.94431731,177.163038344,66065.0
2025-09-16 09:10:00,177.163038344,177.163038344,177.074151714,177.144062546,33165.0
2025-09-16 09:15:00,177.144062546,177.154049808,177.05417719,177.05417719,32750.0
2025-09-16 09:20:00,177.05417719,177.104113499,177.004240881,177.024315277,60927.0
2025-09-16 09:25:00,177.024315277,177.05417719,176.924342787,176.994253619,72190.0
2025-09-16 09:30:00,176.984266357,177.27389695,176.674661242,176.844444692,303651.0
2025-09-16 09:35:00,176.77453386,177.27389695,175.586049705,175.785794941,6224757.0
2025-09-16 09:40:00,175.765820418,176.584775885,175.6659478,176.355068864,3634577.0
2025-09-16 09:45:00,176.360062495,176.894381001,176.299140198,176.619731302,2754207.0
2025-09-16 09:50:00,176.619731302,176.694635765,176.05545101,176.255296119,2389510.0
2025-09-16 09:55:00,176.260189877,176.385030649,175.755833156,175.815756727,2621884.0
2025-09-16 10:00:00,175.815756727,175.927014823,175.486177087,175.905642083,2804584.0
2025-09-16 10:05:00,175.905642083,176.131054582,175.874282081,176.00052107,1773434.0
2025-09-16 10:10:00,175.995527439,176.375043388,175.94559113,176.276868604,1752365.0
2025-09-16 10:15:00,176.27517077,176.345081602,176.11038095,176.234222996,1469722.0
2025-09-16 10:20:00,176.230228091,176.454941482,176.015501963,176.119669103,1795262.0
2025-09-16 10:25:00,176.120368212,176.295145293,175.965565654,176.205259937,1142927.0
2025-09-16 10:30:00,176.210253568,176.44495422,175.985540177,176.090406426,1522875.0
2025-09-16 10:35:00,176.085412795,176.554714227,175.985540177,176.429973327,1649354.0
2025-09-16 10:40:00,176.424979697,176.624724933,176.125361843,176.156522099,1572707.0
2025-09-16 10:45:00,176.16111624,176.405005173,176.143938149,176.185285413,1077089.0
2025-09-16 10:50:00,176.185285413,176.401509631,175.905642083,176.354070138,1653726.0
2025-09-16 10:55:00,176.345081602,176.429973327,176.155323628,176.350474723,988678.0
2025-09-16 11:00:00,176.350075233,176.375043388,176.037174321,176.300638287,1331327.0
2025-09-16 11:05:00,176.305132555,176.32021332,175.825743989,175.859900424,1397694.0
2025-09-16 11:10:00,175.855705774,175.94559113,175.695909585,175.775607934,1552410.0
2025-09-16 11:15:00,175.770814049,175.855705774,175.596036967,175.715784236,1755918.0
2025-09-16 11:20:00,175.705896847,175.955578392,175.635986014,175.930610237,1642946.0
2025-09-16 11:25:00,175.935603868,176.095400057,175.825743989,176.005814319,1495772.0
2025-09-16 11:30:00,176.01350451,176.045463748,175.83573125,175.915629345,961164.0
2025-09-16 11:35:00,175.905642083,175.970559285,175.790788572,175.805769465,768190.0
2025-09-16 11:40:00,175.805769465,175.875580425,175.735858632,175.815756727,936527.0
2025-09-16 11:45:00,175.820750358,175.905642083,175.685922323,175.845718512,1346552.0
2025-09-16 11:50:00,175.840724881,175.915629345,175.461208933,175.500358999,1518528.0
2025-09-16 11:55:00,175.496164349,175.6659478,175.296419113,175.561081551,1965289.0
2025-09-16 12:00:00,175.557086646,175.596036967,175.026763045,175.095475406,2082465.0
2025-09-16 12:05:00,175.091680246,175.156497575,174.602304418,174.61229168,2787638.0
2025-09-16 12:10:00,174.61229168,174.926890427,174.587323525,174.907015776,1780129.0
2025-09-16 12:15:00,174.914905712,175.05672483,174.807043285,174.916903165,1316886.0
2025-09-16 12:20:00,174.913108005,174.936777816,174.747119714,174.871960487,1138599.0
2025-09-16 12:25:00,174.871960487,174.936877688,174.707170667,174.78207513,974278.0
2025-09-16 12:30:00,174.7770815,175.051731199,174.757106976,175.041743937,1032105.0
2025-09-16 12:35:00,175.041743937,175.106661139,174.931884057,175.016775783,865319.0
2025-09-16 12:40:00,175.011882024,175.024565847,174.827017809,174.951858581,828205.0
2025-09-16 12:45:00,174.951858581,174.986813997,174.792062392,174.883345965,784268.0
2025-09-16 12:50:00,174.886941379,175.024465974,174.886941379,174.952357944,906976.0
2025-09-16 12:55:00,174.94686495,175.026763045,174.787068761,174.832011439,932722.0
2025-09-16 13:00:00,174.832011439,175.036750306,174.727145191,174.727145191,1327796.0
2025-09-16 13:05:00,174.737132452,174.986813997,174.727145191,174.951858581,923455.0
2025-09-16 13:10:00,174.956852212,175.156597448,174.896928641,175.146610186,2048542.0
2025-09-16 13:15:00,175.141616555,175.176571972,175.026763045,175.071805595,1105220.0
2025-09-16 13:20:00,175.066712092,175.156597448,174.936877688,175.00179489,978976.0
2025-09-16 13:25:00,175.000396673,175.156597448,174.941871319,174.971833105,834410.0
2025-09-16 13:30:00,174.976826736,175.05672483,174.827017809,174.926890427,767070.0
2025-09-16 13:35:00,174.931184949,174.956852212,174.817030547,174.827017809,657362.0
2025-09-16 13:40:00,174.832011439,174.86647748,174.607298049,174.742126083,1617200.0
2025-09-16 13:45:00,174.742126083,174.896928641,174.697283278,174.72215156,897259.0
2025-09-16 13:50:00,174.717157929,174.896928641,174.697183405,174.888739086,854172.0
2025-09-16 13:55:00,174.89193501,174.896928641,174.547374478,174.746300759,1144971.0
2025-09-16 14:00:00,174.742126083,174.827017809,174.687196143,174.745921243,724802.0
2025-09-16 14:05:00,174.746320733,174.746320733,174.547374478,174.592317156,815322.0
2025-09-16 14:10:00,174.593116137,174.697183405,174.497438169,174.571643524,1079155.0
2025-09-16 14:15:00,174.572342633,174.677208882,174.427527337,174.465578804,1164895.0
2025-09-16 14:20:00,174.463980842,174.707170667,174.44750186,174.672215251,1001202.0
2025-09-16 14:25:00,174.672215251,174.906915903,174.642253465,174.73703258,1255987.0
2025-09-16 14:30:00,174.727145191,174.7770815,174.547374478,174.552368109,1821094.0
2025-09-16 14:35:00,174.55736174,174.617285311,174.497438169,174.602703908,974498.0
2025-09-16 14:40:00,174.602304418,174.727145191,174.567349002,174.572342633,835478.0
2025-09-16 14:45:00,174.567349002,174.727145191,174.547374478,174.682202512,782815.0
2025-09-16 14:50:00,174.681403531,174.737132452,174.472470015,174.478462372,1054870.0
2025-09-16 14:55:00,174.482457276,174.587323525,174.457489122,174.530895496,956078.0
2025-09-16 15:00:00,174.532393585,174.747119714,174.477463646,174.74162672,1021843.0
2025-09-16 15:05:00,174.742126083,174.916903165,174.737232325,174.871960487,1275647.0
2025-09-16 15:10:00,174.871960487,174.996801259,174.846992332,174.861174244,1003874.0
2025-09-16 15:15:00,174.861973225,174.906915903,174.697183405,174.708968374,1473064.0
2025-09-16 15:20:00,174.712164298,174.742126083,174.627272573,174.677208882,956569.0
2025-09-16 15:25:00,174.672215251,174.7770815,174.622278942,174.727145191,1045984.0
2025-09-16 15:30:00,174.727145191,174.747119714,174.517412693,174.527399955,1612128.0
2025-09-16 15:35:00,174.522406324,174.597310787,174.377591028,174.562355371,1691601.0
2025-09-16 15:40:00,174.557461613,174.587323525,174.44750186,174.487450907,1308358.0
2025-09-16 15:45:00,174.487450907,174.527399955,174.157871268,174.257644013,3082844.0
2025-09-16 15:50:00,174.257743886,174.587223653,174.247756624,174.587223653,1716040.0
2025-09-16 15:55:00,174.587323525,174.866966856,174.547374478,174.55736174,3193226.0
2025-09-16 16:00:00,174.552368109,174.976826736,174.427527337,174.657234358,16567787.0
2025-09-16 16:05:00,174.657234358,174.80684354,174.637259834,174.787068761,3051227.0
2025-09-16 16:10:00,174.787068761,174.807043285,174.737132452,174.747219587,105722.0
2025-09-16 16:15:00,174.747219587,174.7770815,174.727145191,174.747119714,61498.0
2025-09-16 16:20:00,174.747119714,174.757106976,174.727344936,174.757007103,29930.0
2025-09-16 16:25:00,174.757007103,174.7770815,174.737132452,174.757106976,127328.0
2025-09-16 16:30:00,174.757106976,174.7770815,174.697183405,174.757106976,30390.0
2025-09-16 16:35:00,174.757106976,174.767094238,174.677208882,174.767094238,1586743.0
2025-09-16 16:40:00,174.767094238,174.817030547,174.757106976,174.7770815,32759.0
2025-09-16 16:45:00,174.7770815,174.876954118,174.767094238,174.856879721,25693.0
2025-09-16 16:50:00,174.856879721,174.876954118,174.822423668,174.856979594,22838.0
2025-09-16 16:55:00,174.856979594,174.856979594,174.83700507,174.856879721,39959.0
2025-09-16 17:00:00,174.856879721,174.876954118,174.846992332,174.876954118,30599.0
2025-09-16 17:05:00,174.876954118,174.876954118,174.856979594,174.856979594,16965.0
2025-09-16 17:10:00,174.856979594,174.866966856,174.83700507,174.866966856,19399.0
2025-09-16 17:15:00,174.866966856,174.866966856,174.83700507,174.846992332,23072.0
2025-09-16 17:20:00,174.846992332,174.876954118,174.83700507,174.876954118,13223.0
2025-09-16 17:25:00,174.876954118,174.876954118,174.846992332,174.84729195,9625.0
2025-09-16 17:30:00,174.84729195,174.856979594,174.827017809,174.846992332,16589.0
2025-09-16 17:35:00,174.827017809,174.866966856,174.827017809,174.866966856,30126.0
2025-09-16 17:40:00,174.849489148,174.866966856,174.817230292,174.83700507,1684521.0
2025-09-16 17:45:00,174.83700507,174.83700507,174.807043285,174.836905198,31572.0
2025-09-16 17:50:00,174.836905198,174.866966856,174.827017809,174.856979594,29841.0
2025-09-16 17:55:00,174.856979594,174.896928641,174.846992332,174.896928641,20087.0
2025-09-16 18:00:00,174.896928641,174.966839474,174.896928641,174.926890427,35564.0
2025-09-16 18:05:00,174.926890427,175.006788521,174.916903165,174.996801259,24723.0
2025-09-16 18:10:00,174.996801259,175.036750306,174.966839474,175.026763045,32192.0
2025-09-16 18:15:00,175.026763045,175.036750306,174.976826736,174.986813997,22636.0
2025-09-16 18:20:00,174.986813997,174.996801259,174.972632086,174.986813997,15983.0
2025-09-16 18:25:00,174.996801259,175.016775783,174.977326099,174.986813997,7295.0
2025-09-16 18:30:00,174.986813997,175.016775783,174.986714125,174.996801259,12758.0
2025-09-16 18:35:00,175.006788521,175.086686615,174.987513106,175.076599481,43155.0
2025-09-16 18:40:00,175.076599481,175.076699354,175.036750306,175.066712092,16904.0
2025-09-16 18:45:00,175.066712092,175.066712092,174.976826736,175.006788521,19187.0
2025-09-16 18:50:00,175.006788521,175.046737568,174.956852212,175.007787247,12777.0
2025-09-16 18:55:00,175.007787247,175.076699354,175.006788521,175.074202538,28901.0
2025-09-16 19:00:00,175.074202538,175.076699354,175.05672483,175.05672483,23688.0
2025-09-16 19:05:00,175.05672483,175.076699354,175.026763045,175.046737568,11035.0
2025-09-16 19:10:00,175.046737568,175.05672483,175.026763045,175.026862917,35859.0
2025-09-16 19:15:00,175.04603846,175.046737568,175.026763045,175.036850179,13264.0
2025-09-16 19:20:00,175.036850179,175.046737568,175.016775783,175.026763045,15322.0
2025-09-16 19:25:00,175.026763045,175.066712092,175.026763045,175.05672483,8264.0
2025-09-16 19:30:00,175.05672483,175.096673877,175.026763045,175.066712092,18994.0
2025-09-16 19:35:00,175.066712092,175.116648401,175.05672483,175.096673877,19064.0
2025-09-16 19:40:00,175.096673877,175.096673877,174.966839474,175.006888394,36065.0
2025-09-16 19:45:00,175.006888394,175.05672483,174.986813997,175.047636422,18569.0
2025-09-16 19:50:00,175.047636422,175.05672483,175.036850179,175.037749032,10643.0
2025-09-16 19:55:00,175.037749032,175.046737568,174.916403802,174.916403802,25549.0
2025-09-16 20:00:00,174.943269536,174.976826736,174.876954118,174.889538067,47771.0
2025-09-17 04:05:00,175.376317208,175.44622804,174.966839474,175.316393637,53256.0
2025-09-17 04:10:00,175.316393637,175.316393637,175.036750306,175.266457328,26445.0
2025-09-17 04:15:00,175.266457328,175.266457328,175.106661139,175.136622924,12097.0
2025-09-17 04:20:00,175.136622924,175.156597448,174.866966856,175.106661139,39321.0
2025-09-17 04:25:00,175.106661139,175.156597448,174.926890427,174.926890427,18126.0
2025-09-17 04:30:00,174.926890427,175.146610186,174.846992332,175.046737568,24615.0
2025-09-17 04:35:00,175.046737568,175.096673877,173.698457225,173.788342581,161973.0
2025-09-17 04:40:00,173.788342581,173.788342581,172.769641878,172.929438067,352034.0
2025-09-17 04:45:00,172.929438067,172.929438067,171.45132332,172.55990938,278111.0
2025-09-17 04:50:00,172.55990938,172.849539972,172.240317002,172.539934856,85983.0
2025-09-17 04:55:00,172.539934856,173.009336161,172.260291526,172.639807474,80575.0
2025-09-17 05:00:00,172.639807474,172.969387114,172.430074977,172.879501758,54551.0
2025-09-17 05:05:00,172.879501758,173.27899223,172.879501758,173.209081397,74407.0
2025-09-17 05:10:00,173.209081397,173.55863556,173.129183303,173.229055921,97814.0
2025-09-17 05:15:00,173.229055921,173.229055921,172.849539972,172.849539972,53931.0
2025-09-17 05:20:00,172.849539972,173.099221517,172.739680092,172.819578187,79549.0
2025-09-17 05:25:00,172.819578187,173.009336161,172.77962914,172.899476281,34943.0
2025-09-17 05:30:00,172.899476281,173.039297946,172.749667354,172.829565449,39438.0
2025-09-17 05:35:00,172.829565449,172.919450805,172.579883904,172.919450805,45346.0
2025-09-17 05:40:00,172.919450805,173.029310685,172.829565449,172.929438067,34630.0
2025-09-17 05:45:00,172.929438067,172.94941259,172.899476281,172.899476281,25329.0
2025-09-17 05:50:00,172.899476281,173.3389158,172.899476281,173.079246994,54338.0
2025-09-17 05:55:00,173.079246994,173.129183303,172.899476281,173.009336161,20617.0
2025-09-17 06:00:00,173.009336161,173.069259732,172.899476281,173.069259732,18192.0
2025-09-17 06:05:00,173.049285208,173.219068659,172.969387114,172.969387114,40380.0
2025-09-17 06:10:00,172.969387114,172.969387114,172.519960333,172.719705569,78224.0
2025-09-17 06:15:00,172.719705569,172.719705569,172.080520814,172.130457123,84070.0
2025-09-17 06:20:00,172.130457123,172.380138668,172.06054629,172.240317002,55821.0
2025-09-17 06:25:00,172.240317002,172.300240573,171.930711887,171.930711887,55538.0
2025-09-17 06:30:00,171.930711887,172.040571766,171.750941174,171.820852007,84587.0
2025-09-17 06:35:00,171.820852007,171.980648196,171.531221415,171.940699148,79444.0
2025-09-17 06:40:00,171.940699148,172.010609981,171.710992127,171.95068641,70071.0
2025-09-17 06:45:00,171.95068641,172.080520814,171.870788316,172.050559028,46710.0
2025-09-17 06:50:00,172.050559028,172.090508075,171.930711887,171.930711887,33675.0
2025-09-17 06:55:00,171.930711887,171.930711887,171.740953912,171.800877483,64955.0
2025-09-17 07:00:00,171.800877483,172.030584505,171.581157724,172.000622719,69844.0
2025-09-17 07:05:00,172.000622719,172.330202359,172.000622719,172.260291526,138522.0
2025-09-17 07:10:00,172.260291526,172.470024024,172.180393432,172.440062238,57544.0
2025-09-17 07:15:00,172.440062238,172.589871165,172.34018962,172.430074977,60344.0
2025-09-17 07:20:00,172.430074977,172.509973071,172.190380693,172.220342479,47765.0
2025-09-17 07:25:00,172.220342479,172.509973071,172.200367955,172.4500495,53081.0
2025-09-17 07:30:00,172.440062238,172.480011286,172.160418908,172.17040617,39281.0
2025-09-17 07:35:00,172.17040617,172.180393432,171.95068641,172.050559028,70634.0
2025-09-17 07:40:00,172.050559028,172.080520814,171.970660934,172.070533552,30995.0
2025-09-17 07:45:00,172.070533552,172.330202359,172.070533552,172.310227835,38259.0
2025-09-17 07:50:00,172.310227835,172.539934856,172.28026605,172.519960333,36233.0
2025-09-17 07:55:00,172.519960333,172.729692831,172.519960333,172.619832951,39891.0
2025-09-17 08:00:00,172.619832951,172.66976926,172.499985809,172.529947595,35669.0
2025-09-17 08:05:00,172.529947595,172.699731045,172.432372047,172.639807474,1131688.0
2025-09-17 08:10:00,172.639807474,172.65069359,172.290253311,172.480011286,132981.0
2025-09-17 08:15:00,172.480011286,172.609845689,172.430074977,172.579883904,79275.0
2025-09-17 08:20:00,172.609745816,172.732189646,172.580283394,172.717208753,87423.0
2025-09-17 08:25:00,172.717208753,172.769641878,172.659781998,172.769641878,105589.0
2025-09-17 08:30:00,172.759654616,173.478737466,172.749667354,173.310452104,323072.0
2025-09-17 08:35:00,173.310452104,173.348903062,172.989361637,173.119196041,121419.0
2025-09-17 08:40:00,173.119196041,173.139170564,172.942221762,172.942221762,91345.0
2025-09-17 08:45:00,172.942221762,173.049285208,172.829565449,172.829565449,119754.0
2025-09-17 08:50:00,172.829565449,172.939425328,172.819578187,172.889489019,87214.0
2025-09-17 08:55:00,172.889489019,173.039297946,172.869514496,173.038998328,87812.0
2025-09-17 09:00:00,173.038998328,173.05927247,172.94941259,173.029310685,69418.0
2025-09-17 09:05:00,173.029310685,173.099221517,172.659781998,172.66976926,119558.0
2025-09-17 09:10:00,172.66976926,172.66976926,171.920724625,172.350276755,303321.0
2025-09-17 09:15:00,172.350276755,172.529947595,172.330202359,172.480011286,106949.0
2025-09-17 09:20:00,172.480011286,172.489898675,172.140444384,172.270278788,178443.0
2025-09-17 09:25:00,172.270278788,172.468825552,172.220342479,172.250304264,134723.0
2025-09-17 09:30:00,172.260291526,172.589871165,172.080520814,172.28026605,250835.0
2025-09-17 09:35:00,172.420087715,172.979374376,171.291527131,171.411374273,7965809.0
2025-09-17 09:40:00,171.411374273,171.701004865,170.592418805,170.662329638,6016996.0
2025-09-17 09:45:00,170.653740593,171.06182011,170.018151252,170.108036608,5503050.0
2025-09-17 09:50:00,170.103042977,171.111756419,169.883323218,171.050135014,5187717.0
2025-09-17 09:55:00,171.051832848,171.401387011,170.912111056,170.956953861,4094123.0
2025-09-17 10:00:00,170.961947492,171.351450702,170.552469758,170.627374222,3372917.0
2025-09-17 10:05:00,170.627374222,170.722253209,170.083068454,170.467578033,3522640.0
2025-09-17 10:10:00,170.462584402,170.782076907,170.372699046,170.417641724,2369866.0
2025-09-17 10:15:00,170.422635355,170.702278685,170.202915595,170.642355114,2327764.0
2025-09-17 10:20:00,170.642355114,170.692291423,170.174651644,170.347730891,2334673.0
2025-09-17 10:25:00,170.352724522,170.372699046,169.933259527,170.018151252,2675593.0
2025-09-17 10:30:00,170.018151252,170.152979286,169.543756316,169.903297741,4292865.0
2025-09-17 10:35:00,169.908291372,170.442609878,169.908291372,170.217896488,2505836.0
2025-09-17 10:40:00,170.217896488,170.332749999,169.943246788,170.053106668,1646374.0
2025-09-17 10:45:00,170.04441775,170.182941072,169.553843451,169.568724471,2510686.0
2025-09-17 10:50:00,169.56373084,169.733514291,169.45387096,169.703552505,2448618.0
2025-09-17 10:55:00,169.693565243,169.948240419,169.466055419,169.827694169,2591184.0
2025-09-17 11:00:00,169.828393278,170.023144883,169.808418754,169.875932644,1760204.0
2025-09-17 11:05:00,169.878329587,170.053106668,169.823399647,169.868342325,1444566.0
2025-09-17 11:10:00,169.873335956,169.983195836,169.793437861,169.948240419,1351256.0
2025-09-17 11:15:00,169.948340292,170.083068454,169.703552505,170.078074823,1985707.0
2025-09-17 11:20:00,170.073081192,170.542482496,170.073081192,170.367705415,2759259.0
2025-09-17 11:25:00,170.365408345,170.56245702,170.262839166,170.28780732,1791177.0
2025-09-17 11:30:00,170.28780732,170.332749999,170.043119406,170.187934702,1705727.0
2025-09-17 11:35:00,170.182941072,170.242864642,169.833386909,169.857556082,1345094.0
2025-09-17 11:40:00,169.858355063,169.983195836,169.818406016,169.868342325,1285581.0
2025-09-17 11:45:00,169.87313621,169.933259527,169.643628934,169.798431492,1607855.0
2025-09-17 11:50:00,169.798431492,169.913285003,169.493820007,169.60377976,1751673.0
2025-09-17 11:55:00,169.608673518,169.633641673,169.204189415,169.246435533,2598602.0
2025-09-17 12:00:00,169.249132093,169.403834778,169.17422763,169.353798597,2020317.0
2025-09-17 12:05:00,169.353998342,169.383960128,169.094329535,169.111507626,1880270.0
2025-09-17 12:10:00,169.109310428,169.533769055,169.098823803,169.498813638,1753051.0
2025-09-17 12:15:00,169.493820007,169.553743578,169.304062033,169.543756316,1427853.0
2025-09-17 12:20:00,169.528775424,169.683378236,169.45387096,169.633641673,1410477.0
2025-09-17 12:25:00,169.643628934,169.753488814,169.543756316,169.663603458,1138540.0
2025-09-17 12:30:00,169.658609827,169.723527029,169.558737209,169.67359072,1319799.0
2025-09-17 12:35:00,169.67359072,169.678584351,169.234151201,169.239144831,1407394.0
2025-09-17 12:40:00,169.239144831,169.342213373,169.184214892,169.194302026,1221173.0
2025-09-17 12:45:00,169.201193237,169.313949422,169.134278583,169.282289802,1275671.0
2025-09-17 12:50:00,169.279093879,169.27989286,169.054380488,169.184714255,1526430.0
2025-09-17 12:55:00,169.189208522,169.583705364,169.184214892,169.563830713,1262349.0
2025-09-17 13:00:00,169.568724471,169.703552505,169.483832746,169.67399021,1013210.0
2025-09-17 13:05:00,169.678584351,169.955930611,169.658609827,169.803425123,1830428.0
2025-09-17 13:10:00,169.808418754,169.913285003,169.633641673,169.658609827,1173753.0
2025-09-17 13:15:00,169.659408808,169.903297741,169.613667149,169.813412385,1017914.0
2025-09-17 13:20:00,169.818406016,169.903297741,169.6995576,169.818406016,1024882.0
2025-09-17 13:25:00,169.818406016,169.95323405,169.793437861,169.889015957,908160.0
2025-09-17 13:30:00,169.893310479,170.06309393,169.813512258,170.018151252,897942.0
2025-09-17 13:35:00,170.023144883,170.192828461,169.95323405,170.142992024,1170107.0
2025-09-17 13:40:00,170.147985655,170.56245702,170.083068454,170.537488865,1727126.0
2025-09-17 13:45:00,170.537488865,170.862074874,170.537488865,170.677310531,2443101.0
2025-09-17 13:50:00,170.672616518,170.941972968,170.607399698,170.654140083,1578932.0
2025-09-17 13:55:00,170.652342376,170.750617032,170.502533449,170.627374222,1165715.0
2025-09-17 14:00:00,170.632367853,170.902023921,170.542482496,170.872461626,1002324.0
2025-09-17 14:05:00,170.872062136,171.381412488,170.572444282,171.206635406,3138010.0
2025-09-17 14:10:00,171.201641775,171.241590822,169.903297741,169.95323405,2847094.0
2025-09-17 14:15:00,169.951935706,170.123017501,168.584979184,168.604853834,4624937.0
2025-09-17 14:20:00,168.604953707,169.973208574,168.435170257,169.808418754,4485174.0
2025-09-17 14:25:00,169.803425123,170.093055715,169.423909175,169.943246788,2277811.0
2025-09-17 14:30:00,169.95323405,170.06309393,169.56373084,169.983195836,1704619.0
2025-09-17 14:35:00,169.993183097,170.133004763,169.149259475,169.329729296,2777842.0
2025-09-17 14:40:00,169.329030188,169.703552505,168.964495132,168.964495132,2818533.0
2025-09-17 14:45:00,168.981673222,169.234151201,168.634915493,168.869616145,3183560.0
2025-09-17 14:50:00,168.864622514,169.304062033,168.395221209,169.034405965,2736317.0
2025-09-17 14:55:00,169.039399595,169.104117052,168.195475973,168.410202102,2950966.0
2025-09-17 15:00:00,168.407006178,169.513794531,168.397218662,169.488826376,3096418.0
2025-09-17 15:05:00,169.488826376,170.222890119,169.393947389,170.133004763,3282220.0
2025-09-17 15:10:00,170.133004763,170.627374222,170.053106668,170.56245702,2994952.0
2025-09-17 15:15:00,170.557463389,170.832113089,169.908291372,169.968214943,2694309.0
2025-09-17 15:20:00,169.963221312,170.45259714,169.923272265,170.197921964,2077796.0
2025-09-17 15:25:00,170.202915595,170.752214994,170.07757546,170.697285054,1842536.0
2025-09-17 15:30:00,170.698084035,171.181667252,170.632367853,170.970436664,2656061.0
2025-09-17 15:35:00,170.978326601,171.06182011,170.292800951,170.439913318,2416470.0
2025-09-17 15:40:00,170.442609878,170.732240471,170.417142361,170.497539818,1792144.0
2025-09-17 15:45:00,170.512520711,170.592318933,170.242864642,170.392673569,1699844.0
2025-09-17 15:50:00,170.402660831,170.472571664,170.103042977,170.192928333,1776108.0
2025-09-17 15:55:00,170.192928333,170.517514342,169.963221312,170.103042977,2842153.0
2025-09-17 16:00:00,170.093055715,170.437616247,168.904571561,170.073081192,17457502.0
2025-09-17 16:05:00,169.993183097,170.382686308,169.993183097,170.232877381,5670368.0
2025-09-17 16:10:00,170.232877381,170.582431544,170.212902857,170.458589497,166890.0
2025-09-17 16:15:00,170.458589497,170.502533449,170.352724522,170.382686308,46695.0
2025-09-17 16:20:00,170.382686308,170.392673569,170.302788213,170.362711784,39599.0
2025-09-17 16:25:00,170.362711784,170.392673569,170.272826428,170.322762737,64654.0
2025-09-17 16:30:00,170.322762737,170.522507973,170.292800951,170.412747966,49222.0
2025-09-17 16:35:00,170.412747966,170.652342376,170.412648093,170.582431544,118537.0
2025-09-17 16:40:00,170.582431544,170.602406067,170.432622617,170.432622617,36528.0
2025-09-17 16:45:00,170.432622617,170.482558926,170.202915595,170.422635355,72064.0
2025-09-17 16:50:00,170.422635355,170.532495235,170.402660831,170.432622617,39376.0
2025-09-17 16:55:00,170.432622617,170.482558926,170.402660831,170.432622617,22318.0
2025-09-17 17:00:00,170.432622617,170.482558926,170.402660831,170.434220578,36838.0
2025-09-17 17:05:00,170.432622617,170.482558926,170.404558411,170.462584402,21486.0
2025-09-17 17:10:00,170.462584402,170.492546187,170.432622617,170.482558926,30214.0
2025-09-17 17:15:00,170.482558926,170.622380591,170.472571664,170.582431544,45917.0
2025-09-17 17:20:00,170.582431544,170.612393329,170.492546187,170.492945678,31055.0
2025-09-17 17:25:00,170.492945678,170.512520711,170.402660831,170.457590771,35098.0
2025-09-17 17:30:00,170.457590771,170.482558926,170.442609878,170.45259714,15233.0
2025-09-17 17:35:00,170.45259714,170.45259714,170.392673569,170.402660831,34341.0
2025-09-17 17:40:00,170.402660831,170.482558926,170.402660831,170.442609878,18050.0
2025-09-17 17:45:00,170.442609878,170.45259714,170.402660831,170.412648093,16569.0
2025-09-17 17:50:00,170.412648093,170.432622617,170.382686308,170.412648093,15033.0
2025-09-17 17:55:00,170.412648093,170.432622617,170.382686308,170.382686308,56197.0
2025-09-17 18:00:00,170.382686308,170.432622617,170.382686308,170.422735227,18639.0
2025-09-17 18:05:00,170.412648093,170.482558926,170.412648093,170.460886567,12722.0
2025-09-17 18:10:00,170.462584402,170.56245702,170.45259714,170.551570905,17560.0
2025-09-17 18:15:00,170.551570905,170.582431544,170.512520711,170.582431544,29334.0
2025-09-17 18:20:00,170.582431544,170.603404793,170.56245702,170.603404793,24448.0
2025-09-17 18:25:00,170.603404793,170.731241744,170.603404793,170.722253209,40866.0
2025-09-17 18:30:00,170.702977793,170.772189518,170.653141357,170.702278685,40631.0
2025-09-17 18:35:00,170.702278685,170.792164041,170.702278685,170.791964296,55179.0
2025-09-17 18:40:00,170.791964296,170.852087612,170.78217678,170.852087612,43023.0
2025-09-17 18:45:00,170.852087612,170.931985707,170.832113089,170.882049398,58503.0
2025-09-17 18:50:00,170.882049398,170.931985707,170.84210035,170.931985707,42118.0
2025-09-17 18:55:00,170.931985707,171.031858325,170.88444634,170.912011183,51237.0
2025-09-17 19:00:00,170.912011183,170.981922016,170.912011183,170.971934754,29069.0
2025-09-17 19:05:00,170.971934754,171.031858325,170.971934754,171.011883801,40285.0
2025-09-17 19:10:00,171.011883801,171.011883801,170.931985707,170.931985707,39914.0
2025-09-17 19:15:00,170.931985707,171.011883801,170.931985707,170.962446855,31479.0
2025-09-17 19:20:00,170.962446855,171.001896539,170.961947492,171.001896539,16666.0
2025-09-17 19:25:00,171.001896539,171.051832848,170.991909277,171.051832848,44521.0
2025-09-17 19:30:00,171.051832848,171.081794634,171.032257815,171.081794634,41017.0
2025-09-17 19:35:00,171.081794634,171.111756419,171.06182011,171.071807372,32783.0
2025-09-17 19:40:00,171.071807372,171.091781895,171.051832848,171.071108263,21705.0
2025-09-17 19:45:00,171.071108263,171.081794634,170.991909277,171.081794634,34192.0
2025-09-17 19:50:00,171.081794634,171.081794634,171.011883801,171.052032593,25193.0
2025-09-17 19:55:00,171.052032593,171.111456801,171.041845586,171.061919983,67597.0
2025-09-17 20:00:00,171.061919983,171.131730943,171.041845586,171.131730943,71174.0
2025-09-18 04:05:00,171.810864745,172.360164144,171.701004865,172.360164144,97908.0
2025-09-18 04:10:00,172.360164144,172.769641878,172.190380693,172.749667354,134350.0
2025-09-18 04:15:00,172.749667354,173.079246994,172.739680092,172.909463543,127202.0
2025-09-18 04:20:00,172.909463543,173.009336161,172.679756522,172.899476281,89966.0
2025-09-18 04:25:00,172.909463543,172.909463543,172.66976926,172.869514496,50576.0
2025-09-18 04:30:00,172.869514496,173.159145088,172.759654616,172.979374376,109230.0
2025-09-18 04:35:00,172.94941259,173.099221517,172.83955271,172.999348899,37016.0
2025-09-18 04:40:00,172.999348899,173.099221517,172.969387114,173.029310685,41292.0
2025-09-18 04:45:00,173.029310685,173.079246994,172.959399852,173.05927247,54160.0
2025-09-18 04:50:00,173.05927247,173.069259732,172.989361637,173.029310685,34631.0
2025-09-18 04:55:00,173.029310685,173.069259732,172.909463543,173.029310685,37574.0
2025-09-18 05:00:00,173.029310685,173.139170564,173.029310685,173.049285208,35884.0
2025-09-18 05:05:00,173.049285208,173.159145088,173.009336161,173.079246994,41472.0
2025-09-18 05:10:00,173.079246994,173.618559131,173.079246994,173.55863556,104056.0
2025-09-18 05:15:00,173.55863556,173.77835532,173.488724727,173.618559131,106952.0
2025-09-18 05:20:00,173.618559131,173.918176985,173.618559131,173.738406272,90841.0
2025-09-18 05:25:00,173.738406272,173.898202461,173.678482702,173.788342581,53088.0
2025-09-18 05:30:00,173.788342581,173.878227938,173.768368058,173.868240676,44037.0
2025-09-18 05:35:00,173.868240676,174.018049603,173.83827889,173.83827889,43796.0
2025-09-18 05:40:00,173.848266152,174.05799865,173.848266152,173.998075079,57351.0
2025-09-18 05:45:00,173.998075079,174.177845792,173.978100556,173.988087817,46860.0
2025-09-18 05:50:00,173.988087817,174.257743886,173.958126032,174.257743886,66150.0
2025-09-18 05:55:00,174.257743886,174.427527337,174.048011388,174.087960435,108398.0
2025-09-18 06:00:00,174.087960435,174.16785853,173.938151508,173.988087817,43992.0
2025-09-18 06:05:00,173.988087817,174.087960435,173.77835532,174.018049603,64605.0
2025-09-18 06:10:00,174.038024126,174.327654719,174.038024126,174.317667457,56943.0
2025-09-18 06:15:00,174.317667457,174.357616504,174.107934959,174.357616504,48083.0
2025-09-18 06:20:00,174.357616504,174.357616504,174.227782101,174.27771841,71255.0
2025-09-18 06:25:00,174.27771841,174.327654719,174.05799865,174.097947697,37389.0
2025-09-18 06:30:00,174.097947697,174.237769362,173.988087817,174.217794839,64045.0
2025-09-18 06:35:00,174.217794839,174.227782101,174.117922221,174.187833053,52478.0
2025-09-18 06:40:00,174.187833053,174.347629242,174.16785853,174.297692933,93725.0
2025-09-18 06:45:00,174.297692933,174.297692933,174.097947697,174.137896744,38142.0
2025-09-18 06:50:00,174.137896744,174.137896744,173.898202461,173.928164247,42531.0
2025-09-18 06:55:00,173.928164247,174.27771841,173.928164247,174.217794839,85742.0
2025-09-18 07:00:00,174.217794839,174.267731148,174.077973174,174.097947697,54635.0
2025-09-18 07:05:00,174.117922221,174.677208882,173.878227938,174.038024126,520385.0
2025-09-18 07:10:00,174.038024126,174.197820315,173.828291629,173.998075079,161185.0
2025-09-18 07:15:00,173.998075079,174.7770815,173.978100556,174.7770815,387229.0
2025-09-18 07:20:00,174.7770815,175.745845894,174.7770815,175.346355422,501794.0
2025-09-18 07:25:00,175.346355422,175.944592404,175.326380899,175.576062444,350520.0
2025-09-18 07:30:00,175.576062444,175.735858632,175.326380899,175.586049705,217741.0
2025-09-18 07:35:00,175.586049705,175.83573125,175.346355422,175.77580768,272190.0
2025-09-18 07:40:00,175.77580768,175.905642083,175.616011491,175.725871371,222754.0
2025-09-18 07:45:00,175.705896847,175.705896847,175.316393637,175.326380899,178226.0
2025-09-18 07:50:00,175.326380899,175.356342684,174.976826736,175.076699354,215173.0
2025-09-18 07:55:00,175.076699354,175.126635663,174.807043285,175.126635663,138087.0
2025-09-18 08:00:00,175.146610186,175.286431851,175.076699354,175.27644459,110314.0
2025-09-18 08:05:00,175.27644459,175.476189826,175.206533757,175.306805865,2319973.0
2025-09-18 08:10:00,175.306805865,175.346355422,175.046737568,175.096673877,139097.0
2025-09-18 08:15:00,175.096673877,175.156597448,174.876954118,175.076499608,203884.0
2025-09-18 08:20:00,175.076499608,175.086686615,174.926890427,175.026763045,153546.0
2025-09-18 08:25:00,175.026763045,175.106661139,174.956852212,174.987213488,140163.0
2025-09-18 08:30:00,174.987213488,175.196546495,174.976826736,175.028760497,149007.0
2025-09-18 08:35:00,175.046737568,175.076699354,174.876954118,174.956852212,144992.0
2025-09-18 08:40:00,174.956852212,174.986813997,174.787068761,174.797056023,150026.0
2025-09-18 08:45:00,174.797056023,174.976826736,174.627272573,174.627272573,230643.0
2025-09-18 08:50:00,174.627272573,174.896928641,174.627272573,174.7770815,187624.0
2025-09-18 08:55:00,174.7770815,174.807043285,174.517412693,174.556862377,227172.0
2025-09-18 09:00:00,174.556862377,174.617285311,174.307680195,174.467476384,259467.0
2025-09-18 09:05:00,174.487450907,174.757106976,174.367603766,174.746420606,266257.0
2025-09-18 09:10:00,174.746420606,175.066712092,174.677208882,174.876954118,323049.0
2025-09-18 09:15:00,174.876954118,175.026763045,174.727145191,174.956852212,176766.0
2025-09-18 09:20:00,174.956852212,174.996801259,174.577336264,174.727145191,185093.0
2025-09-18 09:25:00,174.727145191,175.006788521,174.727145191,174.827017809,250013.0
2025-09-18 09:30:00,174.827017809,174.846992332,173.378864848,173.598584607,693396.0
2025-09-18 09:35:00,173.758380796,175.156597448,173.548648298,174.961845843,11912090.0
2025-09-18 09:40:00,174.94686495,175.066712092,173.44877568,173.483830969,4546003.0
2025-09-18 09:45:00,173.488724727,173.748393534,172.979374376,173.104215148,3767009.0
2025-09-18 09:50:00,173.119196041,173.508699251,172.739680092,173.373871217,3770490.0
2025-09-18 09:55:00,173.368877586,173.768368058,172.919450805,173.05927247,3482451.0
2025-09-18 10:00:00,173.064266101,173.55863556,173.009336161,173.313947646,2701739.0
2025-09-18 10:05:00,173.313947646,173.878227938,173.27899223,173.853259783,2804658.0
2025-09-18 10:10:00,173.853259783,174.387578289,173.828291629,174.312673826,3341428.0
2025-09-18 10:15:00,174.317667457,174.744722771,174.317667457,174.69738315,2985679.0
2025-09-18 10:20:00,174.702177036,174.727145191,174.342635611,174.577436136,2453197.0
2025-09-18 10:25:00,174.577336264,175.00179489,174.577336264,174.972132722,3245560.0
2025-09-18 10:30:00,174.976826736,175.576062444,174.956852212,175.550994416,3869368.0
2025-09-18 10:35:00,175.546100658,176.015501963,175.456215302,175.508448681,5119105.0
2025-09-18 10:40:00,175.510645879,175.541107027,175.206533757,175.256370193,2833474.0
2025-09-18 10:45:00,175.251476435,175.451221671,175.05672483,175.091680246,2041860.0
2025-09-18 10:50:00,175.086686615,175.216521019,174.866966856,175.146610186,2266781.0
2025-09-18 10:55:00,175.151603817,175.326380899,175.046737568,175.321287395,1849888.0
2025-09-18 11:00:00,175.321387268,175.516138873,175.031756675,175.051032091,2443111.0
2025-09-18 11:05:00,175.05672483,175.655960538,175.031756675,175.481183456,1994944.0
2025-09-18 11:10:00,175.481183456,175.745845894,175.366329946,175.50115798,2031018.0
2025-09-18 11:15:00,175.506151611,175.850712143,175.466202564,175.705896847,1898327.0
2025-09-18 11:20:00,175.700903216,176.145236493,175.645973276,176.075425534,2538707.0
2025-09-18 11:25:00,176.072928718,176.16531089,175.905642083,176.015501963,1674898.0
2025-09-18 11:30:00,176.025489225,176.11038095,175.825943734,176.030482855,1721677.0
2025-09-18 11:35:00,176.031181964,176.345081602,175.995527439,176.170304521,2300587.0
2025-09-18 11:40:00,176.182690723,176.182690723,175.795782203,175.820750358,1999770.0
2025-09-18 11:45:00,175.830737619,175.94559113,175.496164349,175.616011491,2008906.0
2025-09-18 11:50:00,175.606523592,175.660954169,175.496264222,175.620905249,1045264.0
2025-09-18 11:55:00,175.616011491,175.6659478,175.241489173,175.502356451,1574965.0
2025-09-18 12:00:00,175.506151611,175.985540177,175.436240778,175.780901183,1568779.0
2025-09-18 12:05:00,175.77580768,176.035476486,175.750839525,176.015601835,1506937.0
2025-09-18 12:10:00,176.025489225,176.05545101,175.6659478,175.710890478,1142198.0
2025-09-18 12:15:00,175.715884109,175.985540177,175.581056074,175.920622976,1220531.0
2025-09-18 12:20:00,175.920622976,176.265183508,175.910635714,176.045863239,1490775.0
2025-09-18 12:25:00,176.050457379,176.124662734,175.94559113,175.98564005,1032998.0
2025-09-18 12:30:00,175.995527439,176.105387319,175.895654821,176.035476486,906984.0
2025-09-18 12:35:00,176.027386804,176.195272675,176.015501963,176.089907063,922663.0
2025-09-18 12:40:00,176.085412795,176.185285413,176.075425534,176.115374581,781680.0
2025-09-18 12:45:00,176.120368212,176.160317259,175.975552916,176.020495594,1035941.0
2025-09-18 12:50:00,176.025489225,176.265183508,176.005514701,176.255196246,998697.0
2025-09-18 12:55:00,176.255196246,176.405005173,176.245208984,176.300138924,1387835.0
2025-09-18 13:00:00,176.300138924,176.484903267,176.27517077,176.360761603,1547205.0
2025-09-18 13:05:00,176.360062495,176.494890529,176.200266306,176.45943575,1135965.0
2025-09-18 13:10:00,176.464928744,176.574788624,176.395017911,176.439960589,1428875.0
2025-09-18 13:15:00,176.439960589,176.574788624,176.405005173,176.504877791,1161674.0
2025-09-18 13:20:00,176.509871422,176.584775885,176.345081602,176.464928744,1596085.0
2025-09-18 13:25:00,176.464928744,176.704623027,176.424979697,176.60974404,1258652.0
2025-09-18 13:30:00,176.60974404,176.644699456,176.39002428,176.400011542,889834.0
2025-09-18 13:35:00,176.395017911,176.404306065,175.955578392,176.022992409,1418822.0
2025-09-18 13:40:00,176.020495594,176.125361843,175.935603868,176.123464263,1400479.0
2025-09-18 13:45:00,176.115474453,176.16531089,175.875680298,176.060444641,1062709.0
2025-09-18 13:50:00,176.060444641,176.245109111,176.045563621,176.115374581,991012.0
2025-09-18 13:55:00,176.11038095,176.285058159,175.965565654,176.240215353,977952.0
2025-09-18 14:00:00,176.240215353,176.272574081,175.985540177,176.060444641,869086.0
2025-09-18 14:05:00,176.05545101,176.175298152,175.885667559,176.151828086,1176959.0
2025-09-18 14:10:00,176.150329997,176.449947851,176.135349104,176.290151662,1367580.0
2025-09-18 14:15:00,176.285158031,176.285158031,175.915629345,175.970559285,1839522.0
2025-09-18 14:20:00,175.975552916,176.155423501,175.77580768,175.895654821,1398448.0
2025-09-18 14:25:00,175.900648452,176.355068864,175.805769465,176.32021332,1241780.0
2025-09-18 14:30:00,176.320113448,176.504877791,176.235221722,176.330100709,1122664.0
2025-09-18 14:35:00,176.330100709,176.464928744,176.285158031,176.409998804,1184280.0
2025-09-18 14:40:00,176.409998804,176.564801362,176.409998804,176.479909636,1042957.0
2025-09-18 14:45:00,176.479909636,176.529845945,176.345081602,176.39002428,953470.0
2025-09-18 14:50:00,176.395017911,176.864419216,176.39002428,176.77952749,2394035.0
2025-09-18 14:55:00,176.77453386,176.864419216,176.704623027,176.789514752,1321813.0
2025-09-18 15:00:00,176.784521121,176.804495645,176.616934868,176.629718563,1163664.0
2025-09-18 15:05:00,176.629718563,176.674661242,176.375043388,176.519858684,1293536.0
2025-09-18 15:10:00,176.517361868,176.644699456,176.484903267,176.619731302,1120976.0
2025-09-18 15:15:00,176.619731302,176.644699456,176.347079054,176.350075233,1212600.0
2025-09-18 15:20:00,176.350075233,176.60974404,176.285257904,176.539833207,1169631.0
2025-09-18 15:25:00,176.539833207,176.5548141,176.305132555,176.330200582,1147446.0
2025-09-18 15:30:00,176.330100709,176.375043388,176.065438272,176.120368212,1476999.0
2025-09-18 15:35:00,176.115374581,176.874406478,176.065438272,176.504877791,3452314.0
2025-09-18 15:40:00,176.509871422,176.614737671,176.424979697,176.519858684,4184260.0
2025-09-18 15:45:00,176.514964925,176.654686718,176.434966958,176.465028616,1423815.0
2025-09-18 15:50:00,176.469922375,176.484903267,176.285158031,176.375043388,1624150.0
2025-09-18 15:55:00,176.375043388,176.484903267,176.215247199,176.413494345,2707130.0
2025-09-18 16:00:00,176.406303517,176.424979697,173.988087817,176.015501963,19336013.0
2025-09-18 16:05:00,176.015501963,176.16531089,175.576062444,175.806268828,5458246.0
2025-09-18 16:10:00,175.806268828,175.845718512,175.725871371,175.775108571,185257.0
2025-09-18 16:15:00,175.775108571,175.825743989,175.725871371,175.73615825,49057.0
2025-09-18 16:20:00,175.73615825,175.875680298,175.725871371,175.875680298,49745.0
2025-09-18 16:25:00,175.875680298,175.965565654,175.855705774,175.865693036,89965.0
2025-09-18 16:30:00,175.865693036,175.885667559,175.795782203,175.855705774,19941.0
2025-09-18 16:35:00,175.855705774,176.151828086,175.825743989,176.075425534,76837.0
2025-09-18 16:40:00,176.075425534,176.16531089,176.05545101,176.16531089,59733.0
2025-09-18 16:45:00,176.135349104,176.155223755,176.085412795,176.135349104,30308.0
2025-09-18 16:50:00,176.135349104,176.153026558,176.125361843,176.145336366,51264.0
2025-09-18 16:55:00,176.145336366,176.195272675,176.145336366,176.155323628,809942.0
2025-09-18 17:00:00,176.155323628,176.16531089,175.985540177,176.015501963,22086.0
