code,name,time_key,open,close,high,low,pe_ratio,turnover_rate,volume,turnover,change_rate,last_close
US.PLTR,Palantir,2026-08-25 19:10:00,172.42,172.42,172.44,172.42,0.0,0.0,1199.0,206811.498,0.0,172.42
US.PLTR,Palantir,2026-08-25 19:15:00,172.42,172.4652,172.4676,172.42,0.0,0.0,1191.0,205538.685,0.026215056257987798,172.42
US.PLTR,Palantir,2026-08-25 19:20:00,172.4652,172.47,172.47,172.4146,0.0,0.0,1916.0,330534.993,0.0027831701699756314,172.4652
US.PLTR,Palantir,2026-08-25 19:25:00,172.47,172.4,172.47,172.4,0.0,0.0,2110.0,363882.27,-0.04058676871339548,172.47
US.PLTR,Palantir,2026-08-25 19:30:00,172.4,172.31,172.43,172.31,0.0,0.0,1847.0,318453.829,-0.052204176334108704,172.4
US.PLTR,Palantir,2026-08-25 19:35:00,172.31,172.2505,172.31,172.2505,0.0,0.0,1861.0,320684.547,-0.034530787534103706,172.31
US.PLTR,Palantir,2026-08-25 19:40:00,172.2505,172.28,172.3,172.2219,0.0,0.0,3292.0,567125.164,0.017126220243199854,172.2505
US.PLTR,Palantir,2026-08-25 19:45:00,172.28,172.2493,172.2824,172.2493,0.0,0.0,2009.0,346090.205,-0.01781982818667051,172.28
US.PLTR,Palantir,2026-08-25 19:50:00,172.2493,172.19,172.3,172.19,0.0,0.0,3338.0,574926.126,-0.03442684527600835,172.2493
US.PLTR,Palantir,2026-08-25 19:55:00,172.19,172.15,172.21,172.15,0.0,0.0,1789.0,308010.018,-0.023230152738249632,172.19
US.PLTR,Palantir,2026-08-25 20:00:00,172.15,172.101,172.2,172.101,0.0,0.0,2851.0,490895.577,-0.02846354923032622,172.15
US.PLTR,Palantir,2026-08-26 04:05:00,172.73,171.3,172.73,171.11,0.0,0.0,57856.0,9931185.508,-0.4654243728973032,172.101
US.PLTR,Palantir,2026-08-26 04:10:00,171.3,170.88,171.3,170.62,0.0,0.0,14380.0,2458751.653,-0.24518388791594622,171.3
US.PLTR,Palantir,2026-08-26 04:15:00,170.81,171.0,171.0,170.75,0.0,0.0,4395.0,750977.792,0.07022471910112627,170.88
US.PLTR,Palantir,2026-08-26 04:20:00,171.0,170.85,171.14,170.7,0.0,0.0,3417.0,583884.165,-0.08771929824561736,171.0
US.PLTR,Palantir,2026-08-26 04:25:00,170.85,170.83,170.85,170.8,0.0,0.0,1733.0,296079.917,-0.011706175007305713,170.85
US.PLTR,Palantir,2026-08-26 04:30:00,171.0,171.01,171.01,170.82,0.0,0.0,2363.0,403935.479,0.10536790961773598,170.83
US.PLTR,Palantir,2026-08-26 04:35:00,171.01,171.0,171.01,170.9,0.0,0.0,1149.0,196421.354,-0.005847611250798728,171.01
US.PLTR,Palantir,2026-08-26 04:40:00,171.0,170.79,171.0,170.79,0.0,0.0,683.0,116926.747,-0.12280701754386429,171.0
US.PLTR,Palantir,2026-08-26 04:45:00,170.79,171.09,171.15,170.79,0.0,0.0,1267.0,216854.063,0.17565431231337394,170.79
US.PLTR,Palantir,2026-08-26 04:50:00,171.09,171.25,171.25,171.03,0.0,0.0,3247.0,555902.437,0.09351803144543608,171.09
US.PLTR,Palantir,2026-08-26 04:55:00,171.12,171.04,171.12,171.04,0.0,0.0,2514.0,430100.656,-0.12262773722628202,171.25
US.PLTR,Palantir,2026-08-26 05:00:00,171.04,171.15,171.15,171.04,0.0,0.0,2073.0,354820.588,0.06431244153415204,171.04
US.PLTR,Palantir,2026-08-26 05:05:00,171.15,171.09,171.15,171.09,0.0,0.0,1220.0,208667.81,-0.03505696757230632,171.15
US.PLTR,Palantir,2026-08-26 05:10:00,171.09,170.77,171.09,170.77,0.0,0.0,4763.0,813811.857,-0.18703606289087216,171.09
US.PLTR,Palantir,2026-08-26 05:15:00,170.77,170.7487,170.94,170.73,0.0,0.0,3240.0,553615.247,-0.01247291678866109,170.77
US.PLTR,Palantir,2026-08-26 05:20:00,170.7487,170.75,170.83,170.72,0.0,0.0,1853.0,316438.211,0.0007613527950645082,170.7487
US.PLTR,Palantir,2026-08-26 05:25:00,170.75,170.7,170.7877,170.7,0.0,0.0,2621.0,447477.66,-0.02928257686677093,170.75
US.PLTR,Palantir,2026-08-26 05:30:00,170.7,170.66,170.7,170.62,0.0,0.0,1545.0,263672.526,-0.02343292325717167,170.7
US.PLTR,Palantir,2026-08-26 05:35:00,170.66,170.71,170.71,170.66,0.0,0.0,1968.0,335942.369,0.02929801945389158,170.66
US.PLTR,Palantir,2026-08-26 05:40:00,170.71,170.6,170.75,170.6,0.0,0.0,2505.0,427648.898,-0.0644367641028725,170.71
US.PLTR,Palantir,2026-08-26 05:45:00,170.6,170.76,170.76,170.6,0.0,0.0,1597.0,272633.77,0.09378663540445287,170.6
US.PLTR,Palantir,2026-08-26 05:50:00,170.76,170.72,170.76,170.7,0.0,0.0,1293.0,220823.344,-0.023424689622857837,170.76
US.PLTR,Palantir,2026-08-26 05:55:00,170.72,170.76,170.76,170.66,0.0,0.0,1900.0,324338.634,0.023430178069348665,170.72
US.PLTR,Palantir,2026-08-26 06:00:00,170.76,170.85,170.94,170.76,0.0,0.0,3985.0,680581.942,0.05270555165144262,170.76
US.PLTR,Palantir,2026-08-26 06:05:00,170.85,170.54,170.85,170.54,0.0,0.0,5640.0,962382.204,-0.18144571261340492,170.85
US.PLTR,Palantir,2026-08-26 06:10:00,170.54,170.55,170.6,170.52,0.0,0.0,1938.0,330622.916,0.005863726984882918,170.54
US.PLTR,Palantir,2026-08-26 06:15:00,170.55,170.47,170.55,170.47,0.0,0.0,4519.0,770566.563,-0.0469070653767297,170.55
US.PLTR,Palantir,2026-08-26 06:20:00,170.47,170.65,170.65,170.47,0.0,0.0,3137.0,535175.185,0.10559042646800423,170.47
US.PLTR,Palantir,2026-08-26 06:25:00,170.65,170.77,170.77,170.65,0.0,0.0,6895.0,1177420.763,0.07031936712569853,170.65
US.PLTR,Palantir,2026-08-26 06:30:00,170.77,170.8,170.9,170.77,0.0,0.0,2624.0,448387.455,0.017567488434737447,170.77
US.PLTR,Palantir,2026-08-26 06:35:00,170.8,170.5044,170.8,170.5044,0.0,0.0,3227.0,550792.75,-0.17306791569087085,170.8
US.PLTR,Palantir,2026-08-26 06:40:00,170.5044,170.95,170.95,170.5044,0.0,0.0,956.0,163317.529,0.26134222929143447,170.5044
US.PLTR,Palantir,2026-08-26 06:45:00,170.95,170.95,170.95,170.95,0.0,0.0,328.0,56068.468,0.0,170.95
US.PLTR,Palantir,2026-08-26 06:50:00,170.95,170.95,170.95,170.95,0.0,0.0,525.0,89671.724,0.0,170.95
US.PLTR,Palantir,2026-08-26 06:55:00,170.95,170.9666,170.9666,170.81,0.0,0.0,3083.0,526952.609,0.009710441649611613,170.95
US.PLTR,Palantir,2026-08-26 07:00:00,170.9666,170.97,171.03,170.91,0.0,0.0,4014.0,686470.615,0.0019886925282477288,170.9666
US.PLTR,Palantir,2026-08-26 07:05:00,170.97,171.08,171.14,170.7,0.0,0.0,14224.0,2431328.155,0.0643387728841397,170.97
US.PLTR,Palantir,2026-08-26 07:10:00,171.08,170.86,171.1,170.78,0.0,0.0,3117.0,532857.798,-0.12859480944587262,171.08
US.PLTR,Palantir,2026-08-26 07:15:00,170.86,170.9,170.9,170.67,0.0,0.0,11735.0,2004015.759,0.023410979749497855,170.86
US.PLTR,Palantir,2026-08-26 07:20:00,170.9,171.22,171.2282,170.9,0.0,0.0,6821.0,1167201.558,0.18724400234054603,170.9
US.PLTR,Palantir,2026-08-26 07:25:00,171.22,171.11,171.223,171.0,0.0,0.0,2478.0,424074.688,-0.06424483121129845,171.22
US.PLTR,Palantir,2026-08-26 07:30:00,171.11,171.29,171.29,170.91,0.0,0.0,5634.0,964226.927,0.10519548828237882,171.11
US.PLTR,Palantir,2026-08-26 07:35:00,171.29,170.9235,171.29,170.9235,0.0,0.0,2391.0,408993.168,-0.2139646214023014,171.29
US.PLTR,Palantir,2026-08-26 07:40:00,170.92,170.62,170.92,170.578,0.0,0.0,4737.0,808900.476,-0.17756481700877028,170.9235
US.PLTR,Palantir,2026-08-26 07:45:00,170.7,170.8,170.9366,170.66,0.0,0.0,4467.0,762978.44,0.10549759699918346,170.62
US.PLTR,Palantir,2026-08-26 07:50:00,170.8,170.75,170.96,170.662,0.0,0.0,2733.0,466991.05,-0.0292740046838474,170.8
US.PLTR,Palantir,2026-08-26 07:55:00,170.75,171.0,171.0706,170.75,0.0,0.0,2972.0,508038.644,0.14641288433382138,170.75
US.PLTR,Palantir,2026-08-26 08:00:00,171.04,170.95,171.04,170.8,0.0,0.0,4574.0,781842.891,-0.02923976608187799,171.0
US.PLTR,Palantir,2026-08-26 08:05:00,170.95,170.831,170.95,170.831,0.0,0.0,1619.0,276637.33,-0.06961099736765124,170.95
US.PLTR,Palantir,2026-08-26 08:10:00,170.831,170.85,170.95,170.82,0.0,0.0,2133.0,364538.993,0.011122103131167913,170.831
US.PLTR,Palantir,2026-08-26 08:15:00,170.85,170.75,170.86,170.48,0.0,0.0,21667.0,3697627.706,-0.058530875036578466,170.85
US.PLTR,Palantir,2026-08-26 08:20:00,170.75,170.62,170.75,170.55,0.0,0.0,3911.0,667353.21,-0.07613469985358445,170.75
US.PLTR,Palantir,2026-08-26 08:25:00,170.62,170.84,170.9,170.62,0.0,0.0,3598.0,614659.404,0.12894150744344088,170.62
US.PLTR,Palantir,2026-08-26 08:30:00,170.84,171.2,171.26,170.84,0.0,0.0,4140.0,708389.908,0.21072348396159285,170.84
US.PLTR,Palantir,2026-08-26 08:35:00,171.2,170.5,171.2,170.5,0.0,0.0,10299.0,1758258.407,-0.40887850467289055,171.2
US.PLTR,Palantir,2026-08-26 08:40:00,170.5,170.4352,170.57,170.22,0.0,0.0,15169.0,2584323.389,-0.03800586510263407,170.5
US.PLTR,Palantir,2026-08-26 08:45:00,170.4352,170.5015,170.69,170.3386,0.0,0.0,7945.0,1355096.718,0.03890041493774997,170.4352
US.PLTR,Palantir,2026-08-26 08:50:00,170.5015,170.4369,170.69,170.4369,0.0,0.0,4535.0,773227.334,-0.03788822972231004,170.5015
US.PLTR,Palantir,2026-08-26 08:55:00,170.4369,170.4,170.59,170.4,0.0,0.0,6199.0,1057183.616,-0.021650241232974092,170.4369
US.PLTR,Palantir,2026-08-26 09:00:00,170.4,170.99,170.99,170.4,0.0,0.0,7946.0,1355700.689,0.34624413145540106,170.4
US.PLTR,Palantir,2026-08-26 09:05:00,170.94,170.57,170.94,170.413,0.0,0.0,11917.0,2032337.068,-0.24562839932160707,170.99
US.PLTR,Palantir,2026-08-26 09:10:00,170.57,170.25,170.62,170.25,0.0,0.0,17600.0,2998651.388,-0.18760626135896885,170.57
US.PLTR,Palantir,2026-08-26 09:15:00,170.25,170.36,170.44,170.12,0.0,0.0,22670.0,3859067.809,0.06461086637298892,170.25
US.PLTR,Palantir,2026-08-26 09:20:00,170.36,170.6159,170.95,170.36,0.0,0.0,13084.0,2232911.719,0.15021131721061098,170.36
US.PLTR,Palantir,2026-08-26 09:25:00,170.6159,171.0225,171.04,170.5018,0.0,0.0,15206.0,2597139.81,0.23831307633110244,170.6159
US.PLTR,Palantir,2026-08-26 09:30:00,171.0225,170.54,171.2,170.1,0.0,0.0,37764.0,6444985.709,-0.2821266207662827,171.0225
US.PLTR,Palantir,2026-08-26 09:35:00,170.6,171.5508,171.6464,168.9,0.0,0.0,1198544.0,203976034.041,0.59270552363083,170.54
US.PLTR,Palantir,2026-08-26 09:40:00,171.61,171.48,172.68,170.8,0.0,0.0,640977.0,110046658.507,-0.04127057408069198,171.5508
US.PLTR,Palantir,2026-08-26 09:45:00,171.46,171.69,172.1,171.15,0.0,0.0,475122.0,81534962.283,0.12246326102169813,171.48
US.PLTR,Palantir,2026-08-26 09:50:00,171.805,172.4824,173.48,171.8,0.0,0.0,627705.0,108419268.351,0.461529500844554,171.69
US.PLTR,Palantir,2026-08-26 09:55:00,172.475,172.535,172.6795,171.77,0.0,0.0,329578.0,56776425.589,0.03049586508535595,172.4824
US.PLTR,Palantir,2026-08-26 10:00:00,172.54,173.29,173.33,172.42,0.0,0.0,270485.0,46744724.89,0.4375923725620862,172.535
US.PLTR,Palantir,2026-08-26 10:05:00,173.26,173.23,173.44,172.28,0.0,0.0,448417.0,77538269.755,-0.034624040625542314,173.29
US.PLTR,Palantir,2026-08-26 10:10:00,173.2074,174.7401,174.98,173.2074,0.0,0.0,764279.0,133156036.616,0.8717312243837804,173.23
US.PLTR,Palantir,2026-08-26 10:15:00,174.78,174.955,175.44,174.28,0.0,0.0,607659.0,106284494.544,0.12298264679944676,174.7401
US.PLTR,Palantir,2026-08-26 10:20:00,174.955,175.705,175.99,174.76,0.0,0.0,620522.0,108890370.001,0.4286816609985425,174.955
US.PLTR,Palantir,2026-08-26 10:25:00,175.71,175.5647,176.2,174.94,0.0,0.0,524842.0,92184196.053,-0.07984974815743702,175.705
US.PLTR,Palantir,2026-08-26 10:30:00,175.585,175.98,176.12,175.35,0.0,0.0,427207.0,75076576.846,0.23655096952861368,175.5647
US.PLTR,Palantir,2026-08-26 10:35:00,175.96,175.475,176.24,175.2,0.0,0.0,395999.0,69557961.769,-0.28696442777588105,175.98
US.PLTR,Palantir,2026-08-26 10:40:00,175.505,175.23,175.8,174.98,0.0,0.0,234184.0,41072638.703,-0.1396210286365605,175.475
US.PLTR,Palantir,2026-08-26 10:45:00,175.235,175.24,175.34,174.9584,0.0,0.0,188357.0,32996016.346,0.005706785367813346,175.23
US.PLTR,Palantir,2026-08-26 10:50:00,175.22,174.75,175.25,174.6101,0.0,0.0,183749.0,32143843.258,-0.27961652590733227,175.24
US.PLTR,Palantir,2026-08-26 10:55:00,174.75,174.76,174.94,174.663002,0.0,0.0,146852.0,25671811.597,0.0057224606580777715,174.75
US.PLTR,Palantir,2026-08-26 11:00:00,174.78,174.82,175.03,174.728,0.0,0.0,170372.0,29797128.7,0.03433279926756825,174.76
US.PLTR,Palantir,2026-08-26 11:05:00,174.8,174.375,174.93,174.294,0.0,0.0,156925.0,27397567.769,-0.25454753460702045,174.82
US.PLTR,Palantir,2026-08-26 11:10:00,174.4,174.39,174.5,173.9001,0.0,0.0,233187.0,40634880.286,0.008602150537626585,174.375
US.PLTR,Palantir,2026-08-26 11:15:00,174.38,174.64,174.7887,174.29,0.0,0.0,188304.0,32870119.713,0.14335684385572567,174.39
US.PLTR,Palantir,2026-08-26 11:20:00,174.64,174.345,174.6699,174.32,0.0,0.0,198901.0,34715205.453,-0.16891891891891178,174.64
US.PLTR,Palantir,2026-08-26 11:25:00,174.334,174.04,174.5,173.98,0.0,0.0,134805.0,23485935.781,-0.1749404915541064,174.345
US.PLTR,Palantir,2026-08-26 11:30:00,174.02,174.0764,174.2699,173.87,0.0,0.0,165151.0,28746793.156,0.020914732245469227,174.04
US.PLTR,Palantir,2026-08-26 11:35:00,174.065,174.205,174.34,173.74,0.0,0.0,210264.0,36599459.851,0.07387560864080703,174.0764
US.PLTR,Palantir,2026-08-26 11:40:00,174.1601,174.99,175.28,174.1601,0.0,0.0,280571.0,49032104.797,0.45061852415257686,174.205
US.PLTR,Palantir,2026-08-26 11:45:00,175.0,174.7999,175.1952,174.3601,0.0,0.0,218957.0,38263416.727,-0.1086347791302366,174.99
US.PLTR,Palantir,2026-08-26 11:50:00,174.75,175.3616,175.4,174.66,0.0,0.0,118897.0,20804222.904,0.32133885660117756,174.7999
US.PLTR,Palantir,2026-08-26 11:55:00,175.38,174.745,175.42,174.61,0.0,0.0,184924.0,32359422.635,-0.3516163173693701,175.3616
US.PLTR,Palantir,2026-08-26 12:00:00,174.72,174.64,174.85,174.6,0.0,0.0,95184.0,16631631.872,-0.060087556153262285,174.745
US.PLTR,Palantir,2026-08-26 12:05:00,174.68,175.3,175.3777,174.63,0.0,0.0,157963.0,27650174.318,0.37792029317454484,174.64
US.PLTR,Palantir,2026-08-26 12:10:00,175.32,175.075,175.38,174.98,0.0,0.0,138926.0,24331246.775,-0.1283513976041202,175.3
US.PLTR,Palantir,2026-08-26 12:15:00,175.06,174.92,175.1881,174.8601,0.0,0.0,99613.0,17432810.079,-0.08853348564900822,175.075
US.PLTR,Palantir,2026-08-26 12:20:00,174.92,174.96,175.0,174.8,0.0,0.0,109311.0,19118985.73,0.022867596615607402,174.92
US.PLTR,Palantir,2026-08-26 12:25:00,174.9801,174.97,175.21,174.9001,0.0,0.0,99740.0,17457247.256,0.005715592135340023,174.96
US.PLTR,Palantir,2026-08-26 12:30:00,175.0,174.915,175.165,174.86,0.0,0.0,70268.0,12295212.941,-0.03143396010745089,174.97
US.PLTR,Palantir,2026-08-26 12:35:00,174.93,175.0,175.12,174.88,0.0,0.0,104553.0,18296223.311,0.0485950318726284,174.915
US.PLTR,Palantir,2026-08-26 12:40:00,174.985,174.9605,175.21,174.95,0.0,0.0,80793.0,14143655.925,-0.022571428571430782,175.0
US.PLTR,Palantir,2026-08-26 12:45:00,174.995,174.965,175.13,174.94,0.0,0.0,84383.0,14770772.285,0.002572009110631986,174.9605
US.PLTR,Palantir,2026-08-26 12:50:00,174.955,174.899,175.11,174.8894,0.0,0.0,83803.0,14663902.556,-0.0377218300803032,174.965
US.PLTR,Palantir,2026-08-26 12:55:00,174.91,175.0,175.015,174.4,0.0,0.0,142065.0,24823567.306,0.057747614337417076,174.899
US.PLTR,Palantir,2026-08-26 13:00:00,175.0199,174.875,175.0299,174.73,0.0,0.0,77990.0,13640785.914,-0.07142857142857142,175.0
US.PLTR,Palantir,2026-08-26 13:05:00,174.875,175.6799,175.7,174.8,0.0,0.0,265679.0,46577759.718,0.46027162258756454,174.875
US.PLTR,Palantir,2026-08-26 13:10:00,175.68,175.7,175.9,175.52,0.0,0.0,350285.0,61529043.747,0.011441263343151454,175.6799
US.PLTR,Palantir,2026-08-26 13:15:00,175.705,175.355,175.82,175.255,0.0,0.0,223275.0,39181273.028,-0.196357427433124,175.7
US.PLTR,Palantir,2026-08-26 13:20:00,175.4,175.89,175.89,175.355,0.0,0.0,149575.0,26271156.592,0.30509537794759006,175.355
US.PLTR,Palantir,2026-08-26 13:25:00,175.9,175.79,175.93,175.6,0.0,0.0,174273.0,30633787.82,-0.05685371539029752,175.89
US.PLTR,Palantir,2026-08-26 13:30:00,175.77,175.9,175.94,175.63,0.0,0.0,83356.0,14651249.423,0.0625746629501187,175.79
US.PLTR,Palantir,2026-08-26 13:35:00,175.8898,176.88,176.95,175.72,0.0,0.0,437987.0,77239108.049,0.5571347356452472,175.9
US.PLTR,Palantir,2026-08-26 13:40:00,176.89,177.47,177.53,176.87,0.0,0.0,696320.0,123388861.66,0.3335594753505221,176.88
US.PLTR,Palantir,2026-08-26 13:45:00,177.4996,177.0226,177.94,176.8001,0.0,0.0,585071.0,103782337.492,-0.2520989463007762,177.47
US.PLTR,Palantir,2026-08-26 13:50:00,177.03,176.195,177.34,176.185,0.0,0.0,320909.0,56688968.861,-0.4675109279832169,177.0226
US.PLTR,Palantir,2026-08-26 13:55:00,176.2,176.62,176.8,176.07,0.0,0.0,253828.0,44795679.565,0.24121002298590274,176.195
US.PLTR,Palantir,2026-08-26 14:00:00,176.62,176.58,176.7699,176.347,0.0,0.0,179910.0,31769850.903,-0.02264749179027972,176.62
US.PLTR,Palantir,2026-08-26 14:05:00,176.59,176.42,176.6999,176.3,0.0,0.0,117088.0,20665243.685,-0.09061048816401915,176.58
US.PLTR,Palantir,2026-08-26 14:10:00,176.43,176.905,176.93,176.24,0.0,0.0,145742.0,25732154.452,0.27491214148056553,176.42
US.PLTR,Palantir,2026-08-26 14:15:00,176.905,176.925,177.1499,176.76,0.0,0.0,171671.0,30370786.428,0.011305502953568431,176.905
US.PLTR,Palantir,2026-08-26 14:20:00,176.925,176.9,177.07,176.71,0.0,0.0,126035.0,22292584.42,-0.014130281192598943,176.925
US.PLTR,Palantir,2026-08-26 14:25:00,176.8901,176.92,177.14,176.84,0.0,0.0,169741.0,30043843.958,0.01130582249857649,176.9
US.PLTR,Palantir,2026-08-26 14:30:00,176.93,176.73,176.99,176.72,0.0,0.0,95627.0,16910563.964,-0.1073931720551649,176.92
US.PLTR,Palantir,2026-08-26 14:35:00,176.73,177.09,177.33,176.69,0.0,0.0,175414.0,31052871.702,0.20370056017654822,176.73
US.PLTR,Palantir,2026-08-26 14:40:00,177.0985,177.265,177.29,177.0,0.0,0.0,149965.0,26563736.324,0.09881980913658758,177.09
US.PLTR,Palantir,2026-08-26 14:45:00,177.2405,177.495,177.53,177.05,0.0,0.0,182004.0,32274990.248,0.12974924547994143,177.265
US.PLTR,Palantir,2026-08-26 14:50:00,177.5,177.66,177.8499,177.4501,0.0,0.0,232727.0,41342587.552,0.09296036508070202,177.495
US.PLTR,Palantir,2026-08-26 14:55:00,177.6441,177.92,178.19,177.644,0.0,0.0,368821.0,65613230.421,0.14634695485758806,177.66
US.PLTR,Palantir,2026-08-26 15:00:00,177.92,177.85,178.1,177.84,0.0,0.0,193268.0,34390147.494,-0.03934352517985228,177.92
US.PLTR,Palantir,2026-08-26 15:05:00,177.85,178.0,178.0799,177.7,0.0,0.0,199615.0,35510686.19,0.08434073657576929,177.85
US.PLTR,Palantir,2026-08-26 15:10:00,178.0,178.045,178.2299,177.95,0.0,0.0,249586.0,44452747.047,0.02528089887639747,178.0
US.PLTR,Palantir,2026-08-26 15:15:00,178.06,177.97,178.11,177.915,0.0,0.0,154437.0,27492817.264,-0.042124182088791394,178.045
US.PLTR,Palantir,2026-08-26 15:20:00,177.975,178.16,178.239,177.975,0.0,0.0,157218.0,28005464.623,0.1067595662190244,177.97
US.PLTR,Palantir,2026-08-26 15:25:00,178.155,178.175,178.1799,177.97,0.0,0.0,139660.0,24868086.014,0.008419398293676909,178.16
US.PLTR,Palantir,2026-08-26 15:30:00,178.175,178.05,178.4,178.05,0.0,0.0,207773.0,37033807.483,-0.07015574575557737,178.175
US.PLTR,Palantir,2026-08-26 15:35:00,178.05,178.22,178.38,177.9508,0.0,0.0,163278.0,29093955.075,0.09547879809041701,178.05
US.PLTR,Palantir,2026-08-26 15:40:00,178.24,178.03,178.49,178.01,0.0,0.0,206624.0,36836542.692,-0.10660980810234413,178.22
US.PLTR,Palantir,2026-08-26 15:45:00,178.03,177.85,178.1199,177.56,0.0,0.0,322560.0,57351966.166,-0.10110655507499118,178.03
US.PLTR,Palantir,2026-08-26 15:50:00,177.8,177.73,177.83,177.58,0.0,0.0,214423.0,38100900.466,-0.06747258926061545,177.85
US.PLTR,Palantir,2026-08-26 15:55:00,177.79,177.5,177.86,177.4,0.0,0.0,528421.0,93843084.559,-0.12940977887806773,177.73
US.PLTR,Palantir,2026-08-26 16:00:00,177.48,177.5,178.12,177.4162,0.0,0.0,3632733.0,644987145.748,0.0,177.5
US.PLTR,Palantir,2026-08-26 16:05:00,177.5,177.0746,177.54,177.0,0.0,0.0,2375423.0,421626761.541,-0.23966197183098378,177.5
US.PLTR,Palantir,2026-08-26 16:10:00,177.0746,178.25,178.25,177.0746,0.0,0.0,243639.0,43254280.884,0.6637880305814591,177.0746
US.PLTR,Palantir,2026-08-26 16:15:00,178.25,179.4603,179.6,177.7969,0.0,0.0,822159.0,146028549.145,0.6789901823281849,178.25
US.PLTR,Palantir,2026-08-26 16:20:00,179.4603,178.5697,179.51,178.5609,0.0,0.0,20157.0,3609906.071,-0.49626574791192146,179.4603
US.PLTR,Palantir,2026-08-26 16:25:00,178.5697,178.22,178.63,177.91,0.0,0.0,26523.0,4727431.648,-0.19583389567211723,178.5697
US.PLTR,Palantir,2026-08-26 16:30:00,178.22,178.15,178.66,178.02,0.0,0.0,22216.0,3959720.973,-0.03927729772191291,178.22
US.PLTR,Palantir,2026-08-26 16:35:00,178.15,178.29,178.5,178.05,0.0,0.0,17800.0,3172512.776,0.07858546168957976,178.15
US.PLTR,Palantir,2026-08-26 16:40:00,178.29,178.3692,178.5876,178.29,0.0,0.0,12958.0,2311705.764,0.0444220090863281,178.29
US.PLTR,Palantir,2026-08-26 16:45:00,178.3692,178.1212,178.3692,178.0295,0.0,0.0,4418.0,787352.811,-0.13903745713947185,178.3692
US.PLTR,Palantir,2026-08-26 16:50:00,178.1212,178.24,178.3118,178.01,0.0,0.0,6085.0,1084101.951,0.06669615969352417,178.1212
US.PLTR,Palantir,2026-08-26 16:55:00,178.24,178.4499,178.4499,178.0903,0.0,0.0,15684.0,2796812.658,0.1177625673249577,178.24
US.PLTR,Palantir,2026-08-26 17:00:00,178.4499,178.2,178.4499,178.1645,0.0,0.0,4289.0,764480.247,-0.14003930514952662,178.4499
US.PLTR,Palantir,2026-08-26 17:05:00,178.2,177.37,178.3035,177.37,0.0,0.0,12730.0,2265029.049,-0.46576879910212354,178.2
US.PLTR,Palantir,2026-08-26 17:10:00,177.37,176.693,177.67,176.6,0.0,0.0,37027.0,6566449.99,-0.38168799684275384,177.37
US.PLTR,Palantir,2026-08-26 17:15:00,176.693,177.48,177.8,176.693,0.0,0.0,14148.0,2509566.473,0.44540530751075463,176.693
US.PLTR,Palantir,2026-08-26 17:20:00,177.48,177.2434,177.8697,177.0,0.0,0.0,12437.0,2207518.311,-0.13331079558259043,177.48
US.PLTR,Palantir,2026-08-26 17:25:00,177.2434,177.3114,177.65,177.11,0.0,0.0,3675.0,652183.047,0.038365321360334784,177.2434
US.PLTR,Palantir,2026-08-26 17:30:00,177.3,177.3007,177.33,177.2,0.0,0.0,2598.0,460780.951,-0.006034580968841101,177.3114
US.PLTR,Palantir,2026-08-26 17:35:00,177.3007,177.4,177.69,177.3007,0.0,0.0,5778.0,1025386.532,0.05600654706946983,177.3007
US.PLTR,Palantir,2026-08-26 17:40:00,177.4,177.3798,177.5607,177.34,0.0,0.0,7232.0,1282956.928,-0.011386696730561934,177.4
US.PLTR,Palantir,2026-08-26 17:45:00,177.3798,177.5,177.69,177.3798,0.0,0.0,3731.0,662329.522,0.06776419862916251,177.3798
US.PLTR,Palantir,2026-08-26 17:50:00,177.5,177.3986,177.6,177.38,0.0,0.0,5765.0,1023421.483,-0.057126760563387245,177.5
US.PLTR,Palantir,2026-08-26 17:55:00,177.3986,177.111,177.5,177.11,0.0,0.0,5161.0,914902.937,-0.16212078336582006,177.3986
US.PLTR,Palantir,2026-08-26 18:00:00,177.111,177.5,177.5,177.111,0.0,0.0,1492.0,264551.892,0.21963627329754223,177.111
US.PLTR,Palantir,2026-08-26 18:05:00,177.5,177.5204,177.6,177.0,0.0,0.0,14637.0,2594289.256,0.011492957746476106,177.5
US.PLTR,Palantir,2026-08-26 18:10:00,177.5204,177.5836,177.69,177.5188,0.0,0.0,5205.0,923905.472,0.03560154213261958,177.5204
US.PLTR,Palantir,2026-08-26 18:15:00,177.5836,177.744,177.8,177.5836,0.0,0.0,2820.0,501213.512,0.09032365601328607,177.5836
US.PLTR,Palantir,2026-08-26 18:20:00,177.744,178.0,178.0,177.744,0.0,0.0,11103.0,1974788.293,0.144027365199388,177.744
US.PLTR,Palantir,2026-08-26 18:25:00,178.0,178.3,178.35,178.0,0.0,0.0,6128.0,1092586.93,0.168539325842703,178.0
US.PLTR,Palantir,2026-08-26 18:30:00,178.3,178.0,178.3,178.0,0.0,0.0,1503.0,267906.411,-0.16825574873808824,178.3
US.PLTR,Palantir,2026-08-26 18:35:00,178.12,178.152,178.2228,178.07,0.0,0.0,2816.0,501607.422,0.08539325842695888,178.0
US.PLTR,Palantir,2026-08-26 18:40:00,178.152,178.0,178.152,178.0,0.0,0.0,2046.0,364310.353,-0.08532040055682048,178.152
US.PLTR,Palantir,2026-08-26 18:45:00,178.0,177.96,178.0,177.808,0.0,0.0,1864.0,331789.24,-0.022471910112355078,178.0
US.PLTR,Palantir,2026-08-26 18:50:00,177.96,177.8,178.06,177.75,0.0,0.0,2241.0,398900.221,-0.08990784445942716,177.96
US.PLTR,Palantir,2026-08-26 18:55:00,177.8,177.8955,177.8955,177.61,0.0,0.0,1991.0,354048.175,0.05371203599549327,177.8
US.PLTR,Palantir,2026-08-26 19:00:00,177.8955,177.86,177.8955,177.5,0.0,0.0,2912.0,517568.677,-0.01995553569369926,177.8955
US.PLTR,Palantir,2026-08-26 19:05:00,177.86,177.9,177.9,177.6558,0.0,0.0,1621.0,288298.168,0.022489598560661215,177.86
US.PLTR,Palantir,2026-08-26 19:10:00,177.9,177.7,177.97,177.7,0.0,0.0,4498.0,799878.492,-0.11242270938730582,177.9
US.PLTR,Palantir,2026-08-26 19:15:00,177.7,177.7,177.7,177.7,0.0,0.0,328.0,58448.864,0.0,177.7
US.PLTR,Palantir,2026-08-26 19:20:00,177.7,177.75,177.75,177.6434,0.0,0.0,873.0,155279.201,0.028137310073163405,177.7
US.PLTR,Palantir,2026-08-26 19:25:00,177.75,177.6596,177.75,177.6596,0.0,0.0,1112.0,197673.208,-0.05085794655414248,177.75
US.PLTR,Palantir,2026-08-26 19:30:00,177.6596,177.6604,177.9,177.6596,0.0,0.0,2521.0,448376.772,0.0004502993364828782,177.6596
US.PLTR,Palantir,2026-08-26 19:35:00,177.6604,177.99,178.0,177.6604,0.0,0.0,4059.0,722156.536,0.18552249122483075,177.6604
US.PLTR,Palantir,2026-08-26 19:40:00,177.99,177.7282,178.0975,177.7282,0.0,0.0,1404.0,249833.792,-0.14708691499523693,177.99
US.PLTR,Palantir,2026-08-26 19:45:00,177.7282,177.7282,177.7282,177.7282,0.0,0.0,749.0,133208.686,0.0,177.7282
US.PLTR,Palantir,2026-08-26 19:50:00,177.7282,177.99,177.99,177.7282,0.0,0.0,3464.0,616436.256,0.14730357928568583,177.7282
US.PLTR,Palantir,2026-08-26 19:55:00,177.99,177.9617,177.99,177.73,0.0,0.0,6282.0,1117249.154,-0.015899769649981202,177.99
US.PLTR,Palantir,2026-08-26 20:00:00,177.9617,178.15,178.3,177.9025,0.0,0.0,9528.0,1697492.744,0.1058092836829487,177.9617
US.PLTR,Palantir,2026-08-27 04:05:00,177.5,177.0,177.5,176.66,0.0,0.0,60202.0,10637558.941,-0.6455234353073285,178.15
US.PLTR,Palantir,2026-08-27 04:10:00,177.0,177.27,177.27,176.9,0.0,0.0,7487.0,1325626.707,0.15254237288136172,177.0
US.PLTR,Palantir,2026-08-27 04:15:00,177.27,177.05,177.27,177.05,0.0,0.0,1771.0,313624.566,-0.12410447340215425,177.27
US.PLTR,Palantir,2026-08-27 04:20:00,177.05,176.61,177.2698,176.61,0.0,0.0,18180.0,3219388.359,-0.24851736797514698,177.05
US.PLTR,Palantir,2026-08-27 04:25:00,176.61,176.59,176.61,176.5,0.0,0.0,2699.0,476560.209,-0.011324387067555761,176.61
US.PLTR,Palantir,2026-08-27 04:30:00,176.59,176.4479,176.59,176.4479,0.0,0.0,2818.0,497592.621,-0.08046888272269054,176.59
US.PLTR,Palantir,2026-08-27 04:35:00,176.4479,176.44,176.52,176.36,0.0,0.0,3160.0,557561.951,-0.0044772422907875115,176.4479
US.PLTR,Palantir,2026-08-27 04:40:00,176.44,176.31,176.5,176.3,0.0,0.0,4113.0,725226.174,-0.07367943776921075,176.44
US.PLTR,Palantir,2026-08-27 04:45:00,176.31,176.3027,176.5,176.3,0.0,0.0,2379.0,419640.982,-0.004140434462035597,176.31
US.PLTR,Palantir,2026-08-27 04:50:00,176.3027,176.3027,176.3027,176.3027,0.0,0.0,916.0,161743.866,0.0,176.3027
US.PLTR,Palantir,2026-08-27 04:55:00,176.3483,176.25,176.3483,176.25,0.0,0.0,3890.0,685950.676,-0.02989177136821349,176.3027
US.PLTR,Palantir,2026-08-27 05:00:00,176.25,176.07,176.32,176.07,0.0,0.0,1025.0,180575.016,-0.10212765957447197,176.25
US.PLTR,Palantir,2026-08-27 05:05:00,176.07,176.3,176.3,176.07,0.0,0.0,1410.0,248528.62,0.130629863122632,176.07
US.PLTR,Palantir,2026-08-27 05:10:00,176.3,176.27,176.49,176.27,0.0,0.0,3489.0,615389.405,-0.01701644923426043,176.3
US.PLTR,Palantir,2026-08-27 05:15:00,176.27,176.34,176.38,176.12,0.0,0.0,2114.0,372703.873,0.03971180575253485,176.27
US.PLTR,Palantir,2026-08-27 05:20:00,176.34,176.1,176.34,176.1,0.0,0.0,1267.0,223176.349,-0.13610071452875644,176.34
US.PLTR,Palantir,2026-08-27 05:25:00,176.1,176.1208,176.1208,176.1,0.0,0.0,592.0,104471.82,0.01181147075525745,176.1
US.PLTR,Palantir,2026-08-27 05:30:00,176.1208,176.6,176.6478,176.1208,0.0,0.0,4132.0,729383.542,0.2720859773519037,176.1208
US.PLTR,Palantir,2026-08-27 05:35:00,176.6,176.78,176.78,176.55,0.0,0.0,2628.0,464189.002,0.1019252548131409,176.6
US.PLTR,Palantir,2026-08-27 05:40:00,176.78,176.55,176.78,176.55,0.0,0.0,1070.0,189126.077,-0.1301052155221121,176.78
US.PLTR,Palantir,2026-08-27 05:45:00,176.55,176.6,176.7,176.55,0.0,0.0,4595.0,811731.775,0.028320589068242957,176.55
US.PLTR,Palantir,2026-08-27 05:50:00,176.6,176.6,176.6,176.55,0.0,0.0,1953.0,344945.979,0.0,176.6
US.PLTR,Palantir,2026-08-27 05:55:00,176.6,176.6,176.6,176.6,0.0,0.0,2507.0,442781.8,0.0,176.6
US.PLTR,Palantir,2026-08-27 06:00:00,176.6,176.6,176.6,176.6,0.0,0.0,311.0,54925.423,0.0,176.6
US.PLTR,Palantir,2026-08-27 06:05:00,176.6,176.6,176.6,176.5,0.0,0.0,2070.0,365515.19,0.0,176.6
US.PLTR,Palantir,2026-08-27 06:10:00,176.6,176.57,176.65,176.57,0.0,0.0,3087.0,545207.713,-0.016987542468856816,176.6
US.PLTR,Palantir,2026-08-27 06:15:00,176.57,176.57,176.57,176.57,0.0,0.0,672.0,118602.875,0.0,176.57
US.PLTR,Palantir,2026-08-27 06:20:00,176.57,176.6,176.62,176.57,0.0,0.0,2067.0,364863.63,0.01699042872515214,176.57
US.PLTR,Palantir,2026-08-27 06:25:00,176.6,176.35,176.6,176.35,0.0,0.0,1370.0,241741.446,-0.14156285390713477,176.6
US.PLTR,Palantir,2026-08-27 06:30:00,176.35,176.22,176.35,176.22,0.0,0.0,2305.0,406437.782,-0.07371703997731527,176.35
US.PLTR,Palantir,2026-08-27 06:35:00,176.22,176.22,176.22,176.22,0.0,0.0,1529.0,269533.076,0.0,176.22
US.PLTR,Palantir,2026-08-27 06:40:00,176.22,176.4337,176.4337,176.22,0.0,0.0,2973.0,524268.696,0.12126886845987327,176.22
US.PLTR,Palantir,2026-08-27 06:45:00,176.3942,176.5,176.6,176.35,0.0,0.0,1617.0,285387.389,0.03757785502430231,176.4337
US.PLTR,Palantir,2026-08-27 06:50:00,176.5,176.3319,176.5,176.3319,0.0,0.0,2200.0,388045.291,-0.09524079320113864,176.5
US.PLTR,Palantir,2026-08-27 06:55:00,176.3319,176.53,176.53,176.32,0.0,0.0,1301.0,229468.892,0.11234495856961267,176.3319
US.PLTR,Palantir,2026-08-27 07:00:00,176.53,176.65,176.65,176.53,0.0,0.0,1605.0,283483.383,0.0679771143714975,176.53
US.PLTR,Palantir,2026-08-27 07:05:00,176.65,176.96,176.99,176.62,0.0,0.0,8293.0,1466208.888,0.1754882536088323,176.65
US.PLTR,Palantir,2026-08-27 07:10:00,176.96,176.6,176.98,176.6,0.0,0.0,3203.0,566365.371,-0.20343580470163516,176.96
US.PLTR,Palantir,2026-08-27 07:15:00,176.6,176.6863,176.89,176.6,0.0,0.0,3641.0,643582.682,0.04886749716873968,176.6
US.PLTR,Palantir,2026-08-27 07:20:00,176.6863,176.8,176.82,176.6863,0.0,0.0,2076.0,367128.509,0.06435133906818061,176.6863
US.PLTR,Palantir,2026-08-27 07:25:00,176.8,176.9,176.91,176.77,0.0,0.0,8216.0,1452994.422,0.056561085972847466,176.8
US.PLTR,Palantir,2026-08-27 07:30:00,176.9,176.7,176.98,176.7,0.0,0.0,2722.0,481428.916,-0.11305822498587736,176.9
US.PLTR,Palantir,2026-08-27 07:35:00,176.7,176.67,177.0,176.67,0.0,0.0,4773.0,844339.882,-0.016977928692700133,176.7
US.PLTR,Palantir,2026-08-27 07:40:00,176.67,176.8348,176.8348,176.6,0.0,0.0,3981.0,703685.791,0.09328125884418058,176.67
US.PLTR,Palantir,2026-08-27 07:45:00,176.8348,176.7056,176.84,176.6684,0.0,0.0,2084.0,368375.249,-0.07306254198834014,176.8348
US.PLTR,Palantir,2026-08-27 07:50:00,176.7056,176.78,176.78,176.56,0.0,0.0,8637.0,1525725.657,0.04210392879455837,176.7056
US.PLTR,Palantir,2026-08-27 07:55:00,176.78,176.75,176.87,176.6403,0.0,0.0,3515.0,621522.2,-0.016970245502885586,176.78
US.PLTR,Palantir,2026-08-27 08:00:00,176.75,176.95,176.95,176.75,0.0,0.0,3809.0,673755.629,0.11315417256010674,176.75
US.PLTR,Palantir,2026-08-27 08:05:00,176.95,176.85,176.9605,176.61,0.0,0.0,6104.0,1079853.457,-0.05651313930488518,176.95
US.PLTR,Palantir,2026-08-27 08:10:00,176.85,177.1247,177.14,176.832,0.0,0.0,5024.0,889354.462,0.155329375176701,176.85
US.PLTR,Palantir,2026-08-27 08:15:00,177.1247,177.28,177.33,177.1247,0.0,0.0,3501.0,620669.5,0.0876783418687575,177.1247
US.PLTR,Palantir,2026-08-27 08:20:00,177.28,177.114,177.28,177.048,0.0,0.0,17392.0,3082411.15,-0.09363718411552167,177.28
US.PLTR,Palantir,2026-08-27 08:25:00,177.114,176.9167,177.114,176.8697,0.0,0.0,3725.0,659236.023,-0.111397179217912,177.114
US.PLTR,Palantir,2026-08-27 08:30:00,176.9167,176.7,176.9167,176.65,0.0,0.0,3317.0,586414.672,-0.12248702355402458,176.9167
US.PLTR,Palantir,2026-08-27 08:35:00,176.7,176.66,176.8518,176.6,0.0,0.0,4806.0,849163.63,-0.022637238256928153,176.7
US.PLTR,Palantir,2026-08-27 08:40:00,176.66,176.7,176.75,176.6265,0.0,0.0,4360.0,770493.867,0.02264236386278277,176.66
US.PLTR,Palantir,2026-08-27 08:45:00,176.7,176.85,176.9704,176.7,0.0,0.0,2961.0,523751.978,0.08488964346350067,176.7
US.PLTR,Palantir,2026-08-27 08:50:00,176.85,176.75,176.8814,176.75,0.0,0.0,5509.0,973940.645,-0.05654509471303043,176.85
US.PLTR,Palantir,2026-08-27 08:55:00,176.75,177.28,177.28,176.7,0.0,0.0,5845.0,1034811.564,0.2998585572843005,176.75
US.PLTR,Palantir,2026-08-27 09:00:00,177.28,177.166,177.31,177.0776,0.0,0.0,7339.0,1300465.61,-0.06430505415162698,177.28
US.PLTR,Palantir,2026-08-27 09:05:00,177.166,177.2421,177.27,177.03,0.0,0.0,4044.0,716671.042,0.04295406567851435,177.166
US.PLTR,Palantir,2026-08-27 09:10:00,177.2421,177.3,177.44,177.22,0.0,0.0,7212.0,1278959.693,0.03266718234551375,177.2421
US.PLTR,Palantir,2026-08-27 09:15:00,177.3,177.1187,177.3,177.1084,0.0,0.0,7772.0,1376845.296,-0.10225606316978092,177.3
US.PLTR,Palantir,2026-08-27 09:20:00,177.1187,177.2985,177.35,177.1187,0.0,0.0,5681.0,1007143.194,0.101513843541083,177.1187
US.PLTR,Palantir,2026-08-27 09:25:00,177.2985,178.1254,178.1383,177.2985,0.0,0.0,30938.0,5499686.275,0.4663886045285343,177.2985
US.PLTR,Palantir,2026-08-27 09:30:00,178.01,179.0,179.02,177.6,0.0,0.0,73539.0,13125825.369,0.49100240617002777,178.1254
US.PLTR,Palantir,2026-08-27 09:35:00,178.75,179.15,181.18,178.01,0.0,0.0,1864432.0,334649918.606,0.08379888268156742,179.0
US.PLTR,Palantir,2026-08-27 09:40:00,179.2,180.76,181.43,178.88,0.0,0.0,870477.0,157296341.66,0.8986882500697657,179.15
US.PLTR,Palantir,2026-08-27 09:45:00,180.8,183.95,183.98,180.6697,0.0,0.0,1478859.0,269906331.292,1.7647709670281022,180.76
US.PLTR,Palantir,2026-08-27 09:50:00,183.965,183.295,184.88,183.0401,0.0,0.0,1337253.0,246258652.578,-0.3560750203859751,183.95
US.PLTR,Palantir,2026-08-27 09:55:00,183.34,184.3,184.79,183.32,0.0,0.0,761589.0,140349468.581,0.5482964619875196,183.295
US.PLTR,Palantir,2026-08-27 10:00:00,184.2551,184.08,184.62,183.27,0.0,0.0,902062.0,165926502.389,-0.11937059142702053,184.3
US.PLTR,Palantir,2026-08-27 10:05:00,184.052,183.589,184.48,182.3,0.0,0.0,842684.0,154452206.764,-0.2667318557149141,184.08
US.PLTR,Palantir,2026-08-27 10:10:00,183.6,182.8,184.6,182.64,0.0,0.0,569395.0,104611785.665,-0.42976431049789865,183.589
US.PLTR,Palantir,2026-08-27 10:15:00,182.775,183.37,183.62,182.695,0.0,0.0,530415.0,97154243.8,0.3118161925601713,182.8
US.PLTR,Palantir,2026-08-27 10:20:00,183.37,184.165,184.99,183.31,0.0,0.0,1067459.0,196859154.899,0.43354965370561566,183.37
US.PLTR,Palantir,2026-08-27 10:25:00,184.165,185.0699,185.25,183.73,0.0,0.0,1193655.0,220546202.852,0.4913528629218352,184.165
US.PLTR,Palantir,2026-08-27 10:30:00,185.035,184.595,185.19,184.11,0.0,0.0,621469.0,114797203.267,-0.2566057473419454,185.0699
US.PLTR,Palantir,2026-08-27 10:35:00,184.6051,184.315,185.151,184.27,0.0,0.0,603535.0,111491162.557,-0.15168341504374502,184.595
US.PLTR,Palantir,2026-08-27 10:40:00,184.276,184.435,184.6,184.1247,0.0,0.0,366292.0,67536008.127,0.06510593277812687,184.315
US.PLTR,Palantir,2026-08-27 10:45:00,184.46,185.11,185.32,184.27,0.0,0.0,524951.0,97066644.331,0.36598259549435375,184.435
US.PLTR,Palantir,2026-08-27 10:50:00,185.1907,184.68,185.305,184.31,0.0,0.0,332786.0,61481194.623,-0.23229431149046878,185.11
US.PLTR,Palantir,2026-08-27 10:55:00,184.63,184.68,184.98,184.2556,0.0,0.0,442152.0,81644489.804,0.0,184.68
US.PLTR,Palantir,2026-08-27 11:00:00,184.66,184.92,185.24,184.57,0.0,0.0,406273.0,75134635.95,0.12995451591941773,184.68
US.PLTR,Palantir,2026-08-27 11:05:00,184.94,185.325,185.58,184.5,0.0,0.0,665243.0,123141615.172,0.21901362751460154,184.92
US.PLTR,Palantir,2026-08-27 11:10:00,185.2825,185.06,185.53,184.87,0.0,0.0,307966.0,57031494.767,-0.14299204100903082,185.325
US.PLTR,Palantir,2026-08-27 11:15:00,185.07,185.29,185.33,184.4401,0.0,0.0,442794.0,81893041.13,0.12428401599480696,185.06
US.PLTR,Palantir,2026-08-27 11:20:00,185.3,185.235,185.4,184.9004,0.0,0.0,286019.0,52974086.221,-0.029683199309179342,185.29
US.PLTR,Palantir,2026-08-27 11:25:00,185.26,185.18,185.72,185.07,0.0,0.0,445953.0,82669574.483,-0.02969201284854742,185.235
US.PLTR,Palantir,2026-08-27 11:30:00,185.21,184.94,185.29,184.9001,0.0,0.0,229123.0,42409564.111,-0.12960362890161414,185.18
US.PLTR,Palantir,2026-08-27 11:35:00,184.95,183.67,184.95,183.61,0.0,0.0,583997.0,107639213.004,-0.6867092029847573,184.94
US.PLTR,Palantir,2026-08-27 11:40:00,183.7,184.785,185.1,183.69,0.0,0.0,438688.0,80961336.804,0.6070670223770943,183.67
US.PLTR,Palantir,2026-08-27 11:45:00,184.81,184.03,184.9,183.98,0.0,0.0,309037.0,56996027.888,-0.40858294775008547,184.785
US.PLTR,Palantir,2026-08-27 11:50:00,184.08,185.4497,185.4497,184.045,0.0,0.0,421250.0,77798983.943,0.7714503070151638,184.03
US.PLTR,Palantir,2026-08-27 11:55:00,185.42,186.23,186.3,185.19,0.0,0.0,876016.0,162820994.832,0.4207609934122205,185.4497
US.PLTR,Palantir,2026-08-27 12:00:00,186.21,186.016,186.32,185.85,0.0,0.0,381444.0,71005553.697,-0.11491166836707224,186.23
US.PLTR,Palantir,2026-08-27 12:05:00,186.02,185.12,186.155,184.96,0.0,0.0,434398.0,80604401.357,-0.4816789953552311,186.016
US.PLTR,Palantir,2026-08-27 12:10:00,185.1,185.8,186.13,184.91,0.0,0.0,387953.0,72036673.106,0.3673292999135732,185.12
US.PLTR,Palantir,2026-08-27 12:15:00,185.84,185.63,185.95,185.38,0.0,0.0,164518.0,30543190.377,-0.09149623250808175,185.8
US.PLTR,Palantir,2026-08-27 12:20:00,185.64,185.7457,185.93,185.43,0.0,0.0,170223.0,31616057.643,0.06232828745353871,185.63
US.PLTR,Palantir,2026-08-27 12:25:00,185.75,185.33,185.75,185.29,0.0,0.0,152431.0,28287276.108,-0.22380060480538008,185.7457
US.PLTR,Palantir,2026-08-27 12:30:00,185.324,185.815634,185.9,185.31,0.0,0.0,178594.0,33163408.122,0.2620374467166547,185.33
US.PLTR,Palantir,2026-08-27 12:35:00,185.8,186.14,186.475,185.7,0.0,0.0,284713.0,52961319.486,0.17456335240338158,185.815634
US.PLTR,Palantir,2026-08-27 12:40:00,186.145,186.33,186.47,185.91,0.0,0.0,275531.0,51300747.923,0.10207370796176327,186.14
US.PLTR,Palantir,2026-08-27 12:45:00,186.34,186.18,186.44,186.05,0.0,0.0,184302.0,34327147.344,-0.08050233456770552,186.33
US.PLTR,Palantir,2026-08-27 12:50:00,186.17,186.25,186.4,186.11,0.0,0.0,172211.0,32072443.834,0.03759802341819378,186.18
US.PLTR,Palantir,2026-08-27 12:55:00,186.25,186.315,186.53,186.24,0.0,0.0,245657.0,45786104.255,0.034899328859059185,186.25
US.PLTR,Palantir,2026-08-27 13:00:00,186.31,186.265,186.4999,186.17,0.0,0.0,192069.0,35791615.124,-0.026836271905113045,186.315
US.PLTR,Palantir,2026-08-27 13:05:00,186.28,186.395,186.71,186.155,0.0,0.0,281568.0,52510702.774,0.069793036802418,186.265
US.PLTR,Palantir,2026-08-27 13:10:00,186.395,186.63,186.68,186.29,0.0,0.0,214628.0,40030065.678,0.12607634324954275,186.395
US.PLTR,Palantir,2026-08-27 13:15:00,186.65,186.81,186.86,186.6444,0.0,0.0,283883.0,53018191.08,0.09644751647645439,186.63
US.PLTR,Palantir,2026-08-27 13:20:00,186.8,186.475,186.85,186.33,0.0,0.0,245353.0,45778658.967,-0.17932658851239652,186.81
US.PLTR,Palantir,2026-08-27 13:25:00,186.49,186.17,186.55,186.13,0.0,0.0,209526.0,39051442.155,-0.1635607990347268,186.475
US.PLTR,Palantir,2026-08-27 13:30:00,186.19,185.59,186.25,185.56,0.0,0.0,291555.0,54189300.694,-0.3115432131922351,186.17
US.PLTR,Palantir,2026-08-27 13:35:00,185.55,185.34,185.7651,185.3001,0.0,0.0,227621.0,42245458.273,-0.13470553370332453,185.59
US.PLTR,Palantir,2026-08-27 13:40:00,185.3,185.45,185.5999,185.2,0.0,0.0,190096.0,35252129.643,0.05935038307973736,185.34
US.PLTR,Palantir,2026-08-27 13:45:00,185.4471,185.4,185.63,185.12,0.0,0.0,315100.0,58437185.971,-0.02696144513344996,185.45
US.PLTR,Palantir,2026-08-27 13:50:00,185.45,185.54,185.7529,185.24,0.0,0.0,191901.0,35584893.034,0.07551240560948563,185.4
US.PLTR,Palantir,2026-08-27 13:55:00,185.55,186.155,186.485,185.52,0.0,0.0,331661.0,61687582.985,0.3314649132262634,185.54
US.PLTR,Palantir,2026-08-27 14:00:00,186.155,185.89,186.2,185.86,0.0,0.0,190834.0,35497351.993,-0.14235448953829594,186.155
US.PLTR,Palantir,2026-08-27 14:05:00,185.89,185.6,185.975,185.54,0.0,0.0,196829.0,36570670.007,-0.15600624024960572,185.89
US.PLTR,Palantir,2026-08-27 14:10:00,185.5901,185.82,186.02,185.5901,0.0,0.0,193916.0,36040270.667,0.11853448275862008,185.6
US.PLTR,Palantir,2026-08-27 14:15:00,185.835,185.53,186.0,185.36,0.0,0.0,182258.0,33856810.14,-0.1560650091486342,185.82
US.PLTR,Palantir,2026-08-27 14:20:00,185.53,185.74,185.9499,185.53,0.0,0.0,167449.0,31105173.402,0.11318924163208535,185.53
US.PLTR,Palantir,2026-08-27 14:25:00,185.73,185.66,185.87,185.6001,0.0,0.0,165801.0,30794525.436,-0.04307095940562749,185.74
US.PLTR,Palantir,2026-08-27 14:30:00,185.67,185.65,185.71,185.16,0.0,0.0,190021.0,35240632.458,-0.005386189809323982,185.66
US.PLTR,Palantir,2026-08-27 14:35:00,185.64,185.885,185.98,185.53,0.0,0.0,181213.0,33670888.345,0.1265822784810047,185.65
US.PLTR,Palantir,2026-08-27 14:40:00,185.87,185.96,185.97,185.73,0.0,0.0,141548.0,26307878.032,0.04034752669662267,185.885
US.PLTR,Palantir,2026-08-27 14:45:00,185.96,185.82,186.016,185.74,0.0,0.0,162538.0,30210562.769,-0.0752850075285087,185.96
US.PLTR,Palantir,2026-08-27 14:50:00,185.83,185.86,186.18,185.76,0.0,0.0,239622.0,44563630.85,0.021526208158443905,185.82
US.PLTR,Palantir,2026-08-27 14:55:00,185.795,185.8,186.09,185.75,0.0,0.0,197309.0,36680299.322,-0.032282363068977867,185.86
US.PLTR,Palantir,2026-08-27 15:00:00,185.82,186.15,186.33,185.7866,0.0,0.0,260942.0,48554472.253,0.18837459634014764,185.8
US.PLTR,Palantir,2026-08-27 15:05:00,186.135,185.94,186.17,185.76,0.0,0.0,160917.0,29921334.722,-0.11281224818695029,186.15
US.PLTR,Palantir,2026-08-27 15:10:00,185.94,186.02,186.115,185.86,0.0,0.0,196100.0,36471939.364,0.04302463160159864,185.94
US.PLTR,Palantir,2026-08-27 15:15:00,186.02,186.17,186.4499,185.97,0.0,0.0,214673.0,39975059.17,0.08063649069991252,186.02
US.PLTR,Palantir,2026-08-27 15:20:00,186.17,185.99,186.275,185.8828,0.0,0.0,186030.0,34618901.722,-0.09668582478378815,186.17
US.PLTR,Palantir,2026-08-27 15:25:00,185.99,186.48,186.495,185.99,0.0,0.0,267682.0,49858849.608,0.2634550244636704,185.99
US.PLTR,Palantir,2026-08-27 15:30:00,186.475,186.55,186.58,186.22,0.0,0.0,309338.0,57663039.804,0.03753753753754912,186.48
US.PLTR,Palantir,2026-08-27 15:35:00,186.545,186.33,186.545,186.2,0.0,0.0,252156.0,46991669.552,-0.11793084963816611,186.55
US.PLTR,Palantir,2026-08-27 15:40:00,186.335,186.565,186.565,186.24,0.0,0.0,231923.0,43225902.697,0.12612032415605925,186.33
US.PLTR,Palantir,2026-08-27 15:45:00,186.55,186.34,186.56,186.14,0.0,0.0,288380.0,53743342.642,-0.12060139897622509,186.565
US.PLTR,Palantir,2026-08-27 15:50:00,186.335,186.265,186.4851,186.18,0.0,0.0,294942.0,54948016.568,-0.0402490071911651,186.34
US.PLTR,Palantir,2026-08-27 15:55:00,186.25,186.29,186.42,185.6,0.0,0.0,937052.0,174257159.854,0.013421737846619432,186.265
US.PLTR,Palantir,2026-08-27 16:00:00,186.28,185.93,186.44,185.77,0.0,0.0,4588011.0,853225522.99,-0.19324708787373732,186.29
US.PLTR,Palantir,2026-08-27 16:05:00,185.9,185.43,185.93,185.37,0.0,0.0,2915872.0,542138099.76,-0.26891841015435913,185.93
US.PLTR,Palantir,2026-08-27 16:10:00,185.43,185.1376,185.55,185.0317,0.0,0.0,43349.0,8041409.112,-0.15768753707599356,185.43
US.PLTR,Palantir,2026-08-27 16:15:00,185.1376,184.8327,185.15,184.8271,0.0,0.0,32068.0,5932404.625,-0.16468831831027492,185.1376
US.PLTR,Palantir,2026-08-27 16:20:00,184.8327,184.9,184.95,184.8,0.0,0.0,16235.0,3007077.289,0.03641130600809123,184.8327
US.PLTR,Palantir,2026-08-27 16:25:00,184.9,184.85,184.91,184.81,0.0,0.0,9263.0,1712388.61,-0.027041644131969373,184.9
US.PLTR,Palantir,2026-08-27 16:30:00,184.85,184.8699,184.9,184.83,0.0,0.0,8644.0,1598202.425,0.01076548552881088,184.85
US.PLTR,Palantir,2026-08-27 16:35:00,184.8699,184.83,184.88,184.8,0.0,0.0,7871.0,1454992.628,-0.021582745487496193,184.8699
US.PLTR,Palantir,2026-08-27 16:40:00,184.83,184.8479,184.9,184.8,0.0,0.0,7046.0,1302489.818,0.009684575014877109,184.83
US.PLTR,Palantir,2026-08-27 16:45:00,184.8479,184.828,184.8569,184.82,0.0,0.0,4128.0,762951.299,-0.010765607832172782,184.8479
US.PLTR,Palantir,2026-08-27 16:50:00,184.828,184.73,184.828,184.6921,0.0,0.0,963881.0,179206666.644,-0.053022269353135455,184.828
US.PLTR,Palantir,2026-08-27 16:55:00,184.73,184.8,184.8,184.6801,0.0,0.0,62759.0,11663252.414,0.0378931413414289,184.73
US.PLTR,Palantir,2026-08-27 17:00:00,184.8,184.75,184.9,184.75,0.0,0.0,4906.0,907825.083,-0.02705627705628321,184.8
US.PLTR,Palantir,2026-08-27 17:05:00,184.75,184.85,184.85,184.7155,0.0,0.0,2808.0,518695.029,0.05412719891745295,184.75
US.PLTR,Palantir,2026-08-27 17:10:00,184.85,184.72,184.85,184.72,0.0,0.0,3498.0,646258.768,-0.07032729239924017,184.85
US.PLTR,Palantir,2026-08-27 17:15:00,184.72,184.84,184.85,184.72,0.0,0.0,2208.0,408080.931,0.06496318752707046,184.72
US.PLTR,Palantir,2026-08-27 17:20:00,184.84,184.81,184.8837,184.7986,0.0,0.0,1996.0,369012.389,-0.01623025319195041,184.84
US.PLTR,Palantir,2026-08-27 17:25:00,184.81,184.76,184.8942,184.755,0.0,0.0,4798.0,886833.162,-0.027054813051247968,184.81
US.PLTR,Palantir,2026-08-27 17:30:00,184.76,184.76,184.7719,184.76,0.0,0.0,2202.0,406890.787,0.0,184.76
US.PLTR,Palantir,2026-08-27 17:35:00,184.76,184.75,184.8034,184.75,0.0,0.0,2547.0,470705.078,-0.005412426932231492,184.76
US.PLTR,Palantir,2026-08-27 17:40:00,184.75,184.71,184.7861,184.71,0.0,0.0,5465.0,1009328.256,-0.0216508795669781,184.75
US.PLTR,Palantir,2026-08-27 17:45:00,184.71,184.7869,184.7869,184.71,0.0,0.0,2043.0,377538.113,0.04163282984137018,184.71
US.PLTR,Palantir,2026-08-27 17:50:00,184.7869,184.71,184.7869,184.71,0.0,0.0,4354.0,806273.463,-0.04161550412934838,184.7869
US.PLTR,Palantir,2026-08-27 17:55:00,184.71,184.79,184.79,184.71,0.0,0.0,3455.0,638392.559,0.04331113637593204,184.71
US.PLTR,Palantir,2026-08-27 18:00:00,184.79,184.75,184.8,184.75,0.0,0.0,1979.0,365738.467,-0.021646192975806073,184.79
US.PLTR,Palantir,2026-08-27 18:05:00,184.75,184.7417,184.75,184.7417,0.0,0.0,1149.0,212400.36,-0.004492557510144149,184.75
US.PLTR,Palantir,2026-08-27 18:10:00,184.7417,184.78,184.7812,184.74,0.0,0.0,1575.0,291033.279,0.020731648566616228,184.7417
US.PLTR,Palantir,2026-08-27 18:15:00,184.78,184.8,184.81,184.72,0.0,0.0,1392.0,257305.86,0.010823682216695656,184.78
US.PLTR,Palantir,2026-08-27 18:20:00,184.8,184.7755,184.8,184.7,0.0,0.0,9009.0,1664294.493,-0.01325757575758523,184.8
US.PLTR,Palantir,2026-08-27 18:25:00,184.7755,184.67,184.7755,184.6,0.0,0.0,7601.0,1403738.116,-0.05709631417585468,184.7755
US.PLTR,Palantir,2026-08-27 18:30:00,184.67,184.75,184.75,184.6504,0.0,0.0,2625.0,484941.964,0.04332051768019306,184.67
US.PLTR,Palantir,2026-08-27 18:35:00,184.75,184.7,184.76,184.7,0.0,0.0,2837.0,524185.513,-0.027063599458734166,184.75
US.PLTR,Palantir,2026-08-27 18:40:00,184.7,184.76,184.98,184.6633,0.0,0.0,9158.0,1691960.691,0.03248511099079712,184.7
US.PLTR,Palantir,2026-08-27 18:45:00,184.76,184.66,184.8,184.6533,0.0,0.0,3136.0,579498.419,-0.05412426932236107,184.76
US.PLTR,Palantir,2026-08-27 18:50:00,184.6923,184.69,184.7,184.65,0.0,0.0,2246.0,414829.781,0.016246073865483126,184.66
US.PLTR,Palantir,2026-08-27 18:55:00,184.69,184.7696,184.7696,184.66,0.0,0.0,9592.0,1776316.838,0.0430992473875138,184.69
US.PLTR,Palantir,2026-08-27 19:00:00,184.73,184.77,184.79,184.67,0.0,0.0,2482.0,458695.063,0.0002164858288448309,184.7696
US.PLTR,Palantir,2026-08-27 19:05:00,184.77,184.7444,184.8,184.67,0.0,0.0,3009.0,555927.204,-0.013855063051359626,184.77
US.PLTR,Palantir,2026-08-27 19:10:00,184.7444,184.79,184.81,184.7444,0.0,0.0,2227.0,411627.871,0.024682750870921654,184.7444
US.PLTR,Palantir,2026-08-27 19:15:00,184.79,184.65,184.7907,184.65,0.0,0.0,2791.0,515648.101,-0.07576167541532895,184.79
US.PLTR,Palantir,2026-08-27 19:20:00,184.7,184.59,184.72,184.5,0.0,0.0,8218.0,1516975.354,-0.03249390739236516,184.65
US.PLTR,Palantir,2026-08-27 19:25:00,184.59,184.7013,184.75,184.59,0.0,0.0,1890.0,349266.436,0.060295790671217264,184.59
US.PLTR,Palantir,2026-08-27 19:30:00,184.7013,184.73,184.73,184.7013,0.0,0.0,736.0,136043.012,0.015538602056393975,184.7013
US.PLTR,Palantir,2026-08-27 19:35:00,184.73,184.84,184.8618,184.71,0.0,0.0,1941.0,358722.825,0.059546364965091574,184.73
US.PLTR,Palantir,2026-08-27 19:40:00,184.84,184.7563,184.8728,184.7394,0.0,0.0,970.0,179257.624,-0.045282406405536255,184.84
US.PLTR,Palantir,2026-08-27 19:45:00,184.7563,184.85,184.85,184.7563,0.0,0.0,3430.0,634059.536,0.05071545598173601,184.7563
US.PLTR,Palantir,2026-08-27 19:50:00,184.85,184.7038,184.85,184.61,0.0,0.0,4225.0,780468.956,-0.0790911549905292,184.85
US.PLTR,Palantir,2026-08-27 19:55:00,184.7038,184.885,184.885,184.7038,0.0,0.0,2529.0,467236.187,0.09810301683018423,184.7038
US.PLTR,Palantir,2026-08-27 20:00:00,184.885,184.97,184.97,184.885,0.0,0.0,3284.0,607336.2,0.04597452470455037,184.885
US.PLTR,Palantir,2026-08-28 04:05:00,185.93,184.97,185.93,184.97,0.0,0.0,81027.0,14999528.018,0.0,184.97
US.PLTR,Palantir,2026-08-28 04:10:00,184.97,184.99,185.06,184.73,0.0,0.0,7596.0,1404525.955,0.010812564199605466,184.97
US.PLTR,Palantir,2026-08-28 04:15:00,184.99,184.6,184.99,184.6,0.0,0.0,3524.0,651302.807,-0.21082220660577045,184.99
US.PLTR,Palantir,2026-08-28 04:20:00,184.6,184.66,184.66,184.6,0.0,0.0,1626.0,300279.828,0.03250270855904782,184.6
US.PLTR,Palantir,2026-08-28 04:25:00,184.66,184.7,184.7,184.52,0.0,0.0,1127.0,208050.992,0.021661431820639038,184.66
US.PLTR,Palantir,2026-08-28 04:30:00,184.7,184.67,184.7,184.62,0.0,0.0,1925.0,355469.482,-0.01624255549539856,184.7
US.PLTR,Palantir,2026-08-28 04:35:00,184.67,185.0,185.0,184.67,0.0,0.0,3171.0,586244.224,0.17869713543077517,184.67
US.PLTR,Palantir,2026-08-28 04:40:00,185.0,185.1977,185.1977,185.0,0.0,0.0,1676.0,310451.683,0.10686486486486355,185.0
US.PLTR,Palantir,2026-08-28 04:45:00,185.1977,185.15,185.1977,184.88,0.0,0.0,3416.0,632282.55,-0.025756259391985895,185.1977
US.PLTR,Palantir,2026-08-28 04:50:00,185.15,184.89,185.15,184.89,0.0,0.0,902.0,166919.262,-0.1404266810694136,185.15
US.PLTR,Palantir,2026-08-28 04:55:00,184.89,184.78,184.89,184.78,0.0,0.0,1912.0,353499.238,-0.05949483476661,184.89
US.PLTR,Palantir,2026-08-28 05:00:00,184.78,184.9,184.9,184.78,0.0,0.0,1290.0,238697.805,0.06494209330014317,184.78
US.PLTR,Palantir,2026-08-28 05:05:00,184.9,184.9,184.97,184.88,0.0,0.0,2384.0,440869.72,0.0,184.9
US.PLTR,Palantir,2026-08-28 05:10:00,184.9,184.9,184.9,184.9,0.0,0.0,596.0,110184.502,0.0,184.9
US.PLTR,Palantir,2026-08-28 05:15:00,184.9,184.9,184.99,184.89,0.0,0.0,4247.0,785444.222,0.0,184.9
US.PLTR,Palantir,2026-08-28 05:20:00,184.9,184.9,184.9,184.9,0.0,0.0,537.0,99265.209,0.0,184.9
US.PLTR,Palantir,2026-08-28 05:25:00,184.9,184.82,184.9,184.82,0.0,0.0,1472.0,272116.749,-0.043266630611147924,184.9
US.PLTR,Palantir,2026-08-28 05:30:00,184.82,184.9,184.9,184.7829,0.0,0.0,1527.0,282273.688,0.04328535872741722,184.82
US.PLTR,Palantir,2026-08-28 05:35:00,184.9,184.8,184.9,184.79,0.0,0.0,3251.0,600985.337,-0.05408328826392337,184.9
US.PLTR,Palantir,2026-08-28 05:40:00,184.8,184.33,184.8,184.33,0.0,0.0,3432.0,633507.492,-0.2543290043290037,184.8
US.PLTR,Palantir,2026-08-28 05:45:00,184.33,184.47,184.5,184.33,0.0,0.0,809.0,149215.334,0.07595074051971266,184.33
US.PLTR,Palantir,2026-08-28 05:50:00,184.47,184.3726,184.65,184.3726,0.0,0.0,2902.0,535361.534,-0.052799913265025894,184.47
US.PLTR,Palantir,2026-08-28 05:55:00,184.3726,184.48,184.48,184.37,0.0,0.0,1774.0,327282.914,0.05825160571580819,184.3726
US.PLTR,Palantir,2026-08-28 06:00:00,184.48,184.53,184.53,184.48,0.0,0.0,1457.0,268843.972,0.027103209019954125,184.48
US.PLTR,Palantir,2026-08-28 06:05:00,184.53,184.53,184.53,184.53,0.0,0.0,823.0,151933.011,0.0,184.53
US.PLTR,Palantir,2026-08-28 06:10:00,184.53,184.3214,184.53,184.3214,0.0,0.0,2565.0,473138.74,-0.11304394949330183,184.53
US.PLTR,Palantir,2026-08-28 06:15:00,184.3214,184.08,184.3214,184.01,0.0,0.0,5747.0,1058357.847,-0.1309668871872711,184.3214
US.PLTR,Palantir,2026-08-28 06:20:00,184.08,184.32,184.32,184.08,0.0,0.0,1767.0,325595.721,0.1303780964797809,184.08
US.PLTR,Palantir,2026-08-28 06:25:00,184.32,184.34,184.51,184.3,0.0,0.0,1094.0,201697.458,0.010850694444449997,184.32
US.PLTR,Palantir,2026-08-28 06:30:00,184.34,184.48,184.48,184.3,0.0,0.0,10263.0,1892164.648,0.0759466203753859,184.34
US.PLTR,Palantir,2026-08-28 06:35:00,184.48,184.79,184.79,184.45,0.0,0.0,4063.0,750173.267,0.1680398959236786,184.48
US.PLTR,Palantir,2026-08-28 06:40:00,184.79,184.75,184.79,184.72,0.0,0.0,1821.0,336460.192,-0.021646192975806073,184.79
US.PLTR,Palantir,2026-08-28 06:45:00,184.75,184.78,184.78,184.75,0.0,0.0,1198.0,221517.411,0.016238159675237424,184.75
US.PLTR,Palantir,2026-08-28 06:50:00,184.78,184.8,184.8,184.78,0.0,0.0,507.0,93715.845,0.010823682216695656,184.78
US.PLTR,Palantir,2026-08-28 06:55:00,184.8,184.8,184.8,184.8,0.0,0.0,816.0,150865.983,0.0,184.8
US.PLTR,Palantir,2026-08-28 07:00:00,184.8,184.82,184.9,184.8,0.0,0.0,3354.0,620240.775,0.01082251082250098,184.8
US.PLTR,Palantir,2026-08-28 07:05:00,184.82,184.5751,184.9,184.5751,0.0,0.0,3984.0,736286.936,-0.13250730440428593,184.82
US.PLTR,Palantir,2026-08-28 07:10:00,184.5751,184.76,184.85,184.5,0.0,0.0,4805.0,887269.985,0.10017602591031996,184.5751
US.PLTR,Palantir,2026-08-28 07:15:00,184.76,184.88,184.88,184.5,0.0,0.0,2002.0,369812.41,0.06494912318683944,184.76
US.PLTR,Palantir,2026-08-28 07:20:00,184.88,185.0,185.0,184.5488,0.0,0.0,9346.0,1728344.085,0.0649069666810929,184.88
US.PLTR,Palantir,2026-08-28 07:25:00,185.0,185.2899,185.2899,185.0,0.0,0.0,4769.0,883099.983,0.1567027027026966,185.0
US.PLTR,Palantir,2026-08-28 07:30:00,185.2899,185.0449,185.2899,185.0449,0.0,0.0,1895.0,350995.996,-0.13222523192034544,185.2899
US.PLTR,Palantir,2026-08-28 07:35:00,185.0449,185.13,185.14,185.0449,0.0,0.0,994.0,184044.936,0.045988838384620624,185.0449
US.PLTR,Palantir,2026-08-28 07:40:00,185.06,184.9,185.2113,184.9,0.0,0.0,3197.0,591486.886,-0.12423702263273904,185.13
US.PLTR,Palantir,2026-08-28 07:45:00,184.9,184.89,184.9,184.85,0.0,0.0,1024.0,189304.612,-0.005408328826403097,184.9
US.PLTR,Palantir,2026-08-28 07:50:00,184.89,184.71,184.89,184.71,0.0,0.0,1568.0,289931.249,-0.09735518416354504,184.89
US.PLTR,Palantir,2026-08-28 07:55:00,184.71,184.7,184.73,184.51,0.0,0.0,1431.0,264425.916,-0.005413892047003046,184.71
US.PLTR,Palantir,2026-08-28 08:00:00,184.7,184.58,184.7668,184.58,0.0,0.0,21193.0,3912330.214,-0.06497022198157884,184.7
US.PLTR,Palantir,2026-08-28 08:05:00,184.58,184.999,185.0,184.5418,0.0,0.0,2095.0,387248.46,0.22700184201971105,184.58
US.PLTR,Palantir,2026-08-28 08:10:00,184.999,185.1,185.25,184.91,0.0,0.0,4417.0,817559.678,0.054594889702106006,184.999
US.PLTR,Palantir,2026-08-28 08:15:00,185.1,185.3,185.3,185.0,0.0,0.0,3258.0,603304.131,0.10804970286332634,185.1
US.PLTR,Palantir,2026-08-28 08:20:00,185.3,185.64,185.64,185.29,0.0,0.0,7197.0,1334840.678,0.18348623853209658,185.3
US.PLTR,Palantir,2026-08-28 08:25:00,185.64,185.8,185.93,185.64,0.0,0.0,15883.0,2951089.516,0.0861883214824526,185.64
US.PLTR,Palantir,2026-08-28 08:30:00,185.8,185.7034,185.93,185.63,0.0,0.0,10130.0,1881870.52,-0.051991388589894265,185.8
US.PLTR,Palantir,2026-08-28 08:35:00,185.7034,185.5001,185.7034,185.32,0.0,0.0,6275.0,1164004.622,-0.10947564772641992,185.7034
US.PLTR,Palantir,2026-08-28 08:40:00,185.5001,185.2803,185.55,185.24,0.0,0.0,7752.0,1437002.561,-0.11849050216145016,185.5001
US.PLTR,Palantir,2026-08-28 08:45:00,185.2803,185.4,185.45,185.2803,0.0,0.0,3666.0,679751.968,0.06460481767354358,185.2803
US.PLTR,Palantir,2026-08-28 08:50:00,185.4,185.2941,185.4997,185.24,0.0,0.0,1921.0,356222.452,-0.05711974110033422,185.4
US.PLTR,Palantir,2026-08-28 08:55:00,185.2941,185.23,185.35,185.23,0.0,0.0,2372.0,439588.522,-0.03459365408828251,185.2941
US.PLTR,Palantir,2026-08-28 09:00:00,185.23,185.47,185.47,185.23,0.0,0.0,3598.0,667043.86,0.129568644388063,185.23
US.PLTR,Palantir,2026-08-28 09:05:00,185.47,185.28,185.5,185.23,0.0,0.0,6381.0,1183352.142,-0.10244244352186214,185.47
US.PLTR,Palantir,2026-08-28 09:10:00,185.28,184.97,185.45,184.97,0.0,0.0,5097.0,943479.4,-0.16731433506045026,185.28
US.PLTR,Palantir,2026-08-28 09:15:00,184.97,184.8289,185.142,184.73,0.0,0.0,3709.0,686136.556,-0.07628264042817454,184.97
US.PLTR,Palantir,2026-08-28 09:20:00,184.8289,184.7,184.99,184.7,0.0,0.0,4749.0,877882.314,-0.06974017591405661,184.8289
US.PLTR,Palantir,2026-08-28 09:25:00,184.7,184.93,184.93,184.5,0.0,0.0,10841.0,2001920.3,0.12452625879806076,184.7
US.PLTR,Palantir,2026-08-28 09:30:00,184.85,184.84,186.08,184.6,0.0,0.0,69615.0,12915335.995,-0.048667063213109506,184.93
US.PLTR,Palantir,2026-08-28 09:35:00,184.95,186.62,187.31,184.653,0.0,0.0,1130960.0,210329035.421,0.962995022722355,184.84
US.PLTR,Palantir,2026-08-28 09:40:00,186.68,186.6088,187.17,185.72,0.0,0.0,475195.0,88717013.885,-0.006001500375095016,186.62
US.PLTR,Palantir,2026-08-28 09:45:00,186.676654,186.945,187.1799,186.3,0.0,0.0,373256.0,69714259.48,0.1801629933850874,186.6088
US.PLTR,Palantir,2026-08-28 09:50:00,186.91,186.65,187.0,185.6,0.0,0.0,596168.0,111095700.626,-0.15780042258417584,186.945
US.PLTR,Palantir,2026-08-28 09:55:00,186.69,186.88,187.37,186.555,0.0,0.0,472900.0,88433511.093,0.12322528797213488,186.65
US.PLTR,Palantir,2026-08-28 10:00:00,186.9,185.61,186.94,185.03,0.0,0.0,348010.0,64728650.118,-0.6795804794520451,186.88
US.PLTR,Palantir,2026-08-28 10:05:00,185.635,185.83,186.13,185.31,0.0,0.0,258270.0,47946470.288,0.11852809654652166,185.61
US.PLTR,Palantir,2026-08-28 10:10:00,185.76,185.2348,185.9677,185.17,0.0,0.0,295911.0,54907536.085,-0.3202927406769657,185.83
US.PLTR,Palantir,2026-08-28 10:15:00,185.21,184.83,185.34,184.38,0.0,0.0,379973.0,70216367.092,-0.21853345051793424,185.2348
US.PLTR,Palantir,2026-08-28 10:20:00,184.87,184.975,185.21,184.52,0.0,0.0,235575.0,43566397.369,0.07845046799760959,184.83
US.PLTR,Palantir,2026-08-28 10:25:00,185.02,185.2344,185.53,184.958,0.0,0.0,226082.0,41890878.838,0.14023516691444757,184.975
US.PLTR,Palantir,2026-08-28 10:30:00,185.1801,185.405,185.44,184.5,0.0,0.0,236194.0,43704702.571,0.09209952363060393,185.2344
US.PLTR,Palantir,2026-08-28 10:35:00,185.39,185.7848,185.9,185.27,0.0,0.0,254922.0,47329833.607,0.20484884442166545,185.405
US.PLTR,Palantir,2026-08-28 10:40:00,185.7875,185.85,185.9099,185.4005,0.0,0.0,156543.0,29071545.641,0.035094367246407875,185.7848
US.PLTR,Palantir,2026-08-28 10:45:00,185.85,185.685,185.97,185.55,0.0,0.0,165287.0,30701949.616,-0.08878127522194891,185.85
US.PLTR,Palantir,2026-08-28 10:50:00,185.69,186.535,186.6799,185.65,0.0,0.0,314076.0,58469991.32,0.45776449363168503,185.685
US.PLTR,Palantir,2026-08-28 10:55:00,186.51,186.52,186.74,186.21,0.0,0.0,240255.0,44804307.452,-0.00804138633499684,186.535
US.PLTR,Palantir,2026-08-28 11:00:00,186.51,186.4401,186.86,186.43,0.0,0.0,196229.0,36618258.708,-0.042837229251559715,186.52
US.PLTR,Palantir,2026-08-28 11:05:00,186.52,186.82,186.83,186.46,0.0,0.0,181663.0,33900493.627,0.2037651771265903,186.4401
US.PLTR,Palantir,2026-08-28 11:10:00,186.815,187.05,187.29,186.79,0.0,0.0,368159.0,68860377.807,0.12311315704957616,186.82
US.PLTR,Palantir,2026-08-28 11:15:00,187.04,187.17,187.36,187.0001,0.0,0.0,297632.0,55716572.341,0.0641539695268517,187.05
US.PLTR,Palantir,2026-08-28 11:20:00,187.1201,187.3799,187.85,187.1201,0.0,0.0,445938.0,83635959.903,0.11214404017738135,187.17
US.PLTR,Palantir,2026-08-28 11:25:00,187.305,187.725,187.94,187.25,0.0,0.0,293385.0,55045236.574,0.1841713011907906,187.3799
US.PLTR,Palantir,2026-08-28 11:30:00,187.725,188.0,188.085,187.68,0.0,0.0,407392.0,76560696.434,0.14649087761353347,187.725
US.PLTR,Palantir,2026-08-28 11:35:00,188.01,188.315,188.37,187.92,0.0,0.0,971928.0,182822165.488,0.1675531914893605,188.0
US.PLTR,Palantir,2026-08-28 11:40:00,188.3221,187.685,188.3499,187.63,0.0,0.0,290803.0,54682258.669,-0.3345458407455569,188.315
US.PLTR,Palantir,2026-08-28 11:45:00,187.7,187.09,187.7494,187.09,0.0,0.0,271655.0,50908783.564,-0.31702053973412836,187.685
US.PLTR,Palantir,2026-08-28 11:50:00,187.0991,186.65,187.34,186.5501,0.0,0.0,339372.0,63460375.155,-0.2351809289646682,187.09
US.PLTR,Palantir,2026-08-28 11:55:00,186.7,186.8,186.95,186.54,0.0,0.0,265461.0,49567322.847,0.08036431824270328,186.65
US.PLTR,Palantir,2026-08-28 12:00:00,186.84,186.27,186.95,186.14,0.0,0.0,404818.0,75467165.397,-0.2837259100642404,186.8
US.PLTR,Palantir,2026-08-28 12:05:00,186.25,186.18,186.56,185.78,0.0,0.0,397647.0,74010593.784,-0.04831695925269953,186.27
US.PLTR,Palantir,2026-08-28 12:10:00,186.17,186.27,186.475,186.08,0.0,0.0,197305.0,36759149.126,0.04834031582339854,186.18
US.PLTR,Palantir,2026-08-28 12:15:00,186.26,186.34,186.76,186.21,0.0,0.0,233361.0,43516551.216,0.03757985719653899,186.27
US.PLTR,Palantir,2026-08-28 12:20:00,186.35,185.92,186.51,185.66,0.0,0.0,253348.0,47125759.892,-0.22539444027048186,186.34
US.PLTR,Palantir,2026-08-28 12:25:00,185.92,185.61,186.085,185.31,0.0,0.0,269290.0,50007570.018,-0.16673838209981384,185.92
US.PLTR,Palantir,2026-08-28 12:30:00,185.605,185.39,186.11,185.37,0.0,0.0,227997.0,42349950.828,-0.11852809654653697,185.61
US.PLTR,Palantir,2026-08-28 12:35:00,185.35,185.6,185.9999,185.35,0.0,0.0,146750.0,27248232.741,0.11327471816171746,185.39
US.PLTR,Palantir,2026-08-28 12:40:00,185.5999,185.83,186.0561,185.59,0.0,0.0,158185.0,29409477.158,0.12392241379311326,185.6
US.PLTR,Palantir,2026-08-28 12:45:00,185.8,185.78,185.82,185.43,0.0,0.0,131488.0,24412373.055,-0.026906312220853126,185.83
US.PLTR,Palantir,2026-08-28 12:50:00,185.76,186.18,186.5,185.76,0.0,0.0,219380.0,40849748.337,0.21530842932501112,185.78
US.PLTR,Palantir,2026-08-28 12:55:00,186.21,186.13,186.46,186.075,0.0,0.0,205627.0,38315982.983,-0.02685573101300428,186.18
US.PLTR,Palantir,2026-08-28 13:00:00,186.12,185.9699,186.27,185.88,0.0,0.0,131744.0,24517274.575,-0.08601515070112283,186.13
US.PLTR,Palantir,2026-08-28 13:05:00,185.94,185.8,186.0,185.61,0.0,0.0,143186.0,26606128.953,-0.09135887044085317,185.9699
US.PLTR,Palantir,2026-08-28 13:10:00,185.8,185.66,185.87,185.64,0.0,0.0,613392.0,113931342.443,-0.07534983853606823,185.8
US.PLTR,Palantir,2026-08-28 13:15:00,185.64,185.87,185.95,185.53,0.0,0.0,103059.0,19145265.824,0.11310998599591078,185.66
US.PLTR,Palantir,2026-08-28 13:20:00,185.8391,185.91,186.05,185.78,0.0,0.0,93146.0,17319847.385,0.02152041749609514,185.87
US.PLTR,Palantir,2026-08-28 13:25:00,185.92,185.87,186.01,185.57,0.0,0.0,130556.0,24250007.649,-0.021515787208860222,185.91
US.PLTR,Palantir,2026-08-28 13:30:00,185.91,185.875,186.12,185.73,0.0,0.0,319440.0,59349508.743,0.0026900521870099814,185.87
US.PLTR,Palantir,2026-08-28 13:35:00,185.88,186.07,186.0825,185.6,0.0,0.0,168678.0,31349387.705,0.10490921318089746,185.875
US.PLTR,Palantir,2026-08-28 13:40:00,186.03,185.69,186.13,185.6235,0.0,0.0,120048.0,22321765.854,-0.20422421669264013,186.07
US.PLTR,Palantir,2026-08-28 13:45:00,185.69,185.885,186.1325,185.64,0.0,0.0,134967.0,25087098.918,0.10501373256502405,185.69
US.PLTR,Palantir,2026-08-28 13:50:00,185.875,185.9,186.07,185.75,0.0,0.0,125353.0,23307078.396,0.008069505339330652,185.885
US.PLTR,Palantir,2026-08-28 13:55:00,185.91,186.06,186.1499,185.86,0.0,0.0,89589.0,16664295.144,0.08606777837546885,185.9
US.PLTR,Palantir,2026-08-28 14:00:00,186.04,185.99,186.06,185.84,0.0,0.0,94746.0,17620192.425,-0.0376222723852484,186.06
US.PLTR,Palantir,2026-08-28 14:05:00,185.99,186.13,186.41,185.74,0.0,0.0,175565.0,32669002.367,0.0752728641324729,185.99
US.PLTR,Palantir,2026-08-28 14:10:00,186.12,186.22,186.2821,185.9493,0.0,0.0,129378.0,24080675.829,0.04835330145597347,186.13
US.PLTR,Palantir,2026-08-28 14:15:00,186.256,185.73,186.35,185.7,0.0,0.0,155153.0,28868892.963,-0.2631296316185206,186.22
US.PLTR,Palantir,2026-08-28 14:20:00,185.74,186.0342,186.11,185.71,0.0,0.0,156719.0,29139965.94,0.16378614117267468,185.73
US.PLTR,Palantir,2026-08-28 14:25:00,186.015,185.85,186.08,185.59,0.0,0.0,153080.0,28441638.053,-0.0990140522549102,186.0342
US.PLTR,Palantir,2026-08-28 14:30:00,185.85,186.06,186.155,185.83,0.0,0.0,124542.0,23161264.393,0.11299435028249015,185.85
US.PLTR,Palantir,2026-08-28 14:35:00,186.0548,186.16,186.315,186.03,0.0,0.0,150124.0,27951839.546,0.053746103407499905,186.06
US.PLTR,Palantir,2026-08-28 14:40:00,186.14,185.87,186.2,185.78,0.0,0.0,102138.0,18995127.985,-0.15577997421572415,186.16
US.PLTR,Palantir,2026-08-28 14:45:00,185.825,185.965,186.02,185.78,0.0,0.0,99100.0,18420924.976,0.051110991553235514,185.87
US.PLTR,Palantir,2026-08-28 14:50:00,185.98,185.81,186.0,185.7601,0.0,0.0,110588.0,20555449.495,-0.0833490172882,185.965
US.PLTR,Palantir,2026-08-28 14:55:00,185.815,185.8,185.98,185.68,0.0,0.0,114878.0,21347357.515,-0.005381841666213285,185.81
US.PLTR,Palantir,2026-08-28 15:00:00,185.81,185.73,185.85,185.68,0.0,0.0,126745.0,23546758.9,-0.037674919268041764,185.8
US.PLTR,Palantir,2026-08-28 15:05:00,185.71,185.83,185.87,185.6079,0.0,0.0,102086.0,18964843.476,0.05384159801864143,185.73
US.PLTR,Palantir,2026-08-28 15:10:00,185.8246,186.28,186.32,185.82,0.0,0.0,202515.0,37675847.051,0.24215680998761696,185.83
US.PLTR,Palantir,2026-08-28 15:15:00,186.28,186.08,186.34,186.06,0.0,0.0,157315.0,29296006.655,-0.10736525660295718,186.28
US.PLTR,Palantir,2026-08-28 15:20:00,186.13,185.955,186.1698,185.67,0.0,0.0,155637.0,28948282.705,-0.06717540842648323,186.08
US.PLTR,Palantir,2026-08-28 15:25:00,185.97,186.04,186.255,185.86,0.0,0.0,145135.0,27002776.365,0.04570998359817135,185.955
US.PLTR,Palantir,2026-08-28 15:30:00,186.05,186.0099,186.18,185.685,0.0,0.0,176644.0,32853638.722,-0.01617931627607206,186.04
US.PLTR,Palantir,2026-08-28 15:35:00,186.0,186.67,186.7,185.97,0.0,0.0,278457.0,51915868.991,0.3548735846855463,186.0099
US.PLTR,Palantir,2026-08-28 15:40:00,186.665,186.7871,186.9,186.61,0.0,0.0,322696.0,60263335.376,0.0627310226603214,186.67
US.PLTR,Palantir,2026-08-28 15:45:00,186.78,186.73,186.87,186.44,0.0,0.0,350141.0,65359724.366,-0.030569562887383384,186.7871
US.PLTR,Palantir,2026-08-28 15:50:00,186.75,187.09,187.16,186.49,0.0,0.0,468564.0,87559414.724,0.1927917313768616,186.73
US.PLTR,Palantir,2026-08-28 15:55:00,187.08,186.49,187.25,186.05,0.0,0.0,1413384.0,263771419.459,-0.32070126677000066,187.09
US.PLTR,Palantir,2026-08-28 16:00:00,186.49,186.29,186.57,186.17,0.0,0.0,2741597.0,510790396.292,-0.10724435626576065,186.49
US.PLTR,Palantir,2026-08-28 16:05:00,186.29,185.99,186.35,185.99,0.0,0.0,314493.0,58582436.366,-0.16103923989477856,186.29
US.PLTR,Palantir,2026-08-28 16:10:00,185.99,185.95,186.04,185.7822,0.0,0.0,39970.0,7443932.86,-0.02150653260929107,185.99
US.PLTR,Palantir,2026-08-28 16:15:00,185.95,185.918,185.98,185.84,0.0,0.0,7908.0,1470344.578,-0.017208927130939643,185.95
US.PLTR,Palantir,2026-08-28 16:20:00,185.918,185.8639,185.918,185.85,0.0,0.0,410457.0,76462584.646,-0.029098850030661563,185.918
US.PLTR,Palantir,2026-08-28 16:25:00,185.8639,186.119,186.119,185.8639,0.0,0.0,3217.0,598406.268,0.13725096697099262,185.8639
US.PLTR,Palantir,2026-08-28 16:30:00,186.119,185.9,186.119,185.9,0.0,0.0,3059.0,568805.921,-0.11766665412988146,186.119
US.PLTR,Palantir,2026-08-28 16:35:00,185.9,185.85,185.9317,185.76,0.0,0.0,6191.0,1150649.695,-0.0268961807423407,185.9
US.PLTR,Palantir,2026-08-28 16:40:00,185.85,185.88,185.9599,185.8,0.0,0.0,6328.0,1177999.909,0.016142050040355738,185.85
US.PLTR,Palantir,2026-08-28 16:45:00,185.8616,185.88,185.88,185.8616,0.0,0.0,1427.0,265300.631,0.0,185.88
US.PLTR,Palantir,2026-08-28 16:50:00,185.88,185.97,186.1,185.88,0.0,0.0,2325.0,432591.533,0.04841833440929816,185.88
US.PLTR,Palantir,2026-08-28 16:55:00,185.97,185.9387,186.1113,185.9387,0.0,0.0,54091.0,10076332.087,-0.016830671613694385,185.97
US.PLTR,Palantir,2026-08-28 17:00:00,185.9387,185.8608,185.9387,185.8608,0.0,0.0,2487.0,462605.727,-0.04189552793474389,185.9387
US.PLTR,Palantir,2026-08-28 17:05:00,185.8608,185.7801,185.8608,185.7801,0.0,0.0,3497.0,647364.179,-0.04341959143617552,185.8608
US.PLTR,Palantir,2026-08-28 17:10:00,185.7801,185.75,185.8937,185.75,0.0,0.0,3303.0,611121.257,-0.016201950585667924,185.7801
US.PLTR,Palantir,2026-08-28 17:15:00,185.75,185.75,185.76,185.75,0.0,0.0,3418.0,635060.193,0.0,185.75
US.PLTR,Palantir,2026-08-28 17:20:00,185.75,185.6,185.75,185.6,0.0,0.0,2797.0,519424.835,-0.08075370121130858,185.75
US.PLTR,Palantir,2026-08-28 17:25:00,185.6,185.59,185.6001,185.5139,0.0,0.0,5855.0,1086597.044,-0.005387931034477858,185.6
US.PLTR,Palantir,2026-08-28 17:30:00,185.59,185.55,185.59,185.55,0.0,0.0,990.0,183837.689,-0.021552885392527636,185.59
US.PLTR,Palantir,2026-08-28 17:35:00,185.55,185.55,185.7,185.55,0.0,0.0,2287.0,424649.01,0.0,185.55
US.PLTR,Palantir,2026-08-28 17:40:00,185.6398,185.3632,185.6398,185.3632,0.0,0.0,2774.0,514636.677,-0.1006736728644598,185.55
US.PLTR,Palantir,2026-08-28 17:45:00,185.3632,185.41,185.4999,185.35,0.0,0.0,1302.0,241474.468,0.02524772986223285,185.3632
US.PLTR,Palantir,2026-08-28 17:50:00,185.41,185.46,185.5,185.3732,0.0,0.0,2113.0,391889.507,0.026967261744248624,185.41
US.PLTR,Palantir,2026-08-28 17:55:00,185.46,185.4015,185.46,185.4015,0.0,0.0,2424.0,451120.766,-0.03154318990618426,185.46
US.PLTR,Palantir,2026-08-28 18:00:00,185.4015,185.5108,185.5521,185.4015,0.0,0.0,4788.0,888127.047,0.05895313684085102,185.4015
US.PLTR,Palantir,2026-08-28 18:05:00,185.5618,185.41,185.5618,185.41,0.0,0.0,3061.0,567749.981,-0.054336459117200975,185.5108
US.PLTR,Palantir,2026-08-28 18:10:00,185.41,185.441,185.4438,185.41,0.0,0.0,1140.0,211541.805,0.016719702281433532,185.41
US.PLTR,Palantir,2026-08-28 18:15:00,185.441,185.33,185.441,185.33,0.0,0.0,5855.0,1085428.169,-0.05985731310766767,185.441
US.PLTR,Palantir,2026-08-28 18:20:00,185.33,185.3,185.33,185.24,0.0,0.0,2554.0,473278.7,-0.016187341498948436,185.33
US.PLTR,Palantir,2026-08-28 18:25:00,185.3,185.45,185.45,185.3,0.0,0.0,1666.0,309014.545,0.08094981111709512,185.3
US.PLTR,Palantir,2026-08-28 18:30:00,185.45,185.34,185.45,185.3232,0.0,0.0,1451.0,268971.457,-0.05931517929360217,185.45
US.PLTR,Palantir,2026-08-28 18:35:00,185.34,185.4,185.4,185.3,0.0,0.0,2554.0,473435.475,0.03237293622531686,185.34
US.PLTR,Palantir,2026-08-28 18:40:00,185.4,185.3,185.4,185.3,0.0,0.0,453.0,84028.227,-0.053937432578206206,185.4
US.PLTR,Palantir,2026-08-28 18:45:00,185.3,185.3085,185.3845,185.3,0.0,0.0,1667.0,309070.998,0.0045871559633016475,185.3
US.PLTR,Palantir,2026-08-28 18:50:00,185.3085,185.3845,185.3971,185.3085,0.0,0.0,4364.0,809020.129,0.04101268964995853,185.3085
US.PLTR,Palantir,2026-08-28 18:55:00,185.3845,185.35,185.3845,185.3152,0.0,0.0,728.0,134966.174,-0.018609970089197538,185.3845
US.PLTR,Palantir,2026-08-28 19:00:00,185.35,185.25,185.35,185.25,0.0,0.0,2795.0,517926.772,-0.053951982735362454,185.35
US.PLTR,Palantir,2026-08-28 19:05:00,185.25,185.23,185.29,185.23,0.0,0.0,1749.0,324108.427,-0.010796221322542635,185.25
US.PLTR,Palantir,2026-08-28 19:10:00,185.23,185.25,185.25,185.23,0.0,0.0,524.0,97085.53,0.010797387032343697,185.23
US.PLTR,Palantir,2026-08-28 19:15:00,185.25,185.23,185.25,185.23,0.0,0.0,4465.0,827304.769,-0.010796221322542635,185.25
US.PLTR,Palantir,2026-08-28 19:20:00,185.23,185.2464,185.2464,185.23,0.0,0.0,726.0,134545.621,0.008853857366519684,185.23
US.PLTR,Palantir,2026-08-28 19:25:00,185.2464,185.24,185.28,185.24,0.0,0.0,1611.0,298487.001,-0.0034548579621439795,185.2464
US.PLTR,Palantir,2026-08-28 19:30:00,185.24,185.45,185.45,185.24,0.0,0.0,14669.0,2718808.598,0.11336644353270325,185.24
US.PLTR,Palantir,2026-08-28 19:35:00,185.45,185.5,185.5,185.45,0.0,0.0,1862.0,345398.062,0.026961445133465288,185.45
US.PLTR,Palantir,2026-08-28 19:40:00,185.5,185.2871,185.5,185.2871,0.0,0.0,543.0,100043.153,-0.11477088948786553,185.5
US.PLTR,Palantir,2026-08-28 19:45:00,185.3798,185.4,185.4,185.35,0.0,0.0,1006.0,186498.428,0.06093246642642484,185.2871
US.PLTR,Palantir,2026-08-28 19:50:00,185.4,185.4135,185.46,185.4,0.0,0.0,4983.0,924081.001,0.007281553398054696,185.4
US.PLTR,Palantir,2026-08-28 19:55:00,185.4135,185.41,185.49,185.3,0.0,0.0,2140.0,396794.471,-0.0018876726883438914,185.4135
US.PLTR,Palantir,2026-08-28 20:00:00,185.41,185.5,185.5,185.3587,0.0,0.0,2817.0,522461.478,0.04854107113963833,185.41
US.PLTR,Palantir,2026-08-31 04:05:00,184.3,183.68,185.07,183.68,0.0,0.0,48115.0,8863370.917,-0.9811320754716943,185.5
US.PLTR,Palantir,2026-08-31 04:10:00,183.68,183.86,183.9,183.68,0.0,0.0,1715.0,315555.339,0.09799651567944621,183.68
US.PLTR,Palantir,2026-08-31 04:15:00,183.86,183.73,183.94,183.67,0.0,0.0,5076.0,932924.788,-0.07070597193518105,183.86
US.PLTR,Palantir,2026-08-31 04:20:00,183.73,183.88,183.9,183.73,0.0,0.0,3773.0,693605.94,0.08164153921515577,183.73
US.PLTR,Palantir,2026-08-31 04:25:00,183.67,183.62,183.67,183.45,0.0,0.0,3775.0,692900.237,-0.14139656297584888,183.88
US.PLTR,Palantir,2026-08-31 04:30:00,183.62,183.66,183.7,183.62,0.0,0.0,2453.0,450597.765,0.02178411937696985,183.62
US.PLTR,Palantir,2026-08-31 04:35:00,183.66,183.66,183.69,183.65,0.0,0.0,1586.0,291322.35,0.0,183.66
US.PLTR,Palantir,2026-08-31 04:40:00,183.66,183.8,183.8,183.66,0.0,0.0,3168.0,582134.953,0.07622781226179613,183.66
US.PLTR,Palantir,2026-08-31 04:45:00,183.7657,183.76,183.99,183.76,0.0,0.0,2158.0,396820.179,-0.021762785636572614,183.8
US.PLTR,Palantir,2026-08-31 04:50:00,183.76,183.7,183.79,183.7,0.0,0.0,2722.0,500189.572,-0.03265128428384974,183.76
US.PLTR,Palantir,2026-08-31 04:55:00,183.7,183.7,183.82,183.7,0.0,0.0,2624.0,482131.356,0.0,183.7
US.PLTR,Palantir,2026-08-31 05:00:00,183.7,183.7,183.7,183.69,0.0,0.0,1624.0,298372.784,0.0,183.7
US.PLTR,Palantir,2026-08-31 05:05:00,183.7,183.75,183.77,183.68,0.0,0.0,2308.0,424129.806,0.02721829069135077,183.7
US.PLTR,Palantir,2026-08-31 05:10:00,183.75,183.77,183.78,183.66,0.0,0.0,1873.0,344161.739,0.010884353741502166,183.75
US.PLTR,Palantir,2026-08-31 05:15:00,183.77,183.83,183.83,183.77,0.0,0.0,2254.0,414317.646,0.032649507536595894,183.77
US.PLTR,Palantir,2026-08-31 05:20:00,183.83,183.98,183.98,183.7414,0.0,0.0,4358.0,801574.235,0.08159712778108973,183.83
US.PLTR,Palantir,2026-08-31 05:25:00,183.98,183.93,183.98,183.93,0.0,0.0,959.0,176515.112,-0.02717686705075712,183.98
US.PLTR,Palantir,2026-08-31 05:30:00,183.93,183.92,183.96,183.92,0.0,0.0,2281.0,419604.861,-0.005436850975925257,183.93
US.PLTR,Palantir,2026-08-31 05:35:00,183.92,183.75,183.92,183.75,0.0,0.0,2327.0,427886.055,-0.09243149195301625,183.92
US.PLTR,Palantir,2026-08-31 05:40:00,183.75,183.78,183.78,183.75,0.0,0.0,1265.0,232497.116,0.016326530612245517,183.75
US.PLTR,Palantir,2026-08-31 05:45:00,183.78,183.73,183.78,183.72,0.0,0.0,1110.0,203997.378,-0.02720644248558677,183.78
US.PLTR,Palantir,2026-08-31 05:50:00,183.73,183.65,183.73,183.64,0.0,0.0,1260.0,231454.35,-0.04354215424807276,183.73
US.PLTR,Palantir,2026-08-31 05:55:00,183.65,183.64,183.72,183.61,0.0,0.0,1589.0,291969.846,-0.005445140212370992,183.65
US.PLTR,Palantir,2026-08-31 06:00:00,183.64,183.72,183.72,183.6,0.0,0.0,898.0,165005.142,0.043563493792208946,183.64
US.PLTR,Palantir,2026-08-31 06:05:00,183.72,183.66,183.72,183.61,0.0,0.0,1707.0,313548.668,-0.03265839320705545,183.72
US.PLTR,Palantir,2026-08-31 06:10:00,183.66,183.7,183.76,183.66,0.0,0.0,1505.0,276659.974,0.02177937493193512,183.66
US.PLTR,Palantir,2026-08-31 06:15:00,183.7,183.81,183.81,183.7,0.0,0.0,2774.0,509923.396,0.05988023952096551,183.7
US.PLTR,Palantir,2026-08-31 06:20:00,183.81,183.7698,183.84,183.72,0.0,0.0,1321.0,242930.889,-0.021870409662150415,183.81
US.PLTR,Palantir,2026-08-31 06:25:00,183.7698,183.83,183.9,183.75,0.0,0.0,2067.0,380003.469,0.03275837487988174,183.7698
US.PLTR,Palantir,2026-08-31 06:30:00,183.83,183.76,183.83,183.74,0.0,0.0,923.0,169602.021,-0.03807865963119273,183.83
US.PLTR,Palantir,2026-08-31 06:35:00,183.76,183.67,183.76,183.67,0.0,0.0,2010.0,369260.314,-0.0489769264257746,183.76
US.PLTR,Palantir,2026-08-31 06:40:00,183.67,183.67,183.68,183.66,0.0,0.0,1783.0,327491.196,0.0,183.67
US.PLTR,Palantir,2026-08-31 06:45:00,183.67,183.64,183.67,183.62,0.0,0.0,1814.0,333271.088,-0.016333641857680156,183.67
US.PLTR,Palantir,2026-08-31 06:50:00,183.64,183.6,183.79,183.6,0.0,0.0,5494.0,1009167.545,-0.021781746896096733,183.64
US.PLTR,Palantir,2026-08-31 06:55:00,183.6,183.68,183.84,183.6,0.0,0.0,2632.0,483604.299,0.043572984749462154,183.6
US.PLTR,Palantir,2026-08-31 07:00:00,183.68,183.81,183.88,183.68,0.0,0.0,3528.0,648499.049,0.07077526132403933,183.68
US.PLTR,Palantir,2026-08-31 07:05:00,183.81,183.74,183.9,183.5,0.0,0.0,27011.0,4961214.037,-0.03808280289428931,183.81
US.PLTR,Palantir,2026-08-31 07:10:00,183.8442,183.6,183.99,183.6,0.0,0.0,12929.0,2376173.499,-0.076194622836625,183.74
US.PLTR,Palantir,2026-08-31 07:15:00,183.6,183.65,183.8132,183.6,0.0,0.0,4064.0,746740.473,0.02723311546841578,183.6
US.PLTR,Palantir,2026-08-31 07:20:00,183.65,183.79,183.84,183.65,0.0,0.0,4091.0,751871.016,0.07623196297303912,183.65
US.PLTR,Palantir,2026-08-31 07:25:00,183.79,183.79,183.82,183.79,0.0,0.0,1819.0,334453.752,0.0,183.79
US.PLTR,Palantir,2026-08-31 07:30:00,183.79,183.6934,183.93,183.6934,0.0,0.0,4716.0,866755.988,-0.052559986941615504,183.79
US.PLTR,Palantir,2026-08-31 07:35:00,183.6934,183.7,183.8,183.6934,0.0,0.0,14578.0,2679401.242,0.0035929434590419277,183.6934
US.PLTR,Palantir,2026-08-31 07:40:00,183.7,183.545,183.81,183.5,0.0,0.0,10517.0,1930731.137,-0.08437670114316884,183.7
US.PLTR,Palantir,2026-08-31 07:45:00,183.5077,183.425,183.62,183.425,0.0,0.0,8025.0,1472723.763,-0.06537906235526772,183.545
US.PLTR,Palantir,2026-08-31 07:50:00,183.425,183.44,183.55,183.39,0.0,0.0,6781.0,1244163.461,0.008177729317152164,183.425
US.PLTR,Palantir,2026-08-31 07:55:00,183.44,183.42,183.5,183.42,0.0,0.0,3407.0,625080.437,-0.010902747492373655,183.44
US.PLTR,Palantir,2026-08-31 08:00:00,183.42,183.52,183.55,183.42,0.0,0.0,2268.0,416205.437,0.054519681605071826,183.42
US.PLTR,Palantir,2026-08-31 08:05:00,183.52,183.72,183.75,183.46,0.0,0.0,13332.0,2447688.881,0.1089799476896189,183.52
US.PLTR,Palantir,2026-08-31 08:10:00,183.72,183.614,183.97,183.55,0.0,0.0,40342.0,7418670.521,-0.057696494665792804,183.72
US.PLTR,Palantir,2026-08-31 08:15:00,183.614,183.62,183.9,183.614,0.0,0.0,4176.0,767466.787,0.00326772468330314,183.614
US.PLTR,Palantir,2026-08-31 08:20:00,183.635,183.57,183.75,183.46,0.0,0.0,11742.0,2157681.855,-0.027230149221223923,183.62
US.PLTR,Palantir,2026-08-31 08:25:00,183.57,183.76,183.76,183.57,0.0,0.0,10645.0,1955411.288,0.10350275099416993,183.57
US.PLTR,Palantir,2026-08-31 08:30:00,183.76,183.5,183.76,183.3601,0.0,0.0,5349.0,981762.835,-0.14148889856333854,183.76
US.PLTR,Palantir,2026-08-31 08:35:00,183.5,183.5341,183.55,183.4,0.0,0.0,8114.0,1489066.226,0.01858310626702732,183.5
US.PLTR,Palantir,2026-08-31 08:40:00,183.5341,183.4,183.55,183.4,0.0,0.0,9244.0,1696130.532,-0.07306544124497272,183.5341
US.PLTR,Palantir,2026-08-31 08:45:00,183.4,183.38,183.48,183.29,0.0,0.0,8128.0,1491041.825,-0.010905125408947782,183.4
US.PLTR,Palantir,2026-08-31 08:50:00,183.38,183.15,183.39,183.15,0.0,0.0,10971.0,2011203.877,-0.12542261969679888,183.38
US.PLTR,Palantir,2026-08-31 08:55:00,183.15,183.25,183.3,183.05,0.0,0.0,22978.0,4208690.214,0.05460005460005149,183.15
US.PLTR,Palantir,2026-08-31 09:00:00,183.25,183.36,183.36,183.24,0.0,0.0,7693.0,1410055.532,0.060027285129611814,183.25
US.PLTR,Palantir,2026-08-31 09:05:00,183.36,183.59,183.62,183.2279,0.0,0.0,9418.0,1728353.141,0.12543630017451446,183.36
US.PLTR,Palantir,2026-08-31 09:10:00,183.59,183.736,183.83,183.5232,0.0,0.0,10867.0,1996451.648,0.07952502859632146,183.59
US.PLTR,Palantir,2026-08-31 09:15:00,183.736,183.8,183.8,183.61,0.0,0.0,9967.0,1831457.881,0.034832585884106204,183.736
US.PLTR,Palantir,2026-08-31 09:20:00,183.8,183.74,183.88,183.7,0.0,0.0,4552.0,836418.307,-0.03264417845484345,183.8
US.PLTR,Palantir,2026-08-31 09:25:00,183.74,183.67,183.7753,183.6394,0.0,0.0,5174.0,950584.532,-0.038097311418320234,183.74
US.PLTR,Palantir,2026-08-31 09:30:00,183.67,184.53,184.76,183.67,0.0,0.0,30067.0,5541482.551,0.4682310665868208,183.67
US.PLTR,Palantir,2026-08-31 09:35:00,184.495,186.1899,186.94,184.32,0.0,0.0,1068143.0,198051303.213,0.8995285319460213,184.53
US.PLTR,Palantir,2026-08-31 09:40:00,186.05,185.77,186.29,184.7301,0.0,0.0,460602.0,85428610.59,-0.22552243703873529,186.1899
US.PLTR,Palantir,2026-08-31 09:45:00,185.73,185.73,186.33,185.0,0.0,0.0,338213.0,62776261.542,-0.021532001937891187,185.77
US.PLTR,Palantir,2026-08-31 09:50:00,185.67,186.35,186.42,184.96,0.0,0.0,402767.0,74772655.01,0.33381790771550346,185.73
US.PLTR,Palantir,2026-08-31 09:55:00,186.38,185.465,186.75,184.96,0.0,0.0,356422.0,66178217.768,-0.47491279849744616,186.35
US.PLTR,Palantir,2026-08-31 10:00:00,185.46,185.16,185.78,185.0,0.0,0.0,205160.0,38027174.343,-0.16445151376270822,185.465
US.PLTR,Palantir,2026-08-31 10:05:00,185.16,184.9136,185.26,184.66,0.0,0.0,271628.0,50250449.717,-0.1330740980773354,185.16
US.PLTR,Palantir,2026-08-31 10:10:00,184.86,184.79,185.0499,184.4352,0.0,0.0,213533.0,39448426.394,-0.06684202784436102,184.9136
US.PLTR,Palantir,2026-08-31 10:15:00,184.84,184.76,185.45,184.65,0.0,0.0,250046.0,46264316.979,-0.0162346447318584,184.79
US.PLTR,Palantir,2026-08-31 10:20:00,184.7444,184.56,184.7444,183.79,0.0,0.0,412723.0,76040358.278,-0.10824853864472214,184.76
US.PLTR,Palantir,2026-08-31 10:25:00,184.605,184.27,184.73,184.05,0.0,0.0,216828.0,40007392.967,-0.15713047247507153,184.56
US.PLTR,Palantir,2026-08-31 10:30:00,184.315,185.57,185.76,184.26,0.0,0.0,401089.0,74161296.06,0.705486514353928,184.27
US.PLTR,Palantir,2026-08-31 10:35:00,185.5,185.098,185.8,185.0165,0.0,0.0,164087.0,30442473.33,-0.25435145767094897,185.57
US.PLTR,Palantir,2026-08-31 10:40:00,185.13,185.27,185.541,184.96,0.0,0.0,146827.0,27206014.986,0.09292374850079257,185.098
US.PLTR,Palantir,2026-08-31 10:45:00,185.25,185.22,185.35,185.07,0.0,0.0,102190.0,18927824.52,-0.02698763966104138,185.27
US.PLTR,Palantir,2026-08-31 10:50:00,185.22,185.055,185.24,185.0,0.0,0.0,141668.0,26226289.053,-0.08908325234855417,185.22
US.PLTR,Palantir,2026-08-31 10:55:00,185.0533,185.81,185.935,184.96,0.0,0.0,259744.0,48186817.207,0.40798681473075327,185.055
US.PLTR,Palantir,2026-08-31 11:00:00,185.815,185.5,186.175,185.385,0.0,0.0,345055.0,64073516.979,-0.1668370916527648,185.81
US.PLTR,Palantir,2026-08-31 11:05:00,185.5,186.0629,186.38,185.5,0.0,0.0,246294.0,45820525.397,0.30345013477089666,185.5
US.PLTR,Palantir,2026-08-31 11:10:00,186.0,186.09,186.35,185.9868,0.0,0.0,177487.0,33044006.367,0.014564967008463338,186.0629
US.PLTR,Palantir,2026-08-31 11:15:00,186.13,186.16,186.2,186.03,0.0,0.0,112972.0,21028547.782,0.037616207211560636,186.09
US.PLTR,Palantir,2026-08-31 11:20:00,186.19,186.0948,186.29,186.025,0.0,0.0,180007.0,33510525.047,-0.035023635582297145,186.16
US.PLTR,Palantir,2026-08-31 11:25:00,186.12,186.33,186.35,185.87,0.0,0.0,209833.0,39039044.468,0.12638719620323638,186.0948
US.PLTR,Palantir,2026-08-31 11:30:00,186.2801,186.16,186.4255,186.12,0.0,0.0,904323.0,168678413.984,-0.091235979176738,186.33
US.PLTR,Palantir,2026-08-31 11:35:00,186.15,185.76,186.15,185.68,0.0,0.0,134693.0,25033026.118,-0.21486892995273188,186.16
US.PLTR,Palantir,2026-08-31 11:40:00,185.76,185.84,186.185,185.582,0.0,0.0,165017.0,30662039.779,0.04306632213609631,185.76
US.PLTR,Palantir,2026-08-31 11:45:00,185.8558,185.885,185.93,185.44,0.0,0.0,120756.0,22418139.778,0.024214377959528355,185.84
US.PLTR,Palantir,2026-08-31 11:50:00,185.89,186.15,186.15,185.59,0.0,0.0,140018.0,26020751.139,0.14256126099470898,185.885
US.PLTR,Palantir,2026-08-31 11:55:00,186.145,186.38,186.4,186.11,0.0,0.0,162171.0,30209202.567,0.1235562718237925,186.15
US.PLTR,Palantir,2026-08-31 12:00:00,186.3601,185.91,186.375,185.89,0.0,0.0,199489.0,37136804.734,-0.25217297993346866,186.38
US.PLTR,Palantir,2026-08-31 12:05:00,185.95,185.92,186.03,185.75,0.0,0.0,153470.0,28528631.011,0.005378946802211234,185.91
US.PLTR,Palantir,2026-08-31 12:10:00,185.94,186.015,186.1,185.9,0.0,0.0,162289.0,30189082.15,0.051097246127366006,185.92
US.PLTR,Palantir,2026-08-31 12:15:00,186.01,186.275,186.29,185.97,0.0,0.0,86663.0,16132106.977,0.13977367416607228,186.015
US.PLTR,Palantir,2026-08-31 12:20:00,186.3,186.26,186.3,185.88,0.0,0.0,95897.0,17841463.122,-0.008052610387875334,186.275
US.PLTR,Palantir,2026-08-31 12:25:00,186.26,186.415,186.83,186.26,0.0,0.0,263230.0,49102053.319,0.08321700848276664,186.26
US.PLTR,Palantir,2026-08-31 12:30:00,186.4211,187.22,187.26,186.4211,0.0,0.0,1368926.0,255350027.972,0.4318322023442356,186.415
US.PLTR,Palantir,2026-08-31 12:35:00,187.19,187.76,187.7978,187.0,0.0,0.0,399443.0,74862297.966,0.28843072321332763,187.22
US.PLTR,Palantir,2026-08-31 12:40:00,187.76,187.15,187.94,187.07,0.0,0.0,321607.0,60315838.486,-0.3248828291435797,187.76
US.PLTR,Palantir,2026-08-31 12:45:00,187.13,187.27,187.57,186.96,0.0,0.0,176674.0,33091370.074,0.06411969008816701,187.15
US.PLTR,Palantir,2026-08-31 12:50:00,187.26,187.41,187.445,187.15,0.0,0.0,159568.0,29885694.204,0.07475837026752088,187.27
US.PLTR,Palantir,2026-08-31 12:55:00,187.4321,187.255,187.5,187.17,0.0,0.0,183796.0,34431605.822,-0.08270636572221395,187.41
US.PLTR,Palantir,2026-08-31 13:00:00,187.23,186.635,187.395,186.205,0.0,0.0,245920.0,45949346.075,-0.3310993030893725,187.255
US.PLTR,Palantir,2026-08-31 13:05:00,186.59,186.56,186.9,186.37,0.0,0.0,179563.0,33511325.203,-0.040185388592701606,186.635
US.PLTR,Palantir,2026-08-31 13:10:00,186.5899,186.24,186.59,186.21,0.0,0.0,120881.0,22535028.605,-0.17152658662092257,186.56
US.PLTR,Palantir,2026-08-31 13:15:00,186.2699,185.8,186.28,185.45,0.0,0.0,274039.0,50910444.277,-0.23625429553264482,186.24
US.PLTR,Palantir,2026-08-31 13:20:00,185.785,185.91,186.38,185.745,0.0,0.0,215130.0,40031291.566,0.0592034445640394,185.8
US.PLTR,Palantir,2026-08-31 13:25:00,185.88,185.77,186.0799,185.7506,0.0,0.0,162932.0,30291128.114,-0.07530525523101843,185.91
US.PLTR,Palantir,2026-08-31 13:30:00,185.785,185.58,185.97,185.43,0.0,0.0,142916.0,26546756.943,-0.1022770092049296,185.77
US.PLTR,Palantir,2026-08-31 13:35:00,185.57,185.94,186.07,185.57,0.0,0.0,113223.0,21042497.933,0.19398642095052548,185.58
US.PLTR,Palantir,2026-08-31 13:40:00,185.9,185.5342,186.0738,185.5,0.0,0.0,103486.0,19232660.591,-0.21824244379907456,185.94
US.PLTR,Palantir,2026-08-31 13:45:00,185.58,186.13,186.165,185.5301,0.0,0.0,133131.0,24745998.294,0.32112677878256246,185.5342
US.PLTR,Palantir,2026-08-31 13:50:00,186.125,186.225,186.29,186.01,0.0,0.0,87002.0,16197519.787,0.05103959598130278,186.13
US.PLTR,Palantir,2026-08-31 13:55:00,186.23,186.6518,186.72,186.22,0.0,0.0,153033.0,28544334.7,0.22918512552021175,186.225
US.PLTR,Palantir,2026-08-31 14:00:00,186.655,186.41,186.655,186.34,0.0,0.0,163637.0,30512233.295,-0.12954603170181694,186.6518
US.PLTR,Palantir,2026-08-31 14:05:00,186.385,187.2101,187.29,186.33,0.0,0.0,285578.0,53393915.553,0.4292151708599403,186.41
US.PLTR,Palantir,2026-08-31 14:10:00,187.22,186.94,187.41,186.765,0.0,0.0,166770.0,31193997.482,-0.14427640389060928,187.2101
US.PLTR,Palantir,2026-08-31 14:15:00,186.96,186.907,187.1599,186.86,0.0,0.0,124597.0,23301981.428,-0.01765272279875203,186.94
US.PLTR,Palantir,2026-08-31 14:20:00,186.915,187.145,187.36,186.915,0.0,0.0,198005.0,37065125.478,0.12733605482940688,186.907
US.PLTR,Palantir,2026-08-31 14:25:00,187.13,187.28,187.33,186.96,0.0,0.0,136253.0,25498695.101,0.07213657858878993,187.145
US.PLTR,Palantir,2026-08-31 14:30:00,187.2968,187.07,187.2968,187.04,0.0,0.0,120187.0,22496611.227,-0.11213156770611275,187.28
US.PLTR,Palantir,2026-08-31 14:35:00,187.07,186.87,187.18,186.85,0.0,0.0,102583.0,19185049.791,-0.10691185117869709,187.07
US.PLTR,Palantir,2026-08-31 14:40:00,186.88,186.915,186.92,186.62,0.0,0.0,175403.0,32763844.295,0.024080911863855886,186.87
US.PLTR,Palantir,2026-08-31 14:45:00,186.915,187.17,187.2,186.895,0.0,0.0,142915.0,26736756.084,0.13642564802182566,186.915
US.PLTR,Palantir,2026-08-31 14:50:00,187.17,187.38,187.56,187.0101,0.0,0.0,221225.0,41436238.998,0.11219746754287972,187.17
US.PLTR,Palantir,2026-08-31 14:55:00,187.38,187.599,187.599,187.2901,0.0,0.0,135421.0,25376699.829,0.11687479987191488,187.38
US.PLTR,Palantir,2026-08-31 15:00:00,187.49,187.415,187.6,187.3501,0.0,0.0,148487.0,27840454.457,-0.0980815462768978,187.599
US.PLTR,Palantir,2026-08-31 15:05:00,187.4,187.445,187.5354,187.31,0.0,0.0,86876.0,16284423.96,0.016007256623003036,187.415
US.PLTR,Palantir,2026-08-31 15:10:00,187.44,187.56,187.59,187.18,0.0,0.0,195757.0,36678709.187,0.061351329723390385,187.445
US.PLTR,Palantir,2026-08-31 15:15:00,187.565,187.6,187.65,187.49,0.0,0.0,156098.0,29279084.366,0.02132650885049693,187.56
US.PLTR,Palantir,2026-08-31 15:20:00,187.56,187.72,187.77,187.4701,0.0,0.0,150849.0,28305597.191,0.06396588486140967,187.6
US.PLTR,Palantir,2026-08-31 15:25:00,187.73,187.53,187.755,187.47,0.0,0.0,184080.0,34535970.709,-0.10121457489878422,187.72
US.PLTR,Palantir,2026-08-31 15:30:00,187.5074,187.425,187.65,187.31,0.0,0.0,168750.0,31630821.75,-0.05599104143336521,187.53
US.PLTR,Palantir,2026-08-31 15:35:00,187.43,187.25,187.455,187.11,0.0,0.0,189530.0,35493026.079,-0.09337068160598179,187.425
US.PLTR,Palantir,2026-08-31 15:40:00,187.265,187.155,187.3,187.07,0.0,0.0,177278.0,33186450.07,-0.0507343124165548,187.25
US.PLTR,Palantir,2026-08-31 15:45:00,187.15,187.0575,187.1959,186.56,0.0,0.0,294407.0,55020699.022,-0.05209585637572953,187.155
US.PLTR,Palantir,2026-08-31 15:50:00,187.05,187.06,187.19,186.69,0.0,0.0,268810.0,50275272.081,0.0013364874436992509,187.0575
US.PLTR,Palantir,2026-08-31 15:55:00,187.08,186.43,187.19,186.4,0.0,0.0,526030.0,98248880.692,-0.3367903346519809,187.06
US.PLTR,Palantir,2026-08-31 16:00:00,186.42,186.38,186.59,185.88,0.0,0.0,5145202.0,958886571.983,-0.026819717856574245,186.43
US.PLTR,Palantir,2026-08-31 16:05:00,186.38,186.2,186.38,186.0427,0.0,0.0,1053631.0,196373069.717,-0.09657688593197061,186.38
US.PLTR,Palantir,2026-08-31 16:10:00,186.2,186.12,186.38,186.0,0.0,0.0,34985.0,6515006.15,-0.04296455424274118,186.2
US.PLTR,Palantir,2026-08-31 16:15:00,186.12,186.33,186.38,186.12,0.0,0.0,125404.0,23372355.248,0.11283043197937241,186.12
US.PLTR,Palantir,2026-08-31 16:20:00,186.33,186.2126,186.33,186.17,0.0,0.0,394317.0,73492722.426,-0.06300649385499034,186.33
US.PLTR,Palantir,2026-08-31 16:25:00,186.2126,186.256,186.29,186.2126,0.0,0.0,45574.0,8493605.049,0.023306693532011917,186.2126
US.PLTR,Palantir,2026-08-31 16:30:00,186.256,186.31,186.31,186.2,0.0,0.0,5592.0,1041874.913,0.02899235460871169,186.256
US.PLTR,Palantir,2026-08-31 16:35:00,186.31,186.22,186.31,186.2,0.0,0.0,1584.0,295008.11,-0.048306585797865606,186.31
US.PLTR,Palantir,2026-08-31 16:40:00,186.22,186.21,186.27,186.21,0.0,0.0,2738.0,509945.949,-0.005369992482005642,186.22
US.PLTR,Palantir,2026-08-31 16:45:00,186.21,186.264,186.31,186.21,0.0,0.0,6200.0,1155565.834,0.028999516674723183,186.21
US.PLTR,Palantir,2026-08-31 16:50:00,186.264,186.24,186.264,186.24,0.0,0.0,2686.0,500412.129,-0.012884937508053574,186.264
US.PLTR,Palantir,2026-08-31 16:55:00,186.24,186.34,186.34,186.2,0.0,0.0,30042.0,5599039.889,0.053694158075598325,186.24
US.PLTR,Palantir,2026-08-31 17:00:00,186.34,186.26,186.34,186.26,0.0,0.0,1634.0,303039.046,-0.04293227433723973,186.34
US.PLTR,Palantir,2026-08-31 17:05:00,186.26,186.21,186.26,186.19,0.0,0.0,38243.0,7127531.341,-0.026844196284754082,186.26
US.PLTR,Palantir,2026-08-31 17:10:00,186.21,186.2,186.224,186.148,0.0,0.0,189309.0,35280823.684,-0.005370280865699654,186.21
US.PLTR,Palantir,2026-08-31 17:15:00,186.2,186.08,186.2,186.05,0.0,0.0,3102.0,577458.445,-0.06444683136411178,186.2
US.PLTR,Palantir,2026-08-31 17:20:00,186.08,186.16,186.16,186.03,0.0,0.0,3326.0,619612.566,0.04299226139294071,186.08
US.PLTR,Palantir,2026-08-31 17:25:00,186.1,186.03,186.12,186.0,0.0,0.0,8105.0,1507837.972,-0.06983240223463444,186.16
US.PLTR,Palantir,2026-08-31 17:30:00,186.03,186.0101,186.1,186.01,0.0,0.0,942.0,175252.745,-0.010697199376448375,186.03
US.PLTR,Palantir,2026-08-31 17:35:00,186.0101,186.02,186.03,186.01,0.0,0.0,2017.0,375229.883,0.0053222916390110045,186.0101
US.PLTR,Palantir,2026-08-31 17:40:00,186.02,186.0575,186.07,186.02,0.0,0.0,3048.0,567113.458,0.02015912267497813,186.02
US.PLTR,Palantir,2026-08-31 17:45:00,186.0575,186.03,186.07,186.01,0.0,0.0,2654.0,493818.51,-0.014780377033983261,186.0575
US.PLTR,Palantir,2026-08-31 17:50:00,186.03,186.05,186.05,185.9,0.0,0.0,6525.0,1213621.131,0.010750954147186062,186.03
US.PLTR,Palantir,2026-08-31 17:55:00,186.05,186.0301,186.06,185.9403,0.0,0.0,3543.0,659066.573,-0.010696049449076544,186.05
US.PLTR,Palantir,2026-08-31 18:00:00,186.0301,185.9507,186.0301,185.9,0.0,0.0,1632.0,303557.357,-0.042681265021086684,186.0301
US.PLTR,Palantir,2026-08-31 18:05:00,185.9507,186.05,186.05,185.89,0.0,0.0,3582.0,666321.858,0.053401250976737105,185.9507
US.PLTR,Palantir,2026-08-31 18:10:00,186.05,185.96,186.05,185.95,0.0,0.0,4047.0,752770.912,-0.04837409298575835,186.05
US.PLTR,Palantir,2026-08-31 18:15:00,185.96,186.02,186.02,185.96,0.0,0.0,788.0,146736.782,0.03226500322650154,185.96
US.PLTR,Palantir,2026-08-31 18:20:00,186.02,185.98,186.02,185.98,0.0,0.0,1395.0,259448.051,-0.021503064186657594,186.02
US.PLTR,Palantir,2026-08-31 18:25:00,185.98,185.9732,185.98,185.9732,0.0,0.0,1266.0,235596.91,-0.003656307129798023,185.98
US.PLTR,Palantir,2026-08-31 18:30:00,185.9732,185.99,186.06,185.9732,0.0,0.0,1194.0,222178.972,0.009033559674199127,185.9732
US.PLTR,Palantir,2026-08-31 18:35:00,185.99,186.1,186.1,185.99,0.0,0.0,840.0,156380.47,0.05914296467551224,185.99
US.PLTR,Palantir,2026-08-31 18:40:00,186.1,186.099,186.1,186.0,0.0,0.0,3789.0,704981.186,-0.0005373455131675309,186.1
US.PLTR,Palantir,2026-08-31 18:45:00,186.099,186.0485,186.099,186.0483,0.0,0.0,1154.0,214731.374,-0.02713609422941528,186.099
US.PLTR,Palantir,2026-08-31 18:50:00,186.0485,186.0,186.0485,186.0,0.0,0.0,765.0,142304.402,-0.02606847139320661,186.0485
US.PLTR,Palantir,2026-08-31 18:55:00,186.0,185.9,186.0,185.9,0.0,0.0,562.0,104581.983,-0.053763440860211995,186.0
US.PLTR,Palantir,2026-08-31 19:00:00,185.9,185.8866,185.9,185.88,0.0,0.0,649.0,120781.621,-0.0072081764389556255,185.9
US.PLTR,Palantir,2026-08-31 19:05:00,185.8866,185.9,185.91,185.8337,0.0,0.0,703.0,130799.463,0.00720869605448618,185.8866
US.PLTR,Palantir,2026-08-31 19:10:00,185.9,185.86,185.9,185.86,0.0,0.0,1292.0,240272.44,-0.02151694459386339,185.9
US.PLTR,Palantir,2026-08-31 19:15:00,185.86,185.8876,185.9,185.8566,0.0,0.0,1520.0,282571.595,0.014849887011717588,185.86
US.PLTR,Palantir,2026-08-31 19:20:00,185.8876,185.91,186.0,185.8265,0.0,0.0,4899.0,910910.237,0.012050292757561365,185.8876
US.PLTR,Palantir,2026-08-31 19:25:00,185.91,186.0603,186.0603,185.9,0.0,0.0,2338.0,435012.37,0.08084557043731679,185.91
US.PLTR,Palantir,2026-08-31 19:30:00,186.0603,186.14,186.14,186.0,0.0,0.0,1837.0,341859.912,0.04283557534840808,186.0603
US.PLTR,Palantir,2026-08-31 19:35:00,186.14,186.01,186.15,186.01,0.0,0.0,1175.0,218751.317,-0.06983990544751019,186.14
US.PLTR,Palantir,2026-08-31 19:40:00,186.01,186.2,186.21,186.01,0.0,0.0,977.0,181922.13,0.10214504596526948,186.01
US.PLTR,Palantir,2026-08-31 19:45:00,186.3113,186.2317,186.3113,186.2317,0.0,0.0,743.0,138387.116,0.017024704618689972,186.2
US.PLTR,Palantir,2026-08-31 19:50:00,186.2317,186.13,186.2317,186.1039,0.0,0.0,723.0,134570.009,-0.054609392493326275,186.2317
US.PLTR,Palantir,2026-08-31 19:55:00,186.2859,186.15,186.2859,186.1,0.0,0.0,750.0,139635.288,0.010745178101332527,186.13
US.PLTR,Palantir,2026-08-31 20:00:00,186.15,186.45,186.5,186.15,0.0,0.0,8101.0,1509523.379,0.16116035455277086,186.15
US.PLTR,Palantir,2026-09-01 04:05:00,185.01,185.03,185.15,185.0,0.0,0.0,50137.0,9306037.721,-0.7615982837221709,186.45
US.PLTR,Palantir,2026-09-01 04:10:00,185.03,184.47,185.12,184.47,0.0,0.0,10712.0,1978169.72,-0.3026536237366926,185.03
US.PLTR,Palantir,2026-09-01 04:15:00,184.47,184.23,184.49,184.23,0.0,0.0,5545.0,1022610.679,-0.13010245568385598,184.47
US.PLTR,Palantir,2026-09-01 04:20:00,184.23,184.2,184.23,184.2,0.0,0.0,2261.0,416697.027,-0.01628399283504377,184.23
US.PLTR,Palantir,2026-09-01 04:25:00,184.2,184.3,184.43,184.19,0.0,0.0,2837.0,522834.059,0.05428881650381257,184.2
US.PLTR,Palantir,2026-09-01 04:30:00,184.3,183.91,184.33,183.91,0.0,0.0,11007.0,2026966.592,-0.2116115029842728,184.3
US.PLTR,Palantir,2026-09-01 04:35:00,183.91,184.26,184.26,183.91,0.0,0.0,3565.0,656282.362,0.19031047795116868,183.91
US.PLTR,Palantir,2026-09-01 04:40:00,184.26,184.08,184.28,184.08,0.0,0.0,1712.0,315261.793,-0.0976880494952667,184.26
US.PLTR,Palantir,2026-09-01 04:45:00,184.08,183.84,184.23,183.84,0.0,0.0,5114.0,941129.893,-0.13037809647979634,184.08
US.PLTR,Palantir,2026-09-01 04:50:00,183.84,184.0658,184.0658,183.84,0.0,0.0,2864.0,527000.563,0.12282419495212818,183.84
US.PLTR,Palantir,2026-09-01 04:55:00,184.0658,183.77,184.0658,183.5,0.0,0.0,8348.0,1533380.917,-0.1607034006317228,184.0658
US.PLTR,Palantir,2026-09-01 05:00:00,183.77,183.47,183.84,183.41,0.0,0.0,5252.0,964286.799,-0.16324753768297945,183.77
US.PLTR,Palantir,2026-09-01 05:05:00,183.47,183.33,183.47,183.33,0.0,0.0,2820.0,517200.093,-0.07630675314764614,183.47
US.PLTR,Palantir,2026-09-01 05:10:00,183.33,183.13,183.5,183.1,0.0,0.0,15977.0,2927590.143,-0.10909289259805653,183.33
US.PLTR,Palantir,2026-09-01 05:15:00,183.13,183.27,183.27,183.13,0.0,0.0,2011.0,368477.582,0.07644842461640079,183.13
US.PLTR,Palantir,2026-09-01 05:20:00,183.18,183.19,183.19,183.09,0.0,0.0,8152.0,1493020.997,-0.04365144322584848,183.27
US.PLTR,Palantir,2026-09-01 05:25:00,183.19,183.1735,183.2,183.0368,0.0,0.0,3797.0,695449.78,-0.009007041869101878,183.19
US.PLTR,Palantir,2026-09-01 05:30:00,183.1735,183.02,183.1735,183.02,0.0,0.0,5536.0,1013645.294,-0.083800331379801,183.1735
US.PLTR,Palantir,2026-09-01 05:35:00,183.02,183.1,183.2,183.02,0.0,0.0,4820.0,882802.555,0.043711069828425354,183.02
US.PLTR,Palantir,2026-09-01 05:40:00,183.1,183.12,183.16,183.1,0.0,0.0,3649.0,668363.346,0.010922992900060205,183.1
US.PLTR,Palantir,2026-09-01 05:45:00,183.12,183.39,183.39,183.11,0.0,0.0,6256.0,1146769.093,0.14744429882043567,183.12
US.PLTR,Palantir,2026-09-01 05:50:00,183.39,183.41,183.62,183.3,0.0,0.0,7509.0,1377997.939,0.010905720050171893,183.39
US.PLTR,Palantir,2026-09-01 05:55:00,183.41,183.49,183.49,183.37,0.0,0.0,3572.0,655265.94,0.04361812333025054,183.41
US.PLTR,Palantir,2026-09-01 06:00:00,183.49,183.24,183.49,183.22,0.0,0.0,6735.0,1234863.091,-0.1362472069322579,183.49
US.PLTR,Palantir,2026-09-01 06:05:00,183.24,183.2,183.3,183.2,0.0,0.0,2425.0,444403.81,-0.021829294913785453,183.24
US.PLTR,Palantir,2026-09-01 06:10:00,183.2,183.32,183.32,183.18,0.0,0.0,4274.0,783350.155,0.06550218340611602,183.2
US.PLTR,Palantir,2026-09-01 06:15:00,183.32,183.38,183.38,183.32,0.0,0.0,2026.0,371550.722,0.032729653065678745,183.32
US.PLTR,Palantir,2026-09-01 06:20:00,183.38,183.18,183.38,183.18,0.0,0.0,3637.0,666795.108,-0.10906314756243246,183.38
US.PLTR,Palantir,2026-09-01 06:25:00,183.18,183.48,183.5,183.18,0.0,0.0,5781.0,1060393.303,0.16377333770061303,183.18
US.PLTR,Palantir,2026-09-01 06:30:00,183.48,183.41,183.49,183.37,0.0,0.0,5418.0,994060.328,-0.038151297144099185,183.48
US.PLTR,Palantir,2026-09-01 06:35:00,183.41,183.3,183.45,183.3,0.0,0.0,2794.0,512441.333,-0.05997491957907705,183.41
US.PLTR,Palantir,2026-09-01 06:40:00,183.3,183.4,183.41,183.3,0.0,0.0,5232.0,959486.073,0.05455537370430677,183.3
US.PLTR,Palantir,2026-09-01 06:45:00,183.4,183.3602,183.4,183.33,0.0,0.0,2195.0,402430.126,-0.02170119956380252,183.4
US.PLTR,Palantir,2026-09-01 06:50:00,183.3602,183.33,183.3602,183.2104,0.0,0.0,2511.0,460242.272,-0.01647031362311961,183.3602
US.PLTR,Palantir,2026-09-01 06:55:00,183.33,183.2,183.33,183.1,0.0,0.0,2275.0,416801.57,-0.07091038018874372,183.33
US.PLTR,Palantir,2026-09-01 07:00:00,183.2,183.27,183.27,183.18,0.0,0.0,2063.0,378025.971,0.03820960698691135,183.2
US.PLTR,Palantir,2026-09-01 07:05:00,183.27,183.2608,183.4,183.04,0.0,0.0,30671.0,5621241.649,-0.0050199159709833525,183.27
US.PLTR,Palantir,2026-09-01 07:10:00,183.2608,183.248,183.27,182.81,0.0,0.0,18529.0,3391243.842,-0.006984581536257939,183.2608
US.PLTR,Palantir,2026-09-01 07:15:00,183.248,183.33,183.409,183.11,0.0,0.0,7262.0,1331406.54,0.044748100934265074,183.248
US.PLTR,Palantir,2026-09-01 07:20:00,183.33,183.4965,183.6,183.32,0.0,0.0,13378.0,2454525.54,0.09081983308786613,183.33
US.PLTR,Palantir,2026-09-01 07:25:00,183.5636,183.3,183.5636,183.25,0.0,0.0,6088.0,1116698.437,-0.10708651118685432,183.4965
US.PLTR,Palantir,2026-09-01 07:30:00,183.2881,183.53,183.61,183.25,0.0,0.0,13032.0,2390350.109,0.12547735951990713,183.3
US.PLTR,Palantir,2026-09-01 07:35:00,183.53,183.5481,183.61,183.51,0.0,0.0,8538.0,1567245.462,0.00986214787773334,183.53
US.PLTR,Palantir,2026-09-01 07:40:00,183.5481,183.48,183.7,183.48,0.0,0.0,12030.0,2208648.022,-0.03710199124916867,183.5481
US.PLTR,Palantir,2026-09-01 07:45:00,183.48,183.57,183.57,183.4,0.0,0.0,8546.0,1567839.996,0.049051667756705594,183.48
US.PLTR,Palantir,2026-09-01 07:50:00,183.57,183.4409,183.58,183.4409,0.0,0.0,4737.0,869258.036,-0.07032739554393093,183.57
US.PLTR,Palantir,2026-09-01 07:55:00,183.4409,183.45,183.58,183.4243,0.0,0.0,3154.0,578844.913,0.004960725770528519,183.4409
US.PLTR,Palantir,2026-09-01 08:00:00,183.45,183.0,183.45,182.99,0.0,0.0,17237.0,3157557.007,-0.24529844644316634,183.45
US.PLTR,Palantir,2026-09-01 08:05:00,182.97,183.04,183.3187,182.8,0.0,0.0,14802.0,2708525.14,0.021857923497263412,183.0
US.PLTR,Palantir,2026-09-01 08:10:00,183.04,182.3895,183.05,182.3895,0.0,0.0,37085.0,6776938.025,-0.35538680069929734,183.04
US.PLTR,Palantir,2026-09-01 08:15:00,182.3895,182.78,182.85,182.3895,0.0,0.0,17499.0,3194344.553,0.21410223724501848,182.3895
US.PLTR,Palantir,2026-09-01 08:20:00,182.78,182.8,183.03,182.7,0.0,0.0,9578.0,1751372.867,0.010942116205279698,182.78
US.PLTR,Palantir,2026-09-01 08:25:00,182.8,182.7038,182.9,182.7038,0.0,0.0,12326.0,2253706.804,-0.05262582056893341,182.8
US.PLTR,Palantir,2026-09-01 08:30:00,182.7038,182.5967,182.84,182.5618,0.0,0.0,33469.0,6171030.276,-0.058619470421525245,182.7038
US.PLTR,Palantir,2026-09-01 08:35:00,182.5967,182.3,182.65,182.2656,0.0,0.0,28888.0,5270602.141,-0.16248924542447213,182.5967
US.PLTR,Palantir,2026-09-01 08:40:00,182.3,182.15,182.38,181.9,0.0,0.0,33562.0,6111421.639,-0.08228195282501682,182.3
US.PLTR,Palantir,2026-09-01 08:45:00,182.15,182.307,182.48,182.0947,0.0,0.0,13643.0,2486812.553,0.08619269832554613,182.15
US.PLTR,Palantir,2026-09-01 08:50:00,182.307,182.49,182.74,182.29,0.0,0.0,10366.0,1891409.443,0.10038012802581424,182.307
US.PLTR,Palantir,2026-09-01 08:55:00,182.49,182.3,182.55,182.1518,0.0,0.0,11813.0,2154186.675,-0.10411529398871046,182.49
US.PLTR,Palantir,2026-09-01 09:00:00,182.3,182.5,182.652,182.3,0.0,0.0,12926.0,2359265.014,0.10970927043334538,182.3
US.PLTR,Palantir,2026-09-01 09:05:00,182.5,182.48,182.51,182.37,0.0,0.0,6420.0,1171419.856,-0.010958904109594648,182.5
US.PLTR,Palantir,2026-09-01 09:10:00,182.5132,182.1598,182.5132,182.11,0.0,0.0,19333.0,3523524.385,-0.17547128452433133,182.48
US.PLTR,Palantir,2026-09-01 09:15:00,182.1598,182.79,182.8418,182.1201,0.0,0.0,22503.0,4109473.224,0.34595997580146776,182.1598
US.PLTR,Palantir,2026-09-01 09:20:00,182.79,182.49,182.83,182.34,0.0,0.0,17053.0,3114091.177,-0.16412276382733354,182.79
US.PLTR,Palantir,2026-09-01 09:25:00,182.49,182.24,182.61,182.09,0.0,0.0,18940.0,3452174.828,-0.1369938078798838,182.49
US.PLTR,Palantir,2026-09-01 09:30:00,182.24,182.51,182.98,181.3,0.0,0.0,75700.0,13785203.239,0.1481562774363377,182.24
US.PLTR,Palantir,2026-09-01 09:35:00,182.98,183.435,183.99,181.3,0.0,0.0,1253204.0,229136880.292,0.5068215440249912,182.51
US.PLTR,Palantir,2026-09-01 09:40:00,183.435,182.87,184.58,182.64,0.0,0.0,614048.0,112665912.72,-0.3080110120751207,183.435
US.PLTR,Palantir,2026-09-01 09:45:00,182.888967,183.44,183.98,182.74,0.0,0.0,510268.0,93576681.104,0.31169683381636853,182.87
US.PLTR,Palantir,2026-09-01 09:50:00,183.48,184.13,185.5499,183.42,0.0,0.0,620430.0,114589722.784,0.3761447884866974,183.44
US.PLTR,Palantir,2026-09-01 09:55:00,184.2,182.238,184.389,181.75,0.0,0.0,589396.0,107612785.132,-1.0275348938250126,184.13
US.PLTR,Palantir,2026-09-01 10:00:00,182.245,182.4699,183.06,182.16,0.0,0.0,424542.0,77498348.084,0.12725117703223038,182.238
US.PLTR,Palantir,2026-09-01 10:05:00,182.395,183.44,183.86,182.33,0.0,0.0,507200.0,92869466.758,0.5316493295606575,182.4699
US.PLTR,Palantir,2026-09-01 10:10:00,183.355,184.56,184.58,183.355,0.0,0.0,363552.0,66870803.794,0.6105538595726148,183.44
US.PLTR,Palantir,2026-09-01 10:15:00,184.5275,185.2501,185.475,184.525,0.0,0.0,407759.0,75504611.635,0.37391634156913794,184.56
US.PLTR,Palantir,2026-09-01 10:20:00,185.31,185.6586,186.2,185.275,0.0,0.0,465258.0,86446684.15,0.220512701477626,185.2501
US.PLTR,Palantir,2026-09-01 10:25:00,185.7,185.8899,186.4,185.4659,0.0,0.0,315093.0,58587490.758,0.12458350973238218,185.6586
US.PLTR,Palantir,2026-09-01 10:30:00,185.892,185.675,186.47,185.5,0.0,0.0,304030.0,56561073.008,-0.11560606574106504,185.8899
US.PLTR,Palantir,2026-09-01 10:35:00,185.66,186.13,186.22,185.54,0.0,0.0,388119.0,72151334.703,0.24505183788877558,185.675
US.PLTR,Palantir,2026-09-01 10:40:00,186.15,185.86,186.55,185.8,0.0,0.0,309646.0,57649699.79,-0.14505990436790514,186.13
US.PLTR,Palantir,2026-09-01 10:45:00,185.86,185.905,186.29,185.78,0.0,0.0,198983.0,37014582.139,0.024211772301725755,185.86
US.PLTR,Palantir,2026-09-01 10:50:00,185.96,185.69,186.0,185.52,0.0,0.0,153454.0,28502016.799,-0.11565046663618699,185.905
US.PLTR,Palantir,2026-09-01 10:55:00,185.69,185.155,185.75,184.86,0.0,0.0,194466.0,36018067.08,-0.2881145996014845,185.69
US.PLTR,Palantir,2026-09-01 11:00:00,185.2199,183.955,185.25,183.9,0.0,0.0,220706.0,40719771.921,-0.6481056412195126,185.155
US.PLTR,Palantir,2026-09-01 11:05:00,183.969,183.65212,184.14,183.62,0.0,0.0,296779.0,54563539.302,-0.16464896306162702,183.955
US.PLTR,Palantir,2026-09-01 11:10:00,183.655,182.7992,183.7,182.7,0.0,0.0,273969.0,50170754.501,-0.46442153785101054,183.65212
US.PLTR,Palantir,2026-09-01 11:15:00,182.8,183.0,183.1,182.7501,0.0,0.0,271201.0,49611186.548,0.10984730786567269,182.7992
US.PLTR,Palantir,2026-09-01 11:20:00,183.0,183.0301,183.3283,182.99,0.0,0.0,235897.0,43208425.24,0.016448087431696422,183.0
US.PLTR,Palantir,2026-09-01 11:25:00,183.07,183.84,183.87,183.0001,0.0,0.0,217871.0,39948944.549,0.4424955239602661,183.0301
US.PLTR,Palantir,2026-09-01 11:30:00,183.8024,184.07,184.14,183.6,0.0,0.0,178294.0,32777522.045,0.12510879025238783,183.84
US.PLTR,Palantir,2026-09-01 11:35:00,184.0001,183.9004,184.13,183.8601,0.0,0.0,247163.0,45475371.691,-0.09213886021622351,184.07
US.PLTR,Palantir,2026-09-01 11:40:00,183.96,184.19,184.3656,183.88,0.0,0.0,173491.0,31941330.315,0.15747654708744907,183.9004
US.PLTR,Palantir,2026-09-01 11:45:00,184.19,184.52,184.61,183.91,0.0,0.0,165024.0,30407874.997,0.1791628210000611,184.19
US.PLTR,Palantir,2026-09-01 11:50:00,184.535,183.605,184.6,183.5001,0.0,0.0,274864.0,50572010.593,-0.4958812052894106,184.52
US.PLTR,Palantir,2026-09-01 11:55:00,183.62,183.29,183.64,183.15,0.0,0.0,236417.0,43345331.021,-0.17156395522997617,183.605
US.PLTR,Palantir,2026-09-01 12:00:00,183.3,183.38,183.7,183.15,0.0,0.0,207194.0,37996317.989,0.04910251513994403,183.29
US.PLTR,Palantir,2026-09-01 12:05:00,183.385,183.285,183.44,183.06,0.0,0.0,144513.0,26483439.085,-0.05180499509215774,183.38
US.PLTR,Palantir,2026-09-01 12:10:00,183.24,183.2346,183.45,183.2,0.0,0.0,113461.0,20798084.854,-0.02749815860544847,183.285
US.PLTR,Palantir,2026-09-01 12:15:00,183.22,183.125,183.33,183.06,0.0,0.0,276674.0,50610551.369,-0.059814030756200176,183.2346
US.PLTR,Palantir,2026-09-01 12:20:00,183.1,182.45,183.1895,182.42,0.0,0.0,289464.0,52917618.28,-0.36860068259386286,183.125
US.PLTR,Palantir,2026-09-01 12:25:00,182.435,182.21,182.6699,182.04,0.0,0.0,190071.0,34645855.096,-0.1315428884625819,182.45
US.PLTR,Palantir,2026-09-01 12:30:00,182.21,182.3513,182.6192,182.21,0.0,0.0,162797.0,29698278.909,0.07754788430931403,182.21
US.PLTR,Palantir,2026-09-01 12:35:00,182.35,181.99,182.385,181.91,0.0,0.0,195475.0,35596314.873,-0.19813404127088752,182.3513
US.PLTR,Palantir,2026-09-01 12:40:00,181.99,182.11,182.255,181.9011,0.0,0.0,156010.0,28408935.516,0.06593768888400711,181.99
US.PLTR,Palantir,2026-09-01 12:45:00,182.12,182.24,182.28,181.8912,0.0,0.0,136206.0,24804352.222,0.07138542639064052,182.11
US.PLTR,Palantir,2026-09-01 12:50:00,182.23,182.5,182.51,182.23,0.0,0.0,132398.0,24141271.622,0.14266900790166315,182.24
US.PLTR,Palantir,2026-09-01 12:55:00,182.49,183.06,183.23,182.48,0.0,0.0,220571.0,40337393.152,0.3068493150684944,182.5
US.PLTR,Palantir,2026-09-01 13:00:00,183.065,183.845,183.89,183.065,0.0,0.0,204347.0,37494118.83,0.42882115153501393,183.06
US.PLTR,Palantir,2026-09-01 13:05:00,183.86,182.94,183.8794,182.87,0.0,0.0,433348.0,79456151.368,-0.4922625037395639,183.845
US.PLTR,Palantir,2026-09-01 13:10:00,182.93,182.89,182.97,182.5268,0.0,0.0,155778.0,28472787.018,-0.02733136547502535,182.94
US.PLTR,Palantir,2026-09-01 13:15:00,182.92,183.08,183.26,182.87,0.0,0.0,108294.0,19827933.439,0.1038875826999979,182.89
US.PLTR,Palantir,2026-09-01 13:20:00,183.07,182.75,183.12,182.6,0.0,0.0,125501.0,22939178.942,-0.18024907144418423,183.08
US.PLTR,Palantir,2026-09-01 13:25:00,182.735,182.44,182.835,182.34,0.0,0.0,131169.0,23943023.247,-0.1696306429548576,182.75
US.PLTR,Palantir,2026-09-01 13:30:00,182.41,182.47,182.57,182.05,0.0,0.0,164525.0,30003278.386,0.01644376233282237,182.44
US.PLTR,Palantir,2026-09-01 13:35:00,182.465,182.655,182.72,182.4368,0.0,0.0,73916.0,13494847.093,0.10138652929248769,182.47
US.PLTR,Palantir,2026-09-01 13:40:00,182.65,182.52,182.66,182.485,0.0,0.0,95122.0,17365209.003,-0.073909830007386,182.655
US.PLTR,Palantir,2026-09-01 13:45:00,182.545,182.82,182.86,182.43,0.0,0.0,78744.0,14384575.222,0.16436554898092423,182.52
US.PLTR,Palantir,2026-09-01 13:50:00,182.82,182.57,182.99,182.56,0.0,0.0,91459.0,16713463.649,-0.1367465266382234,182.82
US.PLTR,Palantir,2026-09-01 13:55:00,182.55,182.35,182.6899,182.2738,0.0,0.0,84194.0,15362573.906,-0.12050172536561257,182.57
US.PLTR,Palantir,2026-09-01 14:00:00,182.34,182.1999,182.435,182.095,0.0,0.0,102627.0,18702604.732,-0.08231423087468089,182.35
US.PLTR,Palantir,2026-09-01 14:05:00,182.165,181.8501,182.48,181.81,0.0,0.0,188258.0,34280552.006,-0.19198693303345177,182.1999
US.PLTR,Palantir,2026-09-01 14:10:00,181.85,181.7,181.86,181.55,0.0,0.0,172156.0,31282867.421,-0.0825405100134721,181.8501
US.PLTR,Palantir,2026-09-01 14:15:00,181.67,181.68,181.8799,181.5575,0.0,0.0,104175.0,18928107.026,-0.01100715465051283,181.7
US.PLTR,Palantir,2026-09-01 14:20:00,181.63,181.655,181.7129,181.455,0.0,0.0,146364.0,26577510.57,-0.013760457948043639,181.68
US.PLTR,Palantir,2026-09-01 14:25:00,181.655,181.685,181.81,181.565,0.0,0.0,146474.0,26631030.757,0.016514822052793005,181.655
US.PLTR,Palantir,2026-09-01 14:30:00,181.66,181.34,181.6651,181.17,0.0,0.0,192068.0,34836731.044,-0.18988909376117943,181.685
US.PLTR,Palantir,2026-09-01 14:35:00,181.35,180.98,181.435,180.9,0.0,0.0,224855.0,40730840.244,-0.19852211315761203,181.34
US.PLTR,Palantir,2026-09-01 14:40:00,180.93,180.81,181.17,180.78,0.0,0.0,226837.0,41034840.885,-0.09393303127416704,180.98
US.PLTR,Palantir,2026-09-01 14:45:00,180.815,180.5,180.9,180.4701,0.0,0.0,210235.0,37990018.491,-0.17145069409877897,180.81
US.PLTR,Palantir,2026-09-01 14:50:00,180.5,181.03,181.03,180.4045,0.0,0.0,221027.0,39942156.744,0.29362880886426657,180.5
US.PLTR,Palantir,2026-09-01 14:55:00,181.04,180.93,181.04,180.8,0.0,0.0,130752.0,23657946.595,-0.0552394630724158,181.03
US.PLTR,Palantir,2026-09-01 15:00:00,180.91,180.94,181.005,180.75,0.0,0.0,160725.0,29067898.416,0.00552699939202504,180.93
US.PLTR,Palantir,2026-09-01 15:05:00,180.95,181.115,181.17,180.87,0.0,0.0,189265.0,34257058.372,0.09671714380458239,180.94
US.PLTR,Palantir,2026-09-01 15:10:00,181.11,181.095,181.115,180.81,0.0,0.0,133531.0,24163834.468,-0.011042707671926805,181.115
US.PLTR,Palantir,2026-09-01 15:15:00,181.0829,181.645,181.66,181.0829,0.0,0.0,174780.0,31704264.574,0.3037079985642957,181.095
US.PLTR,Palantir,2026-09-01 15:20:00,181.645,181.56,181.695,181.42,0.0,0.0,159098.0,28883871.16,-0.04679457182967214,181.645
US.PLTR,Palantir,2026-09-01 15:25:00,181.55,181.829271,182.0887,181.52,0.0,0.0,184150.0,33488335.942,0.14830964970257954,181.56
US.PLTR,Palantir,2026-09-01 15:30:00,181.86,181.625,181.93,181.61,0.0,0.0,217144.0,39466930.635,-0.1123421981931642,181.829271
US.PLTR,Palantir,2026-09-01 15:35:00,181.62,181.38,181.66,181.17,0.0,0.0,182269.0,33055004.055,-0.13489332415691924,181.625
US.PLTR,Palantir,2026-09-01 15:40:00,181.4,181.55,181.65,181.25,0.0,0.0,157686.0,28614871.911,0.09372587936928874,181.38
US.PLTR,Palantir,2026-09-01 15:45:00,181.56,181.495,181.7093,181.34,0.0,0.0,155111.0,28151578.147,-0.03029468465987707,181.55
US.PLTR,Palantir,2026-09-01 15:50:00,181.48,181.47,181.6407,181.31,0.0,0.0,178282.0,32356861.973,-0.01377448414557188,181.495
US.PLTR,Palantir,2026-09-01 15:55:00,181.47,180.98,181.52,180.8,0.0,0.0,411517.0,74542954.104,-0.27001708271340114,181.47
US.PLTR,Palantir,2026-09-01 16:00:00,181.02,179.92,181.02,179.75,0.0,0.0,4261690.0,766882651.51,-0.5857000773566153,180.98
US.PLTR,Palantir,2026-09-01 16:05:00,179.92,179.55,180.5,179.54,0.0,0.0,491296.0,88386462.883,-0.20564695420185425,179.92
US.PLTR,Palantir,2026-09-01 16:10:00,179.6103,179.2189,179.62,179.1487,0.0,0.0,24812.0,4453971.896,-0.1844054580896801,179.55
US.PLTR,Palantir,2026-09-01 16:15:00,179.2189,179.35,179.4,179.11,0.0,0.0,28872.0,5189093.686,0.07315076702289969,179.2189
US.PLTR,Palantir,2026-09-01 16:20:00,179.35,179.22,179.35,179.22,0.0,0.0,12070.0,2163713.482,-0.07248396989127151,179.35
US.PLTR,Palantir,2026-09-01 16:25:00,179.22,179.1,179.25,179.1,0.0,0.0,10300.0,1845630.051,-0.0669568128557106,179.22
US.PLTR,Palantir,2026-09-01 16:30:00,179.1,179.2432,179.48,179.02,0.0,0.0,6241.0,1118255.796,0.07995533221664283,179.1
US.PLTR,Palantir,2026-09-01 16:35:00,179.2432,179.38,179.49,179.2,0.0,0.0,3816.0,684589.67,0.07632088692904045,179.2432
US.PLTR,Palantir,2026-09-01 16:40:00,179.38,179.4,179.4995,179.0,0.0,0.0,12696.0,2276156.114,0.011149514996103374,179.38
US.PLTR,Palantir,2026-09-01 16:45:00,179.4,179.4,179.4,179.08,0.0,0.0,11196.0,2006585.611,0.0,179.4
US.PLTR,Palantir,2026-09-01 16:50:00,179.5,179.62,179.6278,179.41,0.0,0.0,5422.0,973429.098,0.12263099219620895,179.4
US.PLTR,Palantir,2026-09-01 16:55:00,179.66,179.59,179.72,179.5385,0.0,0.0,4720.0,847112.923,-0.016701926288832613,179.62
US.PLTR,Palantir,2026-09-01 17:00:00,179.59,179.4627,179.59,179.45,0.0,0.0,2750.0,493836.086,-0.07088367949217166,179.59
US.PLTR,Palantir,2026-09-01 17:05:00,179.4627,179.99,180.4,179.4555,0.0,0.0,36459.0,6557936.108,0.2938215016267986,179.4627
US.PLTR,Palantir,2026-09-01 17:10:00,179.99,179.9,179.99,179.7906,0.0,0.0,2628.0,472776.949,-0.050002777932109235,179.99
US.PLTR,Palantir,2026-09-01 17:15:00,179.9,179.6154,179.9,179.51,0.0,0.0,4025.0,723016.805,-0.15819899944414215,179.9
US.PLTR,Palantir,2026-09-01 17:20:00,179.6154,179.4856,179.7,179.4856,0.0,0.0,4586.0,823725.324,-0.0722655184354954,179.6154
US.PLTR,Palantir,2026-09-01 17:25:00,179.4856,179.6278,179.9,179.4856,0.0,0.0,23869.0,4290516.741,0.07922641147813671,179.4856
US.PLTR,Palantir,2026-09-01 17:30:00,179.6278,179.7619,179.862,179.6278,0.0,0.0,5601.0,1006874.51,0.07465436864449124,179.6278
US.PLTR,Palantir,2026-09-01 17:35:00,179.7619,180.09,180.17,179.7619,0.0,0.0,3699.0,666136.893,0.1825192101329627,179.7619
US.PLTR,Palantir,2026-09-01 17:40:00,180.09,179.8565,180.09,179.8565,0.0,0.0,3131.0,563554.466,-0.12965739352545522,180.09
US.PLTR,Palantir,2026-09-01 17:45:00,179.8565,179.9116,179.9867,179.8565,0.0,0.0,3500.0,629782.994,0.030635534439946134,179.8565
US.PLTR,Palantir,2026-09-01 17:50:00,179.9116,180.0,180.0999,179.89,0.0,0.0,4760.0,856806.425,0.04913524197439584,179.9116
US.PLTR,Palantir,2026-09-01 17:55:00,180.0,179.93,180.0,179.9,0.0,0.0,6227.0,1120574.097,-0.0388888888888851,180.0
US.PLTR,Palantir,2026-09-01 18:00:00,179.93,180.0,180.0,179.93,0.0,0.0,3027.0,545006.138,0.038904018229307606,179.93
US.PLTR,Palantir,2026-09-01 18:05:00,180.0,180.0003,180.17,180.0,0.0,0.0,4454.0,802304.831,0.00016666666667219943,180.0
US.PLTR,Palantir,2026-09-01 18:10:00,180.0003,180.0,180.16,180.0,0.0,0.0,5815.0,1046875.765,-0.00016666638889488458,180.0003
US.PLTR,Palantir,2026-09-01 18:15:00,180.0,179.81,180.0,179.81,0.0,0.0,7809.0,1405343.558,-0.10555555555555429,180.0
US.PLTR,Palantir,2026-09-01 18:20:00,179.81,179.86,179.86,179.8,0.0,0.0,2466.0,443537.52,0.027807129748073728,179.81
US.PLTR,Palantir,2026-09-01 18:25:00,179.86,179.64,179.86,179.62,0.0,0.0,1714.0,308108.028,-0.12231735794508355,179.86
US.PLTR,Palantir,2026-09-01 18:30:00,179.64,179.75,179.75,179.64,0.0,0.0,3150.0,566099.446,0.061233578267654,179.64
US.PLTR,Palantir,2026-09-01 18:35:00,179.75,179.7,179.8,179.55,0.0,0.0,1798.0,323126.532,-0.02781641168289923,179.75
US.PLTR,Palantir,2026-09-01 18:40:00,179.7,179.7008,179.78,179.66,0.0,0.0,1558.0,280130.891,0.0004451864218130972,179.7
US.PLTR,Palantir,2026-09-01 18:45:00,179.7008,179.7,179.75,179.7,0.0,0.0,1338.0,240667.941,-0.0004451844399124186,179.7008
US.PLTR,Palantir,2026-09-01 18:50:00,179.7,179.92,179.94,179.7,0.0,0.0,2616.0,470462.1,0.12242626599888642,179.7
US.PLTR,Palantir,2026-09-01 18:55:00,179.92,180.0,180.0,179.92,0.0,0.0,2970.0,534704.982,0.044464206313924254,179.92
US.PLTR,Palantir,2026-09-01 19:00:00,180.0,180.06,180.16,179.9208,0.0,0.0,4222.0,760284.901,0.033333333333334596,180.0
US.PLTR,Palantir,2026-09-01 19:05:00,180.06,180.12,180.2199,180.0335,0.0,0.0,2143.0,386156.228,0.033322225924693034,180.06
US.PLTR,Palantir,2026-09-01 19:10:00,180.12,180.0101,180.2,180.0101,0.0,0.0,5775.0,1040138.337,-0.06101487896958157,180.12
US.PLTR,Palantir,2026-09-01 19:15:00,180.0101,180.01,180.13,180.01,0.0,0.0,2337.0,420811.831,-5.555243844835354e-05,180.0101
US.PLTR,Palantir,2026-09-01 19:20:00,180.01,180.1212,180.1399,180.01,0.0,0.0,2911.0,524289.216,0.06177434586967204,180.01
US.PLTR,Palantir,2026-09-01 19:25:00,180.1212,179.7,180.1212,179.69,0.0,0.0,11690.0,2101560.823,-0.23384254601901328,180.1212
US.PLTR,Palantir,2026-09-01 19:30:00,179.7,179.8813,179.8813,179.6749,0.0,0.0,1671.0,300397.695,0.10089037284364027,179.7
US.PLTR,Palantir,2026-09-01 19:35:00,179.8813,179.92,179.92,179.6301,0.0,0.0,1951.0,350886.244,0.021514187411352546,179.8813
US.PLTR,Palantir,2026-09-01 19:40:00,179.92,179.95,179.95,179.92,0.0,0.0,653.0,117510.291,0.01667407736771962,179.92
US.PLTR,Palantir,2026-09-01 19:45:00,179.95,179.95,180.0,179.93,0.0,0.0,3365.0,605569.654,0.0,179.95
US.PLTR,Palantir,2026-09-01 19:50:00,179.95,180.0748,180.15,179.93,0.0,0.0,2689.0,484111.178,0.0693525979438854,179.95
US.PLTR,Palantir,2026-09-01 19:55:00,180.0748,180.104,180.104,180.0,0.0,0.0,1156.0,208223.349,0.016215483787849826,180.0748
US.PLTR,Palantir,2026-09-01 20:00:00,180.104,180.1144,180.1199,180.0125,0.0,0.0,1970.0,354777.943,0.005774441433824769,180.104
US.PLTR,Palantir,2026-09-02 04:05:00,179.92,179.03,179.92,178.74,0.0,0.0,39922.0,7143410.33,-0.6020618007222011,180.1144
US.PLTR,Palantir,2026-09-02 04:10:00,179.03,178.5,179.03,178.5,0.0,0.0,6493.0,1160406.364,-0.29603976987097197,179.03
US.PLTR,Palantir,2026-09-02 04:15:00,178.5,177.563,178.5,177.2,0.0,0.0,15026.0,2672759.018,-0.5249299719888021,178.5
US.PLTR,Palantir,2026-09-02 04:20:00,177.563,178.05,178.4,177.563,0.0,0.0,5229.0,931090.946,0.2742688510556947,177.563
US.PLTR,Palantir,2026-09-02 04:25:00,178.05,177.9,178.05,177.9,0.0,0.0,1179.0,209875.864,-0.08424599831508321,178.05
US.PLTR,Palantir,2026-09-02 04:30:00,177.8,178.0,178.0,177.8,0.0,0.0,1649.0,293532.353,0.05621135469364492,177.9
US.PLTR,Palantir,2026-09-02 04:35:00,178.0,178.02,178.02,177.84,0.0,0.0,3447.0,613616.253,0.011235955056185524,178.0
US.PLTR,Palantir,2026-09-02 04:40:00,178.02,178.06,178.0878,178.02,0.0,0.0,768.0,136791.454,0.022469385462303135,178.02
US.PLTR,Palantir,2026-09-02 04:45:00,178.06,177.93,178.14,177.93,0.0,0.0,2823.0,502578.729,-0.07300909805683221,178.06
US.PLTR,Palantir,2026-09-02 04:50:00,177.97,177.8,177.97,177.8,0.0,0.0,3682.0,654955.593,-0.07306244028550297,177.93
US.PLTR,Palantir,2026-09-02 04:55:00,177.8,177.15,177.82,177.15,0.0,0.0,6927.0,1229301.799,-0.3655793025871798,177.8
US.PLTR,Palantir,2026-09-02 05:00:00,177.15,177.02,177.45,177.02,0.0,0.0,7019.0,1243414.011,-0.07338413773637903,177.15
US.PLTR,Palantir,2026-09-02 05:05:00,177.02,177.46,177.52,177.02,0.0,0.0,4542.0,805850.35,0.24855948480397566,177.02
US.PLTR,Palantir,2026-09-02 05:10:00,177.46,177.59,177.59,177.46,0.0,0.0,1207.0,214387.301,0.07325594500168796,177.46
US.PLTR,Palantir,2026-09-02 05:15:00,177.59,177.4,177.6,177.3364,0.0,0.0,3314.0,588232.831,-0.10698800608142223,177.59
US.PLTR,Palantir,2026-09-02 05:20:00,177.4,177.32,177.4,177.3,0.0,0.0,5937.0,1052928.979,-0.04509582863585823,177.4
US.PLTR,Palantir,2026-09-02 05:25:00,177.32,177.26,177.32,177.2,0.0,0.0,3763.0,667112.552,-0.03383713061132544,177.32
US.PLTR,Palantir,2026-09-02 05:30:00,177.26,177.08,177.26,177.0,0.0,0.0,11282.0,1997692.734,-0.10154575200269571,177.26
US.PLTR,Palantir,2026-09-02 05:35:00,177.08,176.84,177.1036,176.84,0.0,0.0,2672.0,472965.443,-0.13553196295460193,177.08
US.PLTR,Palantir,2026-09-02 05:40:00,176.84,176.86,176.9,176.7965,0.0,0.0,4306.0,761601.701,0.011309658448320646,176.84
US.PLTR,Palantir,2026-09-02 05:45:00,176.86,176.71,177.0,176.71,0.0,0.0,1861.0,329127.92,-0.08481284631912568,176.86
US.PLTR,Palantir,2026-09-02 05:50:00,176.71,176.7,176.8,176.6,0.0,0.0,5268.0,931049.651,-0.005658989304521151,176.71
US.PLTR,Palantir,2026-09-02 05:55:00,176.7,176.76,176.88,176.7,0.0,0.0,1795.0,317365.567,0.033955857385400266,176.7
US.PLTR,Palantir,2026-09-02 06:00:00,176.76,177.1,177.1,176.76,0.0,0.0,10958.0,1939448.165,0.19235121068115152,176.76
US.PLTR,Palantir,2026-09-02 06:05:00,177.1,176.7,177.24,176.7,0.0,0.0,3954.0,699558.25,-0.22586109542631605,177.1
US.PLTR,Palantir,2026-09-02 06:10:00,176.7,176.7,176.7,176.62,0.0,0.0,4178.0,738176.618,0.0,176.7
US.PLTR,Palantir,2026-09-02 06:15:00,176.7,176.87,176.87,176.7,0.0,0.0,1662.0,293967.697,0.09620826259197279,176.7
US.PLTR,Palantir,2026-09-02 06:20:00,176.87,176.7036,177.33,176.7036,0.0,0.0,2829.0,500771.562,-0.09408039803245892,176.87
US.PLTR,Palantir,2026-09-02 06:25:00,176.7036,176.72,176.96,176.7036,0.0,0.0,2016.0,356417.707,0.009281078597156147,176.7036
US.PLTR,Palantir,2026-09-02 06:30:00,176.72,176.79,176.8,176.53,0.0,0.0,12281.0,2169496.07,0.03961068356722113,176.72
US.PLTR,Palantir,2026-09-02 06:35:00,176.79,176.6,176.79,176.54,0.0,0.0,2432.0,429573.466,-0.10747214208948343,176.79
US.PLTR,Palantir,2026-09-02 06:40:00,176.6,176.7,176.7,176.6,0.0,0.0,940.0,166005.919,0.056625141562850693,176.6
US.PLTR,Palantir,2026-09-02 06:45:00,176.7,176.68,176.7,176.6364,0.0,0.0,3414.0,603251.706,-0.011318619128456033,176.7
US.PLTR,Palantir,2026-09-02 06:50:00,176.68,176.8,176.8,176.68,0.0,0.0,1187.0,209888.923,0.06791940230926224,176.68
US.PLTR,Palantir,2026-09-02 06:55:00,176.8,176.69,176.8,176.5,0.0,0.0,1782.0,314800.64,-0.062217194570143464,176.8
US.PLTR,Palantir,2026-09-02 07:00:00,176.69,176.66,176.7,176.6536,0.0,0.0,2420.0,427660.768,-0.016978889580622072,176.69
US.PLTR,Palantir,2026-09-02 07:05:00,176.66,175.93,176.97,175.7,0.0,0.0,50212.0,8855109.849,-0.41322314049586195,176.66
US.PLTR,Palantir,2026-09-02 07:10:00,175.93,177.0,177.0,175.93,0.0,0.0,10205.0,1800998.269,0.6081964417666078,175.93
US.PLTR,Palantir,2026-09-02 07:15:00,177.0,177.19,177.29,177.0,0.0,0.0,13725.0,2431967.08,0.10734463276836029,177.0
US.PLTR,Palantir,2026-09-02 07:20:00,177.19,177.16,177.37,177.0844,0.0,0.0,6598.0,1169451.64,-0.016930978046165775,177.19
US.PLTR,Palantir,2026-09-02 07:25:00,177.16,177.24,177.24,177.1,0.0,0.0,2450.0,434213.868,0.04515692029804273,177.16
US.PLTR,Palantir,2026-09-02 07:30:00,177.24,177.4334,177.4401,177.2106,0.0,0.0,7244.0,1284586.133,0.10911758068155998,177.24
US.PLTR,Palantir,2026-09-02 07:35:00,177.4334,177.44,177.5,177.02,0.0,0.0,10984.0,1948343.181,0.0037197055345790154,177.4334
US.PLTR,Palantir,2026-09-02 07:40:00,177.44,177.39,177.46,177.39,0.0,0.0,4972.0,882235.849,-0.028178539224533006,177.44
US.PLTR,Palantir,2026-09-02 07:45:00,177.39,177.25,177.39,177.25,0.0,0.0,4689.0,831600.867,-0.07892214893736195,177.39
US.PLTR,Palantir,2026-09-02 07:50:00,177.25,177.2,177.39,177.2,0.0,0.0,4285.0,759839.88,-0.02820874471086678,177.25
US.PLTR,Palantir,2026-09-02 07:55:00,177.2,177.07,177.2,176.924,0.0,0.0,16445.0,2911561.816,-0.07336343115123897,177.2
US.PLTR,Palantir,2026-09-02 08:00:00,177.07,177.17,177.2,177.06,0.0,0.0,2897.0,513102.956,0.0564748404585725,177.07
US.PLTR,Palantir,2026-09-02 08:05:00,177.19,177.6,177.7,177.19,0.0,0.0,19544.0,3468633.808,0.2427047468533086,177.17
US.PLTR,Palantir,2026-09-02 08:10:00,177.6229,177.61,177.77,177.6,0.0,0.0,8425.0,1496905.35,0.005630630630641512,177.6
US.PLTR,Palantir,2026-09-02 08:15:00,177.61,177.6905,177.84,177.52,0.0,0.0,6891.0,1224216.955,0.04532402454815171,177.61
US.PLTR,Palantir,2026-09-02 08:20:00,177.6905,177.56,177.8093,177.56,0.0,0.0,9865.0,1752982.0,-0.0734423055818874,177.6905
US.PLTR,Palantir,2026-09-02 08:25:00,177.56,177.67,177.87,177.56,0.0,0.0,8852.0,1573273.316,0.061950889840045736,177.56
US.PLTR,Palantir,2026-09-02 08:30:00,177.67,177.35,177.67,177.25,0.0,0.0,9693.0,1719423.107,-0.18010919119715946,177.67
US.PLTR,Palantir,2026-09-02 08:35:00,177.35,177.0,177.3528,177.0,0.0,0.0,9710.0,1720777.202,-0.19734987313222122,177.35
US.PLTR,Palantir,2026-09-02 08:40:00,177.0,176.97,177.1,176.88,0.0,0.0,8850.0,1566668.554,-0.016949152542373523,177.0
US.PLTR,Palantir,2026-09-02 08:45:00,176.97,176.89,177.2168,176.71,0.0,0.0,16718.0,2958239.032,-0.045205402045551506,176.97
US.PLTR,Palantir,2026-09-02 08:50:00,176.8,177.08,177.14,176.72,0.0,0.0,12860.0,2274525.249,0.10741138560688912,176.89
US.PLTR,Palantir,2026-09-02 08:55:00,177.08,176.8599,177.14,176.77,0.0,0.0,10875.0,1924462.239,-0.12429410435961269,177.08
US.PLTR,Palantir,2026-09-02 09:00:00,176.8599,177.05,177.05,176.71,0.0,0.0,16412.0,2903154.038,0.10748620800984339,176.8599
US.PLTR,Palantir,2026-09-02 09:05:00,177.05,176.67,177.1339,176.56,0.0,0.0,12276.0,2170583.257,-0.21462863597855059,177.05
US.PLTR,Palantir,2026-09-02 09:10:00,176.67,176.61,176.91,176.6,0.0,0.0,8128.0,1437033.659,-0.033961623365582075,176.67
US.PLTR,Palantir,2026-09-02 09:15:00,176.61,177.07,177.07,176.57,0.0,0.0,8514.0,1505455.606,0.2604609025536377,176.61
US.PLTR,Palantir,2026-09-02 09:20:00,177.07,177.51,177.7,177.07,0.0,0.0,19619.0,3479937.811,0.2484892980177318,177.07
US.PLTR,Palantir,2026-09-02 09:25:00,177.51,177.65,177.7,177.25,0.0,0.0,12918.0,2294049.938,0.07886879612417035,177.51
US.PLTR,Palantir,2026-09-02 09:30:00,177.65,176.99,178.3,176.99,0.0,0.0,56788.0,10064012.86,-0.37151702786377516,177.65
US.PLTR,Palantir,2026-09-02 09:35:00,176.99,174.46,177.06,173.7,0.0,0.0,1912903.0,335179863.145,-1.4294592914853954,176.99
US.PLTR,Palantir,2026-09-02 09:40:00,174.43,174.4,174.485,172.72,0.0,0.0,1106400.0,192007484.736,-0.034391837670527496,174.46
US.PLTR,Palantir,2026-09-02 09:45:00,174.375108,175.39,175.58,174.22,0.0,0.0,715849.0,125265148.672,0.5676605504587046,174.4
US.PLTR,Palantir,2026-09-02 09:50:00,175.32,176.35,176.9599,175.301,0.0,0.0,608365.0,107201705.027,0.5473516163977468,175.39
US.PLTR,Palantir,2026-09-02 09:55:00,176.3201,176.32,176.43,175.25,0.0,0.0,419414.0,73767873.937,-0.017011624610150915,176.35
US.PLTR,Palantir,2026-09-02 10:00:00,176.4,175.9,177.57,175.53,0.0,0.0,531833.0,93983606.642,-0.23820326678765172,176.32
US.PLTR,Palantir,2026-09-02 10:05:00,175.92,174.58,175.92,174.35,0.0,0.0,402646.0,70412378.691,-0.7504263786242144,175.9
US.PLTR,Palantir,2026-09-02 10:10:00,174.58,173.97,175.2795,173.91,0.0,0.0,390679.0,68192316.934,-0.34941001260168036,174.58
US.PLTR,Palantir,2026-09-02 10:15:00,174.0,174.11,174.52,173.97,0.0,0.0,304223.0,53008002.815,0.08047364488130987,173.97
US.PLTR,Palantir,2026-09-02 10:20:00,174.115,173.46,174.1499,173.25,0.0,0.0,441730.0,76718644.944,-0.37332720693814575,174.11
US.PLTR,Palantir,2026-09-02 10:25:00,173.45,173.44,173.66,172.91,0.0,0.0,419748.0,72736718.602,-0.011530035743116701,173.46
US.PLTR,Palantir,2026-09-02 10:30:00,173.38,173.63,173.7599,173.26,0.0,0.0,336646.0,58403292.177,0.1095479704797035,173.44
US.PLTR,Palantir,2026-09-02 10:35:00,173.59,173.29,173.82,173.0635,0.0,0.0,284038.0,49266664.873,-0.19581869492599405,173.63
US.PLTR,Palantir,2026-09-02 10:40:00,173.29,173.4,173.61,173.095,0.0,0.0,226192.0,39212059.685,0.06347740781349971,173.29
US.PLTR,Palantir,2026-09-02 10:45:00,173.4,173.43,173.73,173.36,0.0,0.0,283048.0,49117690.5,0.01730103806228439,173.4
US.PLTR,Palantir,2026-09-02 10:50:00,173.47,173.13,173.54,172.9,0.0,0.0,302699.0,52408951.407,-0.17298045320879396,173.43
US.PLTR,Palantir,2026-09-02 10:55:00,173.15,172.99,173.2149,172.86,0.0,0.0,319161.0,55228441.708,-0.08086409056777356,173.13
US.PLTR,Palantir,2026-09-02 11:00:00,172.96,172.34,173.07,172.21,0.0,0.0,489751.0,84525393.46,-0.3757442626741463,172.99
US.PLTR,Palantir,2026-09-02 11:05:00,172.31,172.08,172.69,171.92,0.0,0.0,419277.0,72252402.518,-0.15086457003597012,172.34
US.PLTR,Palantir,2026-09-02 11:10:00,172.08,171.31,172.205,171.31,0.0,0.0,627081.0,107733983.861,-0.44746629474663535,172.08
US.PLTR,Palantir,2026-09-02 11:15:00,171.3,170.8002,171.36,170.6,0.0,0.0,788621.0,134855678.822,-0.2975891658397132,171.31
US.PLTR,Palantir,2026-09-02 11:20:00,170.81,170.593,170.9599,170.25,0.0,0.0,651305.0,111113400.919,-0.1213113333590946,170.8002
US.PLTR,Palantir,2026-09-02 11:25:00,170.58,169.7941,170.66,169.67,0.0,0.0,858354.0,146006150.586,-0.46830760933918936,170.593
US.PLTR,Palantir,2026-09-02 11:30:00,169.7938,169.17,169.81,169.11,0.0,0.0,613650.0,103959186.973,-0.36756283051059996,169.7941
US.PLTR,Palantir,2026-09-02 11:35:00,169.15,167.9,169.23,167.66,0.0,0.0,1228041.0,206740302.775,-0.7507241236625772,169.17
US.PLTR,Palantir,2026-09-02 11:40:00,167.92,168.01,168.48,167.5,0.0,0.0,897443.0,150807428.844,0.0655151876116648,167.9
US.PLTR,Palantir,2026-09-02 11:45:00,168.02,167.8256,168.33,167.56,0.0,0.0,619078.0,103948229.673,-0.10975537170405474,168.01
US.PLTR,Palantir,2026-09-02 11:50:00,167.8395,166.6503,167.8399,166.56,0.0,0.0,990753.0,165583580.62,-0.7003103221439526,167.8256
US.PLTR,Palantir,2026-09-02 11:55:00,166.6782,166.96,167.13,166.635,0.0,0.0,492226.0,82145016.59,0.1858382493160953,166.6503
US.PLTR,Palantir,2026-09-02 12:00:00,166.97,167.2,167.278,166.5901,0.0,0.0,571506.0,95453099.783,0.14374700527071194,166.96
US.PLTR,Palantir,2026-09-02 12:05:00,167.19,166.85,167.2399,166.65,0.0,0.0,436175.0,72816604.677,-0.20933014354066648,167.2
US.PLTR,Palantir,2026-09-02 12:10:00,166.81,166.57,166.91,166.4,0.0,0.0,447722.0,74600523.169,-0.1678154030566384,166.85
US.PLTR,Palantir,2026-09-02 12:15:00,166.57,166.325,166.8,166.13,0.0,0.0,603754.0,100516400.703,-0.14708530947950085,166.57
US.PLTR,Palantir,2026-09-02 12:20:00,166.325,166.62,166.67,165.71,0.0,0.0,822144.0,136497125.307,0.17736359537051913,166.325
US.PLTR,Palantir,2026-09-02 12:25:00,166.63,167.125,167.2299,166.48,0.0,0.0,635125.0,105977920.112,0.30308486376185056,166.62
US.PLTR,Palantir,2026-09-02 12:30:00,167.1,167.15,167.25,166.83,0.0,0.0,456503.0,76253202.57,0.014958863126405797,167.125
US.PLTR,Palantir,2026-09-02 12:35:00,167.12,167.815,167.86,167.1,0.0,0.0,679392.0,113693237.135,0.39784624588692313,167.15
US.PLTR,Palantir,2026-09-02 12:40:00,167.7901,168.575,168.74,167.755,0.0,0.0,799110.0,134501751.759,0.4528796591484616,167.815
US.PLTR,Palantir,2026-09-02 12:45:00,168.55,168.135,168.65,167.93,0.0,0.0,449751.0,75681335.938,-0.2610114192495908,168.575
US.PLTR,Palantir,2026-09-02 12:50:00,168.12,168.38,168.38,167.8,0.0,0.0,478784.0,80434589.189,0.14571623992625243,168.135
US.PLTR,Palantir,2026-09-02 12:55:00,168.36,168.79,168.97,168.27,0.0,0.0,696408.0,117342941.169,0.2434968523577602,168.38
US.PLTR,Palantir,2026-09-02 13:00:00,168.76,168.41,168.85,168.3,0.0,0.0,277766.0,46789635.144,-0.22513182060548342,168.79
US.PLTR,Palantir,2026-09-02 13:05:00,168.38,168.32,168.56,168.14,0.0,0.0,237691.0,40017332.909,-0.053441007066090736,168.41
US.PLTR,Palantir,2026-09-02 13:10:00,168.33,168.07,168.35,167.805506,0.0,0.0,268388.0,45093603.31,-0.14852661596958175,168.32
US.PLTR,Palantir,2026-09-02 13:15:00,168.07,168.205,168.34,167.73,0.0,0.0,254349.0,42739871.272,0.08032367465937963,168.07
US.PLTR,Palantir,2026-09-02 13:20:00,168.19,167.82,168.19,167.75,0.0,0.0,172773.0,29018907.27,-0.22888736957879927,168.205
US.PLTR,Palantir,2026-09-02 13:25:00,167.82,168.02,168.38,167.78,0.0,0.0,233684.0,39277215.791,0.11917530687642537,167.82
US.PLTR,Palantir,2026-09-02 13:30:00,168.02,168.4115,168.48,167.8321,0.0,0.0,272756.0,45872935.662,0.2330079752410304,168.02
US.PLTR,Palantir,2026-09-02 13:35:00,168.45,168.65,168.7989,168.18,0.0,0.0,248684.0,41919845.641,0.14161740736233344,168.4115
US.PLTR,Palantir,2026-09-02 13:40:00,168.635,168.52,168.76,168.335,0.0,0.0,182260.0,30720070.695,-0.07708271568336522,168.65
US.PLTR,Palantir,2026-09-02 13:45:00,168.52,169.09,169.15,168.52,0.0,0.0,278499.0,47017214.753,0.33823878471397645,168.52
US.PLTR,Palantir,2026-09-02 13:50:00,169.074,169.53,169.595,169.0015,0.0,0.0,325722.0,55144684.667,0.2602164527766265,169.09
US.PLTR,Palantir,2026-09-02 13:55:00,169.524,170.21,170.25,169.524,0.0,0.0,546773.0,92900078.493,0.40110894826874705,169.53
US.PLTR,Palantir,2026-09-02 14:00:00,170.19,170.24,170.39,169.8501,0.0,0.0,392688.0,66821026.836,0.017625286410904845,170.21
US.PLTR,Palantir,2026-09-02 14:05:00,170.23,169.765,170.25,169.4,0.0,0.0,566152.0,96085589.373,-0.2790178571428705,170.24
US.PLTR,Palantir,2026-09-02 14:10:00,169.77,169.545,169.825,169.43,0.0,0.0,226156.0,38357865.205,-0.12959090507466137,169.765
US.PLTR,Palantir,2026-09-02 14:15:00,169.545,169.2896,169.6399,169.2,0.0,0.0,240391.0,40727703.018,-0.15063847356157972,169.545
US.PLTR,Palantir,2026-09-02 14:20:00,169.296,169.435,169.63,169.2,0.0,0.0,167003.0,28289319.948,0.08588832391357477,169.2896
US.PLTR,Palantir,2026-09-02 14:25:00,169.435,169.41,169.6499,169.28,0.0,0.0,140510.0,23809716.886,-0.01475492076607884,169.435
US.PLTR,Palantir,2026-09-02 14:30:00,169.375,169.34,169.44,169.14,0.0,0.0,170676.0,28895594.881,-0.04131987485980354,169.41
US.PLTR,Palantir,2026-09-02 14:35:00,169.31,169.3,169.51,169.14,0.0,0.0,189583.0,32101510.028,-0.023621117278842592,169.34
US.PLTR,Palantir,2026-09-02 14:40:00,169.275,168.93,169.365,168.87,0.0,0.0,162069.0,27404784.019,-0.21854695806261343,169.3
US.PLTR,Palantir,2026-09-02 14:45:00,168.92,168.565,168.92,168.34,0.0,0.0,285243.0,48093534.612,-0.2160658260818144,168.93
US.PLTR,Palantir,2026-09-02 14:50:00,168.54,168.635,168.8799,168.51,0.0,0.0,211402.0,35654494.991,0.04152700738587084,168.565
US.PLTR,Palantir,2026-09-02 14:55:00,168.635,168.69,168.85,168.48,0.0,0.0,165412.0,27895144.344,0.03261481898775866,168.635
US.PLTR,Palantir,2026-09-02 15:00:00,168.67,168.52,168.72,168.3708,0.0,0.0,155902.0,26272904.982,-0.10077657241092389,168.69
US.PLTR,Palantir,2026-09-02 15:05:00,168.5547,168.66,168.84,168.5101,0.0,0.0,203378.0,34305367.769,0.08307619273675905,168.52
US.PLTR,Palantir,2026-09-02 15:10:00,168.635,169.215,169.26,168.581,0.0,0.0,249013.0,42055079.345,0.3290643898968379,168.66
US.PLTR,Palantir,2026-09-02 15:15:00,169.24,169.09,169.24,168.89,0.0,0.0,196537.0,33221929.841,-0.07387051975297698,169.215
US.PLTR,Palantir,2026-09-02 15:20:00,169.11,169.24,169.25,168.9868,0.0,0.0,254953.0,43049748.33,0.08871015435567195,169.09
US.PLTR,Palantir,2026-09-02 15:25:00,169.23,169.128564,169.3,169.0601,0.0,0.0,145773.0,24662089.356,-0.06584495391160343,169.24
US.PLTR,Palantir,2026-09-02 15:30:00,169.12,168.89,169.13,168.74,0.0,0.0,275628.0,46547621.506,-0.14105482501467054,169.128564
US.PLTR,Palantir,2026-09-02 15:35:00,168.885,169.3,169.31,168.7768,0.0,0.0,237994.0,40230268.653,0.2427615607792202,168.89
US.PLTR,Palantir,2026-09-02 15:40:00,169.3,169.305,169.44,169.04,0.0,0.0,255289.0,43198481.669,0.0029533372711136752,169.3
US.PLTR,Palantir,2026-09-02 15:45:00,169.32,169.84,169.84,169.2,0.0,0.0,326427.0,55338486.055,0.31599775552995873,169.305
US.PLTR,Palantir,2026-09-02 15:50:00,169.8408,169.4,169.9699,169.3601,0.0,0.0,362874.0,61582503.243,-0.259067357512952,169.84
US.PLTR,Palantir,2026-09-02 15:55:00,169.37,169.47,169.52,168.8,0.0,0.0,631751.0,106877026.631,0.041322314049582747,169.4
US.PLTR,Palantir,2026-09-02 16:00:00,169.47,169.46,169.96,168.96,0.0,0.0,3785932.0,641439202.958,-0.005900749395167821,169.47
US.PLTR,Palantir,2026-09-02 16:05:00,169.46,169.495,169.5892,169.3317,0.0,0.0,556637.0,94327640.713,0.02065384161453829,169.46
US.PLTR,Palantir,2026-09-02 16:10:00,169.495,170.0849,170.3,169.46,0.0,0.0,67096.0,11399769.15,0.34803386530576125,169.495
US.PLTR,Palantir,2026-09-02 16:15:00,170.0849,169.9988,170.1,169.83,0.0,0.0,17743.0,3015847.652,-0.050621777712199056,170.0849
US.PLTR,Palantir,2026-09-02 16:20:00,169.9988,170.49,170.49,169.55,0.0,0.0,53026.0,9014764.782,0.2889432160697726,169.9988
US.PLTR,Palantir,2026-09-02 16:25:00,170.49,170.3216,170.63,170.1,0.0,0.0,54209.0,9238798.487,-0.09877412164937512,170.49
US.PLTR,Palantir,2026-09-02 16:30:00,170.3216,170.23,170.35,170.1,0.0,0.0,12451.0,2119770.723,-0.05378061267625461,170.3216
US.PLTR,Palantir,2026-09-02 16:35:00,170.23,169.836,170.23,169.7,0.0,0.0,19569.0,3327050.515,-0.2314515655289767,170.23
US.PLTR,Palantir,2026-09-02 16:40:00,169.836,170.03,170.0662,169.836,0.0,0.0,10638.0,1808188.284,0.11422784333120681,169.836
US.PLTR,Palantir,2026-09-02 16:45:00,170.03,169.87,170.0669,169.8193,0.0,0.0,134047.0,22722561.619,-0.09410104099276398,170.03
US.PLTR,Palantir,2026-09-02 16:50:00,169.87,169.9744,169.98,169.8518,0.0,0.0,5666.0,962905.269,0.061458762583150806,169.87
US.PLTR,Palantir,2026-09-02 16:55:00,169.9744,169.9,170.0,169.88,0.0,0.0,4301.0,731052.743,-0.043771297324771925,169.9744
US.PLTR,Palantir,2026-09-02 17:00:00,169.91,169.93,169.99,169.89,0.0,0.0,5677.0,964774.848,0.017657445556210204,169.9
US.PLTR,Palantir,2026-09-02 17:05:00,169.93,170.2,170.2,169.82,0.0,0.0,14431.0,2453140.0,0.1588889542752791,169.93
US.PLTR,Palantir,2026-09-02 17:10:00,170.054,170.16,170.3,170.054,0.0,0.0,10935.0,1860978.788,-0.02350176263219274,170.2
US.PLTR,Palantir,2026-09-02 17:15:00,170.16,170.24,170.24,170.04,0.0,0.0,5154.0,877158.77,0.04701457451810796,170.16
US.PLTR,Palantir,2026-09-02 17:20:00,170.24,170.1624,170.3,170.01,0.0,0.0,46466.0,7880545.547,-0.04558270676692792,170.24
US.PLTR,Palantir,2026-09-02 17:25:00,170.1624,169.89,170.1624,169.8624,0.0,0.0,7485.0,1272028.523,-0.16008236837280423,170.1624
US.PLTR,Palantir,2026-09-02 17:30:00,169.89,169.9281,170.0,169.8249,0.0,0.0,4629.0,786501.272,0.02242627582554255,169.89
US.PLTR,Palantir,2026-09-02 17:35:00,169.9281,169.9999,169.9999,169.8232,0.0,0.0,5976.0,1015484.537,0.042253164720841396,169.9281
US.PLTR,Palantir,2026-09-02 17:40:00,169.9999,169.99,169.9999,169.99,0.0,0.0,1907.0,324222.124,-0.0058235328373649545,169.9999
US.PLTR,Palantir,2026-09-02 17:45:00,169.99,169.8,169.9954,169.8,0.0,0.0,21964.0,3730138.493,-0.1117712806635671,169.99
US.PLTR,Palantir,2026-09-02 17:50:00,169.702,169.84,169.85,169.7,0.0,0.0,21412.0,3634533.499,0.023557126030619574,169.8
US.PLTR,Palantir,2026-09-02 17:55:00,169.86,169.93,169.9782,169.86,0.0,0.0,3197.0,543255.423,0.05299105040037883,169.84
US.PLTR,Palantir,2026-09-02 18:00:00,169.93,169.93,169.98,169.9,0.0,0.0,7511.0,1276684.813,0.0,169.93
US.PLTR,Palantir,2026-09-02 18:05:00,169.93,169.64,169.9347,169.64,0.0,0.0,5165.0,876834.797,-0.17065850644384184,169.93
US.PLTR,Palantir,2026-09-02 18:10:00,169.64,169.6268,169.643,169.5,0.0,0.0,6038.0,1024037.755,-0.007781183683083853,169.64
US.PLTR,Palantir,2026-09-02 18:15:00,169.6268,169.98,169.98,169.5435,0.0,0.0,5168.0,877337.976,0.20822181400579792,169.6268
US.PLTR,Palantir,2026-09-02 18:20:00,169.8,169.5799,169.8,169.46,0.0,0.0,14591.0,2473833.27,-0.2353806330156375,169.98
US.PLTR,Palantir,2026-09-02 18:25:00,169.5799,169.7,169.96,169.5799,0.0,0.0,10960.0,1859515.283,0.07082207266308062,169.5799
US.PLTR,Palantir,2026-09-02 18:30:00,169.7,169.7,169.8,169.7,0.0,0.0,1815.0,308226.609,0.0,169.7
US.PLTR,Palantir,2026-09-02 18:35:00,169.7,169.82,169.85,169.7,0.0,0.0,2763.0,469246.872,0.07071302298173515,169.7
US.PLTR,Palantir,2026-09-02 18:40:00,169.818,169.81,169.8499,169.7,0.0,0.0,5721.0,971615.417,-0.00588858791661224,169.82
US.PLTR,Palantir,2026-09-02 18:45:00,169.81,169.826,169.9395,169.81,0.0,0.0,2465.0,418722.323,0.009422295506737607,169.81
US.PLTR,Palantir,2026-09-02 18:50:00,169.8162,169.85,169.85,169.7,0.0,0.0,9410.0,1597842.898,0.014132111690789931,169.826
US.PLTR,Palantir,2026-09-02 18:55:00,169.85,169.8,169.85,169.7334,0.0,0.0,2634.0,447335.188,-0.029437739181620813,169.85
US.PLTR,Palantir,2026-09-02 19:00:00,169.8,169.8,169.84,169.72,0.0,0.0,2734.0,464182.872,0.0,169.8
US.PLTR,Palantir,2026-09-02 19:05:00,169.8,169.8261,169.84,169.72,0.0,0.0,4605.0,782055.711,0.015371024734973706,169.8
US.PLTR,Palantir,2026-09-02 19:10:00,169.8261,169.9224,169.9224,169.8261,0.0,0.0,5605.0,952063.84,0.05670506476920426,169.8261
US.PLTR,Palantir,2026-09-02 19:15:00,169.9224,169.893,169.95,169.83,0.0,0.0,2141.0,363818.993,-0.017302015508261204,169.9224
US.PLTR,Palantir,2026-09-02 19:20:00,169.893,169.8022,169.91,169.8,0.0,0.0,4249.0,721733.402,-0.05344540387184966,169.893
US.PLTR,Palantir,2026-09-02 19:25:00,169.8022,169.7864,169.8238,169.7864,0.0,0.0,3260.0,553687.644,-0.009304944223345112,169.8022
US.PLTR,Palantir,2026-09-02 19:30:00,169.7864,169.84,169.88,169.7864,0.0,0.0,8832.0,1500205.391,0.03156907738194414,169.7864
US.PLTR,Palantir,2026-09-02 19:35:00,169.84,169.8179,169.88,169.8179,0.0,0.0,2139.0,363487.73,-0.013012246820533842,169.84
US.PLTR,Palantir,2026-09-02 19:40:00,169.8179,169.88,169.88,169.81,0.0,0.0,4638.0,787828.652,0.036568583170553115,169.8179
US.PLTR,Palantir,2026-09-02 19:45:00,169.88,169.9982,170.0,169.88,0.0,0.0,3606.0,612966.041,0.06957852601836688,169.88
US.PLTR,Palantir,2026-09-02 19:50:00,169.9982,170.0995,170.1,169.9982,0.0,0.0,10270.0,1746792.119,0.05958886623505957,169.9982
US.PLTR,Palantir,2026-09-02 19:55:00,170.0995,169.9698,170.0999,169.93,0.0,0.0,13300.0,2261758.016,-0.07624948926952396,170.0995
US.PLTR,Palantir,2026-09-02 20:00:00,169.9698,169.9999,170.0796,169.9,0.0,0.0,12232.0,2079103.812,0.017709028309737647,169.9698
US.PLTR,Palantir,2026-09-03 04:05:00,170.64,171.34,171.4,170.0,0.0,0.0,73445.0,12491335.944,0.7882945813497577,169.9999
US.PLTR,Palantir,2026-09-03 04:10:00,171.34,171.21,171.7,171.15,0.0,0.0,20883.0,3577375.691,-0.07587253414263771,171.34
US.PLTR,Palantir,2026-09-03 04:15:00,171.11,171.18,171.38,171.08,0.0,0.0,5601.0,958845.827,-0.017522340984756225,171.21
US.PLTR,Palantir,2026-09-03 04:20:00,171.18,171.33,171.3541,171.15,0.0,0.0,4426.0,758089.846,0.08762705923589537,171.18
US.PLTR,Palantir,2026-09-03 04:25:00,171.31,171.19,171.38,171.19,0.0,0.0,6127.0,1049568.934,-0.08171365201658481,171.33
US.PLTR,Palantir,2026-09-03 04:30:00,171.19,171.48,171.5,171.19,0.0,0.0,6711.0,1150374.986,0.16940241836555409,171.19
US.PLTR,Palantir,2026-09-03 04:35:00,171.48,171.6364,171.77,171.48,0.0,0.0,10443.0,1792898.2,0.09120597154188197,171.48
US.PLTR,Palantir,2026-09-03 04:40:00,171.6364,171.37,171.6364,171.32,0.0,0.0,4626.0,793339.252,-0.15521183152291962,171.6364
US.PLTR,Palantir,2026-09-03 04:45:00,171.37,171.5,171.65,171.36,0.0,0.0,1594.0,273298.275,0.07585925191106696,171.37
US.PLTR,Palantir,2026-09-03 04:50:00,171.5,171.29,171.5,171.29,0.0,0.0,1128.0,193277.194,-0.12244897959184137,171.5
US.PLTR,Palantir,2026-09-03 04:55:00,171.29,171.3,171.41,171.29,0.0,0.0,3148.0,539397.758,0.005838052425722067,171.29
US.PLTR,Palantir,2026-09-03 05:00:00,171.3,171.43,171.44,171.3,0.0,0.0,1420.0,243539.883,0.07589025102159687,171.3
US.PLTR,Palantir,2026-09-03 05:05:00,171.4,171.26,171.48,171.26,0.0,0.0,4235.0,725769.399,-0.09916584028467357,171.43
US.PLTR,Palantir,2026-09-03 05:10:00,171.26,171.33,171.33,171.25,0.0,0.0,1758.0,301120.119,0.04087352563355226,171.26
US.PLTR,Palantir,2026-09-03 05:15:00,171.33,171.2,171.4,171.2,0.0,0.0,4207.0,720562.681,-0.07587696258683468,171.33
US.PLTR,Palantir,2026-09-03 05:20:00,171.2,171.31,171.41,171.2,0.0,0.0,1749.0,299713.207,0.0642523364486061,171.2
US.PLTR,Palantir,2026-09-03 05:25:00,171.31,171.15,171.31,171.0508,0.0,0.0,9020.0,1543518.835,-0.09339793357071775,171.31
US.PLTR,Palantir,2026-09-03 05:30:00,171.15,171.14,171.15,171.0,0.0,0.0,4036.0,690392.784,-0.005842827928728791,171.15
US.PLTR,Palantir,2026-09-03 05:35:00,171.14,171.14,171.15,171.14,0.0,0.0,2246.0,384340.65,0.0,171.14
US.PLTR,Palantir,2026-09-03 05:40:00,171.14,171.0663,171.14,171.0,0.0,0.0,1255.0,214629.17,-0.04306415799928357,171.14
US.PLTR,Palantir,2026-09-03 05:45:00,171.0663,170.95,171.0663,170.95,0.0,0.0,2945.0,503706.865,-0.06798533667941835,171.0663
US.PLTR,Palantir,2026-09-03 05:50:00,170.95,170.84,170.95,170.68,0.0,0.0,2581.0,440885.02,-0.06434630008773631,170.95
US.PLTR,Palantir,2026-09-03 05:55:00,170.84,170.54,170.84,170.5273,0.0,0.0,4747.0,809722.191,-0.17560290330134123,170.84
US.PLTR,Palantir,2026-09-03 06:00:00,170.54,170.65,170.67,170.54,0.0,0.0,2250.0,383875.421,0.06450099683359543,170.54
US.PLTR,Palantir,2026-09-03 06:05:00,170.65,170.5815,170.7616,170.5815,0.0,0.0,845.0,144308.499,-0.04014063873425153,170.65
US.PLTR,Palantir,2026-09-03 06:10:00,170.5839,170.7,170.7,170.5654,0.0,0.0,1634.0,278866.982,0.06946826003991241,170.5815
US.PLTR,Palantir,2026-09-03 06:15:00,170.7,170.2,170.7,170.2,0.0,0.0,4318.0,736197.539,-0.29291154071470415,170.7
US.PLTR,Palantir,2026-09-03 06:20:00,170.455,170.42,170.5,170.42,0.0,0.0,4828.0,823167.058,0.12925969447708513,170.2
US.PLTR,Palantir,2026-09-03 06:25:00,170.42,170.36,170.4857,170.36,0.0,0.0,4034.0,687599.693,-0.035207135312741375,170.42
US.PLTR,Palantir,2026-09-03 06:30:00,170.36,170.4,170.4,170.36,0.0,0.0,655.0,111659.67,0.02347969006808643,170.36
US.PLTR,Palantir,2026-09-03 06:35:00,170.4,170.33,170.425,170.2235,0.0,0.0,2354.0,400992.019,-0.04107981220656877,170.4
US.PLTR,Palantir,2026-09-03 06:40:00,170.33,170.4,170.4,170.27,0.0,0.0,2153.0,366631.221,0.04109669465155473,170.33
US.PLTR,Palantir,2026-09-03 06:45:00,170.4,170.26,170.4,170.26,0.0,0.0,2327.0,396304.476,-0.0821596244131542,170.4
US.PLTR,Palantir,2026-09-03 06:50:00,170.26,170.33,170.33,170.2,0.0,0.0,2899.0,493449.412,0.041113590978516155,170.26
US.PLTR,Palantir,2026-09-03 06:55:00,170.33,170.33,170.33,170.33,0.0,0.0,789.0,134343.259,0.0,170.33
US.PLTR,Palantir,2026-09-03 07:00:00,170.33,170.33,170.33,170.33,0.0,0.0,1239.0,211033.249,0.0,170.33
US.PLTR,Palantir,2026-09-03 07:05:00,170.33,170.67,170.7163,170.0689,0.0,0.0,16073.0,2739849.383,0.1996125168789849,170.33
US.PLTR,Palantir,2026-09-03 07:10:00,170.67,170.81,171.01,170.67,0.0,0.0,25617.0,4379648.183,0.08202964785844893,170.67
US.PLTR,Palantir,2026-09-03 07:15:00,170.81,170.97,171.0,170.6,0.0,0.0,7450.0,1272855.303,0.09367133071834002,170.81
US.PLTR,Palantir,2026-09-03 07:20:00,170.97,171.19,171.19,170.95,0.0,0.0,6255.0,1070402.949,0.12867754576826276,170.97
US.PLTR,Palantir,2026-09-03 07:25:00,171.19,171.0975,171.19,170.8146,0.0,0.0,4724.0,807814.372,-0.05403352999591164,171.19
US.PLTR,Palantir,2026-09-03 07:30:00,171.0975,170.8201,171.1199,170.78,0.0,0.0,7268.0,1242425.295,-0.16212977980391302,171.0975
US.PLTR,Palantir,2026-09-03 07:35:00,170.8201,170.9852,170.9852,170.5614,0.0,0.0,6320.0,1079767.542,0.09665138938567262,170.8201
US.PLTR,Palantir,2026-09-03 07:40:00,170.9852,170.93,171.1008,170.92,0.0,0.0,4377.0,748494.309,-0.03228349588150615,170.9852
US.PLTR,Palantir,2026-09-03 07:45:00,170.93,170.65,170.9746,170.51,0.0,0.0,8423.0,1437918.251,-0.16380974667992812,170.93
US.PLTR,Palantir,2026-09-03 07:50:00,170.65,170.38,171.0,170.31,0.0,0.0,12218.0,2084330.029,-0.1582185760328217,170.65
US.PLTR,Palantir,2026-09-03 07:55:00,170.38,170.5,170.75,170.32,0.0,0.0,6054.0,1032200.301,0.07043080173729578,170.38
US.PLTR,Palantir,2026-09-03 08:00:00,170.5,170.6654,170.6654,170.3218,0.0,0.0,3963.0,675610.597,0.09700879765396207,170.5
US.PLTR,Palantir,2026-09-03 08:05:00,170.6654,170.75,170.7929,170.5721,0.0,0.0,4624.0,789351.394,0.04957068040739053,170.6654
US.PLTR,Palantir,2026-09-03 08:10:00,170.75,170.92,170.92,170.7063,0.0,0.0,4602.0,786056.71,0.09956076134699121,170.75
US.PLTR,Palantir,2026-09-03 08:15:00,170.92,170.9,171.0,170.85,0.0,0.0,8259.0,1411711.8,-0.011701380762919385,170.92
US.PLTR,Palantir,2026-09-03 08:20:00,170.9,170.8837,170.92,170.8,0.0,0.0,7513.0,1283871.275,-0.009537741369222405,170.9
US.PLTR,Palantir,2026-09-03 08:25:00,170.8837,170.87,170.9,170.7,0.0,0.0,8180.0,1397317.619,-0.008017148505094426,170.8837
US.PLTR,Palantir,2026-09-03 08:30:00,170.87,170.84,170.94,170.82,0.0,0.0,1597.0,272906.151,-0.017557207233570044,170.87
US.PLTR,Palantir,2026-09-03 08:35:00,170.84,171.5,171.66,170.84,0.0,0.0,30148.0,5164923.574,0.38632638726293406,170.84
US.PLTR,Palantir,2026-09-03 08:40:00,171.5,171.4,171.5,171.1004,0.0,0.0,13128.0,2250029.138,-0.058309037900871316,171.5
US.PLTR,Palantir,2026-09-03 08:45:00,171.4,171.12,171.44,171.09,0.0,0.0,6541.0,1120125.795,-0.16336056009334954,171.4
US.PLTR,Palantir,2026-09-03 08:50:00,171.12,170.9297,171.2656,170.8,0.0,0.0,12754.0,2181536.781,-0.11120850864890584,171.12
US.PLTR,Palantir,2026-09-03 08:55:00,170.9297,171.01,171.02,170.91,0.0,0.0,11479.0,1962553.629,0.046978377660520106,170.9297
US.PLTR,Palantir,2026-09-03 09:00:00,171.01,171.12,171.12,170.9628,0.0,0.0,11624.0,1987975.975,0.0643237237588525,171.01
US.PLTR,Palantir,2026-09-03 09:05:00,171.12,170.8513,171.12,170.75,0.0,0.0,16303.0,2785513.668,-0.1570243104254298,171.12
US.PLTR,Palantir,2026-09-03 09:10:00,170.8513,170.81,170.9,170.7239,0.0,0.0,9731.0,1662020.409,-0.024173067456909475,170.8513
US.PLTR,Palantir,2026-09-03 09:15:00,170.81,171.14,171.15,170.81,0.0,0.0,8300.0,1419336.29,0.1931971196065711,170.81
US.PLTR,Palantir,2026-09-03 09:20:00,171.14,171.29,171.58,171.09,0.0,0.0,20116.0,3446879.571,0.08764754002571327,171.14
US.PLTR,Palantir,2026-09-03 09:25:00,171.4,171.7,171.7,171.15,0.0,0.0,29933.0,5133192.643,0.23936014945414014,171.29
US.PLTR,Palantir,2026-09-03 09:30:00,171.7,172.29,172.64,171.34,0.0,0.0,87623.0,15097903.498,0.34362259755387503,171.7
US.PLTR,Palantir,2026-09-03 09:35:00,172.5,177.41,177.41,171.91,0.0,0.0,2028966.0,354042710.712,2.9717337048000494,172.29
US.PLTR,Palantir,2026-09-03 09:40:00,177.42,179.8543,179.98,177.42,0.0,0.0,1732993.0,309731532.574,1.3777690096386892,177.41
US.PLTR,Palantir,2026-09-03 09:45:00,179.865,179.7301,181.85,179.57,0.0,0.0,1907943.0,344502453.561,-0.06905589691211267,179.8543
US.PLTR,Palantir,2026-09-03 09:50:00,179.85,180.56,180.91,179.21,0.0,0.0,980427.0,176570712.332,0.4617479209103034,179.7301
US.PLTR,Palantir,2026-09-03 09:55:00,180.615,182.972,183.16,180.57,0.0,0.0,1236979.0,224922464.192,1.335844040762077,180.56
US.PLTR,Palantir,2026-09-03 10:00:00,182.955,183.165,183.52,182.3301,0.0,0.0,1365928.0,249952002.647,0.10548061998556262,182.972
US.PLTR,Palantir,2026-09-03 10:05:00,183.21,184.395,184.56,182.86,0.0,0.0,1308592.0,240475881.398,0.671525673573018,183.165
US.PLTR,Palantir,2026-09-03 10:10:00,184.37,184.755,184.91,183.64,0.0,0.0,1162385.0,214309544.264,0.195233059464728,184.395
US.PLTR,Palantir,2026-09-03 10:15:00,184.78,184.7777,185.26,184.21,0.0,0.0,1008616.0,186322386.239,0.012286541636228842,184.755
US.PLTR,Palantir,2026-09-03 10:20:00,184.83,185.09,185.755,184.7,0.0,0.0,1052296.0,194939019.595,0.1690139015692875,184.7777
US.PLTR,Palantir,2026-09-03 10:25:00,185.0801,185.385,185.83,184.81,0.0,0.0,886442.0,164339387.966,0.1593819223080596,185.09
US.PLTR,Palantir,2026-09-03 10:30:00,185.35,184.53,185.37,184.44,0.0,0.0,656154.0,121233974.138,-0.4612023626506944,185.385
US.PLTR,Palantir,2026-09-03 10:35:00,184.53,184.46,184.93,184.3,0.0,0.0,516223.0,95286694.627,-0.03793421123936117,184.53
US.PLTR,Palantir,2026-09-03 10:40:00,184.4301,183.55,184.66,183.46,0.0,0.0,554659.0,102086099.13,-0.49333188767212216,184.46
US.PLTR,Palantir,2026-09-03 10:45:00,183.55,183.48,183.82,183.23,0.0,0.0,467273.0,85735297.641,-0.03813674748026238,183.55
US.PLTR,Palantir,2026-09-03 10:50:00,183.495,182.98,183.7,182.66,0.0,0.0,490130.0,89746282.827,-0.27250926531502073,183.48
US.PLTR,Palantir,2026-09-03 10:55:00,182.98,182.18,183.05,181.86,0.0,0.0,556283.0,101403998.631,-0.43720625204939506,182.98
US.PLTR,Palantir,2026-09-03 11:00:00,182.2264,181.58,182.34,181.5,0.0,0.0,498509.0,90690735.825,-0.3293446042375641,182.18
US.PLTR,Palantir,2026-09-03 11:05:00,181.6,181.3251,181.66,181.03,0.0,0.0,489322.0,88759711.247,-0.14037889635423537,181.58
US.PLTR,Palantir,2026-09-03 11:10:00,181.38,182.42,182.49,181.3401,0.0,0.0,652196.0,118647310.383,0.6038325637211812,181.3251
US.PLTR,Palantir,2026-09-03 11:15:00,182.45,182.205,182.6,182.05,0.0,0.0,383190.0,69874769.003,-0.11785988378465904,182.42
US.PLTR,Palantir,2026-09-03 11:20:00,182.2352,182.8803,183.08,182.2,0.0,0.0,412426.0,75374047.576,0.37062649213797255,182.205
US.PLTR,Palantir,2026-09-03 11:25:00,182.885,183.425,183.67,182.6291,0.0,0.0,379055.0,69405619.428,0.2978450932112458,182.8803
US.PLTR,Palantir,2026-09-03 11:30:00,183.4,183.775,183.86,183.05,0.0,0.0,499976.0,91660169.973,0.19081368406705426,183.425
US.PLTR,Palantir,2026-09-03 11:35:00,183.775,182.735,183.87,182.4974,0.0,0.0,319702.0,58560370.34,-0.5659094000816172,183.775
US.PLTR,Palantir,2026-09-03 11:40:00,182.75,182.86,183.09,182.71,0.0,0.0,198773.0,36361798.261,0.06840506744739651,182.735
US.PLTR,Palantir,2026-09-03 11:45:00,182.87,182.8381,183.13,182.77,0.0,0.0,180846.0,33083177.425,-0.011976375369143859,182.86
US.PLTR,Palantir,2026-09-03 11:50:00,182.815,182.8242,183.2,182.77,0.0,0.0,173733.0,31785103.899,-0.007602354213922966,182.8381
US.PLTR,Palantir,2026-09-03 11:55:00,182.815,182.8,183.0,182.61,0.0,0.0,157719.0,28831233.056,-0.013236759684975584,182.8242
US.PLTR,Palantir,2026-09-03 12:00:00,182.78,183.92,184.18,182.7,0.0,0.0,412431.0,75723221.093,0.6126914660831378,182.8
US.PLTR,Palantir,2026-09-03 12:05:00,183.95,183.43,184.12,183.4,0.0,0.0,275893.0,50700437.833,-0.2664201826881148,183.92
US.PLTR,Palantir,2026-09-03 12:10:00,183.44,183.44,183.7799,183.14,0.0,0.0,181302.0,33262362.532,0.005451670937137275,183.43
US.PLTR,Palantir,2026-09-03 12:15:00,183.49,183.6601,183.75,183.4,0.0,0.0,133958.0,24591593.309,0.11998473615351186,183.44
US.PLTR,Palantir,2026-09-03 12:20:00,183.72,183.93,183.97,183.67,0.0,0.0,188319.0,34617772.548,0.14695625233788226,183.6601
US.PLTR,Palantir,2026-09-03 12:25:00,183.93,183.4342,183.93,183.43,0.0,0.0,133999.0,24617404.684,-0.2695590713858548,183.93
US.PLTR,Palantir,2026-09-03 12:30:00,183.42,183.46,183.49,183.09,0.0,0.0,209140.0,38334358.573,0.014064988971524296,183.4342
US.PLTR,Palantir,2026-09-03 12:35:00,183.48,183.05,183.485,182.75,0.0,0.0,192609.0,35262467.276,-0.22348195791998068,183.46
US.PLTR,Palantir,2026-09-03 12:40:00,183.04,182.7,183.065,182.52,0.0,0.0,183155.0,33466130.126,-0.19120458891014627,183.05
US.PLTR,Palantir,2026-09-03 12:45:00,182.7,182.98,183.44,182.68,0.0,0.0,257001.0,47058610.19,0.15325670498084354,182.7
US.PLTR,Palantir,2026-09-03 12:50:00,182.994,183.0502,183.176,182.85,0.0,0.0,123976.0,22689927.282,0.03836484861733513,182.98
US.PLTR,Palantir,2026-09-03 12:55:00,183.08,182.66,183.08,182.5,0.0,0.0,134007.0,24488848.867,-0.2131655687893228,183.0502
US.PLTR,Palantir,2026-09-03 13:00:00,182.69,182.72,182.88,182.62,0.0,0.0,137464.0,25119921.929,0.032847914157452245,182.66
US.PLTR,Palantir,2026-09-03 13:05:00,182.755,182.74,182.85,182.5,0.0,0.0,176322.0,32213427.968,0.01094570928196707,182.72
US.PLTR,Palantir,2026-09-03 13:10:00,182.74,182.75,182.98,182.71,0.0,0.0,131062.0,23961326.401,0.005472255663779634,182.74
US.PLTR,Palantir,2026-09-03 13:15:00,182.79,183.205,183.205,182.69,0.0,0.0,180544.0,33038062.529,0.24897400820794116,182.75
US.PLTR,Palantir,2026-09-03 13:20:00,183.18,182.67,183.3899,182.64,0.0,0.0,168223.0,30788946.644,-0.29202259763654104,183.205
US.PLTR,Palantir,2026-09-03 13:25:00,182.6701,182.9,183.0,182.5576,0.0,0.0,161299.0,29488257.935,0.12591011112936892,182.67
US.PLTR,Palantir,2026-09-03 13:30:00,182.87,182.8551,183.125,182.77,0.0,0.0,123412.0,22576736.805,-0.024548933843637284,182.9
US.PLTR,Palantir,2026-09-03 13:35:00,182.83,182.795,182.92,182.72,0.0,0.0,79055.0,14453493.236,-0.03286755469221564,182.8551
US.PLTR,Palantir,2026-09-03 13:40:00,182.78,183.05,183.1835,182.585,0.0,0.0,153591.0,28076828.611,0.1395005333844054,182.795
US.PLTR,Palantir,2026-09-03 13:45:00,183.055,183.07,183.12,182.76,0.0,0.0,120178.0,21992346.468,0.010925976509140569,183.05
US.PLTR,Palantir,2026-09-03 13:50:00,183.1,182.91,183.12,182.74,0.0,0.0,116191.0,21250094.861,-0.08739826295952183,183.07
US.PLTR,Palantir,2026-09-03 13:55:00,182.91,183.17,183.2499,182.89,0.0,0.0,127355.0,23323262.624,0.14214641080312226,182.91
US.PLTR,Palantir,2026-09-03 14:00:00,183.17,183.04,183.2,182.93,0.0,0.0,88884.0,16269427.835,-0.07097232079488751,183.17
US.PLTR,Palantir,2026-09-03 14:05:00,183.04,183.195,183.28,182.9181,0.0,0.0,138584.0,25378956.769,0.08468094405594467,183.04
US.PLTR,Palantir,2026-09-03 14:10:00,183.22,183.51,183.6,183.19,0.0,0.0,182769.0,33519271.815,0.17194792434291206,183.195
US.PLTR,Palantir,2026-09-03 14:15:00,183.53,183.41,183.85,183.3748,0.0,0.0,249793.0,45868018.775,-0.05449294316385719,183.51
US.PLTR,Palantir,2026-09-03 14:20:00,183.41,183.185,183.47,183.12,0.0,0.0,124176.0,22761984.364,-0.12267597186630735,183.41
US.PLTR,Palantir,2026-09-03 14:25:00,183.21,182.95,183.25,182.87,0.0,0.0,138918.0,25427300.504,-0.1282856129049942,183.185
US.PLTR,Palantir,2026-09-03 14:30:00,182.95,182.81,182.98,182.61,0.0,0.0,190482.0,34823366.35,-0.07652364033888295,182.95
US.PLTR,Palantir,2026-09-03 14:35:00,182.8,182.876,183.04,182.77,0.0,0.0,186560.0,34125607.77,0.03610305781959548,182.81
US.PLTR,Palantir,2026-09-03 14:40:00,182.885,182.91,183.17,182.8,0.0,0.0,169399.0,31002094.375,0.01859183271724656,182.876
US.PLTR,Palantir,2026-09-03 14:45:00,182.91,182.86,183.05,182.61,0.0,0.0,154898.0,28326233.04,-0.027335848231361294,182.91
US.PLTR,Palantir,2026-09-03 14:50:00,182.85,183.0,183.12,182.79,0.0,0.0,130114.0,23805994.434,0.07656130372962176,182.86
US.PLTR,Palantir,2026-09-03 14:55:00,183.04,183.05,183.29,182.895,0.0,0.0,119923.0,21956381.076,0.027322404371590912,183.0
US.PLTR,Palantir,2026-09-03 15:00:00,183.05,182.94,183.08,182.8,0.0,0.0,114323.0,20913837.989,-0.06009287080033523,183.05
US.PLTR,Palantir,2026-09-03 15:05:00,182.925,183.305,183.53,182.9,0.0,0.0,226324.0,41478683.264,0.19951896796764462,182.94
US.PLTR,Palantir,2026-09-03 15:10:00,183.345,183.3101,183.41,183.0054,0.0,0.0,163847.0,30023123.748,0.0027822481656249267,183.305
US.PLTR,Palantir,2026-09-03 15:15:00,183.32,183.34,183.54,183.17,0.0,0.0,219502.0,40254216.712,0.016311157977655248,183.3101
US.PLTR,Palantir,2026-09-03 15:20:00,183.32,183.62,183.675,183.21,0.0,0.0,224869.0,41252591.73,0.15272171921021116,183.34
US.PLTR,Palantir,2026-09-03 15:25:00,183.68,183.72,184.01,183.4476,0.0,0.0,396320.0,72851116.553,0.054460298442432366,183.62
US.PLTR,Palantir,2026-09-03 15:30:00,183.74,183.785,183.89,183.67,0.0,0.0,206836.0,38014269.955,0.035379925974307495,183.72
US.PLTR,Palantir,2026-09-03 15:35:00,183.785,183.89,183.95,183.7,0.0,0.0,222687.0,40936981.987,0.05713197486192549,183.785
US.PLTR,Palantir,2026-09-03 15:40:00,183.88,183.675,183.9799,183.6069,0.0,0.0,224000.0,41163878.782,-0.11691772255151178,183.89
US.PLTR,Palantir,2026-09-03 15:45:00,183.65,182.905,183.65,182.8,0.0,0.0,264554.0,48472438.224,-0.4192187287328217,183.675
US.PLTR,Palantir,2026-09-03 15:50:00,182.88,183.08,183.22,182.86,0.0,0.0,322068.0,58960960.316,0.09567808425139354,182.905
US.PLTR,Palantir,2026-09-03 15:55:00,183.07,182.84,183.3285,182.68,0.0,0.0,497204.0,90998465.662,-0.13109023377758852,183.08
US.PLTR,Palantir,2026-09-03 16:00:00,182.82,182.53,182.89,182.05,0.0,0.0,4997685.0,912470931.927,-0.1695471450448492,182.84
US.PLTR,Palantir,2026-09-03 16:05:00,182.53,182.53,182.56,182.07,0.0,0.0,804570.0,146851248.408,0.0,182.53
US.PLTR,Palantir,2026-09-03 16:10:00,182.53,182.1914,182.53,182.1,0.0,0.0,12105.0,2207715.617,-0.18550375280776518,182.53
US.PLTR,Palantir,2026-09-03 16:15:00,182.1914,182.22,182.27,182.076,0.0,0.0,76242.0,13933452.136,0.015697777172803715,182.1914
US.PLTR,Palantir,2026-09-03 16:20:00,182.22,182.25,182.25,182.11,0.0,0.0,7243.0,1319645.466,0.01646361540994465,182.22
US.PLTR,Palantir,2026-09-03 16:25:00,182.25,182.47,182.47,182.2317,0.0,0.0,36531.0,6661502.388,0.12071330589849047,182.25
US.PLTR,Palantir,2026-09-03 16:30:00,182.47,182.4,182.4799,182.28,0.0,0.0,10779.0,1966381.729,-0.038362470543099235,182.47
US.PLTR,Palantir,2026-09-03 16:35:00,182.4,182.3496,182.47,182.3496,0.0,0.0,13511.0,2464808.965,-0.02763157894736635,182.4
US.PLTR,Palantir,2026-09-03 16:40:00,182.3496,182.53,182.9,182.26,0.0,0.0,25222.0,4601525.314,0.09893084492644441,182.3496
US.PLTR,Palantir,2026-09-03 16:45:00,182.53,182.54,182.8,182.53,0.0,0.0,10141.0,1852671.881,0.005478551470986087,182.53
US.PLTR,Palantir,2026-09-03 16:50:00,182.54,182.62,182.7267,182.54,0.0,0.0,5471.0,999327.563,0.04382601073737948,182.54
US.PLTR,Palantir,2026-09-03 16:55:00,182.62,182.52,182.62,182.3265,0.0,0.0,52767.0,9631446.772,-0.05475851494907147,182.62
US.PLTR,Palantir,2026-09-03 17:00:00,182.52,182.51,182.55,182.48,0.0,0.0,4386.0,800616.652,-0.005478851632708375,182.52
US.PLTR,Palantir,2026-09-03 17:05:00,182.37,182.41,182.4405,182.37,0.0,0.0,5778.0,1053984.917,-0.054791518272968236,182.51
US.PLTR,Palantir,2026-09-03 17:10:00,182.38,182.38,182.42,182.37,0.0,0.0,2019.0,368309.343,-0.016446466750727008,182.41
US.PLTR,Palantir,2026-09-03 17:15:00,182.38,182.3515,182.38,182.33,0.0,0.0,2151.0,392331.55,-0.01562671345542723,182.38
US.PLTR,Palantir,2026-09-03 17:20:00,182.3515,182.3412,182.4291,182.3412,0.0,0.0,3990.0,723549.655,-0.005648431737606143,182.3515
US.PLTR,Palantir,2026-09-03 17:25:00,182.3412,182.323,182.42,182.323,0.0,0.0,2295.0,418695.917,-0.009981287827424029,182.3412
US.PLTR,Palantir,2026-09-03 17:30:00,182.323,182.34,182.4761,182.323,0.0,0.0,2191.0,399640.06,0.009324111604128885,182.323
US.PLTR,Palantir,2026-09-03 17:35:00,182.34,182.49,182.49,182.34,0.0,0.0,1631.0,297747.468,0.08226390259954243,182.34
US.PLTR,Palantir,2026-09-03 17:40:00,182.49,182.47,182.49,182.4393,0.0,0.0,3674.0,670624.174,-0.010959504630396313,182.49
US.PLTR,Palantir,2026-09-03 17:45:00,182.47,182.42,182.47,182.42,0.0,0.0,3019.0,550916.113,-0.027401764673651217,182.47
US.PLTR,Palantir,2026-09-03 17:50:00,182.42,182.3202,182.4444,182.3202,0.0,0.0,1479.0,269823.882,-0.054708913496320406,182.42
US.PLTR,Palantir,2026-09-03 17:55:00,182.3202,182.33,182.33,182.3202,0.0,0.0,1801.0,328455.604,0.005375158649459954,182.3202
US.PLTR,Palantir,2026-09-03 18:00:00,182.33,182.3783,182.43,182.3,0.0,0.0,2134.0,389158.207,0.026490429441114106,182.33
US.PLTR,Palantir,2026-09-03 18:05:00,182.3783,182.38,182.39,182.2717,0.0,0.0,4240.0,773318.602,0.000932128438525631,182.3783
US.PLTR,Palantir,2026-09-03 18:10:00,182.38,182.3,182.47,182.3,0.0,0.0,3258.0,594319.776,-0.04386445882223055,182.38
US.PLTR,Palantir,2026-09-03 18:15:00,182.3,182.1679,182.3,182.1,0.0,0.0,4323.0,787634.174,-0.0724629731212333,182.3
US.PLTR,Palantir,2026-09-03 18:20:00,182.1679,182.25,182.2741,182.15,0.0,0.0,843.0,153668.981,0.04506831335268011,182.1679
US.PLTR,Palantir,2026-09-03 18:25:00,182.25,182.249,182.25,182.23,0.0,0.0,1179.0,214862.926,-0.0005486968449957613,182.25
US.PLTR,Palantir,2026-09-03 18:30:00,182.249,182.16,182.249,182.1186,0.0,0.0,3747.0,682837.951,-0.04883428715658174,182.249
US.PLTR,Palantir,2026-09-03 18:35:00,182.16,182.127,182.16,182.1239,0.0,0.0,2059.0,375183.192,-0.018115942028978392,182.16
US.PLTR,Palantir,2026-09-03 18:40:00,182.127,182.0992,182.15,182.0476,0.0,0.0,5156.0,939066.731,-0.01526407397036868,182.127
US.PLTR,Palantir,2026-09-03 18:45:00,182.0992,181.69,182.0992,181.67,0.0,0.0,17274.0,3142259.103,-0.22471268407549208,182.0992
US.PLTR,Palantir,2026-09-03 18:50:00,181.69,182.14,182.14,181.69,0.0,0.0,2322.0,422480.667,0.24767461060046708,181.69
US.PLTR,Palantir,2026-09-03 18:55:00,182.14,182.03,182.14,182.03,0.0,0.0,726.0,132182.83,-0.060393104205548054,182.14
US.PLTR,Palantir,2026-09-03 19:00:00,182.03,181.85,182.11,181.85,0.0,0.0,2036.0,370727.706,-0.09888479920892536,182.03
US.PLTR,Palantir,2026-09-03 19:05:00,181.85,182.02,182.02,181.85,0.0,0.0,1061.0,193230.239,0.09348364036294524,181.85
US.PLTR,Palantir,2026-09-03 19:10:00,182.02,182.14,182.14,182.02,0.0,0.0,12520.0,2280464.481,0.06592682122842332,182.02
US.PLTR,Palantir,2026-09-03 19:15:00,182.06,182.13,182.14,182.06,0.0,0.0,11173.0,2035106.64,-0.005490282200500113,182.14
US.PLTR,Palantir,2026-09-03 19:20:00,182.13,182.1399,182.15,182.13,0.0,0.0,1982.0,361167.896,0.005435677812560264,182.13
US.PLTR,Palantir,2026-09-03 19:25:00,182.12,182.18,182.19,182.12,0.0,0.0,1994.0,363315.468,0.02201604371145222,182.1399
US.PLTR,Palantir,2026-09-03 19:30:00,182.18,182.18,182.18,182.18,0.0,0.0,465.0,84849.046,0.0,182.18
US.PLTR,Palantir,2026-09-03 19:35:00,182.18,182.2,182.2299,182.15,0.0,0.0,1852.0,337517.749,0.01097815347457559,182.18
US.PLTR,Palantir,2026-09-03 19:40:00,182.2,182.08,182.23,182.08,0.0,0.0,3341.0,608740.415,-0.06586169045004178,182.2
US.PLTR,Palantir,2026-09-03 19:45:00,182.08,182.2861,182.3,182.08,0.0,0.0,1970.0,359218.751,0.11319200351493418,182.08
US.PLTR,Palantir,2026-09-03 19:50:00,182.2861,182.3,182.3,182.25,0.0,0.0,2019.0,368015.809,0.007625375714334053,182.2861
US.PLTR,Palantir,2026-09-03 19:55:00,182.3,182.33,182.45,182.3,0.0,0.0,3544.0,646322.511,0.016456390565003365,182.3
US.PLTR,Palantir,2026-09-03 20:00:00,182.33,182.4315,182.44,182.33,0.0,0.0,4881.0,890184.306,0.05566829375307807,182.33
US.PLTR,Palantir,2026-09-04 04:05:00,182.16,181.8309,182.21,181.75,0.0,0.0,88796.0,16177206.448,-0.3292194604550123,182.4315
US.PLTR,Palantir,2026-09-04 04:10:00,181.8309,181.75,181.94,181.75,0.0,0.0,5608.0,1019982.841,-0.044491887792456594,181.8309
US.PLTR,Palantir,2026-09-04 04:15:00,181.75,181.66,181.75,181.51,0.0,0.0,4194.0,761951.761,-0.04951856946355071,181.75
US.PLTR,Palantir,2026-09-04 04:20:00,181.66,181.89,182.04,181.66,0.0,0.0,7447.0,1354834.249,0.12661015083121752,181.66
US.PLTR,Palantir,2026-09-04 04:25:00,181.89,181.89,181.89,181.89,0.0,0.0,462.0,84053.279,0.0,181.89
US.PLTR,Palantir,2026-09-04 04:30:00,181.89,182.0,182.0,181.86,0.0,0.0,5929.0,1078470.206,0.06047611193579287,181.89
US.PLTR,Palantir,2026-09-04 04:35:00,182.0,181.84,182.0,181.84,0.0,0.0,1027.0,186910.43,-0.08791208791208603,182.0
US.PLTR,Palantir,2026-09-04 04:40:00,181.84,181.65,181.85,181.65,0.0,0.0,4444.0,807783.482,-0.10448746150461818,181.84
US.PLTR,Palantir,2026-09-04 04:45:00,181.65,181.08,181.65,180.67,0.0,0.0,24984.0,4525232.841,-0.313790255986784,181.65
US.PLTR,Palantir,2026-09-04 04:50:00,181.08,181.49,181.49,181.08,0.0,0.0,1795.0,325550.337,0.22641926220454858,181.08
US.PLTR,Palantir,2026-09-04 04:55:00,181.49,181.5,181.5,181.47,0.0,0.0,2923.0,530474.707,0.005509945451535018,181.49
US.PLTR,Palantir,2026-09-04 05:00:00,181.5,181.4,181.5,181.33,0.0,0.0,4186.0,759259.688,-0.05509641873277924,181.5
US.PLTR,Palantir,2026-09-04 05:05:00,181.4,181.3,181.4,181.29,0.0,0.0,1294.0,234591.092,-0.05512679162072454,181.4
US.PLTR,Palantir,2026-09-04 05:10:00,181.3,181.24,181.3,181.24,0.0,0.0,3325.0,602710.335,-0.03309431880860577,181.3
US.PLTR,Palantir,2026-09-04 05:15:00,181.24,181.18,181.26,181.1,0.0,0.0,2321.0,420563.412,-0.033105274773781876,181.24
US.PLTR,Palantir,2026-09-04 05:20:00,181.18,181.0,181.18,180.71,0.0,0.0,7405.0,1340038.753,-0.09934871398609493,181.18
US.PLTR,Palantir,2026-09-04 05:25:00,181.0,180.85,181.0,180.85,0.0,0.0,1011.0,183036.93,-0.08287292817679873,181.0
US.PLTR,Palantir,2026-09-04 05:30:00,180.85,181.01,181.01,180.85,0.0,0.0,673.0,121810.13,0.08847110865357843,180.85
US.PLTR,Palantir,2026-09-04 05:35:00,181.01,181.01,181.1957,181.0,0.0,0.0,1173.0,212564.888,0.0,181.01
US.PLTR,Palantir,2026-09-04 05:40:00,181.01,181.01,181.01,181.01,0.0,0.0,329.0,59608.692,0.0,181.01
US.PLTR,Palantir,2026-09-04 05:45:00,181.01,181.31,181.31,181.01,0.0,0.0,1373.0,248913.409,0.16573669962986098,181.01
US.PLTR,Palantir,2026-09-04 05:50:00,181.31,181.35,181.388,181.3,0.0,0.0,1867.0,338577.212,0.0220616623462534,181.31
US.PLTR,Palantir,2026-09-04 05:55:00,181.35,181.8,181.8,181.35,0.0,0.0,11564.0,2099739.402,0.2481389578163866,181.35
US.PLTR,Palantir,2026-09-04 06:00:00,181.8,181.8,181.8,181.8,0.0,0.0,421.0,76499.341,0.0,181.8
US.PLTR,Palantir,2026-09-04 06:05:00,181.8,181.49,181.8,181.49,0.0,0.0,6014.0,1092150.47,-0.17051705170517176,181.8
US.PLTR,Palantir,2026-09-04 06:10:00,181.49,181.7511,181.7511,181.49,0.0,0.0,974.0,176953.203,0.14386467573970962,181.49
US.PLTR,Palantir,2026-09-04 06:15:00,181.7511,181.79,181.79,181.5,0.0,0.0,2317.0,421063.353,0.021402896598691257,181.7511
US.PLTR,Palantir,2026-09-04 06:20:00,181.79,181.95,182.04,181.79,0.0,0.0,2996.0,544998.707,0.08801364211452588,181.79
US.PLTR,Palantir,2026-09-04 06:25:00,181.6997,182.0,182.0,181.6997,0.0,0.0,1392.0,253323.333,0.027480076944221693,181.95
US.PLTR,Palantir,2026-09-04 06:30:00,182.0,181.8,182.0061,181.8,0.0,0.0,3326.0,604947.181,-0.10989010989010364,182.0
US.PLTR,Palantir,2026-09-04 06:35:00,181.8,181.61,181.8,181.6,0.0,0.0,1784.0,324134.702,-0.10451045104510326,181.8
US.PLTR,Palantir,2026-09-04 06:40:00,181.61,181.74,181.74,181.61,0.0,0.0,2002.0,363923.846,0.07158196134573837,181.61
US.PLTR,Palantir,2026-09-04 06:45:00,181.74,181.64,181.81,181.6,0.0,0.0,3742.0,679999.08,-0.055023660173887275,181.74
US.PLTR,Palantir,2026-09-04 06:50:00,181.64,181.79,181.79,181.64,0.0,0.0,667.0,121368.296,0.08258092931072765,181.64
US.PLTR,Palantir,2026-09-04 06:55:00,181.79,181.8,181.8,181.72,0.0,0.0,1666.0,302965.327,0.005500852632168617,181.79
US.PLTR,Palantir,2026-09-04 07:00:00,181.8,181.91,181.91,181.8,0.0,0.0,1397.0,254094.615,0.06050605060505237,181.8
US.PLTR,Palantir,2026-09-04 07:05:00,181.91,181.414,182.0,181.19,0.0,0.0,16388.0,2975296.386,-0.27266230553570964,181.91
US.PLTR,Palantir,2026-09-04 07:10:00,181.414,181.54,181.6144,181.2604,0.0,0.0,2255.0,409171.578,0.06945439712481108,181.414
US.PLTR,Palantir,2026-09-04 07:15:00,181.54,181.4231,181.54,181.4,0.0,0.0,3178.0,576720.811,-0.06439352208878864,181.54
US.PLTR,Palantir,2026-09-04 07:20:00,181.4231,181.5,181.58,181.4231,0.0,0.0,5209.0,945621.944,0.04238710505993716,181.4231
US.PLTR,Palantir,2026-09-04 07:25:00,181.5,181.25,181.6,181.07,0.0,0.0,10031.0,1818090.015,-0.13774104683195593,181.5
US.PLTR,Palantir,2026-09-04 07:30:00,181.25,181.2,181.3903,181.2,0.0,0.0,3287.0,595905.192,-0.027586206896557997,181.25
US.PLTR,Palantir,2026-09-04 07:35:00,181.2,180.9,181.2,180.5735,0.0,0.0,17634.0,3190351.034,-0.16556291390727534,181.2
US.PLTR,Palantir,2026-09-04 07:40:00,180.9,180.69,181.0335,180.65,0.0,0.0,8473.0,1532685.283,-0.11608623548922496,180.9
US.PLTR,Palantir,2026-09-04 07:45:00,180.69,180.25,180.85,180.25,0.0,0.0,11054.0,1996547.005,-0.2435109856660566,180.69
US.PLTR,Palantir,2026-09-04 07:50:00,180.5371,180.6244,180.76,180.5,0.0,0.0,8643.0,1560973.075,0.20771151178918643,180.25
US.PLTR,Palantir,2026-09-04 07:55:00,180.6244,180.5,180.77,180.5,0.0,0.0,5208.0,940780.628,-0.06887220109797375,180.6244
US.PLTR,Palantir,2026-09-04 08:00:00,180.5,180.7,180.768,180.32,0.0,0.0,6927.0,1250571.121,0.11080332409971669,180.5
US.PLTR,Palantir,2026-09-04 08:05:00,180.7,180.35,180.7206,180.33,0.0,0.0,11185.0,2018441.661,-0.19369120088544237,180.7
US.PLTR,Palantir,2026-09-04 08:10:00,180.35,180.54,180.6366,180.11,0.0,0.0,15066.0,2716591.523,0.10535070695869017,180.35
US.PLTR,Palantir,2026-09-04 08:15:00,180.54,180.65,180.65,180.22,0.0,0.0,7014.0,1265474.742,0.06092832613272053,180.54
US.PLTR,Palantir,2026-09-04 08:20:00,180.65,180.81,180.9,180.5,0.0,0.0,10669.0,1928227.513,0.08856905618599313,180.65
US.PLTR,Palantir,2026-09-04 08:25:00,180.81,180.8,180.95,180.73,0.0,0.0,7764.0,1404371.863,-0.005530667551568445,180.81
US.PLTR,Palantir,2026-09-04 08:30:00,180.8,180.87,180.97,180.68,0.0,0.0,7105.0,1284828.344,0.038716814159288265,180.8
US.PLTR,Palantir,2026-09-04 08:35:00,180.87,179.26,180.87,179.26,0.0,0.0,49337.0,8879922.744,-0.8901420910045964,180.87
US.PLTR,Palantir,2026-09-04 08:40:00,179.26,179.4939,179.79,179.06,0.0,0.0,52409.0,9399649.409,0.13048086578154947,179.26
US.PLTR,Palantir,2026-09-04 08:45:00,179.4939,180.0112,180.8,179.4939,0.0,0.0,32622.0,5882101.906,0.28819920899819207,179.4939
US.PLTR,Palantir,2026-09-04 08:50:00,180.0112,179.3122,180.0112,179.12,0.0,0.0,38629.0,6929527.929,-0.3883091718737569,180.0112
US.PLTR,Palantir,2026-09-04 08:55:00,179.3122,179.968,180.0,179.1894,0.0,0.0,31955.0,5743525.03,0.36573083147716623,179.3122
US.PLTR,Palantir,2026-09-04 09:00:00,179.968,180.03,180.1462,179.691,0.0,0.0,17867.0,3214714.902,0.034450568990049245,179.968
US.PLTR,Palantir,2026-09-04 09:05:00,180.03,179.75,180.12,179.75,0.0,0.0,15080.0,2714068.158,-0.15552963394989788,180.03
US.PLTR,Palantir,2026-09-04 09:10:00,179.75,179.59,179.85,179.45,0.0,0.0,20222.0,3632319.996,-0.08901251738525541,179.75
US.PLTR,Palantir,2026-09-04 09:15:00,179.59,179.4725,179.81,179.2,0.0,0.0,24564.0,4405539.252,-0.0654268055014237,179.59
US.PLTR,Palantir,2026-09-04 09:20:00,179.4725,179.42,179.94,179.34,0.0,0.0,17733.0,3183847.323,-0.02925239242781434,179.4725
US.PLTR,Palantir,2026-09-04 09:25:00,179.42,179.83,180.16,179.3913,0.0,0.0,22968.0,4128647.746,0.22851410099209957,179.42
US.PLTR,Palantir,2026-09-04 09:30:00,179.7,180.6,180.6,178.8,0.0,0.0,44673.0,8022998.52,0.4281821720513717,179.83
US.PLTR,Palantir,2026-09-04 09:35:00,180.01,177.87,182.19,177.82,0.0,0.0,1570269.0,281892998.784,-1.5116279069767387,180.6
US.PLTR,Palantir,2026-09-04 09:40:00,177.87,178.01,178.2202,177.05,0.0,0.0,907041.0,161198208.105,0.07870916961825286,177.87
US.PLTR,Palantir,2026-09-04 09:45:00,177.986633,177.135,178.2,176.7,0.0,0.0,662638.0,117469687.973,-0.4915454187966968,178.01
US.PLTR,Palantir,2026-09-04 09:50:00,177.135,177.16,177.6709,176.81,0.0,0.0,476796.0,84509082.416,0.014113529229122245,177.135
US.PLTR,Palantir,2026-09-04 09:55:00,177.195,177.2442,177.4999,176.76,0.0,0.0,449875.0,79673653.012,0.04752765861368809,177.16
US.PLTR,Palantir,2026-09-04 10:00:00,177.24,176.96,177.42,176.7,0.0,0.0,550799.0,97472475.697,-0.16034375172784127,177.2442
US.PLTR,Palantir,2026-09-04 10:05:00,176.925,177.055,177.1,176.2701,0.0,0.0,606036.0,107093437.843,0.05368444846292883,176.96
US.PLTR,Palantir,2026-09-04 10:10:00,177.04,176.402,177.1999,176.39,0.0,0.0,385842.0,68218971.182,-0.36881195108865605,177.055
US.PLTR,Palantir,2026-09-04 10:15:00,176.42,176.555,176.8,176.41,0.0,0.0,334658.0,59088194.89,0.08673371050215986,176.402
US.PLTR,Palantir,2026-09-04 10:20:00,176.53,175.89,176.8,175.88,0.0,0.0,459294.0,80981212.229,-0.37665316756819145,176.555
US.PLTR,Palantir,2026-09-04 10:25:00,175.8801,176.96,177.1396,175.75,0.0,0.0,540691.0,95354217.542,0.6083347546762304,175.89
US.PLTR,Palantir,2026-09-04 10:30:00,176.8901,176.43,177.1999,176.35,0.0,0.0,340670.0,60205590.088,-0.2995027124773967,176.96
US.PLTR,Palantir,2026-09-04 10:35:00,176.44,176.32,176.73,176.18,0.0,0.0,328871.0,58021305.697,-0.062347673298199645,176.43
US.PLTR,Palantir,2026-09-04 10:40:00,176.315,176.995,177.11,176.315,0.0,0.0,273749.0,48364230.372,0.38282667876588666,176.32
US.PLTR,Palantir,2026-09-04 10:45:00,177.02,176.205,177.06,176.08,0.0,0.0,329266.0,58124486.025,-0.44634029209864234,176.995
US.PLTR,Palantir,2026-09-04 10:50:00,176.2,176.05,176.3899,175.8579,0.0,0.0,312998.0,55130513.183,-0.08796572174455954,176.205
US.PLTR,Palantir,2026-09-04 10:55:00,176.055,176.22,176.3047,175.91,0.0,0.0,262505.0,46229387.4,0.09656347628513916,176.05
US.PLTR,Palantir,2026-09-04 11:00:00,176.19,176.66,176.7068,176.0665,0.0,0.0,248181.0,43764635.959,0.24968789013732703,176.22
US.PLTR,Palantir,2026-09-04 11:05:00,176.7015,176.85,176.9144,176.5,0.0,0.0,203076.0,35884426.376,0.10755122834823828,176.66
US.PLTR,Palantir,2026-09-04 11:10:00,176.86,177.05,177.35,176.67,0.0,0.0,325848.0,57701336.363,0.11309018942607693,176.85
US.PLTR,Palantir,2026-09-04 11:15:00,177.05,176.54,177.056,175.97,0.0,0.0,361618.0,63779585.387,-0.2880542219712055,177.05
US.PLTR,Palantir,2026-09-04 11:20:00,176.57,176.06,176.58,175.66,0.0,0.0,340421.0,59937913.489,-0.27189305539820424,176.54
US.PLTR,Palantir,2026-09-04 11:25:00,176.06,176.11,176.33,175.8836,0.0,0.0,310764.0,54736209.998,0.028399409292293176,176.06
US.PLTR,Palantir,2026-09-04 11:30:00,176.08,176.0601,176.2,175.81,0.0,0.0,169845.0,29885989.813,-0.028334563625011668,176.11
US.PLTR,Palantir,2026-09-04 11:35:00,176.0999,175.935,176.33,175.695,0.0,0.0,213774.0,37610702.671,-0.07105528169074271,176.0601
US.PLTR,Palantir,2026-09-04 11:40:00,175.935,175.595,175.96,175.5101,0.0,0.0,169706.0,29816002.2,-0.1932531900986179,175.935
US.PLTR,Palantir,2026-09-04 11:45:00,175.575,175.625,175.6999,175.3,0.0,0.0,246271.0,43215237.63,0.017084768928500887,175.595
US.PLTR,Palantir,2026-09-04 11:50:00,175.625,175.325,175.65,175.18,0.0,0.0,199227.0,34945077.976,-0.17081850533808476,175.625
US.PLTR,Palantir,2026-09-04 11:55:00,175.3337,175.365,175.7,175.3,0.0,0.0,140190.0,24600478.772,0.022814772565247665,175.325
US.PLTR,Palantir,2026-09-04 12:00:00,175.35,175.425,175.53,175.25,0.0,0.0,147894.0,25938709.369,0.034214352921051676,175.365
US.PLTR,Palantir,2026-09-04 12:05:00,175.446,175.25,175.5,175.2,0.0,0.0,125145.0,21944195.831,-0.09975773122417635,175.425
US.PLTR,Palantir,2026-09-04 12:10:00,175.255917,175.52,175.56,174.97,0.0,0.0,295837.0,51839038.353,0.15406562054208858,175.25
US.PLTR,Palantir,2026-09-04 12:15:00,175.545,175.32,175.63,175.245,0.0,0.0,171314.0,30048906.259,-0.11394712853237068,175.52
US.PLTR,Palantir,2026-09-04 12:20:00,175.335,175.02,175.335,174.99,0.0,0.0,178039.0,31178603.652,-0.1711156741957466,175.32
US.PLTR,Palantir,2026-09-04 12:25:00,175.04,175.22,175.44,175.04,0.0,0.0,134775.0,23618735.373,0.11427265455375879,175.02
US.PLTR,Palantir,2026-09-04 12:30:00,175.22,174.91,175.2699,174.78,0.0,0.0,223526.0,39113324.244,-0.17692044287181957,175.22
US.PLTR,Palantir,2026-09-04 12:35:00,174.9535,174.945,175.0,174.75,0.0,0.0,122906.0,21496458.192,0.02001029100680155,174.91
US.PLTR,Palantir,2026-09-04 12:40:00,174.945,175.07,175.2,174.9001,0.0,0.0,188191.0,32943984.979,0.07145102746577496,174.945
US.PLTR,Palantir,2026-09-04 12:45:00,175.0658,175.1811,175.2,174.945,0.0,0.0,126649.0,22168761.486,0.063460330153649,175.07
US.PLTR,Palantir,2026-09-04 12:50:00,175.18,175.0343,175.18,174.98,0.0,0.0,111758.0,19565017.785,-0.08379899429789214,175.1811
US.PLTR,Palantir,2026-09-04 12:55:00,175.04,175.075,175.28,175.0101,0.0,0.0,164513.0,28811170.318,0.023252585350406668,175.0343
US.PLTR,Palantir,2026-09-04 13:00:00,175.06,174.9201,175.08,174.87,0.0,0.0,165342.0,28927042.45,-0.08847636727116825,175.075
US.PLTR,Palantir,2026-09-04 13:05:00,174.9,174.8004,175.16,174.8004,0.0,0.0,143845.0,25162158.986,-0.06843124375071509,174.9201
US.PLTR,Palantir,2026-09-04 13:10:00,174.8,174.745,174.86,174.63,0.0,0.0,184652.0,32266749.03,-0.03169329131969474,174.8004
US.PLTR,Palantir,2026-09-04 13:15:00,174.745,174.8,174.8395,174.6401,0.0,0.0,155540.0,27176212.261,0.03147443417551679,174.745
US.PLTR,Palantir,2026-09-04 13:20:00,174.81,174.715,174.84,174.57,0.0,0.0,156110.0,27270858.998,-0.04862700228833407,174.8
US.PLTR,Palantir,2026-09-04 13:25:00,174.715,174.61,174.8,174.4701,0.0,0.0,139517.0,24365472.844,-0.06009787367998727,174.715
US.PLTR,Palantir,2026-09-04 13:30:00,174.5968,174.61,174.68,174.52,0.0,0.0,115884.0,20234778.635,0.0,174.61
US.PLTR,Palantir,2026-09-04 13:35:00,174.56,174.39,174.6,174.26,0.0,0.0,260452.0,45423520.171,-0.12599507473800312,174.61
US.PLTR,Palantir,2026-09-04 13:40:00,174.39,174.3,174.43,174.23,0.0,0.0,224988.0,39222668.842,-0.051608463788046906,174.39
US.PLTR,Palantir,2026-09-04 13:45:00,174.31,174.18,174.37,174.16,0.0,0.0,203363.0,35449960.913,-0.06884681583477024,174.3
US.PLTR,Palantir,2026-09-04 13:50:00,174.17,174.22,174.28,174.0901,0.0,0.0,144842.0,25228919.51,0.022964749110111402,174.18
US.PLTR,Palantir,2026-09-04 13:55:00,174.2,174.2099,174.37,174.15,0.0,0.0,165571.0,28854685.209,-0.0057972678222903366,174.22
US.PLTR,Palantir,2026-09-04 14:00:00,174.2053,174.115,174.245,174.1,0.0,0.0,125803.0,21908474.992,-0.05447451608662627,174.2099
US.PLTR,Palantir,2026-09-04 14:05:00,174.12,174.1654,174.3234,174.01,0.0,0.0,177398.0,30890009.75,0.028946386009244596,174.115
US.PLTR,Palantir,2026-09-04 14:10:00,174.17,174.367,174.37,174.01,0.0,0.0,191524.0,33356566.679,0.1157520380052438,174.1654
US.PLTR,Palantir,2026-09-04 14:15:00,174.355,174.46,174.72,174.31,0.0,0.0,252338.0,44032288.085,0.05333578027953554,174.367
US.PLTR,Palantir,2026-09-04 14:20:00,174.46,174.7,174.7064,174.46,0.0,0.0,162682.0,28402524.124,0.1375673506820937,174.46
US.PLTR,Palantir,2026-09-04 14:25:00,174.69,174.76,174.93,174.64,0.0,0.0,197069.0,34448437.467,0.034344590726961804,174.7
US.PLTR,Palantir,2026-09-04 14:30:00,174.76,174.8381,174.95,174.72,0.0,0.0,135810.0,23741180.295,0.04468986037995324,174.76
US.PLTR,Palantir,2026-09-04 14:35:00,174.86,174.3801,174.99,174.35,0.0,0.0,234130.0,40913510.135,-0.26195663302220645,174.8381
US.PLTR,Palantir,2026-09-04 14:40:00,174.4,174.35,174.4284,174.3,0.0,0.0,124832.0,21767798.077,-0.017261143903464015,174.3801
US.PLTR,Palantir,2026-09-04 14:45:00,174.36,174.44,174.47,174.34,0.0,0.0,111205.0,19394821.26,0.05162030398623655,174.35
US.PLTR,Palantir,2026-09-04 14:50:00,174.44,174.44,174.4999,174.32,0.0,0.0,86825.0,15143700.915,0.0,174.44
US.PLTR,Palantir,2026-09-04 14:55:00,174.43,174.32,174.56,174.3101,0.0,0.0,107289.0,18713217.641,-0.0687915615684502,174.44
US.PLTR,Palantir,2026-09-04 15:00:00,174.33,174.13,174.3499,174.04,0.0,0.0,174711.0,30429211.436,-0.10899495181275684,174.32
US.PLTR,Palantir,2026-09-04 15:05:00,174.15,173.945,174.235,173.93,0.0,0.0,242660.0,42237211.86,-0.10624246252799764,174.13
US.PLTR,Palantir,2026-09-04 15:10:00,173.95,173.85,173.97,173.8301,0.0,0.0,175517.0,30523109.834,-0.05461496450027242,173.945
US.PLTR,Palantir,2026-09-04 15:15:00,173.85,174.0,174.02,173.84,0.0,0.0,150305.0,26141269.704,0.08628127696290232,173.85
US.PLTR,Palantir,2026-09-04 15:20:00,174.02,173.94,174.19,173.92,0.0,0.0,148855.0,25911905.542,-0.034482758620690966,174.0
US.PLTR,Palantir,2026-09-04 15:25:00,173.92,174.225,174.32,173.9101,0.0,0.0,159564.0,27787194.364,0.16384960331148476,173.94
US.PLTR,Palantir,2026-09-04 15:30:00,174.24,174.32,174.43,174.23,0.0,0.0,155710.0,27146035.371,0.05452719184961909,174.225
US.PLTR,Palantir,2026-09-04 15:35:00,174.33,174.28,174.35,174.0601,0.0,0.0,222767.0,38805595.3,-0.022946305644786624,174.32
US.PLTR,Palantir,2026-09-04 15:40:00,174.2799,173.91,174.2799,173.7797,0.0,0.0,229811.0,39981304.66,-0.21230204268992686,174.28
US.PLTR,Palantir,2026-09-04 15:45:00,173.95,173.95,174.03,173.78,0.0,0.0,179681.0,31248576.044,0.0230004025070393,173.91
US.PLTR,Palantir,2026-09-04 15:50:00,173.98,174.05,174.1,173.84,0.0,0.0,311625.0,54213833.497,0.057487783845945814,173.95
US.PLTR,Palantir,2026-09-04 15:55:00,174.09,174.285,174.5,173.67,0.0,0.0,530004.0,92189148.594,0.1350186727951653,174.05
US.PLTR,Palantir,2026-09-04 16:00:00,174.285,174.33,174.5,174.16,0.0,0.0,4845647.0,844681580.663,0.025819777949918764,174.285
US.PLTR,Palantir,2026-09-04 16:05:00,174.33,174.33,174.46,174.29,0.0,0.0,1421039.0,247731361.6,0.0,174.33
US.PLTR,Palantir,2026-09-04 16:10:00,174.33,174.22,174.3999,174.05,0.0,0.0,37771.0,6581063.612,-0.06309872081684945,174.33
US.PLTR,Palantir,2026-09-04 16:15:00,174.22,174.18,174.22,174.09,0.0,0.0,4998.0,870575.037,-0.022959476523930687,174.22
US.PLTR,Palantir,2026-09-04 16:20:00,174.18,174.11,174.18,174.05,0.0,0.0,42030.0,7324357.148,-0.040188310942699035,174.18
US.PLTR,Palantir,2026-09-04 16:25:00,174.11,174.03,174.11,174.01,0.0,0.0,8948.0,1557440.646,-0.04594796393085549,174.11
US.PLTR,Palantir,2026-09-04 16:30:00,174.03,174.0899,174.09,174.03,0.0,0.0,5130.0,893132.13,0.03441935298511691,174.03
US.PLTR,Palantir,2026-09-04 16:35:00,174.0899,174.0,174.09,174.0,0.0,0.0,5987.0,1042213.272,-0.05163998600722965,174.0899
US.PLTR,Palantir,2026-09-04 16:40:00,174.0,174.09,174.09,174.0,0.0,0.0,10845.0,1888008.496,0.051724137931036446,174.0
US.PLTR,Palantir,2026-09-04 16:45:00,174.09,174.0429,174.11,174.0429,0.0,0.0,6701.0,1166584.778,-0.027054971566431364,174.09
US.PLTR,Palantir,2026-09-04 16:50:00,174.0429,174.0,174.09,174.0,0.0,0.0,7433.0,1293829.478,-0.024649095136890415,174.0429
US.PLTR,Palantir,2026-09-04 16:55:00,174.09,174.06,174.09,174.06,0.0,0.0,101968.0,17775451.894,0.034482758620690966,174.0
US.PLTR,Palantir,2026-09-04 17:00:00,174.06,174.25,174.25,174.04,0.0,0.0,24534.0,4271826.866,0.10915776169136948,174.06
US.PLTR,Palantir,2026-09-04 17:05:00,174.25,174.33,174.4,174.2176,0.0,0.0,3287.0,573038.621,0.04591104734577475,174.25
US.PLTR,Palantir,2026-09-04 17:10:00,174.33,174.3295,174.33,174.2581,0.0,0.0,1806.0,314851.308,-0.00028681236735880126,174.33
US.PLTR,Palantir,2026-09-04 17:15:00,174.3295,174.38,174.38,174.25,0.0,0.0,5544.0,966160.091,0.02896813218646273,174.3295
US.PLTR,Palantir,2026-09-04 17:20:00,174.38,174.43,174.43,174.38,0.0,0.0,15706.0,2738393.556,0.02867301296020838,174.38
US.PLTR,Palantir,2026-09-04 17:25:00,174.43,174.3178,174.43,174.3178,0.0,0.0,234395.0,40862317.735,-0.0643237975118967,174.43
US.PLTR,Palantir,2026-09-04 17:30:00,174.3178,174.3,174.39,174.3,0.0,0.0,1741.0,303616.707,-0.010211234882492804,174.3178
US.PLTR,Palantir,2026-09-04 17:35:00,174.3,174.42,174.42,174.3,0.0,0.0,1402.0,244656.116,0.06884681583475394,174.3
US.PLTR,Palantir,2026-09-04 17:40:00,174.41,174.3291,174.41,174.31,0.0,0.0,1969.0,343310.021,-0.052115583075321895,174.42
US.PLTR,Palantir,2026-09-04 17:45:00,174.3291,174.3983,174.4,174.3291,0.0,0.0,894.0,156040.234,0.03969503657163092,174.3291
US.PLTR,Palantir,2026-09-04 17:50:00,174.3983,174.4,174.43,174.374,0.0,0.0,3813.0,664995.219,0.0009747801440722706,174.3983
US.PLTR,Palantir,2026-09-04 17:55:00,174.4,174.4122,174.4399,174.4,0.0,0.0,1393.0,243036.175,0.006995412844040765,174.4
US.PLTR,Palantir,2026-09-04 18:00:00,174.4122,174.5,174.5,174.4122,0.0,0.0,2156.0,376200.201,0.050340515170376396,174.4122
US.PLTR,Palantir,2026-09-04 18:05:00,174.5,174.4892,174.5,174.4892,0.0,0.0,753.0,131491.931,-0.0061891117478447225,174.5
US.PLTR,Palantir,2026-09-04 18:10:00,174.4892,174.45,174.5,174.45,0.0,0.0,5135.0,895966.845,-0.02246557380056893,174.4892
US.PLTR,Palantir,2026-09-04 18:15:00,174.45,174.4138,174.45,174.4138,0.0,0.0,3279.0,572029.585,-0.02075093149898514,174.45
US.PLTR,Palantir,2026-09-04 18:20:00,174.4138,174.41,174.4138,174.38,0.0,0.0,5476.0,955055.651,-0.002178726683331514,174.4138
US.PLTR,Palantir,2026-09-04 18:25:00,174.41,174.4582,174.4582,174.38,0.0,0.0,1855.0,323624.851,0.027636030044153697,174.41
US.PLTR,Palantir,2026-09-04 18:30:00,174.4582,174.443,174.47,174.3739,0.0,0.0,7918.0,1381440.334,-0.008712688770142646,174.4582
US.PLTR,Palantir,2026-09-04 18:35:00,174.443,174.4544,174.4544,174.367,0.0,0.0,1692.0,295210.929,0.006535085959299333,174.443
US.PLTR,Palantir,2026-09-04 18:40:00,174.4544,174.42,174.4544,174.42,0.0,0.0,919.0,160341.704,-0.01971861988004034,174.4544
US.PLTR,Palantir,2026-09-04 18:45:00,174.42,174.49,174.49,174.42,0.0,0.0,2317.0,404337.225,0.04013301226924757,174.42
US.PLTR,Palantir,2026-09-04 18:50:00,174.49,174.4929,174.4929,174.45,0.0,0.0,1631.0,284602.564,0.0016619863602398894,174.49
US.PLTR,Palantir,2026-09-04 18:55:00,174.4929,174.495,174.495,174.49,0.0,0.0,1339.0,233788.105,0.001203487362530435,174.4929
US.PLTR,Palantir,2026-09-04 19:00:00,174.495,174.5,174.5,174.481,0.0,0.0,1145.0,199835.588,0.0028654116163760865,174.495
US.PLTR,Palantir,2026-09-04 19:05:00,174.5,174.48,174.5,174.48,0.0,0.0,2151.0,375434.4,-0.011461318051581794,174.5
US.PLTR,Palantir,2026-09-04 19:10:00,174.49,174.5483,174.55,174.49,0.0,0.0,3795.0,662480.238,0.03914488766622078,174.48
US.PLTR,Palantir,2026-09-04 19:15:00,174.5483,174.55,174.55,174.53,0.0,0.0,1248.0,217891.836,0.0009739424560420186,174.5483
US.PLTR,Palantir,2026-09-04 19:20:00,174.55,174.48,174.55,174.48,0.0,0.0,2337.0,407842.921,-0.04010312231453544,174.55
US.PLTR,Palantir,2026-09-04 19:25:00,174.48,174.45,174.4943,174.45,0.0,0.0,1129.0,197024.137,-0.017193947730399554,174.48
US.PLTR,Palantir,2026-09-04 19:30:00,174.45,174.4738,174.54,174.45,0.0,0.0,1811.0,316035.377,0.013642877615375576,174.45
US.PLTR,Palantir,2026-09-04 19:35:00,174.4738,174.5077,174.55,174.4738,0.0,0.0,1336.0,233195.997,0.019429851358764752,174.4738
US.PLTR,Palantir,2026-09-04 19:40:00,174.5077,174.51,174.55,174.5077,0.0,0.0,2303.0,404334.547,0.001317993418050371,174.5077
US.PLTR,Palantir,2026-09-04 19:45:00,174.51,174.528,174.53,174.5,0.0,0.0,1902.0,335969.803,0.01031459515214067,174.51
US.PLTR,Palantir,2026-09-04 19:50:00,174.53,174.4501,174.55,174.4501,0.0,0.0,5336.0,931790.068,-0.04463467180051318,174.528
US.PLTR,Palantir,2026-09-04 19:55:00,174.4501,174.48,174.53,174.4501,0.0,0.0,2579.0,452344.126,0.01713957171706856,174.4501
US.PLTR,Palantir,2026-09-04 20:00:00,174.48,174.3989,174.53,174.3989,0.0,0.0,8777.0,1537230.444,-0.04648097203117388,174.48
US.PLTR,Palantir,2026-09-08 04:05:00,174.33,172.73,174.33,172.63,0.0,0.0,98923.0,17185828.37,-0.9569441091658307,174.3989
US.PLTR,Palantir,2026-09-08 04:10:00,172.73,173.2,173.23,172.73,0.0,0.0,4085.0,708142.87,0.27210096682683893,172.73
US.PLTR,Palantir,2026-09-08 04:15:00,173.2,172.97,173.2,172.87,0.0,0.0,4310.0,745626.84,-0.1327944572748209,173.2
US.PLTR,Palantir,2026-09-08 04:20:00,172.97,173.2,173.2,172.97,0.0,0.0,2819.0,488236.188,0.1329710354396657,172.97
US.PLTR,Palantir,2026-09-08 04:25:00,173.2,172.959,173.2,172.959,0.0,0.0,1329.0,230000.414,-0.13914549653578837,173.2
US.PLTR,Palantir,2026-09-08 04:30:00,172.959,173.0,173.0,172.92,0.0,0.0,1461.0,252803.462,0.02370503992275442,172.959
US.PLTR,Palantir,2026-09-08 04:35:00,173.0,172.89,173.0,172.82,0.0,0.0,2975.0,514441.875,-0.06358381502890961,173.0
US.PLTR,Palantir,2026-09-08 04:40:00,172.89,172.92,172.92,172.89,0.0,0.0,1103.0,190774.603,0.017352073572792608,172.89
US.PLTR,Palantir,2026-09-08 04:45:00,172.92,172.7,172.92,172.7,0.0,0.0,1149.0,198689.52,-0.12722646310432506,172.92
US.PLTR,Palantir,2026-09-08 04:50:00,172.7,173.03,173.05,172.7,0.0,0.0,1729.0,299206.921,0.19108280254777793,172.7
US.PLTR,Palantir,2026-09-08 04:55:00,173.03,173.1,173.1,173.03,0.0,0.0,999.0,172868.496,0.040455412356234864,173.03
US.PLTR,Palantir,2026-09-08 05:00:00,173.1,172.85,173.1,172.85,0.0,0.0,633.0,109465.87,-0.14442518775274407,173.1
US.PLTR,Palantir,2026-09-08 05:05:00,172.85,173.0,173.0,172.85,0.0,0.0,1457.0,252152.228,0.08678044547295671,172.85
US.PLTR,Palantir,2026-09-08 05:10:00,173.0,172.93,173.0,172.93,0.0,0.0,432.0,74879.438,-0.04046242774566079,173.0
US.PLTR,Palantir,2026-09-08 05:15:00,172.93,173.0867,173.0867,172.93,0.0,0.0,960.0,166195.722,0.09061469958942966,172.93
US.PLTR,Palantir,2026-09-08 05:20:00,173.0867,173.16,173.16,173.0867,0.0,0.0,7347.0,1272155.013,0.04234871887902943,173.0867
US.PLTR,Palantir,2026-09-08 05:25:00,173.16,173.08,173.17,173.08,0.0,0.0,1822.0,315519.833,-0.04620004620003701,173.16
US.PLTR,Palantir,2026-09-08 05:30:00,173.08,173.14,173.17,173.06,0.0,0.0,2543.0,440595.32,0.034666050381311445,173.08
US.PLTR,Palantir,2026-09-08 05:35:00,173.14,174.26,174.33,173.14,0.0,0.0,46633.0,8111371.606,0.6468753609795568,173.14
US.PLTR,Palantir,2026-09-08 05:40:00,174.26,173.91,174.26,173.8,0.0,0.0,2290.0,398162.105,-0.20084930563525444,174.26
US.PLTR,Palantir,2026-09-08 05:45:00,173.91,173.8,173.91,173.52,0.0,0.0,4119.0,715733.554,-0.06325110689436216,173.91
US.PLTR,Palantir,2026-09-08 05:50:00,173.8,173.8,173.8,173.7,0.0,0.0,2091.0,363302.862,0.0,173.8
US.PLTR,Palantir,2026-09-08 05:55:00,173.8,173.8,173.81,173.64,0.0,0.0,1682.0,292277.954,0.0,173.8
US.PLTR,Palantir,2026-09-08 06:00:00,173.8,173.79,173.8,173.75,0.0,0.0,1136.0,197540.185,-0.005753739930966241,173.8
US.PLTR,Palantir,2026-09-08 06:05:00,173.79,173.85,173.85,173.71,0.0,0.0,753.0,130851.81,0.03452442603141854,173.79
US.PLTR,Palantir,2026-09-08 06:10:00,173.85,173.85,173.85,173.85,0.0,0.0,554.0,96250.112,0.0,173.85
US.PLTR,Palantir,2026-09-08 06:15:00,173.85,173.88,173.88,173.85,0.0,0.0,1000.0,173884.219,0.017256255392580466,173.85
US.PLTR,Palantir,2026-09-08 06:20:00,173.88,174.0452,174.19,173.88,0.0,0.0,2964.0,515951.268,0.0950080515297899,173.88
US.PLTR,Palantir,2026-09-08 06:25:00,174.0452,174.0,174.36,174.0,0.0,0.0,4837.0,842489.743,-0.025970265195474587,174.0452
US.PLTR,Palantir,2026-09-08 06:30:00,174.0,174.0,174.0,174.0,0.0,0.0,965.0,167920.948,0.0,174.0
US.PLTR,Palantir,2026-09-08 06:35:00,174.0,174.13,174.19,174.0,0.0,0.0,1550.0,269925.006,0.07471264367815832,174.0
US.PLTR,Palantir,2026-09-08 06:40:00,174.13,173.81,174.23,173.76,0.0,0.0,7136.0,1241381.972,-0.1837707459943681,174.13
US.PLTR,Palantir,2026-09-08 06:45:00,173.81,173.77,173.81,173.77,0.0,0.0,1890.0,328651.567,-0.023013635579076024,173.81
US.PLTR,Palantir,2026-09-08 06:50:00,173.77,173.75,173.77,173.75,0.0,0.0,3354.0,582795.796,-0.011509466536231933,173.77
US.PLTR,Palantir,2026-09-08 06:55:00,173.75,173.75,173.75,173.75,0.0,0.0,1531.0,265847.089,0.0,173.75
US.PLTR,Palantir,2026-09-08 07:00:00,173.75,174.0,175.412,173.56,0.0,0.0,31969.0,5583084.765,0.14388489208633093,173.75
US.PLTR,Palantir,2026-09-08 07:05:00,174.0,173.49,174.38,173.3063,0.0,0.0,38414.0,6676352.362,-0.2931034482758568,174.0
US.PLTR,Palantir,2026-09-08 07:10:00,173.48,173.7296,173.9999,173.48,0.0,0.0,8271.0,1436253.355,0.13810594270562904,173.49
US.PLTR,Palantir,2026-09-08 07:15:00,173.7296,173.7,174.0365,173.52,0.0,0.0,8604.0,1495874.069,-0.017037971652508425,173.7296
US.PLTR,Palantir,2026-09-08 07:20:00,173.7,173.9549,173.9549,173.6966,0.0,0.0,5465.0,950102.669,0.14674726540012697,173.7
US.PLTR,Palantir,2026-09-08 07:25:00,173.9549,174.0,174.0,173.6,0.0,0.0,3838.0,667092.929,0.025926260197321728,173.9549
US.PLTR,Palantir,2026-09-08 07:30:00,174.0,173.67,174.0,173.6677,0.0,0.0,2817.0,489571.982,-0.18965517241380028,174.0
US.PLTR,Palantir,2026-09-08 07:35:00,173.67,173.85,173.85,173.67,0.0,0.0,2708.0,470729.085,0.1036448436690314,173.67
US.PLTR,Palantir,2026-09-08 07:40:00,173.97,173.97,174.0,173.9424,0.0,0.0,1912.0,332704.492,0.06902502157032187,173.85
US.PLTR,Palantir,2026-09-08 07:45:00,173.97,173.9,174.11,173.9,0.0,0.0,4377.0,761550.94,-0.04023682244064677,173.97
US.PLTR,Palantir,2026-09-08 07:50:00,173.9,173.9314,173.95,173.8,0.0,0.0,5433.0,944571.171,0.018056354226561683,173.9
US.PLTR,Palantir,2026-09-08 07:55:00,173.9314,174.2,174.24,173.8894,0.0,0.0,6926.0,1205605.076,0.15442870005070516,173.9314
US.PLTR,Palantir,2026-09-08 08:00:00,174.2,174.29,174.49,174.2,0.0,0.0,5939.0,1035038.112,0.05166475315729243,174.2
US.PLTR,Palantir,2026-09-08 08:05:00,174.29,174.2,174.4451,174.1,0.0,0.0,8196.0,1428152.425,-0.05163807447358048,174.29
US.PLTR,Palantir,2026-09-08 08:10:00,174.2,174.19,174.2704,174.13,0.0,0.0,2592.0,451605.935,-0.00574052812858261,174.2
US.PLTR,Palantir,2026-09-08 08:15:00,174.19,173.7,174.2471,173.7,0.0,0.0,7361.0,1280933.798,-0.28130202652276776,174.19
US.PLTR,Palantir,2026-09-08 08:20:00,173.7,173.957,173.957,173.6001,0.0,0.0,5209.0,905282.973,0.14795624640184515,173.7
US.PLTR,Palantir,2026-09-08 08:25:00,173.957,174.034,174.21,173.957,0.0,0.0,4857.0,845525.58,0.04426381232143471,173.957
US.PLTR,Palantir,2026-09-08 08:30:00,174.034,174.08,174.1,174.0,0.0,0.0,2491.0,433667.585,0.02643161681052018,174.034
US.PLTR,Palantir,2026-09-08 08:35:00,174.08,173.67,174.08,173.67,0.0,0.0,8490.0,1476334.074,-0.23552389705883786,174.08
US.PLTR,Palantir,2026-09-08 08:40:00,173.67,173.9,173.9,173.6324,0.0,0.0,7826.0,1359656.574,0.13243507802154558,173.67
US.PLTR,Palantir,2026-09-08 08:45:00,173.9,173.53,173.9,173.5,0.0,0.0,8345.0,1449126.869,-0.21276595744681112,173.9
US.PLTR,Palantir,2026-09-08 08:50:00,173.53,173.59,173.7221,173.52,0.0,0.0,5212.0,905117.317,0.034576153979140364,173.53
US.PLTR,Palantir,2026-09-08 08:55:00,173.59,173.6,173.6,173.4465,0.0,0.0,10245.0,1777954.63,0.005760700501175704,173.59
US.PLTR,Palantir,2026-09-08 09:00:00,173.6,173.49,173.73,173.4,0.0,0.0,6039.0,1048166.289,-0.06336405529953065,173.6
US.PLTR,Palantir,2026-09-08 09:05:00,173.49,173.29,173.5,173.14,0.0,0.0,12175.0,2110190.465,-0.11528041962073725,173.49
US.PLTR,Palantir,2026-09-08 09:10:00,173.29,173.2983,173.3,173.21,0.0,0.0,10554.0,1828885.167,0.004789658953211228,173.29
US.PLTR,Palantir,2026-09-08 09:15:00,173.2983,173.38,173.5,173.27,0.0,0.0,12870.0,2231728.823,0.04714414394139104,173.2983
US.PLTR,Palantir,2026-09-08 09:20:00,173.38,173.11,173.38,173.11,0.0,0.0,13576.0,2351851.483,-0.1557273041873237,173.38
US.PLTR,Palantir,2026-09-08 09:25:00,173.11,173.18,173.5,173.09,0.0,0.0,9389.0,1626705.089,0.040436716538613124,173.11
US.PLTR,Palantir,2026-09-08 09:30:00,173.3692,173.4,173.88,172.85,0.0,0.0,50159.0,8690507.842,0.1270354544404659,173.18
US.PLTR,Palantir,2026-09-08 09:35:00,173.6,174.395,175.82,172.93,0.0,0.0,963705.0,167930978.868,0.5738177623990799,173.4
US.PLTR,Palantir,2026-09-08 09:40:00,174.34,173.08,174.66,172.83,0.0,0.0,492640.0,85485556.673,-0.7540353794546849,174.395
US.PLTR,Palantir,2026-09-08 09:45:00,173.09,172.85,173.73,172.75,0.0,0.0,349822.0,60571953.999,-0.1328865264617623,173.08
US.PLTR,Palantir,2026-09-08 09:50:00,172.881,171.915,173.128,171.27,0.0,0.0,691541.0,119101203.39,-0.5409314434480778,172.85
US.PLTR,Palantir,2026-09-08 09:55:00,171.96,172.31,172.3396,170.7,0.0,0.0,540122.0,92565343.149,0.22976470930402249,171.915
US.PLTR,Palantir,2026-09-08 10:00:00,172.325,171.68,172.3699,171.13,0.0,0.0,355962.0,61117217.807,-0.36562010330218525,172.31
US.PLTR,Palantir,2026-09-08 10:05:00,171.7923,171.825,172.12,171.07,0.0,0.0,347438.0,59628094.764,0.08445945945944885,171.68
US.PLTR,Palantir,2026-09-08 10:10:00,171.835,171.7,172.27,171.5,0.0,0.0,261635.0,44960205.224,-0.07274843590862798,171.825
US.PLTR,Palantir,2026-09-08 10:15:00,171.69,172.16,172.67,171.5901,0.0,0.0,260474.0,44882175.867,0.2679091438555667,171.7
US.PLTR,Palantir,2026-09-08 10:20:00,172.165,172.7,172.98,172.06,0.0,0.0,229376.0,39569506.49,0.3136617100371701,172.16
US.PLTR,Palantir,2026-09-08 10:25:00,172.79,172.92,173.38,172.7201,0.0,0.0,322183.0,55752327.019,0.12738853503184647,172.7
US.PLTR,Palantir,2026-09-08 10:30:00,172.915,172.09,172.99,171.94,0.0,0.0,230065.0,39671788.564,-0.4799907471663105,172.92
US.PLTR,Palantir,2026-09-08 10:35:00,172.06,172.63,172.8375,172.03,0.0,0.0,193920.0,33427240.592,0.3137892962984439,172.09
US.PLTR,Palantir,2026-09-08 10:40:00,172.6446,172.92,173.11,172.3901,0.0,0.0,203711.0,35188936.235,0.16798934136592253,172.63
US.PLTR,Palantir,2026-09-08 10:45:00,172.91,172.79,173.01,172.7,0.0,0.0,153028.0,26446460.463,-0.07517927365255347,172.92
US.PLTR,Palantir,2026-09-08 10:50:00,172.768,172.64,172.84,172.23,0.0,0.0,423170.0,73037300.299,-0.08681057931593593,172.79
US.PLTR,Palantir,2026-09-08 10:55:00,172.655,172.73,172.95,172.45,0.0,0.0,317806.0,54893584.659,0.05213160333642459,172.64
US.PLTR,Palantir,2026-09-08 11:00:00,172.74,172.187,172.74,172.025,0.0,0.0,189401.0,32649470.306,-0.3143634574190806,172.73
US.PLTR,Palantir,2026-09-08 11:05:00,172.2,172.12,172.25,171.8501,0.0,0.0,188412.0,32409133.772,-0.03891118377113677,172.187
US.PLTR,Palantir,2026-09-08 11:10:00,172.13,171.95,172.29,171.82,0.0,0.0,118493.0,20382872.34,-0.09876830118522885,172.12
US.PLTR,Palantir,2026-09-08 11:15:00,171.95,172.1199,172.2097,171.85,0.0,0.0,1163511.0,200013343.787,0.09880779296307798,171.95
US.PLTR,Palantir,2026-09-08 11:20:00,172.09,171.905,172.0974,171.85,0.0,0.0,176312.0,30315265.23,-0.12485482503766275,172.1199
US.PLTR,Palantir,2026-09-08 11:25:00,171.92,171.72,171.95,171.41,0.0,0.0,231281.0,39705617.528,-0.10761757947703805,171.905
US.PLTR,Palantir,2026-09-08 11:30:00,171.67,171.27,171.8,171.2505,0.0,0.0,188757.0,32368253.977,-0.26205450733751956,171.72
US.PLTR,Palantir,2026-09-08 11:35:00,171.29,171.515,171.53,171.265,0.0,0.0,181701.0,31139312.853,0.14304898697960888,171.27
US.PLTR,Palantir,2026-09-08 11:40:00,171.515,171.6,171.67,171.42,0.0,0.0,128789.0,22091079.975,0.04955834766638951,171.515
US.PLTR,Palantir,2026-09-08 11:45:00,171.58,171.6399,171.84,171.53,0.0,0.0,141043.0,24214360.442,0.023251748251758242,171.6
US.PLTR,Palantir,2026-09-08 11:50:00,171.65,171.45,171.65,171.39,0.0,0.0,150662.0,25839438.777,-0.11063861025322363,171.6399
US.PLTR,Palantir,2026-09-08 11:55:00,171.5099,171.22,171.5099,171.146,0.0,0.0,165957.0,28437518.066,-0.13414989792941953,171.45
US.PLTR,Palantir,2026-09-08 12:00:00,171.1911,171.24,171.38,171.1201,0.0,0.0,119604.0,20480939.896,0.01168087840206181,171.22
US.PLTR,Palantir,2026-09-08 12:05:00,171.23,171.099,171.26,170.89,0.0,0.0,203202.0,34763227.888,-0.08234057463210671,171.24
US.PLTR,Palantir,2026-09-08 12:10:00,171.09,171.145,171.17,171.0,0.0,0.0,116413.0,19915313.401,0.026885019783879915,171.099
US.PLTR,Palantir,2026-09-08 12:15:00,171.13,171.3201,171.3499,170.9601,0.0,0.0,131044.0,22430237.301,0.10231090595692906,171.145
US.PLTR,Palantir,2026-09-08 12:20:00,171.33,171.035,171.331208,170.9175,0.0,0.0,124321.0,21276303.224,-0.16641363155870206,171.3201
US.PLTR,Palantir,2026-09-08 12:25:00,171.01,170.7,171.13,170.56,0.0,0.0,196058.0,33495335.3,-0.19586634314614432,171.035
US.PLTR,Palantir,2026-09-08 12:30:00,170.66,170.645,170.85,170.6325,0.0,0.0,154694.0,26411639.016,-0.032220269478604804,170.7
US.PLTR,Palantir,2026-09-08 12:35:00,170.654,170.86,170.97,170.65,0.0,0.0,116063.0,19827470.927,0.12599255764892228,170.645
US.PLTR,Palantir,2026-09-08 12:40:00,170.87,171.26,171.29,170.84,0.0,0.0,144214.0,24662620.293,0.23410979749501185,170.86
US.PLTR,Palantir,2026-09-08 12:45:00,171.29,171.585,171.615,171.1508,0.0,0.0,164175.0,28128118.058,0.18976994044144405,171.26
US.PLTR,Palantir,2026-09-08 12:50:00,171.61,171.77,171.8,171.38,0.0,0.0,160463.0,27539958.636,0.10781828248390143,171.585
US.PLTR,Palantir,2026-09-08 12:55:00,171.81,172.03,172.12,171.755,0.0,0.0,154131.0,26502948.916,0.1513651976480124,171.77
US.PLTR,Palantir,2026-09-08 13:00:00,172.03,171.74,172.05,171.6281,0.0,0.0,207784.0,35713969.685,-0.1685752485031634,172.03
US.PLTR,Palantir,2026-09-08 13:05:00,171.7378,171.7301,171.93,171.59,0.0,0.0,215810.0,37064497.428,-0.005764527774552234,171.74
US.PLTR,Palantir,2026-09-08 13:10:00,171.7301,172.06,172.14,171.68,0.0,0.0,125481.0,21570849.004,0.19210377214012522,171.7301
US.PLTR,Palantir,2026-09-08 13:15:00,172.08,172.055,172.135,171.93,0.0,0.0,104997.0,18062286.662,-0.002905963036147537,172.06
US.PLTR,Palantir,2026-09-08 13:20:00,172.06,171.8832,172.31,171.775,0.0,0.0,136797.0,23540968.717,-0.09985179157828532,172.055
US.PLTR,Palantir,2026-09-08 13:25:00,171.89,172.04,172.11,171.81,0.0,0.0,132306.0,22745458.22,0.09122473865974338,171.8832
US.PLTR,Palantir,2026-09-08 13:30:00,172.07,172.035,172.09,171.85,0.0,0.0,127432.0,21915382.484,-0.0029063008602624118,172.04
US.PLTR,Palantir,2026-09-08 13:35:00,172.055,172.12,172.1635,171.88,0.0,0.0,113483.0,19521108.772,0.049408550585641274,172.035
US.PLTR,Palantir,2026-09-08 13:40:00,172.13,172.1501,172.31,172.09,0.0,0.0,117614.0,20253432.041,0.01748779920985618,172.12
US.PLTR,Palantir,2026-09-08 13:45:00,172.15,171.79,172.15,171.79,0.0,0.0,131752.0,22650271.573,-0.20917792089578624,172.1501
US.PLTR,Palantir,2026-09-08 13:50:00,171.79,171.835,172.06,171.79,0.0,0.0,88668.0,15246456.764,0.026194772687592946,171.79
US.PLTR,Palantir,2026-09-08 13:55:00,171.8217,171.7624,171.85,171.73,0.0,0.0,81457.0,13993683.666,-0.04224983268833138,171.835
US.PLTR,Palantir,2026-09-08 14:00:00,171.82,171.7453,171.84,171.65,0.0,0.0,91827.0,15770091.759,-0.009955613102767338,171.7624
US.PLTR,Palantir,2026-09-08 14:05:00,171.8,171.655,171.84,171.65,0.0,0.0,79045.0,13575024.288,-0.052577858025800395,171.7453
US.PLTR,Palantir,2026-09-08 14:10:00,171.655,171.66,171.82,171.62,0.0,0.0,85154.0,14621432.832,0.0029128193178150664,171.655
US.PLTR,Palantir,2026-09-08 14:15:00,171.66,171.5991,171.74,171.58,0.0,0.0,70068.0,12028588.688,-0.035477105907027684,171.66
US.PLTR,Palantir,2026-09-08 14:20:00,171.59,171.61,171.6533,171.49,0.0,0.0,104421.0,17914716.1,0.006352014666755701,171.5991
US.PLTR,Palantir,2026-09-08 14:25:00,171.58,171.54,171.62,171.45,0.0,0.0,75219.0,12903601.961,-0.040790163743384185,171.61
US.PLTR,Palantir,2026-09-08 14:30:00,171.55,171.275,171.55,171.22,0.0,0.0,113952.0,19522186.986,-0.15448291943569217,171.54
US.PLTR,Palantir,2026-09-08 14:35:00,171.27,171.015,171.32,170.901,0.0,0.0,223718.0,38270016.119,-0.15180265654650082,171.275
US.PLTR,Palantir,2026-09-08 14:40:00,171.0,170.87,171.0437,170.81,0.0,0.0,108563.0,18556409.591,-0.08478788410372295,171.015
US.PLTR,Palantir,2026-09-08 14:45:00,170.865,171.0511,171.25,170.83,0.0,0.0,128551.0,21985864.805,0.10598700766663925,170.87
US.PLTR,Palantir,2026-09-08 14:50:00,171.085,170.32,171.12,170.2,0.0,0.0,278186.0,47476939.69,-0.42741613471062034,171.0511
US.PLTR,Palantir,2026-09-08 14:55:00,170.32,170.82,170.9499,170.31,0.0,0.0,145544.0,24836744.839,0.29356505401597,170.32
US.PLTR,Palantir,2026-09-08 15:00:00,170.825,170.69,170.9,170.6518,0.0,0.0,117849.0,20125760.462,-0.07610350076103235,170.82
US.PLTR,Palantir,2026-09-08 15:05:00,170.71,170.62,170.77,170.5929,0.0,0.0,225387.0,38482593.846,-0.04101001816157548,170.69
US.PLTR,Palantir,2026-09-08 15:10:00,170.617,170.65,170.835,170.51,0.0,0.0,108938.0,18592288.799,0.017582932833197243,170.62
US.PLTR,Palantir,2026-09-08 15:15:00,170.64,170.86,170.87,170.57,0.0,0.0,154930.0,26444585.727,0.12305889246997243,170.65
US.PLTR,Palantir,2026-09-08 15:20:00,170.86,170.36,170.91,170.33,0.0,0.0,129940.0,22175274.834,-0.29263724686878145,170.86
US.PLTR,Palantir,2026-09-08 15:25:00,170.35,170.405,170.52,170.3,0.0,0.0,130508.0,22239523.886,0.026414651326595148,170.36
US.PLTR,Palantir,2026-09-08 15:30:00,170.395,170.6,170.65,170.3601,0.0,0.0,213774.0,36458292.933,0.11443326193479837,170.405
US.PLTR,Palantir,2026-09-08 15:35:00,170.6,170.9,170.9209,170.5501,0.0,0.0,439456.0,75011367.067,0.17584994138335955,170.6
US.PLTR,Palantir,2026-09-08 15:40:00,170.92,170.565,170.966,170.49,0.0,0.0,252438.0,43088919.657,-0.19602106495026794,170.9
US.PLTR,Palantir,2026-09-08 15:45:00,170.55,170.2797,170.575,170.18,0.0,0.0,269707.0,45953012.698,-0.1672676105883426,170.565
US.PLTR,Palantir,2026-09-08 15:50:00,170.28,170.32,170.41,170.18,0.0,0.0,258587.0,44037792.039,0.023666943270396885,170.2797
US.PLTR,Palantir,2026-09-08 15:55:00,170.32,170.23,170.81,170.0,0.0,0.0,515503.0,87813119.858,-0.05284170972287659,170.32
US.PLTR,Palantir,2026-09-08 16:00:00,170.21,170.3,170.36,170.02,0.0,0.0,4361634.0,742650789.404,0.04112083651531551,170.23
US.PLTR,Palantir,2026-09-08 16:05:00,170.3,170.5998,170.62,170.26,0.0,0.0,2130800.0,362878054.357,0.17604227833234073,170.3
US.PLTR,Palantir,2026-09-08 16:10:00,170.5998,170.42,170.6,170.381,0.0,0.0,17146.0,2922015.37,-0.1053928550912722,170.5998
US.PLTR,Palantir,2026-09-08 16:15:00,170.42,170.3077,170.42,170.25,0.0,0.0,11084.0,1887992.507,-0.06589602159369576,170.42
US.PLTR,Palantir,2026-09-08 16:20:00,170.3077,170.39,170.39,170.3,0.0,0.0,255682.0,43542770.54,0.04832429772698191,170.3077
US.PLTR,Palantir,2026-09-08 16:25:00,170.39,170.4,170.45,170.35,0.0,0.0,5126.0,873186.042,0.005868889019319988,170.39
US.PLTR,Palantir,2026-09-08 16:30:00,170.4,170.5,170.5999,170.4,0.0,0.0,9331.0,1591402.522,0.058685446009386334,170.4
US.PLTR,Palantir,2026-09-08 16:35:00,170.5,170.5,170.5,170.45,0.0,0.0,1912.0,326037.963,0.0,170.5
US.PLTR,Palantir,2026-09-08 16:40:00,170.5,170.5,170.52,170.5,0.0,0.0,3916.0,667636.974,0.0,170.5
US.PLTR,Palantir,2026-09-08 16:45:00,170.5,170.6,170.6,170.5,0.0,0.0,8828.0,1505625.405,0.05865102639295855,170.5
US.PLTR,Palantir,2026-09-08 16:50:00,170.6,170.6481,170.65,170.58,0.0,0.0,7912.0,1350061.562,0.028194607268467255,170.6
US.PLTR,Palantir,2026-09-08 16:55:00,170.6481,170.6,170.6481,170.5286,0.0,0.0,36205.0,6166637.736,-0.028186660150335774,170.6481
US.PLTR,Palantir,2026-09-08 17:00:00,170.6,170.7,170.74,170.6,0.0,0.0,3708.0,631963.11,0.05861664712778096,170.6
US.PLTR,Palantir,2026-09-08 17:05:00,170.7,170.6567,170.7275,170.64,0.0,0.0,2351.0,400086.191,-0.025366139425886294,170.7
US.PLTR,Palantir,2026-09-08 17:10:00,170.6567,170.71,170.72,170.64,0.0,0.0,4807.0,820563.965,0.031232292667095537,170.6567
US.PLTR,Palantir,2026-09-08 17:15:00,170.71,170.52,170.71,170.5169,0.0,0.0,12279.0,2094224.831,-0.11129986526858282,170.71
US.PLTR,Palantir,2026-09-08 17:20:00,170.52,170.52,170.52,170.5,0.0,0.0,1504.0,256503.546,0.0,170.52
US.PLTR,Palantir,2026-09-08 17:25:00,170.52,170.5,170.54,170.48,0.0,0.0,5234.0,892625.982,-0.011728829462825609,170.52
US.PLTR,Palantir,2026-09-08 17:30:00,170.5,170.6,170.6,170.5,0.0,0.0,1084.0,184982.557,0.05865102639295855,170.5
US.PLTR,Palantir,2026-09-08 17:35:00,170.5,170.65,170.65,170.5,0.0,0.0,2479.0,422606.866,0.02930832356389881,170.6
US.PLTR,Palantir,2026-09-08 17:40:00,170.65,170.65,170.6882,170.56,0.0,0.0,46077.0,7847813.56,0.0,170.65
US.PLTR,Palantir,2026-09-08 17:45:00,170.65,170.68,170.68,170.62,0.0,0.0,2762.0,471332.454,0.017579841781424632,170.65
US.PLTR,Palantir,2026-09-08 17:50:00,170.68,170.6496,170.68,170.56,0.0,0.0,1914.0,326279.355,-0.017811108507156323,170.68
US.PLTR,Palantir,2026-09-08 17:55:00,170.6496,170.63,170.65,170.62,0.0,0.0,1847.0,315204.501,-0.01148552355235345,170.6496
US.PLTR,Palantir,2026-09-08 18:00:00,170.63,170.6,170.63,170.6,0.0,0.0,4225.0,720968.988,-0.017581902361836217,170.63
US.PLTR,Palantir,2026-09-08 18:05:00,170.6,170.58,170.6,170.5,0.0,0.0,7805.0,1331417.534,-0.011723329425546197,170.6
US.PLTR,Palantir,2026-09-08 18:10:00,170.58,170.6,170.64,170.58,0.0,0.0,2886.0,492110.532,0.011724703951214567,170.58
US.PLTR,Palantir,2026-09-08 18:15:00,170.6,170.6,170.62,170.5801,0.0,0.0,2124.0,361993.196,0.0,170.6
US.PLTR,Palantir,2026-09-08 18:20:00,170.6,170.59,170.627,170.59,0.0,0.0,2073.0,353784.982,-0.005861664712773098,170.6
US.PLTR,Palantir,2026-09-08 18:25:00,170.59,170.5942,170.6,170.5,0.0,0.0,2421.0,412921.295,0.002462043496100192,170.59
US.PLTR,Palantir,2026-09-08 18:30:00,170.5942,170.63,170.63,170.5938,0.0,0.0,1176.0,200769.59,0.020985473128626135,170.5942
US.PLTR,Palantir,2026-09-08 18:35:00,170.63,170.63,170.63,170.6,0.0,0.0,1391.0,237428.301,0.0,170.63
US.PLTR,Palantir,2026-09-08 18:40:00,170.63,170.615,170.63,170.6032,0.0,0.0,1658.0,282913.937,-0.00879095118090978,170.63
US.PLTR,Palantir,2026-09-08 18:45:00,170.615,170.64,170.64,170.6062,0.0,0.0,2363.0,403241.874,0.014652873428465997,170.615
US.PLTR,Palantir,2026-09-08 18:50:00,170.64,170.7,170.7,170.64,0.0,0.0,2505.0,427692.046,0.035161744022504854,170.64
US.PLTR,Palantir,2026-09-08 18:55:00,170.7,170.7,170.74,170.7,0.0,0.0,2254.0,384944.187,0.0,170.7
US.PLTR,Palantir,2026-09-08 19:00:00,170.7,170.8,170.8,170.7,0.0,0.0,3957.0,675943.133,0.058582308142954155,170.7
US.PLTR,Palantir,2026-09-08 19:05:00,170.8,170.71,170.8,170.71,0.0,0.0,1854.0,316587.394,-0.05269320843091534,170.8
US.PLTR,Palantir,2026-09-08 19:10:00,170.71,170.746,170.77,170.66,0.0,0.0,2234.0,381456.344,0.021088395524574637,170.71
US.PLTR,Palantir,2026-09-08 19:15:00,170.7462,170.73,170.7593,170.61,0.0,0.0,3179.0,542797.555,-0.009370644114661283,170.746
US.PLTR,Palantir,2026-09-08 19:20:00,170.73,170.644,170.75,170.644,0.0,0.0,2040.0,348245.409,-0.05037193229074229,170.73
US.PLTR,Palantir,2026-09-08 19:25:00,170.644,170.5969,170.65,170.5969,0.0,0.0,2889.0,492988.577,-0.027601322050585055,170.644
US.PLTR,Palantir,2026-09-08 19:30:00,170.5969,170.53,170.5969,170.53,0.0,0.0,1528.0,260666.972,-0.03921524951508729,170.5969
US.PLTR,Palantir,2026-09-08 19:35:00,170.53,170.55,170.55,170.53,0.0,0.0,761.0,129891.765,0.011728141675957445,170.53
US.PLTR,Palantir,2026-09-08 19:40:00,170.55,170.6723,170.6723,170.55,0.0,0.0,2238.0,382010.019,0.07170917619466176,170.55
US.PLTR,Palantir,2026-09-08 19:45:00,170.6723,170.5304,170.6723,170.517,0.0,0.0,1057.0,180378.031,-0.08314178692149869,170.6723
US.PLTR,Palantir,2026-09-08 19:50:00,170.5304,170.6,170.6585,170.51,0.0,0.0,2338.0,398846.488,0.04081383729822268,170.5304
US.PLTR,Palantir,2026-09-08 19:55:00,170.6,170.6,170.6746,170.6,0.0,0.0,2812.0,479782.243,0.0,170.6
US.PLTR,Palantir,2026-09-08 20:00:00,170.6,170.64,170.684,170.5732,0.0,0.0,3870.0,660445.156,0.02344665885110905,170.6
US.PLTR,Palantir,2026-09-09 04:05:00,170.3,170.76,171.16,170.3,0.0,0.0,45280.0,7742583.9,0.07032348804500971,170.64
US.PLTR,Palantir,2026-09-09 04:10:00,170.76,171.25,171.3,170.76,0.0,0.0,6042.0,1034479.397,0.2869524478800709,170.76
US.PLTR,Palantir,2026-09-09 04:15:00,171.25,171.3,171.36,171.25,0.0,0.0,2414.0,413596.399,0.029197080291977442,171.25
US.PLTR,Palantir,2026-09-09 04:20:00,171.3,171.2,171.3,171.2,0.0,0.0,541.0,92657.634,-0.05837711617047445,171.3
US.PLTR,Palantir,2026-09-09 04:25:00,171.2,171.3,171.5,171.2,0.0,0.0,1842.0,315705.173,0.058411214953284316,171.2
US.PLTR,Palantir,2026-09-09 04:30:00,171.3,171.58,171.58,171.3,0.0,0.0,3078.0,527615.096,0.16345592527729197,171.3
US.PLTR,Palantir,2026-09-09 04:35:00,171.58,171.49,171.58,171.4199,0.0,0.0,2354.0,403670.959,-0.05245366592843187,171.58
US.PLTR,Palantir,2026-09-09 04:40:00,171.49,171.27,171.6,171.2279,0.0,0.0,4707.0,806887.558,-0.12828736369467542,171.49
US.PLTR,Palantir,2026-09-09 04:45:00,171.27,171.24,171.3,171.13,0.0,0.0,2033.0,348129.609,-0.017516202487301416,171.27
US.PLTR,Palantir,2026-09-09 04:50:00,171.24,171.3,171.3,171.24,0.0,0.0,1448.0,248113.707,0.035038542396637624,171.24
US.PLTR,Palantir,2026-09-09 04:55:00,171.3,171.3,171.3,171.3,0.0,0.0,336.0,57670.873,0.0,171.3
US.PLTR,Palantir,2026-09-09 05:00:00,171.3,171.39,171.39,171.3,0.0,0.0,582.0,99782.523,0.05253940455340046,171.3
US.PLTR,Palantir,2026-09-09 05:05:00,171.39,171.39,171.39,171.39,0.0,0.0,472.0,80941.063,0.0,171.39
US.PLTR,Palantir,2026-09-09 05:10:00,171.39,171.23,171.39,171.23,0.0,0.0,1630.0,279232.651,-0.09335433805939472,171.39
US.PLTR,Palantir,2026-09-09 05:15:00,171.23,171.23,171.23,171.23,0.0,0.0,1090.0,186673.864,0.0,171.23
US.PLTR,Palantir,2026-09-09 05:20:00,171.23,171.31,171.31,171.23,0.0,0.0,4916.0,842173.847,0.04672078490919378,171.23
US.PLTR,Palantir,2026-09-09 05:25:00,171.31,171.17,171.3334,171.17,0.0,0.0,2558.0,437979.332,-0.08172319187438841,171.31
US.PLTR,Palantir,2026-09-09 05:30:00,171.17,171.16,171.17,171.13,0.0,0.0,1060.0,181389.387,-0.0058421452357252475,171.17
US.PLTR,Palantir,2026-09-09 05:35:00,171.16,171.018,171.16,171.018,0.0,0.0,1115.0,190758.99,-0.08296330918438649,171.16
US.PLTR,Palantir,2026-09-09 05:40:00,171.018,171.2,171.2,171.0,0.0,0.0,2311.0,395429.365,0.10642154626997623,171.018
US.PLTR,Palantir,2026-09-09 05:45:00,171.2,171.3,171.3,171.17,0.0,0.0,3138.0,537346.887,0.058411214953284316,171.2
US.PLTR,Palantir,2026-09-09 05:50:00,171.3,171.22,171.3,171.22,0.0,0.0,866.0,148300.705,-0.046701692936376236,171.3
US.PLTR,Palantir,2026-09-09 05:55:00,171.22,171.03,171.29,171.03,0.0,0.0,1667.0,285489.172,-0.1109683448195291,171.22
US.PLTR,Palantir,2026-09-09 06:00:00,171.03,170.86,171.0954,170.86,0.0,0.0,1900.0,324941.209,-0.09939776647371074,171.03
US.PLTR,Palantir,2026-09-09 06:05:00,170.86,170.94,170.94,170.76,0.0,0.0,1875.0,320320.368,0.04682195949899571,170.86
US.PLTR,Palantir,2026-09-09 06:10:00,170.94,170.88,171.04,170.88,0.0,0.0,3265.0,558423.637,-0.03510003510003643,170.94
US.PLTR,Palantir,2026-09-09 06:15:00,170.88,170.96,171.0,170.88,0.0,0.0,1463.0,250221.782,0.04681647940075638,170.88
US.PLTR,Palantir,2026-09-09 06:20:00,171.04,171.08,171.08,170.92,0.0,0.0,2908.0,497324.644,0.07019185774450429,170.96
US.PLTR,Palantir,2026-09-09 06:25:00,171.08,171.19,171.19,171.08,0.0,0.0,1242.0,212579.085,0.064297404722928,171.08
US.PLTR,Palantir,2026-09-09 06:30:00,171.19,171.19,171.19,171.19,0.0,0.0,353.0,60533.098,0.0,171.19
US.PLTR,Palantir,2026-09-09 06:35:00,171.19,171.16,171.19,171.16,0.0,0.0,634.0,108487.66,-0.017524388106782602,171.19
US.PLTR,Palantir,2026-09-09 06:40:00,171.16,171.074,171.16,171.074,0.0,0.0,477.0,81695.489,-0.05024538443560663,171.16
US.PLTR,Palantir,2026-09-09 06:45:00,171.074,170.91,171.28,170.91,0.0,0.0,1525.0,260948.423,-0.09586494733274237,171.074
US.PLTR,Palantir,2026-09-09 06:50:00,170.91,170.8,170.91,170.8,0.0,0.0,3090.0,527968.006,-0.06436135977999252,170.91
US.PLTR,Palantir,2026-09-09 06:55:00,170.8,170.9,170.9,170.69,0.0,0.0,1368.0,233691.952,0.05854800936767817,170.8
US.PLTR,Palantir,2026-09-09 07:00:00,170.81,170.94,170.97,170.78,0.0,0.0,3349.0,572366.399,0.023405500292564094,170.9
US.PLTR,Palantir,2026-09-09 07:05:00,170.94,171.2,171.2,170.6501,0.0,0.0,38728.0,6619593.927,0.15210015210014677,170.94
US.PLTR,Palantir,2026-09-09 07:10:00,171.25,171.5,171.5,171.0192,0.0,0.0,12514.0,2143589.145,0.17523364485981974,171.2
US.PLTR,Palantir,2026-09-09 07:15:00,171.5,171.45,171.5673,171.4,0.0,0.0,9762.0,1674151.344,-0.029154518950443947,171.5
US.PLTR,Palantir,2026-09-09 07:20:00,171.45,171.2081,171.45,171.15,0.0,0.0,6835.0,1170826.28,-0.14109069699620116,171.45
US.PLTR,Palantir,2026-09-09 07:25:00,171.2081,171.5,171.5,171.1416,0.0,0.0,3254.0,557538.203,0.1704942698388676,171.2081
US.PLTR,Palantir,2026-09-09 07:30:00,171.5,171.4346,171.5,171.3,0.0,0.0,1957.0,335545.385,-0.03813411078717843,171.5
US.PLTR,Palantir,2026-09-09 07:35:00,171.4346,171.33,171.4675,171.25,0.0,0.0,3007.0,515402.358,-0.061014520989331494,171.4346
US.PLTR,Palantir,2026-09-09 07:40:00,171.33,171.26,171.3998,171.2,0.0,0.0,3581.0,613384.609,-0.040856826008300706,171.33
US.PLTR,Palantir,2026-09-09 07:45:00,171.26,171.2,171.37,171.2,0.0,0.0,3625.0,620941.019,-0.03503445054303531,171.26
US.PLTR,Palantir,2026-09-09 07:50:00,171.1,171.3,171.3,171.0,0.0,0.0,7173.0,1227154.64,0.058411214953284316,171.2
US.PLTR,Palantir,2026-09-09 07:55:00,171.3,171.48,171.5,171.1746,0.0,0.0,8644.0,1481960.12,0.10507880910681751,171.3
US.PLTR,Palantir,2026-09-09 08:00:00,171.48,170.9747,171.48,170.9747,0.0,0.0,5087.0,871002.264,-0.29466993235361383,171.48
US.PLTR,Palantir,2026-09-09 08:05:00,170.9747,171.12,171.12,170.9747,0.0,0.0,1022.0,174947.859,0.08498333379148597,170.9747
US.PLTR,Palantir,2026-09-09 08:10:00,171.12,171.2719,171.36,171.12,0.0,0.0,3546.0,607508.308,0.08876811594201933,171.12
US.PLTR,Palantir,2026-09-09 08:15:00,171.2719,171.0492,171.38,171.0328,0.0,0.0,4492.0,769255.08,-0.13002716732865977,171.2719
US.PLTR,Palantir,2026-09-09 08:20:00,171.0492,170.7895,171.0492,170.7895,0.0,0.0,9304.0,1590426.53,-0.15182766128108718,171.0492
US.PLTR,Palantir,2026-09-09 08:25:00,170.7895,170.86,170.95,170.77,0.0,0.0,3978.0,679814.658,0.041278884240547445,170.7895
US.PLTR,Palantir,2026-09-09 08:30:00,170.86,171.0,171.0,170.86,0.0,0.0,2980.0,509548.079,0.08193842912325082,170.86
US.PLTR,Palantir,2026-09-09 08:35:00,170.915,171.0,171.0,170.77,0.0,0.0,6525.0,1115275.228,0.0,171.0
US.PLTR,Palantir,2026-09-09 08:40:00,171.0,171.0538,171.19,170.93,0.0,0.0,6662.0,1139465.268,0.03146198830409088,171.0
US.PLTR,Palantir,2026-09-09 08:45:00,171.044,171.07,171.1686,171.0,0.0,0.0,12228.0,2091891.818,0.009470704538570773,171.0538
US.PLTR,Palantir,2026-09-09 08:50:00,171.07,171.1,171.1299,171.02,0.0,0.0,2369.0,405335.36,0.017536680890864055,171.07
US.PLTR,Palantir,2026-09-09 08:55:00,171.1,171.2,171.2,171.09,0.0,0.0,6839.0,1170682.805,0.05844535359438593,171.1
US.PLTR,Palantir,2026-09-09 09:00:00,171.2,171.37,171.48,171.12,0.0,0.0,15618.0,2675775.195,0.09929906542057004,171.2
US.PLTR,Palantir,2026-09-09 09:05:00,171.37,171.44,171.5,171.2707,0.0,0.0,12644.0,2167672.015,0.04084728949057197,171.37
US.PLTR,Palantir,2026-09-09 09:10:00,171.44,171.42,171.5,171.35,0.0,0.0,10961.0,1879201.623,-0.011665888940743253,171.44
US.PLTR,Palantir,2026-09-09 09:15:00,171.42,171.3,171.5,171.3,0.0,0.0,606886.0,103360302.319,-0.07000350017499483,171.42
US.PLTR,Palantir,2026-09-09 09:20:00,171.3,170.9459,171.348,170.9,0.0,0.0,12175.0,2083368.293,-0.20671336835961276,171.3
US.PLTR,Palantir,2026-09-09 09:25:00,170.9459,170.84,171.0,170.7714,0.0,0.0,9052.0,1546858.041,-0.06194942376505739,170.9459
US.PLTR,Palantir,2026-09-09 09:30:00,170.84,171.3,171.59,170.6,0.0,0.0,17129.0,2933594.388,0.269257785062051,170.84
US.PLTR,Palantir,2026-09-09 09:35:00,171.47,170.448,171.6,169.38,0.0,0.0,695116.0,118564564.643,-0.4973730297723315,171.3
US.PLTR,Palantir,2026-09-09 09:40:00,170.54,170.36,170.8,169.8405,0.0,0.0,303415.0,51657117.132,-0.0516286492067926,170.448
US.PLTR,Palantir,2026-09-09 09:45:00,170.331591,169.87,170.55,169.5001,0.0,0.0,367233.0,62463211.416,-0.2876262033341213,170.36
US.PLTR,Palantir,2026-09-09 09:50:00,169.89,170.16,170.4799,169.54,0.0,0.0,426137.0,72458357.921,0.1707187849531948,169.87
US.PLTR,Palantir,2026-09-09 09:55:00,170.08,169.05,170.14,168.8,0.0,0.0,485588.0,82278245.319,-0.6523272214386373,170.16
US.PLTR,Palantir,2026-09-09 10:00:00,169.05,168.95,169.23,168.82,0.0,0.0,358435.0,60581118.7,-0.05915409642119061,169.05
US.PLTR,Palantir,2026-09-09 10:05:00,168.98,169.575,169.6,168.74,0.0,0.0,324954.0,54955748.262,0.36993193252441553,168.95
US.PLTR,Palantir,2026-09-09 10:10:00,169.575,169.155,169.62,169.0101,0.0,0.0,191960.0,32490050.226,-0.24767801857584404,169.575
US.PLTR,Palantir,2026-09-09 10:15:00,169.145,169.09,169.36,168.82,0.0,0.0,196625.0,33246842.732,-0.03842629540953429,169.155
US.PLTR,Palantir,2026-09-09 10:20:00,169.1199,168.86,169.2,168.61,0.0,0.0,285975.0,48283668.669,-0.13602223667868577,169.09
US.PLTR,Palantir,2026-09-09 10:25:00,168.87,168.935,169.1797,168.8,0.0,0.0,211205.0,35693176.319,0.044415492123646,168.86
US.PLTR,Palantir,2026-09-09 10:30:00,168.93,169.48,169.7337,168.93,0.0,0.0,249988.0,42353654.55,0.3226092875958135,168.935
US.PLTR,Palantir,2026-09-09 10:35:00,169.48,170.3772,170.718,169.48,0.0,0.0,505551.0,85989635.438,0.5293839981118704,169.48
US.PLTR,Palantir,2026-09-09 10:40:00,170.4199,171.72,171.83,170.39,0.0,0.0,688094.0,117833020.971,0.7881336235130117,170.3772
US.PLTR,Palantir,2026-09-09 10:45:00,171.72,171.155,171.8599,171.0101,0.0,0.0,315149.0,54013350.235,-0.3290239925460038,171.72
US.PLTR,Palantir,2026-09-09 10:50:00,171.15,170.92,171.1573,170.5,0.0,0.0,249541.0,42631906.183,-0.13730244515206314,171.155
US.PLTR,Palantir,2026-09-09 10:55:00,170.925,170.875,170.9999,170.53,0.0,0.0,254605.0,43464868.962,-0.026328106716585243,170.92
US.PLTR,Palantir,2026-09-09 11:00:00,170.875,170.835,171.141,170.5731,0.0,0.0,219960.0,37588640.179,-0.023408924652519116,170.875
US.PLTR,Palantir,2026-09-09 11:05:00,170.89,170.23,170.97,170.12,0.0,0.0,241843.0,41252461.242,-0.3541428864108749,170.835
US.PLTR,Palantir,2026-09-09 11:10:00,170.26,169.99,170.27,169.81,0.0,0.0,231984.0,39437182.059,-0.14098572519531263,170.23
US.PLTR,Palantir,2026-09-09 11:15:00,170.0299,169.95,170.2899,169.8,0.0,0.0,151348.0,25728361.98,-0.02353079592918434,169.99
US.PLTR,Palantir,2026-09-09 11:20:00,169.91,170.3,170.39,169.8925,0.0,0.0,144372.0,24561754.942,0.2059429243895397,169.95
US.PLTR,Palantir,2026-09-09 11:25:00,170.26,170.3,170.43,170.16,0.0,0.0,153041.0,26062534.357,0.0,170.3
US.PLTR,Palantir,2026-09-09 11:30:00,170.27,170.746717,170.78,170.1501,0.0,0.0,147027.0,25061727.719,0.2623118027011029,170.3
US.PLTR,Palantir,2026-09-09 11:35:00,170.742,171.05,171.12,170.6106,0.0,0.0,194968.0,33315414.478,0.17762157031694012,170.746717
US.PLTR,Palantir,2026-09-09 11:40:00,171.0764,171.408,171.53,170.97,0.0,0.0,242231.0,41493670.651,0.20929552762348766,171.05
US.PLTR,Palantir,2026-09-09 11:45:00,171.365,171.384,171.4399,170.8321,0.0,0.0,157904.0,27015558.531,-0.014001680201624728,171.408
US.PLTR,Palantir,2026-09-09 11:50:00,171.31,170.4306,171.41,170.35,0.0,0.0,160405.0,27415715.403,-0.5562946366055104,171.384
US.PLTR,Palantir,2026-09-09 11:55:00,170.41,170.785,170.9,170.4,0.0,0.0,127859.0,21818661.713,0.20794387862273456,170.4306
US.PLTR,Palantir,2026-09-09 12:00:00,170.785,170.71,170.8478,170.6101,0.0,0.0,80286.0,13707637.043,-0.04391486371753294,170.785
US.PLTR,Palantir,2026-09-09 12:05:00,170.71,170.8599,171.0362,170.57,0.0,0.0,115198.0,19676671.098,0.08780973580926855,170.71
US.PLTR,Palantir,2026-09-09 12:10:00,170.815,170.6,171.0,170.6,0.0,0.0,81723.0,13962474.494,-0.15211292995022002,170.8599
US.PLTR,Palantir,2026-09-09 12:15:00,170.595,170.72,170.9499,170.55,0.0,0.0,63553.0,10851403.197,0.07033997655334381,170.6
US.PLTR,Palantir,2026-09-09 12:20:00,170.72,170.56,170.944,170.56,0.0,0.0,111281.0,19003598.966,-0.09372071227741131,170.72
US.PLTR,Palantir,2026-09-09 12:25:00,170.59,170.6,170.785,170.54,0.0,0.0,77915.0,13296660.702,0.023452157598494394,170.56
US.PLTR,Palantir,2026-09-09 12:30:00,170.64,170.4,170.68,170.3,0.0,0.0,101168.0,17245031.863,-0.11723329425556192,170.6
US.PLTR,Palantir,2026-09-09 12:35:00,170.39,170.51,170.67,170.251,0.0,0.0,90418.0,15412050.13,0.06455399061031997,170.4
US.PLTR,Palantir,2026-09-09 12:40:00,170.54,170.69,170.72,170.5,0.0,0.0,83817.0,14299625.043,0.10556565597326072,170.51
US.PLTR,Palantir,2026-09-09 12:45:00,170.71,170.69,170.75,170.58,0.0,0.0,63216.0,10788306.962,0.0,170.69
US.PLTR,Palantir,2026-09-09 12:50:00,170.7,170.63,170.84,170.59,0.0,0.0,68810.0,11747013.273,-0.03515144413849802,170.69
US.PLTR,Palantir,2026-09-09 12:55:00,170.64,170.92,170.935,170.64,0.0,0.0,74476.0,12722159.198,0.16995838949773898,170.63
US.PLTR,Palantir,2026-09-09 13:00:00,170.89,170.935,171.24,170.89,0.0,0.0,137998.0,23607956.838,0.008776035572206168,170.92
US.PLTR,Palantir,2026-09-09 13:05:00,170.89,170.84,171.13,170.795,0.0,0.0,120517.0,20600806.83,-0.05557668119460547,170.935
US.PLTR,Palantir,2026-09-09 13:10:00,170.8189,170.83,171.0799,170.8189,0.0,0.0,91000.0,15557762.227,-0.005853430110039162,170.84
US.PLTR,Palantir,2026-09-09 13:15:00,170.83,171.128,171.128,170.7801,0.0,0.0,64930.0,11099114.615,0.17444242814492383,170.83
US.PLTR,Palantir,2026-09-09 13:20:00,171.11,171.095,171.3,171.0007,0.0,0.0,94468.0,16170562.379,-0.019283810948522183,171.128
US.PLTR,Palantir,2026-09-09 13:25:00,171.115,170.87,171.18,170.75,0.0,0.0,95904.0,16392913.159,-0.13150588854145026,171.095
US.PLTR,Palantir,2026-09-09 13:30:00,170.89,170.77,170.92,170.621,0.0,0.0,69601.0,11888484.672,-0.05852402411189461,170.87
US.PLTR,Palantir,2026-09-09 13:35:00,170.7401,170.857342,170.93,170.7,0.0,0.0,64538.0,11023946.777,0.051145985828879935,170.77
US.PLTR,Palantir,2026-09-09 13:40:00,170.87,170.605,170.87,170.5,0.0,0.0,118249.0,20182480.952,-0.14769163387781062,170.857342
US.PLTR,Palantir,2026-09-09 13:45:00,170.615,170.95,170.955,170.615,0.0,0.0,67127.0,11465380.29,0.2022215058175311,170.605
US.PLTR,Palantir,2026-09-09 13:50:00,170.98,170.72,171.02,170.6468,0.0,0.0,64671.0,11048353.611,-0.13454226381982437,170.95
US.PLTR,Palantir,2026-09-09 13:55:00,170.71,170.63,170.7345,170.5678,0.0,0.0,54666.0,9328682.439,-0.052717900656046986,170.72
US.PLTR,Palantir,2026-09-09 14:00:00,170.63,170.66,170.67,170.47,0.0,0.0,76722.0,13085978.063,0.017581902361836217,170.63
US.PLTR,Palantir,2026-09-09 14:05:00,170.655,170.7859,170.79,170.535,0.0,0.0,90312.0,15410688.067,0.07377241298488307,170.66
US.PLTR,Palantir,2026-09-09 14:10:00,170.76,170.5,170.81,170.5,0.0,0.0,55057.0,9397613.41,-0.16740257831589028,170.7859
US.PLTR,Palantir,2026-09-09 14:15:00,170.54,170.46,170.65,170.42,0.0,0.0,52483.0,8949297.275,-0.023460410557180084,170.5
US.PLTR,Palantir,2026-09-09 14:20:00,170.47,170.51,170.61,170.4,0.0,0.0,65009.0,11083871.043,0.029332394696693034,170.46
US.PLTR,Palantir,2026-09-09 14:25:00,170.47,170.43,170.58,170.42,0.0,0.0,52021.0,8870233.352,-0.04691806932143809,170.51
US.PLTR,Palantir,2026-09-09 14:30:00,170.47,170.41,170.54,170.3201,0.0,0.0,102269.0,17429477.453,-0.011735023176676776,170.43
US.PLTR,Palantir,2026-09-09 14:35:00,170.43,170.225,170.44,170.2001,0.0,0.0,46421.0,7908980.99,-0.1085617041253461,170.41
US.PLTR,Palantir,2026-09-09 14:40:00,170.2,170.26,170.32,170.12,0.0,0.0,111529.0,18984937.793,0.02056102217652906,170.225
US.PLTR,Palantir,2026-09-09 14:45:00,170.26,170.41,170.46,170.235,0.0,0.0,96395.0,16418647.098,0.08810055209679649,170.26
US.PLTR,Palantir,2026-09-09 14:50:00,170.405,170.25,170.46,170.24,0.0,0.0,57679.0,9826146.824,-0.09389120356786373,170.41
US.PLTR,Palantir,2026-09-09 14:55:00,170.25,170.145,170.35,170.145,0.0,0.0,56335.0,9592338.578,-0.06167400881056668,170.25
US.PLTR,Palantir,2026-09-09 15:00:00,170.135,170.17,170.28,170.135,0.0,0.0,1047824.0,178024820.152,0.014693349789871734,170.145
US.PLTR,Palantir,2026-09-09 15:05:00,170.19,170.185,170.28,170.0512,0.0,0.0,1086739.0,184961039.838,0.008814714697076325,170.17
US.PLTR,Palantir,2026-09-09 15:10:00,170.2,170.05,170.29,170.03,0.0,0.0,81751.0,13912177.458,-0.07932543996238851,170.185
US.PLTR,Palantir,2026-09-09 15:15:00,170.0301,170.0,170.1798,169.9823,0.0,0.0,98578.0,16764601.065,-0.0294031167303801,170.05
US.PLTR,Palantir,2026-09-09 15:20:00,170.01,169.975,170.14,169.87,0.0,0.0,112241.0,19077696.692,-0.01470588235294452,170.0
US.PLTR,Palantir,2026-09-09 15:25:00,169.985,169.895,170.055,169.8,0.0,0.0,114001.0,19372059.258,-0.04706574496248512,169.975
US.PLTR,Palantir,2026-09-09 15:30:00,169.895,170.185,170.185,169.88,0.0,0.0,81619.0,13879509.152,0.17069366373347775,169.895
US.PLTR,Palantir,2026-09-09 15:35:00,170.1601,170.28,170.5799,170.1601,0.0,0.0,171492.0,29222342.384,0.05582160589946169,170.185
US.PLTR,Palantir,2026-09-09 15:40:00,170.2907,170.1488,170.35,170.09,0.0,0.0,104104.0,17722643.727,-0.07704956542166247,170.28
US.PLTR,Palantir,2026-09-09 15:45:00,170.1,170.04,170.16,169.99,0.0,0.0,101931.0,17335954.544,-0.0639440301665379,170.1488
US.PLTR,Palantir,2026-09-09 15:50:00,170.01,170.09,170.14,169.895,0.0,0.0,146662.0,24931936.697,0.029404845918614076,170.04
US.PLTR,Palantir,2026-09-09 15:55:00,170.09,169.87,170.09,169.41,0.0,0.0,389152.0,66030248.305,-0.1293432888470803,170.09
US.PLTR,Palantir,2026-09-09 16:00:00,169.83,169.53,169.8308,169.45,0.0,0.0,2814423.0,477165766.509,-0.20015305822099452,169.87
US.PLTR,Palantir,2026-09-09 16:05:00,169.53,169.7101,169.8,169.51,0.0,0.0,1415713.0,240008112.185,0.10623488468118336,169.53
US.PLTR,Palantir,2026-09-09 16:10:00,169.7101,169.6598,169.7101,169.52,0.0,0.0,146169.0,24780809.361,-0.029638778128126333,169.7101
US.PLTR,Palantir,2026-09-09 16:15:00,169.6598,169.67,169.8,169.65,0.0,0.0,8388.0,1423368.625,0.006012031135246856,169.6598
US.PLTR,Palantir,2026-09-09 16:20:00,169.67,169.8,169.8,169.67,0.0,0.0,2685.0,455833.631,0.07661931985620551,169.67
US.PLTR,Palantir,2026-09-09 16:25:00,169.8,169.7919,169.81,169.7328,0.0,0.0,8129.0,1379151.059,-0.004770318021209126,169.8
US.PLTR,Palantir,2026-09-09 16:30:00,169.7514,169.73,169.8001,169.73,0.0,0.0,4046.0,686734.258,-0.0364563916182153,169.7919
US.PLTR,Palantir,2026-09-09 16:35:00,169.73,169.72,169.88,169.72,0.0,0.0,9012.0,1530742.978,-0.0058917103635131715,169.73
US.PLTR,Palantir,2026-09-09 16:40:00,169.72,169.72,169.76,169.72,0.0,0.0,1432.0,243195.804,0.0,169.72
US.PLTR,Palantir,2026-09-09 16:45:00,169.72,169.64,169.72,169.6055,0.0,0.0,4660.0,790741.227,-0.047136460051857475,169.72
US.PLTR,Palantir,2026-09-09 16:50:00,169.64,169.6499,169.66,169.622,0.0,0.0,2014.0,341705.024,0.0058358877623296435,169.64
US.PLTR,Palantir,2026-09-09 16:55:00,169.6499,169.67,169.67,169.6499,0.0,0.0,1223.0,207638.628,0.011847929176489422,169.6499
US.PLTR,Palantir,2026-09-09 17:00:00,169.67,169.7869,169.7869,169.67,0.0,0.0,2857.0,484979.004,0.0688984499322304,169.67
US.PLTR,Palantir,2026-09-09 17:05:00,169.71,169.79,169.8,169.71,0.0,0.0,3508.0,595567.215,0.001825818128482953,169.7869
US.PLTR,Palantir,2026-09-09 17:10:00,169.79,169.8,169.8,169.7809,0.0,0.0,923.0,156799.8,0.005889628364461587,169.79
US.PLTR,Palantir,2026-09-09 17:15:00,169.8,169.7627,169.8,169.75,0.0,0.0,3502.0,594426.752,-0.021967020023566607,169.8
US.PLTR,Palantir,2026-09-09 17:20:00,169.768,169.7662,169.7899,169.7618,0.0,0.0,1320.0,224144.922,0.0020617014220453028,169.7627
US.PLTR,Palantir,2026-09-09 17:25:00,169.7662,169.79,169.79,169.7662,0.0,0.0,1193.0,202717.162,0.01401928063418647,169.7662
US.PLTR,Palantir,2026-09-09 17:30:00,169.79,169.7,169.79,169.6,0.0,0.0,2590.0,439561.875,-0.053006655280053834,169.79
US.PLTR,Palantir,2026-09-09 17:35:00,169.7,169.7,169.7,169.7,0.0,0.0,194.0,32959.786,0.0,169.7
US.PLTR,Palantir,2026-09-09 17:40:00,169.7,169.7,169.7,169.7,0.0,0.0,631.0,107207.672,0.0,169.7
US.PLTR,Palantir,2026-09-09 17:45:00,169.7,169.66,169.7,169.66,0.0,0.0,802.0,136215.687,-0.0235710076605728,169.7
US.PLTR,Palantir,2026-09-09 17:50:00,169.6402,169.63,169.7271,169.6233,0.0,0.0,1674.0,284054.873,-0.017682423670871823,169.66
US.PLTR,Palantir,2026-09-09 17:55:00,169.63,169.72,169.72,169.63,0.0,0.0,6791.0,1151531.157,0.05305665271473407,169.63
US.PLTR,Palantir,2026-09-09 18:00:00,169.72,169.7,169.72,169.7,0.0,0.0,141053.0,23912952.519,-0.011784115012968555,169.72
US.PLTR,Palantir,2026-09-09 18:05:00,169.7,169.6064,169.75,169.6064,0.0,0.0,1918.0,325430.356,-0.05515615792574002,169.7
US.PLTR,Palantir,2026-09-09 18:10:00,169.6064,169.47,169.6064,169.47,0.0,0.0,5209.0,883048.215,-0.08042149352855137,169.6064
US.PLTR,Palantir,2026-09-09 18:15:00,169.47,169.46,169.47,169.45,0.0,0.0,1025.0,173801.08,-0.005900749395167821,169.47
US.PLTR,Palantir,2026-09-09 18:20:00,169.46,169.42,169.5018,169.41,0.0,0.0,3208.0,543695.005,-0.023604390416629564,169.46
US.PLTR,Palantir,2026-09-09 18:25:00,169.42,169.5,169.58,169.4078,0.0,0.0,4058.0,687714.409,0.047219926809120835,169.42
US.PLTR,Palantir,2026-09-09 18:30:00,169.5,169.55,169.55,169.5,0.0,0.0,1767.0,299627.695,0.02949852507375302,169.5
US.PLTR,Palantir,2026-09-09 18:35:00,169.6201,169.6,169.6201,169.6,0.0,0.0,1337.0,226907.963,0.02948982601001648,169.55
US.PLTR,Palantir,2026-09-09 18:40:00,169.6,169.61,169.61,169.4917,0.0,0.0,784.0,132969.756,0.0058962264151057354,169.6
US.PLTR,Palantir,2026-09-09 18:45:00,169.61,169.55,169.61,169.55,0.0,0.0,665.0,112803.198,-0.03537527268439495,169.61
US.PLTR,Palantir,2026-09-09 18:50:00,169.5254,169.5051,169.59,169.47,0.0,0.0,3292.0,558188.453,-0.02648186375701126,169.55
US.PLTR,Palantir,2026-09-09 18:55:00,169.5051,169.51,169.51,169.5051,0.0,0.0,8275.0,1402696.614,0.002890768478347928,169.5051
US.PLTR,Palantir,2026-09-09 19:00:00,169.51,169.53,169.5408,169.5,0.0,0.0,5004.0,848408.499,0.011798713940186558,169.51
US.PLTR,Palantir,2026-09-09 19:05:00,169.53,169.51,169.6,169.51,0.0,0.0,1473.0,249902.914,-0.011797322007910241,169.53
US.PLTR,Palantir,2026-09-09 19:10:00,169.51,169.53,169.54,169.51,0.0,0.0,1408.0,238738.319,0.011798713940186558,169.51
US.PLTR,Palantir,2026-09-09 19:15:00,169.53,169.52,169.53,169.52,0.0,0.0,1877.0,318275.987,-0.005898661003946738,169.53
US.PLTR,Palantir,2026-09-09 19:20:00,169.52,169.61,169.61,169.52,0.0,0.0,2674.0,453497.818,0.05309108069844467,169.52
US.PLTR,Palantir,2026-09-09 19:25:00,169.61,169.6591,169.6591,169.59,0.0,0.0,998.0,169387.401,0.02894876481338452,169.61
US.PLTR,Palantir,2026-09-09 19:30:00,169.6591,169.65,169.6591,169.65,0.0,0.0,2877.0,488255.24,-0.005363696966440026,169.6591
US.PLTR,Palantir,2026-09-09 19:35:00,169.65,169.6845,169.6999,169.6111,0.0,0.0,3899.0,661631.435,0.02033598585323219,169.65
US.PLTR,Palantir,2026-09-09 19:40:00,169.6845,169.35,169.7,169.35,0.0,0.0,9838.0,1667794.726,-0.19713055700433438,169.6845
US.PLTR,Palantir,2026-09-09 19:45:00,169.35,169.68,169.68,169.35,0.0,0.0,1479.0,250866.233,0.1948627103631606,169.35
US.PLTR,Palantir,2026-09-09 19:50:00,169.68,169.6202,169.68,169.6,0.0,0.0,797.0,135153.694,-0.03524280999528267,169.68
US.PLTR,Palantir,2026-09-09 19:55:00,169.6202,169.64,169.64,169.5108,0.0,0.0,2931.0,497009.613,0.011673137987088312,169.6202
US.PLTR,Palantir,2026-09-09 20:00:00,169.64,169.79,169.79,169.6093,0.0,0.0,1919.0,325530.032,0.08842254185333984,169.64
US.PLTR,Palantir,2026-09-10 04:05:00,169.53,169.09,169.77,169.05,0.0,0.0,10731.0,1817904.378,-0.4122739855115075,169.79
US.PLTR,Palantir,2026-09-10 04:10:00,169.0878,169.09,169.56,169.03,0.0,0.0,2210.0,374121.797,0.0,169.09
US.PLTR,Palantir,2026-09-10 04:15:00,169.1,169.1962,169.1962,169.05,0.0,0.0,166.0,28074.92,0.06280678928381404,169.09
US.PLTR,Palantir,2026-09-10 04:20:00,169.05,169.1922,169.2,169.05,0.0,0.0,107.0,18142.828,-0.002364119288725561,169.1962
US.PLTR,Palantir,2026-09-10 04:25:00,169.16,169.2,169.2,169.0537,0.0,0.0,102.0,17258.46,0.004610141602257501,169.1922
US.PLTR,Palantir,2026-09-10 04:30:00,169.1052,169.2,169.2,169.0863,0.0,0.0,170.0,28815.827,0.0,169.2
US.PLTR,Palantir,2026-09-10 04:35:00,169.05,169.36,169.36,169.05,0.0,0.0,305.0,51650.797,0.0945626477541519,169.2
US.PLTR,Palantir,2026-09-10 04:40:00,169.36,169.22,169.36,169.2,0.0,0.0,25.0,4385.838,-0.08266414737837433,169.36
US.PLTR,Palantir,2026-09-10 04:45:00,169.29,169.0003,169.29,169.0,0.0,0.0,287.0,48650.955,-0.12983098924476355,169.22
US.PLTR,Palantir,2026-09-10 04:50:00,169.0,168.9012,169.13,168.9012,0.0,0.0,404.0,68420.457,-0.05863894916164129,169.0003
US.PLTR,Palantir,2026-09-10 04:55:00,168.95,168.88,169.1097,168.88,0.0,0.0,81.0,13730.286,-0.01255171662486307,168.9012
US.PLTR,Palantir,2026-09-10 05:00:00,168.88,168.87,168.93,168.73,0.0,0.0,556.0,93971.901,-0.005921364282325264,168.88
US.PLTR,Palantir,2026-09-10 05:05:00,168.92,169.23,170.99,168.85,0.0,0.0,18079.0,3069355.7,0.2131817374311513,168.87
US.PLTR,Palantir,2026-09-10 05:10:00,169.23,169.15,169.4739,169.04,0.0,0.0,1268.0,214503.846,-0.047272942149727645,169.23
US.PLTR,Palantir,2026-09-10 05:15:00,169.02,169.21,169.31,168.85,0.0,0.0,1870.0,316008.848,0.03547147502217102,169.15
US.PLTR,Palantir,2026-09-10 05:20:00,169.0,169.25,169.94,168.9772,0.0,0.0,3421.0,579305.456,0.02363926481885943,169.21
US.PLTR,Palantir,2026-09-10 05:25:00,169.34,169.07,169.4,169.0333,0.0,0.0,800.0,135403.317,-0.10635155096012221,169.25
US.PLTR,Palantir,2026-09-10 05:30:00,169.08,169.0,169.3631,168.97,0.0,0.0,1184.0,200263.441,-0.04140296918435747,169.07
US.PLTR,Palantir,2026-09-10 05:35:00,169.0656,169.02,169.0656,168.77,0.0,0.0,2127.0,359136.33,0.011834319526633273,169.0
US.PLTR,Palantir,2026-09-10 05:40:00,169.02,168.84,169.02,168.8,0.0,0.0,1160.0,195946.159,-0.10649627263046195,169.02
US.PLTR,Palantir,2026-09-10 05:45:00,168.9,168.97,169.28,168.82,0.0,0.0,143.0,24283.955,0.07699597251835788,168.84
US.PLTR,Palantir,2026-09-10 05:50:00,169.06,168.82,169.29,168.7975,0.0,0.0,1652.0,279070.965,-0.088773154997932,168.97
US.PLTR,Palantir,2026-09-10 05:55:00,169.0,169.28,169.28,168.85,0.0,0.0,1477.0,249567.371,0.27247956403270224,168.82
US.PLTR,Palantir,2026-09-10 06:00:00,169.01,169.01,169.28,169.0,0.0,0.0,77.0,13020.985,-0.15949905482042193,169.28
US.PLTR,Palantir,2026-09-10 06:05:00,169.25,169.15,169.25,169.0,0.0,0.0,96.0,16234.841,0.08283533518727577,169.01
US.PLTR,Palantir,2026-09-10 06:10:00,169.29,169.14,169.29,168.87,0.0,0.0,741.0,125334.442,-0.005911912503706371,169.15
US.PLTR,Palantir,2026-09-10 06:15:00,169.09,169.29,169.29,168.99,0.0,0.0,49.0,8420.851,0.08868393047180188,169.14
US.PLTR,Palantir,2026-09-10 06:20:00,169.09,169.11,169.29,169.01,0.0,0.0,58.0,9801.43,-0.10632642211588303,169.29
US.PLTR,Palantir,2026-09-10 06:25:00,169.0742,168.95,169.11,168.88,0.0,0.0,569.0,96226.684,-0.09461297380404766,169.11
US.PLTR,Palantir,2026-09-10 06:30:00,169.01,168.98,169.11,168.84,0.0,0.0,2320.0,392052.727,0.01775673276117262,168.95
US.PLTR,Palantir,2026-09-10 06:35:00,168.98,168.87,168.98,168.77,0.0,0.0,415.0,70115.656,-0.06509646111965038,168.98
US.PLTR,Palantir,2026-09-10 06:40:00,168.87,169.0,169.1419,168.84,0.0,0.0,391.0,66050.013,0.07698229407236067,168.87
US.PLTR,Palantir,2026-09-10 06:45:00,169.134,169.0,169.134,169.0,0.0,0.0,613.0,103705.476,0.0,169.0
US.PLTR,Palantir,2026-09-10 06:50:00,169.0,168.8419,169.09,168.83,0.0,0.0,742.0,125368.533,-0.09355029585798247,169.0
US.PLTR,Palantir,2026-09-10 06:55:00,169.0,168.8,169.07,168.8,0.0,0.0,709.0,119816.08,-0.02481611495724596,168.8419
US.PLTR,Palantir,2026-09-10 07:00:00,168.8,168.8012,169.12,168.76,0.0,0.0,764.0,129158.628,0.0007109004739235737,168.8
US.PLTR,Palantir,2026-09-10 07:05:00,168.965,168.98,169.13,168.6603,0.0,0.0,2763.0,466614.048,0.10592341760603326,168.8012
US.PLTR,Palantir,2026-09-10 07:10:00,169.05,168.6922,169.05,168.68,0.0,0.0,3677.0,620897.892,-0.17031601372942115,168.98
US.PLTR,Palantir,2026-09-10 07:15:00,168.86,168.65,169.05,168.61,0.0,0.0,3723.0,628186.58,-0.025015975842397117,168.6922
US.PLTR,Palantir,2026-09-10 07:20:00,168.8499,168.85,169.0,168.67,0.0,0.0,737.0,124442.096,0.11858879335902082,168.65
US.PLTR,Palantir,2026-09-10 07:25:00,168.77,168.97,168.99,168.67,0.0,0.0,4207.0,710603.246,0.07106899615043208,168.85
US.PLTR,Palantir,2026-09-10 07:30:00,168.99,168.84,168.99,168.75,0.0,0.0,1242.0,209851.815,-0.07693673433153546,168.97
US.PLTR,Palantir,2026-09-10 07:35:00,168.9,168.99,168.99,168.736,0.0,0.0,1162.0,196265.585,0.08884150675195789,168.84
US.PLTR,Palantir,2026-09-10 07:40:00,168.99,168.95,168.99,168.8099,0.0,0.0,527.0,89102.115,-0.023670039647328518,168.99
US.PLTR,Palantir,2026-09-10 07:45:00,168.95,168.8883,168.99,168.81,0.0,0.0,977.0,165103.415,-0.036519680378811405,168.95
US.PLTR,Palantir,2026-09-10 07:50:00,168.85,168.5507,168.9,168.5,0.0,0.0,10533.0,1776591.172,-0.1998954338459092,168.8883
US.PLTR,Palantir,2026-09-10 07:55:00,168.5585,168.37,168.62,168.29,0.0,0.0,1867.0,314476.453,-0.10720809821614602,168.5507
US.PLTR,Palantir,2026-09-10 08:00:00,168.3492,168.28,168.35,168.17,0.0,0.0,8745.0,1471436.911,-0.053453703153770515,168.37
US.PLTR,Palantir,2026-09-10 08:05:00,168.18,168.1485,168.35,168.1,0.0,0.0,13096.0,2202798.857,-0.07814357024006917,168.28
US.PLTR,Palantir,2026-09-10 08:10:00,168.28,168.11,168.35,168.01,0.0,0.0,2227.0,374672.076,-0.02289642785989711,168.1485
US.PLTR,Palantir,2026-09-10 08:15:00,168.057,168.1714,168.3,168.02,0.0,0.0,2292.0,385418.151,0.03652370471714467,168.11
US.PLTR,Palantir,2026-09-10 08:20:00,168.11,168.0184,168.31,167.86,0.0,0.0,11448.0,1923495.325,-0.09097860872894653,168.1714
US.PLTR,Palantir,2026-09-10 08:25:00,167.94,167.92,168.11,167.86,0.0,0.0,3149.0,529215.073,-0.0585650143079725,168.0184
US.PLTR,Palantir,2026-09-10 08:30:00,167.9882,167.82,167.993,167.7124,0.0,0.0,4513.0,757814.545,-0.05955216769890086,167.92
US.PLTR,Palantir,2026-09-10 08:35:00,167.828,166.46,167.87,166.46,0.0,0.0,16908.0,2828828.819,-0.8103920867596146,167.82
US.PLTR,Palantir,2026-09-10 08:40:00,166.6537,166.5964,167.0,166.44,0.0,0.0,21115.0,3518195.155,0.08194160759340414,166.46
US.PLTR,Palantir,2026-09-10 08:45:00,166.63,166.62,166.77,166.26,0.0,0.0,17857.0,2972602.498,0.014165972373962495,166.5964
US.PLTR,Palantir,2026-09-10 08:50:00,166.5,166.47,166.62,166.07,0.0,0.0,13211.0,2196793.665,-0.09002520705797964,166.62
US.PLTR,Palantir,2026-09-10 08:55:00,166.47,166.34,166.7,166.07,0.0,0.0,13900.0,2311210.613,-0.07809214873550517,166.47
US.PLTR,Palantir,2026-09-10 09:00:00,166.32,165.95,166.32,165.93,0.0,0.0,12879.0,2139257.618,-0.23445954069978045,166.34
US.PLTR,Palantir,2026-09-10 09:05:00,165.96,166.3686,166.41,165.75,0.0,0.0,12183.0,2023483.939,0.2522446520036143,165.95
US.PLTR,Palantir,2026-09-10 09:10:00,166.36,166.127,166.4,166.02,0.0,0.0,9547.0,1587227.054,-0.1452197109310152,166.3686
US.PLTR,Palantir,2026-09-10 09:15:00,166.127,166.35,166.5,166.127,0.0,0.0,5801.0,964920.048,0.13423465180252742,166.127
US.PLTR,Palantir,2026-09-10 09:20:00,166.35,166.25,166.5,166.12,0.0,0.0,6114.0,1017186.857,-0.06011421701232,166.35
US.PLTR,Palantir,2026-09-10 09:25:00,166.36,166.3673,166.45,166.15,0.0,0.0,4403.0,732598.83,0.07055639097744372,166.25
US.PLTR,Palantir,2026-09-10 09:30:00,166.45,167.47,167.6,166.01,0.0,0.0,28354.0,4729277.616,0.6628105402924725,166.3673
US.PLTR,Palantir,2026-09-10 09:35:00,167.54,166.09,167.54,166.03,0.0,0.0,588873.0,98261228.787,-0.8240281841523829,167.47
US.PLTR,Palantir,2026-09-10 09:40:00,166.09,165.93,166.1523,164.55,0.0,0.0,726063.0,120034788.995,-0.09633331326389102,166.09
US.PLTR,Palantir,2026-09-10 09:45:00,165.92,165.885,166.24,165.42,0.0,0.0,351484.0,58301970.784,-0.02711986982463443,165.93
