code,name,time_key,open,close,high,low,pe_ratio,turnover_rate,volume,turnover,change_rate,last_close
US.QQQM,Invesco NASDAQ 100 ETF,2026-08-25 19:10:00,292.74,292.74,292.74,292.74,0.0,0.0,292.0,85475.995,0.0,292.74
US.QQQM,Invesco NASDAQ 100 ETF,2026-08-25 19:15:00,292.74,292.73,292.74,292.73,0.0,0.0,125.0,36589.942,-0.003416000546556981,292.74
US.QQQM,Invesco NASDAQ 100 ETF,2026-08-25 19:20:00,292.73,292.6249,292.73,292.6249,0.0,0.0,317.0,92766.774,-0.03590339220441809,292.73
US.QQQM,Invesco NASDAQ 100 ETF,2026-08-25 19:25:00,292.6249,292.6249,292.6249,292.6249,0.0,0.0,240.0,70223.11,0.0,292.6249
US.QQQM,Invesco NASDAQ 100 ETF,2026-08-25 19:30:00,292.6249,292.6249,292.6249,292.6249,0.0,0.0,133.0,38894.381,0.0,292.6249
US.QQQM,Invesco NASDAQ 100 ETF,2026-08-25 19:35:00,292.6249,292.6249,292.6249,292.6249,0.0,0.0,147.0,43146.698,0.0,292.6249
US.QQQM,Invesco NASDAQ 100 ETF,2026-08-25 19:40:00,292.6249,292.6249,292.6249,292.6249,0.0,0.0,88.0,25727.636,0.0,292.6249
US.QQQM,Invesco NASDAQ 100 ETF,2026-08-25 19:45:00,292.6249,292.6249,292.6249,292.6249,0.0,0.0,175.0,51138.337,0.0,292.6249
US.QQQM,Invesco NASDAQ 100 ETF,2026-08-25 19:50:00,292.6249,292.6249,292.6249,292.6249,0.0,0.0,87.0,25432.997,0.0,292.6249
US.QQQM,Invesco NASDAQ 100 ETF,2026-08-25 19:55:00,292.6249,292.0685,292.6249,292.0,0.0,0.0,371.0,108347.113,-0.19014103037713237,292.6249
US.QQQM,Invesco NASDAQ 100 ETF,2026-08-25 20:00:00,292.0685,292.0685,292.0685,292.0685,0.0,0.0,86.0,25120.81,0.0,292.0685
US.QQQM,Invesco NASDAQ 100 ETF,2026-08-26 04:05:00,292.66,292.05,292.66,291.96,0.0,0.0,20526.0,6001878.024,-0.00633413052073758,292.0685
US.QQQM,Invesco NASDAQ 100 ETF,2026-08-26 04:10:00,292.05,292.1297,292.1297,292.05,0.0,0.0,337.0,98591.846,0.027289847628831552,292.05
US.QQQM,Invesco NASDAQ 100 ETF,2026-08-26 04:15:00,292.1297,292.18,292.18,292.1297,0.0,0.0,223.0,65334.724,0.01721837937053059,292.1297
US.QQQM,Invesco NASDAQ 100 ETF,2026-08-26 04:20:00,292.18,292.15,292.18,292.15,0.0,0.0,370.0,108104.499,-0.010267643233633226,292.18
US.QQQM,Invesco NASDAQ 100 ETF,2026-08-26 04:25:00,292.15,291.8,292.15,291.8,0.0,0.0,145.0,42335.6,-0.11980147184664244,292.15
US.QQQM,Invesco NASDAQ 100 ETF,2026-08-26 04:30:00,291.8,291.8,291.8,291.8,0.0,0.0,67.0,19647.996,0.0,291.8
US.QQQM,Invesco NASDAQ 100 ETF,2026-08-26 04:35:00,291.8,291.8,291.8,291.8,0.0,0.0,21.0,6137.133,0.0,291.8
US.QQQM,Invesco NASDAQ 100 ETF,2026-08-26 04:40:00,291.8,292.27,292.27,291.8,0.0,0.0,198.0,57895.009,0.16106922549690555,291.8
US.QQQM,Invesco NASDAQ 100 ETF,2026-08-26 04:45:00,292.27,292.33,292.33,292.27,0.0,0.0,125.0,36541.425,0.020528962945222662,292.27
US.QQQM,Invesco NASDAQ 100 ETF,2026-08-26 04:50:00,292.33,292.35,292.35,292.33,0.0,0.0,896.0,262038.16,0.00684158314235236,292.33
US.QQQM,Invesco NASDAQ 100 ETF,2026-08-26 04:55:00,292.35,292.35,292.35,292.35,0.0,0.0,247.0,72202.768,0.0,292.35
US.QQQM,Invesco NASDAQ 100 ETF,2026-08-26 05:00:00,292.35,292.35,292.35,292.35,0.0,0.0,243.0,71034.272,0.0,292.35
US.QQQM,Invesco NASDAQ 100 ETF,2026-08-26 05:05:00,292.35,292.14,292.35,292.14,0.0,0.0,587.0,171546.447,-0.07183170856850911,292.35
US.QQQM,Invesco NASDAQ 100 ETF,2026-08-26 05:10:00,292.14,292.14,292.14,292.14,0.0,0.0,84.0,24697.652,0.0,292.14
US.QQQM,Invesco NASDAQ 100 ETF,2026-08-26 05:15:00,292.14,292.12,292.14,292.12,0.0,0.0,701.0,204805.431,-0.0068460327240301945,292.14
US.QQQM,Invesco NASDAQ 100 ETF,2026-08-26 05:20:00,292.12,292.12,292.12,292.12,0.0,0.0,249.0,72778.472,0.0,292.12
US.QQQM,Invesco NASDAQ 100 ETF,2026-08-26 05:25:00,292.09,292.07,292.09,292.07,0.0,0.0,747.0,218178.941,-0.017116253594417145,292.12
US.QQQM,Invesco NASDAQ 100 ETF,2026-08-26 05:30:00,292.07,291.92,292.07,291.9,0.0,0.0,888.0,259225.364,-0.05135755127194756,292.07
US.QQQM,Invesco NASDAQ 100 ETF,2026-08-26 05:35:00,291.92,291.92,291.92,291.92,0.0,0.0,58.0,16948.833,0.0,291.92
US.QQQM,Invesco NASDAQ 100 ETF,2026-08-26 05:40:00,291.92,291.92,291.92,291.92,0.0,0.0,73.0,21316.14,0.0,291.92
US.QQQM,Invesco NASDAQ 100 ETF,2026-08-26 05:45:00,291.92,291.92,291.92,291.92,0.0,0.0,131.0,38260.754,0.0,291.92
US.QQQM,Invesco NASDAQ 100 ETF,2026-08-26 05:50:00,291.92,292.16,292.16,291.92,0.0,0.0,814.0,238023.6,0.08221430528912342,291.92
US.QQQM,Invesco NASDAQ 100 ETF,2026-08-26 05:55:00,292.16,292.16,292.16,292.16,0.0,0.0,247.0,72438.165,0.0,292.16
US.QQQM,Invesco NASDAQ 100 ETF,2026-08-26 06:00:00,292.16,292.3,292.3,292.16,0.0,0.0,533.0,155792.158,0.047918948521353484,292.16
US.QQQM,Invesco NASDAQ 100 ETF,2026-08-26 06:05:00,292.26,292.079,292.26,292.079,0.0,0.0,396.0,115885.878,-0.07560725282244393,292.3
US.QQQM,Invesco NASDAQ 100 ETF,2026-08-26 06:10:00,292.079,292.09,292.15,292.079,0.0,0.0,345.0,100913.721,0.0037661043758597016,292.079
US.QQQM,Invesco NASDAQ 100 ETF,2026-08-26 06:15:00,292.09,292.09,292.09,292.09,0.0,0.0,274.0,80160.098,0.0,292.09
US.QQQM,Invesco NASDAQ 100 ETF,2026-08-26 06:20:00,292.09,292.03,292.09,292.03,0.0,0.0,493.0,144164.209,-0.020541613886131765,292.09
US.QQQM,Invesco NASDAQ 100 ETF,2026-08-26 06:25:00,292.03,292.03,292.03,292.03,0.0,0.0,319.0,93389.851,0.0,292.03
US.QQQM,Invesco NASDAQ 100 ETF,2026-08-26 06:30:00,292.03,292.03,292.03,292.03,0.0,0.0,241.0,70425.317,0.0,292.03
US.QQQM,Invesco NASDAQ 100 ETF,2026-08-26 06:35:00,292.03,292.17,292.17,292.03,0.0,0.0,477.0,139366.87,0.047940280108222856,292.03
US.QQQM,Invesco NASDAQ 100 ETF,2026-08-26 06:40:00,292.17,292.23,292.23,292.17,0.0,0.0,455.0,132987.432,0.020535989321286332,292.17
US.QQQM,Invesco NASDAQ 100 ETF,2026-08-26 06:45:00,292.23,292.21,292.23,292.21,0.0,0.0,183.0,53546.811,-0.0068439243062104,292.23
US.QQQM,Invesco NASDAQ 100 ETF,2026-08-26 06:50:00,292.21,292.2032,292.21,292.2032,0.0,0.0,473.0,138226.108,-0.002327093528626112,292.21
US.QQQM,Invesco NASDAQ 100 ETF,2026-08-26 06:55:00,292.2032,292.2643,292.2643,292.2032,0.0,0.0,692.0,202525.853,0.020910106391719998,292.2032
US.QQQM,Invesco NASDAQ 100 ETF,2026-08-26 07:00:00,292.2643,292.259,292.2643,292.23,0.0,0.0,2266.0,662238.857,-0.0018134270932087806,292.2643
US.QQQM,Invesco NASDAQ 100 ETF,2026-08-26 07:05:00,292.259,292.5,292.51,292.259,0.0,0.0,3362.0,983458.309,0.08246110470506825,292.259
US.QQQM,Invesco NASDAQ 100 ETF,2026-08-26 07:10:00,292.5,292.4,292.5,292.4,0.0,0.0,1549.0,452994.129,-0.03418803418804196,292.5
US.QQQM,Invesco NASDAQ 100 ETF,2026-08-26 07:15:00,292.4,292.4,292.4,292.4,0.0,0.0,119.0,35012.574,0.0,292.4
US.QQQM,Invesco NASDAQ 100 ETF,2026-08-26 07:20:00,292.4,292.58,292.58,292.4,0.0,0.0,528.0,154566.46,0.06155950752394215,292.4
US.QQQM,Invesco NASDAQ 100 ETF,2026-08-26 07:25:00,292.58,292.58,292.58,292.58,0.0,0.0,138.0,40379.174,0.0,292.58
US.QQQM,Invesco NASDAQ 100 ETF,2026-08-26 07:30:00,292.58,292.4,292.58,292.4,0.0,0.0,341.0,99751.343,-0.06152163510834877,292.58
US.QQQM,Invesco NASDAQ 100 ETF,2026-08-26 07:35:00,292.4,292.45,292.45,292.4,0.0,0.0,299.0,87731.234,0.01709986320109828,292.4
US.QQQM,Invesco NASDAQ 100 ETF,2026-08-26 07:40:00,292.45,291.9879,292.45,291.9879,0.0,0.0,1491.0,435773.5,-0.15800991622498342,292.45
US.QQQM,Invesco NASDAQ 100 ETF,2026-08-26 07:45:00,291.9879,291.9,291.99,291.9,0.0,0.0,1759.0,513742.406,-0.030103987185786597,291.9879
US.QQQM,Invesco NASDAQ 100 ETF,2026-08-26 07:50:00,291.9,291.9,291.9,291.9,0.0,0.0,346.0,101221.531,0.0,291.9
US.QQQM,Invesco NASDAQ 100 ETF,2026-08-26 07:55:00,291.9,292.12,292.12,291.88,0.0,0.0,1396.0,407622.02,0.07536827680713509,291.9
US.QQQM,Invesco NASDAQ 100 ETF,2026-08-26 08:00:00,292.12,292.12,292.12,292.12,0.0,0.0,475.0,138758.859,0.0,292.12
US.QQQM,Invesco NASDAQ 100 ETF,2026-08-26 08:05:00,292.12,292.009,292.12,292.009,0.0,0.0,436.0,127519.979,-0.037998082979594,292.12
US.QQQM,Invesco NASDAQ 100 ETF,2026-08-26 08:10:00,292.009,292.05,292.074,292.0,0.0,0.0,1652.0,482722.611,0.014040663130244893,292.009
US.QQQM,Invesco NASDAQ 100 ETF,2026-08-26 08:15:00,292.05,292.03,292.05,291.95,0.0,0.0,478.0,139657.18,-0.006848142441376015,292.05
US.QQQM,Invesco NASDAQ 100 ETF,2026-08-26 08:20:00,292.03,291.99,292.03,291.99,0.0,0.0,720.0,210265.406,-0.01369722288804699,292.03
US.QQQM,Invesco NASDAQ 100 ETF,2026-08-26 08:25:00,291.99,292.23,292.24,291.99,0.0,0.0,1174.0,343054.726,0.0821945957053355,291.99
US.QQQM,Invesco NASDAQ 100 ETF,2026-08-26 08:30:00,292.23,292.52,292.52,292.23,0.0,0.0,593.0,173681.678,0.09923690243984655,292.23
US.QQQM,Invesco NASDAQ 100 ETF,2026-08-26 08:35:00,292.5,291.771,292.52,291.59,0.0,0.0,8553.0,2497752.05,-0.25605086831668494,292.52
US.QQQM,Invesco NASDAQ 100 ETF,2026-08-26 08:40:00,291.771,291.6283,291.771,291.6283,0.0,0.0,518.0,151237.855,-0.048908219117044086,291.771
US.QQQM,Invesco NASDAQ 100 ETF,2026-08-26 08:45:00,291.6283,291.7222,291.7222,291.6283,0.0,0.0,1368.0,399111.166,0.03219852119974719,291.6283
US.QQQM,Invesco NASDAQ 100 ETF,2026-08-26 08:50:00,291.7222,291.5997,291.7222,291.5997,0.0,0.0,760.0,221883.91,-0.041992004722301655,291.7222
US.QQQM,Invesco NASDAQ 100 ETF,2026-08-26 08:55:00,291.5997,291.3,291.5997,291.3,0.0,0.0,1277.0,372231.985,-0.10277788351633181,291.5997
US.QQQM,Invesco NASDAQ 100 ETF,2026-08-26 09:00:00,291.3,291.51,291.51,291.3,0.0,0.0,998.0,290990.499,0.07209062821832458,291.3
US.QQQM,Invesco NASDAQ 100 ETF,2026-08-26 09:05:00,291.51,291.51,291.51,291.51,0.0,0.0,500.0,145791.798,0.0,291.51
US.QQQM,Invesco NASDAQ 100 ETF,2026-08-26 09:10:00,291.51,291.45,291.51,291.45,0.0,0.0,704.0,205176.012,-0.020582484305856498,291.51
US.QQQM,Invesco NASDAQ 100 ETF,2026-08-26 09:15:00,291.45,291.45,291.45,291.45,0.0,0.0,380.0,110737.504,0.0,291.45
US.QQQM,Invesco NASDAQ 100 ETF,2026-08-26 09:20:00,291.45,291.62,291.62,291.45,0.0,0.0,648.0,189122.37,0.058329044433012844,291.45
US.QQQM,Invesco NASDAQ 100 ETF,2026-08-26 09:25:00,291.62,291.5357,291.62,291.5,0.0,0.0,706.0,205927.019,-0.028907482340026307,291.62
US.QQQM,Invesco NASDAQ 100 ETF,2026-08-26 09:30:00,291.5357,291.71,291.71,291.52,0.0,0.0,3777.0,1101565.08,0.059786846002036695,291.5357
US.QQQM,Invesco NASDAQ 100 ETF,2026-08-26 09:35:00,291.7,292.56,292.71,291.7,0.0,0.0,103170.0,30127262.239,0.2913852799012796,291.71
US.QQQM,Invesco NASDAQ 100 ETF,2026-08-26 09:40:00,292.48,292.33,292.61,292.01,0.0,0.0,37296.0,10900815.173,-0.07861635220126408,292.56
US.QQQM,Invesco NASDAQ 100 ETF,2026-08-26 09:45:00,292.3,292.85,293.02,292.2,0.0,0.0,49775.0,14567133.293,0.17788116170083082,292.33
US.QQQM,Invesco NASDAQ 100 ETF,2026-08-26 09:50:00,292.8,292.65,293.005,292.65,0.0,0.0,27801.0,8139976.501,-0.06829434864266534,292.85
US.QQQM,Invesco NASDAQ 100 ETF,2026-08-26 09:55:00,292.59,292.99,293.0,292.49,0.0,0.0,31220.0,9140169.057,0.11617973688707736,292.65
US.QQQM,Invesco NASDAQ 100 ETF,2026-08-26 10:00:00,292.99,293.22,293.22,292.925,0.0,0.0,21223.0,6220192.107,0.07850097272945089,292.99
US.QQQM,Invesco NASDAQ 100 ETF,2026-08-26 10:05:00,293.15,293.03,293.15,292.95,0.0,0.0,28327.0,8300256.053,-0.06479776277199868,293.22
US.QQQM,Invesco NASDAQ 100 ETF,2026-08-26 10:10:00,292.98,292.7297,293.0196,292.7297,0.0,0.0,24158.0,7076122.029,-0.10248097464423196,293.03
US.QQQM,Invesco NASDAQ 100 ETF,2026-08-26 10:15:00,292.75,292.4393,292.75,292.3,0.0,0.0,16117.0,4714181.12,-0.09920414635070406,292.7297
US.QQQM,Invesco NASDAQ 100 ETF,2026-08-26 10:20:00,292.359,292.51,292.54,292.26,0.0,0.0,13976.0,4086464.283,0.024175957198635065,292.4393
US.QQQM,Invesco NASDAQ 100 ETF,2026-08-26 10:25:00,292.31,291.95,292.3401,291.95,0.0,0.0,17034.0,4976217.465,-0.1914464462753418,292.51
US.QQQM,Invesco NASDAQ 100 ETF,2026-08-26 10:30:00,291.97,291.715,291.9932,291.51,0.0,0.0,15350.0,4478174.577,-0.08049323514300862,291.95
US.QQQM,Invesco NASDAQ 100 ETF,2026-08-26 10:35:00,291.76,291.88,291.93,291.75,0.0,0.0,15258.0,4453191.412,0.056562055430821344,291.715
US.QQQM,Invesco NASDAQ 100 ETF,2026-08-26 10:40:00,291.87,292.11,292.2385,291.77,0.0,0.0,13832.0,4040031.077,0.07879950664657331,291.88
US.QQQM,Invesco NASDAQ 100 ETF,2026-08-26 10:45:00,292.23,292.17,292.31,292.09,0.0,0.0,15508.0,4531902.281,0.020540207456096086,292.11
US.QQQM,Invesco NASDAQ 100 ETF,2026-08-26 10:50:00,292.15,292.3399,292.35,292.0201,0.0,0.0,10133.0,2960918.801,0.0581510764281015,292.17
US.QQQM,Invesco NASDAQ 100 ETF,2026-08-26 10:55:00,292.34,292.4,292.61,292.34,0.0,0.0,12386.0,3622886.269,0.020558261120010364,292.3399
US.QQQM,Invesco NASDAQ 100 ETF,2026-08-26 11:00:00,292.34,292.43,292.4975,292.3,0.0,0.0,10880.0,3181783.068,0.010259917920666745,292.4
US.QQQM,Invesco NASDAQ 100 ETF,2026-08-26 11:05:00,292.48,292.52,292.64,292.41,0.0,0.0,10540.0,3082914.788,0.03077659610846185,292.43
US.QQQM,Invesco NASDAQ 100 ETF,2026-08-26 11:10:00,292.5501,292.62,292.73,292.55,0.0,0.0,7995.0,2339695.814,0.034185696704506614,292.52
US.QQQM,Invesco NASDAQ 100 ETF,2026-08-26 11:15:00,292.6489,292.505,292.65,292.45,0.0,0.0,11411.0,3338539.018,-0.03930011619165098,292.62
US.QQQM,Invesco NASDAQ 100 ETF,2026-08-26 11:20:00,292.5,292.36,292.5,292.16,0.0,0.0,16123.0,4713959.226,-0.04957180219140932,292.505
US.QQQM,Invesco NASDAQ 100 ETF,2026-08-26 11:25:00,292.44,292.36,292.51,292.3007,0.0,0.0,8355.0,2443005.778,0.0,292.36
US.QQQM,Invesco NASDAQ 100 ETF,2026-08-26 11:30:00,292.33,292.53,292.6,292.33,0.0,0.0,7372.0,2156075.51,0.05814748939662028,292.36
US.QQQM,Invesco NASDAQ 100 ETF,2026-08-26 11:35:00,292.45,292.24,292.52,292.15,0.0,0.0,11813.0,3453754.835,-0.09913513143949805,292.53
US.QQQM,Invesco NASDAQ 100 ETF,2026-08-26 11:40:00,292.231,292.45,292.48,292.231,0.0,0.0,7351.0,2149436.07,0.07185874623596343,292.24
US.QQQM,Invesco NASDAQ 100 ETF,2026-08-26 11:45:00,292.455,292.74,292.83,292.44,0.0,0.0,13552.0,3966500.013,0.09916224995726464,292.45
US.QQQM,Invesco NASDAQ 100 ETF,2026-08-26 11:50:00,292.74,292.8,292.8,292.675,0.0,0.0,20473.0,5993356.312,0.0204960032793613,292.74
US.QQQM,Invesco NASDAQ 100 ETF,2026-08-26 11:55:00,292.82,292.26,292.84,292.235,0.0,0.0,50103.0,14653939.16,-0.1844262295082037,292.8
US.QQQM,Invesco NASDAQ 100 ETF,2026-08-26 12:00:00,292.265,292.1,292.37,292.09,0.0,0.0,22077.0,6451897.335,-0.05474577431053452,292.26
US.QQQM,Invesco NASDAQ 100 ETF,2026-08-26 12:05:00,292.09,292.1,292.11,291.84,0.0,0.0,24920.0,7276251.838,0.0,292.1
US.QQQM,Invesco NASDAQ 100 ETF,2026-08-26 12:10:00,292.0,292.04,292.16,291.96,0.0,0.0,26239.0,7663465.52,-0.020540910647039463,292.1
US.QQQM,Invesco NASDAQ 100 ETF,2026-08-26 12:15:00,292.01,291.95,292.0685,291.925,0.0,0.0,32146.0,9386349.834,-0.030817696206010076,292.04
US.QQQM,Invesco NASDAQ 100 ETF,2026-08-26 12:20:00,291.95,291.97,291.99,291.87,0.0,0.0,24120.0,7041630.05,0.006850488097290171,291.95
US.QQQM,Invesco NASDAQ 100 ETF,2026-08-26 12:25:00,291.95,292.06,292.08,291.949,0.0,0.0,18971.0,5539944.226,0.030825084768974546,291.97
US.QQQM,Invesco NASDAQ 100 ETF,2026-08-26 12:30:00,292.05,292.0,292.05,291.94,0.0,0.0,23401.0,6833111.69,-0.020543723892351665,292.06
US.QQQM,Invesco NASDAQ 100 ETF,2026-08-26 12:35:00,291.995,292.07,292.12,291.995,0.0,0.0,28657.0,8370326.937,0.02397260273972369,292.0
US.QQQM,Invesco NASDAQ 100 ETF,2026-08-26 12:40:00,292.05,291.76,292.1,291.76,0.0,0.0,21126.0,6168316.554,-0.10613893929537518,292.07
US.QQQM,Invesco NASDAQ 100 ETF,2026-08-26 12:45:00,291.75,291.66,291.85,291.63,0.0,0.0,20590.0,6006796.133,-0.03427474636686519,291.76
US.QQQM,Invesco NASDAQ 100 ETF,2026-08-26 12:50:00,291.67,291.74,291.87,291.65,0.0,0.0,18560.0,5415246.257,0.02742919838167184,291.66
US.QQQM,Invesco NASDAQ 100 ETF,2026-08-26 12:55:00,291.76,291.76,291.84,291.69,0.0,0.0,29185.0,8515200.152,0.006855419208878388,291.74
US.QQQM,Invesco NASDAQ 100 ETF,2026-08-26 13:00:00,291.79,292.06,292.11,291.79,0.0,0.0,104528.0,30521742.262,0.10282423910063455,291.76
US.QQQM,Invesco NASDAQ 100 ETF,2026-08-26 13:05:00,292.03,292.17,292.2,292.03,0.0,0.0,19012.0,5554063.467,0.03766349380264796,292.06
US.QQQM,Invesco NASDAQ 100 ETF,2026-08-26 13:10:00,292.17,292.265,292.28,292.11,0.0,0.0,17170.0,5017215.937,0.032515316425358674,292.17
US.QQQM,Invesco NASDAQ 100 ETF,2026-08-26 13:15:00,292.255,292.29,292.319,292.23,0.0,0.0,19566.0,5718691.156,0.008553880895774076,292.265
US.QQQM,Invesco NASDAQ 100 ETF,2026-08-26 13:20:00,292.33,292.44,292.52,292.33,0.0,0.0,18632.0,5448486.682,0.051318895617358536,292.29
US.QQQM,Invesco NASDAQ 100 ETF,2026-08-26 13:25:00,292.45,292.59,292.59,292.45,0.0,0.0,23322.0,6822181.983,0.05129257283544565,292.44
US.QQQM,Invesco NASDAQ 100 ETF,2026-08-26 13:30:00,292.585,292.58,292.61,292.48,0.0,0.0,22167.0,6485023.313,-0.003417751802860968,292.59
US.QQQM,Invesco NASDAQ 100 ETF,2026-08-26 13:35:00,292.58,292.69,292.71,292.545,0.0,0.0,17731.0,5188101.828,0.037596554788438596,292.58
US.QQQM,Invesco NASDAQ 100 ETF,2026-08-26 13:40:00,292.695,292.72,292.77,292.655,0.0,0.0,21106.0,6177938.247,0.010249752297662906,292.69
US.QQQM,Invesco NASDAQ 100 ETF,2026-08-26 13:45:00,292.72,292.72,292.82,292.63,0.0,0.0,24680.0,7224735.113,0.0,292.72
US.QQQM,Invesco NASDAQ 100 ETF,2026-08-26 13:50:00,292.7119,292.6,292.73,292.595,0.0,0.0,20328.0,5949189.114,-0.04099480732440713,292.72
US.QQQM,Invesco NASDAQ 100 ETF,2026-08-26 13:55:00,292.65,292.765,292.775,292.61,0.0,0.0,23977.0,7018016.277,0.05639097744359659,292.6
US.QQQM,Invesco NASDAQ 100 ETF,2026-08-26 14:00:00,292.765,292.74,292.83,292.73,0.0,0.0,22015.0,6445512.189,-0.008539272112437369,292.765
US.QQQM,Invesco NASDAQ 100 ETF,2026-08-26 14:05:00,292.74,292.7,292.74,292.64,0.0,0.0,20364.0,5960442.36,-0.013664002186247338,292.74
US.QQQM,Invesco NASDAQ 100 ETF,2026-08-26 14:10:00,292.69,292.805,292.85,292.69,0.0,0.0,18319.0,5363232.071,0.03587290741374041,292.7
US.QQQM,Invesco NASDAQ 100 ETF,2026-08-26 14:15:00,292.805,292.6,292.81,292.57,0.0,0.0,18930.0,5540080.881,-0.07001246563411967,292.805
US.QQQM,Invesco NASDAQ 100 ETF,2026-08-26 14:20:00,292.58,292.71,292.75,292.55,0.0,0.0,16128.0,4719688.572,0.03759398496239125,292.6
US.QQQM,Invesco NASDAQ 100 ETF,2026-08-26 14:25:00,292.72,292.66,292.78,292.66,0.0,0.0,14709.0,4306057.728,-0.017081753271140216,292.71
US.QQQM,Invesco NASDAQ 100 ETF,2026-08-26 14:30:00,292.665,292.69,292.74,292.625,0.0,0.0,17293.0,5061621.029,0.010250802979557409,292.66
US.QQQM,Invesco NASDAQ 100 ETF,2026-08-26 14:35:00,292.7,292.85,292.92,292.67,0.0,0.0,18832.0,5513955.147,0.05466534558749018,292.69
US.QQQM,Invesco NASDAQ 100 ETF,2026-08-26 14:40:00,292.88,292.839,292.88,292.81,0.0,0.0,15141.0,4434106.919,-0.00375618917535397,292.85
US.QQQM,Invesco NASDAQ 100 ETF,2026-08-26 14:45:00,292.82,292.84,292.865,292.78,0.0,0.0,15170.0,4442393.916,0.00034148457001162864,292.839
US.QQQM,Invesco NASDAQ 100 ETF,2026-08-26 14:50:00,292.85,293.09,293.155,292.85,0.0,0.0,26888.0,7879508.225,0.08537085097664254,292.84
US.QQQM,Invesco NASDAQ 100 ETF,2026-08-26 14:55:00,293.09,293.09,293.14,293.005,0.0,0.0,21346.0,6255939.879,0.0,293.09
US.QQQM,Invesco NASDAQ 100 ETF,2026-08-26 15:00:00,293.09,293.1,293.18,293.05,0.0,0.0,24027.0,7042884.866,0.0034119212528737754,293.09
US.QQQM,Invesco NASDAQ 100 ETF,2026-08-26 15:05:00,293.1,293.5699,293.5699,293.0815,0.0,0.0,34050.0,9988630.134,0.16032070965540618,293.1
US.QQQM,Invesco NASDAQ 100 ETF,2026-08-26 15:10:00,293.54,293.365,293.555,293.365,0.0,0.0,26657.0,7822508.102,-0.06979598385257112,293.5699
US.QQQM,Invesco NASDAQ 100 ETF,2026-08-26 15:15:00,293.365,293.27,293.4,293.2,0.0,0.0,21890.0,6421202.942,-0.032382867758603544,293.365
US.QQQM,Invesco NASDAQ 100 ETF,2026-08-26 15:20:00,293.3,293.43,293.45,293.3,0.0,0.0,24533.0,7197696.065,0.05455723394824735,293.27
US.QQQM,Invesco NASDAQ 100 ETF,2026-08-26 15:25:00,293.4201,293.37,293.43,293.22,0.0,0.0,21860.0,6411495.261,-0.020447806972702952,293.43
US.QQQM,Invesco NASDAQ 100 ETF,2026-08-26 15:30:00,293.35,293.29,293.4499,293.26,0.0,0.0,25554.0,7496652.712,-0.027269318607895856,293.37
US.QQQM,Invesco NASDAQ 100 ETF,2026-08-26 15:35:00,293.24,293.31,293.33,293.2,0.0,0.0,28942.0,8488400.428,0.006819189198398108,293.29
US.QQQM,Invesco NASDAQ 100 ETF,2026-08-26 15:40:00,293.27,293.125,293.32,293.12,0.0,0.0,26189.0,7679258.211,-0.06307319900446705,293.31
US.QQQM,Invesco NASDAQ 100 ETF,2026-08-26 15:45:00,293.12,292.99,293.17,292.98,0.0,0.0,35563.0,10423140.255,-0.046055437100210116,293.125
US.QQQM,Invesco NASDAQ 100 ETF,2026-08-26 15:50:00,292.97,293.22,293.23,292.95,0.0,0.0,29113.0,8533710.672,0.07850097272945089,292.99
US.QQQM,Invesco NASDAQ 100 ETF,2026-08-26 15:55:00,293.25,292.8,293.3,292.72,0.0,0.0,88718.0,25995447.581,-0.14323715981175086,293.22
US.QQQM,Invesco NASDAQ 100 ETF,2026-08-26 16:00:00,292.77,292.9,292.99,292.7,0.0,0.0,179324.0,52514273.007,0.03415300546446923,292.8
US.QQQM,Invesco NASDAQ 100 ETF,2026-08-26 16:05:00,292.91,293.26,293.26,292.89,0.0,0.0,10296.0,3016163.502,0.12290884260840343,292.9
US.QQQM,Invesco NASDAQ 100 ETF,2026-08-26 16:10:00,293.26,293.4796,293.55,293.26,0.0,0.0,2209.0,648245.824,0.07488235695287936,293.26
US.QQQM,Invesco NASDAQ 100 ETF,2026-08-26 16:15:00,293.4796,293.44,293.4796,293.44,0.0,0.0,244.0,71890.037,-0.013493271764036474,293.4796
US.QQQM,Invesco NASDAQ 100 ETF,2026-08-26 16:20:00,293.44,293.551,293.551,293.44,0.0,0.0,552.0,162130.008,0.03782715376226486,293.44
US.QQQM,Invesco NASDAQ 100 ETF,2026-08-26 16:25:00,293.52,293.4,293.59,292.82,0.0,0.0,12986.0,3808467.186,-0.0514391025750246,293.551
US.QQQM,Invesco NASDAQ 100 ETF,2026-08-26 16:30:00,293.4,293.3496,293.42,293.29,0.0,0.0,1535.0,450347.616,-0.017177914110418475,293.4
US.QQQM,Invesco NASDAQ 100 ETF,2026-08-26 16:35:00,293.3496,293.155,293.3496,293.13,0.0,0.0,699.0,205174.183,-0.06633723038996363,293.3496
US.QQQM,Invesco NASDAQ 100 ETF,2026-08-26 16:40:00,293.155,293.3449,293.36,293.155,0.0,0.0,3391.0,995063.252,0.06477801845440904,293.155
US.QQQM,Invesco NASDAQ 100 ETF,2026-08-26 16:45:00,293.3449,293.3449,293.3449,293.3449,0.0,0.0,1887.0,552860.422,0.0,293.3449
US.QQQM,Invesco NASDAQ 100 ETF,2026-08-26 16:50:00,293.32,293.57,293.57,293.32,0.0,0.0,1487.0,436395.529,0.07673561053899271,293.3449
US.QQQM,Invesco NASDAQ 100 ETF,2026-08-26 16:55:00,293.7,293.75,293.79,293.7,0.0,0.0,3040.0,893038.588,0.06131416697891706,293.57
US.QQQM,Invesco NASDAQ 100 ETF,2026-08-26 17:00:00,293.75,294.18,294.18,293.75,0.0,0.0,1092.0,321079.6,0.14638297872340658,293.75
US.QQQM,Invesco NASDAQ 100 ETF,2026-08-26 17:05:00,294.18,294.15,294.18,294.15,0.0,0.0,593.0,174071.287,-0.010197838058341681,294.18
US.QQQM,Invesco NASDAQ 100 ETF,2026-08-26 17:10:00,294.15,294.74,294.99,294.15,0.0,0.0,1448.0,426927.584,0.20057793642700386,294.15
US.QQQM,Invesco NASDAQ 100 ETF,2026-08-26 17:15:00,294.999,295.0,295.273,294.9173,0.0,0.0,2907.0,857932.54,0.08821334057134793,294.74
US.QQQM,Invesco NASDAQ 100 ETF,2026-08-26 17:20:00,295.0,294.86,295.0,294.17,0.0,0.0,2185.0,644218.185,-0.04745762711863945,295.0
US.QQQM,Invesco NASDAQ 100 ETF,2026-08-26 17:25:00,294.86,295.0,295.15,294.86,0.0,0.0,1020.0,300916.579,0.047480160075963625,294.86
US.QQQM,Invesco NASDAQ 100 ETF,2026-08-26 17:30:00,295.0,295.0,295.0,294.99,0.0,0.0,1471.0,433923.153,0.0,295.0
US.QQQM,Invesco NASDAQ 100 ETF,2026-08-26 17:35:00,295.0,295.0,295.0453,294.99,0.0,0.0,1702.0,502126.758,0.0,295.0
US.QQQM,Invesco NASDAQ 100 ETF,2026-08-26 17:40:00,295.0,295.0222,295.1,295.0,0.0,0.0,645.0,190585.681,0.007525423728812881,295.0
US.QQQM,Invesco NASDAQ 100 ETF,2026-08-26 17:45:00,295.0222,295.4577,295.4577,295.0222,0.0,0.0,930.0,274715.93,0.14761600991382698,295.0222
US.QQQM,Invesco NASDAQ 100 ETF,2026-08-26 17:50:00,295.4577,295.5,295.55,295.4577,0.0,0.0,2020.0,596961.28,0.01431677021787266,295.4577
US.QQQM,Invesco NASDAQ 100 ETF,2026-08-26 17:55:00,295.5,295.61,295.61,295.5,0.0,0.0,566.0,167290.115,0.03722504230118905,295.5
US.QQQM,Invesco NASDAQ 100 ETF,2026-08-26 18:00:00,295.61,295.3928,295.63,295.3928,0.0,0.0,1076.0,317877.105,-0.07347518690165798,295.61
US.QQQM,Invesco NASDAQ 100 ETF,2026-08-26 18:05:00,295.3928,295.45,295.65,294.85,0.0,0.0,6057.0,1788108.994,0.0193640467878588,295.3928
US.QQQM,Invesco NASDAQ 100 ETF,2026-08-26 18:10:00,295.45,295.5,295.5,295.45,0.0,0.0,742.0,219249.521,0.016923337282115883,295.45
US.QQQM,Invesco NASDAQ 100 ETF,2026-08-26 18:15:00,295.5,295.5,295.54,295.5,0.0,0.0,1302.0,384764.561,0.0,295.5
US.QQQM,Invesco NASDAQ 100 ETF,2026-08-26 18:20:00,295.5,295.75,295.75,295.5,0.0,0.0,1665.0,492253.33,0.08460236886632826,295.5
US.QQQM,Invesco NASDAQ 100 ETF,2026-08-26 18:25:00,295.75,295.75,295.75,295.75,0.0,0.0,250.0,73946.383,0.0,295.75
US.QQQM,Invesco NASDAQ 100 ETF,2026-08-26 18:30:00,295.75,295.75,295.75,295.75,0.0,0.0,263.0,77774.447,0.0,295.75
US.QQQM,Invesco NASDAQ 100 ETF,2026-08-26 18:35:00,295.75,295.759,295.759,295.75,0.0,0.0,203.0,60101.0,0.003043110735423348,295.75
US.QQQM,Invesco NASDAQ 100 ETF,2026-08-26 18:40:00,295.759,295.9489,295.97,295.759,0.0,0.0,754.0,223164.179,0.06420768260643496,295.759
US.QQQM,Invesco NASDAQ 100 ETF,2026-08-26 18:45:00,295.9489,295.86,295.96,295.86,0.0,0.0,1850.0,547444.238,-0.030038969565342834,295.9489
US.QQQM,Invesco NASDAQ 100 ETF,2026-08-26 18:50:00,295.86,295.9685,296.06,295.86,0.0,0.0,1564.0,463004.418,0.036672750625293134,295.86
US.QQQM,Invesco NASDAQ 100 ETF,2026-08-26 18:55:00,295.9685,296.02,296.029,295.9685,0.0,0.0,1098.0,325034.32,0.017400500391080775,295.9685
US.QQQM,Invesco NASDAQ 100 ETF,2026-08-26 19:00:00,296.02,295.9,296.02,295.86,0.0,0.0,914.0,270437.554,-0.040537801499900196,296.02
US.QQQM,Invesco NASDAQ 100 ETF,2026-08-26 19:05:00,295.9,295.9527,295.9527,295.9,0.0,0.0,356.0,105362.087,0.01781007096992759,295.9
US.QQQM,Invesco NASDAQ 100 ETF,2026-08-26 19:10:00,295.9527,295.84,295.9527,295.84,0.0,0.0,1005.0,297380.107,-0.038080409470843825,295.9527
US.QQQM,Invesco NASDAQ 100 ETF,2026-08-26 19:15:00,295.84,295.84,295.84,295.84,0.0,0.0,203.0,60056.162,0.0,295.84
US.QQQM,Invesco NASDAQ 100 ETF,2026-08-26 19:20:00,295.84,295.83,295.84,295.71,0.0,0.0,1332.0,393923.507,-0.0033802055164923288,295.84
US.QQQM,Invesco NASDAQ 100 ETF,2026-08-26 19:25:00,295.83,295.85,295.85,295.83,0.0,0.0,708.0,209463.464,0.0067606395565151115,295.83
US.QQQM,Invesco NASDAQ 100 ETF,2026-08-26 19:30:00,295.85,295.85,295.85,295.85,0.0,0.0,81.0,23968.58,0.0,295.85
US.QQQM,Invesco NASDAQ 100 ETF,2026-08-26 19:35:00,295.85,295.88,295.88,295.85,0.0,0.0,471.0,139403.589,0.010140273787383036,295.85
US.QQQM,Invesco NASDAQ 100 ETF,2026-08-26 19:40:00,295.88,295.88,295.88,295.88,0.0,0.0,87.0,25770.094,0.0,295.88
US.QQQM,Invesco NASDAQ 100 ETF,2026-08-26 19:45:00,295.88,295.9672,295.9755,295.88,0.0,0.0,789.0,233525.394,0.029471407327293406,295.88
US.QQQM,Invesco NASDAQ 100 ETF,2026-08-26 19:50:00,295.9672,296.1,296.1,295.95,0.0,0.0,878.0,259900.465,0.04486983692788646,295.9672
US.QQQM,Invesco NASDAQ 100 ETF,2026-08-26 19:55:00,296.04,296.04,296.04,296.04,0.0,0.0,301.0,89104.603,-0.020263424518744435,296.1
US.QQQM,Invesco NASDAQ 100 ETF,2026-08-26 20:00:00,296.04,296.2,296.2,296.04,0.0,0.0,9386.0,2750933.565,0.05404675043911909,296.04
US.QQQM,Invesco NASDAQ 100 ETF,2026-08-27 04:05:00,292.9,295.61,295.61,292.9,0.0,0.0,13428.0,3960355.871,-0.1991897366644075,296.2
US.QQQM,Invesco NASDAQ 100 ETF,2026-08-27 04:10:00,295.61,295.73,295.73,295.61,0.0,0.0,855.0,252787.791,0.04059402591252141,295.61
US.QQQM,Invesco NASDAQ 100 ETF,2026-08-27 04:15:00,295.88,296.13,296.13,295.88,0.0,0.0,1555.0,460561.303,0.1352585128326437,295.73
US.QQQM,Invesco NASDAQ 100 ETF,2026-08-27 04:20:00,296.13,296.0,296.13,295.91,0.0,0.0,635.0,187927.882,-0.04389963867220324,296.13
US.QQQM,Invesco NASDAQ 100 ETF,2026-08-27 04:25:00,296.0,295.98,296.0,295.98,0.0,0.0,271.0,80419.309,-0.006756756756750612,296.0
US.QQQM,Invesco NASDAQ 100 ETF,2026-08-27 04:30:00,295.98,296.5,296.5,295.98,0.0,0.0,293.0,86854.424,0.17568754645583545,295.98
US.QQQM,Invesco NASDAQ 100 ETF,2026-08-27 04:35:00,296.5,296.45,296.5,296.45,0.0,0.0,371.0,110152.181,-0.01686340640809827,296.5
US.QQQM,Invesco NASDAQ 100 ETF,2026-08-27 04:40:00,296.45,296.19,296.45,296.19,0.0,0.0,496.0,147187.196,-0.08770450328891581,296.45
US.QQQM,Invesco NASDAQ 100 ETF,2026-08-27 04:45:00,296.19,296.22,296.22,296.15,0.0,0.0,507.0,150202.94,0.010128633647330956,296.19
US.QQQM,Invesco NASDAQ 100 ETF,2026-08-27 04:50:00,296.22,296.47,296.53,296.22,0.0,0.0,630.0,186935.577,0.08439673215853082,296.22
US.QQQM,Invesco NASDAQ 100 ETF,2026-08-27 04:55:00,296.47,296.5,296.5,296.45,0.0,0.0,1610.0,477330.896,0.010119067696553687,296.47
US.QQQM,Invesco NASDAQ 100 ETF,2026-08-27 05:00:00,296.5,296.5,296.5,296.5,0.0,0.0,130.0,38591.204,0.0,296.5
US.QQQM,Invesco NASDAQ 100 ETF,2026-08-27 05:05:00,296.5,295.86,296.5,295.83,0.0,0.0,1113.0,329497.54,-0.21585160202360418,296.5
US.QQQM,Invesco NASDAQ 100 ETF,2026-08-27 05:10:00,295.86,295.99,295.99,295.76,0.0,0.0,850.0,251551.765,0.043939701210030234,295.86
US.QQQM,Invesco NASDAQ 100 ETF,2026-08-27 05:15:00,295.99,295.78,296.02,295.78,0.0,0.0,1170.0,346355.783,-0.07094834284943288,295.99
US.QQQM,Invesco NASDAQ 100 ETF,2026-08-27 05:20:00,295.78,295.64,295.78,295.64,0.0,0.0,2456.0,726428.194,-0.04733247684089065,295.78
US.QQQM,Invesco NASDAQ 100 ETF,2026-08-27 05:25:00,295.76,296.0,296.0,295.76,0.0,0.0,750.0,221933.572,0.12176971992964877,295.64
US.QQQM,Invesco NASDAQ 100 ETF,2026-08-27 05:30:00,296.0,295.92,296.03,295.92,0.0,0.0,1942.0,574837.79,-0.02702702702702165,296.0
US.QQQM,Invesco NASDAQ 100 ETF,2026-08-27 05:35:00,295.92,296.14,296.14,295.92,0.0,0.0,346.0,102439.761,0.07434441741010085,295.92
US.QQQM,Invesco NASDAQ 100 ETF,2026-08-27 05:40:00,296.14,296.14,296.14,296.14,0.0,0.0,249.0,73724.453,0.0,296.14
US.QQQM,Invesco NASDAQ 100 ETF,2026-08-27 05:45:00,296.14,296.08,296.14,296.04,0.0,0.0,3068.0,908443.538,-0.0202606875126637,296.14
US.QQQM,Invesco NASDAQ 100 ETF,2026-08-27 05:50:00,296.08,296.08,296.08,296.08,0.0,0.0,191.0,56581.663,0.0,296.08
US.QQQM,Invesco NASDAQ 100 ETF,2026-08-27 05:55:00,296.08,296.08,296.08,296.08,0.0,0.0,271.0,80256.144,0.0,296.08
US.QQQM,Invesco NASDAQ 100 ETF,2026-08-27 06:00:00,296.08,296.0,296.08,296.0,0.0,0.0,512.0,151839.181,-0.027019724398805758,296.08
US.QQQM,Invesco NASDAQ 100 ETF,2026-08-27 06:05:00,296.0,295.8,296.0,295.8,0.0,0.0,262.0,77602.081,-0.06756756756756373,296.0
US.QQQM,Invesco NASDAQ 100 ETF,2026-08-27 06:10:00,295.8,295.95,295.95,295.8,0.0,0.0,262.0,77533.068,0.05070993914806533,295.8
US.QQQM,Invesco NASDAQ 100 ETF,2026-08-27 06:15:00,295.95,295.83,295.95,295.83,0.0,0.0,407.0,120417.658,-0.040547389761785624,295.95
US.QQQM,Invesco NASDAQ 100 ETF,2026-08-27 06:20:00,295.83,295.8,295.83,295.8,0.0,0.0,314.0,92903.424,-0.010140959334743845,295.83
US.QQQM,Invesco NASDAQ 100 ETF,2026-08-27 06:25:00,295.8,295.79,295.8,295.79,0.0,0.0,254.0,75383.494,-0.0033806626098684595,295.8
US.QQQM,Invesco NASDAQ 100 ETF,2026-08-27 06:30:00,295.79,295.76,295.79,295.76,0.0,0.0,2321.0,686762.433,-0.010142330707606598,295.79
US.QQQM,Invesco NASDAQ 100 ETF,2026-08-27 06:35:00,295.76,295.79,295.79,295.76,0.0,0.0,281.0,83115.854,0.01014335948066999,295.76
US.QQQM,Invesco NASDAQ 100 ETF,2026-08-27 06:40:00,295.79,295.79,295.79,295.69,0.0,0.0,687.0,203164.931,0.0,295.79
US.QQQM,Invesco NASDAQ 100 ETF,2026-08-27 06:45:00,295.79,295.79,295.79,295.79,0.0,0.0,356.0,105312.146,0.0,295.79
US.QQQM,Invesco NASDAQ 100 ETF,2026-08-27 06:50:00,295.94,295.94,295.94,295.94,0.0,0.0,556.0,164582.059,0.05071165353797534,295.79
US.QQQM,Invesco NASDAQ 100 ETF,2026-08-27 06:55:00,295.94,295.94,295.94,295.94,0.0,0.0,70.0,20756.535,0.0,295.94
US.QQQM,Invesco NASDAQ 100 ETF,2026-08-27 07:00:00,295.94,295.94,295.94,295.94,0.0,0.0,132.0,39072.662,0.0,295.94
US.QQQM,Invesco NASDAQ 100 ETF,2026-08-27 07:05:00,295.94,295.9659,295.97,295.84,0.0,0.0,2802.0,829224.113,0.008751774008237723,295.94
US.QQQM,Invesco NASDAQ 100 ETF,2026-08-27 07:10:00,295.9659,295.9659,295.9659,295.9659,0.0,0.0,246.0,73013.961,0.0,295.9659
US.QQQM,Invesco NASDAQ 100 ETF,2026-08-27 07:15:00,295.9659,296.17,296.17,295.9659,0.0,0.0,654.0,193657.083,0.0689606471556485,295.9659
US.QQQM,Invesco NASDAQ 100 ETF,2026-08-27 07:20:00,296.17,296.17,296.17,296.17,0.0,0.0,196.0,58210.066,0.0,296.17
US.QQQM,Invesco NASDAQ 100 ETF,2026-08-27 07:25:00,296.17,295.8465,296.17,295.8465,0.0,0.0,2076.0,614183.873,-0.10922780835331872,296.17
US.QQQM,Invesco NASDAQ 100 ETF,2026-08-27 07:30:00,295.8465,295.75,295.85,295.695,0.0,0.0,1752.0,518412.472,-0.03261826656728804,295.8465
US.QQQM,Invesco NASDAQ 100 ETF,2026-08-27 07:35:00,295.75,295.66,295.75,295.5,0.0,0.0,1956.0,578283.048,-0.030431107354175823,295.75
US.QQQM,Invesco NASDAQ 100 ETF,2026-08-27 07:40:00,295.66,295.4298,295.67,295.4298,0.0,0.0,1398.0,413148.139,-0.07785970371373362,295.66
US.QQQM,Invesco NASDAQ 100 ETF,2026-08-27 07:45:00,295.4298,295.56,295.56,295.4298,0.0,0.0,1159.0,342565.581,0.044071383455562746,295.4298
US.QQQM,Invesco NASDAQ 100 ETF,2026-08-27 07:50:00,295.56,295.18,295.56,295.18,0.0,0.0,1118.0,330157.443,-0.1285694951955594,295.56
US.QQQM,Invesco NASDAQ 100 ETF,2026-08-27 07:55:00,295.18,295.25,295.25,295.18,0.0,0.0,311.0,92063.517,0.02371434379022738,295.18
US.QQQM,Invesco NASDAQ 100 ETF,2026-08-27 08:00:00,295.27,295.51,295.51,295.27,0.0,0.0,1058.0,312528.886,0.08806096528365484,295.25
US.QQQM,Invesco NASDAQ 100 ETF,2026-08-27 08:05:00,295.51,295.55,295.5505,295.51,0.0,0.0,1024.0,302625.182,0.013535920950228576,295.51
US.QQQM,Invesco NASDAQ 100 ETF,2026-08-27 08:10:00,295.55,295.5178,295.55,295.5178,0.0,0.0,795.0,235138.919,-0.01089494163423749,295.55
US.QQQM,Invesco NASDAQ 100 ETF,2026-08-27 08:15:00,295.5178,295.76,295.76,295.5178,0.0,0.0,290.0,85830.39,0.08195783807268747,295.5178
US.QQQM,Invesco NASDAQ 100 ETF,2026-08-27 08:20:00,295.76,295.73,295.76,295.73,0.0,0.0,1657.0,490145.445,-0.010143359480650769,295.76
US.QQQM,Invesco NASDAQ 100 ETF,2026-08-27 08:25:00,295.73,295.7785,295.7785,295.62,0.0,0.0,1405.0,415640.562,0.0164000946809556,295.73
US.QQQM,Invesco NASDAQ 100 ETF,2026-08-27 08:30:00,295.7785,295.72,295.78,295.72,0.0,0.0,1517.0,448898.073,-0.01977831383957282,295.7785
US.QQQM,Invesco NASDAQ 100 ETF,2026-08-27 08:35:00,295.72,295.58,295.72,295.58,0.0,0.0,581.0,172017.099,-0.04734208034628811,295.72
US.QQQM,Invesco NASDAQ 100 ETF,2026-08-27 08:40:00,295.58,295.49,295.58,295.49,0.0,0.0,636.0,188254.173,-0.030448609513490422,295.58
US.QQQM,Invesco NASDAQ 100 ETF,2026-08-27 08:45:00,295.49,295.55,295.55,295.49,0.0,0.0,442.0,130606.056,0.020305255677011837,295.49
US.QQQM,Invesco NASDAQ 100 ETF,2026-08-27 08:50:00,295.55,295.31,295.55,295.31,0.0,0.0,484.0,142932.428,-0.0812045339198136,295.55
US.QQQM,Invesco NASDAQ 100 ETF,2026-08-27 08:55:00,295.31,295.23,295.31,295.2,0.0,0.0,2112.0,623528.516,-0.027090176424768575,295.31
US.QQQM,Invesco NASDAQ 100 ETF,2026-08-27 09:00:00,295.23,295.27,295.27,295.23,0.0,0.0,959.0,283163.172,0.01354875859498141,295.23
US.QQQM,Invesco NASDAQ 100 ETF,2026-08-27 09:05:00,295.27,295.34,295.34,295.27,0.0,0.0,929.0,274297.897,0.023707115521384894,295.27
US.QQQM,Invesco NASDAQ 100 ETF,2026-08-27 09:10:00,295.34,295.34,295.34,295.34,0.0,0.0,397.0,117577.305,0.0,295.34
US.QQQM,Invesco NASDAQ 100 ETF,2026-08-27 09:15:00,295.34,295.5,295.5,295.34,0.0,0.0,441.0,130384.55,0.054174849326208786,295.34
US.QQQM,Invesco NASDAQ 100 ETF,2026-08-27 09:20:00,295.5,295.4,295.63,295.4,0.0,0.0,1868.0,552129.99,-0.033840947546539,295.5
US.QQQM,Invesco NASDAQ 100 ETF,2026-08-27 09:25:00,295.4,295.379,295.4,295.379,0.0,0.0,520.0,153614.383,-0.007109004739322331,295.4
US.QQQM,Invesco NASDAQ 100 ETF,2026-08-27 09:30:00,295.379,295.1,295.52,295.1,0.0,0.0,3222.0,951495.202,-0.0944549206273961,295.379
US.QQQM,Invesco NASDAQ 100 ETF,2026-08-27 09:35:00,295.2,294.5742,295.82,294.49,0.0,0.0,106317.0,31383583.252,-0.17817688919010635,295.1
US.QQQM,Invesco NASDAQ 100 ETF,2026-08-27 09:40:00,294.59,294.8125,294.8125,294.41,0.0,0.0,30101.0,8867607.991,0.08089642609569374,294.5742
US.QQQM,Invesco NASDAQ 100 ETF,2026-08-27 09:45:00,294.8376,295.69,295.75,294.8376,0.0,0.0,65068.0,19220630.653,0.29764680941276156,294.8125
US.QQQM,Invesco NASDAQ 100 ETF,2026-08-27 09:50:00,295.7,294.695,295.97,294.52,0.0,0.0,77050.0,22750127.53,-0.33650106530488166,295.69
US.QQQM,Invesco NASDAQ 100 ETF,2026-08-27 09:55:00,294.82,295.35,295.55,294.79,0.0,0.0,45709.0,13499938.98,0.22226369636404744,294.695
US.QQQM,Invesco NASDAQ 100 ETF,2026-08-27 10:00:00,295.33,294.77,295.385,294.23,0.0,0.0,203803.0,60008193.579,-0.1963771796174169,295.35
US.QQQM,Invesco NASDAQ 100 ETF,2026-08-27 10:05:00,294.78,295.28,295.42,294.78,0.0,0.0,31054.0,9163983.301,0.173016249957591,294.77
US.QQQM,Invesco NASDAQ 100 ETF,2026-08-27 10:10:00,295.3,295.2095,295.465,295.06,0.0,0.0,29131.0,8600926.325,-0.023875643457051395,295.28
US.QQQM,Invesco NASDAQ 100 ETF,2026-08-27 10:15:00,295.295,295.55,295.7901,295.295,0.0,0.0,25274.0,7470965.418,0.1153418165743379,295.2095
US.QQQM,Invesco NASDAQ 100 ETF,2026-08-27 10:20:00,295.575,295.77,295.86,295.575,0.0,0.0,27984.0,8276230.37,0.07443748942648297,295.55
US.QQQM,Invesco NASDAQ 100 ETF,2026-08-27 10:25:00,295.76,295.85,295.95,295.675,0.0,0.0,75344.0,22286662.762,0.0270480440883257,295.77
US.QQQM,Invesco NASDAQ 100 ETF,2026-08-27 10:30:00,295.84,295.9699,296.15,295.725,0.0,0.0,169153.0,50058279.843,0.0405272942369352,295.85
US.QQQM,Invesco NASDAQ 100 ETF,2026-08-27 10:35:00,296.005,295.7,296.02,295.59,0.0,0.0,182270.0,53906998.001,-0.09119170564304238,295.9699
US.QQQM,Invesco NASDAQ 100 ETF,2026-08-27 10:40:00,295.68,295.42,295.96,295.4,0.0,0.0,164833.0,48748643.912,-0.09469056476157346,295.7
US.QQQM,Invesco NASDAQ 100 ETF,2026-08-27 10:45:00,295.38,295.515,295.59,295.33,0.0,0.0,126289.0,37314478.49,0.032157606120090186,295.42
US.QQQM,Invesco NASDAQ 100 ETF,2026-08-27 10:50:00,295.46,295.9,295.93,295.29,0.0,0.0,33988.0,10045188.745,0.13028103480364478,295.515
US.QQQM,Invesco NASDAQ 100 ETF,2026-08-27 10:55:00,295.83,295.74,295.97,295.56,0.0,0.0,24842.0,7348040.037,-0.05407232173030354,295.9
US.QQQM,Invesco NASDAQ 100 ETF,2026-08-27 11:00:00,295.745,295.8743,295.93,295.5,0.0,0.0,25773.0,7621349.091,0.04541151011023064,295.74
US.QQQM,Invesco NASDAQ 100 ETF,2026-08-27 11:05:00,295.92,296.07,296.08,295.86,0.0,0.0,24555.0,7267963.189,0.06614295327441011,295.8743
US.QQQM,Invesco NASDAQ 100 ETF,2026-08-27 11:10:00,296.05,296.13,296.19,296.01,0.0,0.0,18964.0,5614985.988,0.02026547775863893,296.07
US.QQQM,Invesco NASDAQ 100 ETF,2026-08-27 11:15:00,296.19,296.19,296.21,296.02,0.0,0.0,17507.0,5184394.109,0.02026137169486451,296.13
US.QQQM,Invesco NASDAQ 100 ETF,2026-08-27 11:20:00,296.225,296.195,296.28,296.1313,0.0,0.0,15485.0,4586878.118,0.001688105607885294,296.19
US.QQQM,Invesco NASDAQ 100 ETF,2026-08-27 11:25:00,296.21,295.9176,296.21,295.9162,0.0,0.0,17711.0,5243958.757,-0.0936545181383886,296.195
US.QQQM,Invesco NASDAQ 100 ETF,2026-08-27 11:30:00,295.94,295.69,295.94,295.69,0.0,0.0,17424.0,5154592.116,-0.07691330289242525,295.9176
US.QQQM,Invesco NASDAQ 100 ETF,2026-08-27 11:35:00,295.725,295.651,295.88,295.63,0.0,0.0,23296.0,6889350.958,-0.013189488991845267,295.69
US.QQQM,Invesco NASDAQ 100 ETF,2026-08-27 11:40:00,295.7434,295.53,295.75,295.48,0.0,0.0,17921.0,5297600.806,-0.04092663309105592,295.651
US.QQQM,Invesco NASDAQ 100 ETF,2026-08-27 11:45:00,295.49,295.29,295.67,295.27,0.0,0.0,26003.0,7682319.972,-0.08121002943861952,295.53
US.QQQM,Invesco NASDAQ 100 ETF,2026-08-27 11:50:00,295.28,295.2,295.28,295.1,0.0,0.0,14490.0,4277063.77,-0.03047851264859353,295.29
US.QQQM,Invesco NASDAQ 100 ETF,2026-08-27 11:55:00,295.195,296.0,296.02,295.195,0.0,0.0,18542.0,5480972.604,0.27100271002710413,295.2
US.QQQM,Invesco NASDAQ 100 ETF,2026-08-27 12:00:00,295.9201,295.901,295.9999,295.885,0.0,0.0,10523.0,3114269.488,-0.03344594594594241,296.0
US.QQQM,Invesco NASDAQ 100 ETF,2026-08-27 12:05:00,295.93,296.1,296.17,295.925,0.0,0.0,13660.0,4044096.841,0.06725222287184304,295.901
US.QQQM,Invesco NASDAQ 100 ETF,2026-08-27 12:10:00,296.09,295.88,296.1286,295.86,0.0,0.0,17551.0,5195076.888,-0.07429922323540265,296.1
US.QQQM,Invesco NASDAQ 100 ETF,2026-08-27 12:15:00,295.91,295.85,295.9601,295.7795,0.0,0.0,13656.0,4040124.921,-0.010139245640115153,295.88
US.QQQM,Invesco NASDAQ 100 ETF,2026-08-27 12:20:00,295.86,295.8305,295.96,295.749,0.0,0.0,16440.0,4864011.328,-0.006591177961822029,295.85
US.QQQM,Invesco NASDAQ 100 ETF,2026-08-27 12:25:00,295.82,295.72,295.82,295.6795,0.0,0.0,23992.0,7095784.383,-0.03735247041800794,295.8305
US.QQQM,Invesco NASDAQ 100 ETF,2026-08-27 12:30:00,295.7275,295.9807,296.02,295.69,0.0,0.0,20228.0,5984033.466,0.0881577167590916,295.72
US.QQQM,Invesco NASDAQ 100 ETF,2026-08-27 12:35:00,295.99,296.1,296.1,295.965,0.0,0.0,12222.0,3618110.246,0.040306682158671066,295.9807
US.QQQM,Invesco NASDAQ 100 ETF,2026-08-27 12:40:00,296.075,296.32,296.348,296.075,0.0,0.0,10846.0,3212910.029,0.07429922323538346,296.1
US.QQQM,Invesco NASDAQ 100 ETF,2026-08-27 12:45:00,296.4,296.38,296.44,296.36,0.0,0.0,14981.0,4440176.564,0.0202483801295904,296.32
US.QQQM,Invesco NASDAQ 100 ETF,2026-08-27 12:50:00,296.42,296.41,296.5,296.39,0.0,0.0,11588.0,3435198.537,0.010122140495320049,296.38
US.QQQM,Invesco NASDAQ 100 ETF,2026-08-27 12:55:00,296.4343,296.46,296.48,296.34,0.0,0.0,10874.0,3223315.637,0.016868526702862426,296.41
US.QQQM,Invesco NASDAQ 100 ETF,2026-08-27 13:00:00,296.45,296.46,296.46,296.37,0.0,0.0,9369.0,2777045.635,0.0,296.46
US.QQQM,Invesco NASDAQ 100 ETF,2026-08-27 13:05:00,296.4594,296.59,296.6,296.45,0.0,0.0,9394.0,2785898.609,0.043850772448220825,296.46
US.QQQM,Invesco NASDAQ 100 ETF,2026-08-27 13:10:00,296.5801,296.61,296.61,296.44,0.0,0.0,15514.0,4600543.602,0.006743315688336983,296.59
US.QQQM,Invesco NASDAQ 100 ETF,2026-08-27 13:15:00,296.64,296.5999,296.69,296.5999,0.0,0.0,11195.0,3320901.559,-0.0034051448029475224,296.61
US.QQQM,Invesco NASDAQ 100 ETF,2026-08-27 13:20:00,296.65,296.59,296.65,296.57,0.0,0.0,8458.0,2508936.863,-0.0033378298509257782,296.5999
US.QQQM,Invesco NASDAQ 100 ETF,2026-08-27 13:25:00,296.57,296.64,296.68,296.55,0.0,0.0,13100.0,3885983.175,0.016858289220813706,296.59
US.QQQM,Invesco NASDAQ 100 ETF,2026-08-27 13:30:00,296.62,296.351,296.62,296.33,0.0,0.0,18162.0,5384240.684,-0.09742448759438622,296.64
US.QQQM,Invesco NASDAQ 100 ETF,2026-08-27 13:35:00,296.35,296.365,296.51,296.29,0.0,0.0,15358.0,4551976.784,0.004724127807906842,296.351
US.QQQM,Invesco NASDAQ 100 ETF,2026-08-27 13:40:00,296.32,296.29,296.38,296.27,0.0,0.0,19840.0,5879317.508,-0.025306632024695436,296.365
US.QQQM,Invesco NASDAQ 100 ETF,2026-08-27 13:45:00,296.27,296.23,296.41,296.23,0.0,0.0,44309.0,13129050.966,-0.020250430321645103,296.29
US.QQQM,Invesco NASDAQ 100 ETF,2026-08-27 13:50:00,296.27,296.12,296.27,296.1,0.0,0.0,24983.0,7400049.975,-0.03713330857779888,296.23
US.QQQM,Invesco NASDAQ 100 ETF,2026-08-27 13:55:00,296.1111,296.2496,296.2496,296.0662,0.0,0.0,21790.0,6452356.169,0.043766040794266575,296.12
US.QQQM,Invesco NASDAQ 100 ETF,2026-08-27 14:00:00,296.21,296.07,296.219,296.0422,0.0,0.0,11567.0,3425396.601,-0.060624554429775955,296.2496
US.QQQM,Invesco NASDAQ 100 ETF,2026-08-27 14:05:00,296.11,295.715,296.165,295.715,0.0,0.0,20536.0,6076858.689,-0.11990407673861526,296.07
US.QQQM,Invesco NASDAQ 100 ETF,2026-08-27 14:10:00,295.715,295.7593,295.8561,295.71,0.0,0.0,12940.0,3827615.631,0.014980640143388433,295.715
US.QQQM,Invesco NASDAQ 100 ETF,2026-08-27 14:15:00,295.77,295.75,295.82,295.6,0.0,0.0,38162.0,11286804.13,-0.003144448881234196,295.7593
US.QQQM,Invesco NASDAQ 100 ETF,2026-08-27 14:20:00,295.72,295.725,295.819,295.6499,0.0,0.0,9208.0,2723106.691,-0.008453085376154612,295.75
US.QQQM,Invesco NASDAQ 100 ETF,2026-08-27 14:25:00,295.75,295.645,295.785,295.605948,0.0,0.0,40173.0,11880089.298,-0.027052159945909517,295.725
US.QQQM,Invesco NASDAQ 100 ETF,2026-08-27 14:30:00,295.63,295.27,295.63,295.24,0.0,0.0,16281.0,4810302.256,-0.12684131306127283,295.645
US.QQQM,Invesco NASDAQ 100 ETF,2026-08-27 14:35:00,295.34,295.41,295.65,295.33,0.0,0.0,25451.0,7521410.015,0.047414231042789044,295.27
US.QQQM,Invesco NASDAQ 100 ETF,2026-08-27 14:40:00,295.46,295.7122,295.7122,295.41,0.0,0.0,359705.0,106278722.442,0.10229850038927955,295.41
US.QQQM,Invesco NASDAQ 100 ETF,2026-08-27 14:45:00,295.718,295.6855,295.7599,295.6501,0.0,0.0,16369.0,4840252.155,-0.009029049190397041,295.7122
US.QQQM,Invesco NASDAQ 100 ETF,2026-08-27 14:50:00,295.67,295.55,295.769,295.55,0.0,0.0,12837.0,3795860.746,-0.045825716851174335,295.6855
US.QQQM,Invesco NASDAQ 100 ETF,2026-08-27 14:55:00,295.48,295.52,295.616,295.48,0.0,0.0,10605.0,3134510.789,-0.010150566739986315,295.55
US.QQQM,Invesco NASDAQ 100 ETF,2026-08-27 15:00:00,295.49,295.71,295.72,295.434,0.0,0.0,11172.0,3302257.658,0.06429344883594942,295.52
US.QQQM,Invesco NASDAQ 100 ETF,2026-08-27 15:05:00,295.65,295.85,295.875,295.63,0.0,0.0,15986.0,4727581.072,0.04734368130940557,295.71
US.QQQM,Invesco NASDAQ 100 ETF,2026-08-27 15:10:00,295.85,295.87,295.96,295.72,0.0,0.0,26423.0,7817252.699,0.006760182524922024,295.85
US.QQQM,Invesco NASDAQ 100 ETF,2026-08-27 15:15:00,295.865,295.98,296.02,295.865,0.0,0.0,22173.0,6561482.432,0.037178490553288146,295.87
US.QQQM,Invesco NASDAQ 100 ETF,2026-08-27 15:20:00,295.91,295.9801,296.03,295.885,0.0,0.0,15814.0,4680691.832,3.378606661764239e-05,295.98
US.QQQM,Invesco NASDAQ 100 ETF,2026-08-27 15:25:00,296.0,296.02,296.08,295.98,0.0,0.0,15873.0,4698926.534,0.013480636029242751,295.9801
US.QQQM,Invesco NASDAQ 100 ETF,2026-08-27 15:30:00,295.9901,295.99,296.07,295.91,0.0,0.0,22600.0,6689635.982,-0.010134450374965447,296.02
US.QQQM,Invesco NASDAQ 100 ETF,2026-08-27 15:35:00,295.97,296.185,296.23,295.925,0.0,0.0,26467.0,7836458.821,0.06588060407445967,295.99
US.QQQM,Invesco NASDAQ 100 ETF,2026-08-27 15:40:00,296.21,296.245,296.26,296.17,0.0,0.0,22564.0,6684244.55,0.02025760926448074,296.185
US.QQQM,Invesco NASDAQ 100 ETF,2026-08-27 15:45:00,296.235,296.27,296.277103,296.2,0.0,0.0,30223.0,8953458.953,0.008438960995114604,296.245
US.QQQM,Invesco NASDAQ 100 ETF,2026-08-27 15:50:00,296.26,296.4301,296.44,296.26,0.0,0.0,33784.0,10012667.319,0.05403854592095046,296.27
US.QQQM,Invesco NASDAQ 100 ETF,2026-08-27 15:55:00,296.4,296.78,296.8,296.25,0.0,0.0,56585.0,16780060.832,0.11803794553926575,296.4301
US.QQQM,Invesco NASDAQ 100 ETF,2026-08-27 16:00:00,296.77,296.92,297.0,296.7,0.0,0.0,147746.0,43865597.193,0.04717299009368664,296.78
US.QQQM,Invesco NASDAQ 100 ETF,2026-08-27 16:05:00,296.92,296.72,297.0,296.72,0.0,0.0,9070.0,2693014.072,-0.06735821096591292,296.92
US.QQQM,Invesco NASDAQ 100 ETF,2026-08-27 16:10:00,296.72,296.61,296.72,296.57,0.0,0.0,6240.0,1850793.765,-0.03707198705851093,296.72
US.QQQM,Invesco NASDAQ 100 ETF,2026-08-27 16:15:00,296.61,296.46,296.61,296.46,0.0,0.0,740.0,219693.451,-0.050571457469415756,296.61
US.QQQM,Invesco NASDAQ 100 ETF,2026-08-27 16:20:00,296.46,296.51,296.51,296.45,0.0,0.0,2162.0,641016.138,0.016865681710858588,296.46
US.QQQM,Invesco NASDAQ 100 ETF,2026-08-27 16:25:00,296.51,296.43,296.51,296.43,0.0,0.0,475.0,140813.927,-0.026980540285313846,296.51
US.QQQM,Invesco NASDAQ 100 ETF,2026-08-27 16:30:00,296.43,296.37,296.43,296.35,0.0,0.0,687.0,203601.942,-0.020240866309078797,296.43
US.QQQM,Invesco NASDAQ 100 ETF,2026-08-27 16:35:00,296.34,296.37,296.399,296.34,0.0,0.0,1372.0,406629.585,0.0,296.37
US.QQQM,Invesco NASDAQ 100 ETF,2026-08-27 16:40:00,296.37,296.34,296.37,296.34,0.0,0.0,419.0,124205.67,-0.010122482032604366,296.37
US.QQQM,Invesco NASDAQ 100 ETF,2026-08-27 16:45:00,296.34,296.3699,296.37,296.34,0.0,0.0,829.0,245895.925,0.010089761760139643,296.34
US.QQQM,Invesco NASDAQ 100 ETF,2026-08-27 16:50:00,296.3699,296.29,296.399,296.29,0.0,0.0,1216.0,360386.956,-0.026959552910046654,296.3699
US.QQQM,Invesco NASDAQ 100 ETF,2026-08-27 16:55:00,296.29,296.26,296.29,296.26,0.0,0.0,592.0,175395.056,-0.010125215160832144,296.29
US.QQQM,Invesco NASDAQ 100 ETF,2026-08-27 17:00:00,296.26,296.26,296.26,296.26,0.0,0.0,140.0,41478.334,0.0,296.26
US.QQQM,Invesco NASDAQ 100 ETF,2026-08-27 17:05:00,296.26,296.26,296.26,296.26,0.0,0.0,82.0,24044.089,0.0,296.26
US.QQQM,Invesco NASDAQ 100 ETF,2026-08-27 17:10:00,296.26,296.3342,296.3342,296.26,0.0,0.0,276.0,81802.445,0.025045568082096438,296.26
US.QQQM,Invesco NASDAQ 100 ETF,2026-08-27 17:15:00,296.3342,296.3342,296.3342,296.3342,0.0,0.0,102.0,30235.68,0.0,296.3342
US.QQQM,Invesco NASDAQ 100 ETF,2026-08-27 17:20:00,296.3342,296.3509,296.3509,296.3342,0.0,0.0,221.0,65493.827,0.005635529074947937,296.3342
US.QQQM,Invesco NASDAQ 100 ETF,2026-08-27 17:25:00,296.3509,296.44,296.44,296.3509,0.0,0.0,334.0,99011.87,0.030065709265594782,296.3509
US.QQQM,Invesco NASDAQ 100 ETF,2026-08-27 17:30:00,296.44,296.44,296.44,296.44,0.0,0.0,24.0,7117.04,0.0,296.44
US.QQQM,Invesco NASDAQ 100 ETF,2026-08-27 17:35:00,296.44,296.44,296.44,296.44,0.0,0.0,65.0,19266.06,0.0,296.44
US.QQQM,Invesco NASDAQ 100 ETF,2026-08-27 17:40:00,296.44,296.44,296.44,296.44,0.0,0.0,64.0,18970.64,0.0,296.44
US.QQQM,Invesco NASDAQ 100 ETF,2026-08-27 17:45:00,296.44,296.4,296.51,296.4,0.0,0.0,1074.0,318409.594,-0.013493455674005013,296.44
US.QQQM,Invesco NASDAQ 100 ETF,2026-08-27 17:50:00,296.4,296.4,296.4,296.4,0.0,0.0,95.0,28161.56,0.0,296.4
US.QQQM,Invesco NASDAQ 100 ETF,2026-08-27 17:55:00,296.4,296.4,296.4,296.4,0.0,0.0,81.0,24140.21,0.0,296.4
US.QQQM,Invesco NASDAQ 100 ETF,2026-08-27 18:00:00,296.4,296.4,296.4,296.4,0.0,0.0,132.0,39122.18,0.0,296.4
US.QQQM,Invesco NASDAQ 100 ETF,2026-08-27 18:05:00,296.4,296.12,296.4,296.12,0.0,0.0,1765.0,522868.447,-0.09446693657219053,296.4
US.QQQM,Invesco NASDAQ 100 ETF,2026-08-27 18:10:00,296.12,296.12,296.12,296.12,0.0,0.0,57.0,16883.415,0.0,296.12
US.QQQM,Invesco NASDAQ 100 ETF,2026-08-27 18:15:00,296.12,296.12,296.12,296.12,0.0,0.0,170.0,50369.856,0.0,296.12
US.QQQM,Invesco NASDAQ 100 ETF,2026-08-27 18:20:00,296.12,296.24,296.24,296.12,0.0,0.0,396.0,117307.138,0.04052411184655023,296.12
US.QQQM,Invesco NASDAQ 100 ETF,2026-08-27 18:25:00,296.24,296.25,296.25,296.24,0.0,0.0,338.0,100130.397,0.003375641371857583,296.24
US.QQQM,Invesco NASDAQ 100 ETF,2026-08-27 18:30:00,296.25,296.25,296.25,296.25,0.0,0.0,202.0,59857.328,0.0,296.25
US.QQQM,Invesco NASDAQ 100 ETF,2026-08-27 18:35:00,296.25,296.32,296.35,296.25,0.0,0.0,509.0,150822.981,0.023628691983120058,296.25
US.QQQM,Invesco NASDAQ 100 ETF,2026-08-27 18:40:00,296.32,296.32,296.32,296.32,0.0,0.0,237.0,70276.779,0.0,296.32
US.QQQM,Invesco NASDAQ 100 ETF,2026-08-27 18:45:00,296.32,296.32,296.32,296.32,0.0,0.0,233.0,69207.205,0.0,296.32
US.QQQM,Invesco NASDAQ 100 ETF,2026-08-27 18:50:00,296.32,296.2893,296.32,296.2893,0.0,0.0,202.0,59951.271,-0.010360421166295737,296.32
US.QQQM,Invesco NASDAQ 100 ETF,2026-08-27 18:55:00,296.2893,296.28,296.2893,296.28,0.0,0.0,188.0,55702.526,-0.003138824115502292,296.2893
US.QQQM,Invesco NASDAQ 100 ETF,2026-08-27 19:00:00,296.28,296.3,296.3,296.28,0.0,0.0,329.0,97513.03,0.00675037127043292,296.28
US.QQQM,Invesco NASDAQ 100 ETF,2026-08-27 19:05:00,296.3,296.3,296.3,296.3,0.0,0.0,339.0,100490.52,0.0,296.3
US.QQQM,Invesco NASDAQ 100 ETF,2026-08-27 19:10:00,296.3,296.3,296.3,296.3,0.0,0.0,60.0,17775.55,0.0,296.3
US.QQQM,Invesco NASDAQ 100 ETF,2026-08-27 19:15:00,296.3,296.3,296.3,296.3,0.0,0.0,350.0,103704.828,0.0,296.3
US.QQQM,Invesco NASDAQ 100 ETF,2026-08-27 19:20:00,296.3,296.04,296.3,296.04,0.0,0.0,866.0,256470.365,-0.08774890313870769,296.3
US.QQQM,Invesco NASDAQ 100 ETF,2026-08-27 19:25:00,296.04,296.04,296.04,296.04,0.0,0.0,30.0,8894.071,0.0,296.04
US.QQQM,Invesco NASDAQ 100 ETF,2026-08-27 19:30:00,296.04,296.0101,296.04,296.01,0.0,0.0,507.0,150105.258,-0.010099986488311653,296.04
US.QQQM,Invesco NASDAQ 100 ETF,2026-08-27 19:35:00,296.0101,296.04,296.04,296.0101,0.0,0.0,433.0,128253.91,0.010101006688622386,296.0101
US.QQQM,Invesco NASDAQ 100 ETF,2026-08-27 19:40:00,296.04,296.04,296.04,296.04,0.0,0.0,76.0,22507.272,0.0,296.04
US.QQQM,Invesco NASDAQ 100 ETF,2026-08-27 19:45:00,296.04,296.04,296.04,296.04,0.0,0.0,65.0,19246.435,0.0,296.04
US.QQQM,Invesco NASDAQ 100 ETF,2026-08-27 19:50:00,296.04,296.04,296.04,296.04,0.0,0.0,108.0,31966.391,0.0,296.04
US.QQQM,Invesco NASDAQ 100 ETF,2026-08-27 19:55:00,296.04,295.95,296.04,295.95,0.0,0.0,308.0,91138.499,-0.03040129712202129,296.04
US.QQQM,Invesco NASDAQ 100 ETF,2026-08-27 20:00:00,295.95,296.01,296.01,295.95,0.0,0.0,118.0,34927.62,0.020273694880892812,295.95
US.QQQM,Invesco NASDAQ 100 ETF,2026-08-28 04:05:00,296.92,296.0,296.92,296.0,0.0,0.0,9136.0,2707026.176,-0.0033782642478263924,296.01
US.QQQM,Invesco NASDAQ 100 ETF,2026-08-28 04:10:00,296.0,295.91,296.0,295.91,0.0,0.0,321.0,95038.341,-0.03040540540539696,296.0
US.QQQM,Invesco NASDAQ 100 ETF,2026-08-28 04:15:00,295.91,296.04,296.04,295.91,0.0,0.0,519.0,153623.901,0.04393227670575359,295.91
US.QQQM,Invesco NASDAQ 100 ETF,2026-08-28 04:20:00,296.04,295.92,296.04,295.92,0.0,0.0,498.0,147437.719,-0.04053506282934892,296.04
US.QQQM,Invesco NASDAQ 100 ETF,2026-08-28 04:25:00,295.92,295.92,295.92,295.92,0.0,0.0,97.0,28802.372,0.0,295.92
US.QQQM,Invesco NASDAQ 100 ETF,2026-08-28 04:30:00,295.92,295.92,295.92,295.92,0.0,0.0,72.0,21315.762,0.0,295.92
US.QQQM,Invesco NASDAQ 100 ETF,2026-08-28 04:35:00,295.92,296.2,296.2,295.92,0.0,0.0,291.0,86191.835,0.09462016761285912,295.92
US.QQQM,Invesco NASDAQ 100 ETF,2026-08-28 04:40:00,296.2,296.2,296.2,296.2,0.0,0.0,16.0,4741.662,0.0,296.2
US.QQQM,Invesco NASDAQ 100 ETF,2026-08-28 04:45:00,296.2,296.2,296.2,296.2,0.0,0.0,213.0,63121.28,0.0,296.2
US.QQQM,Invesco NASDAQ 100 ETF,2026-08-28 04:50:00,296.2,296.17,296.28,296.17,0.0,0.0,1434.0,424840.198,-0.010128291694791599,296.2
US.QQQM,Invesco NASDAQ 100 ETF,2026-08-28 04:55:00,296.17,296.211,296.211,296.17,0.0,0.0,380.0,112649.108,0.013843400749568427,296.17
US.QQQM,Invesco NASDAQ 100 ETF,2026-08-28 05:00:00,296.211,296.24,296.24,296.211,0.0,0.0,197.0,58361.97,0.00979031838790469,296.211
US.QQQM,Invesco NASDAQ 100 ETF,2026-08-28 05:05:00,296.24,296.27,296.27,296.24,0.0,0.0,570.0,168886.023,0.01012692411557275,296.24
US.QQQM,Invesco NASDAQ 100 ETF,2026-08-28 05:10:00,296.27,296.27,296.27,296.27,0.0,0.0,189.0,56000.667,0.0,296.27
US.QQQM,Invesco NASDAQ 100 ETF,2026-08-28 05:15:00,296.27,296.27,296.27,296.27,0.0,0.0,92.0,27421.185,0.0,296.27
US.QQQM,Invesco NASDAQ 100 ETF,2026-08-28 05:20:00,296.27,296.27,296.27,296.27,0.0,0.0,113.0,33483.5,0.0,296.27
US.QQQM,Invesco NASDAQ 100 ETF,2026-08-28 05:25:00,296.27,296.09,296.27,296.09,0.0,0.0,317.0,93889.417,-0.06075539204104595,296.27
US.QQQM,Invesco NASDAQ 100 ETF,2026-08-28 05:30:00,296.09,296.09,296.09,296.09,0.0,0.0,137.0,40783.143,0.0,296.09
US.QQQM,Invesco NASDAQ 100 ETF,2026-08-28 05:35:00,296.09,296.09,296.09,296.09,0.0,0.0,76.0,22770.968,0.0,296.09
US.QQQM,Invesco NASDAQ 100 ETF,2026-08-28 05:40:00,296.09,296.09,296.09,296.09,0.0,0.0,172.0,51016.544,0.0,296.09
US.QQQM,Invesco NASDAQ 100 ETF,2026-08-28 05:45:00,296.09,296.16,296.16,296.09,0.0,0.0,319.0,94470.042,0.02364146036679727,296.09
US.QQQM,Invesco NASDAQ 100 ETF,2026-08-28 05:50:00,296.16,296.09,296.16,296.09,0.0,0.0,156.0,46191.25,-0.02363587250136751,296.16
US.QQQM,Invesco NASDAQ 100 ETF,2026-08-28 05:55:00,296.09,296.09,296.09,296.09,0.0,0.0,43.0,12738.139,0.0,296.09
US.QQQM,Invesco NASDAQ 100 ETF,2026-08-28 06:00:00,296.09,296.15,296.22,296.09,0.0,0.0,377.0,111660.43,0.020264108885812517,296.09
US.QQQM,Invesco NASDAQ 100 ETF,2026-08-28 06:05:00,296.15,296.15,296.15,296.15,0.0,0.0,110.0,32730.701,0.0,296.15
US.QQQM,Invesco NASDAQ 100 ETF,2026-08-28 06:10:00,296.15,296.17,296.17,296.15,0.0,0.0,362.0,107260.064,0.006753334458902129,296.15
US.QQQM,Invesco NASDAQ 100 ETF,2026-08-28 06:15:00,296.17,296.17,296.17,296.17,0.0,0.0,25.0,7402.106,0.0,296.17
US.QQQM,Invesco NASDAQ 100 ETF,2026-08-28 06:20:00,296.17,296.17,296.17,296.17,0.0,0.0,173.0,51254.705,0.0,296.17
US.QQQM,Invesco NASDAQ 100 ETF,2026-08-28 06:25:00,296.17,296.22,296.22,296.17,0.0,0.0,197.0,58556.029,0.016882196036064206,296.17
US.QQQM,Invesco NASDAQ 100 ETF,2026-08-28 06:30:00,296.22,296.161,296.22,296.161,0.0,0.0,184.0,54498.123,-0.019917628789422024,296.22
US.QQQM,Invesco NASDAQ 100 ETF,2026-08-28 06:35:00,296.161,296.27,296.27,296.161,0.0,0.0,258.0,76584.696,0.036804305766113855,296.161
US.QQQM,Invesco NASDAQ 100 ETF,2026-08-28 06:40:00,296.27,296.27,296.27,296.27,0.0,0.0,165.0,48898.272,0.0,296.27
US.QQQM,Invesco NASDAQ 100 ETF,2026-08-28 06:45:00,296.27,296.27,296.27,296.27,0.0,0.0,129.0,38275.281,0.0,296.27
US.QQQM,Invesco NASDAQ 100 ETF,2026-08-28 06:50:00,296.27,296.08,296.27,296.08,0.0,0.0,745.0,220703.049,-0.06413069159887863,296.27
US.QQQM,Invesco NASDAQ 100 ETF,2026-08-28 06:55:00,296.08,296.08,296.08,296.08,0.0,0.0,71.0,21028.48,0.0,296.08
US.QQQM,Invesco NASDAQ 100 ETF,2026-08-28 07:00:00,296.08,296.08,296.08,296.08,0.0,0.0,105.0,31131.978,0.0,296.08
US.QQQM,Invesco NASDAQ 100 ETF,2026-08-28 07:05:00,296.08,296.32,296.32,296.08,0.0,0.0,543.0,161115.682,0.08105917319643648,296.08
US.QQQM,Invesco NASDAQ 100 ETF,2026-08-28 07:10:00,296.32,296.32,296.32,296.32,0.0,0.0,336.0,99551.214,0.0,296.32
US.QQQM,Invesco NASDAQ 100 ETF,2026-08-28 07:15:00,296.32,296.32,296.32,296.32,0.0,0.0,179.0,53094.176,0.0,296.32
US.QQQM,Invesco NASDAQ 100 ETF,2026-08-28 07:20:00,296.32,296.29,296.32,296.29,0.0,0.0,193.0,57227.472,-0.010124190064785609,296.32
US.QQQM,Invesco NASDAQ 100 ETF,2026-08-28 07:25:00,296.29,296.3,296.3,296.29,0.0,0.0,362.0,107281.457,0.003375071720270986,296.29
US.QQQM,Invesco NASDAQ 100 ETF,2026-08-28 07:30:00,296.3,296.3,296.3,296.3,0.0,0.0,74.0,21953.607,0.0,296.3
US.QQQM,Invesco NASDAQ 100 ETF,2026-08-28 07:35:00,296.3,296.42,296.42,296.3,0.0,0.0,397.0,117696.416,0.04049949375632958,296.3
US.QQQM,Invesco NASDAQ 100 ETF,2026-08-28 07:40:00,296.42,296.27,296.42,296.27,0.0,0.0,327.0,96960.555,-0.05060387288308282,296.42
US.QQQM,Invesco NASDAQ 100 ETF,2026-08-28 07:45:00,296.27,296.2259,296.27,296.2259,0.0,0.0,453.0,134400.867,-0.01488507105004139,296.27
US.QQQM,Invesco NASDAQ 100 ETF,2026-08-28 07:50:00,296.2259,296.2259,296.2259,296.2259,0.0,0.0,60.0,17785.789,0.0,296.2259
US.QQQM,Invesco NASDAQ 100 ETF,2026-08-28 07:55:00,296.2259,296.2259,296.2259,296.2259,0.0,0.0,214.0,63466.386,0.0,296.2259
US.QQQM,Invesco NASDAQ 100 ETF,2026-08-28 08:00:00,296.2259,296.2259,296.2259,296.2259,0.0,0.0,163.0,48367.25,0.0,296.2259
US.QQQM,Invesco NASDAQ 100 ETF,2026-08-28 08:05:00,296.2259,296.2259,296.2259,296.2259,0.0,0.0,221.0,65447.529,0.0,296.2259
US.QQQM,Invesco NASDAQ 100 ETF,2026-08-28 08:10:00,296.2259,296.2259,296.2259,296.2259,0.0,0.0,159.0,47269.619,0.0,296.2259
US.QQQM,Invesco NASDAQ 100 ETF,2026-08-28 08:15:00,296.2259,296.33,296.33,296.2259,0.0,0.0,1387.0,411142.018,0.035142099323509486,296.2259
US.QQQM,Invesco NASDAQ 100 ETF,2026-08-28 08:20:00,296.33,296.47,296.47,296.33,0.0,0.0,442.0,131095.844,0.047244625923815745,296.33
US.QQQM,Invesco NASDAQ 100 ETF,2026-08-28 08:25:00,296.47,296.6054,296.6054,296.47,0.0,0.0,503.0,149189.354,0.045670725537136074,296.47
US.QQQM,Invesco NASDAQ 100 ETF,2026-08-28 08:30:00,296.6054,296.64,296.6655,296.6054,0.0,0.0,4931.0,1462828.837,0.011665330435660218,296.6054
US.QQQM,Invesco NASDAQ 100 ETF,2026-08-28 08:35:00,296.64,296.42,296.64,296.42,0.0,0.0,484.0,143714.259,-0.07416396979502779,296.64
US.QQQM,Invesco NASDAQ 100 ETF,2026-08-28 08:40:00,296.42,296.42,296.42,296.42,0.0,0.0,246.0,73168.925,0.0,296.42
US.QQQM,Invesco NASDAQ 100 ETF,2026-08-28 08:45:00,296.42,296.63,296.63,296.4041,0.0,0.0,576.0,170972.839,0.07084542203629293,296.42
US.QQQM,Invesco NASDAQ 100 ETF,2026-08-28 08:50:00,296.63,296.6694,296.6694,296.63,0.0,0.0,1255.0,372339.099,0.013282540538718452,296.63
US.QQQM,Invesco NASDAQ 100 ETF,2026-08-28 08:55:00,296.6694,296.6359,296.69,296.6359,0.0,0.0,762.0,226077.732,-0.01129203079252651,296.6694
US.QQQM,Invesco NASDAQ 100 ETF,2026-08-28 09:00:00,296.6359,296.6359,296.6359,296.6359,0.0,0.0,283.0,84168.402,0.0,296.6359
US.QQQM,Invesco NASDAQ 100 ETF,2026-08-28 09:05:00,296.6359,296.81,296.81,296.6,0.0,0.0,1309.0,388320.487,0.058691480026527444,296.6359
US.QQQM,Invesco NASDAQ 100 ETF,2026-08-28 09:10:00,296.81,296.63,296.81,296.63,0.0,0.0,374.0,111101.742,-0.06064485697921459,296.81
US.QQQM,Invesco NASDAQ 100 ETF,2026-08-28 09:15:00,296.63,296.68,296.68,296.63,0.0,0.0,242.0,71909.635,0.016856015912082856,296.63
US.QQQM,Invesco NASDAQ 100 ETF,2026-08-28 09:20:00,296.68,296.65,296.68,296.63,0.0,0.0,722.0,214411.9,-0.010111905082927586,296.68
US.QQQM,Invesco NASDAQ 100 ETF,2026-08-28 09:25:00,296.65,296.516,296.65,296.516,0.0,0.0,482.0,142927.166,-0.04517107702678501,296.65
US.QQQM,Invesco NASDAQ 100 ETF,2026-08-28 09:30:00,296.516,296.38,296.516,296.31,0.0,0.0,9184.0,2722244.6,-0.045865990368150145,296.516
US.QQQM,Invesco NASDAQ 100 ETF,2026-08-28 09:35:00,296.33,296.07,296.455,295.76,0.0,0.0,182189.0,53956470.612,-0.10459545178487155,296.38
US.QQQM,Invesco NASDAQ 100 ETF,2026-08-28 09:40:00,296.14,296.61,296.63,295.97,0.0,0.0,55487.0,16442446.848,0.18238929982775035,296.07
US.QQQM,Invesco NASDAQ 100 ETF,2026-08-28 09:45:00,296.5951,296.892748,297.07,296.5951,0.0,0.0,25357.0,7528812.456,0.09532652304371719,296.61
US.QQQM,Invesco NASDAQ 100 ETF,2026-08-28 09:50:00,296.995,296.72,297.07,296.6,0.0,0.0,101537.0,30137302.142,-0.05818532152222052,296.892748
US.QQQM,Invesco NASDAQ 100 ETF,2026-08-28 09:55:00,296.65,296.4372,296.725,296.369,0.0,0.0,23772.0,7049315.19,-0.09530870854678107,296.72
US.QQQM,Invesco NASDAQ 100 ETF,2026-08-28 10:00:00,296.41,296.4,296.75,296.36,0.0,0.0,25521.0,7567260.678,-0.012549032307699977,296.4372
US.QQQM,Invesco NASDAQ 100 ETF,2026-08-28 10:05:00,296.3,296.3701,297.1,296.05,0.0,0.0,40532.0,12020199.457,-0.010087719298244877,296.4
US.QQQM,Invesco NASDAQ 100 ETF,2026-08-28 10:10:00,296.375,295.98,296.375,295.67,0.0,0.0,31046.0,9188783.721,-0.1316259636177743,296.3701
US.QQQM,Invesco NASDAQ 100 ETF,2026-08-28 10:15:00,295.935,295.38,296.06,295.18,0.0,0.0,40450.0,11953756.618,-0.202716399756748,295.98
US.QQQM,Invesco NASDAQ 100 ETF,2026-08-28 10:20:00,295.47,296.2,296.35,295.43,0.0,0.0,33520.0,9916757.553,0.27760850429954403,295.38
US.QQQM,Invesco NASDAQ 100 ETF,2026-08-28 10:25:00,296.16,296.485,296.785,296.16,0.0,0.0,19137.0,5674137.218,0.09621877110061615,296.2
US.QQQM,Invesco NASDAQ 100 ETF,2026-08-28 10:30:00,296.57,296.56,296.57,296.13,0.0,0.0,30740.0,9110356.203,0.025296389362021228,296.485
US.QQQM,Invesco NASDAQ 100 ETF,2026-08-28 10:35:00,296.53,296.85,296.9399,296.4,0.0,0.0,29218.0,8665412.974,0.0977879687078569,296.56
US.QQQM,Invesco NASDAQ 100 ETF,2026-08-28 10:40:00,296.88,296.925,297.17,296.79,0.0,0.0,26047.0,7734883.302,0.025265285497722292,296.85
US.QQQM,Invesco NASDAQ 100 ETF,2026-08-28 10:45:00,296.86,297.4,297.489,296.86,0.0,0.0,19043.0,5659967.418,0.15997305716930738,296.925
US.QQQM,Invesco NASDAQ 100 ETF,2026-08-28 10:50:00,297.42,297.555,297.595,297.33,0.0,0.0,19069.0,5672467.497,0.052118359112316597,297.4
US.QQQM,Invesco NASDAQ 100 ETF,2026-08-28 10:55:00,297.56,297.7361,297.8499,297.526,0.0,0.0,19672.0,5856378.376,0.060862697652539835,297.555
US.QQQM,Invesco NASDAQ 100 ETF,2026-08-28 11:00:00,297.75,298.02,298.03,297.75,0.0,0.0,20192.0,6015836.106,0.0953528980865807,297.7361
US.QQQM,Invesco NASDAQ 100 ETF,2026-08-28 11:05:00,298.025,298.02,298.16,297.9,0.0,0.0,19536.0,5822259.491,0.0,298.02
US.QQQM,Invesco NASDAQ 100 ETF,2026-08-28 11:10:00,297.9992,297.6877,298.07,297.6877,0.0,0.0,17711.0,5276459.323,-0.11150258371920516,298.02
US.QQQM,Invesco NASDAQ 100 ETF,2026-08-28 11:15:00,297.71,297.498,297.76,297.41,0.0,0.0,16859.0,5017470.245,-0.06372450054201642,297.6877
US.QQQM,Invesco NASDAQ 100 ETF,2026-08-28 11:20:00,297.56,297.53,297.7872,297.52,0.0,0.0,152399.0,45359626.304,0.010756374832766024,297.498
US.QQQM,Invesco NASDAQ 100 ETF,2026-08-28 11:25:00,297.54,297.765,297.765,297.45,0.0,0.0,76851.0,22873504.307,0.07898363190266987,297.53
US.QQQM,Invesco NASDAQ 100 ETF,2026-08-28 11:30:00,297.7399,297.83,297.95,297.7,0.0,0.0,43393.0,12924507.531,0.021829294913773525,297.765
US.QQQM,Invesco NASDAQ 100 ETF,2026-08-28 11:35:00,297.875,297.68,297.875,297.68,0.0,0.0,16943.0,5045727.874,-0.05036430178288865,297.83
US.QQQM,Invesco NASDAQ 100 ETF,2026-08-28 11:40:00,297.72,297.2801,297.72,297.27,0.0,0.0,11340.0,3374327.032,-0.1343388873958621,297.68
US.QQQM,Invesco NASDAQ 100 ETF,2026-08-28 11:45:00,297.18,296.81,297.18,296.71,0.0,0.0,15104.0,4483918.795,-0.1581336927698834,297.2801
US.QQQM,Invesco NASDAQ 100 ETF,2026-08-28 11:50:00,296.7,296.36,296.84,296.36,0.0,0.0,14116.0,4186960.771,-0.1516121424480269,296.81
US.QQQM,Invesco NASDAQ 100 ETF,2026-08-28 11:55:00,296.3671,296.081,296.465,295.9552,0.0,0.0,16659.0,4933469.421,-0.09414225941422472,296.36
US.QQQM,Invesco NASDAQ 100 ETF,2026-08-28 12:00:00,296.11,295.58,296.115,295.52,0.0,0.0,47680.0,14098814.005,-0.16921045254509176,296.081
US.QQQM,Invesco NASDAQ 100 ETF,2026-08-28 12:05:00,295.57,295.4,295.69,295.15,0.0,0.0,58075.0,17155553.192,-0.06089721902700008,295.58
US.QQQM,Invesco NASDAQ 100 ETF,2026-08-28 12:10:00,295.37,295.945,295.95,295.35,0.0,0.0,34368.0,10161081.653,0.18449559918754774,295.4
US.QQQM,Invesco NASDAQ 100 ETF,2026-08-28 12:15:00,295.9,295.64,295.94,295.615,0.0,0.0,25369.0,7503626.01,-0.10305969014513064,295.945
US.QQQM,Invesco NASDAQ 100 ETF,2026-08-28 12:20:00,295.6,295.195,295.625,294.995,0.0,0.0,43160.0,12743290.411,-0.15052090380191896,295.64
US.QQQM,Invesco NASDAQ 100 ETF,2026-08-28 12:25:00,295.175,294.965,295.275,294.68,0.0,0.0,36308.0,10708129.264,-0.077914598824512,295.195
US.QQQM,Invesco NASDAQ 100 ETF,2026-08-28 12:30:00,294.865,294.95,295.08,294.815,0.0,0.0,194512.0,57376485.602,-0.005085349109211723,294.965
US.QQQM,Invesco NASDAQ 100 ETF,2026-08-28 12:35:00,295.025,294.86,295.250911,294.86,0.0,0.0,15082.0,4450860.114,-0.03051364638073402,294.95
US.QQQM,Invesco NASDAQ 100 ETF,2026-08-28 12:40:00,294.86,295.13,295.3199,294.85,0.0,0.0,26268.0,7752339.389,0.09156888014650404,294.86
US.QQQM,Invesco NASDAQ 100 ETF,2026-08-28 12:45:00,295.12,294.85,295.12,294.81,0.0,0.0,21048.0,6207117.146,-0.09487344560023471,295.13
US.QQQM,Invesco NASDAQ 100 ETF,2026-08-28 12:50:00,294.9798,295.35,295.49,294.9798,0.0,0.0,17308.0,5112600.869,0.16957775139901643,294.85
US.QQQM,Invesco NASDAQ 100 ETF,2026-08-28 12:55:00,295.4,295.16,295.529,295.1595,0.0,0.0,15818.0,4672599.861,-0.06433045539190714,295.35
US.QQQM,Invesco NASDAQ 100 ETF,2026-08-28 13:00:00,295.22,295.09,295.25,295.09,0.0,0.0,16278.0,4805020.99,-0.02371595067083955,295.16
US.QQQM,Invesco NASDAQ 100 ETF,2026-08-28 13:05:00,295.04,294.77,295.07,294.56,0.0,0.0,14048.0,4141430.508,-0.10844149242603722,295.09
US.QQQM,Invesco NASDAQ 100 ETF,2026-08-28 13:10:00,294.68,294.6299,294.69,294.45,0.0,0.0,20732.0,6107025.027,-0.047528581605984756,294.77
US.QQQM,Invesco NASDAQ 100 ETF,2026-08-28 13:15:00,294.49,294.8922,294.9,294.49,0.0,0.0,23136.0,6818730.199,0.08902694533038974,294.6299
US.QQQM,Invesco NASDAQ 100 ETF,2026-08-28 13:20:00,294.835,294.84,294.91,294.71,0.0,0.0,16500.0,4865082.095,-0.017701383759905334,294.8922
US.QQQM,Invesco NASDAQ 100 ETF,2026-08-28 13:25:00,294.83,294.75,294.9025,294.58,0.0,0.0,14000.0,4125803.043,-0.03052503052502205,294.84
US.QQQM,Invesco NASDAQ 100 ETF,2026-08-28 13:30:00,294.79,294.76,294.99,294.69,0.0,0.0,18697.0,5512579.788,0.003392705682778933,294.75
US.QQQM,Invesco NASDAQ 100 ETF,2026-08-28 13:35:00,294.7749,295.025,295.05,294.75,0.0,0.0,12062.0,3557626.804,0.08990365042746179,294.76
US.QQQM,Invesco NASDAQ 100 ETF,2026-08-28 13:40:00,295.04,294.69,295.09,294.69,0.0,0.0,15558.0,4589152.631,-0.11354969917802883,295.025
US.QQQM,Invesco NASDAQ 100 ETF,2026-08-28 13:45:00,294.74,294.92,294.96,294.74,0.0,0.0,8536.0,2516859.61,0.07804811836167436,294.69
US.QQQM,Invesco NASDAQ 100 ETF,2026-08-28 13:50:00,294.88,295.295,295.32,294.88,0.0,0.0,23433.0,6915789.819,0.12715312627153127,294.92
US.QQQM,Invesco NASDAQ 100 ETF,2026-08-28 13:55:00,295.22,295.29,295.29,295.2077,0.0,0.0,10683.0,3154450.514,-0.001693222032203543,295.295
US.QQQM,Invesco NASDAQ 100 ETF,2026-08-28 14:00:00,295.2,295.22,295.22,295.02,0.0,0.0,8126.0,2398290.52,-0.023705509837784272,295.29
US.QQQM,Invesco NASDAQ 100 ETF,2026-08-28 14:05:00,295.22,295.13,295.2255,295.05,0.0,0.0,9315.0,2749417.018,-0.030485739448557626,295.22
US.QQQM,Invesco NASDAQ 100 ETF,2026-08-28 14:10:00,295.08,295.0715,295.17,295.05,0.0,0.0,10706.0,3159407.287,-0.019821773455758786,295.13
US.QQQM,Invesco NASDAQ 100 ETF,2026-08-28 14:15:00,295.11,294.99,295.2,294.99,0.0,0.0,12602.0,3718953.928,-0.027620424202271468,295.0715
US.QQQM,Invesco NASDAQ 100 ETF,2026-08-28 14:20:00,294.95,295.0098,295.0663,294.9,0.0,0.0,10312.0,3042019.017,0.0067120919353114246,294.99
US.QQQM,Invesco NASDAQ 100 ETF,2026-08-28 14:25:00,294.9848,294.88,295.095,294.77,0.0,0.0,14682.0,4330391.535,-0.043998538353637345,295.0098
US.QQQM,Invesco NASDAQ 100 ETF,2026-08-28 14:30:00,294.8576,294.875,295.0,294.8,0.0,0.0,21628.0,6379062.864,-0.0016956049918595538,294.88
US.QQQM,Invesco NASDAQ 100 ETF,2026-08-28 14:35:00,294.88,295.0,295.0,294.86,0.0,0.0,10064.0,2968331.594,0.0423908435777872,294.875
US.QQQM,Invesco NASDAQ 100 ETF,2026-08-28 14:40:00,295.109,294.85,295.109,294.85,0.0,0.0,12284.0,3623478.7,-0.05084745762711094,295.0
US.QQQM,Invesco NASDAQ 100 ETF,2026-08-28 14:45:00,294.94,294.94,295.04,294.81,0.0,0.0,12898.0,3804023.181,0.030523995251814477,294.85
US.QQQM,Invesco NASDAQ 100 ETF,2026-08-28 14:50:00,294.955,294.705,294.955,294.705,0.0,0.0,11283.0,3326698.126,-0.07967722248593397,294.94
US.QQQM,Invesco NASDAQ 100 ETF,2026-08-28 14:55:00,294.67,294.6,294.68,294.46,0.0,0.0,39798.0,11724143.691,-0.035628849188158104,294.705
US.QQQM,Invesco NASDAQ 100 ETF,2026-08-28 15:00:00,294.57,294.64,294.65,294.48,0.0,0.0,12788.0,3767071.13,0.01357773251865703,294.6
US.QQQM,Invesco NASDAQ 100 ETF,2026-08-28 15:05:00,294.6,294.7,294.7432,294.53,0.0,0.0,24776.0,7301774.589,0.02036383383111671,294.64
US.QQQM,Invesco NASDAQ 100 ETF,2026-08-28 15:10:00,294.64,294.9498,294.96,294.61,0.0,0.0,12381.0,3649877.813,0.08476416694943785,294.7
US.QQQM,Invesco NASDAQ 100 ETF,2026-08-28 15:15:00,294.95,294.83,294.96,294.77,0.0,0.0,9581.0,2824919.655,-0.04061708127959331,294.9498
US.QQQM,Invesco NASDAQ 100 ETF,2026-08-28 15:20:00,294.85,294.84,294.88,294.7,0.0,0.0,17249.0,5084837.595,0.003391785096493201,294.83
US.QQQM,Invesco NASDAQ 100 ETF,2026-08-28 15:25:00,294.87,294.89,295.0,294.83,0.0,0.0,17106.0,5044829.964,0.01695835029168748,294.84
US.QQQM,Invesco NASDAQ 100 ETF,2026-08-28 15:30:00,294.9,295.03,295.06,294.9,0.0,0.0,13911.0,4103752.502,0.047475329783982625,294.89
US.QQQM,Invesco NASDAQ 100 ETF,2026-08-28 15:35:00,294.96,295.01,295.0699,294.915,0.0,0.0,15698.0,4631187.835,-0.006778971629997563,295.03
US.QQQM,Invesco NASDAQ 100 ETF,2026-08-28 15:40:00,294.97,295.05,295.05,294.88,0.0,0.0,27886.0,8225661.468,0.013558862411450616,295.01
US.QQQM,Invesco NASDAQ 100 ETF,2026-08-28 15:45:00,295.06,295.09,295.18,295.06,0.0,0.0,24010.0,7085906.918,0.013557024233168485,295.05
US.QQQM,Invesco NASDAQ 100 ETF,2026-08-28 15:50:00,295.08,294.94,295.1,294.795,0.0,0.0,24145.0,7120418.356,-0.05083194957469832,295.09
US.QQQM,Invesco NASDAQ 100 ETF,2026-08-28 15:55:00,294.97,294.9766,295.24,294.8899,0.0,0.0,60355.0,17807222.224,0.012409303587177487,294.94
US.QQQM,Invesco NASDAQ 100 ETF,2026-08-28 16:00:00,294.98,295.0,295.17,294.85,0.0,0.0,243081.0,71707860.226,0.007932832638243504,294.9766
US.QQQM,Invesco NASDAQ 100 ETF,2026-08-28 16:05:00,294.97,294.98,294.98,294.85,0.0,0.0,34570.0,10197768.105,-0.006779661016942986,295.0
US.QQQM,Invesco NASDAQ 100 ETF,2026-08-28 16:10:00,294.98,294.911,294.98,294.911,0.0,0.0,2979.0,878733.726,-0.023391416367217036,294.98
US.QQQM,Invesco NASDAQ 100 ETF,2026-08-28 16:15:00,294.911,294.93,294.93,294.911,0.0,0.0,309.0,91341.198,0.006442621672302986,294.911
US.QQQM,Invesco NASDAQ 100 ETF,2026-08-28 16:20:00,294.93,294.93,294.93,294.93,0.0,0.0,84.0,24795.829,0.0,294.93
US.QQQM,Invesco NASDAQ 100 ETF,2026-08-28 16:25:00,294.93,294.93,294.93,294.93,0.0,0.0,191.0,56344.573,0.0,294.93
US.QQQM,Invesco NASDAQ 100 ETF,2026-08-28 16:30:00,294.93,294.93,294.93,294.93,0.0,0.0,159.0,46894.963,0.0,294.93
US.QQQM,Invesco NASDAQ 100 ETF,2026-08-28 16:35:00,294.93,294.93,294.93,294.93,0.0,0.0,275.0,81111.969,0.0,294.93
US.QQQM,Invesco NASDAQ 100 ETF,2026-08-28 16:40:00,294.93,294.93,294.93,294.93,0.0,0.0,360.0,106192.465,0.0,294.93
US.QQQM,Invesco NASDAQ 100 ETF,2026-08-28 16:45:00,294.93,295.021,295.021,294.93,0.0,0.0,2076.0,612423.37,0.030854779100128227,294.93
US.QQQM,Invesco NASDAQ 100 ETF,2026-08-28 16:50:00,295.021,295.1263,295.1263,295.021,0.0,0.0,454.0,134003.197,0.035692374441141386,295.021
US.QQQM,Invesco NASDAQ 100 ETF,2026-08-28 16:55:00,295.1263,295.1263,295.1263,295.1263,0.0,0.0,201.0,59325.907,0.0,295.1263
US.QQQM,Invesco NASDAQ 100 ETF,2026-08-28 17:00:00,295.1263,295.1263,295.1263,295.1263,0.0,0.0,92.0,27219.858,0.0,295.1263
US.QQQM,Invesco NASDAQ 100 ETF,2026-08-28 17:05:00,295.1263,295.1263,295.1263,295.1263,0.0,0.0,23.0,6790.719,0.0,295.1263
US.QQQM,Invesco NASDAQ 100 ETF,2026-08-28 17:10:00,295.1263,295.1263,295.1263,295.1263,0.0,0.0,85.0,25093.673,0.0,295.1263
US.QQQM,Invesco NASDAQ 100 ETF,2026-08-28 17:15:00,295.1263,295.15,295.15,295.1263,0.0,0.0,340.0,100354.091,0.008030460179239371,295.1263
US.QQQM,Invesco NASDAQ 100 ETF,2026-08-28 17:20:00,295.15,295.0,295.15,295.0,0.0,0.0,289.0,85279.301,-0.05082161612738515,295.15
US.QQQM,Invesco NASDAQ 100 ETF,2026-08-28 17:25:00,295.0,295.0,295.0,295.0,0.0,0.0,310.0,91540.48,0.0,295.0
US.QQQM,Invesco NASDAQ 100 ETF,2026-08-28 17:30:00,295.0,295.0,295.0,295.0,0.0,0.0,52.0,15343.47,0.0,295.0
US.QQQM,Invesco NASDAQ 100 ETF,2026-08-28 17:35:00,295.0,295.08,295.08,295.0,0.0,0.0,615.0,181712.845,0.027118644067791214,295.0
US.QQQM,Invesco NASDAQ 100 ETF,2026-08-28 17:40:00,295.08,295.08,295.08,295.08,0.0,0.0,499.0,147241.41,0.0,295.08
US.QQQM,Invesco NASDAQ 100 ETF,2026-08-28 17:45:00,295.08,295.02,295.1,295.02,0.0,0.0,1657.0,488880.972,-0.02033346888979337,295.08
US.QQQM,Invesco NASDAQ 100 ETF,2026-08-28 17:50:00,295.02,295.02,295.02,295.02,0.0,0.0,111.0,32753.612,0.0,295.02
US.QQQM,Invesco NASDAQ 100 ETF,2026-08-28 17:55:00,295.02,295.19,295.19,295.02,0.0,0.0,762.0,224950.881,0.05762321198563349,295.02
US.QQQM,Invesco NASDAQ 100 ETF,2026-08-28 18:00:00,295.19,295.07,295.19,295.07,0.0,0.0,519.0,153151.728,-0.04065178359700686,295.19
US.QQQM,Invesco NASDAQ 100 ETF,2026-08-28 18:05:00,295.07,295.07,295.07,295.07,0.0,0.0,107.0,31582.739,0.0,295.07
US.QQQM,Invesco NASDAQ 100 ETF,2026-08-28 18:10:00,295.07,295.07,295.07,295.07,0.0,0.0,101.0,29806.829,0.0,295.07
US.QQQM,Invesco NASDAQ 100 ETF,2026-08-28 18:15:00,295.07,295.11,295.19,295.0,0.0,0.0,1518.0,447921.187,0.013556105330945355,295.07
US.QQQM,Invesco NASDAQ 100 ETF,2026-08-28 18:20:00,295.11,295.08,295.11,294.99,0.0,0.0,1826.0,538983.022,-0.0101657009250888,295.11
US.QQQM,Invesco NASDAQ 100 ETF,2026-08-28 18:25:00,295.08,295.08,295.08,295.08,0.0,0.0,132.0,38941.211,0.0,295.08
US.QQQM,Invesco NASDAQ 100 ETF,2026-08-28 18:30:00,295.08,294.97,295.08,294.97,0.0,0.0,1061.0,312971.692,-0.03727802629793846,295.08
US.QQQM,Invesco NASDAQ 100 ETF,2026-08-28 18:35:00,294.97,294.97,294.97,294.97,0.0,0.0,56.0,16561.484,0.0,294.97
US.QQQM,Invesco NASDAQ 100 ETF,2026-08-28 18:40:00,294.97,294.97,294.97,294.97,0.0,0.0,30.0,8851.431,0.0,294.97
US.QQQM,Invesco NASDAQ 100 ETF,2026-08-28 18:45:00,294.97,294.97,294.97,294.97,0.0,0.0,191.0,56356.805,0.0,294.97
US.QQQM,Invesco NASDAQ 100 ETF,2026-08-28 18:50:00,294.97,294.97,294.97,294.97,0.0,0.0,63.0,18588.18,0.0,294.97
US.QQQM,Invesco NASDAQ 100 ETF,2026-08-28 18:55:00,294.97,294.97,294.97,294.97,0.0,0.0,71.0,20950.79,0.0,294.97
US.QQQM,Invesco NASDAQ 100 ETF,2026-08-28 19:00:00,294.97,294.97,294.97,294.97,0.0,0.0,150.0,44258.632,0.0,294.97
US.QQQM,Invesco NASDAQ 100 ETF,2026-08-28 19:05:00,294.97,295.0,295.0,294.97,0.0,0.0,206.0,61062.512,0.010170525816175446,294.97
US.QQQM,Invesco NASDAQ 100 ETF,2026-08-28 19:10:00,295.0,295.0,295.0,295.0,0.0,0.0,100.0,29498.292,0.0,295.0
US.QQQM,Invesco NASDAQ 100 ETF,2026-08-28 19:15:00,295.0,294.98,295.0,294.98,0.0,0.0,418.0,123306.338,-0.006779661016942986,295.0
US.QQQM,Invesco NASDAQ 100 ETF,2026-08-28 19:20:00,294.98,295.0,295.0,294.98,0.0,0.0,633.0,186729.945,0.006780120686142046,294.98
US.QQQM,Invesco NASDAQ 100 ETF,2026-08-28 19:25:00,295.0,295.0,295.0,294.98,0.0,0.0,1538.0,453707.371,0.0,295.0
US.QQQM,Invesco NASDAQ 100 ETF,2026-08-28 19:30:00,295.0,295.03,295.03,295.0,0.0,0.0,203.0,59894.264,0.010169491525414479,295.0
US.QQQM,Invesco NASDAQ 100 ETF,2026-08-28 19:35:00,295.03,294.96,295.03,294.96,0.0,0.0,497.0,146603.01,-0.02372640070501074,295.03
US.QQQM,Invesco NASDAQ 100 ETF,2026-08-28 19:40:00,294.96,295.01,295.01,294.95,0.0,0.0,960.0,283172.02,0.01695145104421324,294.96
US.QQQM,Invesco NASDAQ 100 ETF,2026-08-28 19:45:00,295.01,295.1461,295.1461,295.01,0.0,0.0,941.0,280425.464,0.04613402935493678,295.01
US.QQQM,Invesco NASDAQ 100 ETF,2026-08-28 19:50:00,295.1461,295.1461,295.1461,295.1461,0.0,0.0,56.0,16521.43,0.0,295.1461
US.QQQM,Invesco NASDAQ 100 ETF,2026-08-28 19:55:00,295.1461,295.1461,295.1461,295.1461,0.0,0.0,184.0,54857.392,0.0,295.1461
US.QQQM,Invesco NASDAQ 100 ETF,2026-08-28 20:00:00,295.1461,295.1461,295.1461,295.1461,0.0,0.0,100.0,29517.393,0.0,295.1461
US.QQQM,Invesco NASDAQ 100 ETF,2026-08-31 04:05:00,295.0,295.06,295.38,295.0,0.0,0.0,20256.0,5969502.277,-0.029171993124756736,295.1461
US.QQQM,Invesco NASDAQ 100 ETF,2026-08-31 04:10:00,295.06,295.3372,295.3372,295.06,0.0,0.0,368.0,108659.86,0.09394699383176082,295.06
US.QQQM,Invesco NASDAQ 100 ETF,2026-08-31 04:15:00,295.3372,295.3743,295.3743,295.3372,0.0,0.0,311.0,91945.491,0.012561912281964295,295.3372
US.QQQM,Invesco NASDAQ 100 ETF,2026-08-31 04:20:00,295.3743,295.09,295.3743,295.09,0.0,0.0,304.0,89908.872,-0.09625075709025131,295.3743
US.QQQM,Invesco NASDAQ 100 ETF,2026-08-31 04:25:00,295.09,295.03,295.09,295.0,0.0,0.0,724.0,213600.188,-0.02033277982988318,295.09
US.QQQM,Invesco NASDAQ 100 ETF,2026-08-31 04:30:00,295.03,295.05,295.08,295.03,0.0,0.0,2922.0,862237.545,0.00677897163001683,295.03
US.QQQM,Invesco NASDAQ 100 ETF,2026-08-31 04:35:00,295.05,295.05,295.05,295.05,0.0,0.0,185.0,54823.483,0.0,295.05
US.QQQM,Invesco NASDAQ 100 ETF,2026-08-31 04:40:00,295.08,295.08,295.08,295.08,0.0,0.0,297.0,87740.843,0.010167768174876366,295.05
US.QQQM,Invesco NASDAQ 100 ETF,2026-08-31 04:45:00,295.08,294.95,295.08,294.91,0.0,0.0,859.0,253459.788,-0.04405584926121576,295.08
US.QQQM,Invesco NASDAQ 100 ETF,2026-08-31 04:50:00,294.95,294.95,294.95,294.95,0.0,0.0,90.0,26554.382,0.0,294.95
US.QQQM,Invesco NASDAQ 100 ETF,2026-08-31 04:55:00,294.95,294.95,294.95,294.95,0.0,0.0,96.0,28459.448,0.0,294.95
US.QQQM,Invesco NASDAQ 100 ETF,2026-08-31 05:00:00,294.95,294.95,294.95,294.95,0.0,0.0,194.0,57329.931,0.0,294.95
US.QQQM,Invesco NASDAQ 100 ETF,2026-08-31 05:05:00,294.95,294.95,294.95,294.95,0.0,0.0,190.0,56148.644,0.0,294.95
US.QQQM,Invesco NASDAQ 100 ETF,2026-08-31 05:10:00,294.95,294.9,294.95,294.9,0.0,0.0,724.0,213710.495,-0.01695202576708302,294.95
US.QQQM,Invesco NASDAQ 100 ETF,2026-08-31 05:15:00,294.9,295.03,295.03,294.9,0.0,0.0,382.0,112942.936,0.04408273991183298,294.9
US.QQQM,Invesco NASDAQ 100 ETF,2026-08-31 05:20:00,295.03,295.09,295.09,295.03,0.0,0.0,515.0,152037.989,0.020336914890011958,295.03
US.QQQM,Invesco NASDAQ 100 ETF,2026-08-31 05:25:00,295.11,295.16,295.16,295.11,0.0,0.0,777.0,229303.45,0.023721576468213098,295.09
US.QQQM,Invesco NASDAQ 100 ETF,2026-08-31 05:30:00,295.16,295.01,295.16,295.01,0.0,0.0,1076.0,317472.804,-0.05081989429463142,295.16
US.QQQM,Invesco NASDAQ 100 ETF,2026-08-31 05:35:00,295.02,294.91,295.02,294.9,0.0,0.0,7273.0,2145392.975,-0.033897156028597636,295.01
US.QQQM,Invesco NASDAQ 100 ETF,2026-08-31 05:40:00,294.91,294.83,294.92,294.83,0.0,0.0,5673.0,1672956.017,-0.027126920077325596,294.91
US.QQQM,Invesco NASDAQ 100 ETF,2026-08-31 05:45:00,294.849,294.849,294.849,294.849,0.0,0.0,680.0,200755.328,0.006444391683344794,294.83
US.QQQM,Invesco NASDAQ 100 ETF,2026-08-31 05:50:00,294.849,294.67,294.849,294.67,0.0,0.0,304.0,89865.656,-0.06070904089889185,294.849
US.QQQM,Invesco NASDAQ 100 ETF,2026-08-31 05:55:00,294.67,294.67,294.67,294.67,0.0,0.0,132.0,38886.869,0.0,294.67
US.QQQM,Invesco NASDAQ 100 ETF,2026-08-31 06:00:00,294.67,294.67,294.67,294.67,0.0,0.0,210.0,61982.402,0.0,294.67
US.QQQM,Invesco NASDAQ 100 ETF,2026-08-31 06:05:00,294.67,294.67,294.67,294.67,0.0,0.0,313.0,92314.15,0.0,294.67
US.QQQM,Invesco NASDAQ 100 ETF,2026-08-31 06:10:00,294.67,294.59,294.67,294.59,0.0,0.0,551.0,162373.708,-0.027149014151437514,294.67
US.QQQM,Invesco NASDAQ 100 ETF,2026-08-31 06:15:00,294.59,294.63,294.63,294.59,0.0,0.0,169.0,49791.946,0.013578193421372235,294.59
US.QQQM,Invesco NASDAQ 100 ETF,2026-08-31 06:20:00,294.63,294.63,294.63,294.63,0.0,0.0,133.0,39426.098,0.0,294.63
US.QQQM,Invesco NASDAQ 100 ETF,2026-08-31 06:25:00,294.63,294.63,294.63,294.63,0.0,0.0,102.0,30060.967,0.0,294.63
US.QQQM,Invesco NASDAQ 100 ETF,2026-08-31 06:30:00,294.63,294.63,294.63,294.63,0.0,0.0,191.0,56342.006,0.0,294.63
US.QQQM,Invesco NASDAQ 100 ETF,2026-08-31 06:35:00,294.63,294.689,294.689,294.63,0.0,0.0,192.0,56638.49,0.020025116247505657,294.63
US.QQQM,Invesco NASDAQ 100 ETF,2026-08-31 06:40:00,294.689,294.689,294.689,294.689,0.0,0.0,71.0,20995.663,0.0,294.689
US.QQQM,Invesco NASDAQ 100 ETF,2026-08-31 06:45:00,294.689,294.689,294.689,294.689,0.0,0.0,90.0,26764.346,0.0,294.689
US.QQQM,Invesco NASDAQ 100 ETF,2026-08-31 06:50:00,294.689,294.689,294.689,294.689,0.0,0.0,153.0,45136.61,0.0,294.689
US.QQQM,Invesco NASDAQ 100 ETF,2026-08-31 06:55:00,294.689,294.689,294.689,294.689,0.0,0.0,81.0,23868.697,0.0,294.689
US.QQQM,Invesco NASDAQ 100 ETF,2026-08-31 07:00:00,294.689,294.74,294.74,294.689,0.0,0.0,242.0,71405.945,0.017306380624993713,294.689
US.QQQM,Invesco NASDAQ 100 ETF,2026-08-31 07:05:00,294.74,294.57,294.74,294.53,0.0,0.0,809.0,238483.45,-0.05767795345050414,294.74
US.QQQM,Invesco NASDAQ 100 ETF,2026-08-31 07:10:00,294.57,294.61,294.61,294.57,0.0,0.0,476.0,140241.405,0.013579115320643808,294.57
US.QQQM,Invesco NASDAQ 100 ETF,2026-08-31 07:15:00,294.61,294.66,294.66,294.61,0.0,0.0,1141.0,336211.701,0.01697158955908196,294.61
US.QQQM,Invesco NASDAQ 100 ETF,2026-08-31 07:20:00,294.66,294.52,294.66,294.48,0.0,0.0,950.0,279793.98,-0.04751238715809515,294.66
US.QQQM,Invesco NASDAQ 100 ETF,2026-08-31 07:25:00,294.52,294.65,294.65,294.52,0.0,0.0,500.0,147469.755,0.04413961700393707,294.52
US.QQQM,Invesco NASDAQ 100 ETF,2026-08-31 07:30:00,294.65,294.65,294.65,294.65,0.0,0.0,194.0,57265.812,0.0,294.65
US.QQQM,Invesco NASDAQ 100 ETF,2026-08-31 07:35:00,294.65,294.55,294.66,294.51,0.0,0.0,1056.0,311175.32,-0.03393857118614149,294.65
US.QQQM,Invesco NASDAQ 100 ETF,2026-08-31 07:40:00,294.55,294.49,294.55,294.48,0.0,0.0,708.0,208515.265,-0.02037005601765482,294.55
US.QQQM,Invesco NASDAQ 100 ETF,2026-08-31 07:45:00,294.49,294.45,294.64,294.44,0.0,0.0,1171.0,345081.641,-0.013582804169927827,294.49
US.QQQM,Invesco NASDAQ 100 ETF,2026-08-31 07:50:00,294.45,294.43,294.45,294.43,0.0,0.0,210.0,61997.29,-0.006792324673113198,294.45
US.QQQM,Invesco NASDAQ 100 ETF,2026-08-31 07:55:00,294.43,294.38,294.43,294.38,0.0,0.0,1054.0,310565.816,-0.016981965153011366,294.43
US.QQQM,Invesco NASDAQ 100 ETF,2026-08-31 08:00:00,294.38,294.3515,294.38,294.351,0.0,0.0,1341.0,394948.863,-0.009681364223115763,294.38
US.QQQM,Invesco NASDAQ 100 ETF,2026-08-31 08:05:00,294.3515,294.53,294.53,294.3515,0.0,0.0,1342.0,395390.715,0.06064178371776106,294.3515
US.QQQM,Invesco NASDAQ 100 ETF,2026-08-31 08:10:00,294.53,294.49,294.73,294.12,0.0,0.0,39010.0,11483725.595,-0.013580959494775956,294.53
US.QQQM,Invesco NASDAQ 100 ETF,2026-08-31 08:15:00,294.49,294.58,294.58,294.47,0.0,0.0,1111.0,327243.772,0.030561309382313485,294.49
US.QQQM,Invesco NASDAQ 100 ETF,2026-08-31 08:20:00,294.58,294.79,294.7999,294.58,0.0,0.0,2558.0,754094.076,0.07128793536561762,294.58
US.QQQM,Invesco NASDAQ 100 ETF,2026-08-31 08:25:00,294.79,294.5,294.83,294.5,0.0,0.0,3648.0,1075214.059,-0.09837511448828673,294.79
US.QQQM,Invesco NASDAQ 100 ETF,2026-08-31 08:30:00,294.5,294.32,294.5,294.07,0.0,0.0,12379.0,3642685.177,-0.061120543293720485,294.5
US.QQQM,Invesco NASDAQ 100 ETF,2026-08-31 08:35:00,294.32,294.29,294.32,294.22,0.0,0.0,4488.0,1320756.716,-0.010192987224780074,294.32
US.QQQM,Invesco NASDAQ 100 ETF,2026-08-31 08:40:00,294.29,294.29,294.49,294.2,0.0,0.0,5226.0,1538009.158,0.0,294.29
US.QQQM,Invesco NASDAQ 100 ETF,2026-08-31 08:45:00,294.29,294.07,294.29,294.0,0.0,0.0,4086.0,1201709.842,-0.07475619287098688,294.29
US.QQQM,Invesco NASDAQ 100 ETF,2026-08-31 08:50:00,294.07,294.05,294.11,294.02,0.0,0.0,2536.0,745879.708,-0.0068011017784819295,294.07
US.QQQM,Invesco NASDAQ 100 ETF,2026-08-31 08:55:00,294.05,294.0,294.08,294.0,0.0,0.0,1774.0,521748.633,-0.01700391089951075,294.05
US.QQQM,Invesco NASDAQ 100 ETF,2026-08-31 09:00:00,294.0,294.0,294.0,293.9,0.0,0.0,1069.0,314281.916,0.0,294.0
US.QQQM,Invesco NASDAQ 100 ETF,2026-08-31 09:05:00,294.0,294.03,294.03,293.88,0.0,0.0,4214.0,1238972.723,0.010204081632643781,294.0
US.QQQM,Invesco NASDAQ 100 ETF,2026-08-31 09:10:00,294.03,293.9542,294.03,293.95,0.0,0.0,595.0,174974.575,-0.025779682345324746,294.03
US.QQQM,Invesco NASDAQ 100 ETF,2026-08-31 09:15:00,293.9542,294.15,294.15,293.9542,0.0,0.0,1223.0,359676.82,0.06660901596233797,293.9542
US.QQQM,Invesco NASDAQ 100 ETF,2026-08-31 09:20:00,294.15,294.3,294.3,294.15,0.0,0.0,1861.0,547579.607,0.05099439061704373,294.15
US.QQQM,Invesco NASDAQ 100 ETF,2026-08-31 09:25:00,294.2654,294.27,294.29,294.26,0.0,0.0,2748.0,808812.647,-0.010193679918460603,294.3
US.QQQM,Invesco NASDAQ 100 ETF,2026-08-31 09:30:00,294.27,294.38,294.48,294.21,0.0,0.0,20168.0,5937275.694,0.037380636830126636,294.27
US.QQQM,Invesco NASDAQ 100 ETF,2026-08-31 09:35:00,294.45,294.57,295.21,294.27,0.0,0.0,130238.0,38356021.971,0.06454242815408578,294.38
US.QQQM,Invesco NASDAQ 100 ETF,2026-08-31 09:40:00,294.7,294.0724,294.7,293.99,0.0,0.0,54046.0,15904155.821,-0.1689241945887148,294.57
US.QQQM,Invesco NASDAQ 100 ETF,2026-08-31 09:45:00,294.15,294.1441,294.47,294.035,0.0,0.0,37695.0,11090586.606,0.024381750888544572,294.0724
US.QQQM,Invesco NASDAQ 100 ETF,2026-08-31 09:50:00,294.11,294.44,294.8,293.98,0.0,0.0,124280.0,36583348.786,0.10059695231011513,294.1441
US.QQQM,Invesco NASDAQ 100 ETF,2026-08-31 09:55:00,294.47,294.72,294.73,294.31,0.0,0.0,40616.0,11962435.156,0.09509577503057655,294.44
US.QQQM,Invesco NASDAQ 100 ETF,2026-08-31 10:00:00,294.73,294.48,294.82,294.42,0.0,0.0,40601.0,11960924.112,-0.08143322475570342,294.72
US.QQQM,Invesco NASDAQ 100 ETF,2026-08-31 10:05:00,294.48,294.1195,294.55,294.07,0.0,0.0,40908.0,12040071.556,-0.12241917957076943,294.48
US.QQQM,Invesco NASDAQ 100 ETF,2026-08-31 10:10:00,294.1,293.89,294.3,293.86,0.0,0.0,34372.0,10107230.729,-0.07802950841410719,294.1195
US.QQQM,Invesco NASDAQ 100 ETF,2026-08-31 10:15:00,293.87,294.03,294.091,293.785,0.0,0.0,25665.0,7543886.698,0.047636870938101455,293.89
US.QQQM,Invesco NASDAQ 100 ETF,2026-08-31 10:20:00,293.98,294.24,294.36,293.89,0.0,0.0,25137.0,7393688.064,0.07142128354250804,294.03
US.QQQM,Invesco NASDAQ 100 ETF,2026-08-31 10:25:00,294.25,293.75,294.33,293.75,0.0,0.0,20740.0,6099444.475,-0.16653072321914392,294.24
US.QQQM,Invesco NASDAQ 100 ETF,2026-08-31 10:30:00,293.7,293.83,293.93,293.63,0.0,0.0,28036.0,8235588.756,0.02723404255318607,293.75
US.QQQM,Invesco NASDAQ 100 ETF,2026-08-31 10:35:00,293.78,293.84,293.91,293.74,0.0,0.0,21403.0,6289322.738,0.0034033284552261196,293.83
US.QQQM,Invesco NASDAQ 100 ETF,2026-08-31 10:40:00,293.83,294.13,294.35,293.83,0.0,0.0,20233.0,5951158.65,0.09869316634904046,293.84
US.QQQM,Invesco NASDAQ 100 ETF,2026-08-31 10:45:00,294.12,294.27,294.39,294.11,0.0,0.0,20941.0,6162686.961,0.047598000883958234,294.13
US.QQQM,Invesco NASDAQ 100 ETF,2026-08-31 10:50:00,294.33,293.96,294.33,293.93,0.0,0.0,22005.0,6473016.918,-0.10534543106670823,294.27
US.QQQM,Invesco NASDAQ 100 ETF,2026-08-31 10:55:00,293.95,294.19,294.19,293.9399,0.0,0.0,16949.0,4983720.236,0.07824193767860192,293.96
US.QQQM,Invesco NASDAQ 100 ETF,2026-08-31 11:00:00,294.17,294.18,294.49,294.16,0.0,0.0,20591.0,6060182.998,-0.003399163805700705,294.19
US.QQQM,Invesco NASDAQ 100 ETF,2026-08-31 11:05:00,294.23,294.17,294.46,294.05,0.0,0.0,34262.0,10081925.36,-0.0033992793527741192,294.18
US.QQQM,Invesco NASDAQ 100 ETF,2026-08-31 11:10:00,294.18,294.16,294.42,294.12,0.0,0.0,32844.0,9663491.117,-0.0033993949077033366,294.17
US.QQQM,Invesco NASDAQ 100 ETF,2026-08-31 11:15:00,294.165,294.22,294.36,294.14,0.0,0.0,15919.0,4683765.385,0.020397062822954264,294.16
US.QQQM,Invesco NASDAQ 100 ETF,2026-08-31 11:20:00,294.25,294.27,294.32,294.06,0.0,0.0,13956.0,4105847.64,0.01699408605803634,294.22
US.QQQM,Invesco NASDAQ 100 ETF,2026-08-31 11:25:00,294.28,294.41,294.46,294.19,0.0,0.0,21135.0,6221262.316,0.0475753559656245,294.27
US.QQQM,Invesco NASDAQ 100 ETF,2026-08-31 11:30:00,294.45,294.2709,294.52,294.24,0.0,0.0,23018.0,6775732.901,-0.04724703644578708,294.41
US.QQQM,Invesco NASDAQ 100 ETF,2026-08-31 11:35:00,294.28,294.04,294.31,293.95,0.0,0.0,26912.0,7913896.297,-0.07846511496718256,294.2709
US.QQQM,Invesco NASDAQ 100 ETF,2026-08-31 11:40:00,294.05,294.03,294.1,293.925,0.0,0.0,25149.0,7394570.909,-0.0034008978370452143,294.04
US.QQQM,Invesco NASDAQ 100 ETF,2026-08-31 11:45:00,294.05,294.15,294.15,293.92,0.0,0.0,15240.0,4480898.42,0.04081216202428479,294.03
US.QQQM,Invesco NASDAQ 100 ETF,2026-08-31 11:50:00,294.16,294.18,294.249,294.04,0.0,0.0,15720.0,4624254.297,0.010198878123416475,294.15
US.QQQM,Invesco NASDAQ 100 ETF,2026-08-31 11:55:00,294.19,294.263,294.3993,294.19,0.0,0.0,28397.0,8357131.007,0.02821401862804065,294.18
US.QQQM,Invesco NASDAQ 100 ETF,2026-08-31 12:00:00,294.2599,293.95,294.29,293.93,0.0,0.0,15197.0,4469561.642,-0.10636743321450139,294.263
US.QQQM,Invesco NASDAQ 100 ETF,2026-08-31 12:05:00,293.95,293.7501,293.96,293.735,0.0,0.0,26025.0,7647213.846,-0.06800476271475207,293.95
US.QQQM,Invesco NASDAQ 100 ETF,2026-08-31 12:10:00,293.76,293.8292,293.84,293.72,0.0,0.0,15534.0,4563458.017,0.02692765040762181,293.7501
US.QQQM,Invesco NASDAQ 100 ETF,2026-08-31 12:15:00,293.78,294.131,294.17,293.7796,0.0,0.0,19903.0,5852080.902,0.10271273243093518,293.8292
US.QQQM,Invesco NASDAQ 100 ETF,2026-08-31 12:20:00,294.15,294.051,294.17,293.9,0.0,0.0,14581.0,4287243.529,-0.027198765176055597,294.131
US.QQQM,Invesco NASDAQ 100 ETF,2026-08-31 12:25:00,294.06,294.06,294.13,293.99,0.0,0.0,12230.0,3596491.613,0.003060693553164095,294.051
US.QQQM,Invesco NASDAQ 100 ETF,2026-08-31 12:30:00,294.07,294.32,294.32,294.07,0.0,0.0,12771.0,3757287.244,0.08841732979663705,294.06
US.QQQM,Invesco NASDAQ 100 ETF,2026-08-31 12:35:00,294.32,294.23,294.32,294.16,0.0,0.0,39626.0,11659996.604,-0.03057896167435954,294.32
US.QQQM,Invesco NASDAQ 100 ETF,2026-08-31 12:40:00,294.24,294.065,294.3284,294.06,0.0,0.0,13765.0,4050063.837,-0.05607857798321736,294.23
US.QQQM,Invesco NASDAQ 100 ETF,2026-08-31 12:45:00,294.03,294.21,294.374,294.03,0.0,0.0,14598.0,4295324.563,0.049308826279897924,294.065
US.QQQM,Invesco NASDAQ 100 ETF,2026-08-31 12:50:00,294.23,294.33,294.39,294.18,0.0,0.0,17007.0,5004435.884,0.04078719282145561,294.21
US.QQQM,Invesco NASDAQ 100 ETF,2026-08-31 12:55:00,294.33,294.38,294.45,294.295,0.0,0.0,11919.0,3509066.316,0.016987734855438242,294.33
US.QQQM,Invesco NASDAQ 100 ETF,2026-08-31 13:00:00,294.385,294.46,294.49,294.385,0.0,0.0,22423.0,6602472.913,0.02717575922276788,294.38
US.QQQM,Invesco NASDAQ 100 ETF,2026-08-31 13:05:00,294.47,294.36,294.47,294.311,0.0,0.0,16043.0,4723375.242,-0.033960470012893394,294.46
US.QQQM,Invesco NASDAQ 100 ETF,2026-08-31 13:10:00,294.37,294.285,294.425,294.26,0.0,0.0,16423.0,4834199.299,-0.025479005299629237,294.36
US.QQQM,Invesco NASDAQ 100 ETF,2026-08-31 13:15:00,294.2599,294.3,294.3395,294.24,0.0,0.0,13944.0,4103725.793,0.005097099750237476,294.285
US.QQQM,Invesco NASDAQ 100 ETF,2026-08-31 13:20:00,294.28,294.29,294.4035,294.19,0.0,0.0,20116.0,5920220.321,-0.0033978933061470963,294.3
US.QQQM,Invesco NASDAQ 100 ETF,2026-08-31 13:25:00,294.26,294.2799,294.31,294.215,0.0,0.0,12079.0,3554604.24,-0.00343198885453894,294.29
US.QQQM,Invesco NASDAQ 100 ETF,2026-08-31 13:30:00,294.26,294.055,294.26,294.02,0.0,0.0,14100.0,4146865.917,-0.07642384002440908,294.2799
US.QQQM,Invesco NASDAQ 100 ETF,2026-08-31 13:35:00,294.05,293.98,294.11,293.975,0.0,0.0,18303.0,5381935.61,-0.02550543265715211,294.055
US.QQQM,Invesco NASDAQ 100 ETF,2026-08-31 13:40:00,293.965,294.24,294.24,293.965,0.0,0.0,20827.0,6125809.283,0.08844139057078404,293.98
US.QQQM,Invesco NASDAQ 100 ETF,2026-08-31 13:45:00,294.23,294.46,294.46,294.23,0.0,0.0,12782.0,3762734.041,0.07476889613919604,294.24
US.QQQM,Invesco NASDAQ 100 ETF,2026-08-31 13:50:00,294.47,294.45,294.52,294.4,0.0,0.0,12773.0,3761414.59,-0.0033960470012874095,294.46
US.QQQM,Invesco NASDAQ 100 ETF,2026-08-31 13:55:00,294.44,294.6,294.635,294.44,0.0,0.0,19564.0,5763429.828,0.050942435048406905,294.45
US.QQQM,Invesco NASDAQ 100 ETF,2026-08-31 14:00:00,294.61,294.49,294.62,294.41,0.0,0.0,37746.0,11116879.245,-0.03733876442634543,294.6
US.QQQM,Invesco NASDAQ 100 ETF,2026-08-31 14:05:00,294.48,294.6,294.6,294.32,0.0,0.0,21387.0,6297972.863,0.03735271146728705,294.49
US.QQQM,Invesco NASDAQ 100 ETF,2026-08-31 14:10:00,294.59,294.63,294.65,294.52,0.0,0.0,21625.0,6370995.27,0.010183299388992774,294.6
US.QQQM,Invesco NASDAQ 100 ETF,2026-08-31 14:15:00,294.625,294.57,294.63,294.51,0.0,0.0,17668.0,5204297.321,-0.020364524997455207,294.63
US.QQQM,Invesco NASDAQ 100 ETF,2026-08-31 14:20:00,294.55,294.6,294.65,294.55,0.0,0.0,14028.0,4132814.371,0.01018433649048768,294.57
US.QQQM,Invesco NASDAQ 100 ETF,2026-08-31 14:25:00,294.62,294.62,294.68,294.54,0.0,0.0,22903.0,6747489.306,0.006788866259328515,294.6
US.QQQM,Invesco NASDAQ 100 ETF,2026-08-31 14:30:00,294.6,294.45,294.62,294.45,0.0,0.0,14774.0,4351379.756,-0.057701445930356365,294.62
US.QQQM,Invesco NASDAQ 100 ETF,2026-08-31 14:35:00,294.45,294.3,294.49,294.3,0.0,0.0,14757.0,4344796.777,-0.050942435048387594,294.45
US.QQQM,Invesco NASDAQ 100 ETF,2026-08-31 14:40:00,294.31,294.0638,294.36,294.0,0.0,0.0,22716.0,6681608.295,-0.08025823989126626,294.3
US.QQQM,Invesco NASDAQ 100 ETF,2026-08-31 14:45:00,294.05,294.06,294.09,293.92,0.0,0.0,16629.0,4889404.334,-0.0012922365826777932,294.0638
US.QQQM,Invesco NASDAQ 100 ETF,2026-08-31 14:50:00,294.07,294.12,294.12,293.98,0.0,0.0,15139.0,4451571.958,0.020403999183840806,294.06
US.QQQM,Invesco NASDAQ 100 ETF,2026-08-31 14:55:00,294.125,294.165,294.21,294.04,0.0,0.0,18669.0,5491283.504,0.015299877600984604,294.12
US.QQQM,Invesco NASDAQ 100 ETF,2026-08-31 15:00:00,294.15,294.11,294.28,294.08,0.0,0.0,18989.0,5585808.323,-0.01869698978464699,294.165
US.QQQM,Invesco NASDAQ 100 ETF,2026-08-31 15:05:00,294.12,294.19,294.31,294.12,0.0,0.0,15274.0,4494142.35,0.027200707218382268,294.11
US.QQQM,Invesco NASDAQ 100 ETF,2026-08-31 15:10:00,294.16,294.28,294.29,294.12,0.0,0.0,16125.0,4744102.313,0.030592474251325674,294.19
US.QQQM,Invesco NASDAQ 100 ETF,2026-08-31 15:15:00,294.28,294.315,294.34,294.22,0.0,0.0,16165.0,4757267.776,0.011893434823985666,294.28
US.QQQM,Invesco NASDAQ 100 ETF,2026-08-31 15:20:00,294.32,294.28,294.34,294.24,0.0,0.0,21599.0,6356839.816,-0.01189202045428368,294.315
US.QQQM,Invesco NASDAQ 100 ETF,2026-08-31 15:25:00,294.28,294.4,294.47,294.26,0.0,0.0,21558.0,6345432.855,0.04077749082506611,294.28
US.QQQM,Invesco NASDAQ 100 ETF,2026-08-31 15:30:00,294.39,294.55,294.58,294.34,0.0,0.0,15368.0,4525571.709,0.05095108695653333,294.4
US.QQQM,Invesco NASDAQ 100 ETF,2026-08-31 15:35:00,294.545,294.5,294.545,294.38,0.0,0.0,98668.0,29050385.051,-0.016975046681382232,294.55
US.QQQM,Invesco NASDAQ 100 ETF,2026-08-31 15:40:00,294.47,294.57,294.6197,294.46,0.0,0.0,24224.0,7135300.196,0.02376910016977697,294.5
US.QQQM,Invesco NASDAQ 100 ETF,2026-08-31 15:45:00,294.57,294.83,294.88,294.53,0.0,0.0,41602.0,12260520.185,0.0882642495841365,294.57
US.QQQM,Invesco NASDAQ 100 ETF,2026-08-31 15:50:00,294.82,294.8,294.9,294.655,0.0,0.0,41301.0,12172955.512,-0.010175355289479604,294.83
US.QQQM,Invesco NASDAQ 100 ETF,2026-08-31 15:55:00,294.86,295.29,295.4,294.85,0.0,0.0,54167.0,15990973.65,0.16621438263229615,294.8
US.QQQM,Invesco NASDAQ 100 ETF,2026-08-31 16:00:00,295.29,295.18,295.44,295.02,0.0,0.0,137438.0,40572534.573,-0.03725151545938353,295.29
US.QQQM,Invesco NASDAQ 100 ETF,2026-08-31 16:05:00,295.15,295.3039,295.3039,295.15,0.0,0.0,4979.0,1470079.83,0.04197438850870381,295.18
US.QQQM,Invesco NASDAQ 100 ETF,2026-08-31 16:10:00,295.3039,295.2896,295.3039,295.2896,0.0,0.0,600.0,177222.07,-0.004842469063223189,295.3039
US.QQQM,Invesco NASDAQ 100 ETF,2026-08-31 16:15:00,295.2896,295.1918,295.2896,295.1918,0.0,0.0,735.0,217264.196,-0.03312002860920485,295.2896
US.QQQM,Invesco NASDAQ 100 ETF,2026-08-31 16:20:00,295.1918,295.19,295.1918,295.19,0.0,0.0,576.0,170323.615,-0.0006097730357018422,295.1918
US.QQQM,Invesco NASDAQ 100 ETF,2026-08-31 16:25:00,295.19,295.19,295.19,295.19,0.0,0.0,152.0,44981.43,0.0,295.19
US.QQQM,Invesco NASDAQ 100 ETF,2026-08-31 16:30:00,295.19,295.2,295.2,295.19,0.0,0.0,1192.0,351985.004,0.0033876486330806956,295.19
US.QQQM,Invesco NASDAQ 100 ETF,2026-08-31 16:35:00,295.2,295.22,295.22,295.2,0.0,0.0,421.0,124281.9,0.006775067750690601,295.2
US.QQQM,Invesco NASDAQ 100 ETF,2026-08-31 16:40:00,295.22,295.22,295.22,295.22,0.0,0.0,70.0,20707.325,0.0,295.22
US.QQQM,Invesco NASDAQ 100 ETF,2026-08-31 16:45:00,295.22,295.22,295.22,295.22,0.0,0.0,77.0,22734.193,0.0,295.22
US.QQQM,Invesco NASDAQ 100 ETF,2026-08-31 16:50:00,295.22,295.22,295.22,295.22,0.0,0.0,158.0,46640.322,0.0,295.22
US.QQQM,Invesco NASDAQ 100 ETF,2026-08-31 16:55:00,295.22,295.18,295.22,295.18,0.0,0.0,3787.0,1117850.059,-0.013549217532694417,295.22
US.QQQM,Invesco NASDAQ 100 ETF,2026-08-31 17:00:00,295.18,295.239,295.239,295.18,0.0,0.0,404.0,119277.875,0.01998780405175455,295.18
US.QQQM,Invesco NASDAQ 100 ETF,2026-08-31 17:05:00,295.239,295.26,295.26,295.239,0.0,0.0,179.0,52849.446,0.007112881428271675,295.239
US.QQQM,Invesco NASDAQ 100 ETF,2026-08-31 17:10:00,295.26,295.26,295.26,295.26,0.0,0.0,192.0,56675.611,0.0,295.26
US.QQQM,Invesco NASDAQ 100 ETF,2026-08-31 17:15:00,295.26,295.26,295.26,295.26,0.0,0.0,104.0,30908.738,0.0,295.26
US.QQQM,Invesco NASDAQ 100 ETF,2026-08-31 17:20:00,295.26,295.2,295.26,295.2,0.0,0.0,219.0,64646.254,-0.02032107295265267,295.26
US.QQQM,Invesco NASDAQ 100 ETF,2026-08-31 17:25:00,295.2,295.2,295.2,295.2,0.0,0.0,52.0,15554.734,0.0,295.2
US.QQQM,Invesco NASDAQ 100 ETF,2026-08-31 17:30:00,295.2,295.2,295.2,295.2,0.0,0.0,97.0,28637.88,0.0,295.2
US.QQQM,Invesco NASDAQ 100 ETF,2026-08-31 17:35:00,295.2,295.0403,295.2,295.0403,0.0,0.0,176.0,51939.0,-0.054098915989155366,295.2
US.QQQM,Invesco NASDAQ 100 ETF,2026-08-31 17:40:00,295.0403,295.0403,295.0403,295.0403,0.0,0.0,42.0,12398.949,0.0,295.0403
US.QQQM,Invesco NASDAQ 100 ETF,2026-08-31 17:45:00,295.0403,295.0403,295.0403,295.0403,0.0,0.0,76.0,22446.877,0.0,295.0403
US.QQQM,Invesco NASDAQ 100 ETF,2026-08-31 17:50:00,295.0403,295.0403,295.0403,295.0403,0.0,0.0,79.0,23322.45,0.0,295.0403
US.QQQM,Invesco NASDAQ 100 ETF,2026-08-31 17:55:00,295.0403,295.0403,295.0403,295.0403,0.0,0.0,148.0,43724.402,0.0,295.0403
US.QQQM,Invesco NASDAQ 100 ETF,2026-08-31 18:00:00,295.0403,295.26,295.26,295.0403,0.0,0.0,244.0,72047.0,0.07446440367637537,295.0403
US.QQQM,Invesco NASDAQ 100 ETF,2026-08-31 18:05:00,295.26,295.14,295.26,295.14,0.0,0.0,365.0,107828.75,-0.04064214590530534,295.26
US.QQQM,Invesco NASDAQ 100 ETF,2026-08-31 18:10:00,295.14,295.14,295.14,295.14,0.0,0.0,125.0,36895.21,0.0,295.14
US.QQQM,Invesco NASDAQ 100 ETF,2026-08-31 18:15:00,295.14,295.14,295.14,295.14,0.0,0.0,196.0,57849.83,0.0,295.14
US.QQQM,Invesco NASDAQ 100 ETF,2026-08-31 18:20:00,295.14,295.09,295.14,295.09,0.0,0.0,574.0,169382.708,-0.016941112692285484,295.14
US.QQQM,Invesco NASDAQ 100 ETF,2026-08-31 18:25:00,295.09,295.09,295.09,295.09,0.0,0.0,182.0,53781.516,0.0,295.09
US.QQQM,Invesco NASDAQ 100 ETF,2026-08-31 18:30:00,295.1,295.08,295.1,295.08,0.0,0.0,391.0,115380.06,-0.003388796638310653,295.09
US.QQQM,Invesco NASDAQ 100 ETF,2026-08-31 18:35:00,295.08,295.08,295.08,295.08,0.0,0.0,52.0,15426.053,0.0,295.08
US.QQQM,Invesco NASDAQ 100 ETF,2026-08-31 18:40:00,295.08,295.08,295.08,295.08,0.0,0.0,107.0,31578.733,0.0,295.08
US.QQQM,Invesco NASDAQ 100 ETF,2026-08-31 18:45:00,295.129,295.1296,295.1296,295.129,0.0,0.0,696.0,205452.643,0.016809000948894568,295.08
US.QQQM,Invesco NASDAQ 100 ETF,2026-08-31 18:50:00,295.1296,295.15,295.15,295.1296,0.0,0.0,315.0,93077.615,0.006912217547814618,295.1296
US.QQQM,Invesco NASDAQ 100 ETF,2026-08-31 18:55:00,295.15,295.15,295.15,295.15,0.0,0.0,226.0,66672.086,0.0,295.15
US.QQQM,Invesco NASDAQ 100 ETF,2026-08-31 19:00:00,295.15,295.15,295.15,295.15,0.0,0.0,51.0,15046.126,0.0,295.15
US.QQQM,Invesco NASDAQ 100 ETF,2026-08-31 19:05:00,295.15,295.0,295.15,295.0,0.0,0.0,299.0,88483.867,-0.05082161612738515,295.15
US.QQQM,Invesco NASDAQ 100 ETF,2026-08-31 19:10:00,295.0,295.0,295.0,295.0,0.0,0.0,90.0,26553.812,0.0,295.0
US.QQQM,Invesco NASDAQ 100 ETF,2026-08-31 19:15:00,295.0,295.0,295.0,295.0,0.0,0.0,4.0,1225.25,0.0,295.0
US.QQQM,Invesco NASDAQ 100 ETF,2026-08-31 19:20:00,295.0,295.03,295.03,295.0,0.0,0.0,172.0,50744.888,0.010169491525414479,295.0
US.QQQM,Invesco NASDAQ 100 ETF,2026-08-31 19:25:00,295.03,295.03,295.03,295.03,0.0,0.0,107.0,31574.001,0.0,295.03
US.QQQM,Invesco NASDAQ 100 ETF,2026-08-31 19:30:00,295.03,295.03,295.03,295.03,0.0,0.0,333.0,98248.154,0.0,295.03
US.QQQM,Invesco NASDAQ 100 ETF,2026-08-31 19:35:00,295.03,295.03,295.03,295.03,0.0,0.0,100.0,29599.959,0.0,295.03
US.QQQM,Invesco NASDAQ 100 ETF,2026-08-31 19:40:00,295.03,295.03,295.03,295.03,0.0,0.0,108.0,31877.967,0.0,295.03
US.QQQM,Invesco NASDAQ 100 ETF,2026-08-31 19:45:00,295.03,295.03,295.03,295.03,0.0,0.0,13.0,3836.674,0.0,295.03
US.QQQM,Invesco NASDAQ 100 ETF,2026-08-31 19:50:00,295.03,295.03,295.03,295.03,0.0,0.0,26.0,7675.994,0.0,295.03
US.QQQM,Invesco NASDAQ 100 ETF,2026-08-31 19:55:00,295.03,295.16,295.16,295.03,0.0,0.0,326.0,96221.896,0.044063315595041966,295.03
US.QQQM,Invesco NASDAQ 100 ETF,2026-08-31 20:00:00,295.16,295.16,295.16,295.16,0.0,0.0,39.0,11507.33,0.0,295.16
US.QQQM,Invesco NASDAQ 100 ETF,2026-09-01 04:05:00,295.18,294.37,295.18,294.37,0.0,0.0,18418.0,5436727.285,-0.2676514432850049,295.16
US.QQQM,Invesco NASDAQ 100 ETF,2026-09-01 04:10:00,294.37,293.43,294.49,293.42,0.0,0.0,12893.0,3788157.445,-0.3193260182763182,294.37
US.QQQM,Invesco NASDAQ 100 ETF,2026-09-01 04:15:00,293.43,293.48,293.48,293.43,0.0,0.0,443.0,130061.49,0.017039839143922354,293.43
US.QQQM,Invesco NASDAQ 100 ETF,2026-09-01 04:20:00,293.48,293.48,293.48,293.48,0.0,0.0,457.0,134160.016,0.0,293.48
US.QQQM,Invesco NASDAQ 100 ETF,2026-09-01 04:25:00,293.48,293.18,293.48,293.18,0.0,0.0,2332.0,684218.604,-0.10222161646449889,293.48
US.QQQM,Invesco NASDAQ 100 ETF,2026-09-01 04:30:00,293.18,293.121,293.26,293.0,0.0,0.0,2385.0,699129.897,-0.020124155808727034,293.18
US.QQQM,Invesco NASDAQ 100 ETF,2026-09-01 04:35:00,293.121,293.121,293.121,293.121,0.0,0.0,316.0,92663.993,0.0,293.121
US.QQQM,Invesco NASDAQ 100 ETF,2026-09-01 04:40:00,293.121,292.86,293.121,292.8,0.0,0.0,1233.0,361306.792,-0.08904172679540778,293.121
US.QQQM,Invesco NASDAQ 100 ETF,2026-09-01 04:45:00,292.86,292.86,292.86,292.86,0.0,0.0,256.0,75070.167,0.0,292.86
US.QQQM,Invesco NASDAQ 100 ETF,2026-09-01 04:50:00,292.86,292.79,292.86,292.79,0.0,0.0,569.0,166628.6,-0.02390220583213589,292.86
US.QQQM,Invesco NASDAQ 100 ETF,2026-09-01 04:55:00,292.79,292.8,292.8,292.65,0.0,0.0,762.0,223360.942,0.003415417193207044,292.79
US.QQQM,Invesco NASDAQ 100 ETF,2026-09-01 05:00:00,292.8,292.5327,292.8,292.5327,0.0,0.0,1223.0,358059.012,-0.09129098360656908,292.8
US.QQQM,Invesco NASDAQ 100 ETF,2026-09-01 05:05:00,292.5327,292.39,292.5327,292.39,0.0,0.0,2542.0,743531.527,-0.048780871335064674,292.5327
US.QQQM,Invesco NASDAQ 100 ETF,2026-09-01 05:10:00,292.39,292.24,292.39,292.16,0.0,0.0,2102.0,614487.655,-0.05130134409520752,292.39
US.QQQM,Invesco NASDAQ 100 ETF,2026-09-01 05:15:00,292.24,292.27,292.27,292.24,0.0,0.0,443.0,129577.968,0.010265535176557868,292.24
US.QQQM,Invesco NASDAQ 100 ETF,2026-09-01 05:20:00,292.27,292.21,292.27,292.21,0.0,0.0,603.0,176194.001,-0.020528962945222662,292.27
US.QQQM,Invesco NASDAQ 100 ETF,2026-09-01 05:25:00,292.21,292.1,292.21,292.0,0.0,0.0,2562.0,748358.714,-0.03764416002188727,292.21
US.QQQM,Invesco NASDAQ 100 ETF,2026-09-01 05:30:00,292.1,292.1,292.1,292.1,0.0,0.0,186.0,54383.702,0.0,292.1
US.QQQM,Invesco NASDAQ 100 ETF,2026-09-01 05:35:00,292.1,292.09,292.14,292.09,0.0,0.0,524.0,153184.838,-0.0034234851078561277,292.1
US.QQQM,Invesco NASDAQ 100 ETF,2026-09-01 05:40:00,292.09,291.98,292.09,291.98,0.0,0.0,877.0,256215.871,-0.03765962545789202,292.09
US.QQQM,Invesco NASDAQ 100 ETF,2026-09-01 05:45:00,291.98,291.98,291.98,291.98,0.0,0.0,219.0,64199.256,0.0,291.98
US.QQQM,Invesco NASDAQ 100 ETF,2026-09-01 05:50:00,291.98,292.27,292.27,291.98,0.0,0.0,946.0,276632.897,0.09932187136103966,291.98
US.QQQM,Invesco NASDAQ 100 ETF,2026-09-01 05:55:00,292.27,292.27,292.27,292.27,0.0,0.0,141.0,41264.639,0.0,292.27
US.QQQM,Invesco NASDAQ 100 ETF,2026-09-01 06:00:00,292.27,292.32,292.32,292.27,0.0,0.0,242.0,70890.294,0.01710746912102213,292.27
US.QQQM,Invesco NASDAQ 100 ETF,2026-09-01 06:05:00,292.32,292.37,292.37,292.32,0.0,0.0,206.0,60377.18,0.017104542966615822,292.32
US.QQQM,Invesco NASDAQ 100 ETF,2026-09-01 06:10:00,292.37,292.21,292.37,292.21,0.0,0.0,347.0,101644.465,-0.054725177001752924,292.37
US.QQQM,Invesco NASDAQ 100 ETF,2026-09-01 06:15:00,292.21,292.3243,292.3243,292.21,0.0,0.0,427.0,125101.839,0.03911570445912675,292.21
US.QQQM,Invesco NASDAQ 100 ETF,2026-09-01 06:20:00,292.3243,292.35,292.38,292.3243,0.0,0.0,519.0,151787.771,0.008791605761145729,292.3243
US.QQQM,Invesco NASDAQ 100 ETF,2026-09-01 06:25:00,292.35,292.5,292.5,292.35,0.0,0.0,1112.0,325542.664,0.05130836326320413,292.35
US.QQQM,Invesco NASDAQ 100 ETF,2026-09-01 06:30:00,292.5,292.54,292.58,292.5,0.0,0.0,817.0,239045.605,0.013675213675220671,292.5
US.QQQM,Invesco NASDAQ 100 ETF,2026-09-01 06:35:00,292.54,292.54,292.54,292.54,0.0,0.0,477.0,139700.548,0.0,292.54
US.QQQM,Invesco NASDAQ 100 ETF,2026-09-01 06:40:00,292.54,292.54,292.54,292.54,0.0,0.0,406.0,119051.908,0.0,292.54
US.QQQM,Invesco NASDAQ 100 ETF,2026-09-01 06:45:00,292.54,292.41,292.54,292.41,0.0,0.0,514.0,150532.987,-0.04443836740274679,292.54
US.QQQM,Invesco NASDAQ 100 ETF,2026-09-01 06:50:00,292.41,292.33,292.5,292.33,0.0,0.0,1027.0,300398.493,-0.02735884545673572,292.41
US.QQQM,Invesco NASDAQ 100 ETF,2026-09-01 06:55:00,292.33,292.33,292.33,292.33,0.0,0.0,305.0,89189.405,0.0,292.33
US.QQQM,Invesco NASDAQ 100 ETF,2026-09-01 07:00:00,292.33,292.25,292.33,292.25,0.0,0.0,388.0,113639.971,-0.027366332569351105,292.33
US.QQQM,Invesco NASDAQ 100 ETF,2026-09-01 07:05:00,292.25,292.0899,292.25,292.0899,0.0,0.0,1852.0,541394.418,-0.054781864841745055,292.25
US.QQQM,Invesco NASDAQ 100 ETF,2026-09-01 07:10:00,292.0899,292.03,292.0899,292.03,0.0,0.0,2285.0,667580.441,-0.020507384883909845,292.0899
US.QQQM,Invesco NASDAQ 100 ETF,2026-09-01 07:15:00,292.03,292.03,292.03,292.03,0.0,0.0,354.0,103435.975,0.0,292.03
US.QQQM,Invesco NASDAQ 100 ETF,2026-09-01 07:20:00,292.03,292.25,292.25,292.03,0.0,0.0,457.0,133558.43,0.0753347258843363,292.03
US.QQQM,Invesco NASDAQ 100 ETF,2026-09-01 07:25:00,292.25,292.19,292.26,292.19,0.0,0.0,1907.0,557397.31,-0.020530367835757835,292.25
US.QQQM,Invesco NASDAQ 100 ETF,2026-09-01 07:30:00,292.19,292.19,292.2,292.19,0.0,0.0,1626.0,475165.367,0.0,292.19
US.QQQM,Invesco NASDAQ 100 ETF,2026-09-01 07:35:00,292.19,292.31,292.31,292.19,0.0,0.0,1073.0,313787.313,0.04106916732263409,292.19
US.QQQM,Invesco NASDAQ 100 ETF,2026-09-01 07:40:00,292.31,292.3807,292.3807,292.31,0.0,0.0,610.0,178404.377,0.024186651158013068,292.31
US.QQQM,Invesco NASDAQ 100 ETF,2026-09-01 07:45:00,292.3807,292.3807,292.3807,292.3807,0.0,0.0,439.0,128385.638,0.0,292.3807
US.QQQM,Invesco NASDAQ 100 ETF,2026-09-01 07:50:00,292.3807,292.3807,292.3807,292.3807,0.0,0.0,290.0,84964.303,0.0,292.3807
US.QQQM,Invesco NASDAQ 100 ETF,2026-09-01 07:55:00,292.3807,292.24,292.3807,292.2,0.0,0.0,833.0,243505.077,-0.04812219137582651,292.3807
US.QQQM,Invesco NASDAQ 100 ETF,2026-09-01 08:00:00,292.24,291.83,292.24,291.83,0.0,0.0,4206.0,1227987.106,-0.1402956474130937,292.24
US.QQQM,Invesco NASDAQ 100 ETF,2026-09-01 08:05:00,291.83,291.88,291.915,291.71,0.0,0.0,6112.0,1783281.416,0.017133262515852163,291.83
US.QQQM,Invesco NASDAQ 100 ETF,2026-09-01 08:10:00,291.88,291.79,291.88,291.79,0.0,0.0,1065.0,310890.771,-0.03083458955734377,291.88
US.QQQM,Invesco NASDAQ 100 ETF,2026-09-01 08:15:00,291.79,291.75,291.79,291.6841,0.0,0.0,2248.0,656042.551,-0.013708488981808995,291.79
US.QQQM,Invesco NASDAQ 100 ETF,2026-09-01 08:20:00,291.75,291.75,291.75,291.75,0.0,0.0,925.0,269900.751,0.0,291.75
US.QQQM,Invesco NASDAQ 100 ETF,2026-09-01 08:25:00,291.75,291.68,291.75,291.56,0.0,0.0,1890.0,551151.927,-0.023993144815764585,291.75
US.QQQM,Invesco NASDAQ 100 ETF,2026-09-01 08:30:00,291.68,291.68,291.68,291.68,0.0,0.0,580.0,170362.083,0.0,291.68
US.QQQM,Invesco NASDAQ 100 ETF,2026-09-01 08:35:00,291.68,291.621,291.7,291.621,0.0,0.0,728.0,212618.064,-0.02022764673615809,291.68
US.QQQM,Invesco NASDAQ 100 ETF,2026-09-01 08:40:00,291.621,291.5721,291.6409,291.441,0.0,0.0,10604.0,3091319.92,-0.01676833972862149,291.621
US.QQQM,Invesco NASDAQ 100 ETF,2026-09-01 08:45:00,291.5721,291.5721,291.5721,291.5721,0.0,0.0,533.0,155407.844,0.0,291.5721
US.QQQM,Invesco NASDAQ 100 ETF,2026-09-01 08:50:00,291.5721,291.4,291.6,291.4,0.0,0.0,2187.0,637684.515,-0.05902485182910174,291.5721
US.QQQM,Invesco NASDAQ 100 ETF,2026-09-01 08:55:00,291.4,291.45,291.5,291.4,0.0,0.0,1876.0,547014.835,0.017158544955391687,291.4
US.QQQM,Invesco NASDAQ 100 ETF,2026-09-01 09:00:00,291.45,291.4,291.45,291.4,0.0,0.0,743.0,216718.648,-0.0171556013038296,291.45
US.QQQM,Invesco NASDAQ 100 ETF,2026-09-01 09:05:00,291.4,291.16,291.4,291.11,0.0,0.0,10349.0,3013367.149,-0.08236101578584498,291.4
US.QQQM,Invesco NASDAQ 100 ETF,2026-09-01 09:10:00,291.16,291.12,291.16,291.12,0.0,0.0,1864.0,542664.09,-0.013738150844903305,291.16
US.QQQM,Invesco NASDAQ 100 ETF,2026-09-01 09:15:00,291.12,291.08,291.13,291.08,0.0,0.0,2825.0,822583.353,-0.01374003847211475,291.12
US.QQQM,Invesco NASDAQ 100 ETF,2026-09-01 09:20:00,291.08,291.061,291.08,291.0,0.0,0.0,5248.0,1527338.837,-0.006527415143605009,291.08
US.QQQM,Invesco NASDAQ 100 ETF,2026-09-01 09:25:00,291.061,291.26,291.26,291.061,0.0,0.0,976.0,284457.838,0.06837054775459862,291.061
US.QQQM,Invesco NASDAQ 100 ETF,2026-09-01 09:30:00,291.26,291.31,291.33,291.17,0.0,0.0,11040.0,3215950.732,0.017166792556482652,291.26
US.QQQM,Invesco NASDAQ 100 ETF,2026-09-01 09:35:00,291.25,291.1199,291.395,290.85,0.0,0.0,139270.0,40557248.448,-0.0652569427757473,291.31
US.QQQM,Invesco NASDAQ 100 ETF,2026-09-01 09:40:00,291.111,290.9,291.45,290.74,0.0,0.0,52832.0,15381209.14,-0.07553588744706066,291.1199
US.QQQM,Invesco NASDAQ 100 ETF,2026-09-01 09:45:00,290.815,290.96,291.09,290.55,0.0,0.0,36842.0,10714371.878,0.020625644551393013,290.9
US.QQQM,Invesco NASDAQ 100 ETF,2026-09-01 09:50:00,290.98,291.57,291.57,290.91,0.0,0.0,41840.0,12188095.65,0.20965081110806078,290.96
US.QQQM,Invesco NASDAQ 100 ETF,2026-09-01 09:55:00,291.57,291.2986,291.68,291.2,0.0,0.0,86765.0,25290279.485,-0.093082278698073,291.57
US.QQQM,Invesco NASDAQ 100 ETF,2026-09-01 10:00:00,291.36,291.215,291.36,291.07,0.0,0.0,33195.0,9666929.621,-0.028699073733978377,291.2986
US.QQQM,Invesco NASDAQ 100 ETF,2026-09-01 10:05:00,291.24,291.2,291.475,291.02,0.0,0.0,44962.0,13095619.69,-0.005150833576562457,291.215
US.QQQM,Invesco NASDAQ 100 ETF,2026-09-01 10:10:00,291.1799,291.69,291.73,291.1799,0.0,0.0,41139.0,11992752.177,0.1682692307692339,291.2
US.QQQM,Invesco NASDAQ 100 ETF,2026-09-01 10:15:00,291.67,291.45,291.7,291.31,0.0,0.0,35748.0,10420357.53,-0.082279131955161,291.69
US.QQQM,Invesco NASDAQ 100 ETF,2026-09-01 10:20:00,291.4445,291.59,291.84,291.4445,0.0,0.0,44291.0,12917306.442,0.04803568365070728,291.45
US.QQQM,Invesco NASDAQ 100 ETF,2026-09-01 10:25:00,291.6,291.7462,291.91,291.6,0.0,0.0,25355.0,7396741.646,0.05356836654206679,291.59
US.QQQM,Invesco NASDAQ 100 ETF,2026-09-01 10:30:00,291.76,291.76,291.88,291.69,0.0,0.0,32607.0,9513739.396,0.004730138730171418,291.7462
US.QQQM,Invesco NASDAQ 100 ETF,2026-09-01 10:35:00,291.76,292.2364,292.2364,291.76,0.0,0.0,31948.0,9330384.984,0.1632848916918057,291.76
US.QQQM,Invesco NASDAQ 100 ETF,2026-09-01 10:40:00,292.24,292.2,292.27,292.12,0.0,0.0,17461.0,5102192.127,-0.012455669451175364,292.2364
US.QQQM,Invesco NASDAQ 100 ETF,2026-09-01 10:45:00,292.19,292.4101,292.4101,292.19,0.0,0.0,18738.0,5477257.629,0.07190280629706067,292.2
US.QQQM,Invesco NASDAQ 100 ETF,2026-09-01 10:50:00,292.4599,292.6299,292.7799,292.38,0.0,0.0,19818.0,5798162.178,0.07516840218584127,292.4101
US.QQQM,Invesco NASDAQ 100 ETF,2026-09-01 10:55:00,292.56,292.34,292.56,292.32,0.0,0.0,20433.0,5975619.213,-0.09906711515126976,292.6299
US.QQQM,Invesco NASDAQ 100 ETF,2026-09-01 11:00:00,292.34,292.4,292.4,292.215,0.0,0.0,16427.0,4801780.8,0.02052404734213665,292.34
US.QQQM,Invesco NASDAQ 100 ETF,2026-09-01 11:05:00,292.405,292.21,292.5377,292.155,0.0,0.0,17072.0,4991502.115,-0.06497948016415792,292.4
US.QQQM,Invesco NASDAQ 100 ETF,2026-09-01 11:10:00,292.245,291.95,292.245,291.935,0.0,0.0,21373.0,6242421.507,-0.08897710550631086,292.21
US.QQQM,Invesco NASDAQ 100 ETF,2026-09-01 11:15:00,291.95,292.035,292.115,291.94,0.0,0.0,16560.0,4836010.209,0.029114574413439415,291.95
US.QQQM,Invesco NASDAQ 100 ETF,2026-09-01 11:20:00,291.95,292.11,292.16,291.92,0.0,0.0,18880.0,5513668.432,0.0256818532025232,292.035
US.QQQM,Invesco NASDAQ 100 ETF,2026-09-01 11:25:00,292.12,292.237141,292.26,292.05,0.0,0.0,16314.0,4766374.553,0.043525041936255046,292.11
US.QQQM,Invesco NASDAQ 100 ETF,2026-09-01 11:30:00,292.24,292.41,292.42,292.22,0.0,0.0,22084.0,6455361.796,0.05915025017303216,292.237141
US.QQQM,Invesco NASDAQ 100 ETF,2026-09-01 11:35:00,292.44,292.44,292.555,292.37,0.0,0.0,17432.0,5098072.083,0.010259567046261315,292.41
US.QQQM,Invesco NASDAQ 100 ETF,2026-09-01 11:40:00,292.46,292.81,292.81,292.46,0.0,0.0,62970.0,18420982.933,0.12652167966078667,292.44
US.QQQM,Invesco NASDAQ 100 ETF,2026-09-01 11:45:00,292.7822,293.0084,293.0084,292.7822,0.0,0.0,20241.0,5927747.842,0.06775724872784139,292.81
US.QQQM,Invesco NASDAQ 100 ETF,2026-09-01 11:50:00,293.02,293.255,293.3,293.01,0.0,0.0,20615.0,6043814.854,0.08416140970702574,293.0084
US.QQQM,Invesco NASDAQ 100 ETF,2026-09-01 11:55:00,293.2201,293.209,293.27,293.09,0.0,0.0,21375.0,6267092.926,-0.01568600705870054,293.255
US.QQQM,Invesco NASDAQ 100 ETF,2026-09-01 12:00:00,293.22,293.0877,293.22,293.02,0.0,0.0,13862.0,4063461.144,-0.04136980788448488,293.209
US.QQQM,Invesco NASDAQ 100 ETF,2026-09-01 12:05:00,293.09,292.91,293.12,292.9,0.0,0.0,14656.0,4294268.769,-0.060630316454753606,293.0877
US.QQQM,Invesco NASDAQ 100 ETF,2026-09-01 12:10:00,292.9,292.77,292.93,292.69,0.0,0.0,18516.0,5421606.079,-0.04779625140829715,292.91
US.QQQM,Invesco NASDAQ 100 ETF,2026-09-01 12:15:00,292.72,292.47,292.7877,292.47,0.0,0.0,16654.0,4874181.713,-0.10246951531917702,292.77
US.QQQM,Invesco NASDAQ 100 ETF,2026-09-01 12:20:00,292.45,292.18,292.48,292.1715,0.0,0.0,16656.0,4869707.553,-0.09915546893699198,292.47
US.QQQM,Invesco NASDAQ 100 ETF,2026-09-01 12:25:00,292.14,292.11,292.2199,291.89,0.0,0.0,19477.0,5688090.998,-0.02395783421178492,292.18
US.QQQM,Invesco NASDAQ 100 ETF,2026-09-01 12:30:00,292.11,291.9,292.13,291.8,0.0,0.0,42763.0,12483059.29,-0.07189072609634602,292.11
US.QQQM,Invesco NASDAQ 100 ETF,2026-09-01 12:35:00,291.92,291.4805,291.94,291.4805,0.0,0.0,53692.0,15660967.913,-0.14371360054812296,291.9
US.QQQM,Invesco NASDAQ 100 ETF,2026-09-01 12:40:00,291.52,291.7799,291.7799,291.52,0.0,0.0,31452.0,9172297.647,0.10271699135962489,291.4805
US.QQQM,Invesco NASDAQ 100 ETF,2026-09-01 12:45:00,291.778,291.531945,291.81,291.531945,0.0,0.0,17435.0,5085363.767,-0.08498015113446485,291.7799
US.QQQM,Invesco NASDAQ 100 ETF,2026-09-01 12:50:00,291.52,291.73,291.73,291.48,0.0,0.0,27725.0,8084510.429,0.06793595123855492,291.531945
US.QQQM,Invesco NASDAQ 100 ETF,2026-09-01 12:55:00,291.72,291.75,291.78,291.68,0.0,0.0,8805.0,2569009.743,0.0068556542007958765,291.73
US.QQQM,Invesco NASDAQ 100 ETF,2026-09-01 13:00:00,291.82,292.05,292.07,291.82,0.0,0.0,15653.0,4570912.941,0.10282776349614786,291.75
US.QQQM,Invesco NASDAQ 100 ETF,2026-09-01 13:05:00,292.03,291.6901,292.035,291.68,0.0,0.0,10370.0,3026108.323,-0.1232323232323365,292.05
US.QQQM,Invesco NASDAQ 100 ETF,2026-09-01 13:10:00,291.635,291.605,291.72,291.52,0.0,0.0,14965.0,4364213.359,-0.029174798870429418,291.6901
US.QQQM,Invesco NASDAQ 100 ETF,2026-09-01 13:15:00,291.6,291.69,291.76,291.53,0.0,0.0,20695.0,6035793.609,0.02914902007852387,291.605
US.QQQM,Invesco NASDAQ 100 ETF,2026-09-01 13:20:00,291.67,291.51,291.75,291.48,0.0,0.0,10377.0,3025829.12,-0.061709348966370745,291.69
US.QQQM,Invesco NASDAQ 100 ETF,2026-09-01 13:25:00,291.53,291.52,291.61,291.455,0.0,0.0,20765.0,6053855.125,0.0034304140509728333,291.51
US.QQQM,Invesco NASDAQ 100 ETF,2026-09-01 13:30:00,291.53,291.545,291.56,291.13,0.0,0.0,63668.0,18546174.446,0.008575740944029263,291.52
US.QQQM,Invesco NASDAQ 100 ETF,2026-09-01 13:35:00,291.57,291.61,291.7,291.53,0.0,0.0,16385.0,4777990.264,0.02229501449175864,291.545
US.QQQM,Invesco NASDAQ 100 ETF,2026-09-01 13:40:00,291.65,291.57,291.72,291.57,0.0,0.0,16552.0,4827152.12,-0.01371695072186155,291.61
US.QQQM,Invesco NASDAQ 100 ETF,2026-09-01 13:45:00,291.56,291.62,291.65,291.55,0.0,0.0,14592.0,4255532.786,0.0171485406591938,291.57
US.QQQM,Invesco NASDAQ 100 ETF,2026-09-01 13:50:00,291.625,291.36,291.63,291.36,0.0,0.0,27632.0,8056404.528,-0.0891571222824192,291.62
US.QQQM,Invesco NASDAQ 100 ETF,2026-09-01 13:55:00,291.3451,291.315,291.5,291.315,0.0,0.0,23944.0,6977583.413,-0.015444810543662795,291.36
US.QQQM,Invesco NASDAQ 100 ETF,2026-09-01 14:00:00,291.3545,291.52,291.53,291.315,0.0,0.0,10373.0,3022952.737,0.07037056107649249,291.315
US.QQQM,Invesco NASDAQ 100 ETF,2026-09-01 14:05:00,291.51,291.3562,291.62,291.321,0.0,0.0,12107.0,3529201.485,-0.05618825466519643,291.52
US.QQQM,Invesco NASDAQ 100 ETF,2026-09-01 14:10:00,291.36,291.33,291.36,291.25,0.0,0.0,20893.0,6086318.843,-0.008992429198354832,291.3562
US.QQQM,Invesco NASDAQ 100 ETF,2026-09-01 14:15:00,291.32,291.16,291.36,291.135,0.0,0.0,18607.0,5419227.29,-0.05835307040124913,291.33
US.QQQM,Invesco NASDAQ 100 ETF,2026-09-01 14:20:00,291.13,291.23,291.26,291.03,0.0,0.0,19189.0,5586535.035,0.02404176397856614,291.16
US.QQQM,Invesco NASDAQ 100 ETF,2026-09-01 14:25:00,291.23,291.2855,291.2855,291.1611,0.0,0.0,25112.0,7313308.621,0.019057102633655527,291.23
US.QQQM,Invesco NASDAQ 100 ETF,2026-09-01 14:30:00,291.24,291.031,291.25,290.995,0.0,0.0,30513.0,8881864.469,-0.0873713246969064,291.2855
US.QQQM,Invesco NASDAQ 100 ETF,2026-09-01 14:35:00,291.07,290.845,291.08,290.811,0.0,0.0,36583.0,10644503.98,-0.06391071741497593,291.031
US.QQQM,Invesco NASDAQ 100 ETF,2026-09-01 14:40:00,290.8323,290.735,290.9,290.71,0.0,0.0,17477.0,5082495.332,-0.03782083240214328,290.845
US.QQQM,Invesco NASDAQ 100 ETF,2026-09-01 14:45:00,290.7301,290.28,290.75,290.28,0.0,0.0,37514.0,10898584.481,-0.15649990541215913,290.735
US.QQQM,Invesco NASDAQ 100 ETF,2026-09-01 14:50:00,290.26,290.48,290.4845,290.15,0.0,0.0,19206.0,5575612.379,0.06889899407470218,290.28
US.QQQM,Invesco NASDAQ 100 ETF,2026-09-01 14:55:00,290.535,290.61,290.615,290.47,0.0,0.0,34715.0,10087089.714,0.044753511429356733,290.48
US.QQQM,Invesco NASDAQ 100 ETF,2026-09-01 15:00:00,290.6,290.88,290.92,290.6,0.0,0.0,13546.0,3939004.853,0.09290802105914518,290.61
US.QQQM,Invesco NASDAQ 100 ETF,2026-09-01 15:05:00,290.83,291.15,291.15,290.83,0.0,0.0,12891.0,3751071.084,0.09282178217821158,290.88
US.QQQM,Invesco NASDAQ 100 ETF,2026-09-01 15:10:00,291.05,291.155,291.16,291.01,0.0,0.0,19005.0,5532401.233,0.0017173278378826904,291.15
US.QQQM,Invesco NASDAQ 100 ETF,2026-09-01 15:15:00,291.2,291.3,291.3,291.1283,0.0,0.0,19699.0,5736752.243,0.04980165204102237,291.155
US.QQQM,Invesco NASDAQ 100 ETF,2026-09-01 15:20:00,291.34,291.24,291.34,291.2,0.0,0.0,34908.0,10168351.61,-0.02059732234809553,291.3
US.QQQM,Invesco NASDAQ 100 ETF,2026-09-01 15:25:00,291.27,291.29,291.34,291.16,0.0,0.0,18006.0,5244318.988,0.01716797143249944,291.24
US.QQQM,Invesco NASDAQ 100 ETF,2026-09-01 15:30:00,291.32,291.36,291.4,291.23,0.0,0.0,24762.0,7213304.189,0.024031034364376796,291.29
US.QQQM,Invesco NASDAQ 100 ETF,2026-09-01 15:35:00,291.375,291.295,291.38,291.04,0.0,0.0,25252.0,7352901.608,-0.02230917078528203,291.36
US.QQQM,Invesco NASDAQ 100 ETF,2026-09-01 15:40:00,291.295,291.15,291.34,291.15,0.0,0.0,23839.0,6942633.244,-0.04977771674764025,291.295
US.QQQM,Invesco NASDAQ 100 ETF,2026-09-01 15:45:00,291.14,291.29,291.3,291.1,0.0,0.0,18477.0,5380911.255,0.0480851794607739,291.15
US.QQQM,Invesco NASDAQ 100 ETF,2026-09-01 15:50:00,291.29,291.4299,291.5,291.245,0.0,0.0,36601.0,10665487.881,0.04802773867965073,291.29
US.QQQM,Invesco NASDAQ 100 ETF,2026-09-01 15:55:00,291.4,291.14,291.41,290.99,0.0,0.0,66587.0,19387245.115,-0.09947503670693664,291.4299
US.QQQM,Invesco NASDAQ 100 ETF,2026-09-01 16:00:00,291.14,291.4,291.41,291.075,0.0,0.0,214450.0,62471664.402,0.08930411485882768,291.14
US.QQQM,Invesco NASDAQ 100 ETF,2026-09-01 16:05:00,291.34,291.45,291.6,291.33,0.0,0.0,19883.0,5794378.989,0.017158544955391687,291.4
US.QQQM,Invesco NASDAQ 100 ETF,2026-09-01 16:10:00,291.45,291.45,291.52,291.29,0.0,0.0,5779.0,1683714.648,0.0,291.45
US.QQQM,Invesco NASDAQ 100 ETF,2026-09-01 16:15:00,291.45,291.37,291.45,291.35,0.0,0.0,33776.0,9851484.895,-0.02744896208611566,291.45
US.QQQM,Invesco NASDAQ 100 ETF,2026-09-01 16:20:00,291.37,291.618,291.63,291.37,0.0,0.0,848.0,247276.369,0.08511514569104248,291.37
US.QQQM,Invesco NASDAQ 100 ETF,2026-09-01 16:25:00,291.618,291.67,291.67,291.618,0.0,0.0,308.0,89988.749,0.01783154674952195,291.618
US.QQQM,Invesco NASDAQ 100 ETF,2026-09-01 16:30:00,291.67,291.52,291.67,291.52,0.0,0.0,2759.0,804513.627,-0.05142798368019821,291.67
US.QQQM,Invesco NASDAQ 100 ETF,2026-09-01 16:35:00,291.52,291.47,291.52,291.47,0.0,0.0,289.0,84236.384,-0.01715148188801953,291.52
US.QQQM,Invesco NASDAQ 100 ETF,2026-09-01 16:40:00,291.47,291.51,291.52,291.47,0.0,0.0,1754.0,511303.2,0.01372353930077319,291.47
US.QQQM,Invesco NASDAQ 100 ETF,2026-09-01 16:45:00,291.51,291.51,291.51,291.51,0.0,0.0,304.0,88630.117,0.0,291.51
US.QQQM,Invesco NASDAQ 100 ETF,2026-09-01 16:50:00,291.51,291.51,291.55,291.51,0.0,0.0,776.0,226414.858,0.0,291.51
US.QQQM,Invesco NASDAQ 100 ETF,2026-09-01 16:55:00,291.51,291.51,291.51,291.51,0.0,0.0,173.0,50442.378,0.0,291.51
US.QQQM,Invesco NASDAQ 100 ETF,2026-09-01 17:00:00,291.51,291.51,291.51,291.51,0.0,0.0,182.0,53127.616,0.0,291.51
US.QQQM,Invesco NASDAQ 100 ETF,2026-09-01 17:05:00,291.51,291.51,291.51,291.51,0.0,0.0,153.0,44601.813,0.0,291.51
US.QQQM,Invesco NASDAQ 100 ETF,2026-09-01 17:10:00,291.51,291.42,291.51,291.42,0.0,0.0,4513.0,1315101.25,-0.030873726458774994,291.51
US.QQQM,Invesco NASDAQ 100 ETF,2026-09-01 17:15:00,291.42,291.42,291.42,291.42,0.0,0.0,233.0,67929.973,0.0,291.42
US.QQQM,Invesco NASDAQ 100 ETF,2026-09-01 17:20:00,291.42,291.42,291.42,291.42,0.0,0.0,416.0,121319.418,0.0,291.42
US.QQQM,Invesco NASDAQ 100 ETF,2026-09-01 17:25:00,291.42,291.42,291.42,291.42,0.0,0.0,87.0,25356.721,0.0,291.42
US.QQQM,Invesco NASDAQ 100 ETF,2026-09-01 17:30:00,291.42,291.42,291.42,291.42,0.0,0.0,326.0,95010.23,0.0,291.42
US.QQQM,Invesco NASDAQ 100 ETF,2026-09-01 17:35:00,291.42,291.42,291.42,291.42,0.0,0.0,102.0,29760.934,0.0,291.42
US.QQQM,Invesco NASDAQ 100 ETF,2026-09-01 17:40:00,291.42,291.42,291.42,291.42,0.0,0.0,271.0,78981.9,0.0,291.42
US.QQQM,Invesco NASDAQ 100 ETF,2026-09-01 17:45:00,291.42,291.42,291.42,291.42,0.0,0.0,179.0,52180.033,0.0,291.42
US.QQQM,Invesco NASDAQ 100 ETF,2026-09-01 17:50:00,291.42,291.42,291.42,291.42,0.0,0.0,176.0,51395.489,0.0,291.42
US.QQQM,Invesco NASDAQ 100 ETF,2026-09-01 17:55:00,291.42,291.42,291.42,291.42,0.0,0.0,120.0,34976.508,0.0,291.42
US.QQQM,Invesco NASDAQ 100 ETF,2026-09-01 18:00:00,291.42,291.38,291.42,291.38,0.0,0.0,1167.0,340170.925,-0.013725893898847182,291.42
US.QQQM,Invesco NASDAQ 100 ETF,2026-09-01 18:05:00,291.38,291.43,291.44,291.38,0.0,0.0,838.0,244217.131,0.017159722698885087,291.38
US.QQQM,Invesco NASDAQ 100 ETF,2026-09-01 18:10:00,291.43,291.0809,291.43,291.0809,0.0,0.0,515.0,149942.793,-0.11978862848712256,291.43
US.QQQM,Invesco NASDAQ 100 ETF,2026-09-01 18:15:00,291.0809,291.2,291.2,291.0809,0.0,0.0,419.0,122022.188,0.040916459994456214,291.0809
US.QQQM,Invesco NASDAQ 100 ETF,2026-09-01 18:20:00,291.2,291.0,291.2,291.0,0.0,0.0,1647.0,479322.177,-0.06868131868131479,291.2
US.QQQM,Invesco NASDAQ 100 ETF,2026-09-01 18:25:00,291.0,291.0,291.0,291.0,0.0,0.0,97.0,28248.94,0.0,291.0
US.QQQM,Invesco NASDAQ 100 ETF,2026-09-01 18:30:00,291.0,291.0,291.0,291.0,0.0,0.0,255.0,74249.152,0.0,291.0
US.QQQM,Invesco NASDAQ 100 ETF,2026-09-01 18:35:00,291.0,291.0,291.0,291.0,0.0,0.0,104.0,30325.298,0.0,291.0
US.QQQM,Invesco NASDAQ 100 ETF,2026-09-01 18:40:00,291.0,291.0,291.0,291.0,0.0,0.0,56.0,16313.725,0.0,291.0
US.QQQM,Invesco NASDAQ 100 ETF,2026-09-01 18:45:00,291.0,291.33,291.33,291.0,0.0,0.0,1048.0,305169.589,0.11340206185566463,291.0
US.QQQM,Invesco NASDAQ 100 ETF,2026-09-01 18:50:00,291.33,291.34,291.34,291.33,0.0,0.0,454.0,132309.853,0.003432533553012359,291.33
US.QQQM,Invesco NASDAQ 100 ETF,2026-09-01 18:55:00,291.34,291.34,291.34,291.34,0.0,0.0,239.0,69755.55,0.0,291.34
US.QQQM,Invesco NASDAQ 100 ETF,2026-09-01 19:00:00,291.34,291.34,291.34,291.34,0.0,0.0,143.0,41677.914,0.0,291.34
US.QQQM,Invesco NASDAQ 100 ETF,2026-09-01 19:05:00,291.34,291.34,291.34,291.34,0.0,0.0,111.0,32351.785,0.0,291.34
US.QQQM,Invesco NASDAQ 100 ETF,2026-09-01 19:10:00,291.34,291.34,291.34,291.34,0.0,0.0,74.0,21652.141,0.0,291.34
US.QQQM,Invesco NASDAQ 100 ETF,2026-09-01 19:15:00,291.34,291.34,291.34,291.34,0.0,0.0,217.0,63320.46,0.0,291.34
US.QQQM,Invesco NASDAQ 100 ETF,2026-09-01 19:20:00,291.34,291.34,291.34,291.34,0.0,0.0,206.0,60038.577,0.0,291.34
US.QQQM,Invesco NASDAQ 100 ETF,2026-09-01 19:25:00,291.34,291.34,291.34,291.34,0.0,0.0,300.0,87517.767,0.0,291.34
US.QQQM,Invesco NASDAQ 100 ETF,2026-09-01 19:30:00,291.34,291.34,291.34,291.34,0.0,0.0,98.0,28559.058,0.0,291.34
US.QQQM,Invesco NASDAQ 100 ETF,2026-09-01 19:35:00,291.34,291.34,291.34,291.34,0.0,0.0,96.0,28098.582,0.0,291.34
US.QQQM,Invesco NASDAQ 100 ETF,2026-09-01 19:40:00,291.34,291.45,291.57,291.34,0.0,0.0,416.0,121376.407,0.03775657307613567,291.34
US.QQQM,Invesco NASDAQ 100 ETF,2026-09-01 19:45:00,291.45,291.45,291.45,291.45,0.0,0.0,131.0,38186.824,0.0,291.45
US.QQQM,Invesco NASDAQ 100 ETF,2026-09-01 19:50:00,291.45,291.45,291.45,291.45,0.0,0.0,108.0,31480.56,0.0,291.45
US.QQQM,Invesco NASDAQ 100 ETF,2026-09-01 19:55:00,291.45,291.45,291.45,291.45,0.0,0.0,87.0,25360.95,0.0,291.45
US.QQQM,Invesco NASDAQ 100 ETF,2026-09-01 20:00:00,291.45,291.45,291.45,291.45,0.0,0.0,153.0,44647.28,0.0,291.45
US.QQQM,Invesco NASDAQ 100 ETF,2026-09-02 04:05:00,291.4,290.74,291.4,290.74,0.0,0.0,16458.0,4786945.742,-0.2436095385143179,291.45
US.QQQM,Invesco NASDAQ 100 ETF,2026-09-02 04:10:00,290.74,290.86,290.86,290.74,0.0,0.0,419.0,122037.938,0.04127399050698374,290.74
US.QQQM,Invesco NASDAQ 100 ETF,2026-09-02 04:15:00,290.86,290.87,290.87,290.86,0.0,0.0,387.0,112596.975,0.0034380801760265775,290.86
US.QQQM,Invesco NASDAQ 100 ETF,2026-09-02 04:20:00,290.87,290.72,290.87,290.72,0.0,0.0,335.0,97431.414,-0.051569429642100345,290.87
US.QQQM,Invesco NASDAQ 100 ETF,2026-09-02 04:25:00,290.72,290.7,290.72,290.7,0.0,0.0,342.0,99517.694,-0.0068794716565900695,290.72
US.QQQM,Invesco NASDAQ 100 ETF,2026-09-02 04:30:00,290.7,290.74,290.76,290.7,0.0,0.0,542.0,157746.857,0.013759889920887673,290.7
US.QQQM,Invesco NASDAQ 100 ETF,2026-09-02 04:35:00,290.74,290.78,290.79,290.74,0.0,0.0,1017.0,295972.791,0.013757996835648214,290.74
US.QQQM,Invesco NASDAQ 100 ETF,2026-09-02 04:40:00,290.78,290.78,290.78,290.78,0.0,0.0,37.0,10816.755,0.0,290.78
US.QQQM,Invesco NASDAQ 100 ETF,2026-09-02 04:45:00,290.78,290.48,290.78,290.47,0.0,0.0,655.0,190488.192,-0.10317078203451219,290.78
US.QQQM,Invesco NASDAQ 100 ETF,2026-09-02 04:50:00,290.48,290.39,290.48,290.38,0.0,0.0,502.0,146009.497,-0.030983200220335936,290.48
US.QQQM,Invesco NASDAQ 100 ETF,2026-09-02 04:55:00,290.39,289.72,290.39,289.72,0.0,0.0,6547.0,1898855.387,-0.23072419849166953,290.39
US.QQQM,Invesco NASDAQ 100 ETF,2026-09-02 05:00:00,289.72,289.72,289.72,289.72,0.0,0.0,865.0,250839.172,0.0,289.72
US.QQQM,Invesco NASDAQ 100 ETF,2026-09-02 05:05:00,289.72,290.14,290.14,289.72,0.0,0.0,1304.0,378200.246,0.1449675548805602,289.72
US.QQQM,Invesco NASDAQ 100 ETF,2026-09-02 05:10:00,290.14,290.38,290.38,290.14,0.0,0.0,318.0,92325.213,0.08271868753016098,290.14
US.QQQM,Invesco NASDAQ 100 ETF,2026-09-02 05:15:00,290.38,290.38,290.38,290.38,0.0,0.0,187.0,54451.108,0.0,290.38
US.QQQM,Invesco NASDAQ 100 ETF,2026-09-02 05:20:00,290.38,290.38,290.38,290.38,0.0,0.0,168.0,48873.314,0.0,290.38
US.QQQM,Invesco NASDAQ 100 ETF,2026-09-02 05:25:00,290.38,289.71,290.38,289.71,0.0,0.0,827.0,239781.755,-0.23073214408706383,290.38
US.QQQM,Invesco NASDAQ 100 ETF,2026-09-02 05:30:00,289.71,289.71,289.71,289.71,0.0,0.0,94.0,27479.75,0.0,289.71
US.QQQM,Invesco NASDAQ 100 ETF,2026-09-02 05:35:00,289.71,289.76,289.76,289.71,0.0,0.0,643.0,186421.634,0.017258637948297045,289.71
US.QQQM,Invesco NASDAQ 100 ETF,2026-09-02 05:40:00,289.76,289.76,289.76,289.76,0.0,0.0,210.0,60887.311,0.0,289.76
US.QQQM,Invesco NASDAQ 100 ETF,2026-09-02 05:45:00,289.76,289.6618,289.76,289.6618,0.0,0.0,684.0,198194.604,-0.03389011595802146,289.76
US.QQQM,Invesco NASDAQ 100 ETF,2026-09-02 05:50:00,289.6618,289.73,289.7332,289.6618,0.0,0.0,480.0,139063.185,0.02354469937008962,289.6618
US.QQQM,Invesco NASDAQ 100 ETF,2026-09-02 05:55:00,289.73,289.73,289.73,289.73,0.0,0.0,180.0,52281.859,0.0,289.73
US.QQQM,Invesco NASDAQ 100 ETF,2026-09-02 06:00:00,289.73,289.73,289.73,289.73,0.0,0.0,306.0,88805.045,0.0,289.73
US.QQQM,Invesco NASDAQ 100 ETF,2026-09-02 06:05:00,289.87,289.88,289.88,289.87,0.0,0.0,2702.0,783330.138,0.05177233976460057,289.73
US.QQQM,Invesco NASDAQ 100 ETF,2026-09-02 06:10:00,289.88,289.66,289.88,289.66,0.0,0.0,259.0,75025.328,-0.07589347316129794,289.88
US.QQQM,Invesco NASDAQ 100 ETF,2026-09-02 06:15:00,289.66,289.871,289.871,289.66,0.0,0.0,567.0,164329.68,0.07284402402815572,289.66
US.QQQM,Invesco NASDAQ 100 ETF,2026-09-02 06:20:00,289.871,289.9243,289.9243,289.871,0.0,0.0,435.0,126140.4,0.01838748960745837,289.871
US.QQQM,Invesco NASDAQ 100 ETF,2026-09-02 06:25:00,289.9243,289.95,289.95,289.92,0.0,0.0,677.0,196288.525,0.00886438287510639,289.9243
US.QQQM,Invesco NASDAQ 100 ETF,2026-09-02 06:30:00,289.95,290.07,290.07,289.95,0.0,0.0,2229.0,646436.072,0.04138644593895656,289.95
US.QQQM,Invesco NASDAQ 100 ETF,2026-09-02 06:35:00,290.07,289.99,290.07,289.99,0.0,0.0,1281.0,371523.638,-0.02757954976384462,290.07
US.QQQM,Invesco NASDAQ 100 ETF,2026-09-02 06:40:00,289.99,289.99,289.99,289.99,0.0,0.0,644.0,186687.846,0.0,289.99
US.QQQM,Invesco NASDAQ 100 ETF,2026-09-02 06:45:00,289.99,289.99,289.99,289.99,0.0,0.0,172.0,49847.135,0.0,289.99
US.QQQM,Invesco NASDAQ 100 ETF,2026-09-02 06:50:00,289.99,289.99,289.99,289.99,0.0,0.0,364.0,105683.536,0.0,289.99
US.QQQM,Invesco NASDAQ 100 ETF,2026-09-02 06:55:00,289.99,289.79,289.99,289.79,0.0,0.0,704.0,204096.711,-0.06896789544466658,289.99
US.QQQM,Invesco NASDAQ 100 ETF,2026-09-02 07:00:00,289.79,289.79,289.79,289.79,0.0,0.0,257.0,74505.582,0.0,289.79
US.QQQM,Invesco NASDAQ 100 ETF,2026-09-02 07:05:00,289.79,289.561,290.01,289.53,0.0,0.0,4156.0,1204115.279,-0.07902274060528032,289.79
US.QQQM,Invesco NASDAQ 100 ETF,2026-09-02 07:10:00,289.561,289.94,289.94,289.46,0.0,0.0,2774.0,803646.119,0.13088779220959285,289.561
US.QQQM,Invesco NASDAQ 100 ETF,2026-09-02 07:15:00,289.94,290.22,290.22,289.88,0.0,0.0,2054.0,595866.821,0.09657170449059446,289.94
US.QQQM,Invesco NASDAQ 100 ETF,2026-09-02 07:20:00,290.22,290.21,290.37,290.21,0.0,0.0,2089.0,606617.253,-0.003445661911669681,290.22
US.QQQM,Invesco NASDAQ 100 ETF,2026-09-02 07:25:00,290.21,290.18,290.21,290.18,0.0,0.0,901.0,261489.088,-0.010337341924803666,290.21
US.QQQM,Invesco NASDAQ 100 ETF,2026-09-02 07:30:00,290.18,290.45,290.45,290.18,0.0,0.0,654.0,190028.714,0.09304569577502991,290.18
US.QQQM,Invesco NASDAQ 100 ETF,2026-09-02 07:35:00,290.45,290.56,290.59,290.36,0.0,0.0,1494.0,434093.79,0.03787226717163493,290.45
US.QQQM,Invesco NASDAQ 100 ETF,2026-09-02 07:40:00,290.56,290.56,290.56,290.56,0.0,0.0,211.0,61616.62,0.0,290.56
US.QQQM,Invesco NASDAQ 100 ETF,2026-09-02 07:45:00,290.56,290.48,290.56,290.48,0.0,0.0,475.0,138032.057,-0.027533039647571613,290.56
US.QQQM,Invesco NASDAQ 100 ETF,2026-09-02 07:50:00,290.48,290.48,290.48,290.48,0.0,0.0,183.0,53162.681,0.0,290.48
US.QQQM,Invesco NASDAQ 100 ETF,2026-09-02 07:55:00,290.48,290.399,290.48,290.399,0.0,0.0,737.0,214053.743,-0.02788488019829843,290.48
US.QQQM,Invesco NASDAQ 100 ETF,2026-09-02 08:00:00,290.399,290.96,290.96,290.399,0.0,0.0,856.0,248983.931,0.19318248341074817,290.399
US.QQQM,Invesco NASDAQ 100 ETF,2026-09-02 08:05:00,290.96,291.0,291.0,290.91,0.0,0.0,8901.0,2590313.571,0.013747594171027106,290.96
US.QQQM,Invesco NASDAQ 100 ETF,2026-09-02 08:10:00,291.0,291.21,291.21,291.0,0.0,0.0,859.0,250225.528,0.0721649484536012,291.0
US.QQQM,Invesco NASDAQ 100 ETF,2026-09-02 08:15:00,291.21,291.3,291.3,291.0154,0.0,0.0,804.0,234217.663,0.030905532090255088,291.21
US.QQQM,Invesco NASDAQ 100 ETF,2026-09-02 08:20:00,291.3,291.13,291.32,291.13,0.0,0.0,1263.0,367941.042,-0.05835907998627391,291.3
US.QQQM,Invesco NASDAQ 100 ETF,2026-09-02 08:25:00,291.13,291.349,291.53,291.13,0.0,0.0,1798.0,523940.256,0.07522412667880125,291.13
US.QQQM,Invesco NASDAQ 100 ETF,2026-09-02 08:30:00,291.349,291.275,291.349,291.275,0.0,0.0,787.0,229340.247,-0.02539909181085649,291.349
US.QQQM,Invesco NASDAQ 100 ETF,2026-09-02 08:35:00,291.275,291.03,291.275,291.03,0.0,0.0,2376.0,691911.645,-0.08411295167796912,291.275
US.QQQM,Invesco NASDAQ 100 ETF,2026-09-02 08:40:00,291.03,290.9663,291.04,290.9663,0.0,0.0,1107.0,322309.829,-0.021887777892307666,291.03
US.QQQM,Invesco NASDAQ 100 ETF,2026-09-02 08:45:00,290.9663,290.88,290.9792,290.88,0.0,0.0,551.0,160337.879,-0.02965979221648496,290.9663
US.QQQM,Invesco NASDAQ 100 ETF,2026-09-02 08:50:00,290.88,290.86,290.88,290.86,0.0,0.0,451.0,131399.275,-0.006875687568750622,290.88
US.QQQM,Invesco NASDAQ 100 ETF,2026-09-02 08:55:00,290.86,290.62,290.86,290.62,0.0,0.0,882.0,256519.206,-0.08251392422471604,290.86
US.QQQM,Invesco NASDAQ 100 ETF,2026-09-02 09:00:00,290.62,290.55,290.62,290.55,0.0,0.0,12759.0,3716837.981,-0.024086435895668976,290.62
US.QQQM,Invesco NASDAQ 100 ETF,2026-09-02 09:05:00,290.55,290.55,290.55,290.55,0.0,0.0,274.0,79740.186,0.0,290.55
US.QQQM,Invesco NASDAQ 100 ETF,2026-09-02 09:10:00,290.55,290.7592,290.7592,290.55,0.0,0.0,387.0,112522.699,0.07200137669936665,290.55
US.QQQM,Invesco NASDAQ 100 ETF,2026-09-02 09:15:00,290.7592,290.78,290.789,290.7592,0.0,0.0,308.0,89650.465,0.007153685936662202,290.7592
US.QQQM,Invesco NASDAQ 100 ETF,2026-09-02 09:20:00,290.78,290.78,290.78,290.78,0.0,0.0,306.0,89006.888,0.0,290.78
US.QQQM,Invesco NASDAQ 100 ETF,2026-09-02 09:25:00,290.78,290.78,290.78,290.78,0.0,0.0,169.0,49235.238,0.0,290.78
US.QQQM,Invesco NASDAQ 100 ETF,2026-09-02 09:30:00,290.78,291.12,291.22,290.78,0.0,0.0,4521.0,1316491.108,0.11692688630580916,290.78
US.QQQM,Invesco NASDAQ 100 ETF,2026-09-02 09:35:00,291.15,290.99,291.15,290.64,0.0,0.0,127808.0,37189217.69,-0.04465512503434853,291.12
US.QQQM,Invesco NASDAQ 100 ETF,2026-09-02 09:40:00,290.96,290.925,291.0401,290.54,0.0,0.0,41849.0,12167471.9,-0.022337537372417515,290.99
US.QQQM,Invesco NASDAQ 100 ETF,2026-09-02 09:45:00,291.0,291.07,291.31,290.94,0.0,0.0,24804.0,7221701.217,0.04984102431897631,290.925
US.QQQM,Invesco NASDAQ 100 ETF,2026-09-02 09:50:00,291.055,290.6101,291.21,290.6101,0.0,0.0,80821.0,23519076.702,-0.1580032294637045,291.07
US.QQQM,Invesco NASDAQ 100 ETF,2026-09-02 09:55:00,290.6501,290.44,290.81,290.43,0.0,0.0,33128.0,9628077.299,-0.058532033126168295,290.6101
US.QQQM,Invesco NASDAQ 100 ETF,2026-09-02 10:00:00,290.44,290.79,290.79,290.36,0.0,0.0,22553.0,6552240.44,0.12050681724281186,290.44
US.QQQM,Invesco NASDAQ 100 ETF,2026-09-02 10:05:00,290.72,290.92,290.92,290.5,0.0,0.0,32583.0,9471123.911,0.044705801437461896,290.79
US.QQQM,Invesco NASDAQ 100 ETF,2026-09-02 10:10:00,291.0,291.14,291.27,290.97,0.0,0.0,21076.0,6135668.061,0.07562216416883351,290.92
US.QQQM,Invesco NASDAQ 100 ETF,2026-09-02 10:15:00,291.13,291.4,291.4,291.07,0.0,0.0,28648.0,8343229.121,0.08930411485882768,291.14
US.QQQM,Invesco NASDAQ 100 ETF,2026-09-02 10:20:00,291.41,291.7409,291.75,291.3699,0.0,0.0,22992.0,6704849.906,0.11698695950584533,291.4
US.QQQM,Invesco NASDAQ 100 ETF,2026-09-02 10:25:00,291.73,291.8601,292.0,291.67,0.0,0.0,25889.0,7555841.125,0.04085817243998972,291.7409
US.QQQM,Invesco NASDAQ 100 ETF,2026-09-02 10:30:00,291.87,292.01,292.031,291.765,0.0,0.0,13977.0,4080461.892,0.05136022361398573,291.8601
US.QQQM,Invesco NASDAQ 100 ETF,2026-09-02 10:35:00,292.02,292.18,292.18,291.88,0.0,0.0,25417.0,7421966.533,0.058217184343007405,292.01
US.QQQM,Invesco NASDAQ 100 ETF,2026-09-02 10:40:00,292.17,291.99,292.224,291.86,0.0,0.0,24182.0,7063298.638,-0.06502840714627892,292.18
US.QQQM,Invesco NASDAQ 100 ETF,2026-09-02 10:45:00,292.039,292.169,292.169,291.945,0.0,0.0,31355.0,9157770.752,0.0613034692968847,291.99
US.QQQM,Invesco NASDAQ 100 ETF,2026-09-02 10:50:00,292.15,291.7316,292.17,291.64,0.0,0.0,19346.0,5646910.394,-0.14970787455204634,292.169
US.QQQM,Invesco NASDAQ 100 ETF,2026-09-02 10:55:00,291.7,291.48,291.735,291.44,0.0,0.0,16212.0,4727805.811,-0.08624365684073863,291.7316
US.QQQM,Invesco NASDAQ 100 ETF,2026-09-02 11:00:00,291.5,291.325,291.535,291.27,0.0,0.0,18820.0,5485202.95,-0.053176890352693,291.48
US.QQQM,Invesco NASDAQ 100 ETF,2026-09-02 11:05:00,291.31,291.41,291.6,291.23,0.0,0.0,14340.0,4178040.855,0.029177035956418566,291.325
US.QQQM,Invesco NASDAQ 100 ETF,2026-09-02 11:10:00,291.5,291.68,291.68,291.44,0.0,0.0,11896.0,3468645.989,0.09265296317901986,291.41
US.QQQM,Invesco NASDAQ 100 ETF,2026-09-02 11:15:00,291.61,291.71,291.781,291.59,0.0,0.0,13918.0,4059832.875,0.01028524410311736,291.68
US.QQQM,Invesco NASDAQ 100 ETF,2026-09-02 11:20:00,291.73,291.9999,292.04,291.68,0.0,0.0,11622.0,3392190.999,0.09937952075693174,291.71
US.QQQM,Invesco NASDAQ 100 ETF,2026-09-02 11:25:00,292.0195,291.93,292.0195,291.83,0.0,0.0,19830.0,5788830.626,-0.02393836436245981,291.9999
US.QQQM,Invesco NASDAQ 100 ETF,2026-09-02 11:30:00,292.04,292.19,292.21,292.02,0.0,0.0,8371.0,2445298.347,0.08906244647689203,291.93
US.QQQM,Invesco NASDAQ 100 ETF,2026-09-02 11:35:00,292.22,292.0801,292.22,292.08,0.0,0.0,10394.0,3036590.958,-0.03761251240630477,292.19
US.QQQM,Invesco NASDAQ 100 ETF,2026-09-02 11:40:00,292.07,291.93,292.16,291.88,0.0,0.0,10508.0,3068950.083,-0.05139001253423598,292.0801
US.QQQM,Invesco NASDAQ 100 ETF,2026-09-02 11:45:00,292.0,291.99,292.01,291.9165,0.0,0.0,6227.0,1818102.023,0.02055287226389966,291.93
US.QQQM,Invesco NASDAQ 100 ETF,2026-09-02 11:50:00,291.96,291.61,291.96,291.61,0.0,0.0,13885.0,4051382.152,-0.13014144320010804,291.99
US.QQQM,Invesco NASDAQ 100 ETF,2026-09-02 11:55:00,291.58,291.66,291.78,291.57,0.0,0.0,9273.0,2704595.472,0.01714618840232206,291.61
US.QQQM,Invesco NASDAQ 100 ETF,2026-09-02 12:00:00,291.67,292.01,292.01,291.565,0.0,0.0,8307.0,2423832.508,0.12000274291982646,291.66
US.QQQM,Invesco NASDAQ 100 ETF,2026-09-02 12:05:00,291.99,292.09,292.09,291.89,0.0,0.0,10689.0,3121337.568,0.027396322043760177,292.01
US.QQQM,Invesco NASDAQ 100 ETF,2026-09-02 12:10:00,292.11,292.0206,292.11,292.01,0.0,0.0,179665.0,52512661.094,-0.02375980006161569,292.09
US.QQQM,Invesco NASDAQ 100 ETF,2026-09-02 12:15:00,292.02,292.01,292.09,292.0,0.0,0.0,9009.0,2631209.18,-0.003629880905665841,292.0206
US.QQQM,Invesco NASDAQ 100 ETF,2026-09-02 12:20:00,292.0,291.87,292.0,291.76,0.0,0.0,15359.0,4483019.911,-0.04794356357658517,292.01
US.QQQM,Invesco NASDAQ 100 ETF,2026-09-02 12:25:00,291.8335,291.76,291.9,291.74,0.0,0.0,7153.0,2087359.874,-0.03768801178607382,291.87
US.QQQM,Invesco NASDAQ 100 ETF,2026-09-02 12:30:00,291.77,291.6301,291.8,291.61,0.0,0.0,8558.0,2496309.591,-0.04452289553056064,291.76
US.QQQM,Invesco NASDAQ 100 ETF,2026-09-02 12:35:00,291.7,291.77,291.8299,291.69,0.0,0.0,7070.0,2062798.371,0.04797172856984056,291.6301
US.QQQM,Invesco NASDAQ 100 ETF,2026-09-02 12:40:00,291.7701,291.72,291.87,291.72,0.0,0.0,11751.0,3428824.818,-0.01713678582443518,291.77
US.QQQM,Invesco NASDAQ 100 ETF,2026-09-02 12:45:00,291.7,291.53,291.74,291.53,0.0,0.0,11133.0,3246967.179,-0.06513094748390737,291.72
US.QQQM,Invesco NASDAQ 100 ETF,2026-09-02 12:50:00,291.55,291.61,291.6199,291.54,0.0,0.0,20999.0,6122967.418,0.02744142969850133,291.53
US.QQQM,Invesco NASDAQ 100 ETF,2026-09-02 12:55:00,291.63,291.77,291.77,291.52,0.0,0.0,20096.0,5860047.303,0.05486780288740721,291.61
US.QQQM,Invesco NASDAQ 100 ETF,2026-09-02 13:00:00,291.78,291.66,291.8099,291.66,0.0,0.0,8657.0,2525428.495,-0.03770092881377688,291.77
US.QQQM,Invesco NASDAQ 100 ETF,2026-09-02 13:05:00,291.69,291.8454,291.9376,291.69,0.0,0.0,17018.0,4966981.037,0.06356716724952298,291.66
US.QQQM,Invesco NASDAQ 100 ETF,2026-09-02 13:10:00,291.865,291.42,291.895,291.42,0.0,0.0,11263.0,3285510.514,-0.1457621055531346,291.8454
US.QQQM,Invesco NASDAQ 100 ETF,2026-09-02 13:15:00,291.52,291.67,291.67,291.47,0.0,0.0,12634.0,3683497.052,0.08578683686775102,291.42
US.QQQM,Invesco NASDAQ 100 ETF,2026-09-02 13:20:00,291.585,291.44,291.585,291.4,0.0,0.0,8403.0,2449475.39,-0.07885624164295889,291.67
US.QQQM,Invesco NASDAQ 100 ETF,2026-09-02 13:25:00,291.45,291.616,291.65,291.43,0.0,0.0,9083.0,2647978.771,0.06038978863573556,291.44
US.QQQM,Invesco NASDAQ 100 ETF,2026-09-02 13:30:00,291.57,291.62,291.66,291.5523,0.0,0.0,6976.0,2034281.206,0.0013716668495621295,291.616
US.QQQM,Invesco NASDAQ 100 ETF,2026-09-02 13:35:00,291.64,291.47,291.675,291.47,0.0,0.0,9648.0,2813214.637,-0.05143680131677431,291.62
US.QQQM,Invesco NASDAQ 100 ETF,2026-09-02 13:40:00,291.49,291.471,291.55,291.47,0.0,0.0,9546.0,2782792.808,0.00034308848251152885,291.47
US.QQQM,Invesco NASDAQ 100 ETF,2026-09-02 13:45:00,291.51,291.7,291.7,291.4223,0.0,0.0,27555.0,8033658.564,0.07856699294268897,291.471
US.QQQM,Invesco NASDAQ 100 ETF,2026-09-02 13:50:00,291.75,291.7599,291.8299,291.75,0.0,0.0,8618.0,2514618.317,0.020534796023321006,291.7
US.QQQM,Invesco NASDAQ 100 ETF,2026-09-02 13:55:00,291.73,291.74,291.75,291.68,0.0,0.0,17574.0,5126939.952,-0.006820676864780564,291.7599
US.QQQM,Invesco NASDAQ 100 ETF,2026-09-02 14:00:00,291.64,291.73,291.82,291.64,0.0,0.0,10535.0,3073755.425,-0.003427709604439194,291.74
US.QQQM,Invesco NASDAQ 100 ETF,2026-09-02 14:05:00,291.7226,291.675,291.73,291.5,0.0,0.0,17317.0,5049947.584,-0.018853049052208144,291.73
US.QQQM,Invesco NASDAQ 100 ETF,2026-09-02 14:10:00,291.715,291.6499,291.7699,291.61,0.0,0.0,13019.0,3797617.632,-0.008605468415191225,291.675
US.QQQM,Invesco NASDAQ 100 ETF,2026-09-02 14:15:00,291.6448,291.58,291.66,291.52,0.0,0.0,10122.0,2951784.104,-0.023967092051126463,291.6499
US.QQQM,Invesco NASDAQ 100 ETF,2026-09-02 14:20:00,291.63,291.86,292.1,291.6,0.0,0.0,49130.0,14340371.385,0.0960285341930275,291.58
US.QQQM,Invesco NASDAQ 100 ETF,2026-09-02 14:25:00,291.83,291.81,291.89,291.77,0.0,0.0,12726.0,3713897.973,-0.01713150140478701,291.86
US.QQQM,Invesco NASDAQ 100 ETF,2026-09-02 14:30:00,291.8722,291.73,291.8722,291.6901,0.0,0.0,10458.0,3051205.67,-0.027415098865694834,291.81
US.QQQM,Invesco NASDAQ 100 ETF,2026-09-02 14:35:00,291.7199,291.72,291.84,291.7199,0.0,0.0,5060.0,1476696.214,-0.0034278271003979383,291.73
US.QQQM,Invesco NASDAQ 100 ETF,2026-09-02 14:40:00,291.77,291.57,291.77,291.57,0.0,0.0,8404.0,2451260.677,-0.05141916906623958,291.72
US.QQQM,Invesco NASDAQ 100 ETF,2026-09-02 14:45:00,291.56,291.52,291.5799,291.48,0.0,0.0,6628.0,1932191.571,-0.0171485406591938,291.57
US.QQQM,Invesco NASDAQ 100 ETF,2026-09-02 14:50:00,291.5528,291.64,291.67,291.4602,0.0,0.0,19800.0,5772058.309,0.041163556531285866,291.52
US.QQQM,Invesco NASDAQ 100 ETF,2026-09-02 14:55:00,291.67,291.55,291.67,291.49,0.0,0.0,14988.0,4370065.039,-0.030859964339588188,291.64
US.QQQM,Invesco NASDAQ 100 ETF,2026-09-02 15:00:00,291.55,291.6,291.67,291.54,0.0,0.0,53538.0,15612379.409,0.01714971702967291,291.55
US.QQQM,Invesco NASDAQ 100 ETF,2026-09-02 15:05:00,291.59,291.645,291.685,291.57,0.0,0.0,11241.0,3278206.49,0.015432098765418064,291.6
US.QQQM,Invesco NASDAQ 100 ETF,2026-09-02 15:10:00,291.67,291.78,291.78,291.65,0.0,0.0,12359.0,3605136.758,0.04628915290849866,291.645
US.QQQM,Invesco NASDAQ 100 ETF,2026-09-02 15:15:00,291.82,291.8,291.83,291.75,0.0,0.0,12660.0,3694357.086,0.0068544794023026445,291.78
US.QQQM,Invesco NASDAQ 100 ETF,2026-09-02 15:20:00,291.7959,291.8301,291.835,291.725,0.0,0.0,10760.0,3139775.892,0.010315284441399744,291.8
US.QQQM,Invesco NASDAQ 100 ETF,2026-09-02 15:25:00,291.67,291.71,291.83,291.67,0.0,0.0,12151.0,3545336.3,-0.041154082461006006,291.8301
US.QQQM,Invesco NASDAQ 100 ETF,2026-09-02 15:30:00,291.7203,291.8299,291.8299,291.65,0.0,0.0,9762.0,2848174.747,0.04110246477667192,291.71
US.QQQM,Invesco NASDAQ 100 ETF,2026-09-02 15:35:00,291.81,291.85,291.87,291.75,0.0,0.0,16732.0,4882493.281,0.006887573891507879,291.8299
US.QQQM,Invesco NASDAQ 100 ETF,2026-09-02 15:40:00,291.835,291.7776,291.84,291.7,0.0,0.0,21026.0,6135039.278,-0.024807264005487748,291.85
US.QQQM,Invesco NASDAQ 100 ETF,2026-09-02 15:45:00,291.76,291.87,291.89,291.73,0.0,0.0,14936.0,4358479.888,0.031667955319393204,291.7776
US.QQQM,Invesco NASDAQ 100 ETF,2026-09-02 15:50:00,291.89,291.99,292.0,291.87,0.0,0.0,31543.0,9208917.156,0.041114194675713346,291.87
US.QQQM,Invesco NASDAQ 100 ETF,2026-09-02 15:55:00,291.96,292.09,292.1,291.85,0.0,0.0,30899.0,9021820.029,0.03424774821054347,291.99
US.QQQM,Invesco NASDAQ 100 ETF,2026-09-02 16:00:00,292.04,292.02,292.05,291.86,0.0,0.0,122835.0,35866243.073,-0.023965216200483818,292.09
US.QQQM,Invesco NASDAQ 100 ETF,2026-09-02 16:05:00,292.02,292.04,292.11,292.02,0.0,0.0,14760.0,4309042.083,0.006848845969467385,292.02
US.QQQM,Invesco NASDAQ 100 ETF,2026-09-02 16:10:00,292.04,292.04,292.04,292.04,0.0,0.0,340.0,99490.274,0.0,292.04
US.QQQM,Invesco NASDAQ 100 ETF,2026-09-02 16:15:00,292.04,292.08,292.08,292.04,0.0,0.0,389.0,113861.583,0.01369675386932051,292.04
US.QQQM,Invesco NASDAQ 100 ETF,2026-09-02 16:20:00,292.08,291.57,292.08,291.56,0.0,0.0,4915.0,1433664.415,-0.1746096959737027,292.08
US.QQQM,Invesco NASDAQ 100 ETF,2026-09-02 16:25:00,291.63,291.715,291.76,291.62,0.0,0.0,2370.0,691311.869,0.049730767911644484,291.57
US.QQQM,Invesco NASDAQ 100 ETF,2026-09-02 16:30:00,291.715,291.715,291.715,291.715,0.0,0.0,281.0,81976.347,0.0,291.715
US.QQQM,Invesco NASDAQ 100 ETF,2026-09-02 16:35:00,291.715,291.73,291.73,291.715,0.0,0.0,277.0,80804.685,0.005142005039179749,291.715
US.QQQM,Invesco NASDAQ 100 ETF,2026-09-02 16:40:00,291.73,291.73,291.73,291.73,0.0,0.0,64.0,18668.868,0.0,291.73
US.QQQM,Invesco NASDAQ 100 ETF,2026-09-02 16:45:00,291.73,291.65,291.73,291.65,0.0,0.0,3077.0,897542.251,-0.02742261680322247,291.73
US.QQQM,Invesco NASDAQ 100 ETF,2026-09-02 16:50:00,291.65,291.65,291.65,291.65,0.0,0.0,91.0,26547.604,0.0,291.65
US.QQQM,Invesco NASDAQ 100 ETF,2026-09-02 16:55:00,291.65,291.65,291.65,291.65,0.0,0.0,111.0,32410.135,0.0,291.65
US.QQQM,Invesco NASDAQ 100 ETF,2026-09-02 17:00:00,291.65,291.64,291.7,291.6,0.0,0.0,7183.0,2096572.732,-0.0034287673581316325,291.65
US.QQQM,Invesco NASDAQ 100 ETF,2026-09-02 17:05:00,291.64,291.64,291.64,291.64,0.0,0.0,30.0,8749.48,0.0,291.64
US.QQQM,Invesco NASDAQ 100 ETF,2026-09-02 17:10:00,291.64,291.64,291.64,291.64,0.0,0.0,14.0,4084.549,0.0,291.64
US.QQQM,Invesco NASDAQ 100 ETF,2026-09-02 17:15:00,291.64,291.62,291.64,291.62,0.0,0.0,737.0,214926.834,-0.006857769853237488,291.64
US.QQQM,Invesco NASDAQ 100 ETF,2026-09-02 17:20:00,291.62,291.75,291.75,291.62,0.0,0.0,835.0,243535.406,0.0445785611412096,291.62
US.QQQM,Invesco NASDAQ 100 ETF,2026-09-02 17:25:00,291.75,292.02,292.02,291.75,0.0,0.0,17590.0,5130238.098,0.09254498714652333,291.75
US.QQQM,Invesco NASDAQ 100 ETF,2026-09-02 17:30:00,292.02,292.02,292.02,292.02,0.0,0.0,58.0,16938.56,0.0,292.02
US.QQQM,Invesco NASDAQ 100 ETF,2026-09-02 17:35:00,292.02,292.02,292.02,292.02,0.0,0.0,80.0,23529.088,0.0,292.02
US.QQQM,Invesco NASDAQ 100 ETF,2026-09-02 17:40:00,292.02,292.02,292.02,292.02,0.0,0.0,100.0,29216.98,0.0,292.02
US.QQQM,Invesco NASDAQ 100 ETF,2026-09-02 17:45:00,292.02,292.02,292.02,292.02,0.0,0.0,301.0,87906.49,0.0,292.02
US.QQQM,Invesco NASDAQ 100 ETF,2026-09-02 17:50:00,292.02,292.02,292.02,292.02,0.0,0.0,122.0,35672.92,0.0,292.02
US.QQQM,Invesco NASDAQ 100 ETF,2026-09-02 17:55:00,292.02,292.02,292.02,292.02,0.0,0.0,125.0,36502.069,0.0,292.02
US.QQQM,Invesco NASDAQ 100 ETF,2026-09-02 18:00:00,292.02,292.02,292.02,292.02,0.0,0.0,227.0,66273.79,0.0,292.02
US.QQQM,Invesco NASDAQ 100 ETF,2026-09-02 18:05:00,292.02,292.02,292.02,292.02,0.0,0.0,97.0,28331.534,0.0,292.02
US.QQQM,Invesco NASDAQ 100 ETF,2026-09-02 18:10:00,292.02,292.02,292.02,292.02,0.0,0.0,199.0,58053.228,0.0,292.02
US.QQQM,Invesco NASDAQ 100 ETF,2026-09-02 18:15:00,292.02,292.02,292.02,292.02,0.0,0.0,187.0,54586.406,0.0,292.02
US.QQQM,Invesco NASDAQ 100 ETF,2026-09-02 18:20:00,292.02,292.02,292.02,292.02,0.0,0.0,56.0,16352.222,0.0,292.02
US.QQQM,Invesco NASDAQ 100 ETF,2026-09-02 18:25:00,292.02,292.2,292.2,292.02,0.0,0.0,283.0,82723.406,0.06163961372508966,292.02
US.QQQM,Invesco NASDAQ 100 ETF,2026-09-02 18:30:00,292.2,292.09,292.2,292.09,0.0,0.0,322.0,94056.425,-0.03764544832307106,292.2
US.QQQM,Invesco NASDAQ 100 ETF,2026-09-02 18:35:00,292.09,292.09,292.09,292.09,0.0,0.0,41.0,11975.468,0.0,292.09
US.QQQM,Invesco NASDAQ 100 ETF,2026-09-02 18:40:00,292.09,292.09,292.09,292.09,0.0,0.0,56.0,16357.409,0.0,292.09
US.QQQM,Invesco NASDAQ 100 ETF,2026-09-02 18:45:00,292.09,292.09,292.09,292.09,0.0,0.0,55.0,16182.829,0.0,292.09
US.QQQM,Invesco NASDAQ 100 ETF,2026-09-02 18:50:00,292.09,291.941,292.09,291.941,0.0,0.0,229.0,66861.301,-0.051011674483892266,292.09
US.QQQM,Invesco NASDAQ 100 ETF,2026-09-02 18:55:00,291.941,291.941,291.941,291.941,0.0,0.0,35.0,10219.229,0.0,291.941
US.QQQM,Invesco NASDAQ 100 ETF,2026-09-02 19:00:00,291.941,291.95,291.95,291.941,0.0,0.0,151.0,44084.659,0.003082814678313273,291.941
US.QQQM,Invesco NASDAQ 100 ETF,2026-09-02 19:05:00,291.95,291.95,291.95,291.95,0.0,0.0,55.0,16073.521,0.0,291.95
US.QQQM,Invesco NASDAQ 100 ETF,2026-09-02 19:10:00,291.95,291.95,291.95,291.95,0.0,0.0,98.0,28669.486,0.0,291.95
US.QQQM,Invesco NASDAQ 100 ETF,2026-09-02 19:15:00,291.95,291.95,291.95,291.95,0.0,0.0,67.0,19563.296,0.0,291.95
US.QQQM,Invesco NASDAQ 100 ETF,2026-09-02 19:20:00,291.95,291.95,291.95,291.95,0.0,0.0,39.0,11383.26,0.0,291.95
US.QQQM,Invesco NASDAQ 100 ETF,2026-09-02 19:25:00,291.95,291.83,291.95,291.83,0.0,0.0,242.0,70624.848,-0.04110292858366315,291.95
US.QQQM,Invesco NASDAQ 100 ETF,2026-09-02 19:30:00,291.83,291.83,291.83,291.83,0.0,0.0,23.0,6713.525,0.0,291.83
US.QQQM,Invesco NASDAQ 100 ETF,2026-09-02 19:35:00,291.83,291.83,291.83,291.83,0.0,0.0,19.0,5695.011,0.0,291.83
US.QQQM,Invesco NASDAQ 100 ETF,2026-09-02 19:40:00,291.83,291.83,291.83,291.83,0.0,0.0,107.0,31236.885,0.0,291.83
US.QQQM,Invesco NASDAQ 100 ETF,2026-09-02 19:45:00,291.83,291.83,291.83,291.83,0.0,0.0,23.0,6716.09,0.0,291.83
US.QQQM,Invesco NASDAQ 100 ETF,2026-09-02 19:50:00,291.83,292.15,292.15,291.83,0.0,0.0,461.0,134690.143,0.10965288010142658,291.83
US.QQQM,Invesco NASDAQ 100 ETF,2026-09-02 19:55:00,292.15,292.15,292.15,292.15,0.0,0.0,42.0,12274.008,0.0,292.15
US.QQQM,Invesco NASDAQ 100 ETF,2026-09-02 20:00:00,292.15,292.15,292.15,292.15,0.0,0.0,4.0,1168.9,0.0,292.15
US.QQQM,Invesco NASDAQ 100 ETF,2026-09-03 04:05:00,292.02,292.79,292.79,292.02,0.0,0.0,44117.0,12865737.316,0.2190655485196109,292.15
US.QQQM,Invesco NASDAQ 100 ETF,2026-09-03 04:10:00,292.9,293.03,293.08,292.83,0.0,0.0,3130.0,916184.516,0.0819700126370273,292.79
US.QQQM,Invesco NASDAQ 100 ETF,2026-09-03 04:15:00,293.03,292.639,293.03,292.639,0.0,0.0,2408.0,704785.307,-0.13343343684945663,293.03
US.QQQM,Invesco NASDAQ 100 ETF,2026-09-03 04:20:00,292.639,292.68,292.68,292.639,0.0,0.0,827.0,242037.359,0.014010436066278525,292.639
US.QQQM,Invesco NASDAQ 100 ETF,2026-09-03 04:25:00,292.65,292.67,292.67,292.6419,0.0,0.0,962.0,281814.962,-0.003416700833671896,292.68
US.QQQM,Invesco NASDAQ 100 ETF,2026-09-03 04:30:00,292.67,292.7,292.7,292.67,0.0,0.0,797.0,233306.112,0.01025045272831951,292.67
US.QQQM,Invesco NASDAQ 100 ETF,2026-09-03 04:35:00,292.66,292.65,292.66,292.63,0.0,0.0,505.0,147783.041,-0.017082336863686837,292.7
US.QQQM,Invesco NASDAQ 100 ETF,2026-09-03 04:40:00,292.65,292.5,292.65,292.5,0.0,0.0,887.0,259637.309,-0.05125576627369803,292.65
US.QQQM,Invesco NASDAQ 100 ETF,2026-09-03 04:45:00,292.5,292.5,292.5,292.5,0.0,0.0,72.0,21166.508,0.0,292.5
US.QQQM,Invesco NASDAQ 100 ETF,2026-09-03 04:50:00,292.5,292.5,292.5,292.5,0.0,0.0,28.0,8245.221,0.0,292.5
US.QQQM,Invesco NASDAQ 100 ETF,2026-09-03 04:55:00,292.5,292.46,292.5,292.46,0.0,0.0,667.0,195349.656,-0.013675213675220671,292.5
US.QQQM,Invesco NASDAQ 100 ETF,2026-09-03 05:00:00,292.46,292.47,292.47,292.46,0.0,0.0,214.0,62594.196,0.003419271011436692,292.46
US.QQQM,Invesco NASDAQ 100 ETF,2026-09-03 05:05:00,292.47,292.47,292.47,292.47,0.0,0.0,36.0,10641.522,0.0,292.47
US.QQQM,Invesco NASDAQ 100 ETF,2026-09-03 05:10:00,292.47,292.47,292.47,292.47,0.0,0.0,125.0,36549.642,0.0,292.47
US.QQQM,Invesco NASDAQ 100 ETF,2026-09-03 05:15:00,292.47,292.38,292.47,292.37,0.0,0.0,506.0,148081.706,-0.03077238691148898,292.47
US.QQQM,Invesco NASDAQ 100 ETF,2026-09-03 05:20:00,292.38,292.38,292.38,292.38,0.0,0.0,126.0,36884.932,0.0,292.38
US.QQQM,Invesco NASDAQ 100 ETF,2026-09-03 05:25:00,292.38,292.38,292.38,292.38,0.0,0.0,113.0,33084.282,0.0,292.38
US.QQQM,Invesco NASDAQ 100 ETF,2026-09-03 05:30:00,292.38,292.38,292.38,292.38,0.0,0.0,74.0,21706.637,0.0,292.38
US.QQQM,Invesco NASDAQ 100 ETF,2026-09-03 05:35:00,292.38,292.0,292.38,292.0,0.0,0.0,281.0,82193.379,-0.12996785005814196,292.38
US.QQQM,Invesco NASDAQ 100 ETF,2026-09-03 05:40:00,292.0,292.0,292.0,292.0,0.0,0.0,153.0,44684.703,0.0,292.0
US.QQQM,Invesco NASDAQ 100 ETF,2026-09-03 05:45:00,292.0,291.91,292.0,291.91,0.0,0.0,564.0,164641.935,-0.030821917808210614,292.0
US.QQQM,Invesco NASDAQ 100 ETF,2026-09-03 05:50:00,291.91,291.8,291.91,291.8,0.0,0.0,529.0,154596.826,-0.03768284745298676,291.91
US.QQQM,Invesco NASDAQ 100 ETF,2026-09-03 05:55:00,291.8,291.8,291.8,291.8,0.0,0.0,204.0,59648.449,0.0,291.8
US.QQQM,Invesco NASDAQ 100 ETF,2026-09-03 06:00:00,291.8,291.5,291.8,291.5,0.0,0.0,445.0,129952.85,-0.1028101439342054,291.8
US.QQQM,Invesco NASDAQ 100 ETF,2026-09-03 06:05:00,291.5,291.5,291.5,291.5,0.0,0.0,116.0,33840.226,0.0,291.5
US.QQQM,Invesco NASDAQ 100 ETF,2026-09-03 06:10:00,291.5,291.68,291.68,291.5,0.0,0.0,418.0,122052.696,0.06174957118353578,291.5
US.QQQM,Invesco NASDAQ 100 ETF,2026-09-03 06:15:00,291.68,291.42,291.68,291.42,0.0,0.0,245.0,71609.92,-0.08913878222709506,291.68
US.QQQM,Invesco NASDAQ 100 ETF,2026-09-03 06:20:00,291.42,291.42,291.42,291.42,0.0,0.0,79.0,23025.594,0.0,291.42
US.QQQM,Invesco NASDAQ 100 ETF,2026-09-03 06:25:00,291.42,291.42,291.42,291.42,0.0,0.0,53.0,15485.303,0.0,291.42
US.QQQM,Invesco NASDAQ 100 ETF,2026-09-03 06:30:00,291.42,291.47,291.47,291.42,0.0,0.0,274.0,79855.315,0.0171573673735541,291.42
US.QQQM,Invesco NASDAQ 100 ETF,2026-09-03 06:35:00,291.47,291.57,291.57,291.47,0.0,0.0,298.0,86878.959,0.034308848251952476,291.47
US.QQQM,Invesco NASDAQ 100 ETF,2026-09-03 06:40:00,291.57,291.34,291.57,291.34,0.0,0.0,812.0,236788.302,-0.07888328703227979,291.57
US.QQQM,Invesco NASDAQ 100 ETF,2026-09-03 06:45:00,291.34,291.34,291.34,291.34,0.0,0.0,146.0,42816.639,0.0,291.34
US.QQQM,Invesco NASDAQ 100 ETF,2026-09-03 06:50:00,291.34,291.34,291.34,291.34,0.0,0.0,122.0,35713.301,0.0,291.34
US.QQQM,Invesco NASDAQ 100 ETF,2026-09-03 06:55:00,291.34,291.34,291.34,291.34,0.0,0.0,113.0,32926.775,0.0,291.34
US.QQQM,Invesco NASDAQ 100 ETF,2026-09-03 07:00:00,291.34,291.34,291.34,291.34,0.0,0.0,316.0,92090.366,0.0,291.34
US.QQQM,Invesco NASDAQ 100 ETF,2026-09-03 07:05:00,291.34,291.33,291.53,291.33,0.0,0.0,988.0,288097.076,-0.0034324157341906044,291.34
US.QQQM,Invesco NASDAQ 100 ETF,2026-09-03 07:10:00,291.33,291.84,291.85,291.33,0.0,0.0,818.0,238704.122,0.1750592112037864,291.33
US.QQQM,Invesco NASDAQ 100 ETF,2026-09-03 07:15:00,291.84,291.78,291.84,291.78,0.0,0.0,545.0,159025.674,-0.02055921052631657,291.84
US.QQQM,Invesco NASDAQ 100 ETF,2026-09-03 07:20:00,291.78,291.83,292.0,291.78,0.0,0.0,2370.0,691783.582,0.017136198505727385,291.78
US.QQQM,Invesco NASDAQ 100 ETF,2026-09-03 07:25:00,291.83,291.94,291.94,291.75,0.0,0.0,480.0,140106.69,0.03769317753487087,291.83
US.QQQM,Invesco NASDAQ 100 ETF,2026-09-03 07:30:00,291.94,291.94,291.94,291.94,0.0,0.0,149.0,43660.543,0.0,291.94
US.QQQM,Invesco NASDAQ 100 ETF,2026-09-03 07:35:00,291.88,291.71,291.88,291.39,0.0,0.0,1878.0,547759.483,-0.0787833116393842,291.94
US.QQQM,Invesco NASDAQ 100 ETF,2026-09-03 07:40:00,291.85,291.79,291.85,291.79,0.0,0.0,887.0,259080.497,0.02742449693189844,291.71
US.QQQM,Invesco NASDAQ 100 ETF,2026-09-03 07:45:00,291.79,291.61,291.79,291.61,0.0,0.0,587.0,171262.814,-0.06168820041811125,291.79
US.QQQM,Invesco NASDAQ 100 ETF,2026-09-03 07:50:00,291.61,291.27,291.61,291.27,0.0,0.0,1043.0,304002.206,-0.11659408113577444,291.61
US.QQQM,Invesco NASDAQ 100 ETF,2026-09-03 07:55:00,291.27,291.29,291.29,291.26,0.0,0.0,685.0,199678.639,0.0068664812716856035,291.27
US.QQQM,Invesco NASDAQ 100 ETF,2026-09-03 08:00:00,291.29,291.2867,291.29,291.25,0.0,0.0,1121.0,326534.565,-0.001132891620043353,291.29
US.QQQM,Invesco NASDAQ 100 ETF,2026-09-03 08:05:00,291.2867,291.2867,291.2867,291.2867,0.0,0.0,162.0,47252.768,0.0,291.2867
US.QQQM,Invesco NASDAQ 100 ETF,2026-09-03 08:10:00,291.2867,291.46,291.46,291.2867,0.0,0.0,805.0,234671.34,0.05949464908627251,291.2867
US.QQQM,Invesco NASDAQ 100 ETF,2026-09-03 08:15:00,291.46,291.4343,291.62,291.4343,0.0,0.0,899.0,262167.759,-0.008817676525071049,291.46
US.QQQM,Invesco NASDAQ 100 ETF,2026-09-03 08:20:00,291.4343,291.33,291.4343,291.33,0.0,0.0,791.0,230628.717,-0.03578851219641044,291.4343
US.QQQM,Invesco NASDAQ 100 ETF,2026-09-03 08:25:00,291.33,291.55,291.55,291.3,0.0,0.0,2755.0,802861.78,0.07551573816634995,291.33
US.QQQM,Invesco NASDAQ 100 ETF,2026-09-03 08:30:00,291.55,291.63,291.66,291.47,0.0,0.0,1349.0,393458.65,0.027439547247464956,291.55
US.QQQM,Invesco NASDAQ 100 ETF,2026-09-03 08:35:00,291.63,292.3,292.41,291.63,0.0,0.0,25889.0,7564805.382,0.22974316771251788,291.63
US.QQQM,Invesco NASDAQ 100 ETF,2026-09-03 08:40:00,292.3,292.0979,292.3,292.0,0.0,0.0,2286.0,667746.675,-0.06914129319193633,292.3
US.QQQM,Invesco NASDAQ 100 ETF,2026-09-03 08:45:00,292.0979,292.08,292.0979,292.08,0.0,0.0,295.0,86411.637,-0.006128082399769859,292.0979
US.QQQM,Invesco NASDAQ 100 ETF,2026-09-03 08:50:00,292.08,292.06,292.08,292.06,0.0,0.0,380.0,111198.788,-0.006847439057786158,292.08
US.QQQM,Invesco NASDAQ 100 ETF,2026-09-03 08:55:00,292.06,292.55,292.55,292.06,0.0,0.0,3538.0,1034362.708,0.16777374512086868,292.06
US.QQQM,Invesco NASDAQ 100 ETF,2026-09-03 09:00:00,292.55,292.66,292.71,292.55,0.0,0.0,3485.0,1020065.561,0.0376004101862976,292.55
US.QQQM,Invesco NASDAQ 100 ETF,2026-09-03 09:05:00,292.66,292.29,292.66,292.29,0.0,0.0,970.0,283647.078,-0.12642657008132457,292.66
US.QQQM,Invesco NASDAQ 100 ETF,2026-09-03 09:10:00,292.29,292.27,292.44,292.27,0.0,0.0,2958.0,864808.902,-0.0068425194156620656,292.29
US.QQQM,Invesco NASDAQ 100 ETF,2026-09-03 09:15:00,292.27,292.6046,292.6046,292.27,0.0,0.0,1232.0,360314.823,0.11448318335786195,292.27
US.QQQM,Invesco NASDAQ 100 ETF,2026-09-03 09:20:00,292.6046,292.52,292.6046,292.52,0.0,0.0,615.0,179927.444,-0.02891273753045,292.6046
US.QQQM,Invesco NASDAQ 100 ETF,2026-09-03 09:25:00,292.52,292.52,292.52,292.52,0.0,0.0,245.0,71746.745,0.0,292.52
US.QQQM,Invesco NASDAQ 100 ETF,2026-09-03 09:30:00,292.52,292.82,292.82,292.3584,0.0,0.0,4141.0,1211643.19,0.10255709011350041,292.52
US.QQQM,Invesco NASDAQ 100 ETF,2026-09-03 09:35:00,292.68,292.74,293.0,292.4202,0.0,0.0,89049.0,26074569.144,-0.027320538214597394,292.82
US.QQQM,Invesco NASDAQ 100 ETF,2026-09-03 09:40:00,292.73,293.5,293.5,292.24,0.0,0.0,53403.0,15634558.171,0.25961604153856355,292.74
US.QQQM,Invesco NASDAQ 100 ETF,2026-09-03 09:45:00,293.46,293.63,293.77,293.34,0.0,0.0,41135.0,12074704.553,0.04429301533219607,293.5
US.QQQM,Invesco NASDAQ 100 ETF,2026-09-03 09:50:00,293.57,293.7771,293.83,293.3858,0.0,0.0,28485.0,8363763.57,0.05009706092702486,293.63
US.QQQM,Invesco NASDAQ 100 ETF,2026-09-03 09:55:00,293.77,293.62,293.89,293.45,0.0,0.0,45694.0,13423147.645,-0.053475917625987184,293.7771
US.QQQM,Invesco NASDAQ 100 ETF,2026-09-03 10:00:00,293.62,293.5,293.7099,293.17,0.0,0.0,29516.0,8660684.882,-0.04086915060282152,293.62
US.QQQM,Invesco NASDAQ 100 ETF,2026-09-03 10:05:00,293.44,292.88,293.44,292.73,0.0,0.0,42103.0,12337843.322,-0.21124361158432864,293.5
US.QQQM,Invesco NASDAQ 100 ETF,2026-09-03 10:10:00,292.8576,292.81,293.0151,292.66,0.0,0.0,43806.0,12825269.129,-0.023900573613764402,292.88
US.QQQM,Invesco NASDAQ 100 ETF,2026-09-03 10:15:00,292.91,293.15,293.17,292.72,0.0,0.0,16207.0,4748494.174,0.11611625286020798,292.81
US.QQQM,Invesco NASDAQ 100 ETF,2026-09-03 10:20:00,293.16,293.615,293.63,293.14,0.0,0.0,26477.0,7768025.981,0.15862186593894997,293.15
US.QQQM,Invesco NASDAQ 100 ETF,2026-09-03 10:25:00,293.614,293.675,293.8,293.49,0.0,0.0,21246.0,6239348.0,0.020434923283892945,293.615
US.QQQM,Invesco NASDAQ 100 ETF,2026-09-03 10:30:00,293.58,293.61,293.78,293.5,0.0,0.0,16788.0,4930562.072,-0.022133310632501138,293.675
US.QQQM,Invesco NASDAQ 100 ETF,2026-09-03 10:35:00,293.651,293.04,293.72,293.04,0.0,0.0,14347.0,4209918.988,-0.19413507714314673,293.61
US.QQQM,Invesco NASDAQ 100 ETF,2026-09-03 10:40:00,293.07,293.085,293.3,293.025,0.0,0.0,12932.0,3791192.186,0.015356265356251389,293.04
US.QQQM,Invesco NASDAQ 100 ETF,2026-09-03 10:45:00,293.045,293.105,293.256,292.9399,0.0,0.0,11862.0,3476151.064,0.006823958919780492,293.085
US.QQQM,Invesco NASDAQ 100 ETF,2026-09-03 10:50:00,293.05,293.21,293.2143,292.95,0.0,0.0,12992.0,3808112.434,0.03582333975877632,293.105
US.QQQM,Invesco NASDAQ 100 ETF,2026-09-03 10:55:00,293.27,293.29,293.29,293.07,0.0,0.0,15332.0,4494908.627,0.027284199038245943,293.21
US.QQQM,Invesco NASDAQ 100 ETF,2026-09-03 11:00:00,293.32,293.82,293.83,292.665,0.0,0.0,123203.0,36099669.17,0.18070851375770489,293.29
US.QQQM,Invesco NASDAQ 100 ETF,2026-09-03 11:05:00,293.81,294.53,294.53,293.81,0.0,0.0,48595.0,14293735.719,0.24164454427880322,293.82
US.QQQM,Invesco NASDAQ 100 ETF,2026-09-03 11:10:00,294.55,294.535,294.6,294.4543,0.0,0.0,16941.0,4989576.715,0.001697619936866294,294.53
US.QQQM,Invesco NASDAQ 100 ETF,2026-09-03 11:15:00,294.4899,294.755,294.81,294.4352,0.0,0.0,15686.0,4623114.475,0.07469400920093382,294.535
US.QQQM,Invesco NASDAQ 100 ETF,2026-09-03 11:20:00,294.83,294.9,294.96,294.79,0.0,0.0,14068.0,4148669.25,0.04919339790672993,294.755
US.QQQM,Invesco NASDAQ 100 ETF,2026-09-03 11:25:00,294.8081,295.02,295.1,294.73,0.0,0.0,25693.0,7578965.563,0.04069175991861802,294.9
US.QQQM,Invesco NASDAQ 100 ETF,2026-09-03 11:30:00,294.99,295.5,295.54,294.98,0.0,0.0,29619.0,8746292.917,0.1627008338417796,295.02
US.QQQM,Invesco NASDAQ 100 ETF,2026-09-03 11:35:00,295.5,295.45,295.57,295.37,0.0,0.0,24487.0,7235229.703,-0.0169204737732695,295.5
US.QQQM,Invesco NASDAQ 100 ETF,2026-09-03 11:40:00,295.48,295.3498,295.5201,295.28,0.0,0.0,10013.0,2957923.717,-0.03391436791334322,295.45
US.QQQM,Invesco NASDAQ 100 ETF,2026-09-03 11:45:00,295.31,295.2515,295.3999,295.22,0.0,0.0,14695.0,4339898.597,-0.033282568669420025,295.3498
US.QQQM,Invesco NASDAQ 100 ETF,2026-09-03 11:50:00,295.27,295.32,295.34,295.225,0.0,0.0,8965.0,2647408.497,0.023200559522973396,295.2515
US.QQQM,Invesco NASDAQ 100 ETF,2026-09-03 11:55:00,295.3,295.445,295.48,295.26,0.0,0.0,10646.0,3144878.381,0.04232696735744277,295.32
US.QQQM,Invesco NASDAQ 100 ETF,2026-09-03 12:00:00,295.46,295.55,295.55,295.41,0.0,0.0,13600.0,4018662.884,0.03553960974124395,295.445
US.QQQM,Invesco NASDAQ 100 ETF,2026-09-03 12:05:00,295.485,295.31,295.5,295.31,0.0,0.0,14355.0,4241455.276,-0.0812045339198136,295.55
US.QQQM,Invesco NASDAQ 100 ETF,2026-09-03 12:10:00,295.3,295.275,295.329,295.2,0.0,0.0,24453.0,7220147.074,-0.01185195218584708,295.31
US.QQQM,Invesco NASDAQ 100 ETF,2026-09-03 12:15:00,295.27,295.37,295.38,295.24,0.0,0.0,24528.0,7243472.372,0.03217339768013794,295.275
US.QQQM,Invesco NASDAQ 100 ETF,2026-09-03 12:20:00,295.36,295.4179,295.42,295.3,0.0,0.0,15342.0,4531229.292,0.016216948234407717,295.37
US.QQQM,Invesco NASDAQ 100 ETF,2026-09-03 12:25:00,295.34,295.17,295.376,295.17,0.0,0.0,13624.0,4023054.185,-0.0839150234295074,295.4179
US.QQQM,Invesco NASDAQ 100 ETF,2026-09-03 12:30:00,295.17,295.15,295.17,295.065,0.0,0.0,7975.0,2353873.667,-0.006775756343814971,295.17
US.QQQM,Invesco NASDAQ 100 ETF,2026-09-03 12:35:00,295.14,295.03,295.14,295.02,0.0,0.0,10963.0,3235009.067,-0.040657292901915824,295.15
US.QQQM,Invesco NASDAQ 100 ETF,2026-09-03 12:40:00,295.0598,295.4,295.4024,294.98,0.0,0.0,44824.0,13228395.525,0.12541097515507055,295.03
US.QQQM,Invesco NASDAQ 100 ETF,2026-09-03 12:45:00,295.388,295.46,295.488,295.37,0.0,0.0,8209.0,2425301.392,0.020311442112390752,295.4
US.QQQM,Invesco NASDAQ 100 ETF,2026-09-03 12:50:00,295.4699,295.48,295.48,295.39,0.0,0.0,14082.0,4160508.51,0.006769105801136754,295.46
US.QQQM,Invesco NASDAQ 100 ETF,2026-09-03 12:55:00,295.49,295.39,295.509,295.34,0.0,0.0,13718.0,4052389.339,-0.030458914308931846,295.48
US.QQQM,Invesco NASDAQ 100 ETF,2026-09-03 13:00:00,295.38,295.47,295.6,295.38,0.0,0.0,9768.0,2886608.669,0.027082839635749666,295.39
US.QQQM,Invesco NASDAQ 100 ETF,2026-09-03 13:05:00,295.49,295.33,295.49,295.279,0.0,0.0,5868.0,1733382.742,-0.047382136934390355,295.47
US.QQQM,Invesco NASDAQ 100 ETF,2026-09-03 13:10:00,295.352,295.179,295.38,295.179,0.0,0.0,5328.0,1573396.792,-0.05112924525107861,295.33
US.QQQM,Invesco NASDAQ 100 ETF,2026-09-03 13:15:00,295.0899,295.06,295.175,295.06,0.0,0.0,9899.0,2921706.162,-0.04031452101943951,295.179
US.QQQM,Invesco NASDAQ 100 ETF,2026-09-03 13:20:00,295.109,295.0301,295.1499,295.0301,0.0,0.0,6145.0,1813641.05,-0.010133532162949169,295.06
US.QQQM,Invesco NASDAQ 100 ETF,2026-09-03 13:25:00,295.04,294.99,295.05,294.97,0.0,0.0,7608.0,2244607.729,-0.013591833511223214,295.0301
US.QQQM,Invesco NASDAQ 100 ETF,2026-09-03 13:30:00,295.035,295.22,295.22,295.03,0.0,0.0,16810.0,4960919.748,0.07796874470321644,294.99
US.QQQM,Invesco NASDAQ 100 ETF,2026-09-03 13:35:00,295.25,295.3199,295.3401,295.25,0.0,0.0,6875.0,2030349.23,0.03383917078788395,295.22
US.QQQM,Invesco NASDAQ 100 ETF,2026-09-03 13:40:00,295.305,295.35,295.47,295.305,0.0,0.0,7620.0,2250861.046,0.010192337190959517,295.3199
US.QQQM,Invesco NASDAQ 100 ETF,2026-09-03 13:45:00,295.39,295.43,295.4815,295.39,0.0,0.0,10551.0,3117451.171,0.02708650753342952,295.35
US.QQQM,Invesco NASDAQ 100 ETF,2026-09-03 13:50:00,295.49,295.405,295.52,295.39,0.0,0.0,11117.0,3284559.803,-0.008462241478534376,295.43
US.QQQM,Invesco NASDAQ 100 ETF,2026-09-03 13:55:00,295.4258,295.648,295.67,295.4258,0.0,0.0,34795.0,10285606.716,0.08225994820671684,295.405
US.QQQM,Invesco NASDAQ 100 ETF,2026-09-03 14:00:00,295.62,295.62,295.68,295.5785,0.0,0.0,16949.0,5010525.569,-0.009470721939610622,295.648
US.QQQM,Invesco NASDAQ 100 ETF,2026-09-03 14:05:00,295.62,295.91,295.93,295.62,0.0,0.0,31643.0,9357498.158,0.09809891076382533,295.62
US.QQQM,Invesco NASDAQ 100 ETF,2026-09-03 14:10:00,295.93,295.945,295.95,295.84,0.0,0.0,6644.0,1966163.64,0.0118279206515387,295.91
US.QQQM,Invesco NASDAQ 100 ETF,2026-09-03 14:15:00,295.93,295.91,295.93,295.88,0.0,0.0,6889.0,2038583.055,-0.011826521819922003,295.945
US.QQQM,Invesco NASDAQ 100 ETF,2026-09-03 14:20:00,295.925,295.865,296.005,295.865,0.0,0.0,11655.0,3449704.132,-0.015207326551997538,295.91
US.QQQM,Invesco NASDAQ 100 ETF,2026-09-03 14:25:00,295.89,295.9,295.93,295.83,0.0,0.0,11215.0,3318684.543,0.011829719635633876,295.865
US.QQQM,Invesco NASDAQ 100 ETF,2026-09-03 14:30:00,295.89,295.8797,295.93,295.85,0.0,0.0,8402.0,2486139.938,-0.00686042581952124,295.9
US.QQQM,Invesco NASDAQ 100 ETF,2026-09-03 14:35:00,295.89,295.9316,295.9489,295.8148,0.0,0.0,11380.0,3367538.119,0.017540912742573814,295.8797
US.QQQM,Invesco NASDAQ 100 ETF,2026-09-03 14:40:00,295.96,295.9446,295.96,295.89,0.0,0.0,7560.0,2237278.863,0.00439290700958492,295.9316
US.QQQM,Invesco NASDAQ 100 ETF,2026-09-03 14:45:00,295.91,295.79,295.91,295.79,0.0,0.0,22233.0,6577335.686,-0.052239506988794336,295.9446
US.QQQM,Invesco NASDAQ 100 ETF,2026-09-03 14:50:00,295.795,295.8899,295.8935,295.795,0.0,0.0,8955.0,2649611.937,0.03377396125629365,295.79
US.QQQM,Invesco NASDAQ 100 ETF,2026-09-03 14:55:00,295.99,295.855,295.99,295.8201,0.0,0.0,12529.0,3707420.77,-0.011794927775498005,295.8899
US.QQQM,Invesco NASDAQ 100 ETF,2026-09-03 15:00:00,295.865,295.8524,295.865,295.79,0.0,0.0,12498.0,3697179.959,-0.0008788088759796074,295.855
US.QQQM,Invesco NASDAQ 100 ETF,2026-09-03 15:05:00,295.86,295.74,295.86,295.705,0.0,0.0,21243.0,6282358.21,-0.03799191759133258,295.8524
US.QQQM,Invesco NASDAQ 100 ETF,2026-09-03 15:10:00,295.745,295.67,295.767,295.66,0.0,0.0,16155.0,4777597.18,-0.023669439372419415,295.74
US.QQQM,Invesco NASDAQ 100 ETF,2026-09-03 15:15:00,295.665,295.55,295.69,295.55,0.0,0.0,13657.0,4037035.136,-0.04058578820983006,295.67
US.QQQM,Invesco NASDAQ 100 ETF,2026-09-03 15:20:00,295.59,295.57,295.59,295.49,0.0,0.0,13107.0,3873656.971,0.006767044493311389,295.55
US.QQQM,Invesco NASDAQ 100 ETF,2026-09-03 15:25:00,295.63,295.4642,295.63,295.4642,0.0,0.0,43968.0,12995196.131,-0.03579524308961935,295.57
US.QQQM,Invesco NASDAQ 100 ETF,2026-09-03 15:30:00,295.49,295.51,295.535,295.465,0.0,0.0,13446.0,3973312.132,0.015501031935505429,295.4642
US.QQQM,Invesco NASDAQ 100 ETF,2026-09-03 15:35:00,295.57,295.4599,295.59,295.44,0.0,0.0,25395.0,7505331.286,-0.016953740990147972,295.51
US.QQQM,Invesco NASDAQ 100 ETF,2026-09-03 15:40:00,295.45,295.49,295.535,295.45,0.0,0.0,39191.0,11580883.532,0.0101875076787085,295.4599
US.QQQM,Invesco NASDAQ 100 ETF,2026-09-03 15:45:00,295.5,295.44,295.575,295.41,0.0,0.0,78530.0,23204314.528,-0.01692104639751307,295.49
US.QQQM,Invesco NASDAQ 100 ETF,2026-09-03 15:50:00,295.45,295.38,295.54,295.3469,0.0,0.0,22650.0,6691704.646,-0.020308692120228226,295.44
US.QQQM,Invesco NASDAQ 100 ETF,2026-09-03 15:55:00,295.43,295.45,295.459,295.295,0.0,0.0,48217.0,14242008.952,0.02369828695239799,295.38
US.QQQM,Invesco NASDAQ 100 ETF,2026-09-03 16:00:00,295.43,295.51,295.52,295.28,0.0,0.0,259715.0,76727733.616,0.02030800473853521,295.45
US.QQQM,Invesco NASDAQ 100 ETF,2026-09-03 16:05:00,295.51,295.3299,295.51,295.3299,0.0,0.0,2160.0,638063.782,-0.0609454840783668,295.51
US.QQQM,Invesco NASDAQ 100 ETF,2026-09-03 16:10:00,295.3299,295.37,295.37,295.3299,0.0,0.0,390.0,115192.269,0.01357803595233512,295.3299
US.QQQM,Invesco NASDAQ 100 ETF,2026-09-03 16:15:00,295.37,295.33,295.38,295.33,0.0,0.0,565.0,167081.645,-0.013542336730209723,295.37
US.QQQM,Invesco NASDAQ 100 ETF,2026-09-03 16:20:00,295.33,295.31,295.33,295.3,0.0,0.0,1397.0,412800.931,-0.006772085463712394,295.33
US.QQQM,Invesco NASDAQ 100 ETF,2026-09-03 16:25:00,295.31,295.25,295.31,295.25,0.0,0.0,3746.0,1106729.638,-0.020317632318581247,295.31
US.QQQM,Invesco NASDAQ 100 ETF,2026-09-03 16:30:00,295.25,295.25,295.25,295.25,0.0,0.0,152.0,44883.287,0.0,295.25
US.QQQM,Invesco NASDAQ 100 ETF,2026-09-03 16:35:00,295.25,295.3,295.3,295.25,0.0,0.0,954.0,281707.956,0.016934801016091912,295.25
US.QQQM,Invesco NASDAQ 100 ETF,2026-09-03 16:40:00,295.3,295.32,295.321,295.3,0.0,0.0,619.0,182805.524,0.006772773450721914,295.3
US.QQQM,Invesco NASDAQ 100 ETF,2026-09-03 16:45:00,295.32,295.32,295.32,295.32,0.0,0.0,286.0,84486.435,0.0,295.32
US.QQQM,Invesco NASDAQ 100 ETF,2026-09-03 16:50:00,295.32,295.32,295.32,295.32,0.0,0.0,73.0,21615.421,0.0,295.32
US.QQQM,Invesco NASDAQ 100 ETF,2026-09-03 16:55:00,295.32,295.32,295.32,295.32,0.0,0.0,56.0,16533.348,0.0,295.32
US.QQQM,Invesco NASDAQ 100 ETF,2026-09-03 17:00:00,295.32,295.32,295.32,295.32,0.0,0.0,118.0,34862.344,0.0,295.32
US.QQQM,Invesco NASDAQ 100 ETF,2026-09-03 17:05:00,295.32,295.0666,295.32,295.0666,0.0,0.0,278.0,82038.922,-0.08580522822700772,295.32
US.QQQM,Invesco NASDAQ 100 ETF,2026-09-03 17:10:00,295.0666,295.0666,295.0666,295.0666,0.0,0.0,86.0,25587.936,0.0,295.0666
US.QQQM,Invesco NASDAQ 100 ETF,2026-09-03 17:15:00,295.0666,295.0666,295.0666,295.0666,0.0,0.0,109.0,32185.8,0.0,295.0666
US.QQQM,Invesco NASDAQ 100 ETF,2026-09-03 17:20:00,295.0666,295.29,295.29,295.0666,0.0,0.0,104.0,30710.21,0.07571172067595128,295.0666
US.QQQM,Invesco NASDAQ 100 ETF,2026-09-03 17:25:00,295.29,295.29,295.29,295.29,0.0,0.0,128.0,37798.754,0.0,295.29
US.QQQM,Invesco NASDAQ 100 ETF,2026-09-03 17:30:00,295.29,295.3634,295.3634,295.29,0.0,0.0,427.0,126142.835,0.024856920315619344,295.29
US.QQQM,Invesco NASDAQ 100 ETF,2026-09-03 17:35:00,295.3634,295.3634,295.3634,295.3634,0.0,0.0,111.0,32771.868,0.0,295.3634
US.QQQM,Invesco NASDAQ 100 ETF,2026-09-03 17:40:00,295.3634,295.33,295.3634,295.33,0.0,0.0,348.0,102772.94,-0.011308103847676707,295.3634
US.QQQM,Invesco NASDAQ 100 ETF,2026-09-03 17:45:00,295.33,295.33,295.33,295.33,0.0,0.0,95.0,28045.711,0.0,295.33
US.QQQM,Invesco NASDAQ 100 ETF,2026-09-03 17:50:00,295.33,295.33,295.33,295.33,0.0,0.0,224.0,66138.55,0.0,295.33
US.QQQM,Invesco NASDAQ 100 ETF,2026-09-03 17:55:00,295.33,295.33,295.33,295.33,0.0,0.0,112.0,33083.535,0.0,295.33
US.QQQM,Invesco NASDAQ 100 ETF,2026-09-03 18:00:00,295.33,295.33,295.33,295.33,0.0,0.0,133.0,39269.893,0.0,295.33
US.QQQM,Invesco NASDAQ 100 ETF,2026-09-03 18:05:00,295.33,295.33,295.33,295.33,0.0,0.0,102.0,30233.984,0.0,295.33
US.QQQM,Invesco NASDAQ 100 ETF,2026-09-03 18:10:00,295.33,295.139,295.33,295.139,0.0,0.0,289.0,85294.267,-0.0646734161785034,295.33
US.QQQM,Invesco NASDAQ 100 ETF,2026-09-03 18:15:00,295.139,295.07,295.139,295.07,0.0,0.0,589.0,174058.316,-0.023378814727981333,295.139
US.QQQM,Invesco NASDAQ 100 ETF,2026-09-03 18:20:00,295.07,295.07,295.07,295.07,0.0,0.0,256.0,75550.634,0.0,295.07
US.QQQM,Invesco NASDAQ 100 ETF,2026-09-03 18:25:00,295.07,295.07,295.07,295.07,0.0,0.0,140.0,41317.259,0.0,295.07
US.QQQM,Invesco NASDAQ 100 ETF,2026-09-03 18:30:00,295.07,295.06,295.07,295.06,0.0,0.0,117.0,34537.034,-0.003389026332731523,295.07
US.QQQM,Invesco NASDAQ 100 ETF,2026-09-03 18:35:00,295.06,295.12,295.12,295.06,0.0,0.0,642.0,189469.448,0.020334847149733028,295.06
US.QQQM,Invesco NASDAQ 100 ETF,2026-09-03 18:40:00,295.12,295.1,295.12,295.1,0.0,0.0,478.0,141062.64,-0.006776904310104977,295.12
US.QQQM,Invesco NASDAQ 100 ETF,2026-09-03 18:45:00,295.1,295.12,295.12,295.1,0.0,0.0,235.0,69352.512,0.006777363605551273,295.1
US.QQQM,Invesco NASDAQ 100 ETF,2026-09-03 18:50:00,295.12,295.12,295.12,295.12,0.0,0.0,141.0,41693.082,0.0,295.12
US.QQQM,Invesco NASDAQ 100 ETF,2026-09-03 18:55:00,295.12,295.12,295.12,295.12,0.0,0.0,376.0,110996.523,0.0,295.12
US.QQQM,Invesco NASDAQ 100 ETF,2026-09-03 19:00:00,295.12,295.18,295.18,295.12,0.0,0.0,467.0,137847.34,0.020330712930334196,295.12
US.QQQM,Invesco NASDAQ 100 ETF,2026-09-03 19:05:00,295.18,295.2105,295.2105,295.18,0.0,0.0,140.0,41330.913,0.010332678365748945,295.18
US.QQQM,Invesco NASDAQ 100 ETF,2026-09-03 19:10:00,295.2105,295.2105,295.2105,295.2105,0.0,0.0,54.0,15949.007,0.0,295.2105
US.QQQM,Invesco NASDAQ 100 ETF,2026-09-03 19:15:00,295.2105,295.2105,295.2105,295.2105,0.0,0.0,82.0,24208.592,0.0,295.2105
US.QQQM,Invesco NASDAQ 100 ETF,2026-09-03 19:20:00,295.2105,295.2105,295.2105,295.2105,0.0,0.0,81.0,23911.615,0.0,295.2105
US.QQQM,Invesco NASDAQ 100 ETF,2026-09-03 19:25:00,295.2105,295.2105,295.2105,295.2105,0.0,0.0,88.0,26008.79,0.0,295.2105
US.QQQM,Invesco NASDAQ 100 ETF,2026-09-03 19:30:00,295.2105,295.2105,295.2105,295.2105,0.0,0.0,191.0,56390.166,0.0,295.2105
US.QQQM,Invesco NASDAQ 100 ETF,2026-09-03 19:35:00,295.2105,295.25,295.25,295.2105,0.0,0.0,1833.0,541324.05,0.01338028288288372,295.2105
US.QQQM,Invesco NASDAQ 100 ETF,2026-09-03 19:40:00,295.25,295.25,295.25,295.25,0.0,0.0,38.0,11218.29,0.0,295.25
US.QQQM,Invesco NASDAQ 100 ETF,2026-09-03 19:45:00,295.25,295.29,295.29,295.25,0.0,0.0,216.0,63786.901,0.01354784081287738,295.25
US.QQQM,Invesco NASDAQ 100 ETF,2026-09-03 19:50:00,295.25,295.28,295.36,295.25,0.0,0.0,989.0,292050.388,-0.003386501405414253,295.29
US.QQQM,Invesco NASDAQ 100 ETF,2026-09-03 19:55:00,295.28,295.28,295.28,295.28,0.0,0.0,6.0,1773.76,0.0,295.28
US.QQQM,Invesco NASDAQ 100 ETF,2026-09-03 20:00:00,295.28,295.28,295.28,295.28,0.0,0.0,343.0,101245.924,0.0,295.28
US.QQQM,Invesco NASDAQ 100 ETF,2026-09-04 04:05:00,295.51,296.8,296.82,295.51,0.0,0.0,13061.0,3871951.537,0.5147656461663638,295.28
US.QQQM,Invesco NASDAQ 100 ETF,2026-09-04 04:10:00,296.8,296.93,296.99,296.76,0.0,0.0,657.0,195171.816,0.04380053908355642,296.8
US.QQQM,Invesco NASDAQ 100 ETF,2026-09-04 04:15:00,296.93,296.93,296.93,296.93,0.0,0.0,172.0,51129.169,0.0,296.93
US.QQQM,Invesco NASDAQ 100 ETF,2026-09-04 04:20:00,296.93,296.85,296.93,296.85,0.0,0.0,342.0,101530.241,-0.026942376991204692,296.93
US.QQQM,Invesco NASDAQ 100 ETF,2026-09-04 04:25:00,296.85,296.8,296.85,296.8,0.0,0.0,418.0,124126.057,-0.016843523665154576,296.85
US.QQQM,Invesco NASDAQ 100 ETF,2026-09-04 04:30:00,296.8,297.0,297.0,296.8,0.0,0.0,291.0,86503.613,0.06738544474393147,296.8
US.QQQM,Invesco NASDAQ 100 ETF,2026-09-04 04:35:00,297.0,297.0,297.0,297.0,0.0,0.0,141.0,41923.21,0.0,297.0
US.QQQM,Invesco NASDAQ 100 ETF,2026-09-04 04:40:00,297.0,297.0,297.0,297.0,0.0,0.0,207.0,61542.201,0.0,297.0
US.QQQM,Invesco NASDAQ 100 ETF,2026-09-04 04:45:00,297.0,297.0,297.0,297.0,0.0,0.0,112.0,33433.719,0.0,297.0
US.QQQM,Invesco NASDAQ 100 ETF,2026-09-04 04:50:00,297.0,297.0,297.0,297.0,0.0,0.0,171.0,50786.771,0.0,297.0
US.QQQM,Invesco NASDAQ 100 ETF,2026-09-04 04:55:00,297.0,297.0,297.0,297.0,0.0,0.0,117.0,34768.667,0.0,297.0
US.QQQM,Invesco NASDAQ 100 ETF,2026-09-04 05:00:00,297.0,297.0,297.0,297.0,0.0,0.0,155.0,46019.696,0.0,297.0
US.QQQM,Invesco NASDAQ 100 ETF,2026-09-04 05:05:00,297.0,297.0,297.0,297.0,0.0,0.0,63.0,18990.747,0.0,297.0
US.QQQM,Invesco NASDAQ 100 ETF,2026-09-04 05:10:00,297.0,296.8,297.0,296.78,0.0,0.0,368.0,109216.557,-0.06734006734006352,297.0
US.QQQM,Invesco NASDAQ 100 ETF,2026-09-04 05:15:00,296.8,296.61,296.8,296.61,0.0,0.0,546.0,161973.726,-0.06401617250673777,296.8
US.QQQM,Invesco NASDAQ 100 ETF,2026-09-04 05:20:00,296.61,296.61,296.61,296.61,0.0,0.0,49.0,14660.952,0.0,296.61
US.QQQM,Invesco NASDAQ 100 ETF,2026-09-04 05:25:00,296.61,296.51,296.61,296.51,0.0,0.0,260.0,77154.888,-0.03371430497961051,296.61
US.QQQM,Invesco NASDAQ 100 ETF,2026-09-04 05:30:00,296.51,296.51,296.51,296.51,0.0,0.0,112.0,33238.556,0.0,296.51
US.QQQM,Invesco NASDAQ 100 ETF,2026-09-04 05:35:00,296.51,296.61,296.61,296.51,0.0,0.0,177.0,52499.7,0.03372567535665669,296.51
US.QQQM,Invesco NASDAQ 100 ETF,2026-09-04 05:40:00,296.61,296.69,296.69,296.61,0.0,0.0,220.0,65271.19,0.026971443983676912,296.61
US.QQQM,Invesco NASDAQ 100 ETF,2026-09-04 05:45:00,296.69,296.7,296.7,296.69,0.0,0.0,226.0,67055.665,0.0033705214196605563,296.69
US.QQQM,Invesco NASDAQ 100 ETF,2026-09-04 05:50:00,296.7,296.7,296.7,296.7,0.0,0.0,91.0,27008.33,0.0,296.7
US.QQQM,Invesco NASDAQ 100 ETF,2026-09-04 05:55:00,296.7,296.8,296.8,296.7,0.0,0.0,286.0,84888.681,0.03370407819346907,296.7
US.QQQM,Invesco NASDAQ 100 ETF,2026-09-04 06:00:00,296.8,296.9,296.9,296.8,0.0,0.0,302.0,89892.83,0.03369272237195616,296.8
US.QQQM,Invesco NASDAQ 100 ETF,2026-09-04 06:05:00,296.89,296.881,296.92,296.881,0.0,0.0,1010.0,299876.332,-0.006399461098014637,296.9
US.QQQM,Invesco NASDAQ 100 ETF,2026-09-04 06:10:00,296.881,296.881,296.881,296.881,0.0,0.0,209.0,62121.571,0.0,296.881
US.QQQM,Invesco NASDAQ 100 ETF,2026-09-04 06:15:00,296.881,296.95,296.95,296.881,0.0,0.0,262.0,77970.469,0.023241635537476914,296.881
US.QQQM,Invesco NASDAQ 100 ETF,2026-09-04 06:20:00,296.95,296.95,296.95,296.95,0.0,0.0,95.0,28320.226,0.0,296.95
US.QQQM,Invesco NASDAQ 100 ETF,2026-09-04 06:25:00,296.95,296.95,296.95,296.95,0.0,0.0,197.0,58505.291,0.0,296.95
US.QQQM,Invesco NASDAQ 100 ETF,2026-09-04 06:30:00,296.95,297.09,297.09,296.95,0.0,0.0,975.0,289921.434,0.047145984172415,296.95
US.QQQM,Invesco NASDAQ 100 ETF,2026-09-04 06:35:00,297.09,297.09,297.09,297.09,0.0,0.0,109.0,32546.718,0.0,297.09
US.QQQM,Invesco NASDAQ 100 ETF,2026-09-04 06:40:00,297.09,297.09,297.09,297.09,0.0,0.0,132.0,39215.48,0.0,297.09
US.QQQM,Invesco NASDAQ 100 ETF,2026-09-04 06:45:00,297.09,297.09,297.09,297.09,0.0,0.0,235.0,69936.426,0.0,297.09
US.QQQM,Invesco NASDAQ 100 ETF,2026-09-04 06:50:00,297.09,297.23,297.3,297.09,0.0,0.0,2588.0,769282.272,0.04712376720860453,297.09
US.QQQM,Invesco NASDAQ 100 ETF,2026-09-04 06:55:00,297.23,297.23,297.23,297.23,0.0,0.0,34.0,10101.888,0.0,297.23
US.QQQM,Invesco NASDAQ 100 ETF,2026-09-04 07:00:00,297.23,297.23,297.23,297.23,0.0,0.0,176.0,52293.58,0.0,297.23
US.QQQM,Invesco NASDAQ 100 ETF,2026-09-04 07:05:00,297.23,296.93,297.23,296.859,0.0,0.0,5502.0,1634388.237,-0.10093193822965763,297.23
US.QQQM,Invesco NASDAQ 100 ETF,2026-09-04 07:10:00,296.93,296.85,296.93,296.85,0.0,0.0,1270.0,377233.666,-0.026942376991204692,296.93
US.QQQM,Invesco NASDAQ 100 ETF,2026-09-04 07:15:00,296.85,296.85,296.85,296.85,0.0,0.0,117.0,34850.802,0.0,296.85
US.QQQM,Invesco NASDAQ 100 ETF,2026-09-04 07:20:00,296.85,296.85,296.85,296.85,0.0,0.0,101.0,29995.139,0.0,296.85
US.QQQM,Invesco NASDAQ 100 ETF,2026-09-04 07:25:00,296.85,296.97,296.97,296.85,0.0,0.0,348.0,103441.791,0.04042445679636333,296.85
US.QQQM,Invesco NASDAQ 100 ETF,2026-09-04 07:30:00,296.97,296.99,296.99,296.97,0.0,0.0,277.0,82282.056,0.006734687005415296,296.97
US.QQQM,Invesco NASDAQ 100 ETF,2026-09-04 07:35:00,296.99,297.03,297.03,296.99,0.0,0.0,737.0,218909.788,0.013468466951736967,296.99
US.QQQM,Invesco NASDAQ 100 ETF,2026-09-04 07:40:00,297.03,297.03,297.03,297.03,0.0,0.0,113.0,33694.0,0.0,297.03
US.QQQM,Invesco NASDAQ 100 ETF,2026-09-04 07:45:00,297.03,296.99,297.03,296.99,0.0,0.0,318.0,94600.488,-0.013466653200001219,297.03
US.QQQM,Invesco NASDAQ 100 ETF,2026-09-04 07:50:00,296.99,297.05,297.06,296.99,0.0,0.0,2296.0,682045.631,0.020202700427624593,296.99
US.QQQM,Invesco NASDAQ 100 ETF,2026-09-04 07:55:00,297.05,297.16,297.16,297.05,0.0,0.0,1074.0,319241.083,0.03703080289514009,297.05
US.QQQM,Invesco NASDAQ 100 ETF,2026-09-04 08:00:00,297.16,297.2096,297.2096,297.16,0.0,0.0,826.0,245667.939,0.01669134473011108,297.16
US.QQQM,Invesco NASDAQ 100 ETF,2026-09-04 08:05:00,297.2096,296.96,297.2096,296.96,0.0,0.0,894.0,265724.186,-0.08398113654472922,297.2096
US.QQQM,Invesco NASDAQ 100 ETF,2026-09-04 08:10:00,296.96,296.74,296.96,296.73,0.0,0.0,1251.0,371270.516,-0.07408405172412799,296.96
US.QQQM,Invesco NASDAQ 100 ETF,2026-09-04 08:15:00,296.74,296.71,296.75,296.71,0.0,0.0,779.0,231164.414,-0.010109860483935282,296.74
US.QQQM,Invesco NASDAQ 100 ETF,2026-09-04 08:20:00,296.71,296.7,296.71,296.7,0.0,0.0,393.0,116608.904,-0.003370294226682925,296.71
US.QQQM,Invesco NASDAQ 100 ETF,2026-09-04 08:25:00,296.7,296.89,296.89,296.7,0.0,0.0,367.0,109215.961,0.06403774856757591,296.7
US.QQQM,Invesco NASDAQ 100 ETF,2026-09-04 08:30:00,296.89,297.2,297.2,296.89,0.0,0.0,2169.0,644593.845,0.10441577688706331,296.89
US.QQQM,Invesco NASDAQ 100 ETF,2026-09-04 08:35:00,297.2,295.861,297.2,295.76,0.0,0.0,11432.0,3384899.773,-0.4505383580080749,297.2
US.QQQM,Invesco NASDAQ 100 ETF,2026-09-04 08:40:00,295.861,295.8,295.97,295.75,0.0,0.0,5859.0,1733728.494,-0.020617790110889447,295.861
US.QQQM,Invesco NASDAQ 100 ETF,2026-09-04 08:45:00,295.8,295.91,296.1358,295.8,0.0,0.0,4575.0,1354438.464,0.0371872887085915,295.8
US.QQQM,Invesco NASDAQ 100 ETF,2026-09-04 08:50:00,295.89,295.49,295.9,295.4,0.0,0.0,5709.0,1687948.406,-0.14193504781859886,295.91
US.QQQM,Invesco NASDAQ 100 ETF,2026-09-04 08:55:00,295.49,295.69,295.73,295.49,0.0,0.0,1929.0,570377.189,0.06768418559003304,295.49
US.QQQM,Invesco NASDAQ 100 ETF,2026-09-04 09:00:00,295.6025,295.71,295.78,295.6025,0.0,0.0,2009.0,594055.707,0.006763840508634655,295.69
US.QQQM,Invesco NASDAQ 100 ETF,2026-09-04 09:05:00,295.71,295.6498,295.71,295.56,0.0,0.0,7869.0,2326493.394,-0.020357782963021903,295.71
US.QQQM,Invesco NASDAQ 100 ETF,2026-09-04 09:10:00,295.6498,295.68,295.83,295.6498,0.0,0.0,591.0,174910.427,0.010214787901084104,295.6498
US.QQQM,Invesco NASDAQ 100 ETF,2026-09-04 09:15:00,295.68,295.76,295.79,295.68,0.0,0.0,642.0,189959.526,0.02705627705627167,295.68
US.QQQM,Invesco NASDAQ 100 ETF,2026-09-04 09:20:00,295.77,295.9,295.91,295.77,0.0,0.0,2354.0,696692.46,0.04733567757640869,295.76
US.QQQM,Invesco NASDAQ 100 ETF,2026-09-04 09:25:00,295.9,296.13,296.15,295.9,0.0,0.0,958.0,283621.04,0.07772896248733295,295.9
US.QQQM,Invesco NASDAQ 100 ETF,2026-09-04 09:30:00,296.13,296.18,296.18,296.08,0.0,0.0,11524.0,3413113.658,0.01688447641239029,296.13
US.QQQM,Invesco NASDAQ 100 ETF,2026-09-04 09:35:00,296.209,296.6,296.6,295.85,0.0,0.0,102342.0,30313029.712,0.14180565872105338,296.18
US.QQQM,Invesco NASDAQ 100 ETF,2026-09-04 09:40:00,296.56,296.58,296.71,296.45,0.0,0.0,35364.0,10488179.13,-0.006743088334470214,296.6
US.QQQM,Invesco NASDAQ 100 ETF,2026-09-04 09:45:00,296.5798,296.4973,296.75,296.3,0.0,0.0,98145.0,29095976.023,-0.027884550542851324,296.58
US.QQQM,Invesco NASDAQ 100 ETF,2026-09-04 09:50:00,296.47,296.655,296.78,296.11,0.0,0.0,22175.0,6574374.364,0.05318766815076464,296.4973
US.QQQM,Invesco NASDAQ 100 ETF,2026-09-04 09:55:00,296.63,296.86,296.958,296.415,0.0,0.0,27394.0,8127092.002,0.06910384116230671,296.655
US.QQQM,Invesco NASDAQ 100 ETF,2026-09-04 10:00:00,296.87,297.15,297.2101,296.84,0.0,0.0,25024.0,7434839.058,0.0976891463989637,296.86
US.QQQM,Invesco NASDAQ 100 ETF,2026-09-04 10:05:00,297.14,296.96,297.14,296.87,0.0,0.0,25409.0,7546444.569,-0.06394077065455081,297.15
US.QQQM,Invesco NASDAQ 100 ETF,2026-09-04 10:10:00,297.02,296.77,297.049,296.75,0.0,0.0,17312.0,5140070.549,-0.063981681034482,296.96
US.QQQM,Invesco NASDAQ 100 ETF,2026-09-04 10:15:00,296.8103,296.81,296.86,296.27,0.0,0.0,19007.0,5636529.476,0.013478451325949548,296.77
US.QQQM,Invesco NASDAQ 100 ETF,2026-09-04 10:20:00,296.735,296.34,296.75,296.34,0.0,0.0,30182.0,8951089.514,-0.15835045989017463,296.81
US.QQQM,Invesco NASDAQ 100 ETF,2026-09-04 10:25:00,296.3452,296.24,296.4299,296.13,0.0,0.0,44054.0,13052742.536,-0.033745022609153644,296.34
US.QQQM,Invesco NASDAQ 100 ETF,2026-09-04 10:30:00,296.279,296.29,296.325,296.0,0.0,0.0,26838.0,7948326.868,0.016878206859307104,296.24
US.QQQM,Invesco NASDAQ 100 ETF,2026-09-04 10:35:00,296.29,295.94,296.3,295.89,0.0,0.0,25746.0,7621747.702,-0.11812751020959962,296.29
US.QQQM,Invesco NASDAQ 100 ETF,2026-09-04 10:40:00,295.939,296.16,296.2,295.9365,0.0,0.0,20306.0,6012771.281,0.0743393931202363,295.94
US.QQQM,Invesco NASDAQ 100 ETF,2026-09-04 10:45:00,296.18,295.67,296.18,295.65,0.0,0.0,47179.0,13956387.426,-0.1654511075094574,296.16
US.QQQM,Invesco NASDAQ 100 ETF,2026-09-04 10:50:00,295.7189,295.43,295.76,295.43,0.0,0.0,21892.0,6471878.831,-0.08117157641966012,295.67
US.QQQM,Invesco NASDAQ 100 ETF,2026-09-04 10:55:00,295.44,295.48,295.63,295.44,0.0,0.0,18127.0,5357346.168,0.01692448295704951,295.43
US.QQQM,Invesco NASDAQ 100 ETF,2026-09-04 11:00:00,295.5,295.52,295.62,295.35,0.0,0.0,24703.0,7299769.343,0.013537295248397056,295.48
US.QQQM,Invesco NASDAQ 100 ETF,2026-09-04 11:05:00,295.56,295.5,295.61,295.32,0.0,0.0,20050.0,5925261.3,-0.006767731456409654,295.52
US.QQQM,Invesco NASDAQ 100 ETF,2026-09-04 11:10:00,295.38,295.58,295.61,295.38,0.0,0.0,36867.0,10895499.6,0.027072758037219653,295.5
US.QQQM,Invesco NASDAQ 100 ETF,2026-09-04 11:15:00,295.58,295.71,295.73,295.46,0.0,0.0,31002.0,9165708.338,0.043981324852830184,295.58
US.QQQM,Invesco NASDAQ 100 ETF,2026-09-04 11:20:00,295.755,295.36,295.76,295.29,0.0,0.0,26854.0,7937255.48,-0.11835920327346587,295.71
US.QQQM,Invesco NASDAQ 100 ETF,2026-09-04 11:25:00,295.4,295.409,295.43,295.22,0.0,0.0,19078.0,5634149.023,0.016589924160339307,295.36
US.QQQM,Invesco NASDAQ 100 ETF,2026-09-04 11:30:00,295.355,295.42,295.44,295.31,0.0,0.0,237738.0,70212000.958,0.003723650938198938,295.409
US.QQQM,Invesco NASDAQ 100 ETF,2026-09-04 11:35:00,295.41,295.2491,295.4101,295.1208,0.0,0.0,14099.0,4162764.15,-0.057849840904480865,295.42
US.QQQM,Invesco NASDAQ 100 ETF,2026-09-04 11:40:00,295.28,295.3655,295.37,295.2772,0.0,0.0,10620.0,3136530.129,0.03942433694124681,295.2491
US.QQQM,Invesco NASDAQ 100 ETF,2026-09-04 11:45:00,295.38,295.53,295.58,295.325,0.0,0.0,9446.0,2791091.181,0.05569370830377124,295.3655
US.QQQM,Invesco NASDAQ 100 ETF,2026-09-04 11:50:00,295.505,295.34,295.5695,295.265,0.0,0.0,15119.0,4466635.13,-0.06429127330558582,295.53
US.QQQM,Invesco NASDAQ 100 ETF,2026-09-04 11:55:00,295.41,295.34,295.47,295.33,0.0,0.0,12504.0,3693659.556,0.0,295.34
US.QQQM,Invesco NASDAQ 100 ETF,2026-09-04 12:00:00,295.4501,295.48,295.512,295.34,0.0,0.0,8422.0,2488323.712,0.0474029931604399,295.34
US.QQQM,Invesco NASDAQ 100 ETF,2026-09-04 12:05:00,295.49,295.481,295.51,295.42,0.0,0.0,18636.0,5506404.338,0.00033843238120223135,295.48
US.QQQM,Invesco NASDAQ 100 ETF,2026-09-04 12:10:00,295.535,295.66,295.7096,295.44,0.0,0.0,22917.0,6773166.411,0.060579191217042874,295.481
US.QQQM,Invesco NASDAQ 100 ETF,2026-09-04 12:15:00,295.665,295.82,295.85,295.66,0.0,0.0,9765.0,2888210.629,0.054116214570779995,295.66
US.QQQM,Invesco NASDAQ 100 ETF,2026-09-04 12:20:00,295.8199,295.7987,295.8199,295.71,0.0,0.0,10337.0,3057529.716,-0.007200324521667413,295.82
US.QQQM,Invesco NASDAQ 100 ETF,2026-09-04 12:25:00,295.82,295.895,295.982567,295.81,0.0,0.0,8969.0,2653829.255,0.03255592401183142,295.7987
US.QQQM,Invesco NASDAQ 100 ETF,2026-09-04 12:30:00,295.89,295.86,295.94,295.815,0.0,0.0,11237.0,3324818.019,-0.011828520252105703,295.895
US.QQQM,Invesco NASDAQ 100 ETF,2026-09-04 12:35:00,295.9,296.0486,296.0486,295.845,0.0,0.0,7882.0,2332945.41,0.06374636652471036,295.86
US.QQQM,Invesco NASDAQ 100 ETF,2026-09-04 12:40:00,296.05,295.9677,296.08,295.94,0.0,0.0,14448.0,4276480.87,-0.027326594349725813,296.0486
US.QQQM,Invesco NASDAQ 100 ETF,2026-09-04 12:45:00,295.985,296.03,296.03,295.94,0.0,0.0,13795.0,4082976.703,0.021049594263155526,295.9677
US.QQQM,Invesco NASDAQ 100 ETF,2026-09-04 12:50:00,296.03,296.23,296.2399,296.0098,0.0,0.0,29169.0,8638995.221,0.06756072019729267,296.03
US.QQQM,Invesco NASDAQ 100 ETF,2026-09-04 12:55:00,296.249,296.21,296.29,296.205,0.0,0.0,11379.0,3371122.172,-0.006751510650521099,296.23
US.QQQM,Invesco NASDAQ 100 ETF,2026-09-04 13:00:00,296.1991,296.11,296.21,296.11,0.0,0.0,8750.0,2591741.789,-0.03375983255121903,296.21
US.QQQM,Invesco NASDAQ 100 ETF,2026-09-04 13:05:00,296.03,295.86,296.05,295.81,0.0,0.0,14548.0,4305532.771,-0.08442808415791428,296.11
US.QQQM,Invesco NASDAQ 100 ETF,2026-09-04 13:10:00,295.88,295.75,295.95,295.75,0.0,0.0,16221.0,4799566.439,-0.03717974717772381,295.86
US.QQQM,Invesco NASDAQ 100 ETF,2026-09-04 13:15:00,295.75,295.7,295.8,295.68,0.0,0.0,6315.0,1867798.604,-0.016906170752328444,295.75
US.QQQM,Invesco NASDAQ 100 ETF,2026-09-04 13:20:00,295.695,295.64,295.76,295.62,0.0,0.0,24620.0,7279386.543,-0.020290835306054203,295.7
US.QQQM,Invesco NASDAQ 100 ETF,2026-09-04 13:25:00,295.67,295.54,295.695,295.54,0.0,0.0,15841.0,4682839.541,-0.0338249222026674,295.64
US.QQQM,Invesco NASDAQ 100 ETF,2026-09-04 13:30:00,295.52,295.42,295.6,295.4175,0.0,0.0,12406.0,3666244.176,-0.040603640793125985,295.54
US.QQQM,Invesco NASDAQ 100 ETF,2026-09-04 13:35:00,295.415,295.272,295.43,295.24,0.0,0.0,34925.0,10315257.945,-0.05009816532395388,295.42
US.QQQM,Invesco NASDAQ 100 ETF,2026-09-04 13:40:00,295.28,295.31,295.35,295.27,0.0,0.0,22371.0,6606308.485,0.012869489826333317,295.272
US.QQQM,Invesco NASDAQ 100 ETF,2026-09-04 13:45:00,295.25,295.2,295.2877,295.12,0.0,0.0,11011.0,3250543.279,-0.03724899258406882,295.31
US.QQQM,Invesco NASDAQ 100 ETF,2026-09-04 13:50:00,295.12,295.2001,295.269,295.05,0.0,0.0,11133.0,3286233.657,3.387533876414003e-05,295.2
US.QQQM,Invesco NASDAQ 100 ETF,2026-09-04 13:55:00,295.24,295.2,295.28,295.18,0.0,0.0,7639.0,2255250.139,-3.387532728875815e-05,295.2001
US.QQQM,Invesco NASDAQ 100 ETF,2026-09-04 14:00:00,295.1785,295.2715,295.31,295.17,0.0,0.0,16017.0,4728890.544,0.02422086720867702,295.2
US.QQQM,Invesco NASDAQ 100 ETF,2026-09-04 14:05:00,295.265,295.12,295.3,295.09,0.0,0.0,8898.0,2626644.436,-0.05130871079667311,295.2715
US.QQQM,Invesco NASDAQ 100 ETF,2026-09-04 14:10:00,295.09,295.23,295.23,295.07,0.0,0.0,14423.0,4256781.64,0.0372729737056159,295.12
US.QQQM,Invesco NASDAQ 100 ETF,2026-09-04 14:15:00,295.239,295.2399,295.31,295.22,0.0,0.0,24516.0,7239441.364,0.003353317752247117,295.23
US.QQQM,Invesco NASDAQ 100 ETF,2026-09-04 14:20:00,295.24,295.4,295.42,295.23,0.0,0.0,8925.0,2635599.4,0.05422708786989831,295.2399
US.QQQM,Invesco NASDAQ 100 ETF,2026-09-04 14:25:00,295.4,295.42,295.489,295.38,0.0,0.0,36856.0,10888969.194,0.0067704807041430795,295.4
US.QQQM,Invesco NASDAQ 100 ETF,2026-09-04 14:30:00,295.44,295.46,295.47,295.385,0.0,0.0,17679.0,5223030.487,0.013540044682135136,295.42
US.QQQM,Invesco NASDAQ 100 ETF,2026-09-04 14:35:00,295.47,295.525,295.525,295.46,0.0,0.0,12298.0,3634233.963,0.021999593853651165,295.46
US.QQQM,Invesco NASDAQ 100 ETF,2026-09-04 14:40:00,295.52,295.44,295.5382,295.41,0.0,0.0,16498.0,4874790.67,-0.02876237204973506,295.525
US.QQQM,Invesco NASDAQ 100 ETF,2026-09-04 14:45:00,295.4582,295.56,295.6,295.41,0.0,0.0,13779.0,4071498.88,0.04061738424045645,295.44
US.QQQM,Invesco NASDAQ 100 ETF,2026-09-04 14:50:00,295.5682,295.61,295.6201,295.56,0.0,0.0,15541.0,4594091.385,0.01691703884152503,295.56
US.QQQM,Invesco NASDAQ 100 ETF,2026-09-04 14:55:00,295.62,295.6399,295.6551,295.57,0.0,0.0,9010.0,2663584.159,0.01011467812320213,295.61
US.QQQM,Invesco NASDAQ 100 ETF,2026-09-04 15:00:00,295.649,295.73,295.765,295.62,0.0,0.0,9952.0,2943052.108,0.030476265213188993,295.6399
US.QQQM,Invesco NASDAQ 100 ETF,2026-09-04 15:05:00,295.74,295.55,295.785,295.54,0.0,0.0,11339.0,3352234.695,-0.06086633077469544,295.73
US.QQQM,Invesco NASDAQ 100 ETF,2026-09-04 15:10:00,295.5,295.45,295.525,295.42,0.0,0.0,20654.0,6102853.577,-0.03383522246659541,295.55
US.QQQM,Invesco NASDAQ 100 ETF,2026-09-04 15:15:00,295.4402,295.46,295.5399,295.425,0.0,0.0,27412.0,8099839.51,0.003384667456419328,295.45
US.QQQM,Invesco NASDAQ 100 ETF,2026-09-04 15:20:00,295.47,295.5,295.56,295.465,0.0,0.0,17130.0,5062221.973,0.01353821160225427,295.46
US.QQQM,Invesco NASDAQ 100 ETF,2026-09-04 15:25:00,295.519,295.59,295.59,295.5099,0.0,0.0,10505.0,3104992.068,0.03045685279186971,295.5
US.QQQM,Invesco NASDAQ 100 ETF,2026-09-04 15:30:00,295.62,295.61,295.6684,295.57,0.0,0.0,10453.0,3090371.458,0.006766128759443369,295.59
US.QQQM,Invesco NASDAQ 100 ETF,2026-09-04 15:35:00,295.61,295.7201,295.755,295.57,0.0,0.0,13331.0,3941747.273,0.03724501877473311,295.61
US.QQQM,Invesco NASDAQ 100 ETF,2026-09-04 15:40:00,295.701,295.7,295.8,295.64,0.0,0.0,26080.0,7712499.458,-0.006796967808415306,295.7201
US.QQQM,Invesco NASDAQ 100 ETF,2026-09-04 15:45:00,295.69,295.76,295.77,295.67,0.0,0.0,16118.0,4766601.0,0.020290835306054203,295.7
US.QQQM,Invesco NASDAQ 100 ETF,2026-09-04 15:50:00,295.79,295.89,295.89,295.76,0.0,0.0,39203.0,11597330.653,0.04395455774952511,295.76
US.QQQM,Invesco NASDAQ 100 ETF,2026-09-04 15:55:00,295.88,296.11,296.14,295.88,0.0,0.0,45446.0,13454262.219,0.07435195511846542,295.89
US.QQQM,Invesco NASDAQ 100 ETF,2026-09-04 16:00:00,296.13,296.07,296.22,295.96,0.0,0.0,142434.0,42169887.572,-0.013508493465273197,296.11
US.QQQM,Invesco NASDAQ 100 ETF,2026-09-04 16:05:00,296.07,295.851,296.07,295.851,0.0,0.0,9646.0,2854314.385,-0.07396899381902729,296.07
US.QQQM,Invesco NASDAQ 100 ETF,2026-09-04 16:10:00,295.851,295.73,295.851,295.6672,0.0,0.0,2987.0,883471.922,-0.04089896603357125,295.851
US.QQQM,Invesco NASDAQ 100 ETF,2026-09-04 16:15:00,295.73,295.75,295.75,295.73,0.0,0.0,107273.0,31765276.962,0.006762925641626418,295.73
US.QQQM,Invesco NASDAQ 100 ETF,2026-09-04 16:20:00,295.75,295.75,295.75,295.75,0.0,0.0,74.0,22094.944,0.0,295.75
US.QQQM,Invesco NASDAQ 100 ETF,2026-09-04 16:25:00,295.75,295.67,295.75,295.67,0.0,0.0,490.0,145056.218,-0.02704987320371398,295.75
US.QQQM,Invesco NASDAQ 100 ETF,2026-09-04 16:30:00,295.67,295.68,295.68,295.67,0.0,0.0,396.0,117399.04,0.003382149017482634,295.67
US.QQQM,Invesco NASDAQ 100 ETF,2026-09-04 16:35:00,295.68,295.5438,295.68,295.5438,0.0,0.0,5510.0,1628755.676,-0.04606331168832208,295.68
US.QQQM,Invesco NASDAQ 100 ETF,2026-09-04 16:40:00,295.5438,295.571,295.571,295.5438,0.0,0.0,245.0,72416.639,0.009203373577808194,295.5438
US.QQQM,Invesco NASDAQ 100 ETF,2026-09-04 16:45:00,295.571,295.64,295.64,295.571,0.0,0.0,540.0,159642.434,0.023344644772308507,295.571
US.QQQM,Invesco NASDAQ 100 ETF,2026-09-04 16:50:00,295.64,295.64,295.64,295.64,0.0,0.0,726.0,214636.096,0.0,295.64
US.QQQM,Invesco NASDAQ 100 ETF,2026-09-04 16:55:00,295.64,295.62,295.64,295.62,0.0,0.0,595.0,175895.384,-0.0067649844405296335,295.64
US.QQQM,Invesco NASDAQ 100 ETF,2026-09-04 17:00:00,295.62,295.63,295.63,295.62,0.0,0.0,350.0,103476.768,0.003382721060818248,295.62
US.QQQM,Invesco NASDAQ 100 ETF,2026-09-04 17:05:00,295.63,295.63,295.63,295.63,0.0,0.0,108.0,31932.5,0.0,295.63
US.QQQM,Invesco NASDAQ 100 ETF,2026-09-04 17:10:00,295.63,295.63,295.63,295.63,0.0,0.0,245.0,72441.04,0.0,295.63
US.QQQM,Invesco NASDAQ 100 ETF,2026-09-04 17:15:00,295.63,295.72,295.72,295.63,0.0,0.0,668.0,197537.074,0.030443459730078757,295.63
US.QQQM,Invesco NASDAQ 100 ETF,2026-09-04 17:20:00,295.72,295.72,295.72,295.72,0.0,0.0,9859.0,2918899.59,0.0,295.72
US.QQQM,Invesco NASDAQ 100 ETF,2026-09-04 17:25:00,295.72,295.72,295.72,295.72,0.0,0.0,125.0,36975.35,0.0,295.72
US.QQQM,Invesco NASDAQ 100 ETF,2026-09-04 17:30:00,295.72,295.72,295.72,295.72,0.0,0.0,208.0,61510.374,0.0,295.72
US.QQQM,Invesco NASDAQ 100 ETF,2026-09-04 17:35:00,295.72,295.72,295.72,295.72,0.0,0.0,135.0,39934.97,0.0,295.72
US.QQQM,Invesco NASDAQ 100 ETF,2026-09-04 17:40:00,295.72,295.7958,295.7958,295.66,0.0,0.0,792.0,234253.857,0.025632354930325424,295.72
US.QQQM,Invesco NASDAQ 100 ETF,2026-09-04 17:45:00,295.7958,295.7958,295.7958,295.7958,0.0,0.0,28.0,8281.01,0.0,295.7958
US.QQQM,Invesco NASDAQ 100 ETF,2026-09-04 17:50:00,295.7958,295.7958,295.7958,295.7958,0.0,0.0,455.0,134710.544,0.0,295.7958
US.QQQM,Invesco NASDAQ 100 ETF,2026-09-04 17:55:00,295.7958,295.7958,295.7958,295.7958,0.0,0.0,63.0,18630.76,0.0,295.7958
US.QQQM,Invesco NASDAQ 100 ETF,2026-09-04 18:00:00,295.7958,295.7958,295.7958,295.7958,0.0,0.0,73.0,21592.005,0.0,295.7958
US.QQQM,Invesco NASDAQ 100 ETF,2026-09-04 18:05:00,295.7958,295.7958,295.7958,295.7958,0.0,0.0,18.0,5323.64,0.0,295.7958
US.QQQM,Invesco NASDAQ 100 ETF,2026-09-04 18:10:00,295.7958,295.72,295.7958,295.72,0.0,0.0,780.0,230671.85,-0.025625786437792,295.7958
US.QQQM,Invesco NASDAQ 100 ETF,2026-09-04 18:15:00,295.72,295.69,295.72,295.69,0.0,0.0,401.0,118575.147,-0.010144731502782887,295.72
US.QQQM,Invesco NASDAQ 100 ETF,2026-09-04 18:20:00,295.69,295.69,295.69,295.69,0.0,0.0,39.0,11530.41,0.0,295.69
US.QQQM,Invesco NASDAQ 100 ETF,2026-09-04 18:25:00,295.69,295.63,295.69,295.63,0.0,0.0,1354.0,400554.327,-0.020291521525923187,295.69
US.QQQM,Invesco NASDAQ 100 ETF,2026-09-04 18:30:00,295.63,295.61,295.63,295.61,0.0,0.0,520.0,153755.293,-0.00676521327334229,295.63
US.QQQM,Invesco NASDAQ 100 ETF,2026-09-04 18:35:00,295.61,295.61,295.61,295.61,0.0,0.0,50.0,14787.588,0.0,295.61
US.QQQM,Invesco NASDAQ 100 ETF,2026-09-04 18:40:00,295.61,295.77,295.77,295.61,0.0,0.0,225.0,66559.96,0.05412536788334906,295.61
US.QQQM,Invesco NASDAQ 100 ETF,2026-09-04 18:45:00,295.77,295.77,295.77,295.77,0.0,0.0,64.0,18930.03,0.0,295.77
US.QQQM,Invesco NASDAQ 100 ETF,2026-09-04 18:50:00,295.77,295.77,295.77,295.77,0.0,0.0,48.0,14231.161,0.0,295.77
US.QQQM,Invesco NASDAQ 100 ETF,2026-09-04 18:55:00,295.77,295.79,295.79,295.77,0.0,0.0,332.0,98198.26,0.006762011022091036,295.77
US.QQQM,Invesco NASDAQ 100 ETF,2026-09-04 19:00:00,295.79,295.79,295.79,295.79,0.0,0.0,64.0,18928.32,0.0,295.79
US.QQQM,Invesco NASDAQ 100 ETF,2026-09-04 19:05:00,295.79,295.77,295.79,295.77,0.0,0.0,321.0,94939.93,-0.006761553805077471,295.79
US.QQQM,Invesco NASDAQ 100 ETF,2026-09-04 19:10:00,295.77,295.78,295.78,295.77,0.0,0.0,267.0,78972.64,0.0033810055110359083,295.77
US.QQQM,Invesco NASDAQ 100 ETF,2026-09-04 19:15:00,295.78,295.76,295.78,295.76,0.0,0.0,159.0,47024.66,-0.0067617824058360315,295.78
US.QQQM,Invesco NASDAQ 100 ETF,2026-09-04 19:20:00,295.76,295.5418,295.76,295.5418,0.0,0.0,156.0,46105.89,-0.07377603462265606,295.76
US.QQQM,Invesco NASDAQ 100 ETF,2026-09-04 19:25:00,295.5418,295.5418,295.5418,295.5418,0.0,0.0,50.0,14784.374,0.0,295.5418
US.QQQM,Invesco NASDAQ 100 ETF,2026-09-04 19:30:00,295.5418,295.5418,295.5418,295.5418,0.0,0.0,24.0,7097.06,0.0,295.5418
US.QQQM,Invesco NASDAQ 100 ETF,2026-09-04 19:35:00,295.5418,295.59,295.6,295.5418,0.0,0.0,357.0,105596.402,0.016309029720990943,295.5418
US.QQQM,Invesco NASDAQ 100 ETF,2026-09-04 19:40:00,295.59,295.59,295.59,295.59,0.0,0.0,384.0,113666.293,0.0,295.59
US.QQQM,Invesco NASDAQ 100 ETF,2026-09-04 19:45:00,295.59,295.59,295.59,295.59,0.0,0.0,167.0,49335.67,0.0,295.59
US.QQQM,Invesco NASDAQ 100 ETF,2026-09-04 19:50:00,295.59,295.75,295.75,295.59,0.0,0.0,1765.0,521880.76,0.05412903007545081,295.59
US.QQQM,Invesco NASDAQ 100 ETF,2026-09-04 19:55:00,295.75,295.75,295.75,295.75,0.0,0.0,502.0,148408.448,0.0,295.75
US.QQQM,Invesco NASDAQ 100 ETF,2026-09-04 20:00:00,295.75,295.51,295.75,295.51,0.0,0.0,1162.0,343563.216,-0.08114961961116116,295.75
US.QQQM,Invesco NASDAQ 100 ETF,2026-09-08 04:05:00,296.07,295.26,296.07,295.26,0.0,0.0,45852.0,13610090.544,-0.08459950593888532,295.51
US.QQQM,Invesco NASDAQ 100 ETF,2026-09-08 04:10:00,295.26,295.4,295.65,295.26,0.0,0.0,1779.0,525793.298,0.047415836889516484,295.26
US.QQQM,Invesco NASDAQ 100 ETF,2026-09-08 04:15:00,295.4,295.2,295.4,295.2,0.0,0.0,1807.0,533672.91,-0.0677048070412961,295.4
US.QQQM,Invesco NASDAQ 100 ETF,2026-09-08 04:20:00,295.55,295.6157,295.65,295.54,0.0,0.0,1893.0,559583.15,0.14081978319783717,295.2
US.QQQM,Invesco NASDAQ 100 ETF,2026-09-08 04:25:00,295.6157,295.47,295.6157,295.47,0.0,0.0,1331.0,393395.076,-0.04928696276956082,295.6157
US.QQQM,Invesco NASDAQ 100 ETF,2026-09-08 04:30:00,295.47,295.41,295.6,295.41,0.0,0.0,857.0,253461.11,-0.02030663011473323,295.47
US.QQQM,Invesco NASDAQ 100 ETF,2026-09-08 04:35:00,295.41,295.59,295.59,295.34,0.0,0.0,6901.0,2038712.606,0.060932263633577045,295.41
US.QQQM,Invesco NASDAQ 100 ETF,2026-09-08 04:40:00,295.59,295.4,295.59,295.38,0.0,0.0,471.0,139307.848,-0.06427822321458701,295.59
US.QQQM,Invesco NASDAQ 100 ETF,2026-09-08 04:45:00,295.4,295.4,295.4,295.4,0.0,0.0,528.0,155972.695,0.0,295.4
US.QQQM,Invesco NASDAQ 100 ETF,2026-09-08 04:50:00,295.4,295.41,295.58,295.4,0.0,0.0,776.0,229468.794,0.0033852403520811605,295.4
US.QQQM,Invesco NASDAQ 100 ETF,2026-09-08 04:55:00,295.41,295.321,295.52,295.321,0.0,0.0,785.0,232149.155,-0.03012761924105434,295.41
US.QQQM,Invesco NASDAQ 100 ETF,2026-09-08 05:00:00,295.321,295.321,295.321,295.321,0.0,0.0,277.0,81867.2,0.0,295.321
US.QQQM,Invesco NASDAQ 100 ETF,2026-09-08 05:05:00,295.321,295.321,295.321,295.321,0.0,0.0,363.0,107251.768,0.0,295.321
US.QQQM,Invesco NASDAQ 100 ETF,2026-09-08 05:10:00,295.321,295.62,295.65,295.321,0.0,0.0,1159.0,342772.501,0.10124576308490699,295.321
US.QQQM,Invesco NASDAQ 100 ETF,2026-09-08 05:15:00,295.62,295.7968,295.7968,295.62,0.0,0.0,294.0,86962.107,0.059806508355325846,295.62
US.QQQM,Invesco NASDAQ 100 ETF,2026-09-08 05:20:00,295.7968,295.766,295.7968,295.766,0.0,0.0,397.0,117424.72,-0.010412553482660824,295.7968
US.QQQM,Invesco NASDAQ 100 ETF,2026-09-08 05:25:00,295.766,295.766,295.766,295.766,0.0,0.0,146.0,43177.174,0.0,295.766
US.QQQM,Invesco NASDAQ 100 ETF,2026-09-08 05:30:00,295.766,295.779,295.779,295.766,0.0,0.0,201.0,59466.688,0.004395366607377727,295.766
US.QQQM,Invesco NASDAQ 100 ETF,2026-09-08 05:35:00,295.779,295.779,295.779,295.779,0.0,0.0,186.0,55054.01,0.0,295.779
US.QQQM,Invesco NASDAQ 100 ETF,2026-09-08 05:40:00,295.779,296.11,296.11,295.779,0.0,0.0,1053.0,311772.005,0.11190787716505136,295.779
US.QQQM,Invesco NASDAQ 100 ETF,2026-09-08 05:45:00,296.11,296.11,296.11,296.11,0.0,0.0,68.0,20320.453,0.0,296.11
US.QQQM,Invesco NASDAQ 100 ETF,2026-09-08 05:50:00,296.11,296.11,296.11,296.11,0.0,0.0,265.0,78578.382,0.0,296.11
US.QQQM,Invesco NASDAQ 100 ETF,2026-09-08 05:55:00,296.11,296.2558,296.2558,296.11,0.0,0.0,191.0,56587.509,0.049238458680898434,296.11
US.QQQM,Invesco NASDAQ 100 ETF,2026-09-08 06:00:00,296.2558,296.2558,296.2558,296.2558,0.0,0.0,134.0,39703.669,0.0,296.2558
US.QQQM,Invesco NASDAQ 100 ETF,2026-09-08 06:05:00,296.2558,296.26,296.27,296.25,0.0,0.0,1303.0,386282.595,0.001417693763284599,296.2558
US.QQQM,Invesco NASDAQ 100 ETF,2026-09-08 06:10:00,296.26,296.26,296.26,296.26,0.0,0.0,98.0,29033.169,0.0,296.26
US.QQQM,Invesco NASDAQ 100 ETF,2026-09-08 06:15:00,296.26,296.26,296.26,296.26,0.0,0.0,214.0,63513.776,0.0,296.26
US.QQQM,Invesco NASDAQ 100 ETF,2026-09-08 06:20:00,296.26,296.26,296.26,296.26,0.0,0.0,93.0,27791.139,0.0,296.26
US.QQQM,Invesco NASDAQ 100 ETF,2026-09-08 06:25:00,296.26,296.54,296.85,296.26,0.0,0.0,5491.0,1628862.576,0.09451157766827435,296.26
US.QQQM,Invesco NASDAQ 100 ETF,2026-09-08 06:30:00,296.54,296.54,296.54,296.54,0.0,0.0,195.0,57950.112,0.0,296.54
US.QQQM,Invesco NASDAQ 100 ETF,2026-09-08 06:35:00,296.54,296.3,296.54,296.3,0.0,0.0,401.0,118840.638,-0.08093343225197581,296.54
US.QQQM,Invesco NASDAQ 100 ETF,2026-09-08 06:40:00,296.3,296.3,296.3,296.3,0.0,0.0,185.0,54812.19,0.0,296.3
US.QQQM,Invesco NASDAQ 100 ETF,2026-09-08 06:45:00,296.3,296.3,296.3,296.3,0.0,0.0,240.0,71308.205,0.0,296.3
US.QQQM,Invesco NASDAQ 100 ETF,2026-09-08 06:50:00,296.3,296.11,296.3,296.11,0.0,0.0,404.0,119785.39,-0.06412419844751864,296.3
US.QQQM,Invesco NASDAQ 100 ETF,2026-09-08 06:55:00,296.11,295.97,296.11,295.94,0.0,0.0,2041.0,604261.36,-0.047279727128427394,296.11
US.QQQM,Invesco NASDAQ 100 ETF,2026-09-08 07:00:00,295.97,296.11,296.12,295.97,0.0,0.0,769.0,228000.995,0.047302091428180676,295.97
US.QQQM,Invesco NASDAQ 100 ETF,2026-09-08 07:05:00,296.11,296.09,296.11,296.01,0.0,0.0,2209.0,654226.705,-0.0067542467326461965,296.11
US.QQQM,Invesco NASDAQ 100 ETF,2026-09-08 07:10:00,296.09,295.9,296.09,295.89,0.0,0.0,2097.0,620853.02,-0.0641696781384031,296.09
US.QQQM,Invesco NASDAQ 100 ETF,2026-09-08 07:15:00,295.9,295.9,295.9,295.9,0.0,0.0,271.0,80368.459,0.0,295.9
US.QQQM,Invesco NASDAQ 100 ETF,2026-09-08 07:20:00,295.9,296.1,296.1,295.9,0.0,0.0,992.0,293839.383,0.06759040216290824,295.9
US.QQQM,Invesco NASDAQ 100 ETF,2026-09-08 07:25:00,296.1,296.0,296.1,296.0,0.0,0.0,610.0,180838.36,-0.03377237419791379,296.1
US.QQQM,Invesco NASDAQ 100 ETF,2026-09-08 07:30:00,296.0,296.0,296.08,296.0,0.0,0.0,1176.0,348353.795,0.0,296.0
US.QQQM,Invesco NASDAQ 100 ETF,2026-09-08 07:35:00,296.0,296.001,296.001,296.0,0.0,0.0,334.0,98905.157,0.000337837837829849,296.0
US.QQQM,Invesco NASDAQ 100 ETF,2026-09-08 07:40:00,296.001,296.001,296.001,296.001,0.0,0.0,419.0,124337.658,0.0,296.001
US.QQQM,Invesco NASDAQ 100 ETF,2026-09-08 07:45:00,296.001,295.95,296.001,295.95,0.0,0.0,693.0,205101.445,-0.017229671521375847,296.001
US.QQQM,Invesco NASDAQ 100 ETF,2026-09-08 07:50:00,295.95,295.87,295.95,295.85,0.0,0.0,3233.0,956602.057,-0.027031593174517345,295.95
US.QQQM,Invesco NASDAQ 100 ETF,2026-09-08 07:55:00,295.87,295.94,295.94,295.87,0.0,0.0,774.0,229282.015,0.02365903944299631,295.87
US.QQQM,Invesco NASDAQ 100 ETF,2026-09-08 08:00:00,295.94,296.2962,296.32,295.94,0.0,0.0,1495.0,442957.286,0.12036223558829533,295.94
US.QQQM,Invesco NASDAQ 100 ETF,2026-09-08 08:05:00,296.2962,296.2,296.34,296.2,0.0,0.0,1401.0,415171.54,-0.0324675105519444,296.2962
US.QQQM,Invesco NASDAQ 100 ETF,2026-09-08 08:10:00,296.2,296.15,296.2,296.15,0.0,0.0,688.0,203971.878,-0.01688048615800519,296.2
US.QQQM,Invesco NASDAQ 100 ETF,2026-09-08 08:15:00,296.15,296.15,296.15,296.15,0.0,0.0,545.0,161413.903,0.0,296.15
US.QQQM,Invesco NASDAQ 100 ETF,2026-09-08 08:20:00,296.15,296.16,296.16,295.9293,0.0,0.0,10233.0,3029066.581,0.0033766672294606617,296.15
US.QQQM,Invesco NASDAQ 100 ETF,2026-09-08 08:25:00,296.16,296.07,296.22,296.07,0.0,0.0,1697.0,502807.626,-0.030388978930318687,296.16
US.QQQM,Invesco NASDAQ 100 ETF,2026-09-08 08:30:00,296.07,296.28,296.28,296.07,0.0,0.0,526.0,155993.463,0.07092917215522665,296.07
US.QQQM,Invesco NASDAQ 100 ETF,2026-09-08 08:35:00,296.28,296.61,296.61,296.28,0.0,0.0,2306.0,683692.353,0.11138112596194172,296.28
US.QQQM,Invesco NASDAQ 100 ETF,2026-09-08 08:40:00,296.61,296.57,296.61,296.57,0.0,0.0,1094.0,324456.554,-0.013485721991848037,296.61
US.QQQM,Invesco NASDAQ 100 ETF,2026-09-08 08:45:00,296.57,296.46,296.57,296.46,0.0,0.0,719.0,213284.92,-0.03709073743130244,296.57
US.QQQM,Invesco NASDAQ 100 ETF,2026-09-08 08:50:00,296.46,296.63,296.63,296.46,0.0,0.0,959.0,284417.561,0.057343317816911536,296.46
US.QQQM,Invesco NASDAQ 100 ETF,2026-09-08 08:55:00,296.63,296.62,296.63,296.62,0.0,0.0,987.0,292863.479,-0.0033712031824127383,296.63
US.QQQM,Invesco NASDAQ 100 ETF,2026-09-08 09:00:00,296.62,296.82,296.83,296.62,0.0,0.0,1112.0,330159.56,0.06742633672712178,296.62
US.QQQM,Invesco NASDAQ 100 ETF,2026-09-08 09:05:00,296.82,296.78,296.82,296.761,0.0,0.0,1065.0,316084.177,-0.013476180850353906,296.82
US.QQQM,Invesco NASDAQ 100 ETF,2026-09-08 09:10:00,296.78,296.87,296.88,296.78,0.0,0.0,1416.0,420485.65,0.030325493631657065,296.78
US.QQQM,Invesco NASDAQ 100 ETF,2026-09-08 09:15:00,296.87,296.96,296.9621,296.87,0.0,0.0,1391.0,413176.845,0.030316300063992656,296.87
US.QQQM,Invesco NASDAQ 100 ETF,2026-09-08 09:20:00,296.96,297.03,297.03,296.92,0.0,0.0,5097.0,1513825.607,0.023572198275859775,296.96
US.QQQM,Invesco NASDAQ 100 ETF,2026-09-08 09:25:00,297.03,297.0,297.03,296.9759,0.0,0.0,1837.0,545720.289,-0.010099989900000914,297.03
US.QQQM,Invesco NASDAQ 100 ETF,2026-09-08 09:30:00,296.95,296.82,296.96,296.75,0.0,0.0,15821.0,4696595.111,-0.060606060606062905,297.0
US.QQQM,Invesco NASDAQ 100 ETF,2026-09-08 09:35:00,296.84,296.41,297.22,296.15,0.0,0.0,147024.0,43624151.456,-0.13813085371604614,296.82
US.QQQM,Invesco NASDAQ 100 ETF,2026-09-08 09:40:00,296.42,296.1,296.47,296.0,0.0,0.0,58533.0,17337511.409,-0.10458486555784292,296.41
US.QQQM,Invesco NASDAQ 100 ETF,2026-09-08 09:45:00,296.1,295.07,296.11,295.07,0.0,0.0,48837.0,14437999.071,-0.3478554542384429,296.1
US.QQQM,Invesco NASDAQ 100 ETF,2026-09-08 09:50:00,295.11,295.6148,295.6148,295.09,0.0,0.0,30896.0,9127062.935,0.18463415460738444,295.07
US.QQQM,Invesco NASDAQ 100 ETF,2026-09-08 09:55:00,295.58,295.26,295.58,294.93,0.0,0.0,50581.0,14931904.609,-0.12002105442623698,295.6148
US.QQQM,Invesco NASDAQ 100 ETF,2026-09-08 10:00:00,295.38,295.41,295.75,295.3,0.0,0.0,98541.0,29122906.002,0.050802682381641304,295.26
US.QQQM,Invesco NASDAQ 100 ETF,2026-09-08 10:05:00,295.401,295.16,295.49,294.76,0.0,0.0,37676.0,11118584.887,-0.0846281439355472,295.41
US.QQQM,Invesco NASDAQ 100 ETF,2026-09-08 10:10:00,295.16,294.92,295.25,294.92,0.0,0.0,33359.0,9843035.077,-0.08131183087139486,295.16
US.QQQM,Invesco NASDAQ 100 ETF,2026-09-08 10:15:00,294.91,295.03,295.1,294.66,0.0,0.0,61343.0,18094110.791,0.03729825037296785,294.92
US.QQQM,Invesco NASDAQ 100 ETF,2026-09-08 10:20:00,295.07,295.19,295.31,295.0,0.0,0.0,21961.0,6481708.08,0.05423177304003832,295.03
US.QQQM,Invesco NASDAQ 100 ETF,2026-09-08 10:25:00,295.2199,295.61,295.61,295.2196,0.0,0.0,16172.0,4778297.555,0.14228124258952402,295.19
US.QQQM,Invesco NASDAQ 100 ETF,2026-09-08 10:30:00,295.575,295.55,295.58,295.26,0.0,0.0,18207.0,5379319.621,-0.020297012956260706,295.61
US.QQQM,Invesco NASDAQ 100 ETF,2026-09-08 10:35:00,295.56,295.54,295.58,295.3199,0.0,0.0,21080.0,6228022.904,-0.0033835222466556945,295.55
US.QQQM,Invesco NASDAQ 100 ETF,2026-09-08 10:40:00,295.59,295.4501,295.5995,295.37,0.0,0.0,19465.0,5751675.38,-0.030418894227515765,295.54
US.QQQM,Invesco NASDAQ 100 ETF,2026-09-08 10:45:00,295.44,295.69,295.77,295.425,0.0,0.0,17005.0,5026487.489,0.08119814479669404,295.4501
US.QQQM,Invesco NASDAQ 100 ETF,2026-09-08 10:50:00,295.692,295.64,295.7069,295.52,0.0,0.0,14766.0,4365059.871,-0.01690960127160586,295.69
US.QQQM,Invesco NASDAQ 100 ETF,2026-09-08 10:55:00,295.64,295.845681,295.89,295.64,0.0,0.0,16481.0,4874948.935,0.06957143823570114,295.64
US.QQQM,Invesco NASDAQ 100 ETF,2026-09-08 11:00:00,295.93,296.03,296.03,295.8,0.0,0.0,19731.0,5839158.806,0.062302413669496653,295.845681
US.QQQM,Invesco NASDAQ 100 ETF,2026-09-08 11:05:00,296.04,296.01,296.06,295.89,0.0,0.0,17476.0,5173010.327,-0.0067560720197215865,296.03
US.QQQM,Invesco NASDAQ 100 ETF,2026-09-08 11:10:00,296.03,295.9,296.06,295.86,0.0,0.0,25933.0,7675905.015,-0.03716090672612873,296.01
US.QQQM,Invesco NASDAQ 100 ETF,2026-09-08 11:15:00,295.96,296.44,296.48,295.96,0.0,0.0,16580.0,4912460.57,0.18249408583981766,295.9
US.QQQM,Invesco NASDAQ 100 ETF,2026-09-08 11:20:00,296.3999,296.59,296.64,296.3652,0.0,0.0,29810.0,8839972.227,0.050600458777485244,296.44
US.QQQM,Invesco NASDAQ 100 ETF,2026-09-08 11:25:00,296.58,296.58,296.58,296.22,0.0,0.0,19907.0,5901440.599,-0.0033716578441589083,296.59
US.QQQM,Invesco NASDAQ 100 ETF,2026-09-08 11:30:00,296.58,296.5299,296.76,296.48,0.0,0.0,47332.0,14038149.493,-0.016892575359089036,296.58
US.QQQM,Invesco NASDAQ 100 ETF,2026-09-08 11:35:00,296.49,296.47,296.609,296.4107,0.0,0.0,16859.0,4998460.897,-0.020200323812192472,296.5299
US.QQQM,Invesco NASDAQ 100 ETF,2026-09-08 11:40:00,296.5,296.52,296.52,296.36,0.0,0.0,38241.0,11335226.557,0.016865112827589474,296.47
US.QQQM,Invesco NASDAQ 100 ETF,2026-09-08 11:45:00,296.5,296.78,296.835,296.47,0.0,0.0,24094.0,7148800.958,0.08768379873195431,296.52
US.QQQM,Invesco NASDAQ 100 ETF,2026-09-08 11:50:00,296.83,296.49,296.83,296.47,0.0,0.0,13938.0,4134785.561,-0.09771547947973705,296.78
US.QQQM,Invesco NASDAQ 100 ETF,2026-09-08 11:55:00,296.5299,296.54,296.64,296.48,0.0,0.0,29571.0,8769928.555,0.016863975176232376,296.49
US.QQQM,Invesco NASDAQ 100 ETF,2026-09-08 12:00:00,296.539,296.43,296.59,296.4,0.0,0.0,15735.0,4665139.551,-0.03709448978215878,296.54
US.QQQM,Invesco NASDAQ 100 ETF,2026-09-08 12:05:00,296.4501,296.45,296.47,296.38,0.0,0.0,16760.0,4968399.693,0.006746955436353206,296.43
US.QQQM,Invesco NASDAQ 100 ETF,2026-09-08 12:10:00,296.565,296.2917,296.595,296.2916,0.0,0.0,14249.0,4224257.087,-0.053398549502444596,296.45
US.QQQM,Invesco NASDAQ 100 ETF,2026-09-08 12:15:00,296.31,296.305,296.34,296.18,0.0,0.0,11554.0,3423153.6,0.00448881963281968,296.2917
US.QQQM,Invesco NASDAQ 100 ETF,2026-09-08 12:20:00,296.26,296.11,296.26,296.1,0.0,0.0,18121.0,5366577.116,-0.06581056681459752,296.305
US.QQQM,Invesco NASDAQ 100 ETF,2026-09-08 12:25:00,296.1,296.29,296.29,296.07,0.0,0.0,17202.0,5095371.351,0.060788220593700586,296.11
US.QQQM,Invesco NASDAQ 100 ETF,2026-09-08 12:30:00,296.31,296.09,296.44,296.08,0.0,0.0,16440.0,4870108.944,-0.06750143440549645,296.29
US.QQQM,Invesco NASDAQ 100 ETF,2026-09-08 12:35:00,296.08,296.15,296.23,296.02,0.0,0.0,30733.0,9100640.746,0.020264108885812517,296.09
US.QQQM,Invesco NASDAQ 100 ETF,2026-09-08 12:40:00,296.169,296.16,296.22,296.1,0.0,0.0,26879.0,7960595.249,0.0033766672294606617,296.15
US.QQQM,Invesco NASDAQ 100 ETF,2026-09-08 12:45:00,296.1787,296.155,296.22,296.0851,0.0,0.0,19262.0,5704757.266,-0.001688276607256988,296.16
US.QQQM,Invesco NASDAQ 100 ETF,2026-09-08 12:50:00,296.1599,296.3,296.34,296.11,0.0,0.0,36163.0,10711680.64,0.04896084820450057,296.155
US.QQQM,Invesco NASDAQ 100 ETF,2026-09-08 12:55:00,296.29,296.355,296.47,296.24,0.0,0.0,55010.0,16303290.583,0.018562267971652655,296.3
US.QQQM,Invesco NASDAQ 100 ETF,2026-09-08 13:00:00,296.37,296.14,296.37,295.94,0.0,0.0,103635.0,30697114.92,-0.07254812640246724,296.355
US.QQQM,Invesco NASDAQ 100 ETF,2026-09-08 13:05:00,296.16,296.6783,296.6783,296.16,0.0,0.0,12391.0,3673693.223,0.18177213480110505,296.14
US.QQQM,Invesco NASDAQ 100 ETF,2026-09-08 13:10:00,296.68,296.61,296.8,296.59,0.0,0.0,8268.0,2453098.279,-0.023021569154186596,296.6783
US.QQQM,Invesco NASDAQ 100 ETF,2026-09-08 13:15:00,296.62,296.67,296.72,296.61,0.0,0.0,15227.0,4517378.402,0.020228582987762474,296.61
US.QQQM,Invesco NASDAQ 100 ETF,2026-09-08 13:20:00,296.71,296.68,296.7352,296.64,0.0,0.0,14203.0,4213997.874,0.0033707486432706054,296.67
US.QQQM,Invesco NASDAQ 100 ETF,2026-09-08 13:25:00,296.68,296.63,296.68,296.535,0.0,0.0,14700.0,4360155.418,-0.016853175138199866,296.68
US.QQQM,Invesco NASDAQ 100 ETF,2026-09-08 13:30:00,296.63,296.57,296.63,296.4801,0.0,0.0,10339.0,3066184.236,-0.020227219094495593,296.63
US.QQQM,Invesco NASDAQ 100 ETF,2026-09-08 13:35:00,296.58,296.7,296.7201,296.56,0.0,0.0,19106.0,5667775.687,0.04383450787335046,296.57
US.QQQM,Invesco NASDAQ 100 ETF,2026-09-08 13:40:00,296.7099,296.6123,296.72,296.6123,0.0,0.0,10235.0,3036687.735,-0.02955847657566023,296.7
US.QQQM,Invesco NASDAQ 100 ETF,2026-09-08 13:45:00,296.59,296.41,296.59,296.41,0.0,0.0,20402.0,6049047.594,-0.06820351010392345,296.6123
US.QQQM,Invesco NASDAQ 100 ETF,2026-09-08 13:50:00,296.41,296.46,296.51,296.41,0.0,0.0,10298.0,3053040.224,0.016868526702862426,296.41
US.QQQM,Invesco NASDAQ 100 ETF,2026-09-08 13:55:00,296.465,296.479,296.52,296.37,0.0,0.0,35589.0,10550353.372,0.006408959050126647,296.46
US.QQQM,Invesco NASDAQ 100 ETF,2026-09-08 14:00:00,296.479,296.33,296.479,296.33,0.0,0.0,9750.0,2889956.787,-0.05025651057916443,296.479
US.QQQM,Invesco NASDAQ 100 ETF,2026-09-08 14:05:00,296.36,296.355,296.37,296.295,0.0,0.0,14754.0,4372295.24,0.008436540343547433,296.33
US.QQQM,Invesco NASDAQ 100 ETF,2026-09-08 14:10:00,296.389,296.4787,296.49,296.389,0.0,0.0,10833.0,3211645.822,0.04174048016736187,296.355
US.QQQM,Invesco NASDAQ 100 ETF,2026-09-08 14:15:00,296.49,296.43,296.525,296.42,0.0,0.0,7728.0,2291553.826,-0.01642613786420294,296.4787
US.QQQM,Invesco NASDAQ 100 ETF,2026-09-08 14:20:00,296.47,296.48,296.5523,296.46,0.0,0.0,12680.0,3759606.862,0.016867388590902192,296.43
US.QQQM,Invesco NASDAQ 100 ETF,2026-09-08 14:25:00,296.51,296.325,296.53,296.32,0.0,0.0,11202.0,3320642.512,-0.05228008634647516,296.48
US.QQQM,Invesco NASDAQ 100 ETF,2026-09-08 14:30:00,296.32,296.375,296.38,296.31,0.0,0.0,11781.0,3491487.604,0.016873365392731418,296.325
US.QQQM,Invesco NASDAQ 100 ETF,2026-09-08 14:35:00,296.38,296.33,296.4,296.33,0.0,0.0,14610.0,4329988.439,-0.015183466891612287,296.375
US.QQQM,Invesco NASDAQ 100 ETF,2026-09-08 14:40:00,296.31,296.26,296.379,296.24,0.0,0.0,16395.0,4857697.52,-0.023622312961898283,296.33
US.QQQM,Invesco NASDAQ 100 ETF,2026-09-08 14:45:00,296.23,296.4152,296.4398,296.19,0.0,0.0,9236.0,2736775.835,0.0523864173361359,296.26
US.QQQM,Invesco NASDAQ 100 ETF,2026-09-08 14:50:00,296.4502,295.88,296.5,295.62,0.0,0.0,59634.0,17664261.202,-0.18055754225830242,296.4152
US.QQQM,Invesco NASDAQ 100 ETF,2026-09-08 14:55:00,295.95,296.18,296.18,295.77,0.0,0.0,13966.0,4134450.459,0.10139245640124758,295.88
US.QQQM,Invesco NASDAQ 100 ETF,2026-09-08 15:00:00,296.15,296.16,296.25,296.115,0.0,0.0,10764.0,3188160.441,-0.006752650415281859,296.18
US.QQQM,Invesco NASDAQ 100 ETF,2026-09-08 15:05:00,296.19,296.11,296.225,296.0201,0.0,0.0,16249.0,4811911.531,-0.016882766072397137,296.16
US.QQQM,Invesco NASDAQ 100 ETF,2026-09-08 15:10:00,296.09,296.105,296.24,296.08,0.0,0.0,17439.0,5164658.351,-0.0016885616831567498,296.11
US.QQQM,Invesco NASDAQ 100 ETF,2026-09-08 15:15:00,296.08,296.12,296.19,296.07,0.0,0.0,12443.0,3684935.911,0.005065770588131358,296.105
US.QQQM,Invesco NASDAQ 100 ETF,2026-09-08 15:20:00,296.15,296.03,296.19,296.0,0.0,0.0,18443.0,5460589.178,-0.030393083884922272,296.12
US.QQQM,Invesco NASDAQ 100 ETF,2026-09-08 15:25:00,295.97,295.9,296.07,295.88,0.0,0.0,10362.0,3067165.153,-0.04391446812822871,296.03
US.QQQM,Invesco NASDAQ 100 ETF,2026-09-08 15:30:00,295.91,296.0299,296.07,295.85,0.0,0.0,14159.0,4190864.793,0.043899966204805865,295.9
US.QQQM,Invesco NASDAQ 100 ETF,2026-09-08 15:35:00,296.02,296.03,296.05,295.875807,0.0,0.0,11323.0,3351348.572,3.378037150129022e-05,296.0299
US.QQQM,Invesco NASDAQ 100 ETF,2026-09-08 15:40:00,296.04,295.93,296.04,295.9001,0.0,0.0,13601.0,4025186.509,-0.03378036009862714,296.03
US.QQQM,Invesco NASDAQ 100 ETF,2026-09-08 15:45:00,295.94,295.875,295.98,295.82,0.0,0.0,32824.0,9713515.685,-0.018585476295072085,295.93
US.QQQM,Invesco NASDAQ 100 ETF,2026-09-08 15:50:00,295.88,295.81,295.905,295.64,0.0,0.0,37914.0,11213203.468,-0.021968736797633368,295.875
US.QQQM,Invesco NASDAQ 100 ETF,2026-09-08 15:55:00,295.83,295.45,295.86,295.33,0.0,0.0,113787.0,33632839.255,-0.12169973969778358,295.81
US.QQQM,Invesco NASDAQ 100 ETF,2026-09-08 16:00:00,295.46,295.76,295.81,295.41,0.0,0.0,157958.0,46701179.625,0.10492469114909536,295.45
US.QQQM,Invesco NASDAQ 100 ETF,2026-09-08 16:05:00,295.76,295.6739,295.76,295.6739,0.0,0.0,44361.0,13121225.195,-0.029111441709490003,295.76
US.QQQM,Invesco NASDAQ 100 ETF,2026-09-08 16:10:00,295.6739,295.52,295.6739,295.52,0.0,0.0,502.0,148649.611,-0.05205058681203226,295.6739
US.QQQM,Invesco NASDAQ 100 ETF,2026-09-08 16:15:00,295.52,295.52,295.52,295.52,0.0,0.0,257.0,76122.3,0.0,295.52
US.QQQM,Invesco NASDAQ 100 ETF,2026-09-08 16:20:00,295.52,295.55,295.55,295.52,0.0,0.0,4216.0,1246177.126,0.010151597184633718,295.52
US.QQQM,Invesco NASDAQ 100 ETF,2026-09-08 16:25:00,295.55,295.6,295.6,295.55,0.0,0.0,286.0,84543.449,0.016917611233297707,295.55
US.QQQM,Invesco NASDAQ 100 ETF,2026-09-08 16:30:00,295.6,295.51,295.6,295.44,0.0,0.0,2194.0,648423.654,-0.03044654939107978,295.6
US.QQQM,Invesco NASDAQ 100 ETF,2026-09-08 16:35:00,295.51,295.51,295.51,295.51,0.0,0.0,179.0,52937.622,0.0,295.51
US.QQQM,Invesco NASDAQ 100 ETF,2026-09-08 16:40:00,295.51,295.51,295.51,295.51,0.0,0.0,98.0,29023.541,0.0,295.51
US.QQQM,Invesco NASDAQ 100 ETF,2026-09-08 16:45:00,295.51,295.51,295.51,295.51,0.0,0.0,143.0,42266.178,0.0,295.51
US.QQQM,Invesco NASDAQ 100 ETF,2026-09-08 16:50:00,295.51,295.58,295.59,295.51,0.0,0.0,4221.0,1247679.056,0.02368786166288558,295.51
US.QQQM,Invesco NASDAQ 100 ETF,2026-09-08 16:55:00,295.58,295.58,295.58,295.58,0.0,0.0,77.0,22763.033,0.0,295.58
US.QQQM,Invesco NASDAQ 100 ETF,2026-09-08 17:00:00,295.58,295.58,295.58,295.58,0.0,0.0,186.0,54989.759,0.0,295.58
US.QQQM,Invesco NASDAQ 100 ETF,2026-09-08 17:05:00,295.58,295.58,295.58,295.58,0.0,0.0,171.0,50567.18,0.0,295.58
US.QQQM,Invesco NASDAQ 100 ETF,2026-09-08 17:10:00,295.58,295.58,295.58,295.58,0.0,0.0,61.0,18038.01,0.0,295.58
US.QQQM,Invesco NASDAQ 100 ETF,2026-09-08 17:15:00,295.58,295.58,295.58,295.58,0.0,0.0,203.0,60057.87,0.0,295.58
US.QQQM,Invesco NASDAQ 100 ETF,2026-09-08 17:20:00,295.58,295.58,295.58,295.58,0.0,0.0,179.0,52930.501,0.0,295.58
US.QQQM,Invesco NASDAQ 100 ETF,2026-09-08 17:25:00,295.58,295.7,295.7,295.58,0.0,0.0,6040.0,1786216.307,0.040598146018000054,295.58
US.QQQM,Invesco NASDAQ 100 ETF,2026-09-08 17:30:00,295.7,295.7,295.7,295.7,0.0,0.0,35.0,10347.602,0.0,295.7
US.QQQM,Invesco NASDAQ 100 ETF,2026-09-08 17:35:00,295.7,295.7,295.7,295.7,0.0,0.0,52.0,15383.9,0.0,295.7
US.QQQM,Invesco NASDAQ 100 ETF,2026-09-08 17:40:00,295.7,295.7,295.7,295.7,0.0,0.0,85.0,25137.834,0.0,295.7
US.QQQM,Invesco NASDAQ 100 ETF,2026-09-08 17:45:00,295.7,295.7,295.7,295.7,0.0,0.0,78.0,23077.292,0.0,295.7
US.QQQM,Invesco NASDAQ 100 ETF,2026-09-08 17:50:00,295.7,295.7,295.7,295.7,0.0,0.0,112.0,33121.698,0.0,295.7
US.QQQM,Invesco NASDAQ 100 ETF,2026-09-08 17:55:00,295.7,295.7,295.7,295.7,0.0,0.0,91.0,26997.367,0.0,295.7
US.QQQM,Invesco NASDAQ 100 ETF,2026-09-08 18:00:00,295.709,295.709,295.709,295.709,0.0,0.0,223.0,65942.839,0.0030436252959129364,295.7
US.QQQM,Invesco NASDAQ 100 ETF,2026-09-08 18:05:00,295.709,295.74,295.74,295.709,0.0,0.0,898.0,265606.206,0.010483279169726288,295.709
US.QQQM,Invesco NASDAQ 100 ETF,2026-09-08 18:10:00,295.74,295.6738,295.74,295.6738,0.0,0.0,240.0,71051.328,-0.02238452694934088,295.74
US.QQQM,Invesco NASDAQ 100 ETF,2026-09-08 18:15:00,295.6738,295.6738,295.6738,295.6738,0.0,0.0,63.0,18623.947,0.0,295.6738
US.QQQM,Invesco NASDAQ 100 ETF,2026-09-08 18:20:00,295.6738,295.6738,295.6738,295.6738,0.0,0.0,85.0,25130.14,0.0,295.6738
US.QQQM,Invesco NASDAQ 100 ETF,2026-09-08 18:25:00,295.6738,295.6738,295.6738,295.6738,0.0,0.0,265.0,78331.613,0.0,295.6738
US.QQQM,Invesco NASDAQ 100 ETF,2026-09-08 18:30:00,295.6738,295.6738,295.6738,295.6738,0.0,0.0,84.0,24828.549,0.0,295.6738
US.QQQM,Invesco NASDAQ 100 ETF,2026-09-08 18:35:00,295.6738,295.6738,295.6738,295.6738,0.0,0.0,154.0,45521.59,0.0,295.6738
US.QQQM,Invesco NASDAQ 100 ETF,2026-09-08 18:40:00,295.6738,295.6,295.6738,295.6,0.0,0.0,369.0,109079.411,-0.024959938959760935,295.6738
US.QQQM,Invesco NASDAQ 100 ETF,2026-09-08 18:45:00,295.6,295.6,295.6,295.6,0.0,0.0,29.0,8575.08,0.0,295.6
US.QQQM,Invesco NASDAQ 100 ETF,2026-09-08 18:50:00,295.6,295.6,295.6,295.6,0.0,0.0,128.0,37849.734,0.0,295.6
US.QQQM,Invesco NASDAQ 100 ETF,2026-09-08 18:55:00,295.6,295.7399,295.75,295.6,0.0,0.0,511.0,151154.488,0.04732746955343525,295.6
US.QQQM,Invesco NASDAQ 100 ETF,2026-09-08 19:00:00,295.7399,295.91,295.91,295.7399,0.0,0.0,491.0,145280.555,0.05751675712342084,295.7399
US.QQQM,Invesco NASDAQ 100 ETF,2026-09-08 19:05:00,295.91,295.85,295.91,295.85,0.0,0.0,165.0,48811.07,-0.02027643540265698,295.91
US.QQQM,Invesco NASDAQ 100 ETF,2026-09-08 19:10:00,295.85,295.7382,295.85,295.7382,0.0,0.0,601.0,177740.4,-0.03778942031435408,295.85
US.QQQM,Invesco NASDAQ 100 ETF,2026-09-08 19:15:00,295.7382,295.7382,295.7382,295.7382,0.0,0.0,82.0,24253.99,0.0,295.7382
US.QQQM,Invesco NASDAQ 100 ETF,2026-09-08 19:20:00,295.7382,295.7382,295.7382,295.7382,0.0,0.0,62.0,18332.414,0.0,295.7382
US.QQQM,Invesco NASDAQ 100 ETF,2026-09-08 19:25:00,295.7382,295.64,295.7382,295.64,0.0,0.0,277.0,81891.096,-0.03320504419111898,295.7382
US.QQQM,Invesco NASDAQ 100 ETF,2026-09-08 19:30:00,295.64,295.64,295.64,295.64,0.0,0.0,112.0,33137.939,0.0,295.64
US.QQQM,Invesco NASDAQ 100 ETF,2026-09-08 19:35:00,295.64,295.64,295.64,295.64,0.0,0.0,87.0,26009.567,0.0,295.64
US.QQQM,Invesco NASDAQ 100 ETF,2026-09-08 19:40:00,295.64,295.64,295.64,295.64,0.0,0.0,346.0,102441.267,0.0,295.64
US.QQQM,Invesco NASDAQ 100 ETF,2026-09-08 19:45:00,295.64,295.5,295.64,295.5,0.0,0.0,343.0,101353.395,-0.047354891083745895,295.64
US.QQQM,Invesco NASDAQ 100 ETF,2026-09-08 19:50:00,295.5,295.5,295.5,295.5,0.0,0.0,166.0,49138.141,0.0,295.5
US.QQQM,Invesco NASDAQ 100 ETF,2026-09-08 19:55:00,295.5,295.5,295.5,295.5,0.0,0.0,162.0,47851.603,0.0,295.5
US.QQQM,Invesco NASDAQ 100 ETF,2026-09-08 20:00:00,295.5,295.43,295.5,295.43,0.0,0.0,208.0,61500.424,-0.023688663282569605,295.5
US.QQQM,Invesco NASDAQ 100 ETF,2026-09-09 04:05:00,295.76,296.36,296.37,295.76,0.0,0.0,14290.0,4235027.746,0.31479538300105164,295.43
US.QQQM,Invesco NASDAQ 100 ETF,2026-09-09 04:10:00,296.36,296.47,296.49,296.36,0.0,0.0,638.0,189239.563,0.03711701984073884,296.36
US.QQQM,Invesco NASDAQ 100 ETF,2026-09-09 04:15:00,296.47,296.3,296.47,296.3,0.0,0.0,235.0,69658.44,-0.057341383613861735,296.47
US.QQQM,Invesco NASDAQ 100 ETF,2026-09-09 04:20:00,296.24,296.32,296.32,296.24,0.0,0.0,555.0,164434.01,0.006749915626048535,296.3
US.QQQM,Invesco NASDAQ 100 ETF,2026-09-09 04:25:00,296.32,296.14,296.32,296.14,0.0,0.0,532.0,157572.899,-0.0607451403887712,296.32
US.QQQM,Invesco NASDAQ 100 ETF,2026-09-09 04:30:00,296.14,296.17,296.17,296.11,0.0,0.0,628.0,186135.287,0.010130343756341448,296.14
US.QQQM,Invesco NASDAQ 100 ETF,2026-09-09 04:35:00,296.17,296.3,296.3,296.17,0.0,0.0,1046.0,309962.948,0.043893709693755424,296.17
US.QQQM,Invesco NASDAQ 100 ETF,2026-09-09 04:40:00,296.3,296.06,296.3,296.06,0.0,0.0,641.0,189775.183,-0.08099898751265916,296.3
US.QQQM,Invesco NASDAQ 100 ETF,2026-09-09 04:45:00,296.06,295.92,296.06,295.92,0.0,0.0,771.0,228187.113,-0.04728771195027574,296.06
US.QQQM,Invesco NASDAQ 100 ETF,2026-09-09 04:50:00,295.92,295.899,295.93,295.84,0.0,0.0,711.0,210574.912,-0.007096512570970196,295.92
US.QQQM,Invesco NASDAQ 100 ETF,2026-09-09 04:55:00,295.899,296.09,296.1,295.899,0.0,0.0,1147.0,339675.568,0.06454905221037384,295.899
US.QQQM,Invesco NASDAQ 100 ETF,2026-09-09 05:00:00,296.09,296.09,296.09,296.09,0.0,0.0,209.0,61887.553,0.0,296.09
US.QQQM,Invesco NASDAQ 100 ETF,2026-09-09 05:05:00,296.09,296.06,296.09,296.06,0.0,0.0,163.0,48292.937,-0.010132054442896658,296.09
US.QQQM,Invesco NASDAQ 100 ETF,2026-09-09 05:10:00,296.06,295.8025,296.06,295.8025,0.0,0.0,339.0,100316.725,-0.08697561305140619,296.06
US.QQQM,Invesco NASDAQ 100 ETF,2026-09-09 05:15:00,295.8025,295.79,295.8025,295.79,0.0,0.0,361.0,106922.098,-0.00422579254738842,295.8025
US.QQQM,Invesco NASDAQ 100 ETF,2026-09-09 05:20:00,295.79,295.85,295.92,295.79,0.0,0.0,9696.0,2868803.539,0.02028466141519398,295.79
US.QQQM,Invesco NASDAQ 100 ETF,2026-09-09 05:25:00,295.85,295.6094,295.85,295.6,0.0,0.0,12653.0,3741778.924,-0.08132499577489573,295.85
US.QQQM,Invesco NASDAQ 100 ETF,2026-09-09 05:30:00,295.6094,295.64,295.64,295.6094,0.0,0.0,4152.0,1227547.586,0.010351497618138203,295.6094
US.QQQM,Invesco NASDAQ 100 ETF,2026-09-09 05:35:00,295.64,295.64,295.64,295.64,0.0,0.0,425.0,125760.719,0.0,295.64
US.QQQM,Invesco NASDAQ 100 ETF,2026-09-09 05:40:00,295.64,295.37,295.64,295.37,0.0,0.0,262.0,77510.373,-0.09132728994722697,295.64
US.QQQM,Invesco NASDAQ 100 ETF,2026-09-09 05:45:00,295.3118,295.3118,295.3118,295.3118,0.0,0.0,384.0,113387.719,-0.019704099942444854,295.37
US.QQQM,Invesco NASDAQ 100 ETF,2026-09-09 05:50:00,295.3118,295.0657,295.3118,295.02,0.0,0.0,1334.0,393641.111,-0.0833356472718031,295.3118
US.QQQM,Invesco NASDAQ 100 ETF,2026-09-09 05:55:00,295.0657,294.69,295.0657,294.67,0.0,0.0,735.0,216914.724,-0.12732757484180465,295.0657
US.QQQM,Invesco NASDAQ 100 ETF,2026-09-09 06:00:00,294.69,294.39,294.69,294.39,0.0,0.0,824.0,242821.429,-0.10180189351522324,294.69
US.QQQM,Invesco NASDAQ 100 ETF,2026-09-09 06:05:00,294.39,294.39,294.39,294.39,0.0,0.0,541.0,159283.208,0.0,294.39
US.QQQM,Invesco NASDAQ 100 ETF,2026-09-09 06:10:00,294.39,294.5989,294.5989,294.39,0.0,0.0,2281.0,671989.207,0.0709602907707559,294.39
US.QQQM,Invesco NASDAQ 100 ETF,2026-09-09 06:15:00,294.5989,294.5989,294.5989,294.5989,0.0,0.0,250.0,73642.38,0.0,294.5989
US.QQQM,Invesco NASDAQ 100 ETF,2026-09-09 06:20:00,294.5989,294.61,294.61,294.5989,0.0,0.0,253.0,74515.11,0.003767834842560172,294.5989
US.QQQM,Invesco NASDAQ 100 ETF,2026-09-09 06:25:00,294.61,294.61,294.61,294.61,0.0,0.0,323.0,95182.923,0.0,294.61
US.QQQM,Invesco NASDAQ 100 ETF,2026-09-09 06:30:00,294.61,294.52,294.61,294.5,0.0,0.0,518.0,152742.985,-0.030548861206351387,294.61
US.QQQM,Invesco NASDAQ 100 ETF,2026-09-09 06:35:00,294.52,294.58,294.58,294.52,0.0,0.0,1046.0,308307.205,0.020372130924895517,294.52
US.QQQM,Invesco NASDAQ 100 ETF,2026-09-09 06:40:00,294.58,294.58,294.58,294.58,0.0,0.0,314.0,92666.027,0.0,294.58
US.QQQM,Invesco NASDAQ 100 ETF,2026-09-09 06:45:00,294.58,294.58,294.58,294.58,0.0,0.0,150.0,44207.173,0.0,294.58
US.QQQM,Invesco NASDAQ 100 ETF,2026-09-09 06:50:00,294.58,294.26,294.58,294.26,0.0,0.0,1584.0,466242.173,-0.10862923484282476,294.58
US.QQQM,Invesco NASDAQ 100 ETF,2026-09-09 06:55:00,294.26,294.1891,294.26,294.1891,0.0,0.0,729.0,214580.993,-0.024094338340241498,294.26
US.QQQM,Invesco NASDAQ 100 ETF,2026-09-09 07:00:00,294.1891,294.42,294.42,294.1891,0.0,0.0,525.0,154638.919,0.07848693238465315,294.1891
US.QQQM,Invesco NASDAQ 100 ETF,2026-09-09 07:05:00,294.349,294.34,294.349,294.34,0.0,0.0,1075.0,316580.847,-0.027172067115019675,294.42
US.QQQM,Invesco NASDAQ 100 ETF,2026-09-09 07:10:00,294.34,294.48,294.5,294.34,0.0,0.0,1308.0,385044.719,0.047564041584576756,294.34
US.QQQM,Invesco NASDAQ 100 ETF,2026-09-09 07:15:00,294.48,294.48,294.48,294.48,0.0,0.0,208.0,61279.366,0.0,294.48
US.QQQM,Invesco NASDAQ 100 ETF,2026-09-09 07:20:00,294.48,294.3083,294.48,294.3083,0.0,0.0,636.0,187447.296,-0.05830616680251423,294.48
US.QQQM,Invesco NASDAQ 100 ETF,2026-09-09 07:25:00,294.3083,294.65,294.65,294.3083,0.0,0.0,756.0,222781.495,0.11610273988195476,294.3083
US.QQQM,Invesco NASDAQ 100 ETF,2026-09-09 07:30:00,294.65,294.6221,294.65,294.6221,0.0,0.0,528.0,155616.493,-0.009468861360932723,294.65
US.QQQM,Invesco NASDAQ 100 ETF,2026-09-09 07:35:00,294.6221,294.6221,294.6221,294.6221,0.0,0.0,166.0,48909.449,0.0,294.6221
US.QQQM,Invesco NASDAQ 100 ETF,2026-09-09 07:40:00,294.6221,294.6221,294.6221,294.6221,0.0,0.0,270.0,79563.087,0.0,294.6221
US.QQQM,Invesco NASDAQ 100 ETF,2026-09-09 07:45:00,294.6221,294.41,294.6221,294.41,0.0,0.0,361.0,106483.962,-0.07199052616893438,294.6221
US.QQQM,Invesco NASDAQ 100 ETF,2026-09-09 07:50:00,294.41,294.75,294.76,294.25,0.0,0.0,8489.0,2500696.982,0.11548520770353417,294.41
US.QQQM,Invesco NASDAQ 100 ETF,2026-09-09 07:55:00,294.75,294.77,294.9,294.75,0.0,0.0,4681.0,1380060.59,0.006785411365557866,294.75
US.QQQM,Invesco NASDAQ 100 ETF,2026-09-09 08:00:00,294.77,294.77,294.77,294.77,0.0,0.0,176.0,51856.365,0.0,294.77
US.QQQM,Invesco NASDAQ 100 ETF,2026-09-09 08:05:00,294.77,294.3,294.77,294.24,0.0,0.0,3312.0,974821.458,-0.1594463480001257,294.77
US.QQQM,Invesco NASDAQ 100 ETF,2026-09-09 08:10:00,294.3,294.09,294.3,294.09,0.0,0.0,604.0,177756.135,-0.07135575942916628,294.3
US.QQQM,Invesco NASDAQ 100 ETF,2026-09-09 08:15:00,294.09,293.9,294.09,293.9,0.0,0.0,1357.0,399173.623,-0.06460607297085849,294.09
US.QQQM,Invesco NASDAQ 100 ETF,2026-09-09 08:20:00,293.9,293.9,293.9,293.9,0.0,0.0,337.0,99173.743,0.0,293.9
US.QQQM,Invesco NASDAQ 100 ETF,2026-09-09 08:25:00,293.9,294.05,294.05,293.9,0.0,0.0,6792.0,1996452.872,0.05103776794829334,293.9
US.QQQM,Invesco NASDAQ 100 ETF,2026-09-09 08:30:00,294.05,294.02,294.05,294.02,0.0,0.0,483.0,142270.803,-0.010202346539714184,294.05
US.QQQM,Invesco NASDAQ 100 ETF,2026-09-09 08:35:00,294.02,294.09,294.09,293.9517,0.0,0.0,928.0,272920.05,0.023807904224200118,294.02
US.QQQM,Invesco NASDAQ 100 ETF,2026-09-09 08:40:00,294.09,294.09,294.09,294.09,0.0,0.0,300.0,88346.242,0.0,294.09
US.QQQM,Invesco NASDAQ 100 ETF,2026-09-09 08:45:00,294.09,294.25,294.25,294.09,0.0,0.0,624.0,183612.771,0.05440511408073209,294.09
US.QQQM,Invesco NASDAQ 100 ETF,2026-09-09 08:50:00,294.25,294.35,294.35,294.25,0.0,0.0,756.0,222509.794,0.033984706881910874,294.25
US.QQQM,Invesco NASDAQ 100 ETF,2026-09-09 08:55:00,294.35,294.3,294.35,294.3,0.0,0.0,574.0,168996.339,-0.016986580601328814,294.35
US.QQQM,Invesco NASDAQ 100 ETF,2026-09-09 09:00:00,294.3,294.35,294.35,294.3,0.0,0.0,531.0,156301.977,0.016989466530754796,294.3
US.QQQM,Invesco NASDAQ 100 ETF,2026-09-09 09:05:00,294.35,294.4854,294.4854,294.35,0.0,0.0,537.0,158228.7,0.04599966026838939,294.35
US.QQQM,Invesco NASDAQ 100 ETF,2026-09-09 09:10:00,294.4854,294.44,294.4854,294.43,0.0,0.0,2199.0,647455.077,-0.015416723545557502,294.4854
US.QQQM,Invesco NASDAQ 100 ETF,2026-09-09 09:15:00,294.44,294.49,294.49,294.44,0.0,0.0,746.0,219757.742,0.016981388398319308,294.44
US.QQQM,Invesco NASDAQ 100 ETF,2026-09-09 09:20:00,294.49,294.5,294.5,294.411,0.0,0.0,549.0,161657.198,0.0033957010424771317,294.49
US.QQQM,Invesco NASDAQ 100 ETF,2026-09-09 09:25:00,294.5,294.5,294.5,294.5,0.0,0.0,371.0,109444.754,0.0,294.5
US.QQQM,Invesco NASDAQ 100 ETF,2026-09-09 09:30:00,294.5,294.84,294.84,294.5,0.0,0.0,3655.0,1077238.973,0.11544991511034805,294.5
US.QQQM,Invesco NASDAQ 100 ETF,2026-09-09 09:35:00,294.98,295.19,295.37,294.618,0.0,0.0,113863.0,33587366.69,0.11870845204179309,294.84
US.QQQM,Invesco NASDAQ 100 ETF,2026-09-09 09:40:00,295.165,295.27,295.38,295.1101,0.0,0.0,43020.0,12701256.866,0.02710118906466482,295.19
US.QQQM,Invesco NASDAQ 100 ETF,2026-09-09 09:45:00,295.28,295.205,295.36,295.075,0.0,0.0,19331.0,5706847.077,-0.022013750127001633,295.27
US.QQQM,Invesco NASDAQ 100 ETF,2026-09-09 09:50:00,295.2,295.42,295.53,295.0,0.0,0.0,74033.0,21864107.187,0.07283074473671917,295.205
US.QQQM,Invesco NASDAQ 100 ETF,2026-09-09 09:55:00,295.42,295.54,295.63,295.28,0.0,0.0,20823.0,6152195.228,0.04062013404644389,295.42
US.QQQM,Invesco NASDAQ 100 ETF,2026-09-09 10:00:00,295.57,296.07,296.07,295.57,0.0,0.0,28549.0,8445438.528,0.1793327468362904,295.54
US.QQQM,Invesco NASDAQ 100 ETF,2026-09-09 10:05:00,296.05,296.24,296.24,295.75,0.0,0.0,19219.0,5687460.767,0.05741885364948016,296.07
US.QQQM,Invesco NASDAQ 100 ETF,2026-09-09 10:10:00,296.19,296.11,296.27,296.04,0.0,0.0,17506.0,5185089.124,-0.04388333783418696,296.24
US.QQQM,Invesco NASDAQ 100 ETF,2026-09-09 10:15:00,296.1619,296.025,296.1619,295.896,0.0,0.0,15804.0,4677952.494,-0.028705548613703145,296.11
US.QQQM,Invesco NASDAQ 100 ETF,2026-09-09 10:20:00,295.92,295.4199,295.93,295.38,0.0,0.0,20904.0,6180112.766,-0.20440841145173316,296.025
US.QQQM,Invesco NASDAQ 100 ETF,2026-09-09 10:25:00,295.47,295.145,295.47,295.09,0.0,0.0,23976.0,7078387.735,-0.09305398857693824,295.4199
US.QQQM,Invesco NASDAQ 100 ETF,2026-09-09 10:30:00,295.04,295.73,295.76,295.04,0.0,0.0,13225.0,3906890.428,0.198207660641392,295.145
US.QQQM,Invesco NASDAQ 100 ETF,2026-09-09 10:35:00,295.72,295.55,295.72,295.42,0.0,0.0,14463.0,4274539.355,-0.06086633077469544,295.73
US.QQQM,Invesco NASDAQ 100 ETF,2026-09-09 10:40:00,295.6,295.63,295.69,295.39,0.0,0.0,13494.0,3987892.433,0.027068177973264787,295.55
US.QQQM,Invesco NASDAQ 100 ETF,2026-09-09 10:45:00,295.65,295.75,295.78,295.58,0.0,0.0,15040.0,4446585.975,0.04059127964009219,295.63
US.QQQM,Invesco NASDAQ 100 ETF,2026-09-09 10:50:00,295.74,295.8296,295.8296,295.63,0.0,0.0,11946.0,3533043.393,0.026914623837710108,295.75
US.QQQM,Invesco NASDAQ 100 ETF,2026-09-09 10:55:00,295.79,295.48,295.81,295.465,0.0,0.0,19946.0,5895853.279,-0.11817613923691525,295.8296
US.QQQM,Invesco NASDAQ 100 ETF,2026-09-09 11:00:00,295.64,295.703274,295.8,295.49,0.0,0.0,11137.0,3292717.665,0.07556315148233501,295.48
US.QQQM,Invesco NASDAQ 100 ETF,2026-09-09 11:05:00,295.74,295.345,296.0,295.29,0.0,0.0,33214.0,9819889.565,-0.12115997065355265,295.703274
US.QQQM,Invesco NASDAQ 100 ETF,2026-09-09 11:10:00,295.41,294.78,295.41,294.78,0.0,0.0,25989.0,7668259.925,-0.19130169801420527,295.345
US.QQQM,Invesco NASDAQ 100 ETF,2026-09-09 11:15:00,294.84,294.46,294.86,294.3,0.0,0.0,28518.0,8398506.316,-0.1085555329398172,294.78
US.QQQM,Invesco NASDAQ 100 ETF,2026-09-09 11:20:00,294.41,294.88,294.919,294.38,0.0,0.0,16489.0,4859814.834,0.14263397405420633,294.46
US.QQQM,Invesco NASDAQ 100 ETF,2026-09-09 11:25:00,294.84,294.06,294.85,294.01,0.0,0.0,16881.0,4968850.794,-0.27807921866521745,294.88
US.QQQM,Invesco NASDAQ 100 ETF,2026-09-09 11:30:00,294.06,294.29,294.3,294.05,0.0,0.0,12755.0,3752590.854,0.07821533020472632,294.06
US.QQQM,Invesco NASDAQ 100 ETF,2026-09-09 11:35:00,294.325,294.69,294.7,294.3,0.0,0.0,20572.0,6057582.489,0.135920350674497,294.29
US.QQQM,Invesco NASDAQ 100 ETF,2026-09-09 11:40:00,294.7799,295.08,295.14,294.485,0.0,0.0,72706.0,21429544.08,0.13234246156978058,294.69
US.QQQM,Invesco NASDAQ 100 ETF,2026-09-09 11:45:00,295.11,294.77,295.2,294.65,0.0,0.0,37527.0,11066864.997,-0.10505625593059587,295.08
US.QQQM,Invesco NASDAQ 100 ETF,2026-09-09 11:50:00,294.82,294.79,294.82,294.6931,0.0,0.0,11203.0,3302155.986,0.006784950978742292,294.77
US.QQQM,Invesco NASDAQ 100 ETF,2026-09-09 11:55:00,294.79,295.01,295.02,294.79,0.0,0.0,8779.0,2589561.62,0.07462939719799533,294.79
US.QQQM,Invesco NASDAQ 100 ETF,2026-09-09 12:00:00,295.0,294.89,295.0,294.71,0.0,0.0,7380.0,2176189.829,-0.04067658723433258,295.01
US.QQQM,Invesco NASDAQ 100 ETF,2026-09-09 12:05:00,294.86,294.98,294.98,294.84,0.0,0.0,11080.0,3267731.594,0.030519854861145456,294.89
US.QQQM,Invesco NASDAQ 100 ETF,2026-09-09 12:10:00,294.97,294.6048,295.01,294.6048,0.0,0.0,18388.0,5420463.93,-0.12719506407214273,294.98
US.QQQM,Invesco NASDAQ 100 ETF,2026-09-09 12:15:00,294.56,294.5599,294.76,294.54,0.0,0.0,15959.0,4702065.805,-0.015240756430303978,294.6048
US.QQQM,Invesco NASDAQ 100 ETF,2026-09-09 12:20:00,294.57,294.45,294.57,294.42,0.0,0.0,10307.0,3035346.847,-0.03730989859788747,294.5599
US.QQQM,Invesco NASDAQ 100 ETF,2026-09-09 12:25:00,294.4499,294.53,294.53,294.37,0.0,0.0,9318.0,2743548.13,0.027169298692472095,294.45
US.QQQM,Invesco NASDAQ 100 ETF,2026-09-09 12:30:00,294.54,294.3801,294.55,294.3,0.0,0.0,32297.0,9508280.496,-0.050894645706700686,294.53
US.QQQM,Invesco NASDAQ 100 ETF,2026-09-09 12:35:00,294.3914,294.72,294.76,294.3914,0.0,0.0,15439.0,4549094.417,0.11546296777533538,294.3801
US.QQQM,Invesco NASDAQ 100 ETF,2026-09-09 12:40:00,294.755,294.85,294.855,294.65,0.0,0.0,9791.0,2885796.642,0.04410966340933613,294.72
US.QQQM,Invesco NASDAQ 100 ETF,2026-09-09 12:45:00,294.83,294.93,294.93,294.78,0.0,0.0,9010.0,2656768.223,0.02713244022383723,294.85
US.QQQM,Invesco NASDAQ 100 ETF,2026-09-09 12:50:00,294.97,294.97,295.03,294.845,0.0,0.0,8115.0,2393465.163,0.013562540263798346,294.93
US.QQQM,Invesco NASDAQ 100 ETF,2026-09-09 12:55:00,295.16,295.055,295.16,295.055,0.0,0.0,23411.0,6908230.708,0.028816489812516367,294.97
US.QQQM,Invesco NASDAQ 100 ETF,2026-09-09 13:00:00,295.04,295.0,295.0937,295.0,0.0,0.0,8217.0,2424699.904,-0.018640592431921784,295.055
US.QQQM,Invesco NASDAQ 100 ETF,2026-09-09 13:05:00,294.98,294.88,295.2,294.88,0.0,0.0,63947.0,18869731.78,-0.04067796610169645,295.0
US.QQQM,Invesco NASDAQ 100 ETF,2026-09-09 13:10:00,294.905,295.0,295.07,294.905,0.0,0.0,13131.0,3874037.566,0.040694519804667845,294.88
US.QQQM,Invesco NASDAQ 100 ETF,2026-09-09 13:15:00,294.98,295.17,295.17,294.98,0.0,0.0,18856.0,5564207.148,0.057627118644073196,295.0
US.QQQM,Invesco NASDAQ 100 ETF,2026-09-09 13:20:00,295.19,295.03,295.24,295.03,0.0,0.0,8185.0,2415809.334,-0.04743029440662777,295.17
US.QQQM,Invesco NASDAQ 100 ETF,2026-09-09 13:25:00,295.005,295.05,295.075,294.97,0.0,0.0,8691.0,2564126.812,0.00677897163001683,295.03
US.QQQM,Invesco NASDAQ 100 ETF,2026-09-09 13:30:00,295.1,294.93,295.1,294.93,0.0,0.0,9154.0,2700924.523,-0.04067107269954399,295.05
US.QQQM,Invesco NASDAQ 100 ETF,2026-09-09 13:35:00,294.96,294.95,295.01,294.8477,0.0,0.0,9657.0,2848356.295,0.0067812701318895365,294.93
US.QQQM,Invesco NASDAQ 100 ETF,2026-09-09 13:40:00,294.9601,294.7362,294.9601,294.7362,0.0,0.0,4155.0,1225223.265,-0.07248686218002781,294.95
US.QQQM,Invesco NASDAQ 100 ETF,2026-09-09 13:45:00,294.8,294.99,294.99,294.8,0.0,0.0,8059.0,2376442.996,0.08611090188446904,294.7362
US.QQQM,Invesco NASDAQ 100 ETF,2026-09-09 13:50:00,294.9817,295.12,295.15,294.971,0.0,0.0,9575.0,2825229.309,0.04406929048442166,294.99
US.QQQM,Invesco NASDAQ 100 ETF,2026-09-09 13:55:00,295.12,295.185,295.24,295.065,0.0,0.0,14606.0,4311254.872,0.02202493900786044,295.12
US.QQQM,Invesco NASDAQ 100 ETF,2026-09-09 14:00:00,295.22,295.1,295.25,295.1,0.0,0.0,8423.0,2486548.766,-0.028795501126405318,295.185
US.QQQM,Invesco NASDAQ 100 ETF,2026-09-09 14:05:00,295.0999,295.1,295.13,295.06,0.0,0.0,12238.0,3611455.3,0.0,295.1
US.QQQM,Invesco NASDAQ 100 ETF,2026-09-09 14:10:00,295.05,294.95,295.05,294.94,0.0,0.0,9435.0,2783510.022,-0.05083022704169234,295.1
US.QQQM,Invesco NASDAQ 100 ETF,2026-09-09 14:15:00,294.975,294.88,294.975,294.88,0.0,0.0,7180.0,2117660.53,-0.02373283607390852,294.95
US.QQQM,Invesco NASDAQ 100 ETF,2026-09-09 14:20:00,294.825,294.85,294.9001,294.82,0.0,0.0,9761.0,2878404.468,-0.010173629951157323,294.88
US.QQQM,Invesco NASDAQ 100 ETF,2026-09-09 14:25:00,294.89,294.99,294.999,294.88,0.0,0.0,9527.0,2809856.894,0.047481770391719975,294.85
US.QQQM,Invesco NASDAQ 100 ETF,2026-09-09 14:30:00,294.9952,294.93,295.035,294.88,0.0,0.0,7911.0,2333218.357,-0.020339672531273015,294.99
US.QQQM,Invesco NASDAQ 100 ETF,2026-09-09 14:35:00,294.935,294.94,295.02,294.88,0.0,0.0,8874.0,2617383.342,0.0033906350659447682,294.93
US.QQQM,Invesco NASDAQ 100 ETF,2026-09-09 14:40:00,294.955,295.02,295.03,294.95,0.0,0.0,7232.0,2133681.595,0.027124160846268425,294.94
US.QQQM,Invesco NASDAQ 100 ETF,2026-09-09 14:45:00,295.025,295.0901,295.1,295.02,0.0,0.0,5834.0,1721629.457,0.023761100942317443,295.02
US.QQQM,Invesco NASDAQ 100 ETF,2026-09-09 14:50:00,295.07,295.01,295.09,295.01,0.0,0.0,6095.0,1798377.521,-0.02714425187426343,295.0901
US.QQQM,Invesco NASDAQ 100 ETF,2026-09-09 14:55:00,295.03,295.115,295.135,295.015,0.0,0.0,11949.0,3526065.786,0.03559201383004583,295.01
US.QQQM,Invesco NASDAQ 100 ETF,2026-09-09 15:00:00,295.13,294.89,295.13,294.88,0.0,0.0,11026.0,3252568.228,-0.0762414651915432,295.115
US.QQQM,Invesco NASDAQ 100 ETF,2026-09-09 15:05:00,294.89,294.76,294.925,294.72,0.0,0.0,11948.0,3522416.31,-0.044084234799415194,294.89
US.QQQM,Invesco NASDAQ 100 ETF,2026-09-09 15:10:00,294.765,294.88,294.94,294.765,0.0,0.0,8056.0,2375544.856,0.040711086986024075,294.76
US.QQQM,Invesco NASDAQ 100 ETF,2026-09-09 15:15:00,294.9286,294.905587,294.95,294.89,0.0,0.0,8130.0,2397826.372,0.008677088985360147,294.88
US.QQQM,Invesco NASDAQ 100 ETF,2026-09-09 15:20:00,294.91,295.0901,295.12,294.91,0.0,0.0,20457.0,6035596.1,0.06256680379540631,294.905587
US.QQQM,Invesco NASDAQ 100 ETF,2026-09-09 15:25:00,295.1232,295.06,295.1232,295.0,0.0,0.0,21931.0,6471156.627,-0.010200274424660285,295.0901
US.QQQM,Invesco NASDAQ 100 ETF,2026-09-09 15:30:00,295.06,294.943,295.09,294.943,0.0,0.0,13883.0,4096234.888,-0.03965295194198422,295.06
US.QQQM,Invesco NASDAQ 100 ETF,2026-09-09 15:35:00,294.93,294.91,294.96,294.88,0.0,0.0,29799.0,8788371.806,-0.011188602543528282,294.943
US.QQQM,Invesco NASDAQ 100 ETF,2026-09-09 15:40:00,294.9,294.84,294.9185,294.83,0.0,0.0,21110.0,6224716.438,-0.023736055067664717,294.91
US.QQQM,Invesco NASDAQ 100 ETF,2026-09-09 15:45:00,294.84,294.875,294.88,294.78,0.0,0.0,44664.0,13168465.959,0.011870845204187023,294.84
US.QQQM,Invesco NASDAQ 100 ETF,2026-09-09 15:50:00,294.88,294.875,294.9,294.785,0.0,0.0,32033.0,9445317.145,0.0,294.875
US.QQQM,Invesco NASDAQ 100 ETF,2026-09-09 15:55:00,294.89,294.82,294.91,294.73,0.0,0.0,54064.0,15938580.243,-0.01865197117422868,294.875
US.QQQM,Invesco NASDAQ 100 ETF,2026-09-09 16:00:00,294.83,294.97,294.97,294.63,0.0,0.0,202745.0,59778780.75,0.050878502136908664,294.82
US.QQQM,Invesco NASDAQ 100 ETF,2026-09-09 16:05:00,294.95,294.75,294.97,294.75,0.0,0.0,51937.0,15320106.575,-0.07458385598536368,294.97
US.QQQM,Invesco NASDAQ 100 ETF,2026-09-09 16:10:00,294.75,294.75,294.75,294.75,0.0,0.0,67.0,19756.622,0.0,294.75
US.QQQM,Invesco NASDAQ 100 ETF,2026-09-09 16:15:00,294.75,294.75,294.75,294.75,0.0,0.0,185.0,54796.965,0.0,294.75
US.QQQM,Invesco NASDAQ 100 ETF,2026-09-09 16:20:00,294.75,294.75,294.75,294.75,0.0,0.0,173.0,51131.288,0.0,294.75
US.QQQM,Invesco NASDAQ 100 ETF,2026-09-09 16:25:00,294.75,294.919,294.919,294.75,0.0,0.0,168.0,49547.665,0.05733672603901026,294.75
US.QQQM,Invesco NASDAQ 100 ETF,2026-09-09 16:30:00,294.919,294.919,294.9215,294.919,0.0,0.0,768.0,226499.748,0.0,294.919
US.QQQM,Invesco NASDAQ 100 ETF,2026-09-09 16:35:00,294.919,294.919,294.919,294.919,0.0,0.0,602.0,177635.367,0.0,294.919
US.QQQM,Invesco NASDAQ 100 ETF,2026-09-09 16:40:00,294.919,294.919,294.919,294.919,0.0,0.0,356.0,105011.043,0.0,294.919
US.QQQM,Invesco NASDAQ 100 ETF,2026-09-09 16:45:00,294.919,294.9607,294.9607,294.919,0.0,0.0,22986.0,6781710.472,0.01413947558481876,294.919
US.QQQM,Invesco NASDAQ 100 ETF,2026-09-09 16:50:00,294.9607,294.9607,294.9607,294.9607,0.0,0.0,393.0,115917.984,0.0,294.9607
US.QQQM,Invesco NASDAQ 100 ETF,2026-09-09 16:55:00,294.9607,294.9607,294.9607,294.9607,0.0,0.0,195.0,57512.577,0.0,294.9607
US.QQQM,Invesco NASDAQ 100 ETF,2026-09-09 17:00:00,294.9607,294.9607,294.9607,294.9607,0.0,0.0,102.0,30104.785,0.0,294.9607
US.QQQM,Invesco NASDAQ 100 ETF,2026-09-09 17:05:00,294.9607,294.9607,294.9607,294.9607,0.0,0.0,113.0,33327.236,0.0,294.9607
US.QQQM,Invesco NASDAQ 100 ETF,2026-09-09 17:10:00,294.9607,294.9607,294.9607,294.9607,0.0,0.0,343.0,101160.008,0.0,294.9607
US.QQQM,Invesco NASDAQ 100 ETF,2026-09-09 17:15:00,294.9607,294.9607,294.9607,294.9607,0.0,0.0,134.0,39510.336,0.0,294.9607
US.QQQM,Invesco NASDAQ 100 ETF,2026-09-09 17:20:00,294.9607,294.96,294.9607,294.96,0.0,0.0,499.0,147177.884,-0.00023731975140919316,294.9607
US.QQQM,Invesco NASDAQ 100 ETF,2026-09-09 17:25:00,294.96,294.9,294.96,294.9,0.0,0.0,134.0,39515.886,-0.020341741253052034,294.96
US.QQQM,Invesco NASDAQ 100 ETF,2026-09-09 17:30:00,294.9,294.95,294.95,294.9,0.0,0.0,241.0,71080.52,0.016954899966094054,294.9
US.QQQM,Invesco NASDAQ 100 ETF,2026-09-09 17:35:00,294.95,294.95,294.95,294.95,0.0,0.0,64.0,18871.92,0.0,294.95
US.QQQM,Invesco NASDAQ 100 ETF,2026-09-09 17:40:00,294.95,294.95,294.95,294.95,0.0,0.0,65.0,19174.499,0.0,294.95
US.QQQM,Invesco NASDAQ 100 ETF,2026-09-09 17:45:00,294.95,294.95,294.95,294.95,0.0,0.0,164.0,48371.82,0.0,294.95
US.QQQM,Invesco NASDAQ 100 ETF,2026-09-09 17:50:00,294.95,294.75,294.95,294.75,0.0,0.0,316.0,93443.904,-0.06780810306831281,294.95
US.QQQM,Invesco NASDAQ 100 ETF,2026-09-09 17:55:00,294.75,294.75,294.75,294.75,0.0,0.0,18.0,5305.55,0.0,294.75
US.QQQM,Invesco NASDAQ 100 ETF,2026-09-09 18:00:00,294.75,294.75,294.75,294.75,0.0,0.0,143.0,42209.112,0.0,294.75
US.QQQM,Invesco NASDAQ 100 ETF,2026-09-09 18:05:00,294.75,295.05,295.05,294.75,0.0,0.0,844.0,249077.379,0.10178117048346441,294.75
US.QQQM,Invesco NASDAQ 100 ETF,2026-09-09 18:10:00,295.05,295.05,295.05,295.05,0.0,0.0,346.0,102055.269,0.0,295.05
US.QQQM,Invesco NASDAQ 100 ETF,2026-09-09 18:15:00,295.05,295.05,295.05,295.05,0.0,0.0,39.0,11494.19,0.0,295.05
US.QQQM,Invesco NASDAQ 100 ETF,2026-09-09 18:20:00,295.05,294.6899,295.05,294.6899,0.0,0.0,611.0,180052.814,-0.1220471106592064,295.05
US.QQQM,Invesco NASDAQ 100 ETF,2026-09-09 18:25:00,294.6899,294.6899,294.6899,294.6899,0.0,0.0,160.0,47152.177,0.0,294.6899
US.QQQM,Invesco NASDAQ 100 ETF,2026-09-09 18:30:00,294.6899,294.6899,294.6899,294.6899,0.0,0.0,146.0,43116.125,0.0,294.6899
US.QQQM,Invesco NASDAQ 100 ETF,2026-09-09 18:35:00,294.6899,294.6899,294.6899,294.6899,0.0,0.0,122.0,36119.255,0.0,294.6899
US.QQQM,Invesco NASDAQ 100 ETF,2026-09-09 18:40:00,294.6899,294.6899,294.6899,294.6899,0.0,0.0,81.0,23892.483,0.0,294.6899
US.QQQM,Invesco NASDAQ 100 ETF,2026-09-09 18:45:00,294.6899,294.75,294.75,294.6899,0.0,0.0,194.0,57224.532,0.02039431958814237,294.6899
US.QQQM,Invesco NASDAQ 100 ETF,2026-09-09 18:50:00,294.75,294.74,294.75,294.74,0.0,0.0,516.0,152209.498,-0.003392705682778933,294.75
US.QQQM,Invesco NASDAQ 100 ETF,2026-09-09 18:55:00,294.74,294.74,294.74,294.74,0.0,0.0,371.0,109358.254,0.0,294.74
US.QQQM,Invesco NASDAQ 100 ETF,2026-09-09 19:00:00,294.74,294.6567,294.74,294.6567,0.0,0.0,531.0,156471.664,-0.028262197190747223,294.74
US.QQQM,Invesco NASDAQ 100 ETF,2026-09-09 19:05:00,294.6567,294.66,294.66,294.6567,0.0,0.0,209.0,61585.409,0.0011199473828439278,294.6567
US.QQQM,Invesco NASDAQ 100 ETF,2026-09-09 19:10:00,294.66,294.66,294.66,294.66,0.0,0.0,85.0,25045.445,0.0,294.66
US.QQQM,Invesco NASDAQ 100 ETF,2026-09-09 19:15:00,294.66,294.61,294.66,294.61,0.0,0.0,269.0,79253.577,-0.01696870969931832,294.66
US.QQQM,Invesco NASDAQ 100 ETF,2026-09-09 19:20:00,294.61,294.61,294.61,294.61,0.0,0.0,125.0,36876.1,0.0,294.61
US.QQQM,Invesco NASDAQ 100 ETF,2026-09-09 19:25:00,294.61,294.61,294.61,294.61,0.0,0.0,81.0,23869.114,0.0,294.61
US.QQQM,Invesco NASDAQ 100 ETF,2026-09-09 19:30:00,294.61,294.61,294.61,294.61,0.0,0.0,81.0,23897.577,0.0,294.61
US.QQQM,Invesco NASDAQ 100 ETF,2026-09-09 19:35:00,294.61,294.61,294.61,294.61,0.0,0.0,24.0,7239.284,0.0,294.61
US.QQQM,Invesco NASDAQ 100 ETF,2026-09-09 19:40:00,294.61,294.61,294.61,294.61,0.0,0.0,218.0,64237.599,0.0,294.61
US.QQQM,Invesco NASDAQ 100 ETF,2026-09-09 19:45:00,294.61,294.68,294.68,294.61,0.0,0.0,210.0,61882.794,0.02376022538270703,294.61
US.QQQM,Invesco NASDAQ 100 ETF,2026-09-09 19:50:00,294.68,294.7128,294.7128,294.68,0.0,0.0,140.0,41259.711,0.011130718067058783,294.68
US.QQQM,Invesco NASDAQ 100 ETF,2026-09-09 19:55:00,294.7128,295.0,295.0,294.7128,0.0,0.0,200.0,58984.737,0.09745080634434078,294.7128
US.QQQM,Invesco NASDAQ 100 ETF,2026-09-09 20:00:00,295.0,295.0,295.0,295.0,0.0,0.0,67.0,19889.26,0.0,295.0
US.QQQM,Invesco NASDAQ 100 ETF,2026-09-10 04:05:00,294.897,294.9,295.02,294.84,0.0,0.0,2115.0,624012.486,-0.03389830508475347,295.0
US.QQQM,Invesco NASDAQ 100 ETF,2026-09-10 04:10:00,294.9,294.98,294.98,294.8492,0.0,0.0,75.0,22179.208,0.027127839945758198,294.9
US.QQQM,Invesco NASDAQ 100 ETF,2026-09-10 04:15:00,294.96,294.779,294.96,294.77,0.0,0.0,216.0,63981.425,-0.06814021289579694,294.98
US.QQQM,Invesco NASDAQ 100 ETF,2026-09-10 04:20:00,294.78,294.78,294.78,294.69,0.0,0.0,531.0,156721.207,0.00033923719124372945,294.779
US.QQQM,Invesco NASDAQ 100 ETF,2026-09-10 04:25:00,294.79,294.92,294.9292,294.78,0.0,0.0,83.0,24537.777,0.0474930456611857,294.78
US.QQQM,Invesco NASDAQ 100 ETF,2026-09-10 04:30:00,294.87,294.821,294.9,294.821,0.0,0.0,17.0,5012.921,-0.033568425335680704,294.92
US.QQQM,Invesco NASDAQ 100 ETF,2026-09-10 04:35:00,294.95,294.7495,294.9805,294.7114,0.0,0.0,254.0,75008.32,-0.024252003758217545,294.821
US.QQQM,Invesco NASDAQ 100 ETF,2026-09-10 04:40:00,294.76,294.76,294.8191,294.76,0.0,0.0,38.0,11201.329,0.0035623470099114952,294.7495
US.QQQM,Invesco NASDAQ 100 ETF,2026-09-10 04:45:00,294.8392,294.61,294.8392,294.58,0.0,0.0,59.0,17466.185,-0.05088885873252045,294.76
US.QQQM,Invesco NASDAQ 100 ETF,2026-09-10 04:50:00,294.62,294.5779,294.7,294.5514,0.0,0.0,452.0,133184.677,-0.010895760496932895,294.61
US.QQQM,Invesco NASDAQ 100 ETF,2026-09-10 04:55:00,294.5779,294.59,294.59,294.541,0.0,0.0,1496.0,440700.067,0.004107572224520357,294.5779
US.QQQM,Invesco NASDAQ 100 ETF,2026-09-10 05:00:00,294.59,294.51,294.59,294.51,0.0,0.0,83.0,24652.598,-0.027156386842725172,294.59
US.QQQM,Invesco NASDAQ 100 ETF,2026-09-10 05:05:00,294.5607,294.71,294.71,294.5592,0.0,0.0,11.0,3375.054,0.06790940884859212,294.51
US.QQQM,Invesco NASDAQ 100 ETF,2026-09-10 05:10:00,294.69,294.53,294.74,294.53,0.0,0.0,285.0,83994.914,-0.06107699094024866,294.71
US.QQQM,Invesco NASDAQ 100 ETF,2026-09-10 05:15:00,294.61,294.59,294.61,294.571,0.0,0.0,148.0,43650.167,0.020371439242183233,294.53
US.QQQM,Invesco NASDAQ 100 ETF,2026-09-10 05:20:00,294.62,294.59,294.62,294.57,0.0,0.0,35.0,10480.278,0.0,294.59
US.QQQM,Invesco NASDAQ 100 ETF,2026-09-10 05:25:00,294.59,294.54,294.6109,294.54,0.0,0.0,112.0,33006.417,-0.016972741776691176,294.59
US.QQQM,Invesco NASDAQ 100 ETF,2026-09-10 05:30:00,294.54,294.4188,294.54,294.41,0.0,0.0,140.0,41440.438,-0.04114891016501812,294.54
US.QQQM,Invesco NASDAQ 100 ETF,2026-09-10 05:35:00,294.3592,294.24,294.38,294.18,0.0,0.0,113.0,33488.792,-0.060729817525228345,294.4188
US.QQQM,Invesco NASDAQ 100 ETF,2026-09-10 05:40:00,294.24,294.1904,294.2712,294.18,0.0,0.0,23.0,6853.46,-0.016856987493202177,294.24
US.QQQM,Invesco NASDAQ 100 ETF,2026-09-10 05:45:00,294.1887,294.33,294.33,294.08,0.0,0.0,428.0,125969.533,0.04745226220841097,294.1904
US.QQQM,Invesco NASDAQ 100 ETF,2026-09-10 05:50:00,294.44,294.5,294.5,294.43,0.0,0.0,572.0,168414.46,0.0577582985084823,294.33
US.QQQM,Invesco NASDAQ 100 ETF,2026-09-10 05:55:00,294.451,294.559,294.559,294.451,0.0,0.0,108.0,31848.569,0.020033955857394203,294.5
US.QQQM,Invesco NASDAQ 100 ETF,2026-09-10 06:00:00,294.559,294.491,294.59,294.47,0.0,0.0,31.0,9133.97,-0.023085358111631444,294.559
US.QQQM,Invesco NASDAQ 100 ETF,2026-09-10 06:05:00,294.47,294.57,294.57,294.43,0.0,0.0,29.0,8572.43,0.026825947142699685,294.491
US.QQQM,Invesco NASDAQ 100 ETF,2026-09-10 06:10:00,294.56,294.3979,294.56,294.3614,0.0,0.0,15.0,4446.45,-0.05842414366704022,294.57
US.QQQM,Invesco NASDAQ 100 ETF,2026-09-10 06:15:00,294.36,294.4,294.44,294.36,0.0,0.0,7.0,2203.283,0.0007133203056083103,294.3979
US.QQQM,Invesco NASDAQ 100 ETF,2026-09-10 06:20:00,294.43,294.4095,294.43,294.4,0.0,0.0,406.0,119540.01,0.0032269021739139703,294.4
US.QQQM,Invesco NASDAQ 100 ETF,2026-09-10 06:25:00,294.39,294.4098,294.4386,294.39,0.0,0.0,10.0,3014.405,0.00010189888574872098,294.4095
US.QQQM,Invesco NASDAQ 100 ETF,2026-09-10 06:30:00,294.41,294.37,294.5,294.37,0.0,0.0,70.0,20608.558,-0.01351857173233154,294.4098
US.QQQM,Invesco NASDAQ 100 ETF,2026-09-10 06:35:00,294.34,294.15,294.34,294.15,0.0,0.0,177.0,52127.589,-0.07473587661787115,294.37
US.QQQM,Invesco NASDAQ 100 ETF,2026-09-10 06:40:00,294.17,294.369,294.42,294.15,0.0,0.0,514.0,151524.582,0.07445181030088423,294.15
US.QQQM,Invesco NASDAQ 100 ETF,2026-09-10 06:45:00,294.41,294.38,294.45,294.38,0.0,0.0,147.0,43325.558,0.003736806525132489,294.369
US.QQQM,Invesco NASDAQ 100 ETF,2026-09-10 06:50:00,294.379,294.3314,294.379,294.3123,0.0,0.0,122.0,35935.923,-0.016509273727842156,294.38
US.QQQM,Invesco NASDAQ 100 ETF,2026-09-10 06:55:00,294.331,294.1692,294.35,294.16,0.0,0.0,509.0,149837.636,-0.055107949746436964,294.3314
US.QQQM,Invesco NASDAQ 100 ETF,2026-09-10 07:00:00,294.129,294.29,294.66,294.11,0.0,0.0,970.0,285588.171,0.04106480216148771,294.1692
US.QQQM,Invesco NASDAQ 100 ETF,2026-09-10 07:05:00,294.2091,293.9094,294.2098,293.78,0.0,0.0,1514.0,445293.28,-0.12932821366679648,294.29
US.QQQM,Invesco NASDAQ 100 ETF,2026-09-10 07:10:00,293.94,293.88,293.97,293.7785,0.0,0.0,110.0,32325.669,-0.010003082582595059,293.9094
US.QQQM,Invesco NASDAQ 100 ETF,2026-09-10 07:15:00,293.83,293.91,293.93,293.735,0.0,0.0,87.0,25727.834,0.010208248264607853,293.88
US.QQQM,Invesco NASDAQ 100 ETF,2026-09-10 07:20:00,293.9,293.82,293.9081,293.8197,0.0,0.0,147.0,43255.575,-0.030621618862928048,293.91
US.QQQM,Invesco NASDAQ 100 ETF,2026-09-10 07:25:00,293.81,293.85,293.8814,293.75,0.0,0.0,719.0,211249.123,0.010210332856861194,293.82
US.QQQM,Invesco NASDAQ 100 ETF,2026-09-10 07:30:00,293.89,293.85,293.89,293.8499,0.0,0.0,67.0,19688.521,0.0,293.85
US.QQQM,Invesco NASDAQ 100 ETF,2026-09-10 07:35:00,293.84,294.01,294.01,293.8263,0.0,0.0,6024.0,1770505.72,0.054449549089660765,293.85
US.QQQM,Invesco NASDAQ 100 ETF,2026-09-10 07:40:00,294.01,293.98,294.07,293.98,0.0,0.0,983.0,289085.98,-0.010203734566842189,294.01
US.QQQM,Invesco NASDAQ 100 ETF,2026-09-10 07:45:00,294.015,293.88,294.015,293.85,0.0,0.0,822.0,241640.067,-0.034015919450310475,293.98
US.QQQM,Invesco NASDAQ 100 ETF,2026-09-10 07:50:00,293.91,293.66,293.97,293.655,0.0,0.0,1560.0,458571.492,-0.0748604872737071,293.88
US.QQQM,Invesco NASDAQ 100 ETF,2026-09-10 07:55:00,293.61,293.411,293.61,293.38,0.0,0.0,882.0,258908.429,-0.08479193625281742,293.66
US.QQQM,Invesco NASDAQ 100 ETF,2026-09-10 08:00:00,293.3992,293.0991,293.3992,293.0991,0.0,0.0,789.0,231683.287,-0.1063013997430158,293.411
US.QQQM,Invesco NASDAQ 100 ETF,2026-09-10 08:05:00,293.15,292.9151,293.195,292.88,0.0,0.0,133.0,39167.765,-0.0627774019094654,293.0991
US.QQQM,Invesco NASDAQ 100 ETF,2026-09-10 08:10:00,292.9151,292.84,292.97,292.835,0.0,0.0,257.0,75317.491,-0.0256388284523469,292.9151
US.QQQM,Invesco NASDAQ 100 ETF,2026-09-10 08:15:00,292.82,293.02,293.0335,292.78,0.0,0.0,214.0,62813.8,0.061467012703184956,292.84
US.QQQM,Invesco NASDAQ 100 ETF,2026-09-10 08:20:00,293.051,292.81,293.051,292.8,0.0,0.0,175.0,51492.583,-0.07166746297180382,293.02
US.QQQM,Invesco NASDAQ 100 ETF,2026-09-10 08:25:00,292.7,292.66,292.77,292.65,0.0,0.0,621.0,181943.948,-0.05122775861479364,292.81
US.QQQM,Invesco NASDAQ 100 ETF,2026-09-10 08:30:00,292.6401,292.7,292.7,292.58,0.0,0.0,1038.0,303928.089,0.013667737306076545,292.66
US.QQQM,Invesco NASDAQ 100 ETF,2026-09-10 08:35:00,292.65,291.5674,292.88,291.5674,0.0,0.0,2550.0,745306.853,-0.3869490946361353,292.7
US.QQQM,Invesco NASDAQ 100 ETF,2026-09-10 08:40:00,291.58,291.58,291.84,291.47,0.0,0.0,1210.0,352953.183,0.004321470781700399,291.5674
US.QQQM,Invesco NASDAQ 100 ETF,2026-09-10 08:45:00,291.5674,291.48,291.57,291.3,0.0,0.0,2051.0,597834.77,-0.03429590506892308,291.58
US.QQQM,Invesco NASDAQ 100 ETF,2026-09-10 08:50:00,291.47,291.465,291.48,291.2,0.0,0.0,2281.0,664579.799,-0.005146150679306711,291.48
US.QQQM,Invesco NASDAQ 100 ETF,2026-09-10 08:55:00,291.445,291.29,291.5,291.15,0.0,0.0,1990.0,579813.834,-0.060041514418525226,291.465
US.QQQM,Invesco NASDAQ 100 ETF,2026-09-10 09:00:00,291.262,291.0,291.262,290.915,0.0,0.0,2710.0,788922.716,-0.09955714236672059,291.29
US.QQQM,Invesco NASDAQ 100 ETF,2026-09-10 09:05:00,291.021,291.3763,291.42,291.021,0.0,0.0,2411.0,702262.736,0.12931271477663736,291.0
US.QQQM,Invesco NASDAQ 100 ETF,2026-09-10 09:10:00,291.38,291.17,291.38,291.05,0.0,0.0,2330.0,678782.252,-0.07080191491209094,291.3763
US.QQQM,Invesco NASDAQ 100 ETF,2026-09-10 09:15:00,291.18,291.16,291.36,291.1469,0.0,0.0,1250.0,364286.772,-0.003434419754779306,291.17
US.QQQM,Invesco NASDAQ 100 ETF,2026-09-10 09:20:00,291.16,291.1092,291.2335,290.99,0.0,0.0,866.0,252305.208,-0.017447451573031295,291.16
US.QQQM,Invesco NASDAQ 100 ETF,2026-09-10 09:25:00,291.16,291.0,291.2,291.0,0.0,0.0,868.0,252826.582,-0.037511696641668174,291.1092
US.QQQM,Invesco NASDAQ 100 ETF,2026-09-10 09:30:00,291.07,291.41,291.41,290.9,0.0,0.0,4917.0,1432102.238,0.1408934707903866,291.0
US.QQQM,Invesco NASDAQ 100 ETF,2026-09-10 09:35:00,291.41,291.38,291.68,291.06,0.0,0.0,148282.0,43215080.821,-0.010294773686568599,291.41
US.QQQM,Invesco NASDAQ 100 ETF,2026-09-10 09:40:00,291.4,292.235,292.28,291.39,0.0,0.0,84221.0,24563080.793,0.29343125815087456,291.38
US.QQQM,Invesco NASDAQ 100 ETF,2026-09-10 09:45:00,292.24,291.82,292.385,291.79,0.0,0.0,39109.0,11425040.587,-0.14200899960648808,292.235
