code,name,time_key,open,close,high,low,pe_ratio,turnover_rate,volume,turnover,change_rate,last_close
US.SPY,SPDR S&P 500 ETF,2026-08-10 09:35:00,772.6,772.64,773.63,772.55,0.0,0.0,719295.0,556052423.789,-0.08018001707058488,773.26
US.SPY,SPDR S&P 500 ETF,2026-08-10 09:40:00,772.63,772.8,773.12,772.5,0.0,0.0,580184.0,448394600.353,0.020708221163797908,772.64
US.SPY,SPDR S&P 500 ETF,2026-08-10 09:45:00,772.79,772.66,773.11,772.52,0.0,0.0,512564.0,396127192.6,-0.018115942028983742,772.8
US.SPY,SPDR S&P 500 ETF,2026-08-10 09:50:00,772.65,773.13,773.26,772.62,0.0,0.0,570764.0,441172612.246,0.06082882509771793,772.66
US.SPY,SPDR S&P 500 ETF,2026-08-10 09:55:00,773.13,773.13,773.41,772.5,0.0,0.0,604314.0,467143212.612,0.0,773.13
US.SPY,SPDR S&P 500 ETF,2026-08-10 10:00:00,773.125,773.469,773.52,773.01,0.0,0.0,365910.0,282944190.29,0.043847735827099645,773.13
US.SPY,SPDR S&P 500 ETF,2026-08-10 10:05:00,773.42,773.72,773.85,773.39,0.0,0.0,1022728.0,791223312.213,0.032451203603502704,773.469
US.SPY,SPDR S&P 500 ETF,2026-08-10 10:10:00,773.68,774.025,774.03,773.57,0.0,0.0,411644.0,318541974.121,0.03941994519980742,773.72
US.SPY,SPDR S&P 500 ETF,2026-08-10 10:15:00,774.025,774.215,774.26,773.89,0.0,0.0,536936.0,415653257.306,0.02454701075547361,774.025
US.SPY,SPDR S&P 500 ETF,2026-08-10 10:20:00,774.22,774.29,774.35,773.97,0.0,0.0,352798.0,273121979.699,0.009687231582949412,774.215
US.SPY,SPDR S&P 500 ETF,2026-08-10 10:25:00,774.29,773.97,774.375,773.83,0.0,0.0,624988.0,483818898.347,-0.04132818453033571,774.29
US.SPY,SPDR S&P 500 ETF,2026-08-10 10:30:00,773.965,774.355,774.46,773.765,0.0,0.0,407555.0,315524923.641,0.049743530110985035,773.97
US.SPY,SPDR S&P 500 ETF,2026-08-10 10:35:00,774.355,774.36,774.69,774.27,0.0,0.0,616363.0,477375887.838,0.0006456986782542183,774.355
US.SPY,SPDR S&P 500 ETF,2026-08-10 10:40:00,774.355,774.34,774.62,774.1747,0.0,0.0,384354.0,297659568.975,-0.0025827780360532324,774.36
US.SPY,SPDR S&P 500 ETF,2026-08-10 10:45:00,774.34,774.6,774.64,774.305,0.0,0.0,378777.0,293357451.999,0.03357698168762958,774.34
US.SPY,SPDR S&P 500 ETF,2026-08-10 10:50:00,774.605,774.92,775.05,774.6,0.0,0.0,829782.0,642980889.06,0.04131164471984719,774.6
US.SPY,SPDR S&P 500 ETF,2026-08-10 10:55:00,774.93,773.88,774.95,773.8,0.0,0.0,618501.0,478946755.666,-0.13420740205440093,774.92
US.SPY,SPDR S&P 500 ETF,2026-08-10 11:00:00,773.85,773.515,774.11,773.5,0.0,0.0,473579.0,366474196.956,-0.047164935132063,773.88
US.SPY,SPDR S&P 500 ETF,2026-08-10 11:05:00,773.51,773.71,773.95,773.31,0.0,0.0,435585.0,336973000.391,0.025209595159764196,773.515
US.SPY,SPDR S&P 500 ETF,2026-08-10 11:10:00,773.71,773.58,774.03,773.58,0.0,0.0,341290.0,264108470.817,-0.016802161016400904,773.71
US.SPY,SPDR S&P 500 ETF,2026-08-10 11:15:00,773.55,773.82,773.92,773.45,0.0,0.0,302243.0,233829516.006,0.031024586985186935,773.58
US.SPY,SPDR S&P 500 ETF,2026-08-10 11:20:00,773.82,773.92,774.19,773.76,0.0,0.0,283530.0,219447324.701,0.012922901966853926,773.82
US.SPY,SPDR S&P 500 ETF,2026-08-10 11:25:00,773.92,773.92,774.1,773.8,0.0,0.0,267594.0,207119179.936,0.0,773.92
US.SPY,SPDR S&P 500 ETF,2026-08-10 11:30:00,773.92,773.74,773.99,773.42,0.0,0.0,197803.0,153029389.08,-0.02325821790365283,773.92
US.SPY,SPDR S&P 500 ETF,2026-08-10 11:35:00,773.76,773.39,773.87,773.36,0.0,0.0,215970.0,167073247.659,-0.045234833406573624,773.74
US.SPY,SPDR S&P 500 ETF,2026-08-10 11:40:00,773.405,773.28,773.6,773.23,0.0,0.0,354864.0,274440564.564,-0.01422309572143597,773.39
US.SPY,SPDR S&P 500 ETF,2026-08-10 11:45:00,773.27,773.79,773.805,773.16,0.0,0.0,188129.0,145518169.592,0.06595282433271142,773.28
US.SPY,SPDR S&P 500 ETF,2026-08-10 11:50:00,773.81,773.55,773.88,773.5101,0.0,0.0,173601.0,134313549.745,-0.03101616717714226,773.79
US.SPY,SPDR S&P 500 ETF,2026-08-10 11:55:00,773.565,774.21,774.34,773.495,0.0,0.0,248726.0,192503460.645,0.08532092301726868,773.55
US.SPY,SPDR S&P 500 ETF,2026-08-10 12:00:00,774.19,774.31,774.41,774.03,0.0,0.0,266276.0,206151791.29,0.012916392193320811,774.21
US.SPY,SPDR S&P 500 ETF,2026-08-10 12:05:00,774.34,774.165,774.435,774.04,0.0,0.0,242094.0,187441209.001,-0.01872634991153179,774.31
US.SPY,SPDR S&P 500 ETF,2026-08-10 12:10:00,774.17,773.99,774.2,773.875,0.0,0.0,219488.0,169891722.293,-0.022605000226044128,774.165
US.SPY,SPDR S&P 500 ETF,2026-08-10 12:15:00,774.0,773.78,774.14,773.78,0.0,0.0,282662.0,218705211.307,-0.027132133490101473,773.99
US.SPY,SPDR S&P 500 ETF,2026-08-10 12:20:00,773.78,773.69,773.79,773.45,0.0,0.0,240681.0,186206501.304,-0.011631213006270277,773.78
US.SPY,SPDR S&P 500 ETF,2026-08-10 12:25:00,773.67,773.765,773.86,773.48,0.0,0.0,183628.0,142065692.816,0.009693805012334628,773.69
US.SPY,SPDR S&P 500 ETF,2026-08-10 12:30:00,773.755,773.37,773.92,773.35,0.0,0.0,302496.0,234006777.967,-0.05104909113231819,773.765
US.SPY,SPDR S&P 500 ETF,2026-08-10 12:35:00,773.37,772.68,773.488,771.62,0.0,0.0,936420.0,723528647.797,-0.08921990767679824,773.37
US.SPY,SPDR S&P 500 ETF,2026-08-10 12:40:00,772.74,772.57,773.07,772.52,0.0,0.0,396695.0,306566638.315,-0.014236165035965724,772.68
US.SPY,SPDR S&P 500 ETF,2026-08-10 12:45:00,772.57,772.1599,772.64,771.975,0.0,0.0,399514.0,308525482.212,-0.053082568569845674,772.57
US.SPY,SPDR S&P 500 ETF,2026-08-10 12:50:00,772.16,772.61,772.63,771.93,0.0,0.0,343619.0,265379895.444,0.058291035315356364,772.1599
US.SPY,SPDR S&P 500 ETF,2026-08-10 12:55:00,772.63,772.53,772.64,772.26,0.0,0.0,163295.0,126135859.739,-0.01035451262603913,772.61
US.SPY,SPDR S&P 500 ETF,2026-08-10 13:00:00,772.53,772.95,772.96,772.52,0.0,0.0,217359.0,167964832.625,0.05436682070600142,772.53
US.SPY,SPDR S&P 500 ETF,2026-08-10 13:05:00,772.94,772.68,773.05,772.5,0.0,0.0,313394.0,242176113.4,-0.034931108092385726,772.95
US.SPY,SPDR S&P 500 ETF,2026-08-10 13:10:00,772.68,773.09,773.09,772.58,0.0,0.0,194387.0,150227286.146,0.05306206967956746,772.68
US.SPY,SPDR S&P 500 ETF,2026-08-10 13:15:00,773.07,773.11,773.25,772.9,0.0,0.0,222028.0,171734229.927,0.0025870209160617536,773.09
US.SPY,SPDR S&P 500 ETF,2026-08-10 13:20:00,773.115,773.14,773.28,772.9852,0.0,0.0,199357.0,154134679.247,0.003880430986531375,773.11
US.SPY,SPDR S&P 500 ETF,2026-08-10 13:25:00,773.1477,773.15,773.21,772.99,0.0,0.0,195943.0,151489660.539,0.00129342680497593,773.14
US.SPY,SPDR S&P 500 ETF,2026-08-10 13:30:00,773.14,773.1095,773.18,772.86,0.0,0.0,156590.0,121048508.629,-0.005238310806434948,773.15
US.SPY,SPDR S&P 500 ETF,2026-08-10 13:35:00,773.11,773.13,773.26,773.06,0.0,0.0,176744.0,136654849.191,0.0026516295557058845,773.1095
US.SPY,SPDR S&P 500 ETF,2026-08-10 13:40:00,773.12,772.845,773.16,772.7,0.0,0.0,176626.0,136524915.343,-0.036863140739586894,773.13
US.SPY,SPDR S&P 500 ETF,2026-08-10 13:45:00,772.84,772.65,772.97,772.61,0.0,0.0,159893.0,123566708.512,-0.025231450032031005,772.845
US.SPY,SPDR S&P 500 ETF,2026-08-10 13:50:00,772.66,772.68,772.76,772.55,0.0,0.0,154295.0,119219195.283,0.003882741215294469,772.65
US.SPY,SPDR S&P 500 ETF,2026-08-10 13:55:00,772.68,772.62,772.75,772.49,0.0,0.0,209841.0,162124126.085,-0.007765180928708577,772.68
US.SPY,SPDR S&P 500 ETF,2026-08-10 14:00:00,772.61,772.739,772.82,772.51,0.0,0.0,240955.0,186174107.711,0.01540213817918617,772.62
US.SPY,SPDR S&P 500 ETF,2026-08-10 14:05:00,772.73,772.74,772.88,772.66,0.0,0.0,232673.0,179795424.33,0.00012940980071878772,772.739
US.SPY,SPDR S&P 500 ETF,2026-08-10 14:10:00,772.74,772.94,773.02,772.65,0.0,0.0,265867.0,205473522.046,0.025881926650625758,772.74
US.SPY,SPDR S&P 500 ETF,2026-08-10 14:15:00,772.935,772.68,773.06,772.64,0.0,0.0,248991.0,192439086.775,-0.03363779853547553,772.94
US.SPY,SPDR S&P 500 ETF,2026-08-10 14:20:00,772.67,772.56,772.75,772.53,0.0,0.0,567473.0,438472220.354,-0.015530361857431866,772.68
US.SPY,SPDR S&P 500 ETF,2026-08-10 14:25:00,772.58,772.55,772.75,772.5,0.0,0.0,224045.0,173095854.463,-0.001294397846120807,772.56
US.SPY,SPDR S&P 500 ETF,2026-08-10 14:30:00,772.55,772.53,772.71,772.51,0.0,0.0,280750.0,216907071.041,-0.002588829201991044,772.55
US.SPY,SPDR S&P 500 ETF,2026-08-10 14:35:00,772.52,772.545,772.67,772.36,0.0,0.0,520451.0,402177367.966,0.001941672168069377,772.53
US.SPY,SPDR S&P 500 ETF,2026-08-10 14:40:00,772.54,772.56,772.71,772.32,0.0,0.0,314909.0,243276212.618,0.001941634467893308,772.545
US.SPY,SPDR S&P 500 ETF,2026-08-10 14:45:00,772.56,772.885,772.93,772.55,0.0,0.0,723233.0,558870519.414,0.042067929998970376,772.56
US.SPY,SPDR S&P 500 ETF,2026-08-10 14:50:00,772.88,772.85,772.93,772.74,0.0,0.0,357557.0,276327740.233,-0.004528487420504754,772.885
US.SPY,SPDR S&P 500 ETF,2026-08-10 14:55:00,772.84,773.11,773.15,772.84,0.0,0.0,214868.0,166092906.713,0.03364171572750092,772.85
US.SPY,SPDR S&P 500 ETF,2026-08-10 15:00:00,773.115,773.19,773.33,773.0,0.0,0.0,330709.0,255787772.866,0.010347815964098372,773.11
US.SPY,SPDR S&P 500 ETF,2026-08-10 15:05:00,773.2,773.19,773.32,773.05,0.0,0.0,380985.0,294663677.559,0.0,773.19
US.SPY,SPDR S&P 500 ETF,2026-08-10 15:10:00,773.185,773.39,773.4,773.11,0.0,0.0,229426.0,177414526.614,0.02586686325481858,773.19
US.SPY,SPDR S&P 500 ETF,2026-08-10 15:15:00,773.39,773.3,773.39,773.22,0.0,0.0,316025.0,244387052.564,-0.011637078317541193,773.39
US.SPY,SPDR S&P 500 ETF,2026-08-10 15:20:00,773.3,773.3,773.44,773.21,0.0,0.0,265623.0,205407186.692,0.0,773.3
US.SPY,SPDR S&P 500 ETF,2026-08-10 15:25:00,773.31,773.3701,773.4,773.1817,0.0,0.0,338109.0,261449951.138,0.009065045907154392,773.3
US.SPY,SPDR S&P 500 ETF,2026-08-10 15:30:00,773.39,772.93,773.39,772.88,0.0,0.0,285693.0,220873268.118,-0.05690677723382756,773.3701
US.SPY,SPDR S&P 500 ETF,2026-08-10 15:35:00,772.945,772.89,773.0008,772.73,0.0,0.0,337897.0,261154544.789,-0.005175112882145035,772.93
US.SPY,SPDR S&P 500 ETF,2026-08-10 15:40:00,772.88,773.1701,773.29,772.78,0.0,0.0,381573.0,294976581.629,0.036240603449399174,772.89
US.SPY,SPDR S&P 500 ETF,2026-08-10 15:45:00,773.19,773.085,773.2,772.94,0.0,0.0,319650.0,247122933.485,-0.011006633598481275,773.1701
US.SPY,SPDR S&P 500 ETF,2026-08-10 15:50:00,773.08,773.17,773.22,772.895,0.0,0.0,951189.0,735459853.703,0.010994910003417825,773.085
US.SPY,SPDR S&P 500 ETF,2026-08-10 15:55:00,773.16,772.38,773.16,772.355,0.0,0.0,1210273.0,935143714.045,-0.1021767528486573,773.17
US.SPY,SPDR S&P 500 ETF,2026-08-10 16:00:00,772.4,773.03,773.16,772.315,0.0,0.0,3052441.0,2359087275.55,0.0841554675159866,772.38
US.SPY,SPDR S&P 500 ETF,2026-08-11 09:35:00,774.53,773.47,774.61,773.23,0.0,0.0,796419.0,616297269.466,0.05691887766322841,773.03
US.SPY,SPDR S&P 500 ETF,2026-08-11 09:40:00,773.46,773.11,773.54,772.865,0.0,0.0,424986.0,328592465.291,-0.046543498778234924,773.47
US.SPY,SPDR S&P 500 ETF,2026-08-11 09:45:00,773.1198,773.3,773.71,773.1,0.0,0.0,324704.0,251138350.649,0.024576062914713415,773.11
US.SPY,SPDR S&P 500 ETF,2026-08-11 09:50:00,773.3,772.84,773.485,772.58,0.0,0.0,532155.0,411289309.625,-0.05948532264320738,773.3
US.SPY,SPDR S&P 500 ETF,2026-08-11 09:55:00,772.835,772.92,773.14,772.59,0.0,0.0,298628.0,230795259.903,0.010351431085338134,772.84
US.SPY,SPDR S&P 500 ETF,2026-08-11 10:00:00,772.88,773.615,773.64,772.8,0.0,0.0,380983.0,294600838.876,0.08991874967655773,772.92
US.SPY,SPDR S&P 500 ETF,2026-08-11 10:05:00,773.615,773.87,774.08,773.49,0.0,0.0,453413.0,350851748.269,0.0329621323268028,773.615
US.SPY,SPDR S&P 500 ETF,2026-08-11 10:10:00,773.855,773.79,773.97,773.55,0.0,0.0,329360.0,254844096.345,-0.010337653611076917,773.87
US.SPY,SPDR S&P 500 ETF,2026-08-11 10:15:00,773.8018,773.78,773.9762,773.59,0.0,0.0,251067.0,194264327.581,-0.0012923402990463698,773.79
US.SPY,SPDR S&P 500 ETF,2026-08-11 10:20:00,773.8,773.63,773.95,773.38,0.0,0.0,160164.0,123919304.341,-0.019385355010465153,773.78
US.SPY,SPDR S&P 500 ETF,2026-08-11 10:25:00,773.64,773.405,773.87,773.38,0.0,0.0,291948.0,225855383.954,-0.029083670488479343,773.63
US.SPY,SPDR S&P 500 ETF,2026-08-11 10:30:00,773.39,773.87,773.9499,773.33,0.0,0.0,406602.0,314540942.657,0.060123738532855596,773.405
US.SPY,SPDR S&P 500 ETF,2026-08-11 10:35:00,773.88,773.67,773.93,773.46,0.0,0.0,243056.0,188026660.277,-0.025844134027684942,773.87
US.SPY,SPDR S&P 500 ETF,2026-08-11 10:40:00,773.67,773.345,773.775,773.21,0.0,0.0,383063.0,296281844.37,-0.04200757428877064,773.67
US.SPY,SPDR S&P 500 ETF,2026-08-11 10:45:00,773.37,773.3699,773.62,773.28,0.0,0.0,201908.0,156166653.681,0.003219779011954867,773.345
US.SPY,SPDR S&P 500 ETF,2026-08-11 10:50:00,773.36,773.9,773.93,773.35,0.0,0.0,542337.0,437863239.631,0.06854417271734362,773.3699
US.SPY,SPDR S&P 500 ETF,2026-08-11 10:55:00,773.88,773.89,774.035,773.46,0.0,0.0,260399.0,201493329.893,-0.0012921566093798819,773.9
US.SPY,SPDR S&P 500 ETF,2026-08-11 11:00:00,773.89,773.62,774.03,773.545,0.0,0.0,271094.0,209762255.302,-0.0348886792696613,773.89
US.SPY,SPDR S&P 500 ETF,2026-08-11 11:05:00,773.63,773.5,773.81,773.375,0.0,0.0,207838.0,160786735.973,-0.015511491429901573,773.62
US.SPY,SPDR S&P 500 ETF,2026-08-11 11:10:00,773.505,772.805,773.5099,772.72,0.0,0.0,460107.0,355682087.738,-0.08985132514544926,773.5
US.SPY,SPDR S&P 500 ETF,2026-08-11 11:15:00,772.79,772.66,772.945,772.55,0.0,0.0,361664.0,279483000.701,-0.018762818563542137,772.805
US.SPY,SPDR S&P 500 ETF,2026-08-11 11:20:00,772.66,772.45,772.68,772.2,0.0,0.0,401598.0,310225849.191,-0.027178836745777278,772.66
US.SPY,SPDR S&P 500 ETF,2026-08-11 11:25:00,772.45,772.51,772.84,772.4,0.0,0.0,296689.0,229234751.751,0.007767493041613752,772.45
US.SPY,SPDR S&P 500 ETF,2026-08-11 11:30:00,772.52,772.401,772.7,772.4,0.0,0.0,200547.0,154930513.498,-0.014109849710688184,772.51
US.SPY,SPDR S&P 500 ETF,2026-08-11 11:35:00,772.41,771.945,772.56,771.805,0.0,0.0,336529.0,259898343.216,-0.059036692080914395,772.401
US.SPY,SPDR S&P 500 ETF,2026-08-11 11:40:00,771.95,771.86,772.13,771.75,0.0,0.0,395901.0,305628486.419,-0.011011147167225174,771.945
US.SPY,SPDR S&P 500 ETF,2026-08-11 11:45:00,771.855,772.18,772.21,771.78,0.0,0.0,295845.0,228408958.163,0.04145829554581613,771.86
US.SPY,SPDR S&P 500 ETF,2026-08-11 11:50:00,772.17,771.995,772.1764,771.8905,0.0,0.0,214049.0,165251984.653,-0.023958144474079287,772.18
US.SPY,SPDR S&P 500 ETF,2026-08-11 11:55:00,772.0,771.8399,772.248,771.77,0.0,0.0,246644.0,190397269.465,-0.020090803696923076,771.995
US.SPY,SPDR S&P 500 ETF,2026-08-11 12:00:00,771.84,772.0,772.14,771.79,0.0,0.0,315190.0,243300735.876,0.020742643649292652,771.8399
US.SPY,SPDR S&P 500 ETF,2026-08-11 12:05:00,772.03,772.04,772.31,772.01,0.0,0.0,212511.0,164094517.258,0.005181347150254355,772.0
US.SPY,SPDR S&P 500 ETF,2026-08-11 12:10:00,772.03,772.31,772.39,771.97,0.0,0.0,593104.0,458005517.515,0.03497228122894951,772.04
US.SPY,SPDR S&P 500 ETF,2026-08-11 12:15:00,772.3181,771.955,772.33,771.93,0.0,0.0,306154.0,236393793.69,-0.04596599810955504,772.31
US.SPY,SPDR S&P 500 ETF,2026-08-11 12:20:00,771.97,772.08,772.45,771.9662,0.0,0.0,986329.0,761664868.671,0.01619265371686173,771.955
US.SPY,SPDR S&P 500 ETF,2026-08-11 12:25:00,772.08,771.705,772.2,771.63,0.0,0.0,296824.0,229151039.158,-0.048570096363071184,772.08
US.SPY,SPDR S&P 500 ETF,2026-08-11 12:30:00,771.7,771.819,771.89,771.38,0.0,0.0,681859.0,526495911.699,0.014772484304224936,771.705
US.SPY,SPDR S&P 500 ETF,2026-08-11 12:35:00,771.8175,771.56,771.92,771.46,0.0,0.0,295569.0,228069448.353,-0.03355709045773874,771.819
US.SPY,SPDR S&P 500 ETF,2026-08-11 12:40:00,771.555,771.87,772.01,771.52,0.0,0.0,216295.0,166940789.074,0.04017833998652848,771.56
US.SPY,SPDR S&P 500 ETF,2026-08-11 12:45:00,771.86,771.58,771.86,771.55,0.0,0.0,290250.0,224147356.452,-0.0375710935779294,771.87
US.SPY,SPDR S&P 500 ETF,2026-08-11 12:50:00,771.58,771.43,771.6,771.28,0.0,0.0,599554.0,462459349.889,-0.019440628321119126,771.58
US.SPY,SPDR S&P 500 ETF,2026-08-11 12:55:00,771.44,771.38,771.56,771.3001,0.0,0.0,178660.0,137818570.522,-0.00648146947875433,771.43
US.SPY,SPDR S&P 500 ETF,2026-08-11 13:00:00,771.38,771.14,771.41,771.04,0.0,0.0,464586.0,358509481.883,-0.031113070082191538,771.38
US.SPY,SPDR S&P 500 ETF,2026-08-11 13:05:00,771.15,770.785,771.26,770.78,0.0,0.0,268966.0,207367648.153,-0.046035739295072,771.14
US.SPY,SPDR S&P 500 ETF,2026-08-11 13:10:00,770.78,770.88,771.1,770.76,0.0,0.0,198824.0,153282179.226,0.012325097141229691,770.785
US.SPY,SPDR S&P 500 ETF,2026-08-11 13:15:00,770.88,770.3266,770.88,770.3,0.0,0.0,244995.0,188787806.356,-0.07178808634288224,770.88
US.SPY,SPDR S&P 500 ETF,2026-08-11 13:20:00,770.31,770.755,770.8399,770.26,0.0,0.0,285396.0,219915368.397,0.05561277515277423,770.3266
US.SPY,SPDR S&P 500 ETF,2026-08-11 13:25:00,770.76,770.9,771.0,770.6,0.0,0.0,191558.0,147647800.026,0.018812722590185182,770.755
US.SPY,SPDR S&P 500 ETF,2026-08-11 13:30:00,770.89,770.85,771.01,770.66,0.0,0.0,158400.0,122100475.105,-0.006485925541568884,770.9
US.SPY,SPDR S&P 500 ETF,2026-08-11 13:35:00,770.85,770.94,770.95,770.73,0.0,0.0,156696.0,120781957.481,0.011675423234096365,770.85
US.SPY,SPDR S&P 500 ETF,2026-08-11 13:40:00,770.945,770.875,771.13,770.77,0.0,0.0,235620.0,181654850.076,-0.008431265727560453,770.94
US.SPY,SPDR S&P 500 ETF,2026-08-11 13:45:00,770.89,771.27,771.31,770.79,0.0,0.0,230674.0,177883554.468,0.05124047348791721,770.875
US.SPY,SPDR S&P 500 ETF,2026-08-11 13:50:00,771.26,771.1703,771.355,771.12,0.0,0.0,140134.0,108076685.436,-0.012926731235492674,771.27
US.SPY,SPDR S&P 500 ETF,2026-08-11 13:55:00,771.195,771.295,771.33,771.15,0.0,0.0,150461.0,116042674.454,0.016170228547437788,771.1703
US.SPY,SPDR S&P 500 ETF,2026-08-11 14:00:00,771.31,771.2399,771.31,771.11,0.0,0.0,168449.0,129909999.139,-0.007143829533437254,771.295
US.SPY,SPDR S&P 500 ETF,2026-08-11 14:05:00,771.22,771.065,771.2395,770.9,0.0,0.0,288307.0,222308889.169,-0.022677768616481023,771.2399
US.SPY,SPDR S&P 500 ETF,2026-08-11 14:10:00,771.07,770.69,771.16,770.67,0.0,0.0,192459.0,148357614.565,-0.048634032150337514,771.065
US.SPY,SPDR S&P 500 ETF,2026-08-11 14:15:00,770.7,770.835,770.91,770.65,0.0,0.0,285118.0,219777274.342,0.018814309255340254,770.69
US.SPY,SPDR S&P 500 ETF,2026-08-11 14:20:00,770.84,770.75,770.94,770.64,0.0,0.0,189410.0,145989564.577,-0.011027003184862699,770.835
US.SPY,SPDR S&P 500 ETF,2026-08-11 14:25:00,770.74,770.49,770.75,770.28,0.0,0.0,275463.0,212229273.366,-0.03373337658125085,770.75
US.SPY,SPDR S&P 500 ETF,2026-08-11 14:30:00,770.5,769.5,770.56,769.2,0.0,0.0,469564.0,361550133.519,-0.12848966242261536,770.49
US.SPY,SPDR S&P 500 ETF,2026-08-11 14:35:00,769.52,770.0,770.05,769.515,0.0,0.0,831633.0,641038639.938,0.0649772579597141,769.5
US.SPY,SPDR S&P 500 ETF,2026-08-11 14:40:00,770.005,770.01,770.22,769.93,0.0,0.0,308663.0,237694739.735,0.0012987012987001176,770.0
US.SPY,SPDR S&P 500 ETF,2026-08-11 14:45:00,770.0,769.79,770.0,769.66,0.0,0.0,386269.0,297352821.683,-0.028571057518737068,770.01
US.SPY,SPDR S&P 500 ETF,2026-08-11 14:50:00,769.78,770.34,770.35,769.78,0.0,0.0,239437.0,184376904.91,0.07144805726237913,769.79
US.SPY,SPDR S&P 500 ETF,2026-08-11 14:55:00,770.325,770.37,770.465,770.14,0.0,0.0,286978.0,221052897.501,0.003894384297838969,770.34
US.SPY,SPDR S&P 500 ETF,2026-08-11 15:00:00,770.355,770.075,770.38,770.06,0.0,0.0,163629.0,126030682.957,-0.03829328764099836,770.37
US.SPY,SPDR S&P 500 ETF,2026-08-11 15:05:00,770.09,770.095,770.21,769.89,0.0,0.0,209025.0,160963498.01,0.0025971496282805972,770.075
US.SPY,SPDR S&P 500 ETF,2026-08-11 15:10:00,770.095,770.08,770.17,769.85,0.0,0.0,301660.0,232270112.712,-0.0019478116336278455,770.095
US.SPY,SPDR S&P 500 ETF,2026-08-11 15:15:00,770.09,770.24,770.38,770.02,0.0,0.0,215689.0,166129434.241,0.020777062123411613,770.08
US.SPY,SPDR S&P 500 ETF,2026-08-11 15:20:00,770.27,770.44,770.4901,770.17,0.0,0.0,319524.0,246144623.731,0.025965932696308355,770.24
US.SPY,SPDR S&P 500 ETF,2026-08-11 15:25:00,770.44,770.64,770.67,770.37,0.0,0.0,276721.0,213221962.388,0.02595919214993144,770.44
US.SPY,SPDR S&P 500 ETF,2026-08-11 15:30:00,770.639,770.63,770.69,770.45,0.0,0.0,434920.0,335444816.548,-0.0012976227551114534,770.64
US.SPY,SPDR S&P 500 ETF,2026-08-11 15:35:00,770.63,770.8,770.84,770.55,0.0,0.0,500736.0,386220421.398,0.02205987309084244,770.63
US.SPY,SPDR S&P 500 ETF,2026-08-11 15:40:00,770.79,771.05,771.095,770.7,0.0,0.0,320217.0,246869089.499,0.03243383497664764,770.8
US.SPY,SPDR S&P 500 ETF,2026-08-11 15:45:00,771.07,770.715,771.07,770.68,0.0,0.0,377340.0,290877982.346,-0.043447247260219535,771.05
US.SPY,SPDR S&P 500 ETF,2026-08-11 15:50:00,770.72,770.38,770.72,770.29,0.0,0.0,798026.0,615482333.633,-0.043466132098121404,770.715
US.SPY,SPDR S&P 500 ETF,2026-08-11 15:55:00,770.39,770.4,770.47,769.79,0.0,0.0,610583.0,470198563.852,0.002596121394634052,770.38
US.SPY,SPDR S&P 500 ETF,2026-08-11 16:00:00,770.41,770.56,770.64,769.84,0.0,0.0,3478415.0,2680358326.977,0.020768431983381123,770.4
US.SPY,SPDR S&P 500 ETF,2026-08-12 09:35:00,774.71,773.065,774.9,772.72,0.0,0.0,1132627.0,876400807.028,0.3250882475083199,770.56
US.SPY,SPDR S&P 500 ETF,2026-08-12 09:40:00,773.05,772.88,773.515,772.805,0.0,0.0,545686.0,421882198.057,-0.023930717339429298,773.065
US.SPY,SPDR S&P 500 ETF,2026-08-12 09:45:00,772.89,772.8095,773.12,772.455,0.0,0.0,541410.0,418397259.597,-0.00912172652934973,772.88
US.SPY,SPDR S&P 500 ETF,2026-08-12 09:50:00,772.82,773.54,773.65,772.362,0.0,0.0,681927.0,527143169.917,0.09452523552052691,772.8095
US.SPY,SPDR S&P 500 ETF,2026-08-12 09:55:00,773.54,772.615,773.54,772.565,0.0,0.0,475099.0,367240140.813,-0.11958011221138592,773.54
US.SPY,SPDR S&P 500 ETF,2026-08-12 10:00:00,772.615,772.59,772.78,772.09,0.0,0.0,420109.0,324508066.316,-0.0032357642551564835,772.615
US.SPY,SPDR S&P 500 ETF,2026-08-12 10:05:00,772.595,771.94,772.82,771.93,0.0,0.0,502816.0,388341711.037,-0.08413259296651228,772.59
US.SPY,SPDR S&P 500 ETF,2026-08-12 10:10:00,771.94,772.4,772.51,771.88,0.0,0.0,479909.0,370623213.047,0.05959012358472455,771.94
US.SPY,SPDR S&P 500 ETF,2026-08-12 10:15:00,772.39,772.38,772.72,772.16,0.0,0.0,318558.0,246080929.14,-0.0025893319523539373,772.4
US.SPY,SPDR S&P 500 ETF,2026-08-12 10:20:00,772.36,772.5,773.02,772.23,0.0,0.0,397186.0,306893084.003,0.015536394002952503,772.38
US.SPY,SPDR S&P 500 ETF,2026-08-12 10:25:00,772.5,772.965,773.03,772.18,0.0,0.0,308749.0,238548364.068,0.060194174757285675,772.5
US.SPY,SPDR S&P 500 ETF,2026-08-12 10:30:00,772.94,772.795,773.305,772.59,0.0,0.0,350678.0,271069628.161,-0.021993233846302584,772.965
US.SPY,SPDR S&P 500 ETF,2026-08-12 10:35:00,772.79,772.07,772.9808,771.28,0.0,0.0,941008.0,726668468.321,-0.0938153067760414,772.795
US.SPY,SPDR S&P 500 ETF,2026-08-12 10:40:00,772.06,772.79,772.79,771.92,0.0,0.0,327458.0,252926728.09,0.09325579286851109,772.07
US.SPY,SPDR S&P 500 ETF,2026-08-12 10:45:00,772.7799,773.06,773.09,772.68,0.0,0.0,357018.0,275933673.083,0.034938340299432165,772.79
US.SPY,SPDR S&P 500 ETF,2026-08-12 10:50:00,773.06,772.68,773.2,772.42,0.0,0.0,247259.0,191081225.648,-0.049155304892245816,773.06
US.SPY,SPDR S&P 500 ETF,2026-08-12 10:55:00,772.68,772.06,772.71,771.99,0.0,0.0,270289.0,208749859.736,-0.08024020293006219,772.68
US.SPY,SPDR S&P 500 ETF,2026-08-12 11:00:00,772.04,772.22,772.34,771.82,0.0,0.0,311045.0,240169198.049,0.020723777944729925,772.06
US.SPY,SPDR S&P 500 ETF,2026-08-12 11:05:00,772.2209,771.87,772.29,771.76,0.0,0.0,217201.0,167682666.333,-0.04532387143560419,772.22
US.SPY,SPDR S&P 500 ETF,2026-08-12 11:10:00,771.865,772.09,772.21,771.71,0.0,0.0,281904.0,217628728.999,0.028502208921194927,771.87
US.SPY,SPDR S&P 500 ETF,2026-08-12 11:15:00,772.12,772.17,772.41,771.77,0.0,0.0,234376.0,180949628.878,0.010361486355208232,772.09
US.SPY,SPDR S&P 500 ETF,2026-08-12 11:20:00,772.13,772.1,772.3199,771.94,0.0,0.0,143345.0,110684382.945,-0.009065361254637753,772.17
US.SPY,SPDR S&P 500 ETF,2026-08-12 11:25:00,772.122,771.909,772.19,771.72,0.0,0.0,539654.0,416596858.155,-0.024737728273543702,772.1
US.SPY,SPDR S&P 500 ETF,2026-08-12 11:30:00,771.89,772.37,772.37,771.845,0.0,0.0,116446.0,89898512.098,0.05972206568390999,771.909
US.SPY,SPDR S&P 500 ETF,2026-08-12 11:35:00,772.4,771.9,772.47,771.665,0.0,0.0,235750.0,182022870.981,-0.06085166435775953,772.37
US.SPY,SPDR S&P 500 ETF,2026-08-12 11:40:00,771.89,771.685,772.19,771.665,0.0,0.0,186926.0,144302248.098,-0.02785334887939265,771.9
US.SPY,SPDR S&P 500 ETF,2026-08-12 11:45:00,771.67,771.8,771.97,771.56,0.0,0.0,555107.0,428384965.051,0.014902453721403046,771.685
US.SPY,SPDR S&P 500 ETF,2026-08-12 11:50:00,771.8,772.17,772.17,771.7699,0.0,0.0,131283.0,101337131.018,0.047939880798134826,771.8
US.SPY,SPDR S&P 500 ETF,2026-08-12 11:55:00,772.19,771.98,772.19,771.84,0.0,0.0,155134.0,119763123.402,-0.024605980548317193,772.17
US.SPY,SPDR S&P 500 ETF,2026-08-12 12:00:00,771.94,772.03,772.08,771.87,0.0,0.0,160659.0,124028560.439,0.0064768517319042625,771.98
US.SPY,SPDR S&P 500 ETF,2026-08-12 12:05:00,772.015,772.22,772.43,771.97,0.0,0.0,187243.0,144599360.444,0.02461044259938792,772.03
US.SPY,SPDR S&P 500 ETF,2026-08-12 12:10:00,772.22,772.35,772.36,771.98,0.0,0.0,174933.0,135084120.686,0.01683458081893702,772.22
US.SPY,SPDR S&P 500 ETF,2026-08-12 12:15:00,772.37,772.5199,772.62,772.2,0.0,0.0,407806.0,314760003.193,0.021997798925355624,772.35
US.SPY,SPDR S&P 500 ETF,2026-08-12 12:20:00,772.53,772.4343,772.62,772.36,0.0,0.0,245947.0,189992411.355,-0.01108062070634031,772.5199
US.SPY,SPDR S&P 500 ETF,2026-08-12 12:25:00,772.4353,772.57,772.64,772.32,0.0,0.0,209069.0,161504681.075,0.017567837161043025,772.4343
US.SPY,SPDR S&P 500 ETF,2026-08-12 12:30:00,772.58,772.45,772.67,772.41,0.0,0.0,181275.0,140038942.784,-0.01553257310017274,772.57
US.SPY,SPDR S&P 500 ETF,2026-08-12 12:35:00,772.45,772.2,772.53,772.18,0.0,0.0,269664.0,208273479.925,-0.03236455434008673,772.45
US.SPY,SPDR S&P 500 ETF,2026-08-12 12:40:00,772.2,772.76,772.77,772.18,0.0,0.0,190497.0,147159139.995,0.07252007252006545,772.2
US.SPY,SPDR S&P 500 ETF,2026-08-12 12:45:00,772.76,772.74,772.91,772.66,0.0,0.0,204067.0,157701321.674,-0.002588125679380637,772.76
US.SPY,SPDR S&P 500 ETF,2026-08-12 12:50:00,772.76,772.85,772.887,772.56,0.0,0.0,185904.0,143653608.996,0.014235059657842695,772.74
US.SPY,SPDR S&P 500 ETF,2026-08-12 12:55:00,772.85,773.065,773.2,772.84,0.0,0.0,264186.0,204241432.278,0.027819111082361625,772.85
US.SPY,SPDR S&P 500 ETF,2026-08-12 13:00:00,773.06,772.905,773.08,772.81,0.0,0.0,222864.0,172262641.648,-0.02069683661788877,773.065
US.SPY,SPDR S&P 500 ETF,2026-08-12 13:05:00,772.91,773.05,773.1,772.84,0.0,0.0,206052.0,159275271.609,0.01876039099242233,772.905
US.SPY,SPDR S&P 500 ETF,2026-08-12 13:10:00,773.055,773.01,773.29,773.0,0.0,0.0,223829.0,173055167.119,-0.005174309553064306,773.05
US.SPY,SPDR S&P 500 ETF,2026-08-12 13:15:00,773.0199,773.03,773.07,772.77,0.0,0.0,166708.0,128856790.124,0.00258728865085598,773.01
US.SPY,SPDR S&P 500 ETF,2026-08-12 13:20:00,773.03,772.77,773.03,772.61,0.0,0.0,300932.0,232542750.717,-0.03363388225553871,773.03
US.SPY,SPDR S&P 500 ETF,2026-08-12 13:25:00,772.77,772.79,772.905,772.66,0.0,0.0,153295.0,118465497.785,0.002588092187841377,772.77
US.SPY,SPDR S&P 500 ETF,2026-08-12 13:30:00,772.78,772.78,773.025,772.73,0.0,0.0,175065.0,135309456.801,-0.001294012603681583,772.79
US.SPY,SPDR S&P 500 ETF,2026-08-12 13:35:00,772.83,772.9,773.0,772.7,0.0,0.0,307718.0,237530515.875,0.015528352183028102,772.78
US.SPY,SPDR S&P 500 ETF,2026-08-12 13:40:00,772.9,772.865,772.95,772.76,0.0,0.0,161640.0,124926236.595,-0.004528399534217644,772.9
US.SPY,SPDR S&P 500 ETF,2026-08-12 13:45:00,772.86,772.88,772.97,772.72,0.0,0.0,175303.0,135490712.118,0.001940830546083256,772.865
US.SPY,SPDR S&P 500 ETF,2026-08-12 13:50:00,772.86,772.8,772.96,772.76,0.0,0.0,145347.0,112333487.32,-0.010350895352453282,772.88
US.SPY,SPDR S&P 500 ETF,2026-08-12 13:55:00,772.79,772.75,772.98,772.73,0.0,0.0,203108.0,156976970.502,-0.006469979296060369,772.8
US.SPY,SPDR S&P 500 ETF,2026-08-12 14:00:00,772.75,772.8101,772.895,772.6414,0.0,0.0,134375.0,103843464.386,0.007777418311230542,772.75
US.SPY,SPDR S&P 500 ETF,2026-08-12 14:05:00,772.81,772.91,772.96,772.78,0.0,0.0,195518.0,151109640.506,0.012926849687903166,772.8101
US.SPY,SPDR S&P 500 ETF,2026-08-12 14:10:00,772.89,772.89,772.98,772.81,0.0,0.0,154142.0,119132861.373,-0.002587623397288405,772.91
US.SPY,SPDR S&P 500 ETF,2026-08-12 14:15:00,772.888763,773.11,773.21,772.888763,0.0,0.0,220059.0,170125124.042,0.028464593926694263,772.89
US.SPY,SPDR S&P 500 ETF,2026-08-12 14:20:00,773.11,773.13,773.13,772.98,0.0,0.0,323085.0,249447555.045,0.0025869539910209167,773.11
US.SPY,SPDR S&P 500 ETF,2026-08-12 14:25:00,773.12,773.225,773.23,772.96,0.0,0.0,208148.0,160920503.394,0.0122877135798672,773.13
US.SPY,SPDR S&P 500 ETF,2026-08-12 14:30:00,773.23,773.09,773.31,773.07,0.0,0.0,189258.0,146330801.578,-0.017459342364769752,773.225
US.SPY,SPDR S&P 500 ETF,2026-08-12 14:35:00,773.09,773.345,773.469,773.09,0.0,0.0,198851.0,153774708.51,0.032984516679816764,773.09
US.SPY,SPDR S&P 500 ETF,2026-08-12 14:40:00,773.33,773.425,773.49,773.33,0.0,0.0,213080.0,164803060.346,0.010344671524342593,773.345
US.SPY,SPDR S&P 500 ETF,2026-08-12 14:45:00,773.42,773.51,773.63,773.42,0.0,0.0,222540.0,172148021.697,0.010990076607303409,773.425
US.SPY,SPDR S&P 500 ETF,2026-08-12 14:50:00,773.515,773.525,773.55,773.38,0.0,0.0,248126.0,191920182.675,0.001939212162736921,773.51
US.SPY,SPDR S&P 500 ETF,2026-08-12 14:55:00,773.53,773.44,773.63,773.44,0.0,0.0,198070.0,153214565.068,-0.010988655828825532,773.525
US.SPY,SPDR S&P 500 ETF,2026-08-12 15:00:00,773.45,773.06,773.45,773.04,0.0,0.0,299350.0,231466021.104,-0.04913115432355569,773.44
US.SPY,SPDR S&P 500 ETF,2026-08-12 15:05:00,773.035,773.2503,773.325,773.02,0.0,0.0,222343.0,171918333.754,0.024616459265787,773.06
US.SPY,SPDR S&P 500 ETF,2026-08-12 15:10:00,773.256,773.23,773.38,773.21,0.0,0.0,490149.0,378335917.902,-0.002625281878328426,773.2503
US.SPY,SPDR S&P 500 ETF,2026-08-12 15:15:00,773.23,773.07,773.28,773.0,0.0,0.0,204122.0,157814923.336,-0.020692420107855124,773.23
US.SPY,SPDR S&P 500 ETF,2026-08-12 15:20:00,773.07,773.145,773.22,773.055,0.0,0.0,400126.0,309358264.128,0.009701579417120285,773.07
US.SPY,SPDR S&P 500 ETF,2026-08-12 15:25:00,773.14,772.87,773.16,772.8,0.0,0.0,257062.0,198688557.452,-0.03556900710733139,773.145
US.SPY,SPDR S&P 500 ETF,2026-08-12 15:30:00,772.87,772.98,772.99,772.81,0.0,0.0,338452.0,261294323.23,0.014232665260653622,772.87
US.SPY,SPDR S&P 500 ETF,2026-08-12 15:35:00,772.98,772.88,773.02,772.8,0.0,0.0,322122.0,248970031.036,-0.012936945328471982,772.98
US.SPY,SPDR S&P 500 ETF,2026-08-12 15:40:00,772.87,772.89,773.0,772.84,0.0,0.0,369349.0,285479661.597,0.0012938619190548215,772.88
US.SPY,SPDR S&P 500 ETF,2026-08-12 15:45:00,772.88,772.865,772.91,772.56,0.0,0.0,301467.0,232950156.924,-0.0032346129462119144,772.89
US.SPY,SPDR S&P 500 ETF,2026-08-12 15:50:00,772.86,772.88,773.0,772.7,0.0,0.0,452701.0,349877898.433,0.001940830546083256,772.865
US.SPY,SPDR S&P 500 ETF,2026-08-12 15:55:00,772.88,772.24,772.9,772.17,0.0,0.0,838011.0,647310152.822,-0.08280716281958213,772.88
US.SPY,SPDR S&P 500 ETF,2026-08-12 16:00:00,772.26,772.49,772.72,772.0,0.0,0.0,2327026.0,1797348295.83,0.03237335543354397,772.24
US.SPY,SPDR S&P 500 ETF,2026-08-13 09:35:00,774.87,775.3808,775.49,774.111,0.0,0.0,709298.0,549543155.49,0.3742184364846164,772.49
US.SPY,SPDR S&P 500 ETF,2026-08-13 09:40:00,775.39,776.44,776.47,775.36,0.0,0.0,709921.0,550867650.189,0.13660384678083756,775.3808
US.SPY,SPDR S&P 500 ETF,2026-08-13 09:45:00,776.44,775.71,776.44,775.55,0.0,0.0,478539.0,371369464.754,-0.09401885528824097,776.44
US.SPY,SPDR S&P 500 ETF,2026-08-13 09:50:00,775.72,776.84,776.9603,775.62,0.0,0.0,560232.0,435052367.568,0.14567299635172878,775.71
US.SPY,SPDR S&P 500 ETF,2026-08-13 09:55:00,776.84,777.15,777.17,776.67,0.0,0.0,516829.0,401521003.127,0.039905257195811936,776.84
US.SPY,SPDR S&P 500 ETF,2026-08-13 10:00:00,777.135,777.61,777.69,776.93,0.0,0.0,518088.0,402717070.441,0.059190632439044766,777.15
US.SPY,SPDR S&P 500 ETF,2026-08-13 10:05:00,777.6,778.225,778.25,777.52,0.0,0.0,529164.0,411664977.021,0.07908848908836166,777.61
US.SPY,SPDR S&P 500 ETF,2026-08-13 10:10:00,778.225,778.14,778.39,777.93,0.0,0.0,448920.0,349323606.865,-0.010922291111187173,778.225
US.SPY,SPDR S&P 500 ETF,2026-08-13 10:15:00,778.15,778.51,778.55,778.13,0.0,0.0,353317.0,275021392.936,0.04754928419050615,778.14
US.SPY,SPDR S&P 500 ETF,2026-08-13 10:20:00,778.525,778.53,778.66,778.0232,0.0,0.0,348237.0,271058499.604,0.0025690100319818382,778.51
US.SPY,SPDR S&P 500 ETF,2026-08-13 10:25:00,778.54,779.0295,779.21,778.39,0.0,0.0,453879.0,353544343.899,0.0641593772879673,778.53
US.SPY,SPDR S&P 500 ETF,2026-08-13 10:30:00,779.03,779.19,779.25,778.91,0.0,0.0,271730.0,211704499.541,0.020602557412789893,779.0295
US.SPY,SPDR S&P 500 ETF,2026-08-13 10:35:00,779.19,779.22,779.37,778.98,0.0,0.0,464814.0,362166515.654,0.003850152081003698,779.19
US.SPY,SPDR S&P 500 ETF,2026-08-13 10:40:00,779.22,779.065,779.37,778.75,0.0,0.0,416697.0,324654526.973,-0.019891686558349723,779.22
US.SPY,SPDR S&P 500 ETF,2026-08-13 10:45:00,779.065,778.5695,779.11,778.5695,0.0,0.0,391280.0,304740702.083,-0.06360188174287208,779.065
US.SPY,SPDR S&P 500 ETF,2026-08-13 10:50:00,778.54,777.68,778.55,777.53,0.0,0.0,490215.0,381388889.454,-0.11424798942162495,778.5695
US.SPY,SPDR S&P 500 ETF,2026-08-13 10:55:00,777.69,777.84,777.935,777.57,0.0,0.0,628298.0,487358276.633,0.02057401501904149,777.68
US.SPY,SPDR S&P 500 ETF,2026-08-13 11:00:00,777.84,777.76,777.97,777.38,0.0,0.0,299017.0,232559344.227,-0.010284891494399996,777.84
US.SPY,SPDR S&P 500 ETF,2026-08-13 11:05:00,777.77,777.38,778.23,777.32,0.0,0.0,292950.0,227875169.717,-0.0488582596173621,777.76
US.SPY,SPDR S&P 500 ETF,2026-08-13 11:10:00,777.37,777.235,777.605,776.965,0.0,0.0,364552.0,283355383.082,-0.018652396511356327,777.38
US.SPY,SPDR S&P 500 ETF,2026-08-13 11:15:00,777.24,777.12,777.37,777.02,0.0,0.0,379276.0,294774394.175,-0.014796039807781313,777.235
US.SPY,SPDR S&P 500 ETF,2026-08-13 11:20:00,777.125,777.175,777.25,776.7213,0.0,0.0,269665.0,209524936.961,0.0070774140415830215,777.12
US.SPY,SPDR S&P 500 ETF,2026-08-13 11:25:00,777.15,776.915,777.26,776.825,0.0,0.0,311173.0,241788647.95,-0.033454498665035665,777.175
US.SPY,SPDR S&P 500 ETF,2026-08-13 11:30:00,776.92,776.17,776.93,775.92,0.0,0.0,783688.0,608511188.134,-0.09589208600683531,776.915
US.SPY,SPDR S&P 500 ETF,2026-08-13 11:35:00,776.18,775.73,776.31,775.71,0.0,0.0,364887.0,283186181.613,-0.056688612030861917,776.17
US.SPY,SPDR S&P 500 ETF,2026-08-13 11:40:00,775.74,775.96,776.15,775.58,0.0,0.0,843774.0,654629195.831,0.029649491446768615,775.73
US.SPY,SPDR S&P 500 ETF,2026-08-13 11:45:00,775.95,775.965,776.37,775.7,0.0,0.0,345484.0,268140173.729,0.0006443631115000067,775.96
US.SPY,SPDR S&P 500 ETF,2026-08-13 11:50:00,775.96,775.9099,776.13,775.7,0.0,0.0,237330.0,184149872.439,-0.007100835733575427,775.965
US.SPY,SPDR S&P 500 ETF,2026-08-13 11:55:00,775.895,775.66,775.93,775.52,0.0,0.0,194006.0,150499055.623,-0.0322073477861315,775.9099
US.SPY,SPDR S&P 500 ETF,2026-08-13 12:00:00,775.66,775.49,775.93,775.38,0.0,0.0,263522.0,204398004.083,-0.02191681922491286,775.66
US.SPY,SPDR S&P 500 ETF,2026-08-13 12:05:00,775.48,775.8999,776.05,775.46,0.0,0.0,207584.0,161050987.651,0.0528569033772187,775.49
US.SPY,SPDR S&P 500 ETF,2026-08-13 12:10:00,775.91,775.965,776.29,775.89,0.0,0.0,204479.0,158693312.108,0.008390257557711951,775.8999
US.SPY,SPDR S&P 500 ETF,2026-08-13 12:15:00,775.965,775.69,776.12,775.675,0.0,0.0,153999.0,119485895.206,-0.03543974277190044,775.965
US.SPY,SPDR S&P 500 ETF,2026-08-13 12:20:00,775.6923,775.85,775.88,775.6,0.0,0.0,198578.0,154048847.811,0.020626796787372295,775.69
US.SPY,SPDR S&P 500 ETF,2026-08-13 12:25:00,775.85,776.06,776.09,775.76,0.0,0.0,207351.0,160895673.164,0.027067087710243305,775.85
US.SPY,SPDR S&P 500 ETF,2026-08-13 12:30:00,776.065,776.52,776.52,776.045,0.0,0.0,543636.0,421105154.824,0.059273767492208904,776.06
US.SPY,SPDR S&P 500 ETF,2026-08-13 12:35:00,776.525,776.64,776.71,776.405,0.0,0.0,278288.0,216113982.721,0.0154535620460522,776.52
US.SPY,SPDR S&P 500 ETF,2026-08-13 12:40:00,776.64,776.29,776.7,776.2199,0.0,0.0,258114.0,200441806.083,-0.045065925010303716,776.64
US.SPY,SPDR S&P 500 ETF,2026-08-13 12:45:00,776.2857,776.44,776.51,776.205,0.0,0.0,159486.0,123819715.067,0.019322675804157075,776.29
US.SPY,SPDR S&P 500 ETF,2026-08-13 12:50:00,776.4147,776.61,776.67,776.4147,0.0,0.0,180288.0,140007334.503,0.02189480191643386,776.44
US.SPY,SPDR S&P 500 ETF,2026-08-13 12:55:00,776.61,776.69,776.8,776.595,0.0,0.0,160993.0,125044099.023,0.010301180772851358,776.61
US.SPY,SPDR S&P 500 ETF,2026-08-13 13:00:00,776.68,776.7,776.76,776.585,0.0,0.0,126149.0,97977306.33,0.0012875149673603245,776.69
US.SPY,SPDR S&P 500 ETF,2026-08-13 13:05:00,776.71,776.99,777.05,776.71,0.0,0.0,156094.0,121275658.793,0.03733745332817866,776.7
US.SPY,SPDR S&P 500 ETF,2026-08-13 13:10:00,777.0,777.25,777.38,776.93,0.0,0.0,168492.0,130945233.101,0.033462464124376236,776.99
US.SPY,SPDR S&P 500 ETF,2026-08-13 13:15:00,777.25,777.19,777.3,777.09,0.0,0.0,121139.0,94148882.534,-0.007719523962681947,777.25
US.SPY,SPDR S&P 500 ETF,2026-08-13 13:20:00,777.17,777.4,777.4,777.17,0.0,0.0,139750.0,108626072.843,0.027020419717176326,777.19
US.SPY,SPDR S&P 500 ETF,2026-08-13 13:25:00,777.405,777.28,777.48,777.17,0.0,0.0,122788.0,95442459.29,-0.015436068947775218,777.4
US.SPY,SPDR S&P 500 ETF,2026-08-13 13:30:00,777.29,777.11,777.31,777.09,0.0,0.0,134991.0,104915604.1,-0.021871140386985267,777.28
US.SPY,SPDR S&P 500 ETF,2026-08-13 13:35:00,777.1,776.93,777.24,776.83,0.0,0.0,139367.0,108294017.747,-0.023162744013082274,777.11
US.SPY,SPDR S&P 500 ETF,2026-08-13 13:40:00,776.93,776.79,776.935,776.665,0.0,0.0,170159.0,132179007.316,-0.0180196414091342,776.93
US.SPY,SPDR S&P 500 ETF,2026-08-13 13:45:00,776.7865,776.62,776.9,776.62,0.0,0.0,115384.0,89627567.658,-0.02188493672678061,776.79
US.SPY,SPDR S&P 500 ETF,2026-08-13 13:50:00,776.62,776.83,776.92,776.62,0.0,0.0,109049.0,84710098.272,0.027040251345579094,776.62
US.SPY,SPDR S&P 500 ETF,2026-08-13 13:55:00,776.84,776.77,776.93,776.74,0.0,0.0,86693.0,67346123.179,-0.007723697591501244,776.83
US.SPY,SPDR S&P 500 ETF,2026-08-13 14:00:00,776.78,776.745,776.94,776.67,0.0,0.0,148716.0,115524356.847,-0.003218455913587969,776.77
US.SPY,SPDR S&P 500 ETF,2026-08-13 14:05:00,776.75,776.91,776.94,776.74,0.0,0.0,137326.0,106681838.55,0.021242492709958045,776.745
US.SPY,SPDR S&P 500 ETF,2026-08-13 14:10:00,776.93,776.83,777.04,776.8,0.0,0.0,335926.0,260437303.944,-0.010297203022219722,776.91
US.SPY,SPDR S&P 500 ETF,2026-08-13 14:15:00,776.82,777.08,777.14,776.66,0.0,0.0,201117.0,156260528.436,0.03218207329789014,776.83
US.SPY,SPDR S&P 500 ETF,2026-08-13 14:20:00,777.075,776.95,777.17,776.89,0.0,0.0,468886.0,363212109.61,-0.016729294281154508,777.08
US.SPY,SPDR S&P 500 ETF,2026-08-13 14:25:00,776.93,776.72,776.99,776.68,0.0,0.0,225428.0,175129047.189,-0.029602934551775296,776.95
US.SPY,SPDR S&P 500 ETF,2026-08-13 14:30:00,776.73,776.98,777.045,776.71,0.0,0.0,253729.0,197122227.897,0.03347409619940144,776.72
US.SPY,SPDR S&P 500 ETF,2026-08-13 14:35:00,776.99,777.2369,777.26,776.99,0.0,0.0,236902.0,184116507.317,0.03306391412906037,776.98
US.SPY,SPDR S&P 500 ETF,2026-08-13 14:40:00,777.25,777.4,777.42,777.2,0.0,0.0,253041.0,196695058.643,0.02098459298574036,777.2369
US.SPY,SPDR S&P 500 ETF,2026-08-13 14:45:00,777.41,777.6175,777.74,777.36,0.0,0.0,251161.0,195299486.39,0.027977874967838014,777.4
US.SPY,SPDR S&P 500 ETF,2026-08-13 14:50:00,777.615,777.75,777.76,777.6055,0.0,0.0,166135.0,129202720.539,0.017039225583278417,777.6175
US.SPY,SPDR S&P 500 ETF,2026-08-13 14:55:00,777.75,777.87,777.93,777.63,0.0,0.0,244331.0,190042253.18,0.01542912246866018,777.75
US.SPY,SPDR S&P 500 ETF,2026-08-13 15:00:00,777.87,777.74,777.92,777.67,0.0,0.0,176837.0,137544780.872,-0.01671230411251179,777.87
US.SPY,SPDR S&P 500 ETF,2026-08-13 15:05:00,777.75,777.88,777.9301,777.72,0.0,0.0,292034.0,227167462.608,0.0180008743281799,777.74
US.SPY,SPDR S&P 500 ETF,2026-08-13 15:10:00,777.88,778.355,778.43,777.8,0.0,0.0,309145.0,240562561.358,0.061063403095596075,777.88
US.SPY,SPDR S&P 500 ETF,2026-08-13 15:15:00,778.36,777.96,778.36,777.84,0.0,0.0,399393.0,310768906.458,-0.05074805198142002,778.355
US.SPY,SPDR S&P 500 ETF,2026-08-13 15:20:00,777.95,778.15,778.15,777.79,0.0,0.0,470136.0,365760158.913,0.02442284950382293,777.96
US.SPY,SPDR S&P 500 ETF,2026-08-13 15:25:00,778.145,778.295,778.33,778.13,0.0,0.0,318579.0,247930876.865,0.01863393947182186,778.15
US.SPY,SPDR S&P 500 ETF,2026-08-13 15:30:00,778.29,778.0301,778.37,777.98,0.0,0.0,312746.0,243354435.605,-0.03403593753011538,778.295
US.SPY,SPDR S&P 500 ETF,2026-08-13 15:35:00,778.03,778.04,778.24,777.95,0.0,0.0,648878.0,504198716.518,0.0012724443437363165,778.0301
US.SPY,SPDR S&P 500 ETF,2026-08-13 15:40:00,778.04,777.955,778.06,777.73,0.0,0.0,1055399.0,820967566.582,-0.010924888180546334,778.04
US.SPY,SPDR S&P 500 ETF,2026-08-13 15:45:00,777.96,777.72,778.03,777.69,0.0,0.0,394538.0,306904042.476,-0.030207402741805583,777.955
US.SPY,SPDR S&P 500 ETF,2026-08-13 15:50:00,777.71,777.77,777.82,777.64,0.0,0.0,715586.0,556538997.562,0.006429049015063843,777.72
US.SPY,SPDR S&P 500 ETF,2026-08-13 15:55:00,777.75,777.515,777.75,777.35,0.0,0.0,1408784.0,1094684299.982,-0.03278604214613516,777.77
US.SPY,SPDR S&P 500 ETF,2026-08-13 16:00:00,777.53,777.88,777.935,777.365,0.0,0.0,3538889.0,2747087843.193,0.04694443194022097,777.515
US.SPY,SPDR S&P 500 ETF,2026-08-14 09:35:00,778.54,778.19,778.58,777.92,0.0,0.0,664474.0,517118497.048,0.03985190517818418,777.88
US.SPY,SPDR S&P 500 ETF,2026-08-14 09:40:00,778.165,778.02,778.28,777.66,0.0,0.0,478796.0,372462225.844,-0.021845564707857045,778.19
US.SPY,SPDR S&P 500 ETF,2026-08-14 09:45:00,778.04,778.38,778.485,777.82,0.0,0.0,509870.0,396729186.366,0.0462713040795884,778.02
US.SPY,SPDR S&P 500 ETF,2026-08-14 09:50:00,778.39,777.95,778.6,777.8804,0.0,0.0,335336.0,260954772.88,-0.055242940466089824,778.38
US.SPY,SPDR S&P 500 ETF,2026-08-14 09:55:00,777.96,778.47,778.6,777.81,0.0,0.0,384939.0,299592273.211,0.06684234205282882,777.95
US.SPY,SPDR S&P 500 ETF,2026-08-14 10:00:00,778.47,778.29,778.51,778.1,0.0,0.0,231162.0,179914507.727,-0.02312227831516483,778.47
US.SPY,SPDR S&P 500 ETF,2026-08-14 10:05:00,778.25,778.55,778.59,778.16,0.0,0.0,229771.0,178849609.004,0.03340657081550462,778.29
US.SPY,SPDR S&P 500 ETF,2026-08-14 10:10:00,778.55,778.52,778.8,778.47,0.0,0.0,274920.0,214068830.141,-0.0038533170637688927,778.55
US.SPY,SPDR S&P 500 ETF,2026-08-14 10:15:00,778.53,778.28,778.68,778.28,0.0,0.0,205633.0,160087389.453,-0.030827724400145032,778.52
US.SPY,SPDR S&P 500 ETF,2026-08-14 10:20:00,778.275,777.8101,778.34,777.765,0.0,0.0,353292.0,274877048.084,-0.060376728169802475,778.28
US.SPY,SPDR S&P 500 ETF,2026-08-14 10:25:00,777.81,777.53,777.91,777.38,0.0,0.0,414254.0,322129253.774,-0.03601136061360752,777.8101
US.SPY,SPDR S&P 500 ETF,2026-08-14 10:30:00,777.5271,777.41,777.6199,777.13,0.0,0.0,381508.0,296563427.609,-0.015433488096922892,777.53
US.SPY,SPDR S&P 500 ETF,2026-08-14 10:35:00,777.4,776.87,777.48,776.82,0.0,0.0,435236.0,338180903.476,-0.06946141675563264,777.41
US.SPY,SPDR S&P 500 ETF,2026-08-14 10:40:00,776.86,777.4,777.44,776.84,0.0,0.0,277663.0,215793884.769,0.06822248252603044,776.87
US.SPY,SPDR S&P 500 ETF,2026-08-14 10:45:00,777.375,777.13,777.375,777.01,0.0,0.0,225211.0,175017080.485,-0.03473115513249059,777.4
US.SPY,SPDR S&P 500 ETF,2026-08-14 10:50:00,777.12,777.245,777.43,777.03,0.0,0.0,298589.0,232085120.218,0.014798038938145368,777.13
US.SPY,SPDR S&P 500 ETF,2026-08-14 10:55:00,777.24,777.015,777.4393,776.9881,0.0,0.0,253872.0,197315837.495,-0.029591698885167248,777.245
US.SPY,SPDR S&P 500 ETF,2026-08-14 11:00:00,777.02,776.74,777.15,776.74,0.0,0.0,199149.0,154732009.099,-0.035391852152143424,777.015
US.SPY,SPDR S&P 500 ETF,2026-08-14 11:05:00,776.745,776.94,777.11,776.71,0.0,0.0,186517.0,144906508.694,0.02574864175915306,776.74
US.SPY,SPDR S&P 500 ETF,2026-08-14 11:10:00,776.93,776.66,777.06,776.57,0.0,0.0,223936.0,173954695.605,-0.03603881895642989,776.94
US.SPY,SPDR S&P 500 ETF,2026-08-14 11:15:00,776.67,776.455,776.78,776.42,0.0,0.0,238134.0,184945424.784,-0.026395076352577353,776.66
US.SPY,SPDR S&P 500 ETF,2026-08-14 11:20:00,776.45,776.59,776.69,776.43,0.0,0.0,265988.0,206551663.936,0.017386712687791423,776.455
US.SPY,SPDR S&P 500 ETF,2026-08-14 11:25:00,776.59,776.0018,776.65,775.99,0.0,0.0,463223.0,359574070.067,-0.07574138219652957,776.59
US.SPY,SPDR S&P 500 ETF,2026-08-14 11:30:00,776.0,776.3,776.3,775.86,0.0,0.0,485453.0,376751209.629,0.03842774591501613,776.0018
US.SPY,SPDR S&P 500 ETF,2026-08-14 11:35:00,776.29,776.17,776.415,776.01,0.0,0.0,430442.0,334102565.172,-0.016746103310575224,776.3
US.SPY,SPDR S&P 500 ETF,2026-08-14 11:40:00,776.18,776.0618,776.46,776.06,0.0,0.0,381010.0,295765839.792,-0.013940245049410662,776.17
US.SPY,SPDR S&P 500 ETF,2026-08-14 11:45:00,776.09,776.05,776.13,775.85,0.0,0.0,349876.0,271493600.625,-0.0015204974655360973,776.0618
US.SPY,SPDR S&P 500 ETF,2026-08-14 11:50:00,776.055,775.89,776.37,775.86,0.0,0.0,346597.0,269012502.308,-0.020617228271370167,776.05
US.SPY,SPDR S&P 500 ETF,2026-08-14 11:55:00,775.88,776.115,776.21,775.81,0.0,0.0,358965.0,278564002.787,0.02899895603758558,775.89
US.SPY,SPDR S&P 500 ETF,2026-08-14 12:00:00,776.12,776.22,776.35,776.02,0.0,0.0,218846.0,169865230.476,0.013528922904468822,776.115
US.SPY,SPDR S&P 500 ETF,2026-08-14 12:05:00,776.23,776.4399,776.59,776.23,0.0,0.0,283319.0,219985898.582,0.028329597279114,776.22
US.SPY,SPDR S&P 500 ETF,2026-08-14 12:10:00,776.41,776.24,776.51,776.1,0.0,0.0,189289.0,146958936.689,-0.025745714510544457,776.4399
US.SPY,SPDR S&P 500 ETF,2026-08-14 12:15:00,776.2363,776.55,776.56,776.17,0.0,0.0,359892.0,279575406.231,0.039936102236414694,776.24
US.SPY,SPDR S&P 500 ETF,2026-08-14 12:20:00,776.55,776.59,776.75,776.53,0.0,0.0,463050.0,359758929.614,0.005150988345898823,776.55
US.SPY,SPDR S&P 500 ETF,2026-08-14 12:25:00,776.59,776.67,776.7,776.44,0.0,0.0,208940.0,162251903.454,0.010301446065482073,776.59
US.SPY,SPDR S&P 500 ETF,2026-08-14 12:30:00,776.675,776.71,776.82,776.62,0.0,0.0,206622.0,160484138.562,0.00515019248845421,776.67
US.SPY,SPDR S&P 500 ETF,2026-08-14 12:35:00,776.7,776.375,776.735,776.3,0.0,0.0,266450.0,206900740.14,-0.04313064077970367,776.71
US.SPY,SPDR S&P 500 ETF,2026-08-14 12:40:00,776.38,776.47,776.63,776.34,0.0,0.0,203006.0,157636025.084,0.01223635485429429,776.375
US.SPY,SPDR S&P 500 ETF,2026-08-14 12:45:00,776.49,776.135,776.49,776.135,0.0,0.0,183889.0,142757761.139,-0.04314397207877141,776.47
US.SPY,SPDR S&P 500 ETF,2026-08-14 12:50:00,776.13,776.1375,776.21,775.9805,0.0,0.0,180325.0,139951888.311,0.00032210891147217555,776.135
US.SPY,SPDR S&P 500 ETF,2026-08-14 12:55:00,776.12,775.9237,776.12,775.825,0.0,0.0,180696.0,140205897.988,-0.02754666537823414,776.1375
US.SPY,SPDR S&P 500 ETF,2026-08-14 13:00:00,775.93,775.7,776.01,775.66,0.0,0.0,233673.0,181275452.593,-0.02883015430512149,775.9237
US.SPY,SPDR S&P 500 ETF,2026-08-14 13:05:00,775.7,775.79,775.88,775.63,0.0,0.0,183719.0,142526073.059,0.0116024236173673,775.7
US.SPY,SPDR S&P 500 ETF,2026-08-14 13:10:00,775.79,775.9,775.97,775.78,0.0,0.0,169811.0,131754219.852,0.014179094858146361,775.79
US.SPY,SPDR S&P 500 ETF,2026-08-14 13:15:00,775.91,776.06,776.115,775.83,0.0,0.0,224917.0,174533399.508,0.020621214073974502,775.9
US.SPY,SPDR S&P 500 ETF,2026-08-14 13:20:00,776.05,775.965,776.11,775.79,0.0,0.0,138196.0,107235664.37,-0.012241321547291911,776.06
US.SPY,SPDR S&P 500 ETF,2026-08-14 13:25:00,775.96,775.83,776.13,775.78,0.0,0.0,206715.0,160398073.158,-0.017397691906205937,775.965
US.SPY,SPDR S&P 500 ETF,2026-08-14 13:30:00,775.82,775.77,775.83,775.6531,0.0,0.0,134376.0,104241727.331,-0.0077336529909979145,775.83
US.SPY,SPDR S&P 500 ETF,2026-08-14 13:35:00,775.78,775.83,775.98,775.74,0.0,0.0,172877.0,134123844.544,0.007734251131141849,775.77
US.SPY,SPDR S&P 500 ETF,2026-08-14 13:40:00,775.82,775.575,775.82,775.4301,0.0,0.0,148595.0,115248103.632,-0.03286802521170817,775.83
US.SPY,SPDR S&P 500 ETF,2026-08-14 13:45:00,775.55,775.6,775.66,775.47,0.0,0.0,238173.0,184715357.504,0.00322341488572701,775.575
US.SPY,SPDR S&P 500 ETF,2026-08-14 13:50:00,775.6,775.61,775.72,775.54,0.0,0.0,188872.0,146497971.047,0.0012893243940163622,775.6
US.SPY,SPDR S&P 500 ETF,2026-08-14 13:55:00,775.6,775.755,775.81,775.465,0.0,0.0,154287.0,119674006.135,0.018694962674537692,775.61
US.SPY,SPDR S&P 500 ETF,2026-08-14 14:00:00,775.755,775.83,775.93,775.64,0.0,0.0,124706.0,96746794.245,0.009668000850789936,775.755
US.SPY,SPDR S&P 500 ETF,2026-08-14 14:05:00,775.835,776.02,776.11,775.73,0.0,0.0,490129.0,380345841.494,0.02448990113812831,775.83
US.SPY,SPDR S&P 500 ETF,2026-08-14 14:10:00,776.02,776.155,776.16,775.95,0.0,0.0,195210.0,151496759.635,0.017396458854152072,776.02
US.SPY,SPDR S&P 500 ETF,2026-08-14 14:15:00,776.15,776.16,776.3,776.07,0.0,0.0,236216.0,183352285.331,0.0006442012226933348,776.155
US.SPY,SPDR S&P 500 ETF,2026-08-14 14:20:00,776.15,776.205,776.33,776.12,0.0,0.0,504092.0,391668172.371,0.005797773654925886,776.16
US.SPY,SPDR S&P 500 ETF,2026-08-14 14:25:00,776.21,776.175,776.32,776.08,0.0,0.0,200226.0,155418209.455,-0.0038649583550848556,776.205
US.SPY,SPDR S&P 500 ETF,2026-08-14 14:30:00,776.18,775.925,776.27,775.89,0.0,0.0,131188.0,101812117.37,-0.03220923116565208,776.175
US.SPY,SPDR S&P 500 ETF,2026-08-14 14:35:00,775.93,775.9,776.11,775.82,0.0,0.0,182731.0,141788265.822,-0.003221960885391921,775.925
US.SPY,SPDR S&P 500 ETF,2026-08-14 14:40:00,775.9,776.005,776.04,775.82,0.0,0.0,311157.0,241435454.243,0.013532671736050805,775.9
US.SPY,SPDR S&P 500 ETF,2026-08-14 14:45:00,776.005,776.21,776.27,775.95,0.0,0.0,220553.0,171182154.909,0.02641735555828132,776.005
US.SPY,SPDR S&P 500 ETF,2026-08-14 14:50:00,776.21,776.255,776.26,776.04,0.0,0.0,165291.0,128291267.368,0.005797400188088156,776.21
US.SPY,SPDR S&P 500 ETF,2026-08-14 14:55:00,776.26,776.36,776.4919,776.26,0.0,0.0,279519.0,217022207.935,0.013526482921207362,776.255
US.SPY,SPDR S&P 500 ETF,2026-08-14 15:00:00,776.36,776.19,776.36,776.15,0.0,0.0,122991.0,95472234.663,-0.02189705806584047,776.36
US.SPY,SPDR S&P 500 ETF,2026-08-14 15:05:00,776.19,775.99,776.22,775.89,0.0,0.0,212329.0,164787906.113,-0.025766886973556148,776.19
US.SPY,SPDR S&P 500 ETF,2026-08-14 15:10:00,775.985,776.16,776.19,775.95,0.0,0.0,109165.0,84717457.012,0.021907498807969057,775.99
US.SPY,SPDR S&P 500 ETF,2026-08-14 15:15:00,776.17,776.05,776.185,776.04,0.0,0.0,406667.0,316019830.423,-0.01417233560090879,776.16
US.SPY,SPDR S&P 500 ETF,2026-08-14 15:20:00,776.05,775.995,776.13,775.83,0.0,0.0,477992.0,370906824.799,-0.00708717221827846,776.05
US.SPY,SPDR S&P 500 ETF,2026-08-14 15:25:00,775.995,776.11,776.12,775.87,0.0,0.0,375582.0,291448276.931,0.014819683116516099,775.995
US.SPY,SPDR S&P 500 ETF,2026-08-14 15:30:00,776.11,776.155,776.33,776.11,0.0,0.0,218831.0,169860724.892,0.005798147169854669,776.11
US.SPY,SPDR S&P 500 ETF,2026-08-14 15:35:00,776.155,776.235,776.3089,776.1,0.0,0.0,314650.0,244224729.509,0.010307219563108004,776.155
US.SPY,SPDR S&P 500 ETF,2026-08-14 15:40:00,776.24,776.17,776.32,776.03,0.0,0.0,643318.0,499516846.742,-0.008373752793941857,776.235
US.SPY,SPDR S&P 500 ETF,2026-08-14 15:45:00,776.17,776.165,776.305,776.115,0.0,0.0,290618.0,225579502.695,-0.000644188773077477,776.17
US.SPY,SPDR S&P 500 ETF,2026-08-14 15:50:00,776.16,776.2,776.22,775.97,0.0,0.0,398781.0,309494799.813,0.004509350460286389,776.165
US.SPY,SPDR S&P 500 ETF,2026-08-14 15:55:00,776.19,776.2,776.41,776.1,0.0,0.0,621001.0,482069791.939,0.0,776.2
US.SPY,SPDR S&P 500 ETF,2026-08-14 16:00:00,776.21,776.34,776.42,775.92,0.0,0.0,2594753.0,2014638478.961,0.018036588508114706,776.2
US.SPY,SPDR S&P 500 ETF,2026-08-17 09:35:00,776.18,775.51,776.775,775.4621,0.0,0.0,861065.0,668373183.392,-0.10691192003504145,776.34
US.SPY,SPDR S&P 500 ETF,2026-08-17 09:40:00,775.5099,775.4399,775.89,775.32,0.0,0.0,495036.0,383986961.229,-0.00903921290505924,775.51
US.SPY,SPDR S&P 500 ETF,2026-08-17 09:45:00,775.45,775.565,775.84,775.32,0.0,0.0,234342.0,181747648.238,0.016132778310748337,775.4399
US.SPY,SPDR S&P 500 ETF,2026-08-17 09:50:00,775.56,775.97,776.0101,775.19,0.0,0.0,491119.0,380898162.823,0.05221999445565138,775.565
US.SPY,SPDR S&P 500 ETF,2026-08-17 09:55:00,775.975,775.81,776.0,775.56,0.0,0.0,256542.0,199012248.509,-0.020619353841009557,775.97
US.SPY,SPDR S&P 500 ETF,2026-08-17 10:00:00,775.83,775.2905,775.83,775.18,0.0,0.0,271978.0,210920694.778,-0.06696227169023261,775.81
US.SPY,SPDR S&P 500 ETF,2026-08-17 10:05:00,775.265,775.41,775.6,775.02,0.0,0.0,352522.0,273291224.501,0.015413577233310143,775.2905
US.SPY,SPDR S&P 500 ETF,2026-08-17 10:10:00,775.435,775.435,775.5,775.09,0.0,0.0,324758.0,251782178.115,0.0032241007982844257,775.41
US.SPY,SPDR S&P 500 ETF,2026-08-17 10:15:00,775.44,775.66,775.77,775.36,0.0,0.0,267356.0,207357122.444,0.029015971680414573,775.435
US.SPY,SPDR S&P 500 ETF,2026-08-17 10:20:00,775.66,775.33,775.66,775.235,0.0,0.0,250528.0,194257751.467,-0.042544413789537584,775.66
US.SPY,SPDR S&P 500 ETF,2026-08-17 10:25:00,775.35,775.25,775.36,775.02,0.0,0.0,208331.0,161497049.738,-0.01031818709453277,775.33
US.SPY,SPDR S&P 500 ETF,2026-08-17 10:30:00,775.26,775.46,775.47,775.0,0.0,0.0,303354.0,235152117.003,0.027088036117386183,775.25
US.SPY,SPDR S&P 500 ETF,2026-08-17 10:35:00,775.45,775.5601,775.5899,775.34,0.0,0.0,262786.0,203788021.732,0.012908467232352103,775.46
US.SPY,SPDR S&P 500 ETF,2026-08-17 10:40:00,775.57,775.06,775.57,774.93,0.0,0.0,247570.0,191916159.792,-0.06448243018176006,775.5601
US.SPY,SPDR S&P 500 ETF,2026-08-17 10:45:00,775.07,775.1212,775.34,775.03,0.0,0.0,249249.0,193215664.586,0.00789616287772546,775.06
US.SPY,SPDR S&P 500 ETF,2026-08-17 10:50:00,775.14,775.285,775.37,775.13,0.0,0.0,254710.0,197473876.509,0.021132179070824507,775.1212
US.SPY,SPDR S&P 500 ETF,2026-08-17 10:55:00,775.29,774.96,775.48,774.9,0.0,0.0,461283.0,357578929.688,-0.041920068103978775,775.285
US.SPY,SPDR S&P 500 ETF,2026-08-17 11:00:00,774.96,775.27,775.29,774.89,0.0,0.0,327033.0,253473595.291,0.04000206462268316,774.96
US.SPY,SPDR S&P 500 ETF,2026-08-17 11:05:00,775.27,775.5,775.6,775.15,0.0,0.0,260824.0,202230612.225,0.02966708372567211,775.27
US.SPY,SPDR S&P 500 ETF,2026-08-17 11:10:00,775.5,775.38,775.6,775.3,0.0,0.0,202958.0,157384221.322,-0.015473887814313934,775.5
US.SPY,SPDR S&P 500 ETF,2026-08-17 11:15:00,775.37,775.33,775.57,775.32,0.0,0.0,171680.0,133130859.853,-0.0064484510820442265,775.38
US.SPY,SPDR S&P 500 ETF,2026-08-17 11:20:00,775.33,775.7,775.76,775.3,0.0,0.0,200350.0,155390256.283,0.047721615312190234,775.33
US.SPY,SPDR S&P 500 ETF,2026-08-17 11:25:00,775.7,775.67,775.86,775.62,0.0,0.0,233533.0,181167130.352,-0.003867474539137089,775.7
US.SPY,SPDR S&P 500 ETF,2026-08-17 11:30:00,775.7,775.715,775.79,775.53,0.0,0.0,171235.0,132818180.363,0.005801436177765385,775.67
US.SPY,SPDR S&P 500 ETF,2026-08-17 11:35:00,775.715,775.221,775.82,775.22,0.0,0.0,208649.0,161800859.685,-0.06368318261217434,775.715
US.SPY,SPDR S&P 500 ETF,2026-08-17 11:40:00,775.24,775.02,775.325,774.97,0.0,0.0,265435.0,205751269.174,-0.02592809018331828,775.221
US.SPY,SPDR S&P 500 ETF,2026-08-17 11:45:00,775.01,775.1,775.11,774.71,0.0,0.0,412123.0,319559546.666,0.010322314262863013,775.02
US.SPY,SPDR S&P 500 ETF,2026-08-17 11:50:00,775.1,775.1,775.24,775.015,0.0,0.0,210020.0,162789548.679,0.0,775.1
US.SPY,SPDR S&P 500 ETF,2026-08-17 11:55:00,775.07,775.33,775.41,775.02,0.0,0.0,250715.0,194365937.275,0.029673590504453385,775.1
US.SPY,SPDR S&P 500 ETF,2026-08-17 12:00:00,775.33,775.3,775.44,775.28,0.0,0.0,161833.0,125478270.773,-0.0038693201604589533,775.33
US.SPY,SPDR S&P 500 ETF,2026-08-17 12:05:00,775.295,775.22,775.375,775.135,0.0,0.0,152248.0,118024752.919,-0.010318586353660163,775.3
US.SPY,SPDR S&P 500 ETF,2026-08-17 12:10:00,775.22,775.13,775.32,775.06,0.0,0.0,200852.0,155700920.298,-0.011609607595267387,775.22
US.SPY,SPDR S&P 500 ETF,2026-08-17 12:15:00,775.15,775.38,775.46,775.13,0.0,0.0,218510.0,169401071.768,0.03225265439345658,775.13
US.SPY,SPDR S&P 500 ETF,2026-08-17 12:20:00,775.38,775.5,775.59,775.36,0.0,0.0,142418.0,110445029.76,0.015476282596920805,775.38
US.SPY,SPDR S&P 500 ETF,2026-08-17 12:25:00,775.51,775.42,775.61,775.37,0.0,0.0,138630.0,107509549.837,-0.01031592520954751,775.5
US.SPY,SPDR S&P 500 ETF,2026-08-17 12:30:00,775.4,775.29,775.43,775.205,0.0,0.0,118996.0,92260432.552,-0.016765107941502082,775.42
US.SPY,SPDR S&P 500 ETF,2026-08-17 12:35:00,775.3,775.11,775.41,775.09,0.0,0.0,153380.0,118900490.541,-0.02321711875555598,775.29
US.SPY,SPDR S&P 500 ETF,2026-08-17 12:40:00,775.11,775.29,775.29,775.09,0.0,0.0,129895.0,100692517.409,0.023222510353362747,775.11
US.SPY,SPDR S&P 500 ETF,2026-08-17 12:45:00,775.29,774.94,775.29,774.93,0.0,0.0,162964.0,126307246.372,-0.04514439758024856,775.29
US.SPY,SPDR S&P 500 ETF,2026-08-17 12:50:00,774.945,775.005,775.07,774.85,0.0,0.0,213308.0,165307098.67,0.008387746148081254,774.94
US.SPY,SPDR S&P 500 ETF,2026-08-17 12:55:00,775.01,774.87,775.05,774.65,0.0,0.0,180522.0,139887200.529,-0.017419242456499107,775.005
US.SPY,SPDR S&P 500 ETF,2026-08-17 13:00:00,774.87,774.68,774.91,774.61,0.0,0.0,205634.0,159317791.858,-0.024520242105134357,774.87
US.SPY,SPDR S&P 500 ETF,2026-08-17 13:05:00,774.67,774.68,774.78,774.56,0.0,0.0,203948.0,157993332.383,0.0,774.68
US.SPY,SPDR S&P 500 ETF,2026-08-17 13:10:00,774.68,774.56,774.68,774.49,0.0,0.0,242932.0,188169042.797,-0.015490266948934342,774.68
US.SPY,SPDR S&P 500 ETF,2026-08-17 13:15:00,774.56,774.31,774.65,774.3,0.0,0.0,294702.0,228250412.912,-0.03227638917579013,774.56
US.SPY,SPDR S&P 500 ETF,2026-08-17 13:20:00,774.29,774.24,774.445,774.07,0.0,0.0,349124.0,270321797.033,-0.009040306853835845,774.31
US.SPY,SPDR S&P 500 ETF,2026-08-17 13:25:00,774.24,773.75,774.32,773.66,0.0,0.0,438643.0,339517852.496,-0.06328786939450418,774.24
US.SPY,SPDR S&P 500 ETF,2026-08-17 13:30:00,773.75,773.58,773.79,773.47,0.0,0.0,357086.0,276238936.04,-0.021970920840059333,773.75
US.SPY,SPDR S&P 500 ETF,2026-08-17 13:35:00,773.57,773.44,773.86,773.42,0.0,0.0,401629.0,310709374.841,-0.018097675741356595,773.58
US.SPY,SPDR S&P 500 ETF,2026-08-17 13:40:00,773.43,773.145,773.53,773.145,0.0,0.0,274373.0,212189903.647,-0.038141290856443,773.44
US.SPY,SPDR S&P 500 ETF,2026-08-17 13:45:00,773.13,773.78,773.84,773.1,0.0,0.0,426907.0,330212031.877,0.08213207095693446,773.145
US.SPY,SPDR S&P 500 ETF,2026-08-17 13:50:00,773.761,773.51,773.845,773.475,0.0,0.0,209391.0,161995947.989,-0.03489363901884021,773.78
US.SPY,SPDR S&P 500 ETF,2026-08-17 13:55:00,773.5,773.555,773.67,773.4,0.0,0.0,243231.0,188138505.129,0.005817636488210763,773.51
US.SPY,SPDR S&P 500 ETF,2026-08-17 14:00:00,773.5599,773.41,773.57,773.32,0.0,0.0,179324.0,138700565.027,-0.018744627078873748,773.555
US.SPY,SPDR S&P 500 ETF,2026-08-17 14:05:00,773.42,773.45,773.59,773.28,0.0,0.0,416660.0,322255441.847,0.005171901061542689,773.41
US.SPY,SPDR S&P 500 ETF,2026-08-17 14:10:00,773.45,773.39,773.63,773.3,0.0,0.0,309568.0,239438856.794,-0.007757450384647892,773.45
US.SPY,SPDR S&P 500 ETF,2026-08-17 14:15:00,773.36,773.69,773.75,773.33,0.0,0.0,260332.0,201394582.097,0.038790261058465746,773.39
US.SPY,SPDR S&P 500 ETF,2026-08-17 14:20:00,773.695,773.579,773.8,773.51,0.0,0.0,237162.0,183484742.475,-0.0143468314182817,773.69
US.SPY,SPDR S&P 500 ETF,2026-08-17 14:25:00,773.56,773.71,773.74,773.39,0.0,0.0,297485.0,230128579.225,0.01693427562021274,773.579
US.SPY,SPDR S&P 500 ETF,2026-08-17 14:30:00,773.7,773.59,773.8,773.42,0.0,0.0,230438.0,178265501.572,-0.015509687092063506,773.71
US.SPY,SPDR S&P 500 ETF,2026-08-17 14:35:00,773.58,773.26,773.63,773.23,0.0,0.0,387643.0,300184960.397,-0.042658255665150906,773.59
US.SPY,SPDR S&P 500 ETF,2026-08-17 14:40:00,773.26,773.4799,773.49,773.26,0.0,0.0,193398.0,149574604.644,0.02843804153842852,773.26
US.SPY,SPDR S&P 500 ETF,2026-08-17 14:45:00,773.45,773.6,773.7,773.4,0.0,0.0,239415.0,185204191.367,0.01552722960221454,773.4799
US.SPY,SPDR S&P 500 ETF,2026-08-17 14:50:00,773.605,773.72,773.78,773.555,0.0,0.0,286347.0,221888138.394,0.015511892450879595,773.6
US.SPY,SPDR S&P 500 ETF,2026-08-17 14:55:00,773.715,773.6,773.82,773.545,0.0,0.0,222178.0,171900939.363,-0.015509486635992937,773.72
US.SPY,SPDR S&P 500 ETF,2026-08-17 15:00:00,773.595,773.535,773.635,773.5,0.0,0.0,171146.0,132393738.717,-0.008402275077566516,773.6
US.SPY,SPDR S&P 500 ETF,2026-08-17 15:05:00,773.535,773.32,773.59,773.3,0.0,0.0,298650.0,230976418.479,-0.027794476009478326,773.535
US.SPY,SPDR S&P 500 ETF,2026-08-17 15:10:00,773.33,773.295,773.43,773.26,0.0,0.0,303872.0,234988887.483,-0.0032328143588800174,773.32
US.SPY,SPDR S&P 500 ETF,2026-08-17 15:15:00,773.295,773.21,773.415,773.155,0.0,0.0,579552.0,448561869.151,-0.010991924168644914,773.295
US.SPY,SPDR S&P 500 ETF,2026-08-17 15:20:00,773.21,773.38,773.51,773.16,0.0,0.0,285220.0,220585498.307,0.021986265050886442,773.21
US.SPY,SPDR S&P 500 ETF,2026-08-17 15:25:00,773.39,773.28,773.47,773.25,0.0,0.0,258987.0,200289169.577,-0.012930254208800684,773.38
US.SPY,SPDR S&P 500 ETF,2026-08-17 15:30:00,773.27,773.12,773.41,773.12,0.0,0.0,295709.0,228655177.107,-0.020691082143591995,773.28
US.SPY,SPDR S&P 500 ETF,2026-08-17 15:35:00,773.13,772.975,773.16,772.73,0.0,0.0,624305.0,482554545.355,-0.01875517384105725,773.12
US.SPY,SPDR S&P 500 ETF,2026-08-17 15:40:00,772.98,773.015,773.12,772.8627,0.0,0.0,604383.0,467202813.255,0.0051748116045103165,772.975
US.SPY,SPDR S&P 500 ETF,2026-08-17 15:45:00,773.01,772.98,773.07,772.81,0.0,0.0,583822.0,451258050.095,-0.004527725852663683,773.015
US.SPY,SPDR S&P 500 ETF,2026-08-17 15:50:00,772.98,773.315,773.34,772.97,0.0,0.0,842660.0,651543841.857,0.043338766850376,772.98
US.SPY,SPDR S&P 500 ETF,2026-08-17 15:55:00,773.315,772.755,773.36,772.62,0.0,0.0,1025101.0,792317706.377,-0.07241550985045668,773.315
US.SPY,SPDR S&P 500 ETF,2026-08-17 16:00:00,772.75,772.67,772.95,772.51,0.0,0.0,5834647.0,4515171360.169,-0.010999605308284822,772.755
US.SPY,SPDR S&P 500 ETF,2026-08-18 09:35:00,768.7,768.55,769.46,767.9,0.0,0.0,1569498.0,1206318046.064,-0.5332159913028854,772.67
US.SPY,SPDR S&P 500 ETF,2026-08-18 09:40:00,768.55,769.13,769.2,768.31,0.0,0.0,756080.0,581238706.157,0.07546678810748045,768.55
US.SPY,SPDR S&P 500 ETF,2026-08-18 09:45:00,769.105,768.75,769.5,768.72,0.0,0.0,636511.0,489557589.646,-0.049406472247863875,769.13
US.SPY,SPDR S&P 500 ETF,2026-08-18 09:50:00,768.73,768.45,769.08,768.36,0.0,0.0,689645.0,530138462.676,-0.03902439024389652,768.75
US.SPY,SPDR S&P 500 ETF,2026-08-18 09:55:00,768.46,768.56,768.81,768.215,0.0,0.0,472297.0,362944749.593,0.014314529247172874,768.45
US.SPY,SPDR S&P 500 ETF,2026-08-18 10:00:00,768.58,768.47,768.85,768.12,0.0,0.0,373692.0,287177930.671,-0.011710211304246662,768.56
US.SPY,SPDR S&P 500 ETF,2026-08-18 10:05:00,768.49,768.97,769.27,768.18,0.0,0.0,485626.0,373311411.94,0.06506434864080575,768.47
US.SPY,SPDR S&P 500 ETF,2026-08-18 10:10:00,768.96,768.54,769.21,768.445,0.0,0.0,541237.0,416566289.544,-0.055918956526270686,768.97
US.SPY,SPDR S&P 500 ETF,2026-08-18 10:15:00,768.54,768.11,768.57,767.63,0.0,0.0,806135.0,619110901.39,-0.05595024331849351,768.54
US.SPY,SPDR S&P 500 ETF,2026-08-18 10:20:00,768.11,768.55,768.82,767.99,0.0,0.0,507969.0,390352142.369,0.057283462004132334,768.11
US.SPY,SPDR S&P 500 ETF,2026-08-18 10:25:00,768.55,768.81,768.98,768.09,0.0,0.0,456557.0,350853509.206,0.03382993949645318,768.55
US.SPY,SPDR S&P 500 ETF,2026-08-18 10:30:00,768.82,768.66,769.08,768.5358,0.0,0.0,444417.0,341673136.794,-0.0195106723377658,768.81
US.SPY,SPDR S&P 500 ETF,2026-08-18 10:35:00,768.64,768.77,769.25,768.57,0.0,0.0,387089.0,297670707.226,0.014310618478913129,768.66
US.SPY,SPDR S&P 500 ETF,2026-08-18 10:40:00,768.77,769.09,769.17,768.73,0.0,0.0,546473.0,421106877.288,0.041624933335074214,768.77
US.SPY,SPDR S&P 500 ETF,2026-08-18 10:45:00,769.09,768.4,769.21,768.38,0.0,0.0,404706.0,311594948.702,-0.08971641810452022,769.09
US.SPY,SPDR S&P 500 ETF,2026-08-18 10:50:00,768.39,768.47,768.585,768.18,0.0,0.0,375089.0,288228695.312,0.009109838625722283,768.4
US.SPY,SPDR S&P 500 ETF,2026-08-18 10:55:00,768.475,767.94,768.805,767.91,0.0,0.0,497883.0,382551470.218,-0.06896820955925055,768.47
US.SPY,SPDR S&P 500 ETF,2026-08-18 11:00:00,767.94,767.92,768.13,767.71,0.0,0.0,469325.0,360396591.479,-0.0026043701330957488,767.94
US.SPY,SPDR S&P 500 ETF,2026-08-18 11:05:00,767.93,768.22,768.295,767.42,0.0,0.0,462328.0,354992957.375,0.03906656943432496,767.92
US.SPY,SPDR S&P 500 ETF,2026-08-18 11:10:00,768.22,767.77,768.38,767.72,0.0,0.0,342238.0,262880438.755,-0.05857697013876825,768.22
US.SPY,SPDR S&P 500 ETF,2026-08-18 11:15:00,767.78,767.72,767.925,767.64,0.0,0.0,301617.0,231608701.972,-0.0065123669848984106,767.77
US.SPY,SPDR S&P 500 ETF,2026-08-18 11:20:00,767.73,767.48,767.89,767.47,0.0,0.0,348706.0,267713339.747,-0.03126139738446427,767.72
US.SPY,SPDR S&P 500 ETF,2026-08-18 11:25:00,767.45,767.55,767.718,767.33,0.0,0.0,326186.0,250360324.444,0.009120758847127786,767.48
US.SPY,SPDR S&P 500 ETF,2026-08-18 11:30:00,767.54,767.84,768.0314,767.42,0.0,0.0,263950.0,202644746.514,0.037782554882428154,767.55
US.SPY,SPDR S&P 500 ETF,2026-08-18 11:35:00,767.855,767.89,768.19,767.735,0.0,0.0,386740.0,297007341.882,0.006511773286095349,767.84
US.SPY,SPDR S&P 500 ETF,2026-08-18 11:40:00,767.89,767.825,767.9,767.6,0.0,0.0,260763.0,200203735.139,-0.008464754066329927,767.89
US.SPY,SPDR S&P 500 ETF,2026-08-18 11:45:00,767.835,768.06,768.265,767.69,0.0,0.0,398730.0,306792173.484,0.030605932341340795,767.825
US.SPY,SPDR S&P 500 ETF,2026-08-18 11:50:00,768.07,768.395,768.57,768.07,0.0,0.0,416334.0,320414538.604,0.04361638413666073,768.06
US.SPY,SPDR S&P 500 ETF,2026-08-18 11:55:00,768.37,768.49,768.63,768.1,0.0,0.0,194111.0,149143396.952,0.012363432869816603,768.395
US.SPY,SPDR S&P 500 ETF,2026-08-18 12:00:00,768.48,768.35,768.5,768.07,0.0,0.0,229906.0,177154000.785,-0.018217543494383318,768.49
US.SPY,SPDR S&P 500 ETF,2026-08-18 12:05:00,768.35,768.57,768.65,768.275,0.0,0.0,198609.0,152632190.07,0.028632784538299903,768.35
US.SPY,SPDR S&P 500 ETF,2026-08-18 12:10:00,768.555,768.37,768.71,768.22,0.0,0.0,185821.0,142797756.467,-0.026022353201405918,768.57
US.SPY,SPDR S&P 500 ETF,2026-08-18 12:15:00,768.37,768.55,768.73,768.37,0.0,0.0,122225.0,93940487.349,0.023426213933384954,768.37
US.SPY,SPDR S&P 500 ETF,2026-08-18 12:20:00,768.57,768.31,768.64,768.221,0.0,0.0,166142.0,127665474.873,-0.03122763645826675,768.55
US.SPY,SPDR S&P 500 ETF,2026-08-18 12:25:00,768.31,768.68,768.87,768.31,0.0,0.0,155671.0,119654147.079,0.04815764470070734,768.31
US.SPY,SPDR S&P 500 ETF,2026-08-18 12:30:00,768.67,768.21,768.7299,768.14,0.0,0.0,240293.0,185149766.423,-0.061143778945713906,768.68
US.SPY,SPDR S&P 500 ETF,2026-08-18 12:35:00,768.19,768.31,768.43,768.07,0.0,0.0,155684.0,119606066.976,0.013017273922483311,768.21
US.SPY,SPDR S&P 500 ETF,2026-08-18 12:40:00,768.32,768.46,768.58,768.165,0.0,0.0,202487.0,155574576.706,0.01952336947327133,768.31
US.SPY,SPDR S&P 500 ETF,2026-08-18 12:45:00,768.45,768.37,768.6,768.19,0.0,0.0,113076.0,86882938.309,-0.011711735158633087,768.46
US.SPY,SPDR S&P 500 ETF,2026-08-18 12:50:00,768.38,768.77,768.84,768.2,0.0,0.0,168205.0,129280595.835,0.05205825318531141,768.37
US.SPY,SPDR S&P 500 ETF,2026-08-18 12:55:00,768.77,768.8299,768.87,768.645,0.0,0.0,149272.0,114755699.095,0.007791667208654153,768.77
US.SPY,SPDR S&P 500 ETF,2026-08-18 13:00:00,768.82,768.63,768.83,768.62,0.0,0.0,412193.0,317797774.605,-0.02600054966644207,768.8299
US.SPY,SPDR S&P 500 ETF,2026-08-18 13:05:00,768.62,768.55,768.69,768.37,0.0,0.0,257200.0,197673865.157,-0.010408128748557944,768.63
US.SPY,SPDR S&P 500 ETF,2026-08-18 13:10:00,768.56,768.76,768.76,768.45,0.0,0.0,208209.0,160027982.977,0.027324181900987107,768.55
US.SPY,SPDR S&P 500 ETF,2026-08-18 13:15:00,768.76,768.62,768.82,768.49,0.0,0.0,126370.0,97137434.148,-0.0182111452208734,768.76
US.SPY,SPDR S&P 500 ETF,2026-08-18 13:20:00,768.62,768.3,768.64,768.27,0.0,0.0,123116.0,94604864.537,-0.04163305664698421,768.62
US.SPY,SPDR S&P 500 ETF,2026-08-18 13:25:00,768.3,768.26,768.545,768.24,0.0,0.0,149085.0,114552118.19,-0.005206299622538543,768.3
US.SPY,SPDR S&P 500 ETF,2026-08-18 13:30:00,768.26,768.3,768.33,768.08,0.0,0.0,148288.0,113912912.138,0.005206570692208839,768.26
US.SPY,SPDR S&P 500 ETF,2026-08-18 13:35:00,768.29,768.19,768.39,768.0939,0.0,0.0,302750.0,232599673.991,-0.014317323961980991,768.3
US.SPY,SPDR S&P 500 ETF,2026-08-18 13:40:00,768.199,768.22,768.392495,768.01,0.0,0.0,138637.0,106501135.197,0.00390528384904421,768.19
US.SPY,SPDR S&P 500 ETF,2026-08-18 13:45:00,768.22,768.09,768.29,768.06,0.0,0.0,121561.0,93378579.369,-0.016922235817864083,768.22
US.SPY,SPDR S&P 500 ETF,2026-08-18 13:50:00,768.07,768.01,768.21,767.99,0.0,0.0,104517.0,80274936.925,-0.010415446106581381,768.09
US.SPY,SPDR S&P 500 ETF,2026-08-18 13:55:00,768.02,768.07,768.18,767.95,0.0,0.0,100264.0,77009768.913,0.007812398276071811,768.01
US.SPY,SPDR S&P 500 ETF,2026-08-18 14:00:00,768.065,767.62,768.07,767.61,0.0,0.0,203582.0,156315441.699,-0.05858840991056094,768.07
US.SPY,SPDR S&P 500 ETF,2026-08-18 14:05:00,767.62,767.635,767.73,767.53,0.0,0.0,373405.0,286631475.316,0.0019540918683705944,767.62
US.SPY,SPDR S&P 500 ETF,2026-08-18 14:10:00,767.64,767.49,767.76,767.45,0.0,0.0,1146479.0,884290746.892,-0.018889185615557108,767.635
US.SPY,SPDR S&P 500 ETF,2026-08-18 14:15:00,767.5,768.06,768.1,767.46,0.0,0.0,332284.0,255096494.808,0.07426806863932252,767.49
US.SPY,SPDR S&P 500 ETF,2026-08-18 14:20:00,768.07,768.41,768.44,768.0399,0.0,0.0,402236.0,309539694.807,0.04556935656068833,768.06
US.SPY,SPDR S&P 500 ETF,2026-08-18 14:25:00,768.405,768.27,768.565,768.21,0.0,0.0,250093.0,192161085.264,-0.018219440142630414,768.41
US.SPY,SPDR S&P 500 ETF,2026-08-18 14:30:00,768.265,768.36,768.405,768.105,0.0,0.0,230855.0,177354546.103,0.011714631574841115,768.27
US.SPY,SPDR S&P 500 ETF,2026-08-18 14:35:00,768.355,768.295,768.41,768.14,0.0,0.0,225968.0,173607099.813,-0.008459576240311127,768.36
US.SPY,SPDR S&P 500 ETF,2026-08-18 14:40:00,768.32,768.32,768.43,768.29,0.0,0.0,177383.0,136296599.481,0.003253958440454637,768.295
US.SPY,SPDR S&P 500 ETF,2026-08-18 14:45:00,768.32,768.09,768.36,768.08,0.0,0.0,221196.0,169926694.428,-0.02993544356518354,768.32
US.SPY,SPDR S&P 500 ETF,2026-08-18 14:50:00,768.1,768.06,768.2,768.02,0.0,0.0,281644.0,216331603.232,-0.0039057922899772687,768.09
US.SPY,SPDR S&P 500 ETF,2026-08-18 14:55:00,768.05,767.81,768.09,767.8,0.0,0.0,291677.0,223992011.31,-0.032549540400489546,768.06
US.SPY,SPDR S&P 500 ETF,2026-08-18 15:00:00,767.8,767.7,767.915,767.68,0.0,0.0,264183.0,202833984.427,-0.014326460973404875,767.81
US.SPY,SPDR S&P 500 ETF,2026-08-18 15:05:00,767.69,767.745,767.87,767.62,0.0,0.0,384376.0,295123633.476,0.005861664712773097,767.7
US.SPY,SPDR S&P 500 ETF,2026-08-18 15:10:00,767.75,767.83,767.95,767.65,0.0,0.0,218278.0,167588966.633,0.011071384378932639,767.745
US.SPY,SPDR S&P 500 ETF,2026-08-18 15:15:00,767.83,767.62,767.92,767.56,0.0,0.0,262137.0,201240082.346,-0.027349803993076117,767.83
US.SPY,SPDR S&P 500 ETF,2026-08-18 15:20:00,767.62,767.85,767.86,767.61,0.0,0.0,227849.0,174931891.321,0.02996274198171207,767.62
US.SPY,SPDR S&P 500 ETF,2026-08-18 15:25:00,767.855,768.15,768.15,767.76,0.0,0.0,373284.0,287219017.507,0.039070130884932545,767.85
US.SPY,SPDR S&P 500 ETF,2026-08-18 15:30:00,768.13,768.02,768.18,768.005,0.0,0.0,269250.0,206811474.552,-0.016923777907960093,768.15
US.SPY,SPDR S&P 500 ETF,2026-08-18 15:35:00,768.015,767.89,768.22,767.85,0.0,0.0,418607.0,321507015.239,-0.01692664253535005,768.02
US.SPY,SPDR S&P 500 ETF,2026-08-18 15:40:00,767.8956,767.95,768.06,767.85,0.0,0.0,351625.0,270024640.8,0.007813619138165508,767.89
US.SPY,SPDR S&P 500 ETF,2026-08-18 15:45:00,767.95,767.895,767.97,767.72,0.0,0.0,562820.0,432168636.805,-0.0071619246044747256,767.95
US.SPY,SPDR S&P 500 ETF,2026-08-18 15:50:00,767.89,767.89,767.96,767.65,0.0,0.0,986106.0,757127720.296,-0.0006511306884398847,767.895
US.SPY,SPDR S&P 500 ETF,2026-08-18 15:55:00,767.89,767.415,767.94,767.27,0.0,0.0,1662906.0,1277771493.099,-0.06185781817708561,767.89
US.SPY,SPDR S&P 500 ETF,2026-08-18 16:00:00,767.42,767.45,767.67,766.92,0.0,0.0,7183925.0,5524299189.589,0.004560765687415786,767.415
US.SPY,SPDR S&P 500 ETF,2026-08-19 09:35:00,770.36,770.021,770.63,769.86,0.0,0.0,1147911.0,884234556.058,0.33500553782004205,767.45
US.SPY,SPDR S&P 500 ETF,2026-08-19 09:40:00,770.03,769.51,770.23,769.41,0.0,0.0,576085.0,443523443.042,-0.06636182649563678,770.021
US.SPY,SPDR S&P 500 ETF,2026-08-19 09:45:00,769.53,770.1,770.3,769.2501,0.0,0.0,491390.0,378228949.537,0.07667216800301904,769.51
US.SPY,SPDR S&P 500 ETF,2026-08-19 09:50:00,770.11,768.5437,770.6,768.36,0.0,0.0,654143.0,503360407.072,-0.20209063757954532,770.1
US.SPY,SPDR S&P 500 ETF,2026-08-19 09:55:00,768.5599,769.675,769.73,768.1,0.0,0.0,710661.0,546390688.474,0.14720047799494163,768.5437
US.SPY,SPDR S&P 500 ETF,2026-08-19 10:00:00,769.67,769.99,770.375,769.38,0.0,0.0,365563.0,281491726.06,0.040926365024205616,769.675
US.SPY,SPDR S&P 500 ETF,2026-08-19 10:05:00,770.02,769.645,770.26,769.56,0.0,0.0,357222.0,274994809.079,-0.044805776698402223,769.99
US.SPY,SPDR S&P 500 ETF,2026-08-19 10:10:00,769.63,769.7867,770.02,769.48,0.0,0.0,301698.0,232225222.164,0.018411085630389904,769.645
US.SPY,SPDR S&P 500 ETF,2026-08-19 10:15:00,769.8,768.77,769.9697,768.73,0.0,0.0,532691.0,409801505.334,-0.13207554768093738,769.7867
US.SPY,SPDR S&P 500 ETF,2026-08-19 10:20:00,768.795,769.765,770.13,768.73,0.0,0.0,407901.0,313895812.613,0.12942752708872673,768.77
US.SPY,SPDR S&P 500 ETF,2026-08-19 10:25:00,769.77,769.58,770.17,769.38,0.0,0.0,230394.0,177348853.659,-0.024033308866984786,769.765
US.SPY,SPDR S&P 500 ETF,2026-08-19 10:30:00,769.57,770.03,770.065,769.21,0.0,0.0,317779.0,244564086.012,0.058473453052305384,769.58
US.SPY,SPDR S&P 500 ETF,2026-08-19 10:35:00,769.98,770.1899,770.458,769.8102,0.0,0.0,318711.0,245457331.575,0.02076542472371119,770.03
US.SPY,SPDR S&P 500 ETF,2026-08-19 10:40:00,770.18,771.14,771.3,770.15,0.0,0.0,505383.0,389548142.838,0.12335918713034544,770.1899
US.SPY,SPDR S&P 500 ETF,2026-08-19 10:45:00,771.155,771.0595,771.33,770.83,0.0,0.0,401954.0,309942744.173,-0.010439090178181537,771.14
US.SPY,SPDR S&P 500 ETF,2026-08-19 10:50:00,771.07,770.76,771.29,770.67,0.0,0.0,343090.0,264533884.373,-0.038842657408405756,771.0595
US.SPY,SPDR S&P 500 ETF,2026-08-19 10:55:00,770.7487,771.35,771.61,770.73,0.0,0.0,295687.0,228015755.53,0.07654782292802323,770.76
US.SPY,SPDR S&P 500 ETF,2026-08-19 11:00:00,771.365,772.2,772.2399,771.31,0.0,0.0,416899.0,321761896.652,0.11019640889350137,771.35
US.SPY,SPDR S&P 500 ETF,2026-08-19 11:05:00,772.195,772.175,772.47,772.0147,0.0,0.0,328551.0,253709233.061,-0.0032375032375150156,772.2
US.SPY,SPDR S&P 500 ETF,2026-08-19 11:10:00,772.18,771.52,772.26,771.49,0.0,0.0,242905.0,187507428.985,-0.08482533104542012,772.175
US.SPY,SPDR S&P 500 ETF,2026-08-19 11:15:00,771.5,771.82,771.95,771.49,0.0,0.0,233857.0,180473628.167,0.03888428038159324,771.52
US.SPY,SPDR S&P 500 ETF,2026-08-19 11:20:00,771.815,771.505,771.85,771.4,0.0,0.0,189956.0,146563092.338,-0.04081262470524922,771.82
US.SPY,SPDR S&P 500 ETF,2026-08-19 11:25:00,771.5,771.1824,771.595,771.18,0.0,0.0,209147.0,161338074.192,-0.041814375797948916,771.505
US.SPY,SPDR S&P 500 ETF,2026-08-19 11:30:00,771.19,771.1087,771.25,770.88,0.0,0.0,429703.0,330841283.674,-0.00955675336989417,771.1824
US.SPY,SPDR S&P 500 ETF,2026-08-19 11:35:00,771.13,770.79,771.18,770.75,0.0,0.0,205926.0,158763588.014,-0.041330100412566385,771.1087
US.SPY,SPDR S&P 500 ETF,2026-08-19 11:40:00,770.81,770.535,770.9199,770.39,0.0,0.0,259135.0,199714768.346,-0.033082940878838,770.79
US.SPY,SPDR S&P 500 ETF,2026-08-19 11:45:00,770.5301,770.4999,770.5301,770.07,0.0,0.0,753618.0,579321962.395,-0.0045552765286382925,770.535
US.SPY,SPDR S&P 500 ETF,2026-08-19 11:50:00,770.5,770.3875,770.88,770.38,0.0,0.0,223317.0,172087247.889,-0.01458793180894373,770.4999
US.SPY,SPDR S&P 500 ETF,2026-08-19 11:55:00,770.4,770.14,770.54,770.08,0.0,0.0,308905.0,237959457.232,-0.03212668949068607,770.3875
US.SPY,SPDR S&P 500 ETF,2026-08-19 12:00:00,770.11,770.6209,770.64,770.07,0.0,0.0,172972.0,133250369.933,0.06244319214688494,770.14
US.SPY,SPDR S&P 500 ETF,2026-08-19 12:05:00,770.64,771.3,771.32,770.4,0.0,0.0,215081.0,165813768.64,0.0881237454109989,770.6209
US.SPY,SPDR S&P 500 ETF,2026-08-19 12:10:00,771.3101,771.52,771.605,771.21,0.0,0.0,203161.0,156713186.015,0.028523272397254936,771.3
US.SPY,SPDR S&P 500 ETF,2026-08-19 12:15:00,771.52,771.55,771.66,771.465,0.0,0.0,160100.0,123529598.966,0.0038884280381549043,771.52
US.SPY,SPDR S&P 500 ETF,2026-08-19 12:20:00,771.55,771.83,771.99,771.44,0.0,0.0,252621.0,194971570.381,0.03629058388958414,771.55
US.SPY,SPDR S&P 500 ETF,2026-08-19 12:25:00,771.83,771.42,771.85,771.36,0.0,0.0,167151.0,128972806.02,-0.05312050581087569,771.83
US.SPY,SPDR S&P 500 ETF,2026-08-19 12:30:00,771.42,770.67,771.43,770.67,0.0,0.0,195939.0,151080420.083,-0.09722330248113868,771.42
US.SPY,SPDR S&P 500 ETF,2026-08-19 12:35:00,770.68,770.74,770.755,770.42,0.0,0.0,592509.0,455718209.207,0.009083005696348635,770.67
US.SPY,SPDR S&P 500 ETF,2026-08-19 12:40:00,770.73,770.52,770.735,770.2782,0.0,0.0,377096.0,290134927.014,-0.02854399667852029,770.74
US.SPY,SPDR S&P 500 ETF,2026-08-19 12:45:00,770.52,770.395,770.54,770.25,0.0,0.0,188832.0,145477600.049,-0.016222810569485543,770.52
US.SPY,SPDR S&P 500 ETF,2026-08-19 12:50:00,770.39,770.18,770.45,770.12,0.0,0.0,320130.0,246203918.868,-0.027907761602818274,770.395
US.SPY,SPDR S&P 500 ETF,2026-08-19 12:55:00,770.18,769.885,770.18,769.74,0.0,0.0,281749.0,216929345.853,-0.03830273442571335,770.18
US.SPY,SPDR S&P 500 ETF,2026-08-19 13:00:00,769.88,769.68,769.88,769.5,0.0,0.0,266395.0,205044866.795,-0.026627353435908083,769.885
US.SPY,SPDR S&P 500 ETF,2026-08-19 13:05:00,769.69,769.91,770.11,769.6,0.0,0.0,299468.0,230584771.538,0.029882548591624862,769.68
US.SPY,SPDR S&P 500 ETF,2026-08-19 13:10:00,769.91,769.49,770.229,769.46,0.0,0.0,197152.0,151781852.718,-0.05455183073345704,769.91
US.SPY,SPDR S&P 500 ETF,2026-08-19 13:15:00,769.53,769.825,770.07,769.5251,0.0,0.0,187889.0,144640409.7,0.04353532859426846,769.49
US.SPY,SPDR S&P 500 ETF,2026-08-19 13:20:00,769.825,769.46,769.97,769.46,0.0,0.0,133895.0,103067869.926,-0.04741337316922795,769.825
US.SPY,SPDR S&P 500 ETF,2026-08-19 13:25:00,769.47,769.29,769.53,769.02,0.0,0.0,462361.0,355654307.035,-0.022093416161993184,769.46
US.SPY,SPDR S&P 500 ETF,2026-08-19 13:30:00,769.25,769.57,769.67,769.215,0.0,0.0,138883.0,106864115.885,0.03639719741581022,769.29
US.SPY,SPDR S&P 500 ETF,2026-08-19 13:35:00,769.58,769.205,769.66,769.2,0.0,0.0,226679.0,174401685.319,-0.04742908377405682,769.57
US.SPY,SPDR S&P 500 ETF,2026-08-19 13:40:00,769.2,769.245,769.47,769.16,0.0,0.0,179353.0,137976108.653,0.005200174205831166,769.205
US.SPY,SPDR S&P 500 ETF,2026-08-19 13:45:00,769.25,769.589,769.7599,769.23,0.0,0.0,232337.0,178801844.611,0.04471917269531176,769.245
US.SPY,SPDR S&P 500 ETF,2026-08-19 13:50:00,769.6,769.5301,769.8,769.51,0.0,0.0,153701.0,118297729.306,-0.007653435794964306,769.589
US.SPY,SPDR S&P 500 ETF,2026-08-19 13:55:00,769.56,769.61,769.89,769.47,0.0,0.0,131383.0,101121731.312,0.01038295967890873,769.5301
US.SPY,SPDR S&P 500 ETF,2026-08-19 14:00:00,769.62,769.5076,769.63,769.38,0.0,0.0,215117.0,165541540.436,-0.013305440417872523,769.61
US.SPY,SPDR S&P 500 ETF,2026-08-19 14:05:00,769.53,770.13,770.55,769.4,0.0,0.0,344237.0,265093497.896,0.08088289186487184,769.5076
US.SPY,SPDR S&P 500 ETF,2026-08-19 14:10:00,770.11,769.001,770.25,768.96,0.0,0.0,355078.0,273179071.747,-0.1465986262059677,770.13
US.SPY,SPDR S&P 500 ETF,2026-08-19 14:15:00,768.98,769.43,769.71,768.98,0.0,0.0,218764.0,168308453.72,0.05578666347637697,769.001
US.SPY,SPDR S&P 500 ETF,2026-08-19 14:20:00,769.445,769.31,769.49,769.05,0.0,0.0,359706.0,276438482.669,-0.015595960646193226,769.43
US.SPY,SPDR S&P 500 ETF,2026-08-19 14:25:00,769.29,769.31,769.48,769.1737,0.0,0.0,219206.0,168641667.89,0.0,769.31
US.SPY,SPDR S&P 500 ETF,2026-08-19 14:30:00,769.29,769.58,769.61,769.24,0.0,0.0,169147.0,130144316.804,0.03509638507234997,769.31
US.SPY,SPDR S&P 500 ETF,2026-08-19 14:35:00,769.58,769.92,770.02,769.58,0.0,0.0,246744.0,189955227.765,0.04417994230618235,769.58
US.SPY,SPDR S&P 500 ETF,2026-08-19 14:40:00,769.9299,769.79,769.94,769.68,0.0,0.0,112205.0,86378052.53,-0.016884871155444132,769.92
US.SPY,SPDR S&P 500 ETF,2026-08-19 14:45:00,769.765,769.81,770.09,769.71,0.0,0.0,274317.0,210853211.372,0.0025981111731747373,769.79
US.SPY,SPDR S&P 500 ETF,2026-08-19 14:50:00,769.81,769.825,769.84,769.5849,0.0,0.0,169849.0,130734440.363,0.0019485327548486048,769.81
US.SPY,SPDR S&P 500 ETF,2026-08-19 14:55:00,769.825,769.6507,769.87,769.48,0.0,0.0,424864.0,327008419.707,-0.022641509433964414,769.825
US.SPY,SPDR S&P 500 ETF,2026-08-19 15:00:00,769.67,769.515,769.74,769.485,0.0,0.0,163192.0,125592371.818,-0.01763137485615781,769.6507
US.SPY,SPDR S&P 500 ETF,2026-08-19 15:05:00,769.53,769.61,769.8,769.43,0.0,0.0,205696.0,158304108.151,0.01234543836052933,769.515
US.SPY,SPDR S&P 500 ETF,2026-08-19 15:10:00,769.615,769.9,769.99,769.5,0.0,0.0,290409.0,223525052.117,0.03768142305842746,769.61
US.SPY,SPDR S&P 500 ETF,2026-08-19 15:15:00,769.9,769.71,769.95,769.685,0.0,0.0,130255.0,100274352.33,-0.02467852967917144,769.9
US.SPY,SPDR S&P 500 ETF,2026-08-19 15:20:00,769.71,770.01,770.0195,769.6,0.0,0.0,607894.0,467929891.715,0.03897571812760059,769.71
US.SPY,SPDR S&P 500 ETF,2026-08-19 15:25:00,770.01,769.94,770.02,769.68,0.0,0.0,553735.0,425632983.732,-0.00909079102867967,770.01
US.SPY,SPDR S&P 500 ETF,2026-08-19 15:30:00,769.93,769.63,770.02,769.58,0.0,0.0,637697.0,490587746.463,-0.04026287762683574,769.94
US.SPY,SPDR S&P 500 ETF,2026-08-19 15:35:00,769.65,770.18,770.38,769.61,0.0,0.0,457283.0,352143501.249,0.07146291074931518,769.63
US.SPY,SPDR S&P 500 ETF,2026-08-19 15:40:00,770.18,769.175,770.19,769.17,0.0,0.0,789866.0,607898510.82,-0.13048897660287148,770.18
US.SPY,SPDR S&P 500 ETF,2026-08-19 15:45:00,769.17,769.0,769.3894,768.985,0.0,0.0,361741.0,278236539.108,-0.022751649494582447,769.175
US.SPY,SPDR S&P 500 ETF,2026-08-19 15:50:00,769.0,768.76,769.12,768.53,0.0,0.0,649945.0,499681738.815,-0.031209362808843837,769.0
US.SPY,SPDR S&P 500 ETF,2026-08-19 15:55:00,768.76,768.72,768.86,768.29,0.0,0.0,937934.0,720671347.418,-0.005203184348816747,768.76
US.SPY,SPDR S&P 500 ETF,2026-08-19 16:00:00,768.71,769.06,769.11,768.2,0.0,0.0,5436362.0,4176842758.314,0.04422936830054092,768.72
US.SPY,SPDR S&P 500 ETF,2026-08-20 09:35:00,765.96,767.05,767.1,765.86,0.0,0.0,923283.0,707519268.593,-0.26135802148076753,769.06
US.SPY,SPDR S&P 500 ETF,2026-08-20 09:40:00,767.06,767.3,767.72,766.66,0.0,0.0,936615.0,718697359.541,0.03259239945244769,767.05
US.SPY,SPDR S&P 500 ETF,2026-08-20 09:45:00,767.32,767.365,767.75,766.64,0.0,0.0,448511.0,344106690.817,0.008471262869810318,767.3
US.SPY,SPDR S&P 500 ETF,2026-08-20 09:50:00,767.37,767.15,767.5,766.61,0.0,0.0,619527.0,475215341.065,-0.028017957556056353,767.365
US.SPY,SPDR S&P 500 ETF,2026-08-20 09:55:00,767.15,766.98,767.26,766.44,0.0,0.0,482501.0,369982402.947,-0.022159942644848996,767.15
US.SPY,SPDR S&P 500 ETF,2026-08-20 10:00:00,766.99,766.55,767.32,766.16,0.0,0.0,415191.0,318314332.038,-0.05606404339097025,766.98
US.SPY,SPDR S&P 500 ETF,2026-08-20 10:05:00,766.5,765.9801,766.92,765.98,0.0,0.0,346548.0,265614790.663,-0.07434609614506052,766.55
US.SPY,SPDR S&P 500 ETF,2026-08-20 10:10:00,765.99,766.645,766.66,765.87,0.0,0.0,445205.0,341135381.797,0.08680382166586165,765.9801
US.SPY,SPDR S&P 500 ETF,2026-08-20 10:15:00,766.68,765.995679,766.76,765.93,0.0,0.0,399377.0,306073019.68,-0.08469643707321985,766.645
US.SPY,SPDR S&P 500 ETF,2026-08-20 10:20:00,765.97,765.44,766.135,765.39,0.0,0.0,532628.0,407817086.929,-0.07254335960816052,765.995679
US.SPY,SPDR S&P 500 ETF,2026-08-20 10:25:00,765.4399,766.75,766.95,765.36,0.0,0.0,491875.0,376943558.469,0.17114339464882228,765.44
US.SPY,SPDR S&P 500 ETF,2026-08-20 10:30:00,766.7691,766.22,766.83,765.97,0.0,0.0,264388.0,202610018.313,-0.06912292142158105,766.75
US.SPY,SPDR S&P 500 ETF,2026-08-20 10:35:00,766.205,766.105,766.82,766.01,0.0,0.0,250393.0,191902785.253,-0.015008744224897431,766.22
US.SPY,SPDR S&P 500 ETF,2026-08-20 10:40:00,766.11,766.97,767.165,765.93,0.0,0.0,241885.0,185431292.404,0.11290880492882947,766.105
US.SPY,SPDR S&P 500 ETF,2026-08-20 10:45:00,766.96,767.17,767.26,766.57,0.0,0.0,538857.0,413565287.211,0.0260766392427255,766.97
US.SPY,SPDR S&P 500 ETF,2026-08-20 10:50:00,767.16,766.73,767.48,766.62,0.0,0.0,374579.0,287316260.287,-0.05735365042949293,767.17
US.SPY,SPDR S&P 500 ETF,2026-08-20 10:55:00,766.74,766.7,767.25,766.6,0.0,0.0,245788.0,188490853.207,-0.003912720253540714,766.73
US.SPY,SPDR S&P 500 ETF,2026-08-20 11:00:00,766.72,767.15,767.235,766.48,0.0,0.0,266129.0,204058162.022,0.05869310029997806,766.7
US.SPY,SPDR S&P 500 ETF,2026-08-20 11:05:00,767.17,767.92,768.15,767.1221,0.0,0.0,903745.0,693599664.942,0.10037150492080843,767.15
US.SPY,SPDR S&P 500 ETF,2026-08-20 11:10:00,767.88,766.56,767.9,766.36,0.0,0.0,709026.0,544115534.469,-0.17710178143556798,767.92
US.SPY,SPDR S&P 500 ETF,2026-08-20 11:15:00,766.52,766.79,767.0,766.06,0.0,0.0,657941.0,504611057.079,0.030004174493844998,766.56
US.SPY,SPDR S&P 500 ETF,2026-08-20 11:20:00,766.775,766.77,767.08,766.4,0.0,0.0,348261.0,267024453.5,-0.002608276059935812,766.79
US.SPY,SPDR S&P 500 ETF,2026-08-20 11:25:00,766.73,766.29,766.78,765.97,0.0,0.0,556408.0,426689613.822,-0.06260025822606756,766.77
US.SPY,SPDR S&P 500 ETF,2026-08-20 11:30:00,766.275,766.75,766.8,766.0,0.0,0.0,361670.0,277183722.277,0.060029492750791,766.29
US.SPY,SPDR S&P 500 ETF,2026-08-20 11:35:00,766.74,765.98,766.87,765.83,0.0,0.0,260692.0,199773283.642,-0.10042386697097905,766.75
US.SPY,SPDR S&P 500 ETF,2026-08-20 11:40:00,765.99,765.555,766.13,765.55,0.0,0.0,580975.0,445698934.61,-0.05548447740150764,765.98
US.SPY,SPDR S&P 500 ETF,2026-08-20 11:45:00,765.55,765.36,765.85,765.31,0.0,0.0,308537.0,236201905.709,-0.02547171659775409,765.555
US.SPY,SPDR S&P 500 ETF,2026-08-20 11:50:00,765.35,765.53,765.72,765.23,0.0,0.0,334990.0,256436744.179,0.022211769624746403,765.36
US.SPY,SPDR S&P 500 ETF,2026-08-20 11:55:00,765.54,765.85,766.03,765.43,0.0,0.0,387006.0,296344262.231,0.04180110511672306,765.53
US.SPY,SPDR S&P 500 ETF,2026-08-20 12:00:00,765.87,765.84,766.005,765.62,0.0,0.0,290820.0,222709160.041,-0.0013057387216806038,765.85
US.SPY,SPDR S&P 500 ETF,2026-08-20 12:05:00,765.84,765.5899,766.09,765.48,0.0,0.0,302143.0,231366715.09,-0.032656951843738714,765.84
US.SPY,SPDR S&P 500 ETF,2026-08-20 12:10:00,765.58,766.02,766.02,765.53,0.0,0.0,176473.0,135132524.362,0.056178902046649076,765.5899
US.SPY,SPDR S&P 500 ETF,2026-08-20 12:15:00,766.0099,765.515,766.08,765.465,0.0,0.0,193731.0,148352116.874,-0.06592517166653554,766.02
US.SPY,SPDR S&P 500 ETF,2026-08-20 12:20:00,765.49,765.61,765.6653,765.45,0.0,0.0,156878.0,120099813.132,0.01240994624534167,765.515
US.SPY,SPDR S&P 500 ETF,2026-08-20 12:25:00,765.61,765.93,766.08,765.46,0.0,0.0,342779.0,262870242.858,0.04179673724219072,765.61
US.SPY,SPDR S&P 500 ETF,2026-08-20 12:30:00,765.91,765.745,766.035,765.63,0.0,0.0,159052.0,121808058.341,-0.02415364328332164,765.93
US.SPY,SPDR S&P 500 ETF,2026-08-20 12:35:00,765.74,766.08,766.12,765.36,0.0,0.0,168457.0,128975583.846,0.043748245173006205,765.745
US.SPY,SPDR S&P 500 ETF,2026-08-20 12:40:00,766.09,766.3,766.38,766.0,0.0,0.0,193397.0,148183036.587,0.02871762740182665,766.08
US.SPY,SPDR S&P 500 ETF,2026-08-20 12:45:00,766.29,766.64,766.64,766.28,0.0,0.0,264868.0,203001602.094,0.04436904606551375,766.3
US.SPY,SPDR S&P 500 ETF,2026-08-20 12:50:00,766.63,766.37,766.63,766.31,0.0,0.0,302459.0,231837997.39,-0.035218616299695006,766.64
US.SPY,SPDR S&P 500 ETF,2026-08-20 12:55:00,766.375,766.18,766.62,766.12,0.0,0.0,198478.0,152098000.199,-0.024792202199988855,766.37
US.SPY,SPDR S&P 500 ETF,2026-08-20 13:00:00,766.17,766.42,766.5,766.02,0.0,0.0,240839.0,184535321.078,0.03132423190373138,766.18
US.SPY,SPDR S&P 500 ETF,2026-08-20 13:05:00,766.39,766.07,766.43,765.96,0.0,0.0,203618.0,155997244.645,-0.04566686673102333,766.42
US.SPY,SPDR S&P 500 ETF,2026-08-20 13:10:00,766.04,765.68,766.05,765.6,0.0,0.0,264640.0,202660821.657,-0.050909185844648666,766.07
US.SPY,SPDR S&P 500 ETF,2026-08-20 13:15:00,765.68,765.52,765.83,765.49,0.0,0.0,312498.0,239678417.578,-0.020896458050356306,765.68
US.SPY,SPDR S&P 500 ETF,2026-08-20 13:20:00,765.53,764.86,765.54,764.84,0.0,0.0,416980.0,319028029.863,-0.0862159055282642,765.52
US.SPY,SPDR S&P 500 ETF,2026-08-20 13:25:00,764.85,765.02,765.26,764.79,0.0,0.0,354361.0,271109579.473,0.02091886096801613,764.86
US.SPY,SPDR S&P 500 ETF,2026-08-20 13:30:00,765.0,764.78,765.09,764.71,0.0,0.0,274495.0,209947470.306,-0.03137172884369155,765.02
US.SPY,SPDR S&P 500 ETF,2026-08-20 13:35:00,764.78,764.6067,764.89,764.56,0.0,0.0,275158.0,210425605.872,-0.02266011140457733,764.78
US.SPY,SPDR S&P 500 ETF,2026-08-20 13:40:00,764.61,764.475,764.78,764.3,0.0,0.0,281543.0,215247222.792,-0.017224541715371244,764.6067
US.SPY,SPDR S&P 500 ETF,2026-08-20 13:45:00,764.46,764.45,764.52,764.23,0.0,0.0,285938.0,218569648.897,-0.003270218123545866,764.475
US.SPY,SPDR S&P 500 ETF,2026-08-20 13:50:00,764.45,764.72,764.84,764.4,0.0,0.0,295091.0,225642587.843,0.0353195107593671,764.45
US.SPY,SPDR S&P 500 ETF,2026-08-20 13:55:00,764.7101,764.769,765.01,764.69,0.0,0.0,252014.0,192753769.896,0.006407574014015348,764.72
US.SPY,SPDR S&P 500 ETF,2026-08-20 14:00:00,764.77,764.54,764.84,764.52,0.0,0.0,232520.0,177806613.211,-0.029943682340686117,764.769
US.SPY,SPDR S&P 500 ETF,2026-08-20 14:05:00,764.55,764.1,764.55,764.02,0.0,0.0,372932.0,284992676.632,-0.05755094566666766,764.54
US.SPY,SPDR S&P 500 ETF,2026-08-20 14:10:00,764.1,763.725,764.15,763.585,0.0,0.0,384307.0,293533131.718,-0.04907734589713388,764.1
US.SPY,SPDR S&P 500 ETF,2026-08-20 14:15:00,763.72,763.58,763.775,763.35,0.0,0.0,506544.0,386771786.781,-0.018985891518541596,763.725
US.SPY,SPDR S&P 500 ETF,2026-08-20 14:20:00,763.58,763.68,763.71,763.15,0.0,0.0,556071.0,424528816.181,0.01309620471986027,763.58
US.SPY,SPDR S&P 500 ETF,2026-08-20 14:25:00,763.69,763.62,763.945,763.5901,0.0,0.0,331018.0,252831018.38,-0.007856693903198386,763.68
US.SPY,SPDR S&P 500 ETF,2026-08-20 14:30:00,763.62,763.56,763.72,763.44,0.0,0.0,234498.0,179056090.289,-0.007857311228105486,763.62
US.SPY,SPDR S&P 500 ETF,2026-08-20 14:35:00,763.565,763.32,763.63,763.25,0.0,0.0,305083.0,232912934.896,-0.031431714600017736,763.56
US.SPY,SPDR S&P 500 ETF,2026-08-20 14:40:00,763.31,763.42,763.62,763.29,0.0,0.0,285600.0,218052309.721,0.013100665513796187,763.32
US.SPY,SPDR S&P 500 ETF,2026-08-20 14:45:00,763.41,763.5528,763.62,763.21,0.0,0.0,277240.0,211652078.047,0.01739540488853952,763.42
US.SPY,SPDR S&P 500 ETF,2026-08-20 14:50:00,763.56,763.71,763.85,763.41,0.0,0.0,400832.0,306091809.424,0.020587967197551876,763.5528
US.SPY,SPDR S&P 500 ETF,2026-08-20 14:55:00,763.71,763.606,763.775,763.51,0.0,0.0,487993.0,373320314.664,-0.013617734480371062,763.71
US.SPY,SPDR S&P 500 ETF,2026-08-20 15:00:00,763.59,763.24,763.76,763.24,0.0,0.0,388916.0,296946429.932,-0.04793047723564056,763.606
US.SPY,SPDR S&P 500 ETF,2026-08-20 15:05:00,763.25,763.42,763.46,763.17,0.0,0.0,424126.0,323731597.343,0.02358366961898616,763.24
US.SPY,SPDR S&P 500 ETF,2026-08-20 15:10:00,763.4,763.62,763.715,763.29,0.0,0.0,417464.0,318766051.708,0.026197898928511893,763.42
US.SPY,SPDR S&P 500 ETF,2026-08-20 15:15:00,763.64,763.54,763.67,763.39,0.0,0.0,379338.0,289628549.033,-0.010476414970802353,763.62
US.SPY,SPDR S&P 500 ETF,2026-08-20 15:20:00,763.53,763.34,763.8,763.26,0.0,0.0,395054.0,301648127.539,-0.026193781596240116,763.54
US.SPY,SPDR S&P 500 ETF,2026-08-20 15:25:00,763.35,763.65,763.76,763.23,0.0,0.0,498168.0,380328137.834,0.040610999030569,763.34
US.SPY,SPDR S&P 500 ETF,2026-08-20 15:30:00,763.62,763.49,763.73,763.44,0.0,0.0,477272.0,364440798.078,-0.020952006809398044,763.65
US.SPY,SPDR S&P 500 ETF,2026-08-20 15:35:00,763.48,763.19,763.51,763.04,0.0,0.0,938372.0,716918231.556,-0.03929324549109412,763.49
US.SPY,SPDR S&P 500 ETF,2026-08-20 15:40:00,763.19,763.5,763.65,763.1,0.0,0.0,878136.0,671054878.828,0.040618980856660256,763.19
US.SPY,SPDR S&P 500 ETF,2026-08-20 15:45:00,763.5,763.1,763.5699,762.97,0.0,0.0,875237.0,668016325.504,-0.05239030779305531,763.5
US.SPY,SPDR S&P 500 ETF,2026-08-20 15:50:00,763.1,763.37,763.4,762.81,0.0,0.0,1420555.0,1085387188.614,0.0353819944961318,763.1
US.SPY,SPDR S&P 500 ETF,2026-08-20 15:55:00,763.37,762.91,763.42,762.76,0.0,0.0,1367355.0,1044330399.717,-0.06025911419102616,763.37
US.SPY,SPDR S&P 500 ETF,2026-08-20 16:00:00,762.92,762.6,763.0,762.04,0.0,0.0,6481396.0,4951598085.066,-0.04063388866313791,762.91
US.SPY,SPDR S&P 500 ETF,2026-08-21 09:35:00,766.05,764.8599,766.15,764.83,0.0,0.0,1149657.0,879966446.781,0.29634146341463624,762.6
US.SPY,SPDR S&P 500 ETF,2026-08-21 09:40:00,764.87,765.09,765.19,764.62,0.0,0.0,936515.0,716347805.141,0.030083940862894377,764.8599
US.SPY,SPDR S&P 500 ETF,2026-08-21 09:45:00,765.12,765.16,765.27,764.78,0.0,0.0,694435.0,531279227.415,0.009149250414975536,765.09
US.SPY,SPDR S&P 500 ETF,2026-08-21 09:50:00,765.16,764.96,765.42,764.68,0.0,0.0,636826.0,487221443.622,-0.02613832401065552,765.16
US.SPY,SPDR S&P 500 ETF,2026-08-21 09:55:00,764.97,764.42,765.245,764.17,0.0,0.0,410016.0,313529279.863,-0.0705919263752454,764.96
US.SPY,SPDR S&P 500 ETF,2026-08-21 10:00:00,764.42,764.5124,764.83,764.29,0.0,0.0,338254.0,258612303.336,0.012087595824284795,764.42
US.SPY,SPDR S&P 500 ETF,2026-08-21 10:05:00,764.53,764.93,764.96,764.53,0.0,0.0,266951.0,204157667.507,0.05462305124154861,764.5124
US.SPY,SPDR S&P 500 ETF,2026-08-21 10:10:00,764.9399,765.24,765.53,764.91,0.0,0.0,394665.0,302031367.185,0.04052658413188908,764.93
US.SPY,SPDR S&P 500 ETF,2026-08-21 10:15:00,765.26,764.71,765.455,764.6,0.0,0.0,271272.0,207524245.108,-0.0692593173383478,765.24
US.SPY,SPDR S&P 500 ETF,2026-08-21 10:20:00,764.7,764.63,765.06,764.57,0.0,0.0,373561.0,285700513.376,-0.010461482130486187,764.71
US.SPY,SPDR S&P 500 ETF,2026-08-21 10:25:00,764.63,764.7501,765.205,764.45,0.0,0.0,1395833.0,1067725624.85,0.01570694322744065,764.63
US.SPY,SPDR S&P 500 ETF,2026-08-21 10:30:00,764.755,764.65,765.1,764.6,0.0,0.0,294998.0,225652071.727,-0.01308924313968676,764.7501
US.SPY,SPDR S&P 500 ETF,2026-08-21 10:35:00,764.65,764.5,764.88,764.48,0.0,0.0,202019.0,154490424.992,-0.019616818152092756,764.65
US.SPY,SPDR S&P 500 ETF,2026-08-21 10:40:00,764.49,764.38,764.645,764.22,0.0,0.0,307499.0,235049959.74,-0.01569653368214579,764.5
US.SPY,SPDR S&P 500 ETF,2026-08-21 10:45:00,764.365,764.62,764.87,764.215,0.0,0.0,256204.0,195864807.288,0.03139799576127176,764.38
US.SPY,SPDR S&P 500 ETF,2026-08-21 10:50:00,764.59,765.03,765.09,764.5301,0.0,0.0,258772.0,197916772.233,0.05362140671182655,764.62
US.SPY,SPDR S&P 500 ETF,2026-08-21 10:55:00,765.04,765.0638,765.3,764.87,0.0,0.0,204435.0,156408029.62,0.004418127393702472,765.03
US.SPY,SPDR S&P 500 ETF,2026-08-21 11:00:00,765.05,765.8151,765.835,764.95,0.0,0.0,314901.0,241067599.817,0.09820096049506129,765.0638
US.SPY,SPDR S&P 500 ETF,2026-08-21 11:05:00,765.81,766.24,766.4,765.74,0.0,0.0,828572.0,634670685.597,0.055483366676888406,765.8151
US.SPY,SPDR S&P 500 ETF,2026-08-21 11:10:00,766.25,765.84,766.41,765.8,0.0,0.0,425930.0,326333062.054,-0.05220296512841632,766.24
US.SPY,SPDR S&P 500 ETF,2026-08-21 11:15:00,765.855,765.7,766.0401,765.68,0.0,0.0,184924.0,141625004.918,-0.018280580800165355,765.84
US.SPY,SPDR S&P 500 ETF,2026-08-21 11:20:00,765.705,765.605,765.97,765.54,0.0,0.0,311676.0,238655651.001,-0.01240694789082242,765.7
US.SPY,SPDR S&P 500 ETF,2026-08-21 11:25:00,765.6,765.51,765.87,765.455,0.0,0.0,271157.0,207635670.323,-0.012408487405388849,765.605
US.SPY,SPDR S&P 500 ETF,2026-08-21 11:30:00,765.51,765.955,766.02,765.455,0.0,0.0,366944.0,280981439.283,0.058131180520182624,765.51
US.SPY,SPDR S&P 500 ETF,2026-08-21 11:35:00,765.96,766.49,766.49,765.82,0.0,0.0,3359717.0,2576373751.204,0.0698474453460018,765.955
US.SPY,SPDR S&P 500 ETF,2026-08-21 11:40:00,766.48,767.0584,767.0584,766.44,0.0,0.0,369088.0,282986914.072,0.07415621860689597,766.49
US.SPY,SPDR S&P 500 ETF,2026-08-21 11:45:00,767.05,767.3,767.44,766.92,0.0,0.0,356799.0,273743551.181,0.03149694990628465,767.0584
US.SPY,SPDR S&P 500 ETF,2026-08-21 11:50:00,767.31,767.01,767.45,766.94,0.0,0.0,326315.0,250360120.039,-0.03779486511142495,767.3
US.SPY,SPDR S&P 500 ETF,2026-08-21 11:55:00,767.0206,767.6734,767.85,767.0005,0.0,0.0,242317.0,185990784.727,0.08649170154235593,767.01
US.SPY,SPDR S&P 500 ETF,2026-08-21 12:00:00,767.67,767.2,767.69,767.0799,0.0,0.0,330383.0,253541794.181,-0.061666849470096215,767.6734
US.SPY,SPDR S&P 500 ETF,2026-08-21 12:05:00,767.2,766.74,767.3299,766.64,0.0,0.0,421334.0,322569395.499,-0.05995828988530192,767.2
US.SPY,SPDR S&P 500 ETF,2026-08-21 12:10:00,766.75,766.35,766.75,766.29,0.0,0.0,442673.0,338792127.858,-0.05086469989826882,766.74
US.SPY,SPDR S&P 500 ETF,2026-08-21 12:15:00,766.34,766.24,766.59,766.24,0.0,0.0,258800.0,198346023.915,-0.01435375481177186,766.35
US.SPY,SPDR S&P 500 ETF,2026-08-21 12:20:00,766.24,766.02,766.66,765.91,0.0,0.0,1156801.0,882904255.049,-0.02871163082063417,766.24
US.SPY,SPDR S&P 500 ETF,2026-08-21 12:25:00,766.01,766.195,767.03,765.87,0.0,0.0,510658.0,391311009.813,0.022845356518115482,766.02
US.SPY,SPDR S&P 500 ETF,2026-08-21 12:30:00,766.2,766.515,766.58,766.13,0.0,0.0,149123.0,114279376.754,0.041764824881386116,766.195
US.SPY,SPDR S&P 500 ETF,2026-08-21 12:35:00,766.51,766.03,766.53,766.03,0.0,0.0,181666.0,139204381.496,-0.06327338669171688,766.515
US.SPY,SPDR S&P 500 ETF,2026-08-21 12:40:00,766.03,766.55,766.57,766.025,0.0,0.0,289266.0,221672436.033,0.06788245891152851,766.03
US.SPY,SPDR S&P 500 ETF,2026-08-21 12:45:00,766.55,766.375,766.56,766.285,0.0,0.0,160403.0,122938674.787,-0.022829561020149308,766.55
US.SPY,SPDR S&P 500 ETF,2026-08-21 12:50:00,766.37,766.17,766.37,766.1,0.0,0.0,171061.0,131070280.963,-0.026749306801505914,766.375
US.SPY,SPDR S&P 500 ETF,2026-08-21 12:55:00,766.16,766.02,766.18,765.81,0.0,0.0,497387.0,380593732.536,-0.019577900465951065,766.17
US.SPY,SPDR S&P 500 ETF,2026-08-21 13:00:00,766.01,766.39,766.43,765.955,0.0,0.0,222719.0,170630461.722,0.04830161092399736,766.02
US.SPY,SPDR S&P 500 ETF,2026-08-21 13:05:00,766.39,766.27,766.465,766.23,0.0,0.0,166318.0,127457490.583,-0.015657824345307814,766.39
US.SPY,SPDR S&P 500 ETF,2026-08-21 13:10:00,766.28,766.37,766.53,766.16,0.0,0.0,192667.0,147646849.973,0.013050230336568408,766.27
US.SPY,SPDR S&P 500 ETF,2026-08-21 13:15:00,766.37,766.2189,766.37,766.1,0.0,0.0,140547.0,107687681.208,-0.019716325012727822,766.37
US.SPY,SPDR S&P 500 ETF,2026-08-21 13:20:00,766.22,766.16,766.3,766.09,0.0,0.0,251332.0,192074321.713,-0.007687098295277522,766.2189
US.SPY,SPDR S&P 500 ETF,2026-08-21 13:25:00,766.15,765.84,766.2,765.73,0.0,0.0,457855.0,350206105.489,-0.04176673279731862,766.16
US.SPY,SPDR S&P 500 ETF,2026-08-21 13:30:00,765.844,765.8,766.01,765.705,0.0,0.0,211296.0,161820636.85,-0.005223023085772134,765.84
US.SPY,SPDR S&P 500 ETF,2026-08-21 13:35:00,765.82,765.5395,765.9,765.5395,0.0,0.0,193082.0,147857393.258,-0.03401671454687635,765.8
US.SPY,SPDR S&P 500 ETF,2026-08-21 13:40:00,765.52,765.575,765.815,765.5,0.0,0.0,133767.0,102414915.602,0.004637252551967603,765.5395
US.SPY,SPDR S&P 500 ETF,2026-08-21 13:45:00,765.575,765.655,765.71,765.47,0.0,0.0,134415.0,102908052.292,0.010449662018734577,765.575
US.SPY,SPDR S&P 500 ETF,2026-08-21 13:50:00,765.7,765.71,765.88,765.585,0.0,0.0,144356.0,110540132.843,0.007183391997709629,765.655
US.SPY,SPDR S&P 500 ETF,2026-08-21 13:55:00,765.698,765.58,765.76,765.51,0.0,0.0,137222.0,105062652.698,-0.01697770696477719,765.71
US.SPY,SPDR S&P 500 ETF,2026-08-21 14:00:00,765.58,765.43,765.58,765.43,0.0,0.0,173812.0,133056228.826,-0.019592988322590838,765.58
US.SPY,SPDR S&P 500 ETF,2026-08-21 14:05:00,765.44,765.67,765.735,765.35,0.0,0.0,289555.0,221680954.809,0.03135492468285919,765.43
US.SPY,SPDR S&P 500 ETF,2026-08-21 14:10:00,765.67,765.315,765.68,765.3,0.0,0.0,153175.0,117248231.351,-0.0463646218344593,765.67
US.SPY,SPDR S&P 500 ETF,2026-08-21 14:15:00,765.31,765.34,765.55,765.285,0.0,0.0,175554.0,134367388.976,0.0032666287737699194,765.315
US.SPY,SPDR S&P 500 ETF,2026-08-21 14:20:00,765.35,765.47,765.53,765.31,0.0,0.0,179302.0,137235861.839,0.016985914756839502,765.34
US.SPY,SPDR S&P 500 ETF,2026-08-21 14:25:00,765.46,765.495,765.615,765.41,0.0,0.0,121496.0,93006989.287,0.003265967314196149,765.47
US.SPY,SPDR S&P 500 ETF,2026-08-21 14:30:00,765.5,765.285,765.53,765.26,0.0,0.0,125741.0,96236436.332,-0.027433229478969343,765.495
US.SPY,SPDR S&P 500 ETF,2026-08-21 14:35:00,765.27,765.175,765.37,765.06,0.0,0.0,241339.0,184666574.543,-0.014373730048284449,765.285
US.SPY,SPDR S&P 500 ETF,2026-08-21 14:40:00,765.18,765.2301,765.34,765.18,0.0,0.0,147115.0,112579459.876,0.007200967099034674,765.175
US.SPY,SPDR S&P 500 ETF,2026-08-21 14:45:00,765.235,765.39,765.52,765.21,0.0,0.0,208006.0,159204046.134,0.020895675692839746,765.2301
US.SPY,SPDR S&P 500 ETF,2026-08-21 14:50:00,765.395,765.6561,765.7,765.315,0.0,0.0,271516.0,207843230.899,0.03476658958178854,765.39
US.SPY,SPDR S&P 500 ETF,2026-08-21 14:55:00,765.66,765.89,765.98,765.66,0.0,0.0,409443.0,313105009.189,0.03054896317027301,765.6561
US.SPY,SPDR S&P 500 ETF,2026-08-21 15:00:00,765.89,766.1975,766.23,765.79,0.0,0.0,365782.0,279703937.206,0.04014936870830074,765.89
US.SPY,SPDR S&P 500 ETF,2026-08-21 15:05:00,766.2,766.0303,766.365,766.01,0.0,0.0,587343.0,449544299.591,-0.0218220497978628,766.1975
US.SPY,SPDR S&P 500 ETF,2026-08-21 15:10:00,766.035,766.1,766.33,766.0,0.0,0.0,297419.0,227859123.394,0.009098856794569567,766.0303
US.SPY,SPDR S&P 500 ETF,2026-08-21 15:15:00,766.09,766.045,766.1,765.87,0.0,0.0,237691.0,182075070.0,-0.007179219423060131,766.1
US.SPY,SPDR S&P 500 ETF,2026-08-21 15:20:00,766.045,765.97,766.12,765.85,0.0,0.0,518335.0,396109246.454,-0.00979054755268056,766.045
US.SPY,SPDR S&P 500 ETF,2026-08-21 15:25:00,765.965,766.2001,766.23,765.87,0.0,0.0,250755.0,192098671.603,0.03004034100552151,765.97
US.SPY,SPDR S&P 500 ETF,2026-08-21 15:30:00,766.205,766.05,766.21,765.95,0.0,0.0,225104.0,172447935.692,-0.019590182773412044,766.2001
US.SPY,SPDR S&P 500 ETF,2026-08-21 15:35:00,766.05,766.0846,766.315,766.02,0.0,0.0,324310.0,248463089.103,0.004516676457159269,766.05
US.SPY,SPDR S&P 500 ETF,2026-08-21 15:40:00,766.09,766.275,766.37,765.975,0.0,0.0,403615.0,309245644.421,0.02485365193347499,766.0846
US.SPY,SPDR S&P 500 ETF,2026-08-21 15:45:00,766.27,766.47,766.485,766.09,0.0,0.0,725693.0,555543561.268,0.025447783106593586,766.275
US.SPY,SPDR S&P 500 ETF,2026-08-21 15:50:00,766.46,766.67,766.8,766.38,0.0,0.0,969623.0,742763814.468,0.026093650110236767,766.47
US.SPY,SPDR S&P 500 ETF,2026-08-21 15:55:00,766.65,765.9,766.66,765.85,0.0,0.0,898459.0,688361436.902,-0.100434345937624,766.67
US.SPY,SPDR S&P 500 ETF,2026-08-21 16:00:00,765.89,765.72,766.235,765.34,0.0,0.0,4280920.0,3276587132.182,-0.023501762632190885,765.9
US.SPY,SPDR S&P 500 ETF,2026-08-24 09:35:00,764.78,763.45,764.81,763.2,0.0,0.0,1124753.0,859324941.044,-0.2964530115446876,765.72
US.SPY,SPDR S&P 500 ETF,2026-08-24 09:40:00,763.51,763.36,763.82,762.97,0.0,0.0,468510.0,357688583.464,-0.0117885912633482,763.45
US.SPY,SPDR S&P 500 ETF,2026-08-24 09:45:00,763.36,762.19,763.73,762.19,0.0,0.0,577363.0,440511118.403,-0.153269754768387,763.36
US.SPY,SPDR S&P 500 ETF,2026-08-24 09:50:00,762.18,763.105,763.59,762.08,0.0,0.0,842288.0,642623636.449,0.12004880672797642,762.19
US.SPY,SPDR S&P 500 ETF,2026-08-24 09:55:00,763.11,763.48,763.53,762.74,0.0,0.0,409131.0,312185545.173,0.04914133703749811,763.105
US.SPY,SPDR S&P 500 ETF,2026-08-24 10:00:00,763.47,763.39,763.66,763.2399,0.0,0.0,395005.0,301575863.432,-0.01178812804527058,763.48
US.SPY,SPDR S&P 500 ETF,2026-08-24 10:05:00,763.41,762.97,763.945,762.8,0.0,0.0,555213.0,423801780.897,-0.05501774977402887,763.39
US.SPY,SPDR S&P 500 ETF,2026-08-24 10:10:00,762.98,762.89,763.2,762.62,0.0,0.0,226955.0,173139148.488,-0.01048534018376095,762.97
US.SPY,SPDR S&P 500 ETF,2026-08-24 10:15:00,762.91,762.98,763.02,762.5,0.0,0.0,243332.0,185597815.074,0.01179724468796705,762.89
US.SPY,SPDR S&P 500 ETF,2026-08-24 10:20:00,762.98,762.87,763.06,762.65,0.0,0.0,211832.0,161595662.813,-0.014417153791713235,762.98
US.SPY,SPDR S&P 500 ETF,2026-08-24 10:25:00,762.86,762.85,763.509,762.8,0.0,0.0,578408.0,441752576.803,-0.0026216786608441556,762.87
US.SPY,SPDR S&P 500 ETF,2026-08-24 10:30:00,762.87,762.92,763.145,762.67,0.0,0.0,1048185.0,800588323.044,0.009176115881226497,762.85
US.SPY,SPDR S&P 500 ETF,2026-08-24 10:35:00,762.92,763.62,763.75,762.78,0.0,0.0,301213.0,229932696.724,0.091752739474656,762.92
US.SPY,SPDR S&P 500 ETF,2026-08-24 10:40:00,763.62,763.7,763.885,763.56,0.0,0.0,193978.0,148147445.499,0.010476414970802353,763.62
US.SPY,SPDR S&P 500 ETF,2026-08-24 10:45:00,763.7,763.7,764.11,763.5034,0.0,0.0,2476944.0,1892261683.169,0.0,763.7
US.SPY,SPDR S&P 500 ETF,2026-08-24 10:50:00,763.685,763.88,763.88,763.47,0.0,0.0,378028.0,288929675.563,0.02356946444938457,763.7
US.SPY,SPDR S&P 500 ETF,2026-08-24 10:55:00,763.87,763.62,763.93,763.425,0.0,0.0,211220.0,161283098.357,-0.03403675970047532,763.88
US.SPY,SPDR S&P 500 ETF,2026-08-24 11:00:00,763.625,763.64,763.96,763.52,0.0,0.0,310357.0,236993439.891,0.0026191037426968665,763.62
US.SPY,SPDR S&P 500 ETF,2026-08-24 11:05:00,763.64,763.06,763.82,763.02,0.0,0.0,232239.0,177281112.204,-0.07595201927610405,763.64
US.SPY,SPDR S&P 500 ETF,2026-08-24 11:10:00,763.06,762.99,763.08,762.78,0.0,0.0,230627.0,175951311.173,-0.00917359054333032,763.06
US.SPY,SPDR S&P 500 ETF,2026-08-24 11:15:00,762.98,762.75,763.1751,762.7,0.0,0.0,218281.0,166528980.704,-0.031455196005191303,762.99
US.SPY,SPDR S&P 500 ETF,2026-08-24 11:20:00,762.74,762.68,762.8199,762.6308,0.0,0.0,138253.0,105450007.22,-0.009177318911838744,762.75
US.SPY,SPDR S&P 500 ETF,2026-08-24 11:25:00,762.675,763.15,763.19,762.37,0.0,0.0,408203.0,311686480.051,0.061624796769290835,762.68
US.SPY,SPDR S&P 500 ETF,2026-08-24 11:30:00,763.1501,763.7401,764.0062,763.07,0.0,0.0,480586.0,366925367.517,0.07732424818187864,763.15
US.SPY,SPDR S&P 500 ETF,2026-08-24 11:35:00,763.74,763.84,764.0,763.4,0.0,0.0,356319.0,272131393.995,0.013080365951722038,763.7401
US.SPY,SPDR S&P 500 ETF,2026-08-24 11:40:00,763.855,764.025,764.16,763.7,0.0,0.0,264613.0,202138641.107,0.024219731881015057,763.84
US.SPY,SPDR S&P 500 ETF,2026-08-24 11:45:00,764.03,764.2532,764.42,764.0201,0.0,0.0,274481.0,209766501.34,0.029868132587286447,764.025
US.SPY,SPDR S&P 500 ETF,2026-08-24 11:50:00,764.27,764.28,764.73,764.265,0.0,0.0,303012.0,231639282.209,0.0035066912379274526,764.2532
US.SPY,SPDR S&P 500 ETF,2026-08-24 11:55:00,764.29,764.31,764.61,764.285,0.0,0.0,157312.0,120251433.162,0.003925262992616935,764.28
US.SPY,SPDR S&P 500 ETF,2026-08-24 12:00:00,764.3,764.5201,764.53,764.18,0.0,0.0,272138.0,207997831.323,0.027488846148815443,764.31
US.SPY,SPDR S&P 500 ETF,2026-08-24 12:05:00,764.52,764.95,765.13,764.43,0.0,0.0,428142.0,327453116.833,0.05623135349876201,764.5201
US.SPY,SPDR S&P 500 ETF,2026-08-24 12:10:00,764.95,764.47,764.99,764.46,0.0,0.0,163873.0,125314426.835,-0.06274919929407388,764.95
US.SPY,SPDR S&P 500 ETF,2026-08-24 12:15:00,764.485,764.6488,764.66,764.43,0.0,0.0,107970.0,82546076.586,0.02338875299227227,764.47
US.SPY,SPDR S&P 500 ETF,2026-08-24 12:20:00,764.64,765.05,765.1588,764.61,0.0,0.0,245075.0,187489357.049,0.05246853195871143,764.6488
US.SPY,SPDR S&P 500 ETF,2026-08-24 12:25:00,765.0499,764.87,765.22,764.8,0.0,0.0,245673.0,187939939.04,-0.023527873995157177,765.05
US.SPY,SPDR S&P 500 ETF,2026-08-24 12:30:00,764.87,764.89,765.0019,764.8,0.0,0.0,174214.0,133254853.283,0.0026148234340452377,764.87
US.SPY,SPDR S&P 500 ETF,2026-08-24 12:35:00,764.91,764.5701,765.0,764.5003,0.0,0.0,274887.0,210194283.277,-0.04182300722979271,764.89
US.SPY,SPDR S&P 500 ETF,2026-08-24 12:40:00,764.58,764.35,764.71,764.335,0.0,0.0,143133.0,109433147.76,-0.028787419230754924,764.5701
US.SPY,SPDR S&P 500 ETF,2026-08-24 12:45:00,764.35,764.31,764.41,764.19,0.0,0.0,287266.0,219724003.499,-0.005233204683728307,764.35
US.SPY,SPDR S&P 500 ETF,2026-08-24 12:50:00,764.33,764.35,764.4,764.14,0.0,0.0,143097.0,109362789.39,0.005233478562373554,764.31
US.SPY,SPDR S&P 500 ETF,2026-08-24 12:55:00,764.36,764.21,764.4695,764.13,0.0,0.0,129117.0,98678184.743,-0.018316216393011887,764.35
US.SPY,SPDR S&P 500 ETF,2026-08-24 13:00:00,764.2299,764.19,764.32,764.12,0.0,0.0,131787.0,100710441.928,-0.002617081692202642,764.21
US.SPY,SPDR S&P 500 ETF,2026-08-24 13:05:00,764.2,764.01,764.21,763.87,0.0,0.0,135505.0,103529627.792,-0.02355435166647871,764.19
US.SPY,SPDR S&P 500 ETF,2026-08-24 13:10:00,763.99,764.45,764.655,763.95,0.0,0.0,194866.0,148939918.03,0.05759086922946749,764.01
US.SPY,SPDR S&P 500 ETF,2026-08-24 13:15:00,764.45,764.52,764.78,764.31,0.0,0.0,314005.0,240077076.708,0.009156910196865242,764.45
US.SPY,SPDR S&P 500 ETF,2026-08-24 13:20:00,764.5,764.12,764.6,764.05,0.0,0.0,164465.0,125704954.83,-0.05232041019201293,764.52
US.SPY,SPDR S&P 500 ETF,2026-08-24 13:25:00,764.13,763.565,764.16,763.5,0.0,0.0,337388.0,257686664.004,-0.0726325708003913,764.12
US.SPY,SPDR S&P 500 ETF,2026-08-24 13:30:00,763.57,763.4,763.72,763.335,0.0,0.0,193166.0,147487048.613,-0.02160916228481888,763.565
US.SPY,SPDR S&P 500 ETF,2026-08-24 13:35:00,763.38,763.3001,763.57,763.27,0.0,0.0,192466.0,146931974.958,-0.013086193345550714,763.4
US.SPY,SPDR S&P 500 ETF,2026-08-24 13:40:00,763.3,763.39,763.39,763.14,0.0,0.0,161285.0,123100803.548,0.011777805348111868,763.3001
US.SPY,SPDR S&P 500 ETF,2026-08-24 13:45:00,763.4,763.105,763.45,763.105,0.0,0.0,221491.0,169058618.577,-0.037333473060947635,763.39
US.SPY,SPDR S&P 500 ETF,2026-08-24 13:50:00,763.11,763.24,763.29,763.05,0.0,0.0,173211.0,132188818.614,0.01769088133349813,763.105
US.SPY,SPDR S&P 500 ETF,2026-08-24 13:55:00,763.24,763.2,763.51,763.13,0.0,0.0,168380.0,128524287.091,-0.005240815470882503,763.24
US.SPY,SPDR S&P 500 ETF,2026-08-24 14:00:00,763.205,763.29,763.38,763.1201,0.0,0.0,226741.0,173162766.099,0.011792452830177954,763.2
US.SPY,SPDR S&P 500 ETF,2026-08-24 14:05:00,763.31,763.56,763.66,763.28,0.0,0.0,190947.0,145795142.003,0.035373187124157504,763.29
US.SPY,SPDR S&P 500 ETF,2026-08-24 14:10:00,763.53,763.92,763.99,763.49,0.0,0.0,203887.0,155718116.912,0.04714757190004894,763.56
US.SPY,SPDR S&P 500 ETF,2026-08-24 14:15:00,763.9,764.26,764.26,763.82,0.0,0.0,213908.0,163421735.364,0.044507278249035484,763.92
US.SPY,SPDR S&P 500 ETF,2026-08-24 14:20:00,764.255,764.235,764.47,764.13,0.0,0.0,213947.0,163515736.367,-0.003271138094362817,764.26
US.SPY,SPDR S&P 500 ETF,2026-08-24 14:25:00,764.23,764.615,764.69,764.2,0.0,0.0,345017.0,263777166.888,0.04972292553991841,764.235
US.SPY,SPDR S&P 500 ETF,2026-08-24 14:30:00,764.615,764.8,764.84,764.56,0.0,0.0,324065.0,247801915.874,0.024195183196765096,764.615
US.SPY,SPDR S&P 500 ETF,2026-08-24 14:35:00,764.8,764.67,765.11,764.66,0.0,0.0,261335.0,199887939.917,-0.0169979079497902,764.8
US.SPY,SPDR S&P 500 ETF,2026-08-24 14:40:00,764.685,764.2395,764.75,764.12,0.0,0.0,229991.0,175793910.029,-0.05629879555886045,764.67
US.SPY,SPDR S&P 500 ETF,2026-08-24 14:45:00,764.23,764.33,764.405,764.15,0.0,0.0,233594.0,178531374.494,0.011841837539151013,764.2395
US.SPY,SPDR S&P 500 ETF,2026-08-24 14:50:00,764.3339,764.32,764.42,764.11,0.0,0.0,196162.0,149914494.852,-0.001308335404863201,764.33
US.SPY,SPDR S&P 500 ETF,2026-08-24 14:55:00,764.32,764.14,764.43,764.07,0.0,0.0,150067.0,114688898.642,-0.02355034540507427,764.32
US.SPY,SPDR S&P 500 ETF,2026-08-24 15:00:00,764.14,764.0,764.25,763.97,0.0,0.0,197411.0,150848400.947,-0.018321250032714734,764.14
US.SPY,SPDR S&P 500 ETF,2026-08-24 15:05:00,763.97,763.92,764.05,763.81,0.0,0.0,204073.0,155898779.901,-0.010471204188487033,764.0
US.SPY,SPDR S&P 500 ETF,2026-08-24 15:10:00,763.92,763.9,764.09,763.85,0.0,0.0,172425.0,131730783.651,-0.002618075191117108,763.92
US.SPY,SPDR S&P 500 ETF,2026-08-24 15:15:00,763.9,764.11,764.2,763.86,0.0,0.0,148155.0,113193010.828,0.02749050922896143,763.9
US.SPY,SPDR S&P 500 ETF,2026-08-24 15:20:00,764.11,764.1,764.23,763.92,0.0,0.0,189592.0,144862354.531,-0.0013087120964247168,764.11
US.SPY,SPDR S&P 500 ETF,2026-08-24 15:25:00,764.07,764.02,764.19,763.96,0.0,0.0,192551.0,147123673.755,-0.010469833791393917,764.1
US.SPY,SPDR S&P 500 ETF,2026-08-24 15:30:00,764.015,763.96,764.17,763.92,0.0,0.0,200091.0,152877465.159,-0.007853197560266149,764.02
US.SPY,SPDR S&P 500 ETF,2026-08-24 15:35:00,763.96,763.74,764.24,763.74,0.0,0.0,255621.0,195289622.732,-0.02879731923137694,763.96
US.SPY,SPDR S&P 500 ETF,2026-08-24 15:40:00,763.74,763.655,763.85,763.64,0.0,0.0,276689.0,211317971.485,-0.011129441956691594,763.74
US.SPY,SPDR S&P 500 ETF,2026-08-24 15:45:00,763.65,763.66,763.75,763.54,0.0,0.0,344839.0,263338689.769,0.000654745925842881,763.655
US.SPY,SPDR S&P 500 ETF,2026-08-24 15:50:00,763.66,763.77,763.78,763.48,0.0,0.0,608092.0,464602121.535,0.01440431605688574,763.66
US.SPY,SPDR S&P 500 ETF,2026-08-24 15:55:00,763.78,763.76,763.95,763.35,0.0,0.0,685923.0,523770304.882,-0.0013092946829531017,763.77
US.SPY,SPDR S&P 500 ETF,2026-08-24 16:00:00,763.75,763.47,763.95,763.38,0.0,0.0,3426132.0,2617177950.69,-0.03797004294542312,763.76
US.SPY,SPDR S&P 500 ETF,2026-08-25 09:35:00,766.16,766.73,766.78,765.93,0.0,0.0,735376.0,563516387.014,0.426997786422517,763.47
US.SPY,SPDR S&P 500 ETF,2026-08-25 09:40:00,766.69,766.16,766.7,766.13,0.0,0.0,347430.0,266276319.311,-0.0743416848173477,766.73
US.SPY,SPDR S&P 500 ETF,2026-08-25 09:45:00,766.18,766.165,766.65,765.87,0.0,0.0,310925.0,238241172.744,0.0006526051999576398,766.16
US.SPY,SPDR S&P 500 ETF,2026-08-25 09:50:00,766.15,766.46,766.72,766.12,0.0,0.0,323892.0,248235976.784,0.03850345552199236,766.165
US.SPY,SPDR S&P 500 ETF,2026-08-25 09:55:00,766.46,766.0,766.53,766.0,0.0,0.0,484133.0,370961910.838,-0.06001617827414821,766.46
US.SPY,SPDR S&P 500 ETF,2026-08-25 10:00:00,766.03,765.69,766.0752,765.5001,0.0,0.0,375069.0,287205642.959,-0.0404699738903323,766.0
US.SPY,SPDR S&P 500 ETF,2026-08-25 10:05:00,765.69,765.455,765.81,765.23,0.0,0.0,385126.0,294833366.287,-0.030691271924671033,765.69
US.SPY,SPDR S&P 500 ETF,2026-08-25 10:10:00,765.46,765.34,765.56,765.12,0.0,0.0,371267.0,284154168.388,-0.015023744047659117,765.455
US.SPY,SPDR S&P 500 ETF,2026-08-25 10:15:00,765.34,765.185,765.5337,765.1,0.0,0.0,311281.0,238226461.545,-0.02025243682547448,765.34
US.SPY,SPDR S&P 500 ETF,2026-08-25 10:20:00,765.17,765.42,765.63,765.05,0.0,0.0,371985.0,284715946.389,0.03071152727771894,765.185
US.SPY,SPDR S&P 500 ETF,2026-08-25 10:25:00,765.44,765.1,765.49,764.84,0.0,0.0,341363.0,261191738.389,-0.04180711243499469,765.42
US.SPY,SPDR S&P 500 ETF,2026-08-25 10:30:00,765.11,764.7,765.17,764.68,0.0,0.0,359483.0,275011590.293,-0.05228074761468792,765.1
US.SPY,SPDR S&P 500 ETF,2026-08-25 10:35:00,764.7,764.33,764.88,763.0501,0.0,0.0,1112262.0,849867504.37,-0.048384987576828103,764.7
US.SPY,SPDR S&P 500 ETF,2026-08-25 10:40:00,764.34,765.02,765.06,764.33,0.0,0.0,552248.0,422069911.039,0.09027514293563524,764.33
US.SPY,SPDR S&P 500 ETF,2026-08-25 10:45:00,765.0104,764.35,765.03,764.16,0.0,0.0,329658.0,252016769.508,-0.08757940968863025,765.02
US.SPY,SPDR S&P 500 ETF,2026-08-25 10:50:00,764.35,764.225,764.49,764.17,0.0,0.0,277923.0,212411309.543,-0.016353764636619347,764.35
US.SPY,SPDR S&P 500 ETF,2026-08-25 10:55:00,764.19,764.66,764.81,764.031,0.0,0.0,227447.0,173892988.059,0.056920409565238694,764.225
US.SPY,SPDR S&P 500 ETF,2026-08-25 11:00:00,764.66,764.72,764.85,764.48,0.0,0.0,265339.0,202898627.288,0.007846624643640195,764.66
US.SPY,SPDR S&P 500 ETF,2026-08-25 11:05:00,764.73,764.45,764.77,764.3,0.0,0.0,154176.0,117875832.905,-0.03530704048540404,764.72
US.SPY,SPDR S&P 500 ETF,2026-08-25 11:10:00,764.45,764.605,764.78,764.395,0.0,0.0,172766.0,132086599.858,0.02027601543593076,764.45
US.SPY,SPDR S&P 500 ETF,2026-08-25 11:15:00,764.62,764.5899,764.8,764.38,0.0,0.0,117025.0,89477495.209,-0.001974875916332609,764.605
US.SPY,SPDR S&P 500 ETF,2026-08-25 11:20:00,764.59,764.9,764.935,764.49,0.0,0.0,176474.0,134955299.064,0.040557689815158955,764.5899
US.SPY,SPDR S&P 500 ETF,2026-08-25 11:25:00,764.92,764.77,765.16,764.68,0.0,0.0,206419.0,157904738.671,-0.016995685710549803,764.9
US.SPY,SPDR S&P 500 ETF,2026-08-25 11:30:00,764.77,765.31,765.39,764.65,0.0,0.0,280599.0,214700886.195,0.07060946428337457,764.77
US.SPY,SPDR S&P 500 ETF,2026-08-25 11:35:00,765.32,765.085,765.79,765.03,0.0,0.0,302026.0,231138375.581,-0.029399851040742848,765.31
US.SPY,SPDR S&P 500 ETF,2026-08-25 11:40:00,765.08,765.1,765.85,765.0605,0.0,0.0,256549.0,196352053.94,0.001960566473004484,765.085
US.SPY,SPDR S&P 500 ETF,2026-08-25 11:45:00,765.11,765.17,765.23,764.91,0.0,0.0,216407.0,165555758.938,0.009149130832562585,765.1
US.SPY,SPDR S&P 500 ETF,2026-08-25 11:50:00,765.18,764.71,765.18,764.6,0.0,0.0,141448.0,108182888.915,-0.06011735954100693,765.17
US.SPY,SPDR S&P 500 ETF,2026-08-25 11:55:00,764.705,765.2256,765.3101,764.615,0.0,0.0,250674.0,191736286.331,0.06742425233094237,764.71
US.SPY,SPDR S&P 500 ETF,2026-08-25 12:00:00,765.21,765.44,765.6,765.21,0.0,0.0,185532.0,142016663.128,0.028017881262737257,765.2256
US.SPY,SPDR S&P 500 ETF,2026-08-25 12:05:00,765.46,765.56,765.85,765.42,0.0,0.0,388768.0,297669651.563,0.015677257525069353,765.44
US.SPY,SPDR S&P 500 ETF,2026-08-25 12:10:00,765.57,765.35,765.65,765.3213,0.0,0.0,133820.0,102442749.278,-0.027430900256011637,765.56
US.SPY,SPDR S&P 500 ETF,2026-08-25 12:15:00,765.36,765.52,765.58,765.33,0.0,0.0,163335.0,125021620.982,0.022212059841897048,765.35
US.SPY,SPDR S&P 500 ETF,2026-08-25 12:20:00,765.52,765.5,765.6,765.41,0.0,0.0,237029.0,181450377.32,-0.002612603197823938,765.52
US.SPY,SPDR S&P 500 ETF,2026-08-25 12:25:00,765.51,765.62,765.65,765.37,0.0,0.0,431028.0,329306958.649,0.015676028739386616,765.5
US.SPY,SPDR S&P 500 ETF,2026-08-25 12:30:00,765.6217,765.76,765.8,765.56,0.0,0.0,111748.0,85562135.488,0.018285833703401994,765.62
US.SPY,SPDR S&P 500 ETF,2026-08-25 12:35:00,765.75,765.73,765.86,765.6743,0.0,0.0,113573.0,86972550.327,-0.003917676556619922,765.76
US.SPY,SPDR S&P 500 ETF,2026-08-25 12:40:00,765.74,765.9,765.95,765.59,0.0,0.0,126290.0,96703173.293,0.02220103691901311,765.73
US.SPY,SPDR S&P 500 ETF,2026-08-25 12:45:00,765.905,765.58,765.91,765.51,0.0,0.0,109315.0,83708112.173,-0.04178091134612042,765.9
US.SPY,SPDR S&P 500 ETF,2026-08-25 12:50:00,765.59,765.625,765.795,765.41,0.0,0.0,154718.0,118455398.958,0.005877896496768341,765.58
US.SPY,SPDR S&P 500 ETF,2026-08-25 12:55:00,765.63,765.429,765.64,765.33,0.0,0.0,100639.0,77034511.168,-0.025600000000003446,765.625
US.SPY,SPDR S&P 500 ETF,2026-08-25 13:00:00,765.43,765.76,765.8999,765.4,0.0,0.0,104157.0,79742425.23,0.04324372345443108,765.429
US.SPY,SPDR S&P 500 ETF,2026-08-25 13:05:00,765.76,765.36,765.84,765.35,0.0,0.0,138534.0,106065599.611,-0.0522356874216435,765.76
US.SPY,SPDR S&P 500 ETF,2026-08-25 13:10:00,765.35,765.11,765.4,764.94,0.0,0.0,178068.0,136254915.69,-0.03266436709522316,765.36
US.SPY,SPDR S&P 500 ETF,2026-08-25 13:15:00,765.12,765.27,765.33,764.96,0.0,0.0,318957.0,244023017.473,0.020912025721787478,765.11
US.SPY,SPDR S&P 500 ETF,2026-08-25 13:20:00,765.28,765.4,765.42,765.1614,0.0,0.0,74843.0,57275165.836,0.0169874684751781,765.27
US.SPY,SPDR S&P 500 ETF,2026-08-25 13:25:00,765.41,765.03,765.41,765.03,0.0,0.0,122691.0,93877461.587,-0.04834073686961126,765.4
US.SPY,SPDR S&P 500 ETF,2026-08-25 13:30:00,765.02,764.82,765.02,764.63,0.0,0.0,337556.0,258175332.696,-0.027449903925326154,765.03
US.SPY,SPDR S&P 500 ETF,2026-08-25 13:35:00,764.82,764.83,764.95,764.74,0.0,0.0,150599.0,115187165.233,0.0013074971888798546,764.82
US.SPY,SPDR S&P 500 ETF,2026-08-25 13:40:00,764.82,764.92,765.005,764.76,0.0,0.0,1130586.0,864624259.866,0.01176732084252947,764.83
US.SPY,SPDR S&P 500 ETF,2026-08-25 13:45:00,764.9199,764.87,765.035,764.84,0.0,0.0,82984.0,63476624.998,-0.0065366312816967165,764.92
US.SPY,SPDR S&P 500 ETF,2026-08-25 13:50:00,764.87,764.92,765.06,764.84,0.0,0.0,142535.0,109030928.599,0.006537058585113094,764.87
US.SPY,SPDR S&P 500 ETF,2026-08-25 13:55:00,764.92,765.11,765.15,764.84,0.0,0.0,174972.0,133859833.412,0.02483919887047725,764.92
US.SPY,SPDR S&P 500 ETF,2026-08-25 14:00:00,765.1071,765.04,765.16,764.92,0.0,0.0,111010.0,84929785.618,-0.009149011253290379,765.11
US.SPY,SPDR S&P 500 ETF,2026-08-25 14:05:00,765.03,764.83,765.03,764.81,0.0,0.0,200436.0,153317198.117,-0.027449545121813593,765.04
US.SPY,SPDR S&P 500 ETF,2026-08-25 14:10:00,764.8,764.92,765.03,764.8,0.0,0.0,132166.0,101094078.516,0.01176732084252947,764.83
US.SPY,SPDR S&P 500 ETF,2026-08-25 14:15:00,764.91,764.8,765.09,764.787,0.0,0.0,170946.0,130771130.65,-0.015687915076086984,764.92
US.SPY,SPDR S&P 500 ETF,2026-08-25 14:20:00,764.79,764.83,764.86,764.72,0.0,0.0,163550.0,125080947.723,0.0039225941422707114,764.8
US.SPY,SPDR S&P 500 ETF,2026-08-25 14:25:00,764.835,764.905,764.99,764.82,0.0,0.0,190633.0,145816174.395,0.009806100702107893,764.83
US.SPY,SPDR S&P 500 ETF,2026-08-25 14:30:00,764.9,764.97,765.01,764.8,0.0,0.0,164895.0,126129394.206,0.008497787306927603,764.905
US.SPY,SPDR S&P 500 ETF,2026-08-25 14:35:00,764.97,765.36,765.4,764.97,0.0,0.0,204128.0,156202909.621,0.05098239146633023,764.97
US.SPY,SPDR S&P 500 ETF,2026-08-25 14:40:00,765.35,765.3,765.4,765.235,0.0,0.0,224393.0,171731699.015,-0.007839448102861283,765.36
US.SPY,SPDR S&P 500 ETF,2026-08-25 14:45:00,765.31,765.54,765.59,765.29,0.0,0.0,142585.0,109141909.751,0.03136025088200825,765.3
US.SPY,SPDR S&P 500 ETF,2026-08-25 14:50:00,765.55,765.81,765.87,765.545,0.0,0.0,340220.0,260536183.536,0.035269221725838205,765.54
US.SPY,SPDR S&P 500 ETF,2026-08-25 14:55:00,765.82,765.69,765.84,765.631,0.0,0.0,336070.0,257056290.619,-0.015669683080645442,765.81
US.SPY,SPDR S&P 500 ETF,2026-08-25 15:00:00,765.69,765.64,765.79,765.54,0.0,0.0,333916.0,255388457.325,-0.006530057856321514,765.69
US.SPY,SPDR S&P 500 ETF,2026-08-25 15:05:00,765.65,765.47,765.85,765.45,0.0,0.0,256436.0,196333357.525,-0.022203646622428175,765.64
US.SPY,SPDR S&P 500 ETF,2026-08-25 15:10:00,765.4754,765.37,765.55,765.29,0.0,0.0,281974.0,215828145.753,-0.013063869256799447,765.47
US.SPY,SPDR S&P 500 ETF,2026-08-25 15:15:00,765.38,765.1175,765.39,765.09,0.0,0.0,545165.0,416981180.296,-0.03299057971961987,765.37
US.SPY,SPDR S&P 500 ETF,2026-08-25 15:20:00,765.12,764.9981,765.18,764.94,0.0,0.0,365531.0,279457164.278,-0.015605446222302822,765.1175
US.SPY,SPDR S&P 500 ETF,2026-08-25 15:25:00,765.0,765.06,765.08,764.87,0.0,0.0,278782.0,213260953.278,0.008091523364557799,764.9981
US.SPY,SPDR S&P 500 ETF,2026-08-25 15:30:00,765.07,765.15,765.19,765.01,0.0,0.0,192223.0,147072917.402,0.011763783232691795,765.06
US.SPY,SPDR S&P 500 ETF,2026-08-25 15:35:00,765.17,765.13,765.245,765.01,0.0,0.0,250282.0,191500030.067,-0.002613866562109627,765.15
US.SPY,SPDR S&P 500 ETF,2026-08-25 15:40:00,765.1,765.26,765.36,765.09,0.0,0.0,578079.0,442028431.207,0.016990576764732198,765.13
US.SPY,SPDR S&P 500 ETF,2026-08-25 15:45:00,765.25,765.37,765.63,765.24,0.0,0.0,358829.0,274677021.8,0.014374199618432119,765.26
US.SPY,SPDR S&P 500 ETF,2026-08-25 15:50:00,765.39,765.475,765.54,765.2635,0.0,0.0,566318.0,433447169.132,0.013718854932910644,765.37
US.SPY,SPDR S&P 500 ETF,2026-08-25 15:55:00,765.475,766.14,766.17,765.24,0.0,0.0,750873.0,574962302.046,0.08687416310133755,765.475
US.SPY,SPDR S&P 500 ETF,2026-08-25 16:00:00,766.14,765.91,766.22,765.68,0.0,0.0,2519655.0,1929678575.852,-0.03002062286266455,766.14
US.SPY,SPDR S&P 500 ETF,2026-08-26 09:35:00,764.73,765.675,765.8,764.68,0.0,0.0,616220.0,471456856.135,-0.030682456163258563,765.91
US.SPY,SPDR S&P 500 ETF,2026-08-26 09:40:00,765.675,765.575,765.82,764.81,0.0,0.0,429868.0,328999165.276,-0.01306037156755922,765.675
US.SPY,SPDR S&P 500 ETF,2026-08-26 09:45:00,765.53,766.3,766.61,765.43,0.0,0.0,420852.0,322399684.357,0.09470006204485636,765.575
US.SPY,SPDR S&P 500 ETF,2026-08-26 09:50:00,766.32,765.92,766.68,765.92,0.0,0.0,373092.0,285908605.488,-0.0495889338379219,766.3
US.SPY,SPDR S&P 500 ETF,2026-08-26 09:55:00,765.925,766.58,766.61,765.64,0.0,0.0,297117.0,227580728.918,0.08617087946522899,765.92
US.SPY,SPDR S&P 500 ETF,2026-08-26 10:00:00,766.62,766.89,766.8999,766.455,0.0,0.0,293754.0,225229137.42,0.040439354013924886,766.58
US.SPY,SPDR S&P 500 ETF,2026-08-26 10:05:00,766.88,766.85,766.96,766.615,0.0,0.0,204949.0,157155745.994,-0.005215871898181437,766.89
US.SPY,SPDR S&P 500 ETF,2026-08-26 10:10:00,766.88,766.61,766.92,766.47,0.0,0.0,240210.0,184174856.068,-0.03129686379344188,766.85
US.SPY,SPDR S&P 500 ETF,2026-08-26 10:15:00,766.61,766.17,766.63,766.07,0.0,0.0,264644.0,202813496.188,-0.05739554662736653,766.61
US.SPY,SPDR S&P 500 ETF,2026-08-26 10:20:00,766.18,765.965,766.35,765.93,0.0,0.0,221033.0,169336292.145,-0.026756463970127677,766.17
US.SPY,SPDR S&P 500 ETF,2026-08-26 10:25:00,765.959,765.425,766.06,765.38,0.0,0.0,193329.0,148044135.305,-0.07049930479853223,765.965
US.SPY,SPDR S&P 500 ETF,2026-08-26 10:30:00,765.41,765.08,765.5,764.83,0.0,0.0,397863.0,304402424.408,-0.04507299866086339,765.425
US.SPY,SPDR S&P 500 ETF,2026-08-26 10:35:00,765.07,765.13,765.295,764.92,0.0,0.0,253075.0,193624065.98,0.006535264286081785,765.08
US.SPY,SPDR S&P 500 ETF,2026-08-26 10:40:00,765.13,765.22,765.6,765.0001,0.0,0.0,210269.0,160924839.199,0.011762706990973015,765.13
US.SPY,SPDR S&P 500 ETF,2026-08-26 10:45:00,765.24,765.39,765.535,765.175,0.0,0.0,181635.0,139015065.779,0.02221583335510821,765.22
US.SPY,SPDR S&P 500 ETF,2026-08-26 10:50:00,765.4,765.56,765.57,765.1,0.0,0.0,201764.0,154418258.981,0.022210899018795527,765.39
US.SPY,SPDR S&P 500 ETF,2026-08-26 10:55:00,765.565,765.64,765.94,765.53,0.0,0.0,227720.0,174376475.713,0.010449866764204103,765.56
US.SPY,SPDR S&P 500 ETF,2026-08-26 11:00:00,765.64,765.85,765.9,765.54,0.0,0.0,174439.0,133582392.473,0.027428034063010864,765.64
US.SPY,SPDR S&P 500 ETF,2026-08-26 11:05:00,765.87,766.19,766.44,765.84,0.0,0.0,205522.0,157461355.341,0.044395116537185066,765.85
US.SPY,SPDR S&P 500 ETF,2026-08-26 11:10:00,766.21,766.35,766.47,766.17,0.0,0.0,178332.0,136666420.607,0.020882548715066517,766.19
US.SPY,SPDR S&P 500 ETF,2026-08-26 11:15:00,766.35,766.28,766.445,766.11,0.0,0.0,415381.0,318295082.431,-0.009134207607496577,766.35
US.SPY,SPDR S&P 500 ETF,2026-08-26 11:20:00,766.27,765.7834,766.29,765.56,0.0,0.0,259494.0,198749942.577,-0.064806598110344,766.28
US.SPY,SPDR S&P 500 ETF,2026-08-26 11:25:00,765.77,765.77,766.03,765.72,0.0,0.0,169486.0,129797969.688,-0.001749842057172685,765.7834
US.SPY,SPDR S&P 500 ETF,2026-08-26 11:30:00,765.76,765.85,766.06,765.7,0.0,0.0,142110.0,108834579.34,0.0104470010577642,765.77
US.SPY,SPDR S&P 500 ETF,2026-08-26 11:35:00,765.84,765.25,765.9,765.14,0.0,0.0,193525.0,148147977.019,-0.07834432330091046,765.85
US.SPY,SPDR S&P 500 ETF,2026-08-26 11:40:00,765.2599,765.46,765.55,765.2599,0.0,0.0,181782.0,139133448.001,0.027442012414248464,765.25
US.SPY,SPDR S&P 500 ETF,2026-08-26 11:45:00,765.47,766.07,766.14,765.4,0.0,0.0,165128.0,126451857.369,0.07969064353460842,765.46
US.SPY,SPDR S&P 500 ETF,2026-08-26 11:50:00,766.065,766.23,766.27,765.96,0.0,0.0,165290.0,126631695.009,0.020885819833692504,766.07
US.SPY,SPDR S&P 500 ETF,2026-08-26 11:55:00,766.25,765.39,766.31,765.31,0.0,0.0,394459.0,302021893.656,-0.10962765749187996,766.23
US.SPY,SPDR S&P 500 ETF,2026-08-26 12:00:00,765.39,765.32,765.7699,765.31,0.0,0.0,225334.0,172503592.594,-0.009145664301850865,765.39
US.SPY,SPDR S&P 500 ETF,2026-08-26 12:05:00,765.33,765.18,765.35,764.88,0.0,0.0,327383.0,250469041.693,-0.018293001620250358,765.32
US.SPY,SPDR S&P 500 ETF,2026-08-26 12:10:00,765.16,765.15,765.44,765.03,0.0,0.0,187754.0,143675422.914,-0.003920646122477419,765.18
US.SPY,SPDR S&P 500 ETF,2026-08-26 12:15:00,765.16,765.03,765.31,764.97,0.0,0.0,143824.0,110047895.66,-0.01568319937267262,765.15
US.SPY,SPDR S&P 500 ETF,2026-08-26 12:20:00,765.04,764.99,765.14,764.83,0.0,0.0,276896.0,211937082.936,-0.005228553128630723,765.03
US.SPY,SPDR S&P 500 ETF,2026-08-26 12:25:00,764.99,764.93,765.11,764.87,0.0,0.0,178242.0,136356121.88,-0.007843239780919897,764.99
US.SPY,SPDR S&P 500 ETF,2026-08-26 12:30:00,764.9499,764.8,765.005,764.73,0.0,0.0,171838.0,131428791.709,-0.016995019152078683,764.93
US.SPY,SPDR S&P 500 ETF,2026-08-26 12:35:00,764.795,764.88,764.98,764.76,0.0,0.0,170028.0,130046945.404,0.010460251046030457,764.8
US.SPY,SPDR S&P 500 ETF,2026-08-26 12:40:00,764.84,764.16,764.89,764.16,0.0,0.0,383897.0,293690157.539,-0.09413241292752161,764.88
US.SPY,SPDR S&P 500 ETF,2026-08-26 12:45:00,764.15,764.012,764.4,763.93,0.0,0.0,296893.0,226868511.623,-0.01936767169179551,764.16
US.SPY,SPDR S&P 500 ETF,2026-08-26 12:50:00,764.01,764.07,764.355,763.95,0.0,0.0,253166.0,193454893.106,0.007591503798383588,764.012
US.SPY,SPDR S&P 500 ETF,2026-08-26 12:55:00,764.08,764.2,764.32,764.05,0.0,0.0,173901.0,132891638.24,0.017014147918383845,764.07
US.SPY,SPDR S&P 500 ETF,2026-08-26 13:00:00,764.18,764.72,764.8,764.18,0.0,0.0,324121.0,247803312.247,0.06804501439413527,764.2
US.SPY,SPDR S&P 500 ETF,2026-08-26 13:05:00,764.7,764.889,764.9624,764.5701,0.0,0.0,152700.0,116785204.784,0.02209959200752991,764.72
US.SPY,SPDR S&P 500 ETF,2026-08-26 13:10:00,764.87,765.05,765.11,764.71,0.0,0.0,155249.0,118759202.251,0.021048805774425375,764.889
US.SPY,SPDR S&P 500 ETF,2026-08-26 13:15:00,765.05,765.14,765.14,764.99,0.0,0.0,177796.0,136024174.51,0.011763936997586018,765.05
US.SPY,SPDR S&P 500 ETF,2026-08-26 13:20:00,765.1493,765.335,765.5,765.1493,0.0,0.0,199581.0,152748511.987,0.02548553205949892,765.14
US.SPY,SPDR S&P 500 ETF,2026-08-26 13:25:00,765.335,765.65,765.66,765.33,0.0,0.0,214695.0,164344323.584,0.04115844695459385,765.335
US.SPY,SPDR S&P 500 ETF,2026-08-26 13:30:00,765.65,765.65,765.72,765.43,0.0,0.0,276961.0,212053945.714,0.0,765.65
US.SPY,SPDR S&P 500 ETF,2026-08-26 13:35:00,765.65,765.77,765.8,765.53,0.0,0.0,212873.0,162979788.285,0.015672957617711036,765.65
US.SPY,SPDR S&P 500 ETF,2026-08-26 13:40:00,765.77,765.61,765.84,765.6,0.0,0.0,162094.0,124116651.623,-0.02089400211551356,765.77
US.SPY,SPDR S&P 500 ETF,2026-08-26 13:45:00,765.605,765.68,765.76,765.47,0.0,0.0,212567.0,162745496.92,0.009143036271722723,765.61
US.SPY,SPDR S&P 500 ETF,2026-08-26 13:50:00,765.69,765.46,765.71,765.44,0.0,0.0,231328.0,177093652.131,-0.028732629819234357,765.68
US.SPY,SPDR S&P 500 ETF,2026-08-26 13:55:00,765.47,765.762,765.78,765.441,0.0,0.0,121778.0,93231786.019,0.03945340056958002,765.46
US.SPY,SPDR S&P 500 ETF,2026-08-26 14:00:00,765.765,765.68,765.87,765.64,0.0,0.0,109454.0,83813098.122,-0.010708287953697576,765.762
US.SPY,SPDR S&P 500 ETF,2026-08-26 14:05:00,765.67,765.51,765.69,765.47,0.0,0.0,251493.0,192531527.168,-0.02220248667850265,765.68
US.SPY,SPDR S&P 500 ETF,2026-08-26 14:10:00,765.52,765.77,765.86,765.51,0.0,0.0,189515.0,145110202.351,0.03396428524774215,765.51
US.SPY,SPDR S&P 500 ETF,2026-08-26 14:15:00,765.78,765.41,765.79,765.38,0.0,0.0,190459.0,145799802.416,-0.04701150475991664,765.77
US.SPY,SPDR S&P 500 ETF,2026-08-26 14:20:00,765.41,765.735,765.77,765.35,0.0,0.0,177850.0,136159112.807,0.04246090330673044,765.41
US.SPY,SPDR S&P 500 ETF,2026-08-26 14:25:00,765.74,765.565,765.98,765.565,0.0,0.0,215814.0,165267061.164,-0.022200891953477256,765.735
US.SPY,SPDR S&P 500 ETF,2026-08-26 14:30:00,765.57,765.61,765.728,765.48,0.0,0.0,191407.0,146541225.11,0.005878011664582246,765.565
US.SPY,SPDR S&P 500 ETF,2026-08-26 14:35:00,765.61,765.75,765.9,765.52,0.0,0.0,243282.0,186280948.393,0.01828607254346029,765.61
US.SPY,SPDR S&P 500 ETF,2026-08-26 14:40:00,765.755,765.74,765.83,765.61,0.0,0.0,230244.0,176305508.548,-0.0013059092393066804,765.75
US.SPY,SPDR S&P 500 ETF,2026-08-26 14:45:00,765.725778,765.86,765.895,765.67,0.0,0.0,421511.0,322811090.921,0.015671115522240518,765.74
US.SPY,SPDR S&P 500 ETF,2026-08-26 14:50:00,765.87,766.32,766.45,765.85,0.0,0.0,336626.0,257913459.993,0.06006319692894738,765.86
US.SPY,SPDR S&P 500 ETF,2026-08-26 14:55:00,766.31,766.47,766.58,766.22,0.0,0.0,402184.0,308247621.705,0.019574068274347173,766.32
US.SPY,SPDR S&P 500 ETF,2026-08-26 15:00:00,766.48,766.51,766.64,766.33,0.0,0.0,263907.0,202280355.52,0.0052187300220443876,766.47
US.SPY,SPDR S&P 500 ETF,2026-08-26 15:05:00,766.53,767.27,767.35,766.47,0.0,0.0,465074.0,356698469.301,0.09915069601179254,766.51
US.SPY,SPDR S&P 500 ETF,2026-08-26 15:10:00,767.26,766.95,767.2894,766.88,0.0,0.0,150150.0,115173170.205,-0.041706309382608,767.27
US.SPY,SPDR S&P 500 ETF,2026-08-26 15:15:00,766.955,766.97,767.1,766.87,0.0,0.0,305066.0,233981884.094,0.002607731925155722,766.95
US.SPY,SPDR S&P 500 ETF,2026-08-26 15:20:00,766.96,767.19,767.27,766.94,0.0,0.0,287191.0,220304164.221,0.028684303167011392,766.97
US.SPY,SPDR S&P 500 ETF,2026-08-26 15:25:00,767.19,767.03,767.2,766.82,0.0,0.0,275174.0,211047523.56,-0.020855329188347326,767.19
US.SPY,SPDR S&P 500 ETF,2026-08-26 15:30:00,767.02,766.89,767.13,766.83,0.0,0.0,293597.0,225195404.858,-0.018252219600274615,767.03
US.SPY,SPDR S&P 500 ETF,2026-08-26 15:35:00,766.9,766.86,766.915,766.75,0.0,0.0,373932.0,286744491.894,-0.003911903923636078,766.89
US.SPY,SPDR S&P 500 ETF,2026-08-26 15:40:00,766.86,766.665,766.88,766.59,0.0,0.0,418676.0,321000931.034,-0.025428370237077173,766.86
US.SPY,SPDR S&P 500 ETF,2026-08-26 15:45:00,766.665,766.69,766.87,766.6,0.0,0.0,684349.0,524707761.534,0.0032608766540915463,766.665
US.SPY,SPDR S&P 500 ETF,2026-08-26 15:50:00,766.7,767.12,767.13,766.63,0.0,0.0,755477.0,579246920.472,0.0560852495793541,766.69
US.SPY,SPDR S&P 500 ETF,2026-08-26 15:55:00,767.12,766.18,767.21,766.01,0.0,0.0,1217560.0,933178607.066,-0.1225362394410333,767.12
US.SPY,SPDR S&P 500 ETF,2026-08-26 16:00:00,766.18,766.08,766.44,765.49,0.0,0.0,2560270.0,1961214342.705,-0.013051763293209045,766.18
US.SPY,SPDR S&P 500 ETF,2026-08-27 09:35:00,768.5,767.48,768.81,767.16,0.0,0.0,1384912.0,1063728846.817,0.1827485380116929,766.08
US.SPY,SPDR S&P 500 ETF,2026-08-27 09:40:00,767.48,768.22,768.27,767.16,0.0,0.0,525687.0,403556711.609,0.09641945066972547,767.48
US.SPY,SPDR S&P 500 ETF,2026-08-27 09:45:00,768.23,769.19,769.2,767.96,0.0,0.0,717665.0,551551570.971,0.12626591341022458,768.22
US.SPY,SPDR S&P 500 ETF,2026-08-27 09:50:00,769.22,768.06,769.69,767.715,0.0,0.0,994405.0,764406747.109,-0.14690778611267816,769.19
US.SPY,SPDR S&P 500 ETF,2026-08-27 09:55:00,768.07,769.185,769.37,768.07,0.0,0.0,722344.0,555052436.449,0.14647293180220297,768.06
US.SPY,SPDR S&P 500 ETF,2026-08-27 10:00:00,769.17,768.4056,769.2487,767.62,0.0,0.0,588089.0,451489827.64,-0.10132802901771304,769.185
US.SPY,SPDR S&P 500 ETF,2026-08-27 10:05:00,768.4,768.79,769.01,768.2121,0.0,0.0,580216.0,446049702.518,0.05002566352977049,768.4056
US.SPY,SPDR S&P 500 ETF,2026-08-27 10:10:00,768.79,768.43,769.09,768.05,0.0,0.0,304057.0,233688370.583,-0.04682683177460863,768.79
US.SPY,SPDR S&P 500 ETF,2026-08-27 10:15:00,768.4503,768.655,768.99,768.45,0.0,0.0,315790.0,242780918.115,0.029280480980703873,768.43
US.SPY,SPDR S&P 500 ETF,2026-08-27 10:20:00,768.66,769.16,769.34,768.66,0.0,0.0,470737.0,361604930.894,0.0656991758331105,768.655
US.SPY,SPDR S&P 500 ETF,2026-08-27 10:25:00,769.16,769.46,769.59,769.05,0.0,0.0,304151.0,233982941.548,0.039003588330135244,769.16
US.SPY,SPDR S&P 500 ETF,2026-08-27 10:30:00,769.47,769.675,769.88,769.26,0.0,0.0,376068.0,289433573.875,0.02794167338132172,769.46
US.SPY,SPDR S&P 500 ETF,2026-08-27 10:35:00,769.6999,769.37,769.74,769.06,0.0,0.0,207883.0,159934352.71,-0.03962711534088414,769.675
US.SPY,SPDR S&P 500 ETF,2026-08-27 10:40:00,769.4,769.34,770.04,769.32,0.0,0.0,291390.0,224283002.045,-0.0038992942277412315,769.37
US.SPY,SPDR S&P 500 ETF,2026-08-27 10:45:00,769.35,769.62,769.67,769.325,0.0,0.0,144700.0,111349909.397,0.036394831933861845,769.34
US.SPY,SPDR S&P 500 ETF,2026-08-27 10:50:00,769.61,770.24,770.29,769.355,0.0,0.0,282910.0,217778343.594,0.0805592370260654,769.62
US.SPY,SPDR S&P 500 ETF,2026-08-27 10:55:00,770.22,770.13,770.44,769.89,0.0,0.0,285752.0,220078789.938,-0.01428126298296812,770.24
US.SPY,SPDR S&P 500 ETF,2026-08-27 11:00:00,770.125,770.395,770.4,769.735,0.0,0.0,211618.0,162962561.165,0.034409774973054724,770.13
US.SPY,SPDR S&P 500 ETF,2026-08-27 11:05:00,770.41,770.63,770.66,770.2281,0.0,0.0,351852.0,271094813.635,0.03050383244958932,770.395
US.SPY,SPDR S&P 500 ETF,2026-08-27 11:10:00,770.62,770.5401,770.71,770.325,0.0,0.0,264641.0,203900255.576,-0.011665779946270357,770.63
US.SPY,SPDR S&P 500 ETF,2026-08-27 11:15:00,770.54,770.82,770.84,770.5,0.0,0.0,174919.0,134799843.894,0.036325169838662234,770.5401
US.SPY,SPDR S&P 500 ETF,2026-08-27 11:20:00,770.8299,770.96,771.1,770.8,0.0,0.0,243889.0,188034716.912,0.01816247632391302,770.82
US.SPY,SPDR S&P 500 ETF,2026-08-27 11:25:00,770.98,770.78,771.08,770.745,0.0,0.0,248410.0,191503219.151,-0.023347514786767623,770.96
US.SPY,SPDR S&P 500 ETF,2026-08-27 11:30:00,770.79,770.315,770.8,770.23,0.0,0.0,203815.0,157044628.976,-0.06032849840420329,770.78
US.SPY,SPDR S&P 500 ETF,2026-08-27 11:35:00,770.31,770.215,770.62,770.09,0.0,0.0,544965.0,419230644.807,-0.012981702290624321,770.315
US.SPY,SPDR S&P 500 ETF,2026-08-27 11:40:00,770.23,769.91,770.33,769.815,0.0,0.0,248213.0,191135512.616,-0.03959933265387764,770.215
US.SPY,SPDR S&P 500 ETF,2026-08-27 11:45:00,769.93,769.65,770.36,769.615,0.0,0.0,463267.0,356158108.666,-0.03377018093023742,769.91
US.SPY,SPDR S&P 500 ETF,2026-08-27 11:50:00,769.66,769.68,769.73,769.39,0.0,0.0,238612.0,183627754.957,0.003897875657762972,769.65
US.SPY,SPDR S&P 500 ETF,2026-08-27 11:55:00,769.67,770.86,770.88,769.665,0.0,0.0,245159.0,188857517.574,0.1533104666874628,769.68
US.SPY,SPDR S&P 500 ETF,2026-08-27 12:00:00,770.86,770.64,770.86,770.53,0.0,0.0,238899.0,184108935.0,-0.028539553226270307,770.86
US.SPY,SPDR S&P 500 ETF,2026-08-27 12:05:00,770.64,770.84,770.97,770.55,0.0,0.0,201116.0,155017811.2,0.025952455102258576,770.64
US.SPY,SPDR S&P 500 ETF,2026-08-27 12:10:00,770.83,770.54,770.85,770.44,0.0,0.0,203376.0,156714047.586,-0.03891858232578333,770.84
US.SPY,SPDR S&P 500 ETF,2026-08-27 12:15:00,770.51,770.6299,770.755,770.42,0.0,0.0,119722.0,92254838.17,0.01166714252343252,770.54
US.SPY,SPDR S&P 500 ETF,2026-08-27 12:20:00,770.6,770.61,770.8107,770.51,0.0,0.0,101727.0,78398866.582,-0.0025823031263135406,770.6299
US.SPY,SPDR S&P 500 ETF,2026-08-27 12:25:00,770.6,770.5375,770.63,770.34,0.0,0.0,123570.0,95211000.258,-0.009408131220720067,770.61
US.SPY,SPDR S&P 500 ETF,2026-08-27 12:30:00,770.53,770.91,770.91,770.43,0.0,0.0,241088.0,185803717.299,0.0483428775367773,770.5375
US.SPY,SPDR S&P 500 ETF,2026-08-27 12:35:00,770.91,771.16,771.17,770.82,0.0,0.0,193913.0,149505294.4,0.03242920704102944,770.91
US.SPY,SPDR S&P 500 ETF,2026-08-27 12:40:00,771.16,771.51,771.525,771.12,0.0,0.0,226415.0,174646537.576,0.04538617148192629,771.16
US.SPY,SPDR S&P 500 ETF,2026-08-27 12:45:00,771.55,771.69,771.79,771.51,0.0,0.0,226819.0,175022024.13,0.023330870630330607,771.51
US.SPY,SPDR S&P 500 ETF,2026-08-27 12:50:00,771.69,771.705,771.94,771.66,0.0,0.0,190662.0,147148837.984,0.0019437857170607829,771.69
US.SPY,SPDR S&P 500 ETF,2026-08-27 12:55:00,771.73,771.93,772.01,771.61,0.0,0.0,241724.0,186572043.914,0.0291562190215055,771.705
US.SPY,SPDR S&P 500 ETF,2026-08-27 13:00:00,771.93,771.99,772.03,771.72,0.0,0.0,208409.0,160859219.127,0.007772725506206408,771.93
US.SPY,SPDR S&P 500 ETF,2026-08-27 13:05:00,772.02,772.03,772.15,771.96,0.0,0.0,202350.0,156221278.798,0.005181414267019472,771.99
US.SPY,SPDR S&P 500 ETF,2026-08-27 13:10:00,772.04,772.22,772.25,771.75,0.0,0.0,217073.0,167580926.599,0.02461044259938792,772.03
US.SPY,SPDR S&P 500 ETF,2026-08-27 13:15:00,772.23,772.19,772.355,772.1,0.0,0.0,143661.0,110938240.033,-0.0038849032659051454,772.22
US.SPY,SPDR S&P 500 ETF,2026-08-27 13:20:00,772.21,772.13,772.28,772.038,0.0,0.0,225183.0,173871432.384,-0.007770108393019738,772.19
US.SPY,SPDR S&P 500 ETF,2026-08-27 13:25:00,772.125,772.18,772.2701,772.05,0.0,0.0,303950.0,233892189.129,0.006475593488137299,772.13
US.SPY,SPDR S&P 500 ETF,2026-08-27 13:30:00,772.18,771.75,772.18,771.6,0.0,0.0,478667.0,369393225.326,-0.05568649796678883,772.18
US.SPY,SPDR S&P 500 ETF,2026-08-27 13:35:00,771.75,771.77,772.06,771.685,0.0,0.0,203356.0,156959543.691,0.002591512795592071,771.75
US.SPY,SPDR S&P 500 ETF,2026-08-27 13:40:00,771.77,771.73,771.88,771.6851,0.0,0.0,126806.0,97868692.464,-0.005182891275893546,771.77
US.SPY,SPDR S&P 500 ETF,2026-08-27 13:45:00,771.74,771.64,771.9597,771.59,0.0,0.0,264751.0,204335271.888,-0.01166210980524689,771.73
US.SPY,SPDR S&P 500 ETF,2026-08-27 13:50:00,771.63,771.39,771.6699,771.3,0.0,0.0,272951.0,210570940.968,-0.03239852781089627,771.64
US.SPY,SPDR S&P 500 ETF,2026-08-27 13:55:00,771.405,771.35,771.45,771.21,0.0,0.0,208102.0,160512621.695,-0.00518544445740334,771.39
US.SPY,SPDR S&P 500 ETF,2026-08-27 14:00:00,771.37,771.225,771.45,771.1,0.0,0.0,278583.0,214863320.884,-0.016205354249043884,771.35
US.SPY,SPDR S&P 500 ETF,2026-08-27 14:05:00,771.225,770.525,771.39,770.5,0.0,0.0,453716.0,349763673.053,-0.09076469253460993,771.225
US.SPY,SPDR S&P 500 ETF,2026-08-27 14:10:00,770.525,770.49,771.0,770.35,0.0,0.0,254467.0,196085011.834,-0.004542357483529823,770.525
US.SPY,SPDR S&P 500 ETF,2026-08-27 14:15:00,770.52,770.26,770.55,769.985,0.0,0.0,346852.0,267187135.562,-0.02985113369414505,770.49
US.SPY,SPDR S&P 500 ETF,2026-08-27 14:20:00,770.27,770.275,770.5195,770.07,0.0,0.0,194326.0,149684093.109,0.0019473943863093446,770.26
US.SPY,SPDR S&P 500 ETF,2026-08-27 14:25:00,770.27,770.09,770.45,770.01,0.0,0.0,192403.0,148202473.496,-0.02401739638440108,770.275
US.SPY,SPDR S&P 500 ETF,2026-08-27 14:30:00,770.09,769.46,770.11,769.26,0.0,0.0,411145.0,316414644.35,-0.0818086197717144,770.09
US.SPY,SPDR S&P 500 ETF,2026-08-27 14:35:00,769.47,769.54,769.935,769.43,0.0,0.0,420791.0,323384711.942,0.010396901723277004,769.46
US.SPY,SPDR S&P 500 ETF,2026-08-27 14:40:00,769.55,770.05,770.06,769.48,0.0,0.0,310401.0,238933692.627,0.0662733581100386,769.54
US.SPY,SPDR S&P 500 ETF,2026-08-27 14:45:00,770.045,769.88,770.12,769.79,0.0,0.0,122501.0,94320835.717,-0.022076488539699898,770.05
US.SPY,SPDR S&P 500 ETF,2026-08-27 14:50:00,769.89,769.504,770.08,769.5,0.0,0.0,219318.0,168839499.695,-0.04883878006961817,769.88
US.SPY,SPDR S&P 500 ETF,2026-08-27 14:55:00,769.52,769.33,769.62,769.31,0.0,0.0,293598.0,225918504.091,-0.022611968228882263,769.504
US.SPY,SPDR S&P 500 ETF,2026-08-27 15:00:00,769.335,769.65,769.77,769.16,0.0,0.0,397263.0,305212378.213,0.04159463429216803,769.33
US.SPY,SPDR S&P 500 ETF,2026-08-27 15:05:00,769.65,769.94,770.04,769.52,0.0,0.0,427884.0,329341920.816,0.037679464691753047,769.65
US.SPY,SPDR S&P 500 ETF,2026-08-27 15:10:00,769.95,770.14,770.2,769.71,0.0,0.0,605024.0,465347789.07,0.025976050081815697,769.94
US.SPY,SPDR S&P 500 ETF,2026-08-27 15:15:00,770.13,769.89,770.23,769.89,0.0,0.0,219695.0,169189497.477,-0.03246163035292285,770.14
US.SPY,SPDR S&P 500 ETF,2026-08-27 15:20:00,769.9,770.19,770.23,769.9,0.0,0.0,351736.0,270323742.203,0.038966605618993386,769.89
US.SPY,SPDR S&P 500 ETF,2026-08-27 15:25:00,770.175,770.015,770.28,769.98,0.0,0.0,277348.0,213600521.327,-0.02272166608240411,770.19
US.SPY,SPDR S&P 500 ETF,2026-08-27 15:30:00,770.0101,769.94,770.08,769.76,0.0,0.0,386172.0,297319479.008,-0.009740069998627532,770.015
US.SPY,SPDR S&P 500 ETF,2026-08-27 15:35:00,769.945,770.44,770.48,769.87,0.0,0.0,269612.0,207670400.683,0.0649401252045614,769.94
US.SPY,SPDR S&P 500 ETF,2026-08-27 15:40:00,770.46,770.55,770.61,770.4,0.0,0.0,341964.0,263483218.768,0.014277555682454176,770.44
US.SPY,SPDR S&P 500 ETF,2026-08-27 15:45:00,770.54,770.65,770.679,770.39,0.0,0.0,454254.0,349432813.793,0.012977743170465607,770.55
US.SPY,SPDR S&P 500 ETF,2026-08-27 15:50:00,770.64,770.79,770.88,770.56,0.0,0.0,572766.0,441460484.601,0.018166482839159975,770.65
US.SPY,SPDR S&P 500 ETF,2026-08-27 15:55:00,770.79,771.215,771.33,770.4,0.0,0.0,773981.0,596592400.006,0.05513823479807318,770.79
US.SPY,SPDR S&P 500 ETF,2026-08-27 16:00:00,771.22,771.1,771.36,770.92,0.0,0.0,4199124.0,3233942414.7,-0.014911535693679336,771.215
US.SPY,SPDR S&P 500 ETF,2026-08-28 09:35:00,771.76,772.0,772.09,771.47,0.0,0.0,575640.0,444276836.256,0.11671637919854456,771.1
US.SPY,SPDR S&P 500 ETF,2026-08-28 09:40:00,772.025,772.24,772.44,771.73,0.0,0.0,359296.0,277416609.826,0.031088082901555583,772.0
US.SPY,SPDR S&P 500 ETF,2026-08-28 09:45:00,772.26,772.58,772.84,772.16,0.0,0.0,283597.0,219101580.527,0.04402776338962393,772.24
US.SPY,SPDR S&P 500 ETF,2026-08-28 09:50:00,772.58,772.14,772.87,771.99,0.0,0.0,367203.0,283631960.237,-0.05695203085765287,772.58
US.SPY,SPDR S&P 500 ETF,2026-08-28 09:55:00,772.19,771.72,772.19,771.67,0.0,0.0,366196.0,282658876.756,-0.054394280829896016,772.14
US.SPY,SPDR S&P 500 ETF,2026-08-28 10:00:00,771.73,771.78,772.37,771.63,0.0,0.0,326404.0,251973512.396,0.007774840615760305,771.72
US.SPY,SPDR S&P 500 ETF,2026-08-28 10:05:00,771.79,771.7482,773.13,771.25,0.0,0.0,930125.0,718055071.004,-0.004120345176083291,771.78
US.SPY,SPDR S&P 500 ETF,2026-08-28 10:10:00,771.7381,771.0,771.795,770.62,0.0,0.0,735373.0,566988122.64,-0.09694871980265028,771.7482
US.SPY,SPDR S&P 500 ETF,2026-08-28 10:15:00,770.99,770.28,771.1,769.77,0.0,0.0,692201.0,533291171.277,-0.09338521400778564,771.0
US.SPY,SPDR S&P 500 ETF,2026-08-28 10:20:00,770.24,771.43,771.74,770.12,0.0,0.0,725170.0,559053344.5,0.1492963597652772,770.28
US.SPY,SPDR S&P 500 ETF,2026-08-28 10:25:00,771.41,771.59,772.23,770.98,0.0,0.0,503417.0,388469043.881,0.02074070233204333,771.43
US.SPY,SPDR S&P 500 ETF,2026-08-28 10:30:00,771.59,771.3,771.69,770.59,0.0,0.0,495963.0,382421181.242,-0.037584727640337136,771.59
US.SPY,SPDR S&P 500 ETF,2026-08-28 10:35:00,771.3,772.14,772.16,770.9,0.0,0.0,371891.0,286910205.91,0.10890704006223673,771.3
US.SPY,SPDR S&P 500 ETF,2026-08-28 10:40:00,772.145,772.33,772.72,772.0,0.0,0.0,324385.0,250535778.406,0.024606936565914804,772.14
US.SPY,SPDR S&P 500 ETF,2026-08-28 10:45:00,772.33,773.39,773.56,772.3,0.0,0.0,374829.0,289734405.268,0.13724703170923638,772.33
US.SPY,SPDR S&P 500 ETF,2026-08-28 10:50:00,773.43,773.855,773.86,773.2,0.0,0.0,549190.0,424806456.333,0.06012490464061235,773.39
US.SPY,SPDR S&P 500 ETF,2026-08-28 10:55:00,773.86,774.54,774.7,773.78,0.0,0.0,578957.0,448221163.225,0.0885178747956588,773.855
US.SPY,SPDR S&P 500 ETF,2026-08-28 11:00:00,774.535,774.9601,775.04,774.46,0.0,0.0,644455.0,499311447.866,0.05423864487309212,774.54
US.SPY,SPDR S&P 500 ETF,2026-08-28 11:05:00,774.98,774.91,775.3,774.76,0.0,0.0,546102.0,423234623.324,-0.006464848964487735,774.9601
US.SPY,SPDR S&P 500 ETF,2026-08-28 11:10:00,774.9,774.24,775.04,774.1025,0.0,0.0,505786.0,391809654.792,-0.08646165361138185,774.91
US.SPY,SPDR S&P 500 ETF,2026-08-28 11:15:00,774.24,774.195,774.44,773.82,0.0,0.0,364455.0,282144069.374,-0.0058121512709184584,774.24
US.SPY,SPDR S&P 500 ETF,2026-08-28 11:20:00,774.19,774.3,774.67,774.19,0.0,0.0,221227.0,171320906.993,0.013562474570347845,774.195
US.SPY,SPDR S&P 500 ETF,2026-08-28 11:25:00,774.31,774.825,774.9,774.305,0.0,0.0,217535.0,168502297.924,0.06780317706316556,774.3
US.SPY,SPDR S&P 500 ETF,2026-08-28 11:30:00,774.82,774.95,775.22,774.7319,0.0,0.0,388349.0,300941416.707,0.01613267512018843,774.825
US.SPY,SPDR S&P 500 ETF,2026-08-28 11:35:00,774.97,774.46,775.0,774.45,0.0,0.0,236754.0,183426863.551,-0.06322988579908498,774.95
US.SPY,SPDR S&P 500 ETF,2026-08-28 11:40:00,774.46,773.65,774.61,773.57,0.0,0.0,286954.0,222133648.222,-0.10458900395114777,774.46
US.SPY,SPDR S&P 500 ETF,2026-08-28 11:45:00,773.66,772.82,773.66,772.67,0.0,0.0,665434.0,514439402.258,-0.10728365539971917,773.65
US.SPY,SPDR S&P 500 ETF,2026-08-28 11:50:00,772.82,772.29,773.03,772.17,0.0,0.0,461831.0,356791182.947,-0.06858000569344562,772.82
US.SPY,SPDR S&P 500 ETF,2026-08-28 11:55:00,772.29,772.0999,772.49,771.47,0.0,0.0,476356.0,367700801.811,-0.024615105724522624,772.29
US.SPY,SPDR S&P 500 ETF,2026-08-28 12:00:00,772.1,771.07,772.13,770.83,0.0,0.0,436435.0,336582807.65,-0.133389474600372,772.0999
US.SPY,SPDR S&P 500 ETF,2026-08-28 12:05:00,771.085,770.81,771.23,770.46,0.0,0.0,581173.0,448033235.467,-0.03371937696967909,771.07
US.SPY,SPDR S&P 500 ETF,2026-08-28 12:10:00,770.805,771.5588,771.65,770.75,0.0,0.0,456615.0,352173062.121,0.0971445622137847,770.81
US.SPY,SPDR S&P 500 ETF,2026-08-28 12:15:00,771.5414,770.98,771.59,770.95,0.0,0.0,335220.0,258533735.032,-0.07501696565446483,771.5588
US.SPY,SPDR S&P 500 ETF,2026-08-28 12:20:00,770.99,770.18,771.23,769.755,0.0,0.0,369637.0,284739833.348,-0.1037640405717487,770.98
US.SPY,SPDR S&P 500 ETF,2026-08-28 12:25:00,770.18,769.5,770.36,769.13,0.0,0.0,456360.0,351269081.843,-0.08829104884571788,770.18
US.SPY,SPDR S&P 500 ETF,2026-08-28 12:30:00,769.47,769.6,769.88,769.3101,0.0,0.0,261618.0,201345828.34,0.012995451591945775,769.5
US.SPY,SPDR S&P 500 ETF,2026-08-28 12:35:00,769.6,769.64,770.52,769.575,0.0,0.0,324747.0,250069620.654,0.00519750519750047,769.6
US.SPY,SPDR S&P 500 ETF,2026-08-28 12:40:00,769.6451,770.34,770.62,769.64,0.0,0.0,252161.0,194232340.908,0.09095161374149544,769.64
US.SPY,SPDR S&P 500 ETF,2026-08-28 12:45:00,770.33,769.67,770.36,769.54,0.0,0.0,201946.0,155462699.07,-0.08697458265182552,770.34
US.SPY,SPDR S&P 500 ETF,2026-08-28 12:50:00,769.68,770.42,770.605,769.65,0.0,0.0,735814.0,566469131.568,0.09744435927085635,769.67
US.SPY,SPDR S&P 500 ETF,2026-08-28 12:55:00,770.41,769.94,770.7,769.83,0.0,0.0,237594.0,183019596.731,-0.06230367851300648,770.42
US.SPY,SPDR S&P 500 ETF,2026-08-28 13:00:00,769.93,769.69,770.1,769.68,0.0,0.0,296473.0,228262438.463,-0.0324700626022807,769.94
US.SPY,SPDR S&P 500 ETF,2026-08-28 13:05:00,769.68,768.995,769.71,768.66,0.0,0.0,381650.0,293506167.745,-0.09029609323234679,769.69
US.SPY,SPDR S&P 500 ETF,2026-08-28 13:10:00,769.0,768.49,769.01,768.47,0.0,0.0,302493.0,232530492.968,-0.06567012789419899,768.995
US.SPY,SPDR S&P 500 ETF,2026-08-28 13:15:00,768.48,769.35,769.35,768.3076,0.0,0.0,304123.0,233822678.312,0.1119077671797959,768.49
US.SPY,SPDR S&P 500 ETF,2026-08-28 13:20:00,769.35,769.13,769.41,768.94,0.0,0.0,272770.0,209804706.959,-0.02859556768701206,769.35
US.SPY,SPDR S&P 500 ETF,2026-08-28 13:25:00,769.13,768.975,769.22,768.58,0.0,0.0,247380.0,190207695.053,-0.020152639995835907,769.13
US.SPY,SPDR S&P 500 ETF,2026-08-28 13:30:00,768.98,768.82,769.325,768.77,0.0,0.0,176911.0,136050619.257,-0.020156702103445848,768.975
US.SPY,SPDR S&P 500 ETF,2026-08-28 13:35:00,768.84,769.34,769.46,768.72,0.0,0.0,165223.0,127071968.807,0.06763611768684241,768.82
US.SPY,SPDR S&P 500 ETF,2026-08-28 13:40:00,769.34,768.66,769.5,768.6,0.0,0.0,233942.0,179945549.547,-0.08838744898225279,769.34
US.SPY,SPDR S&P 500 ETF,2026-08-28 13:45:00,768.659,769.07,769.16,768.64,0.0,0.0,187498.0,144171220.315,0.053339577966862055,768.66
US.SPY,SPDR S&P 500 ETF,2026-08-28 13:50:00,769.05,769.66,769.73,768.89,0.0,0.0,164541.0,126598119.765,0.07671603365102242,769.07
US.SPY,SPDR S&P 500 ETF,2026-08-28 13:55:00,769.66,769.5,769.74,769.425,0.0,0.0,145841.0,112233644.272,-0.020788400072755266,769.66
US.SPY,SPDR S&P 500 ETF,2026-08-28 14:00:00,769.5,769.5399,769.58,769.08,0.0,0.0,140504.0,108086614.247,0.005185185185183719,769.5
US.SPY,SPDR S&P 500 ETF,2026-08-28 14:05:00,769.56,769.52,769.8,769.34,0.0,0.0,192120.0,147850726.259,-0.002585960779942263,769.5399
US.SPY,SPDR S&P 500 ETF,2026-08-28 14:10:00,769.5,769.57,769.75,769.34,0.0,0.0,153406.0,118054591.211,0.006497556918607472,769.52
US.SPY,SPDR S&P 500 ETF,2026-08-28 14:15:00,769.58,769.22,769.78,769.2,0.0,0.0,199142.0,153242153.462,-0.04547994334498781,769.57
US.SPY,SPDR S&P 500 ETF,2026-08-28 14:20:00,769.23,769.415,769.5299,769.14,0.0,0.0,146416.0,112648693.904,0.025350354904960393,769.22
US.SPY,SPDR S&P 500 ETF,2026-08-28 14:25:00,769.41,769.07,769.57,768.93,0.0,0.0,191586.0,147373210.239,-0.04483926099697999,769.415
US.SPY,SPDR S&P 500 ETF,2026-08-28 14:30:00,769.06,769.06,769.33,768.89,0.0,0.0,157536.0,121165612.961,-0.0013002717568107703,769.07
US.SPY,SPDR S&P 500 ETF,2026-08-28 14:35:00,769.05,769.37,769.48,769.0,0.0,0.0,178467.0,137268128.043,0.040308948586593916,769.06
US.SPY,SPDR S&P 500 ETF,2026-08-28 14:40:00,769.38,769.11,769.58,769.06,0.0,0.0,293093.0,225723386.451,-0.03379388330712023,769.37
US.SPY,SPDR S&P 500 ETF,2026-08-28 14:45:00,769.11,769.315,769.39,769.03,0.0,0.0,217383.0,167206792.911,0.02665418470700432,769.11
US.SPY,SPDR S&P 500 ETF,2026-08-28 14:50:00,769.27,768.77,769.305,768.72,0.0,0.0,138584.0,106572398.492,-0.07084224277442566,769.315
US.SPY,SPDR S&P 500 ETF,2026-08-28 14:55:00,768.76,768.56,768.76,768.31,0.0,0.0,307278.0,236144749.904,-0.027316362501142916,768.77
US.SPY,SPDR S&P 500 ETF,2026-08-28 15:00:00,768.52,768.68,768.79,768.37,0.0,0.0,207683.0,159625072.594,0.015613615072343677,768.56
US.SPY,SPDR S&P 500 ETF,2026-08-28 15:05:00,768.68,768.8,768.95,768.47,0.0,0.0,177221.0,136237289.628,0.015611177603164458,768.68
US.SPY,SPDR S&P 500 ETF,2026-08-28 15:10:00,768.79,769.35,769.37,768.7101,0.0,0.0,363606.0,279913967.448,0.07154006243497245,768.8
US.SPY,SPDR S&P 500 ETF,2026-08-28 15:15:00,769.34,769.2363,769.38,768.99,0.0,0.0,374384.0,288229901.128,-0.014778709300057756,769.35
US.SPY,SPDR S&P 500 ETF,2026-08-28 15:20:00,769.22,769.21,769.28,768.9967,0.0,0.0,298509.0,229863831.689,-0.003418975417565707,769.2363
US.SPY,SPDR S&P 500 ETF,2026-08-28 15:25:00,769.22,769.32,769.52,769.15,0.0,0.0,495083.0,381137358.388,0.014300386110426753,769.21
US.SPY,SPDR S&P 500 ETF,2026-08-28 15:30:00,769.31,769.515,769.59,769.29,0.0,0.0,260566.0,200496179.475,0.025347059741061762,769.32
US.SPY,SPDR S&P 500 ETF,2026-08-28 15:35:00,769.51,769.4,769.5101,769.18,0.0,0.0,395708.0,304450365.216,-0.014944478015374501,769.515
US.SPY,SPDR S&P 500 ETF,2026-08-28 15:40:00,769.4,769.545,769.575,769.13,0.0,0.0,389944.0,299989593.393,0.018845853912136966,769.4
US.SPY,SPDR S&P 500 ETF,2026-08-28 15:45:00,769.55,769.62,769.79,769.53,0.0,0.0,701537.0,540358763.849,0.009746018751345988,769.545
US.SPY,SPDR S&P 500 ETF,2026-08-28 15:50:00,769.6,769.24,769.69,769.02,0.0,0.0,802575.0,617901383.724,-0.04937501624178107,769.62
US.SPY,SPDR S&P 500 ETF,2026-08-28 15:55:00,769.25,769.36,769.78,769.11,0.0,0.0,1057132.0,813344852.941,0.015599812802246964,769.24
US.SPY,SPDR S&P 500 ETF,2026-08-28 16:00:00,769.35,769.35,769.88,769.07,0.0,0.0,3612362.0,2780260215.349,-0.0012997816366838548,769.36
US.SPY,SPDR S&P 500 ETF,2026-08-31 09:35:00,767.33,766.38,767.62,766.305,0.0,0.0,1287547.0,987714383.073,-0.38604016377461847,769.35
US.SPY,SPDR S&P 500 ETF,2026-08-31 09:40:00,766.37,766.275,766.52,765.75,0.0,0.0,559253.0,428467879.218,-0.013700775072420757,766.38
US.SPY,SPDR S&P 500 ETF,2026-08-31 09:45:00,766.25,765.805,766.64,765.78,0.0,0.0,440852.0,337764251.561,-0.06133568235946981,766.275
US.SPY,SPDR S&P 500 ETF,2026-08-31 09:50:00,765.83,766.115,766.63,765.5,0.0,0.0,596077.0,456636969.117,0.04048027892218765,765.805
US.SPY,SPDR S&P 500 ETF,2026-08-31 09:55:00,766.12,766.52,766.53,765.78,0.0,0.0,335493.0,257046426.776,0.05286412614293843,766.115
US.SPY,SPDR S&P 500 ETF,2026-08-31 10:00:00,766.48,766.18,766.71,766.08,0.0,0.0,357372.0,273884806.369,-0.04435631164223136,766.52
US.SPY,SPDR S&P 500 ETF,2026-08-31 10:05:00,766.19,765.8,766.3,765.7,0.0,0.0,369269.0,282856065.725,-0.04959670051423888,766.18
US.SPY,SPDR S&P 500 ETF,2026-08-31 10:10:00,765.79,765.5,766.08,765.46,0.0,0.0,317458.0,243086060.249,-0.039174719247839454,765.8
US.SPY,SPDR S&P 500 ETF,2026-08-31 10:15:00,765.475,765.8101,765.865,765.34,0.0,0.0,262713.0,201127460.088,0.04050947093403449,765.5
US.SPY,SPDR S&P 500 ETF,2026-08-31 10:20:00,765.8,765.95,766.04,765.56,0.0,0.0,300984.0,230498300.259,0.018268236472724957,765.8101
US.SPY,SPDR S&P 500 ETF,2026-08-31 10:25:00,765.955,765.0099,765.975,765.0,0.0,0.0,291137.0,222882654.954,-0.12273647104902793,765.95
US.SPY,SPDR S&P 500 ETF,2026-08-31 10:30:00,765.01,764.93,765.09,764.715,0.0,0.0,421386.0,322310064.34,-0.010444309282803533,765.0099
US.SPY,SPDR S&P 500 ETF,2026-08-31 10:35:00,764.885,764.9,765.15,764.8,0.0,0.0,266165.0,203610051.196,-0.003921927496630112,764.93
US.SPY,SPDR S&P 500 ETF,2026-08-31 10:40:00,764.89,765.64,765.79,764.825,0.0,0.0,309297.0,236747398.254,0.09674467250621116,764.9
US.SPY,SPDR S&P 500 ETF,2026-08-31 10:45:00,765.62,765.82,766.07,765.58,0.0,0.0,281977.0,215948739.398,0.023509743482584982,765.64
US.SPY,SPDR S&P 500 ETF,2026-08-31 10:50:00,765.83,765.42,765.83,765.37,0.0,0.0,215500.0,164997043.35,-0.05223159489176189,765.82
US.SPY,SPDR S&P 500 ETF,2026-08-31 10:55:00,765.4395,765.84,765.86,765.35,0.0,0.0,168859.0,129273284.4,0.054871835070950954,765.42
US.SPY,SPDR S&P 500 ETF,2026-08-31 11:00:00,765.8434,765.95,766.399,765.73,0.0,0.0,290969.0,222918237.614,0.01436331348584739,765.84
US.SPY,SPDR S&P 500 ETF,2026-08-31 11:05:00,765.95,765.76,766.46,765.6705,0.0,0.0,361543.0,276941725.428,-0.02480579672303082,765.95
US.SPY,SPDR S&P 500 ETF,2026-08-31 11:10:00,765.76,765.68,766.2,765.6105,0.0,0.0,175369.0,134305825.877,-0.010447137484334639,765.76
US.SPY,SPDR S&P 500 ETF,2026-08-31 11:15:00,765.69,765.74,765.97,765.55,0.0,0.0,291538.0,223245640.748,0.007836171768892895,765.68
US.SPY,SPDR S&P 500 ETF,2026-08-31 11:20:00,765.735,765.77,765.92,765.38,0.0,0.0,181214.0,138737771.455,0.003917778880556418,765.74
US.SPY,SPDR S&P 500 ETF,2026-08-31 11:25:00,765.78,766.035,766.065,765.58,0.0,0.0,189709.0,145298348.113,0.034605691003824435,765.77
US.SPY,SPDR S&P 500 ETF,2026-08-31 11:30:00,766.03,765.94,766.18,765.82,0.0,0.0,154173.0,118095716.287,-0.012401522123651478,766.035
US.SPY,SPDR S&P 500 ETF,2026-08-31 11:35:00,765.95,765.7599,766.0,765.44,0.0,0.0,251391.0,192485995.002,-0.0235135911429144,765.94
US.SPY,SPDR S&P 500 ETF,2026-08-31 11:40:00,765.74,765.59,765.845,765.43,0.0,0.0,212571.0,162759866.454,-0.022187111129739777,765.7599
US.SPY,SPDR S&P 500 ETF,2026-08-31 11:45:00,765.5964,765.835,765.87,765.4,0.0,0.0,146815.0,112406377.056,0.03200146292401997,765.59
US.SPY,SPDR S&P 500 ETF,2026-08-31 11:50:00,765.85,765.8518,766.01,765.66,0.0,0.0,118200.0,90524629.518,0.0021936840180964918,765.835
US.SPY,SPDR S&P 500 ETF,2026-08-31 11:55:00,765.86,766.08,766.34,765.86,0.0,0.0,245993.0,188463308.814,0.02979688759627062,765.8518
US.SPY,SPDR S&P 500 ETF,2026-08-31 12:00:00,766.06,765.4199,766.12,765.31,0.0,0.0,169224.0,129578127.951,-0.08616593567252202,766.08
US.SPY,SPDR S&P 500 ETF,2026-08-31 12:05:00,765.42,765.16,765.42,765.06,0.0,0.0,233713.0,178844625.807,-0.033955218566961216,765.4199
US.SPY,SPDR S&P 500 ETF,2026-08-31 12:10:00,765.14,765.135,765.21,764.98,0.0,0.0,251326.0,192292772.269,-0.0032672905013300833,765.16
US.SPY,SPDR S&P 500 ETF,2026-08-31 12:15:00,765.13,765.71,765.77,765.08,0.0,0.0,201147.0,153967568.863,0.075150136903951,765.135
US.SPY,SPDR S&P 500 ETF,2026-08-31 12:20:00,765.715,765.5801,765.76,765.27,0.0,0.0,205944.0,157645854.383,-0.01696464719019218,765.71
US.SPY,SPDR S&P 500 ETF,2026-08-31 12:25:00,765.61,765.47,765.69,765.27,0.0,0.0,184670.0,141361147.154,-0.014381251550293501,765.5801
US.SPY,SPDR S&P 500 ETF,2026-08-31 12:30:00,765.49,765.9,765.95,765.47,0.0,0.0,185317.0,141896481.958,0.056174637804218316,765.47
US.SPY,SPDR S&P 500 ETF,2026-08-31 12:35:00,765.8949,765.805,765.95,765.63,0.0,0.0,272424.0,208617442.598,-0.012403708055885532,765.9
US.SPY,SPDR S&P 500 ETF,2026-08-31 12:40:00,765.82,765.22,765.93,765.215,0.0,0.0,160167.0,122628377.419,-0.07639020377249074,765.805
US.SPY,SPDR S&P 500 ETF,2026-08-31 12:45:00,765.23,765.415,765.75,765.19,0.0,0.0,283465.0,217004500.201,0.025482867672033706,765.22
US.SPY,SPDR S&P 500 ETF,2026-08-31 12:50:00,765.42,765.75,765.86,765.42,0.0,0.0,177914.0,136471389.732,0.04376710673295355,765.415
US.SPY,SPDR S&P 500 ETF,2026-08-31 12:55:00,765.74,765.81,765.96,765.68,0.0,0.0,162097.0,124140994.145,0.007835455435840083,765.75
US.SPY,SPDR S&P 500 ETF,2026-08-31 13:00:00,765.8,765.84,765.98,765.76,0.0,0.0,133981.0,102612749.515,0.003917420770176206,765.81
US.SPY,SPDR S&P 500 ETF,2026-08-31 13:05:00,765.85,765.65,765.89,765.57,0.0,0.0,154865.0,118584322.107,-0.02480935965737681,765.84
US.SPY,SPDR S&P 500 ETF,2026-08-31 13:10:00,765.69,765.585,765.84,765.54,0.0,0.0,119739.0,91678944.603,-0.008489518709585435,765.65
US.SPY,SPDR S&P 500 ETF,2026-08-31 13:15:00,765.58,765.92,765.9399,765.57,0.0,0.0,103717.0,79425085.496,0.04375738814108462,765.585
US.SPY,SPDR S&P 500 ETF,2026-08-31 13:20:00,765.91,765.86,766.06,765.7,0.0,0.0,142755.0,109338526.652,-0.007833716315012722,765.92
US.SPY,SPDR S&P 500 ETF,2026-08-31 13:25:00,765.85,765.8,765.94,765.71,0.0,0.0,112819.0,86401169.434,-0.007834330034217626,765.86
US.SPY,SPDR S&P 500 ETF,2026-08-31 13:30:00,765.79,765.42,765.82,765.39,0.0,0.0,149256.0,114259378.611,-0.04962131104727024,765.8
US.SPY,SPDR S&P 500 ETF,2026-08-31 13:35:00,765.425,765.29,765.55,765.17,0.0,0.0,227087.0,173808458.968,-0.016984139426719377,765.42
US.SPY,SPDR S&P 500 ETF,2026-08-31 13:40:00,765.32,765.84,765.84,765.305,0.0,0.0,96700.0,74035172.516,0.07186818068968212,765.29
US.SPY,SPDR S&P 500 ETF,2026-08-31 13:45:00,765.84,766.24,766.24,765.78,0.0,0.0,153415.0,117521911.951,0.05223023085761742,765.84
US.SPY,SPDR S&P 500 ETF,2026-08-31 13:50:00,766.26,766.325,766.45,766.14,0.0,0.0,159110.0,121924344.916,0.011093130089793847,766.24
US.SPY,SPDR S&P 500 ETF,2026-08-31 13:55:00,766.32,766.7699,766.7699,766.315,0.0,0.0,210243.0,161181710.769,0.058056307702340576,766.325
US.SPY,SPDR S&P 500 ETF,2026-08-31 14:00:00,766.75,766.52,766.81,766.38,0.0,0.0,254313.0,194937782.402,-0.03259126368940997,766.7699
US.SPY,SPDR S&P 500 ETF,2026-08-31 14:05:00,766.5,766.6,766.6499,766.18,0.0,0.0,262401.0,201115057.194,0.010436779209941153,766.52
US.SPY,SPDR S&P 500 ETF,2026-08-31 14:10:00,766.59,766.67,766.7,766.47,0.0,0.0,111143.0,85201824.878,0.00913122880249626,766.6
US.SPY,SPDR S&P 500 ETF,2026-08-31 14:15:00,766.67,766.72,766.73,766.45,0.0,0.0,150763.0,115571140.301,0.006521710775179441,766.67
US.SPY,SPDR S&P 500 ETF,2026-08-31 14:20:00,766.7,766.695,766.78,766.55,0.0,0.0,255705.0,196039538.091,-0.0032606427378935286,766.72
US.SPY,SPDR S&P 500 ETF,2026-08-31 14:25:00,766.695,766.615,766.84,766.5,0.0,0.0,201466.0,154451972.506,-0.010434396989681807,766.695
US.SPY,SPDR S&P 500 ETF,2026-08-31 14:30:00,766.62,766.3,766.6399,766.28,0.0,0.0,178853.0,137078519.472,-0.041089725611950526,766.615
US.SPY,SPDR S&P 500 ETF,2026-08-31 14:35:00,766.3,766.03,766.42,766.0,0.0,0.0,648554.0,497103962.132,-0.03523424246378466,766.3
US.SPY,SPDR S&P 500 ETF,2026-08-31 14:40:00,766.01,765.455,766.08,765.27,0.0,0.0,443698.0,339707172.866,-0.07506233437331851,766.03
US.SPY,SPDR S&P 500 ETF,2026-08-31 14:45:00,765.455,765.3499,765.57,765.05,0.0,0.0,375543.0,287408290.42,-0.01373039564703256,765.455
US.SPY,SPDR S&P 500 ETF,2026-08-31 14:50:00,765.35,765.4246,765.44,765.19,0.0,0.0,168098.0,128646726.592,0.009760241688149053,765.3499
US.SPY,SPDR S&P 500 ETF,2026-08-31 14:55:00,765.43,765.65,765.72,765.23,0.0,0.0,303109.0,232033991.178,0.029447707847372856,765.4246
US.SPY,SPDR S&P 500 ETF,2026-08-31 15:00:00,765.64,765.67,765.895,765.55,0.0,0.0,243242.0,186252484.43,0.0026121596029493647,765.65
US.SPY,SPDR S&P 500 ETF,2026-08-31 15:05:00,765.67,765.81,766.05,765.67,0.0,0.0,287050.0,219847693.014,0.018284639596691313,765.67
US.SPY,SPDR S&P 500 ETF,2026-08-31 15:10:00,765.79,766.015,766.04,765.68,0.0,0.0,444616.0,340958456.156,0.026769041929465658,765.81
US.SPY,SPDR S&P 500 ETF,2026-08-31 15:15:00,766.03,766.18,766.2165,765.941,0.0,0.0,214534.0,164341292.605,0.021540048171375708,766.015
US.SPY,SPDR S&P 500 ETF,2026-08-31 15:20:00,766.18,766.035,766.25,765.98,0.0,0.0,170618.0,130714954.02,-0.018925056775167953,766.18
US.SPY,SPDR S&P 500 ETF,2026-08-31 15:25:00,766.03,766.41,766.49,765.99,0.0,0.0,227793.0,174537093.176,0.048953376803931935,766.035
US.SPY,SPDR S&P 500 ETF,2026-08-31 15:30:00,766.42,766.635,766.75,766.27,0.0,0.0,292558.0,224246944.259,0.029357654519124587,766.41
US.SPY,SPDR S&P 500 ETF,2026-08-31 15:35:00,766.62,766.44,766.63,766.18,0.0,0.0,272200.0,208599094.747,-0.025435833219189883,766.635
US.SPY,SPDR S&P 500 ETF,2026-08-31 15:40:00,766.46,766.64,766.7,766.39,0.0,0.0,399214.0,306030818.158,0.026094671468077313,766.44
US.SPY,SPDR S&P 500 ETF,2026-08-31 15:45:00,766.63,767.01,767.205,766.6,0.0,0.0,555218.0,425806299.993,0.04826254826254885,766.64
US.SPY,SPDR S&P 500 ETF,2026-08-31 15:50:00,767.0,766.85,767.16,766.6,0.0,0.0,1090562.0,836593832.655,-0.02086022346513972,767.01
US.SPY,SPDR S&P 500 ETF,2026-08-31 15:55:00,766.87,767.3825,767.65,766.87,0.0,0.0,3108856.0,2386525402.108,0.0694399165417001,766.85
US.SPY,SPDR S&P 500 ETF,2026-08-31 16:00:00,767.36,767.05,767.995,766.58,0.0,0.0,7094933.0,5444133447.71,-0.04332910901670229,767.3825
US.SPY,SPDR S&P 500 ETF,2026-09-01 09:35:00,762.01,761.93,762.1395,761.17,0.0,0.0,1129212.0,860134039.812,-0.6674923407861294,767.05
US.SPY,SPDR S&P 500 ETF,2026-09-01 09:40:00,761.94,761.7699,762.3999,761.61,0.0,0.0,586624.0,447019493.092,-0.02101242896328312,761.93
US.SPY,SPDR S&P 500 ETF,2026-09-01 09:45:00,761.76,761.96,762.12,761.43,0.0,0.0,476211.0,362762187.046,0.024955042198442003,761.7699
US.SPY,SPDR S&P 500 ETF,2026-09-01 09:50:00,761.96,762.2,762.2,761.68,0.0,0.0,484566.0,369219875.385,0.03149771641556106,761.96
US.SPY,SPDR S&P 500 ETF,2026-09-01 09:55:00,762.18,761.81,762.48,761.5946,0.0,0.0,398848.0,303940631.347,-0.05116767252690896,762.2
US.SPY,SPDR S&P 500 ETF,2026-09-01 10:00:00,761.82,762.015,762.095,761.475,0.0,0.0,410745.0,312877994.272,0.026909596881117465,761.81
US.SPY,SPDR S&P 500 ETF,2026-09-01 10:05:00,762.02,762.17,762.56,761.74,0.0,0.0,426347.0,324968944.743,0.020340806939492362,762.015
US.SPY,SPDR S&P 500 ETF,2026-09-01 10:10:00,762.17,762.9,762.96,762.17,0.0,0.0,353224.0,269388278.597,0.09577915688101318,762.17
US.SPY,SPDR S&P 500 ETF,2026-09-01 10:15:00,762.9202,763.0,763.084,762.4931,0.0,0.0,341225.0,260273992.323,0.013107877834581564,762.9
US.SPY,SPDR S&P 500 ETF,2026-09-01 10:20:00,762.99,763.31,763.52,762.9,0.0,0.0,402454.0,307170927.856,0.040629095674960085,763.0
US.SPY,SPDR S&P 500 ETF,2026-09-01 10:25:00,763.32,763.68,764.0,763.32,0.0,0.0,360625.0,275386375.222,0.04847309743092643,763.31
US.SPY,SPDR S&P 500 ETF,2026-09-01 10:30:00,763.69,763.7695,764.0,763.62,0.0,0.0,336383.0,256933968.127,0.011719568405620636,763.68
US.SPY,SPDR S&P 500 ETF,2026-09-01 10:35:00,763.76,764.45,764.4999,763.75,0.0,0.0,512487.0,391691135.81,0.08909756150252816,763.7695
US.SPY,SPDR S&P 500 ETF,2026-09-01 10:40:00,764.451,764.27,764.55,764.07,0.0,0.0,401984.0,307235221.868,-0.023546340506254648,764.45
US.SPY,SPDR S&P 500 ETF,2026-09-01 10:45:00,764.27,764.16,764.34,763.8962,0.0,0.0,308914.0,236036896.52,-0.014392819291613389,764.27
US.SPY,SPDR S&P 500 ETF,2026-09-01 10:50:00,764.16,763.92,764.36,763.92,0.0,0.0,352908.0,269680611.517,-0.03140703517588059,764.16
US.SPY,SPDR S&P 500 ETF,2026-09-01 10:55:00,763.93,763.59,763.93,763.5,0.0,0.0,262559.0,200518994.652,-0.04319824065346205,763.92
US.SPY,SPDR S&P 500 ETF,2026-09-01 11:00:00,763.59,763.54,763.6999,763.3501,0.0,0.0,348913.0,266408938.232,-0.006548016605779044,763.59
US.SPY,SPDR S&P 500 ETF,2026-09-01 11:05:00,763.56,763.11,763.66,763.01,0.0,0.0,259605.0,198170838.161,-0.05631663043192891,763.54
US.SPY,SPDR S&P 500 ETF,2026-09-01 11:10:00,763.07,762.8,763.17,762.67,0.0,0.0,412610.0,314784592.649,-0.04062323911363488,763.11
US.SPY,SPDR S&P 500 ETF,2026-09-01 11:15:00,762.7826,762.9256,763.1701,762.71,0.0,0.0,285069.0,217489487.533,0.01646565285790204,762.8
US.SPY,SPDR S&P 500 ETF,2026-09-01 11:20:00,762.94,763.29,763.35,762.85,0.0,0.0,214988.0,164059529.247,0.047763504069064176,762.9256
US.SPY,SPDR S&P 500 ETF,2026-09-01 11:25:00,763.2898,763.45,763.47,763.07,0.0,0.0,222404.0,169758857.998,0.020961888666179547,763.29
US.SPY,SPDR S&P 500 ETF,2026-09-01 11:30:00,763.43,763.59,763.61,763.21,0.0,0.0,235896.0,180081080.031,0.018337808631866705,763.45
US.SPY,SPDR S&P 500 ETF,2026-09-01 11:35:00,763.59,763.62,763.78,763.44,0.0,0.0,238966.0,182467330.342,0.003928809963458494,763.59
US.SPY,SPDR S&P 500 ETF,2026-09-01 11:40:00,763.62,764.1,764.1095,763.48,0.0,0.0,237075.0,181078977.605,0.06285848982478434,763.62
US.SPY,SPDR S&P 500 ETF,2026-09-01 11:45:00,764.09,764.23,764.27,763.99,0.0,0.0,260932.0,199381843.108,0.017013479911005817,764.1
US.SPY,SPDR S&P 500 ETF,2026-09-01 11:50:00,764.22,764.56,764.6,764.13,0.0,0.0,335095.0,256145444.54,0.04318071784671201,764.23
US.SPY,SPDR S&P 500 ETF,2026-09-01 11:55:00,764.56,764.55,764.67,764.28,0.0,0.0,283476.0,216701558.315,-0.0013079418227465347,764.56
US.SPY,SPDR S&P 500 ETF,2026-09-01 12:00:00,764.545,764.29,764.58,764.12,0.0,0.0,307893.0,235337118.57,-0.03400693218232829,764.55
US.SPY,SPDR S&P 500 ETF,2026-09-01 12:05:00,764.29,764.26,764.34,764.06,0.0,0.0,315450.0,241066989.489,-0.003925211634323715,764.29
US.SPY,SPDR S&P 500 ETF,2026-09-01 12:10:00,764.23,763.89,764.3,763.81,0.0,0.0,222050.0,169650352.833,-0.04841284379661431,764.26
US.SPY,SPDR S&P 500 ETF,2026-09-01 12:15:00,763.91,763.54,764.1,763.51,0.0,0.0,242331.0,185100765.296,-0.04581811517365364,763.89
US.SPY,SPDR S&P 500 ETF,2026-09-01 12:20:00,763.535,763.02,763.62,762.96,0.0,0.0,310262.0,236837938.66,-0.06810383215024515,763.54
US.SPY,SPDR S&P 500 ETF,2026-09-01 12:25:00,763.005,762.85,763.09,762.4,0.0,0.0,569226.0,434198190.036,-0.022279887814206582,763.02
US.SPY,SPDR S&P 500 ETF,2026-09-01 12:30:00,762.9,762.5399,762.94,762.29,0.0,0.0,495613.0,378471113.458,-0.04065019335387481,762.85
US.SPY,SPDR S&P 500 ETF,2026-09-01 12:35:00,762.54,761.6992,762.63,761.58,0.0,0.0,594163.0,453369329.74,-0.11024996855901832,762.5399
US.SPY,SPDR S&P 500 ETF,2026-09-01 12:40:00,761.71,762.21,762.23,761.69,0.0,0.0,303474.0,231219471.576,0.06706059294797966,761.6992
US.SPY,SPDR S&P 500 ETF,2026-09-01 12:45:00,762.23,761.71,762.37,761.66,0.0,0.0,299595.0,228299970.151,-0.0655987195129951,762.21
US.SPY,SPDR S&P 500 ETF,2026-09-01 12:50:00,761.7,761.96,762.02,761.64,0.0,0.0,188572.0,143657001.283,0.03282088983996534,761.71
US.SPY,SPDR S&P 500 ETF,2026-09-01 12:55:00,761.95,761.88,762.08,761.74,0.0,0.0,170247.0,129707899.18,-0.010499238805191994,761.96
US.SPY,SPDR S&P 500 ETF,2026-09-01 13:00:00,761.9,762.26,762.39,761.9,0.0,0.0,215334.0,164131944.387,0.049876620990181586,761.88
US.SPY,SPDR S&P 500 ETF,2026-09-01 13:05:00,762.26,761.71,762.29,761.69,0.0,0.0,205720.0,156751625.712,-0.07215385826357863,762.26
US.SPY,SPDR S&P 500 ETF,2026-09-01 13:10:00,761.71,761.7,761.83,761.5,0.0,0.0,273533.0,208345212.242,-0.0013128355935974195,761.71
US.SPY,SPDR S&P 500 ETF,2026-09-01 13:15:00,761.7,761.965,762.09,761.62,0.0,0.0,275637.0,209996186.378,0.03479059997374115,761.7
US.SPY,SPDR S&P 500 ETF,2026-09-01 13:20:00,761.96,761.605,762.15,761.5,0.0,0.0,291059.0,221719556.275,-0.04724626459220747,761.965
US.SPY,SPDR S&P 500 ETF,2026-09-01 13:25:00,761.62,761.6,761.78,761.49,0.0,0.0,183650.0,139872954.837,-0.0006565082949817099,761.605
US.SPY,SPDR S&P 500 ETF,2026-09-01 13:30:00,761.62,761.68,761.74,760.73,0.0,0.0,532084.0,405104382.449,0.010504201680662715,761.6
US.SPY,SPDR S&P 500 ETF,2026-09-01 13:35:00,761.68,761.99,762.05,761.62,0.0,0.0,278978.0,212543417.129,0.040699506354382305,761.68
US.SPY,SPDR S&P 500 ETF,2026-09-01 13:40:00,761.995,761.915,762.2,761.78,0.0,0.0,489538.0,374260040.782,-0.009842648853665465,761.99
US.SPY,SPDR S&P 500 ETF,2026-09-01 13:45:00,761.92,762.07,762.23,761.86,0.0,0.0,175660.0,133864615.816,0.020343476634544066,761.915
US.SPY,SPDR S&P 500 ETF,2026-09-01 13:50:00,762.05,761.575,762.14,761.56,0.0,0.0,218675.0,166588526.43,-0.06495466295747168,762.07
US.SPY,SPDR S&P 500 ETF,2026-09-01 13:55:00,761.575,761.56,761.84,761.48,0.0,0.0,256971.0,195714450.97,-0.0019696024685815637,761.575
US.SPY,SPDR S&P 500 ETF,2026-09-01 14:00:00,761.565,761.82,761.88,761.46,0.0,0.0,203632.0,155093798.997,0.034140448552983954,761.56
US.SPY,SPDR S&P 500 ETF,2026-09-01 14:05:00,761.81,761.6001,762.04,761.5565,0.0,0.0,313716.0,238990267.942,-0.028865086240851167,761.82
US.SPY,SPDR S&P 500 ETF,2026-09-01 14:10:00,761.6,761.655,761.69,761.4218,0.0,0.0,291617.0,222086309.458,0.007208507456862871,761.6001
US.SPY,SPDR S&P 500 ETF,2026-09-01 14:15:00,761.645,761.38,761.71,761.3032,0.0,0.0,193235.0,147147096.953,-0.036105585862362524,761.655
US.SPY,SPDR S&P 500 ETF,2026-09-01 14:20:00,761.37,761.755,761.82,761.28,0.0,0.0,421563.0,321707715.532,0.049252672778376104,761.38
US.SPY,SPDR S&P 500 ETF,2026-09-01 14:25:00,761.76,761.66,761.83,761.5,0.0,0.0,201823.0,153725328.615,-0.012471201370522973,761.755
US.SPY,SPDR S&P 500 ETF,2026-09-01 14:30:00,761.64,761.21,761.64,761.07,0.0,0.0,293422.0,223367505.635,-0.059081479925417096,761.66
US.SPY,SPDR S&P 500 ETF,2026-09-01 14:35:00,761.2199,760.75,761.245,760.67,0.0,0.0,340202.0,258889890.032,-0.060430104701729666,761.21
US.SPY,SPDR S&P 500 ETF,2026-09-01 14:40:00,760.75,760.54,760.91,760.5,0.0,0.0,998671.0,759896950.919,-0.027604337824520063,760.75
US.SPY,SPDR S&P 500 ETF,2026-09-01 14:45:00,760.54,759.74,760.62,759.71,0.0,0.0,524835.0,398926682.491,-0.1051884187550891,760.54
US.SPY,SPDR S&P 500 ETF,2026-09-01 14:50:00,759.725,760.19,760.26,759.48,0.0,0.0,554687.0,421465299.242,0.059230789480617774,759.74
US.SPY,SPDR S&P 500 ETF,2026-09-01 14:55:00,760.2,760.25,760.39,760.03,0.0,0.0,302871.0,230242322.113,0.007892763651185287,760.19
US.SPY,SPDR S&P 500 ETF,2026-09-01 15:00:00,760.22,760.7295,760.89,760.17,0.0,0.0,355606.0,270470585.033,0.06307135810589017,760.25
US.SPY,SPDR S&P 500 ETF,2026-09-01 15:05:00,760.72,761.14,761.2,760.62,0.0,0.0,430136.0,327276831.339,0.05396136208730651,760.7295
US.SPY,SPDR S&P 500 ETF,2026-09-01 15:10:00,761.16,761.095,761.17,760.8405,0.0,0.0,305727.0,232661717.767,-0.005912184355041001,761.14
US.SPY,SPDR S&P 500 ETF,2026-09-01 15:15:00,761.08,761.46,761.48,761.05,0.0,0.0,373227.0,284131013.356,0.04795721953238546,761.095
US.SPY,SPDR S&P 500 ETF,2026-09-01 15:20:00,761.46,761.4,761.61,761.11,0.0,0.0,392104.0,298552282.194,-0.007879599716342174,761.46
US.SPY,SPDR S&P 500 ETF,2026-09-01 15:25:00,761.38,761.28,761.48,761.07,0.0,0.0,402485.0,306398698.846,-0.015760441292356785,761.4
US.SPY,SPDR S&P 500 ETF,2026-09-01 15:30:00,761.29,761.36,761.44,761.18,0.0,0.0,393780.0,299780594.478,0.010508617065999492,761.28
US.SPY,SPDR S&P 500 ETF,2026-09-01 15:35:00,761.3999,761.14,761.3999,760.76,0.0,0.0,661129.0,503097416.836,-0.02889566039718757,761.36
US.SPY,SPDR S&P 500 ETF,2026-09-01 15:40:00,761.155,760.85,761.34,760.83,0.0,0.0,428509.0,326099493.49,-0.03810074362140521,761.14
US.SPY,SPDR S&P 500 ETF,2026-09-01 15:45:00,760.87,761.05,761.2599,760.74,0.0,0.0,869533.0,663188517.485,0.026286390221453872,760.85
US.SPY,SPDR S&P 500 ETF,2026-09-01 15:50:00,761.06,761.26,761.445,760.97,0.0,0.0,898007.0,683582165.752,0.027593456408913523,761.05
US.SPY,SPDR S&P 500 ETF,2026-09-01 15:55:00,761.25,760.93,761.29,760.58,0.0,0.0,1079394.0,821406519.961,-0.043349184247174544,761.26
US.SPY,SPDR S&P 500 ETF,2026-09-01 16:00:00,760.95,761.78,761.78,760.595,0.0,0.0,4276289.0,3256882582.268,0.11170541311290431,760.93
US.SPY,SPDR S&P 500 ETF,2026-09-02 09:35:00,762.45,762.38,762.52,761.74,0.0,0.0,843674.0,643029558.979,0.07876289742445623,761.78
US.SPY,SPDR S&P 500 ETF,2026-09-02 09:40:00,762.4,762.47,762.48,761.73,0.0,0.0,371901.0,283432871.013,0.011805136546083558,762.38
US.SPY,SPDR S&P 500 ETF,2026-09-02 09:45:00,762.45,762.8,762.83,762.26,0.0,0.0,562329.0,428792054.15,0.043280391359650505,762.47
US.SPY,SPDR S&P 500 ETF,2026-09-02 09:50:00,762.81,762.09,762.9,761.961,0.0,0.0,509129.0,388143408.29,-0.09307813319348751,762.8
US.SPY,SPDR S&P 500 ETF,2026-09-02 09:55:00,762.08,762.46,762.611,762.05,0.0,0.0,251948.0,192069852.015,0.04855069611200836,762.09
US.SPY,SPDR S&P 500 ETF,2026-09-02 10:00:00,762.46,763.065,763.065,762.18,0.0,0.0,336084.0,256293903.542,0.07934842483540358,762.46
US.SPY,SPDR S&P 500 ETF,2026-09-02 10:05:00,763.03,763.74,763.74,762.86,0.0,0.0,412712.0,315043246.38,0.08845904346287073,763.065
US.SPY,SPDR S&P 500 ETF,2026-09-02 10:10:00,763.74,763.73,764.14,763.63,0.0,0.0,529709.0,404672450.183,-0.001309346112550201,763.74
US.SPY,SPDR S&P 500 ETF,2026-09-02 10:15:00,763.73,764.25,764.29,763.65,0.0,0.0,301881.0,230620362.326,0.06808688934570879,763.73
US.SPY,SPDR S&P 500 ETF,2026-09-02 10:20:00,764.26,764.86,764.99,764.085,0.0,0.0,475220.0,363300274.15,0.0798168138698088,764.25
US.SPY,SPDR S&P 500 ETF,2026-09-02 10:25:00,764.86,765.2093,765.335,764.77,0.0,0.0,531778.0,406862159.614,0.04566848835080552,764.86
US.SPY,SPDR S&P 500 ETF,2026-09-02 10:30:00,765.21,765.27,765.585,765.04,0.0,0.0,328247.0,251217889.793,0.007932470240494606,765.2093
US.SPY,SPDR S&P 500 ETF,2026-09-02 10:35:00,765.275,765.58,765.59,764.93,0.0,0.0,332405.0,254350448.56,0.04050857867158769,765.27
US.SPY,SPDR S&P 500 ETF,2026-09-02 10:40:00,765.61,765.88,765.88,765.49,0.0,0.0,329745.0,252466161.689,0.03918597664515198,765.58
US.SPY,SPDR S&P 500 ETF,2026-09-02 10:45:00,765.87,766.3,766.34,765.79,0.0,0.0,337667.0,258667032.207,0.054838878153230144,765.88
US.SPY,SPDR S&P 500 ETF,2026-09-02 10:50:00,766.29,765.82,766.31,765.62,0.0,0.0,281683.0,215748782.056,-0.06263865326894226,766.3
US.SPY,SPDR S&P 500 ETF,2026-09-02 10:55:00,765.81,765.43,765.815,765.32,0.0,0.0,333795.0,255536955.683,-0.05092580501946933,765.82
US.SPY,SPDR S&P 500 ETF,2026-09-02 11:00:00,765.41,765.31,765.63,765.16,0.0,0.0,258784.0,198071970.892,-0.015677462341429596,765.43
US.SPY,SPDR S&P 500 ETF,2026-09-02 11:05:00,765.31,765.43,765.67,765.14,0.0,0.0,239119.0,183009506.52,0.015679920555069782,765.31
US.SPY,SPDR S&P 500 ETF,2026-09-02 11:10:00,765.44,765.44,765.63,765.215,0.0,0.0,233055.0,178372901.91,0.001306455195132748,765.43
US.SPY,SPDR S&P 500 ETF,2026-09-02 11:15:00,765.43,765.528,765.7799,765.23,0.0,0.0,223890.0,171373735.848,0.011496655518390133,765.44
US.SPY,SPDR S&P 500 ETF,2026-09-02 11:20:00,765.53,765.975,766.02,765.4,0.0,0.0,170092.0,130240546.82,0.05839107126062047,765.528
US.SPY,SPDR S&P 500 ETF,2026-09-02 11:25:00,765.99,765.88,766.04,765.71,0.0,0.0,207643.0,159026681.299,-0.01240249355397073,765.975
US.SPY,SPDR S&P 500 ETF,2026-09-02 11:30:00,765.89,766.295,766.4,765.87,0.0,0.0,151699.0,116223690.377,0.05418603436569223,765.88
US.SPY,SPDR S&P 500 ETF,2026-09-02 11:35:00,766.325,766.02,766.43,766.01,0.0,0.0,270826.0,207510791.776,-0.035886962592732205,766.295
US.SPY,SPDR S&P 500 ETF,2026-09-02 11:40:00,766.02,765.855,766.14,765.77,0.0,0.0,236547.0,181198218.859,-0.021539907574210024,766.02
US.SPY,SPDR S&P 500 ETF,2026-09-02 11:45:00,765.87,765.65,765.98,765.6443,0.0,0.0,191832.0,146907781.068,-0.02676746903787805,765.855
US.SPY,SPDR S&P 500 ETF,2026-09-02 11:50:00,765.66,765.04,765.66,765.0,0.0,0.0,247430.0,189349024.172,-0.07967086789002986,765.65
US.SPY,SPDR S&P 500 ETF,2026-09-02 11:55:00,765.05,765.255,765.5799,764.97,0.0,0.0,191583.0,146610760.947,0.02810310571996652,765.04
US.SPY,SPDR S&P 500 ETF,2026-09-02 12:00:00,765.265,765.925,765.96,765.16,0.0,0.0,143574.0,109917363.882,0.08755251517467498,765.255
US.SPY,SPDR S&P 500 ETF,2026-09-02 12:05:00,765.92,765.8,765.92,765.55,0.0,0.0,134731.0,103172960.522,-0.01632013578352972,765.925
US.SPY,SPDR S&P 500 ETF,2026-09-02 12:10:00,765.84,765.74,765.89,765.63,0.0,0.0,106768.0,81761636.89,-0.007834943849561953,765.8
US.SPY,SPDR S&P 500 ETF,2026-09-02 12:15:00,765.74,765.69,765.85,765.625,0.0,0.0,89801.0,68762837.898,-0.00652963146759403,765.74
US.SPY,SPDR S&P 500 ETF,2026-09-02 12:20:00,765.695,765.4499,765.695,765.315,0.0,0.0,115218.0,88192543.507,-0.03135733782602589,765.69
US.SPY,SPDR S&P 500 ETF,2026-09-02 12:25:00,765.45,764.985,765.56,764.97,0.0,0.0,111172.0,85073885.452,-0.06073552299111193,765.4499
US.SPY,SPDR S&P 500 ETF,2026-09-02 12:30:00,764.985,764.85,765.145,764.69,0.0,0.0,158048.0,120888938.594,-0.017647404851074324,764.985
US.SPY,SPDR S&P 500 ETF,2026-09-02 12:35:00,764.85,765.1,765.32,764.81,0.0,0.0,184909.0,141465769.516,0.03268614761064261,764.85
US.SPY,SPDR S&P 500 ETF,2026-09-02 12:40:00,765.11,765.0873,765.27,765.0,0.0,0.0,102114.0,78130705.298,-0.0016599137367658177,765.1
US.SPY,SPDR S&P 500 ETF,2026-09-02 12:45:00,765.07,764.7,765.1,764.7,0.0,0.0,128679.0,98420383.273,-0.050621674154045164,765.0873
US.SPY,SPDR S&P 500 ETF,2026-09-02 12:50:00,764.73,764.85,764.98,764.72,0.0,0.0,81444.0,62290683.664,0.01961553550411629,764.7
US.SPY,SPDR S&P 500 ETF,2026-09-02 12:55:00,764.86,765.14,765.2,764.71,0.0,0.0,128146.0,98026105.608,0.03791593122834067,764.85
US.SPY,SPDR S&P 500 ETF,2026-09-02 13:00:00,765.16,764.92,765.25,764.88,0.0,0.0,100757.0,77084170.504,-0.02875290796455907,765.14
US.SPY,SPDR S&P 500 ETF,2026-09-02 13:05:00,764.92,765.4685,765.48,764.92,0.0,0.0,130165.0,99613986.47,0.0717068451602769,764.92
US.SPY,SPDR S&P 500 ETF,2026-09-02 13:10:00,765.45,764.68,765.478,764.61,0.0,0.0,181122.0,138565333.66,-0.10300881094388588,765.4685
US.SPY,SPDR S&P 500 ETF,2026-09-02 13:15:00,764.6615,764.9,765.06,764.66,0.0,0.0,98068.0,75007754.796,0.028770204530003046,764.68
US.SPY,SPDR S&P 500 ETF,2026-09-02 13:20:00,764.9203,764.6,764.95,764.52,0.0,0.0,176742.0,135159745.168,-0.039220813178187285,764.9
US.SPY,SPDR S&P 500 ETF,2026-09-02 13:25:00,764.59,764.62,764.78,764.46,0.0,0.0,150382.0,114985533.164,0.002615746795707796,764.6
US.SPY,SPDR S&P 500 ETF,2026-09-02 13:30:00,764.6376,764.71,764.865,764.6,0.0,0.0,143159.0,109472440.702,0.01177055269284505,764.62
US.SPY,SPDR S&P 500 ETF,2026-09-02 13:35:00,764.75,764.39,764.79,764.39,0.0,0.0,123564.0,94477030.742,-0.041845928521929886,764.71
US.SPY,SPDR S&P 500 ETF,2026-09-02 13:40:00,764.395,764.46,764.58,764.37,0.0,0.0,130770.0,99972255.004,0.009157628959045778,764.39
US.SPY,SPDR S&P 500 ETF,2026-09-02 13:45:00,764.455,764.9,764.94,764.35,0.0,0.0,170529.0,130389288.688,0.05755696831749743,764.46
US.SPY,SPDR S&P 500 ETF,2026-09-02 13:50:00,764.91,764.99,765.27,764.9,0.0,0.0,190362.0,145653875.139,0.011766243953462131,764.9
US.SPY,SPDR S&P 500 ETF,2026-09-02 13:55:00,764.9999,764.99,765.08,764.83,0.0,0.0,126804.0,97004874.511,0.0,764.99
US.SPY,SPDR S&P 500 ETF,2026-09-02 14:00:00,764.9759,765.18,765.29,764.74,0.0,0.0,132643.0,101484951.243,0.02483692597288081,764.99
US.SPY,SPDR S&P 500 ETF,2026-09-02 14:05:00,765.18,765.29,765.33,764.73,0.0,0.0,460588.0,352385405.792,0.014375702449098728,765.18
US.SPY,SPDR S&P 500 ETF,2026-09-02 14:10:00,765.27,765.08,765.41,765.07,0.0,0.0,181168.0,138629310.177,-0.027440578081501483,765.29
US.SPY,SPDR S&P 500 ETF,2026-09-02 14:15:00,765.08,765.18,765.29,765.06,0.0,0.0,172118.0,131696646.441,0.01307052857216357,765.08
US.SPY,SPDR S&P 500 ETF,2026-09-02 14:20:00,765.19,765.6,766.0899,765.15,0.0,0.0,498118.0,381307166.831,0.0548890457147433,765.18
US.SPY,SPDR S&P 500 ETF,2026-09-02 14:25:00,765.6,765.49,765.72,765.4,0.0,0.0,233216.0,178534305.535,-0.014367816091955804,765.6
US.SPY,SPDR S&P 500 ETF,2026-09-02 14:30:00,765.49,765.32,765.54,765.21,0.0,0.0,169943.0,130064986.741,-0.02220799749179729,765.49
US.SPY,SPDR S&P 500 ETF,2026-09-02 14:35:00,765.34,765.29,765.5252,765.26,0.0,0.0,172660.0,132161059.353,-0.0039199289186335655,765.32
US.SPY,SPDR S&P 500 ETF,2026-09-02 14:40:00,765.28,764.81,765.37,764.79,0.0,0.0,337426.0,258161119.956,-0.06272132132917171,765.29
US.SPY,SPDR S&P 500 ETF,2026-09-02 14:45:00,764.83,764.72,764.889,764.64,0.0,0.0,157260.0,120264303.905,-0.01176762856133133,764.81
US.SPY,SPDR S&P 500 ETF,2026-09-02 14:50:00,764.74,764.87,764.98,764.59,0.0,0.0,182563.0,139624331.839,0.019615022491889483,764.72
US.SPY,SPDR S&P 500 ETF,2026-09-02 14:55:00,764.89,764.81,764.99,764.67,0.0,0.0,346383.0,264925191.79,-0.007844470302150576,764.87
US.SPY,SPDR S&P 500 ETF,2026-09-02 15:00:00,764.805,764.81,765.0,764.68,0.0,0.0,733918.0,561331531.348,0.0,764.81
US.SPY,SPDR S&P 500 ETF,2026-09-02 15:05:00,764.79,764.885,764.98,764.67,0.0,0.0,330657.0,252894523.97,0.00980635713445764,764.81
US.SPY,SPDR S&P 500 ETF,2026-09-02 15:10:00,764.9,765.21,765.23,764.89,0.0,0.0,164409.0,125781442.606,0.042490047523489866,764.885
US.SPY,SPDR S&P 500 ETF,2026-09-02 15:15:00,765.22,765.39,765.4799,765.22,0.0,0.0,340207.0,260374605.058,0.02352295448307654,765.21
US.SPY,SPDR S&P 500 ETF,2026-09-02 15:20:00,765.385,765.41,765.42,765.2,0.0,0.0,177363.0,135736440.578,0.0026130469433859613,765.39
US.SPY,SPDR S&P 500 ETF,2026-09-02 15:25:00,765.4,765.24,765.41,765.07,0.0,0.0,298375.0,228335332.919,-0.022210318652742853,765.41
US.SPY,SPDR S&P 500 ETF,2026-09-02 15:30:00,765.24,765.48,765.52,765.16,0.0,0.0,558370.0,425895063.173,0.03136270973812256,765.24
US.SPY,SPDR S&P 500 ETF,2026-09-02 15:35:00,765.47,765.305,765.48,765.15,0.0,0.0,261958.0,200488379.13,-0.022861472540114464,765.48
US.SPY,SPDR S&P 500 ETF,2026-09-02 15:40:00,765.31,765.08,765.36,765.08,0.0,0.0,269163.0,205965618.522,-0.02940004312005136,765.305
US.SPY,SPDR S&P 500 ETF,2026-09-02 15:45:00,765.1,765.365,765.39,765.03,0.0,0.0,397014.0,303790327.581,0.03725100643069589,765.08
US.SPY,SPDR S&P 500 ETF,2026-09-02 15:50:00,765.36,765.375,765.485,765.22,0.0,0.0,552063.0,422030391.771,0.0013065661481764786,765.365
US.SPY,SPDR S&P 500 ETF,2026-09-02 15:55:00,765.37,765.22,765.45,764.95,0.0,0.0,774165.0,592345158.846,-0.020251510697367005,765.375
US.SPY,SPDR S&P 500 ETF,2026-09-02 16:00:00,765.22,765.16,765.26,764.75,0.0,0.0,2427635.0,1856782809.324,-0.00784088236063604,765.22
US.SPY,SPDR S&P 500 ETF,2026-09-03 09:35:00,767.9,768.97,769.235,767.85,0.0,0.0,1504198.0,1156048488.221,0.49793507240316526,765.16
US.SPY,SPDR S&P 500 ETF,2026-09-03 09:40:00,768.97,769.73,769.8,768.51,0.0,0.0,762197.0,586247761.714,0.09883350455804399,768.97
US.SPY,SPDR S&P 500 ETF,2026-09-03 09:45:00,769.74,769.79,769.89,769.35,0.0,0.0,478176.0,367988603.286,0.00779494108322989,769.73
US.SPY,SPDR S&P 500 ETF,2026-09-03 09:50:00,769.81,769.64,769.96,769.43,0.0,0.0,1706469.0,1313563529.466,-0.0194858337988253,769.79
US.SPY,SPDR S&P 500 ETF,2026-09-03 09:55:00,769.64,769.59,770.045,769.31,0.0,0.0,717773.0,552502500.669,-0.006496543838671915,769.64
US.SPY,SPDR S&P 500 ETF,2026-09-03 10:00:00,769.58,769.56,769.61,769.11,0.0,0.0,337524.0,259675236.23,-0.0038981795501613066,769.59
US.SPY,SPDR S&P 500 ETF,2026-09-03 10:05:00,769.53,768.125,769.57,768.11,0.0,0.0,704235.0,541287810.938,-0.18647019075834834,769.56
US.SPY,SPDR S&P 500 ETF,2026-09-03 10:10:00,768.12,767.81,768.34,767.61,0.0,0.0,1018073.0,781512429.222,-0.041008950366158446,768.125
US.SPY,SPDR S&P 500 ETF,2026-09-03 10:15:00,767.83,768.36,768.38,767.53,0.0,0.0,479512.0,368242898.871,0.0716323048670984,767.81
US.SPY,SPDR S&P 500 ETF,2026-09-03 10:20:00,768.36,768.85,768.88,768.2202,0.0,0.0,278407.0,213945527.585,0.06377219011921613,768.36
US.SPY,SPDR S&P 500 ETF,2026-09-03 10:25:00,768.85,768.86,769.07,768.5,0.0,0.0,264267.0,203173243.349,0.0013006438186890686,768.85
US.SPY,SPDR S&P 500 ETF,2026-09-03 10:30:00,768.88,768.67,768.9599,768.51,0.0,0.0,244807.0,188200214.078,-0.024711911141177142,768.86
US.SPY,SPDR S&P 500 ETF,2026-09-03 10:35:00,768.67,767.9,768.97,767.83,0.0,0.0,357331.0,274635672.977,-0.10017302613605082,768.67
US.SPY,SPDR S&P 500 ETF,2026-09-03 10:40:00,767.88,768.15,768.52,767.84,0.0,0.0,248850.0,191173648.98,0.03255632243781743,767.9
US.SPY,SPDR S&P 500 ETF,2026-09-03 10:45:00,768.155,768.2,768.66,768.03,0.0,0.0,200504.0,154042710.17,0.006509145349224528,768.15
US.SPY,SPDR S&P 500 ETF,2026-09-03 10:50:00,768.17,768.72,768.775,768.03,0.0,0.0,252084.0,193715582.513,0.06769070554542851,768.2
US.SPY,SPDR S&P 500 ETF,2026-09-03 10:55:00,768.73,768.61,768.83,768.2,0.0,0.0,249857.0,192005644.53,-0.014309501509003753,768.72
US.SPY,SPDR S&P 500 ETF,2026-09-03 11:00:00,768.62,769.28,769.33,767.45,0.0,0.0,990788.0,760431843.916,0.08717034646959565,768.61
US.SPY,SPDR S&P 500 ETF,2026-09-03 11:05:00,769.26,770.445,770.49,769.25,0.0,0.0,594652.0,457779624.192,0.15144030782030957,769.28
US.SPY,SPDR S&P 500 ETF,2026-09-03 11:10:00,770.46,770.73,770.89,770.43,0.0,0.0,668813.0,515375066.207,0.036991608745590945,770.445
US.SPY,SPDR S&P 500 ETF,2026-09-03 11:15:00,770.7315,771.52,771.52,770.67,0.0,0.0,529407.0,408275158.949,0.10250022705746027,770.73
US.SPY,SPDR S&P 500 ETF,2026-09-03 11:20:00,771.54,772.0101,772.04,771.49,0.0,0.0,815453.0,629330245.787,0.06352395271671299,771.52
US.SPY,SPDR S&P 500 ETF,2026-09-03 11:25:00,772.01,772.06,772.225,771.47,0.0,0.0,572119.0,441599528.684,0.00646364600670116,772.0101
US.SPY,SPDR S&P 500 ETF,2026-09-03 11:30:00,772.08,772.94,772.95,772.01,0.0,0.0,519777.0,401538696.608,0.11398077869597042,772.06
US.SPY,SPDR S&P 500 ETF,2026-09-03 11:35:00,772.94,772.8559,773.21,772.5,0.0,0.0,625247.0,483268896.779,-0.010880534064744343,772.94
US.SPY,SPDR S&P 500 ETF,2026-09-03 11:40:00,772.86,772.465,772.98,772.42,0.0,0.0,383965.0,296662395.298,-0.05057863956269051,772.8559
US.SPY,SPDR S&P 500 ETF,2026-09-03 11:45:00,772.47,772.58,772.84,772.275,0.0,0.0,307056.0,237210618.656,0.014887405901886698,772.465
US.SPY,SPDR S&P 500 ETF,2026-09-03 11:50:00,772.585,772.935,773.0,772.58,0.0,0.0,293733.0,226994142.981,0.04594993398740642,772.58
US.SPY,SPDR S&P 500 ETF,2026-09-03 11:55:00,772.94,773.145,773.26,772.92,0.0,0.0,339858.0,262740266.931,0.027169166876908978,772.935
US.SPY,SPDR S&P 500 ETF,2026-09-03 12:00:00,773.145,773.32,773.32,772.95,0.0,0.0,286583.0,221567744.433,0.022634822704676125,773.145
US.SPY,SPDR S&P 500 ETF,2026-09-03 12:05:00,773.31,772.8,773.31,772.78,0.0,0.0,369949.0,285998432.118,-0.06724253866447208,773.32
US.SPY,SPDR S&P 500 ETF,2026-09-03 12:10:00,772.7999,772.53,772.87,772.47,0.0,0.0,437293.0,337877258.361,-0.034937888198755415,772.8
US.SPY,SPDR S&P 500 ETF,2026-09-03 12:15:00,772.51,772.68,772.71,772.375,0.0,0.0,343374.0,265264236.889,0.019416721680708487,772.53
US.SPY,SPDR S&P 500 ETF,2026-09-03 12:20:00,772.69,772.73,772.87,772.54,0.0,0.0,218997.0,169214178.173,0.0064709841072718615,772.68
US.SPY,SPDR S&P 500 ETF,2026-09-03 12:25:00,772.75,772.51,772.81,772.485,0.0,0.0,242133.0,187077929.987,-0.02847048775122323,772.73
US.SPY,SPDR S&P 500 ETF,2026-09-03 12:30:00,772.51,772.435,772.51,772.21,0.0,0.0,209586.0,161876550.868,-0.009708612186255901,772.51
US.SPY,SPDR S&P 500 ETF,2026-09-03 12:35:00,772.45,772.46,772.61,772.3,0.0,0.0,324494.0,249719412.121,0.0032365182831035556,772.435
US.SPY,SPDR S&P 500 ETF,2026-09-03 12:40:00,772.46,772.96,773.06,772.37,0.0,0.0,238626.0,184377516.102,0.06472827071951945,772.46
US.SPY,SPDR S&P 500 ETF,2026-09-03 12:45:00,772.97,773.14,773.2,772.92,0.0,0.0,194860.0,150642084.935,0.023287104119223502,772.96
US.SPY,SPDR S&P 500 ETF,2026-09-03 12:50:00,773.13,773.09,773.23,773.015,0.0,0.0,216073.0,167046130.599,-0.00646713402487965,773.14
US.SPY,SPDR S&P 500 ETF,2026-09-03 12:55:00,773.11,772.84,773.13,772.73,0.0,0.0,174752.0,135067046.968,-0.032337761450801326,773.09
US.SPY,SPDR S&P 500 ETF,2026-09-03 13:00:00,772.83,772.88,773.01,772.74,0.0,0.0,162093.0,125279040.631,0.005175715542669067,772.84
US.SPY,SPDR S&P 500 ETF,2026-09-03 13:05:00,772.9,772.8,773.0,772.66,0.0,0.0,136272.0,105308188.999,-0.010350895352453282,772.88
US.SPY,SPDR S&P 500 ETF,2026-09-03 13:10:00,772.81,772.43,772.89,772.42,0.0,0.0,216346.0,167153813.333,-0.04787784679089086,772.8
US.SPY,SPDR S&P 500 ETF,2026-09-03 13:15:00,772.42,772.435,772.51,772.33,0.0,0.0,180851.0,139696875.53,0.0006473078466651286,772.43
US.SPY,SPDR S&P 500 ETF,2026-09-03 13:20:00,772.44,772.335,772.57,772.33,0.0,0.0,152272.0,117627468.457,-0.012946073132355353,772.435
US.SPY,SPDR S&P 500 ETF,2026-09-03 13:25:00,772.33,772.275,772.33,772.12,0.0,0.0,149504.0,115453933.058,-0.0077686496144884175,772.335
US.SPY,SPDR S&P 500 ETF,2026-09-03 13:30:00,772.28,772.6687,772.68,772.26,0.0,0.0,159913.0,123532262.413,0.05097924961962605,772.275
US.SPY,SPDR S&P 500 ETF,2026-09-03 13:35:00,772.65,772.86,772.94,772.6475,0.0,0.0,164065.0,126789240.373,0.024758347270967405,772.6687
US.SPY,SPDR S&P 500 ETF,2026-09-03 13:40:00,772.84,773.01,773.14,772.83,0.0,0.0,307229.0,236480610.671,0.0194084310224332,772.86
US.SPY,SPDR S&P 500 ETF,2026-09-03 13:45:00,773.04,773.06,773.19,773.01,0.0,0.0,159120.0,123014819.734,0.00646822162713995,773.01
US.SPY,SPDR S&P 500 ETF,2026-09-03 13:50:00,773.06,773.005,773.19,772.87,0.0,0.0,190789.0,147484585.493,-0.0071145836028186655,773.06
US.SPY,SPDR S&P 500 ETF,2026-09-03 13:55:00,772.995,773.43,773.49,772.93,0.0,0.0,282780.0,218677094.597,0.0549802394551076,773.005
US.SPY,SPDR S&P 500 ETF,2026-09-03 14:00:00,773.41,773.275,773.49,773.22,0.0,0.0,167526.0,129562071.693,-0.020040598373475653,773.43
US.SPY,SPDR S&P 500 ETF,2026-09-03 14:05:00,773.26,773.77,773.94,773.26,0.0,0.0,372674.0,288333252.029,0.06401344929035654,773.275
US.SPY,SPDR S&P 500 ETF,2026-09-03 14:10:00,773.76,773.795,773.91,773.66,0.0,0.0,386361.0,298952141.306,0.003230934256946801,773.77
US.SPY,SPDR S&P 500 ETF,2026-09-03 14:15:00,773.795,773.815,773.92,773.72,0.0,0.0,187201.0,144861463.611,0.0025846638967808658,773.795
US.SPY,SPDR S&P 500 ETF,2026-09-03 14:20:00,773.83,773.72,774.03,773.6595,0.0,0.0,390724.0,301205998.196,-0.012276836194701225,773.815
US.SPY,SPDR S&P 500 ETF,2026-09-03 14:25:00,773.73,773.75,773.82,773.56,0.0,0.0,208900.0,161626357.273,0.003877371658994561,773.72
US.SPY,SPDR S&P 500 ETF,2026-09-03 14:30:00,773.75,773.73,773.86,773.64,0.0,0.0,163130.0,126219581.529,-0.00258481421647584,773.75
US.SPY,SPDR S&P 500 ETF,2026-09-03 14:35:00,773.759,773.86,773.88,773.55,0.0,0.0,200446.0,155088914.266,0.01680172670052802,773.73
US.SPY,SPDR S&P 500 ETF,2026-09-03 14:40:00,773.8599,773.82,773.9,773.76,0.0,0.0,241839.0,187143140.147,-0.005168893598320577,773.86
US.SPY,SPDR S&P 500 ETF,2026-09-03 14:45:00,773.82,773.6,773.82,773.5097,0.0,0.0,217166.0,168007728.923,-0.02843038432710802,773.82
US.SPY,SPDR S&P 500 ETF,2026-09-03 14:50:00,773.5999,773.755,773.8,773.59,0.0,0.0,225785.0,174688612.92,0.02003619441571519,773.6
US.SPY,SPDR S&P 500 ETF,2026-09-03 14:55:00,773.77,773.62,773.85,773.55,0.0,0.0,274978.0,212739698.608,-0.01744738321561617,773.755
US.SPY,SPDR S&P 500 ETF,2026-09-03 15:00:00,773.62,773.67,773.67,773.4,0.0,0.0,332039.0,256833161.488,0.006463121429119533,773.62
US.SPY,SPDR S&P 500 ETF,2026-09-03 15:05:00,773.665,773.56,773.705,773.44,0.0,0.0,569193.0,438161111.446,-0.014217948220819426,773.67
US.SPY,SPDR S&P 500 ETF,2026-09-03 15:10:00,773.59,773.56,773.69,773.479,0.0,0.0,383744.0,295785341.092,0.0,773.56
US.SPY,SPDR S&P 500 ETF,2026-09-03 15:15:00,773.58,773.38,773.63,773.3104,0.0,0.0,246621.0,190764261.368,-0.02326904183255985,773.56
US.SPY,SPDR S&P 500 ETF,2026-09-03 15:20:00,773.375,773.6,773.6,773.3,0.0,0.0,334136.0,258428580.578,0.028446559259358566,773.38
US.SPY,SPDR S&P 500 ETF,2026-09-03 15:25:00,773.6,773.18,773.6,773.13,0.0,0.0,793528.0,612642690.291,-0.05429162357808593,773.6
US.SPY,SPDR S&P 500 ETF,2026-09-03 15:30:00,773.185,773.41,773.42,773.14,0.0,0.0,446760.0,345478110.785,0.029747277477433227,773.18
US.SPY,SPDR S&P 500 ETF,2026-09-03 15:35:00,773.415,773.31,773.535,773.27,0.0,0.0,765287.0,590844599.923,-0.012929752653834673,773.41
US.SPY,SPDR S&P 500 ETF,2026-09-03 15:40:00,773.305,773.439,773.55,773.3,0.0,0.0,424362.0,328215240.137,0.016681537805022448,773.31
US.SPY,SPDR S&P 500 ETF,2026-09-03 15:45:00,773.45,773.23,773.53,773.205,0.0,0.0,772890.0,596662621.899,-0.027022169815582916,773.439
US.SPY,SPDR S&P 500 ETF,2026-09-03 15:50:00,773.22,773.24,773.42,773.14,0.0,0.0,793723.0,612739563.231,0.0012932762567400263,773.23
US.SPY,SPDR S&P 500 ETF,2026-09-03 15:55:00,773.26,773.23,773.37,773.08,0.0,0.0,942878.0,726992784.773,-0.0012932595313215696,773.24
US.SPY,SPDR S&P 500 ETF,2026-09-03 16:00:00,773.24,773.17,773.25,772.69,0.0,0.0,4855640.0,3747287169.831,-0.00775965754045486,773.23
US.SPY,SPDR S&P 500 ETF,2026-09-04 09:35:00,772.01,772.71,772.83,771.87,0.0,0.0,884909.0,683483179.367,-0.05949532444351471,773.17
US.SPY,SPDR S&P 500 ETF,2026-09-04 09:40:00,772.71,772.465,772.87,772.2505,0.0,0.0,461087.0,356205221.884,-0.03170659108850727,772.71
US.SPY,SPDR S&P 500 ETF,2026-09-04 09:45:00,772.47,772.1699,772.49,771.84,0.0,0.0,744349.0,574792671.458,-0.03820237810127937,772.465
US.SPY,SPDR S&P 500 ETF,2026-09-04 09:50:00,772.165,772.515,772.62,771.81,0.0,0.0,488906.0,377570675.54,0.04469223677328036,772.1699
US.SPY,SPDR S&P 500 ETF,2026-09-04 09:55:00,772.51,772.385,772.51,771.97,0.0,0.0,425737.0,328781792.751,-0.016828152204163734,772.515
US.SPY,SPDR S&P 500 ETF,2026-09-04 10:00:00,772.385,772.31,772.5785,772.12,0.0,0.0,434783.0,335812230.31,-0.009710183393002903,772.385
US.SPY,SPDR S&P 500 ETF,2026-09-04 10:05:00,772.32,771.99,772.36,771.82,0.0,0.0,495017.0,382200449.62,-0.04143413914101026,772.31
US.SPY,SPDR S&P 500 ETF,2026-09-04 10:10:00,772.02,771.525,772.15,771.525,0.0,0.0,302220.0,233261371.143,-0.06023394085416027,771.99
US.SPY,SPDR S&P 500 ETF,2026-09-04 10:15:00,771.53,771.63,771.6599,770.84,0.0,0.0,553010.0,426494623.805,0.013609409934871612,771.525
US.SPY,SPDR S&P 500 ETF,2026-09-04 10:20:00,771.63,770.965,771.6893,770.94,0.0,0.0,346975.0,267627133.732,-0.08618120083459219,771.63
US.SPY,SPDR S&P 500 ETF,2026-09-04 10:25:00,770.965,771.08,771.24,770.85,0.0,0.0,347611.0,268024728.962,0.014916371041488147,770.965
US.SPY,SPDR S&P 500 ETF,2026-09-04 10:30:00,771.08,771.21,771.26,770.76,0.0,0.0,209741.0,161712331.312,0.016859469834517228,771.08
US.SPY,SPDR S&P 500 ETF,2026-09-04 10:35:00,771.205,770.8,771.29,770.73,0.0,0.0,247197.0,190582908.887,-0.05316321105795851,771.21
US.SPY,SPDR S&P 500 ETF,2026-09-04 10:40:00,770.825,771.13,771.162,770.77,0.0,0.0,176812.0,136317176.815,0.0428126621691802,770.8
US.SPY,SPDR S&P 500 ETF,2026-09-04 10:45:00,771.13,770.3,771.13,770.27,0.0,0.0,265470.0,204574935.969,-0.10763425103420188,771.13
US.SPY,SPDR S&P 500 ETF,2026-09-04 10:50:00,770.31,769.78,770.49,769.75,0.0,0.0,355120.0,273488400.875,-0.0675061664286618,770.3
US.SPY,SPDR S&P 500 ETF,2026-09-04 10:55:00,769.7799,769.59,770.1596,769.5476,0.0,0.0,326752.0,251566046.248,-0.024682376782969275,769.78
US.SPY,SPDR S&P 500 ETF,2026-09-04 11:00:00,769.59,769.45,769.765,769.3,0.0,0.0,447533.0,344860521.085,-0.018191504567365267,769.59
US.SPY,SPDR S&P 500 ETF,2026-09-04 11:05:00,769.47,769.49,769.63,769.05,0.0,0.0,359880.0,276877933.354,0.005198518422244931,769.45
US.SPY,SPDR S&P 500 ETF,2026-09-04 11:10:00,769.5,769.6999,769.76,769.36,0.0,0.0,330632.0,254449207.635,0.027277807378906525,769.49
US.SPY,SPDR S&P 500 ETF,2026-09-04 11:15:00,769.695,769.94,769.94,769.42,0.0,0.0,338143.0,260260695.786,0.031193975730034223,769.6999
US.SPY,SPDR S&P 500 ETF,2026-09-04 11:20:00,769.95,769.36,769.99,769.26,0.0,0.0,498067.0,384245592.194,-0.07533054523729653,769.94
US.SPY,SPDR S&P 500 ETF,2026-09-04 11:25:00,769.34,769.3,769.45,769.11,0.0,0.0,482429.0,372128748.139,-0.007798689820117905,769.36
US.SPY,SPDR S&P 500 ETF,2026-09-04 11:30:00,769.31,769.43,769.4993,769.145,0.0,0.0,306056.0,235947155.581,0.016898479136877094,769.3
US.SPY,SPDR S&P 500 ETF,2026-09-04 11:35:00,769.48,769.24,769.49,769.0,0.0,0.0,250607.0,192754062.913,-0.02469360435646399,769.43
US.SPY,SPDR S&P 500 ETF,2026-09-04 11:40:00,769.24,769.54,769.55,769.21,0.0,0.0,207381.0,159556137.776,0.038999532005610016,769.24
US.SPY,SPDR S&P 500 ETF,2026-09-04 11:45:00,769.54,769.9975,770.05,769.49,0.0,0.0,211444.0,162780684.348,0.05945110065753331,769.54
US.SPY,SPDR S&P 500 ETF,2026-09-04 11:50:00,769.99,769.81,770.06,769.62,0.0,0.0,205910.0,158514586.228,-0.024350728411455882,769.9975
US.SPY,SPDR S&P 500 ETF,2026-09-04 11:55:00,769.82,769.91,769.98,769.71,0.0,0.0,228802.0,176142985.831,0.01299021836557368,769.81
US.SPY,SPDR S&P 500 ETF,2026-09-04 12:00:00,769.91,769.9575,770.04,769.665,0.0,0.0,156008.0,120113726.031,0.006169552285333824,769.91
US.SPY,SPDR S&P 500 ETF,2026-09-04 12:05:00,769.955,770.09,770.13,769.83,0.0,0.0,184117.0,141764980.357,0.017208742040963305,769.9575
US.SPY,SPDR S&P 500 ETF,2026-09-04 12:10:00,770.095,770.355,770.43,769.91,0.0,0.0,209337.0,161237296.968,0.034411562284925964,770.09
US.SPY,SPDR S&P 500 ETF,2026-09-04 12:15:00,770.34,770.73,770.74,770.28,0.0,0.0,186050.0,143356134.625,0.04867885585217205,770.355
US.SPY,SPDR S&P 500 ETF,2026-09-04 12:20:00,770.725,770.85,770.88,770.56,0.0,0.0,313211.0,241712247.225,0.015569654742906665,770.73
US.SPY,SPDR S&P 500 ETF,2026-09-04 12:25:00,770.86,770.89,771.15,770.765,0.0,0.0,275978.0,212764604.472,0.005189076992925163,770.85
US.SPY,SPDR S&P 500 ETF,2026-09-04 12:30:00,770.88,770.66,770.88,770.61,0.0,0.0,142972.0,110193742.187,-0.029835644514783977,770.89
US.SPY,SPDR S&P 500 ETF,2026-09-04 12:35:00,770.66,770.925,770.925,770.5551,0.0,0.0,215990.0,166471766.802,0.03438611060649137,770.66
US.SPY,SPDR S&P 500 ETF,2026-09-04 12:40:00,770.92,770.7895,770.92,770.68,0.0,0.0,129841.0,100081986.956,-0.01757628822518132,770.925
US.SPY,SPDR S&P 500 ETF,2026-09-04 12:45:00,770.78,770.94,770.98,770.71,0.0,0.0,146229.0,112720946.938,0.01952543463553657,770.7895
US.SPY,SPDR S&P 500 ETF,2026-09-04 12:50:00,770.95,771.22,771.24,770.89,0.0,0.0,190102.0,146584440.67,0.036319298518687926,770.94
US.SPY,SPDR S&P 500 ETF,2026-09-04 12:55:00,771.22,771.1,771.32,771.08,0.0,0.0,166917.0,128728363.292,-0.015559762454293786,771.22
US.SPY,SPDR S&P 500 ETF,2026-09-04 13:00:00,771.08,770.89,771.1601,770.88,0.0,0.0,148869.0,114784788.269,-0.02723382181299914,771.1
US.SPY,SPDR S&P 500 ETF,2026-09-04 13:05:00,770.9,770.46,770.97,770.37,0.0,0.0,195575.0,150713234.581,-0.055779683223280876,770.89
US.SPY,SPDR S&P 500 ETF,2026-09-04 13:10:00,770.45,770.35,770.67,770.34,0.0,0.0,203420.0,156737112.199,-0.014277185058278645,770.46
US.SPY,SPDR S&P 500 ETF,2026-09-04 13:15:00,770.355,770.35,770.5,770.31,0.0,0.0,159816.0,123123043.725,0.0,770.35
US.SPY,SPDR S&P 500 ETF,2026-09-04 13:20:00,770.3699,770.28,770.48,770.22,0.0,0.0,161821.0,124657617.03,-0.009086778736944249,770.35
US.SPY,SPDR S&P 500 ETF,2026-09-04 13:25:00,770.27,770.08,770.37,770.08,0.0,0.0,155155.0,119502223.244,-0.025964584306996392,770.28
US.SPY,SPDR S&P 500 ETF,2026-09-04 13:30:00,770.1,769.852,770.22,769.8,0.0,0.0,163485.0,125885232.288,-0.029607313525875943,770.08
US.SPY,SPDR S&P 500 ETF,2026-09-04 13:35:00,769.85,769.65,769.87,769.47,0.0,0.0,232705.0,179098272.87,-0.026238809537417345,769.852
US.SPY,SPDR S&P 500 ETF,2026-09-04 13:40:00,769.645,769.69,769.755,769.53,0.0,0.0,183719.0,141399830.908,0.005197167543698734,769.65
US.SPY,SPDR S&P 500 ETF,2026-09-04 13:45:00,769.6899,769.32,769.7,769.29,0.0,0.0,223407.0,171901548.561,-0.048071301433045055,769.69
US.SPY,SPDR S&P 500 ETF,2026-09-04 13:50:00,769.32,769.385,769.52,769.13,0.0,0.0,247059.0,190069153.596,0.008449019913682326,769.32
US.SPY,SPDR S&P 500 ETF,2026-09-04 13:55:00,769.385,769.39,769.52,769.28,0.0,0.0,462624.0,356909932.444,0.0006498697011243335,769.385
US.SPY,SPDR S&P 500 ETF,2026-09-04 14:00:00,769.39,769.459,769.54,769.298054,0.0,0.0,240044.0,184689472.973,0.008968143594270783,769.39
US.SPY,SPDR S&P 500 ETF,2026-09-04 14:05:00,769.44,769.32,769.61,769.23,0.0,0.0,259718.0,199817259.995,-0.018064640221232883,769.459
US.SPY,SPDR S&P 500 ETF,2026-09-04 14:10:00,769.34,769.58,769.6,769.2101,0.0,0.0,199643.0,153598936.583,0.033796079654758865,769.32
US.SPY,SPDR S&P 500 ETF,2026-09-04 14:15:00,769.59,769.66,769.74,769.53,0.0,0.0,216174.0,166375229.078,0.010395280542624188,769.58
US.SPY,SPDR S&P 500 ETF,2026-09-04 14:20:00,769.66,769.79,769.83,769.56,0.0,0.0,130001.0,100063133.708,0.016890575059116425,769.66
US.SPY,SPDR S&P 500 ETF,2026-09-04 14:25:00,769.79,769.91,769.99,769.73,0.0,0.0,178118.0,137128883.372,0.015588667039063194,769.79
US.SPY,SPDR S&P 500 ETF,2026-09-04 14:30:00,769.89,769.88,769.9742,769.7505,0.0,0.0,149779.0,115310482.267,-0.00389655933810091,769.91
US.SPY,SPDR S&P 500 ETF,2026-09-04 14:35:00,769.89,770.0,770.03,769.84,0.0,0.0,423598.0,326973143.634,0.0155868447030712,769.88
US.SPY,SPDR S&P 500 ETF,2026-09-04 14:40:00,770.0,769.89,770.02,769.79,0.0,0.0,133024.0,102412482.182,-0.014285714285716056,770.0
US.SPY,SPDR S&P 500 ETF,2026-09-04 14:45:00,769.88,770.15,770.19,769.7831,0.0,0.0,204799.0,157694117.764,0.03377105820311875,769.89
US.SPY,SPDR S&P 500 ETF,2026-09-04 14:50:00,770.16,770.225,770.24,770.08,0.0,0.0,140036.0,107853270.726,0.009738362656631238,770.15
US.SPY,SPDR S&P 500 ETF,2026-09-04 14:55:00,770.23,770.22,770.3,770.15,0.0,0.0,184373.0,142010919.344,-0.0006491609594593077,770.225
US.SPY,SPDR S&P 500 ETF,2026-09-04 15:00:00,770.21,770.25,770.37,770.15,0.0,0.0,193208.0,148821788.562,0.0038949910415170615,770.22
US.SPY,SPDR S&P 500 ETF,2026-09-04 15:05:00,770.26,769.715,770.38,769.67,0.0,0.0,385979.0,297232150.527,-0.06945796819214127,770.25
US.SPY,SPDR S&P 500 ETF,2026-09-04 15:10:00,769.72,769.685,769.815,769.63,0.0,0.0,628252.0,483645856.101,-0.0038975464944929488,769.715
US.SPY,SPDR S&P 500 ETF,2026-09-04 15:15:00,769.69,769.62,769.83,769.59,0.0,0.0,261113.0,200977497.447,-0.008445013219686092,769.685
US.SPY,SPDR S&P 500 ETF,2026-09-04 15:20:00,769.62,769.65,769.76,769.59,0.0,0.0,385657.0,297270884.487,0.003898027598031849,769.62
US.SPY,SPDR S&P 500 ETF,2026-09-04 15:25:00,769.66,769.76,769.84,769.62,0.0,0.0,367230.0,282668196.503,0.014292210745145669,769.65
US.SPY,SPDR S&P 500 ETF,2026-09-04 15:30:00,769.77,770.01,770.07,769.77,0.0,0.0,417104.0,321556541.412,0.032477655373103306,769.76
US.SPY,SPDR S&P 500 ETF,2026-09-04 15:35:00,770.0,769.985,770.07,769.85,0.0,0.0,309063.0,237965875.712,-0.003246711081671311,770.01
US.SPY,SPDR S&P 500 ETF,2026-09-04 15:40:00,769.98,769.73,770.0,769.63,0.0,0.0,589102.0,453926902.031,-0.03311752826353701,769.985
US.SPY,SPDR S&P 500 ETF,2026-09-04 15:45:00,769.73,769.9,769.95,769.66,0.0,0.0,557571.0,429247708.013,0.022085666402499458,769.73
US.SPY,SPDR S&P 500 ETF,2026-09-04 15:50:00,769.89,770.11,770.2,769.87,0.0,0.0,620029.0,477455873.064,0.02727626964541322,769.9
US.SPY,SPDR S&P 500 ETF,2026-09-04 15:55:00,770.12,770.395,770.42,770.04,0.0,0.0,809062.0,623209811.912,0.03700770019866879,770.11
US.SPY,SPDR S&P 500 ETF,2026-09-04 16:00:00,770.4,770.19,770.48,769.8,0.0,0.0,3679850.0,2835851503.63,-0.026609726179417995,770.395
