code,name,time_key,open,close,high,low,pe_ratio,turnover_rate,volume,turnover,change_rate,last_close
US.SMCI,Super Micro Computer,2026-08-25 19:10:00,38.7,38.7087,38.71,38.66,0.0,0.0,21487.0,831139.925,0.022480620155032265,38.7
US.SMCI,Super Micro Computer,2026-08-25 19:15:00,38.7087,38.65,38.7087,38.65,0.0,0.0,2758.0,106614.874,-0.151645495715438,38.7087
US.SMCI,Super Micro Computer,2026-08-25 19:20:00,38.65,38.7089,38.7269,38.65,0.0,0.0,14292.0,553165.275,0.15239327296248717,38.65
US.SMCI,Super Micro Computer,2026-08-25 19:25:00,38.7089,38.65,38.72,38.65,0.0,0.0,4569.0,176718.546,-0.15216138924123726,38.7089
US.SMCI,Super Micro Computer,2026-08-25 19:30:00,38.65,38.64,38.72,38.6267,0.0,0.0,5973.0,230975.406,-0.02587322121603625,38.65
US.SMCI,Super Micro Computer,2026-08-25 19:35:00,38.63,38.674,38.68,38.62,0.0,0.0,5423.0,209535.631,0.08799171842649824,38.64
US.SMCI,Super Micro Computer,2026-08-25 19:40:00,38.65,38.64,38.6654,38.63,0.0,0.0,2674.0,103344.868,-0.08791436106944955,38.674
US.SMCI,Super Micro Computer,2026-08-25 19:45:00,38.64,38.632,38.68,38.62,0.0,0.0,1683.0,65026.474,-0.020703933747418923,38.64
US.SMCI,Super Micro Computer,2026-08-25 19:50:00,38.62,38.5746,38.6472,38.5746,0.0,0.0,6765.0,261178.145,-0.14858148685028275,38.632
US.SMCI,Super Micro Computer,2026-08-25 19:55:00,38.5746,38.6,38.6,38.5095,0.0,0.0,6859.0,264560.596,0.06584643781142191,38.5746
US.SMCI,Super Micro Computer,2026-08-25 20:00:00,38.596,38.5762,38.61,38.5,0.0,0.0,20572.0,792768.899,-0.06165803108808646,38.6
US.SMCI,Super Micro Computer,2026-08-26 04:05:00,38.46,38.44,38.58,38.44,0.0,0.0,91652.0,3532069.571,-0.3530674353617057,38.5762
US.SMCI,Super Micro Computer,2026-08-26 04:10:00,38.44,38.49,38.54,38.44,0.0,0.0,1770.0,68272.766,0.130072840790854,38.44
US.SMCI,Super Micro Computer,2026-08-26 04:15:00,38.49,38.46,38.52,38.46,0.0,0.0,6717.0,258545.081,-0.07794232268121885,38.49
US.SMCI,Super Micro Computer,2026-08-26 04:20:00,38.46,38.4,38.47,38.4,0.0,0.0,2266.0,87108.288,-0.1560062402496159,38.46
US.SMCI,Super Micro Computer,2026-08-26 04:25:00,38.385,38.362,38.41,38.362,0.0,0.0,5317.0,204153.37,-0.09895833333332475,38.4
US.SMCI,Super Micro Computer,2026-08-26 04:30:00,38.362,38.45,38.45,38.35,0.0,0.0,2107.0,80947.853,0.2293936708200849,38.362
US.SMCI,Super Micro Computer,2026-08-26 04:35:00,38.45,38.55,38.55,38.45,0.0,0.0,5099.0,196335.813,0.2600780234070073,38.45
US.SMCI,Super Micro Computer,2026-08-26 04:40:00,38.55,38.56,38.57,38.53,0.0,0.0,2145.0,82695.652,0.02594033722439719,38.55
US.SMCI,Super Micro Computer,2026-08-26 04:45:00,38.56,38.56,38.56,38.56,0.0,0.0,796.0,30680.988,0.0,38.56
US.SMCI,Super Micro Computer,2026-08-26 04:50:00,38.56,38.5,38.56,38.5,0.0,0.0,1680.0,64752.089,-0.15560165975104323,38.56
US.SMCI,Super Micro Computer,2026-08-26 04:55:00,38.4528,38.45,38.46,38.45,0.0,0.0,903.0,34736.71,-0.1298701298701225,38.5
US.SMCI,Super Micro Computer,2026-08-26 05:00:00,38.45,38.43,38.45,38.41,0.0,0.0,3095.0,118947.794,-0.05201560468141255,38.45
US.SMCI,Super Micro Computer,2026-08-26 05:05:00,38.43,38.43,38.43,38.43,0.0,0.0,910.0,34976.05,0.0,38.43
US.SMCI,Super Micro Computer,2026-08-26 05:10:00,38.5,38.5,38.5,38.5,0.0,0.0,1172.0,45111.25,0.18214936247723207,38.43
US.SMCI,Super Micro Computer,2026-08-26 05:15:00,38.5,38.41,38.5,38.4,0.0,0.0,736.0,28264.57,-0.23376623376624261,38.5
US.SMCI,Super Micro Computer,2026-08-26 05:20:00,38.41,38.4,38.41,38.4,0.0,0.0,1123.0,43129.797,-0.026034886748237465,38.41
US.SMCI,Super Micro Computer,2026-08-26 05:25:00,38.4,38.39,38.4,38.39,0.0,0.0,652.0,25061.104,-0.026041666666661488,38.4
US.SMCI,Super Micro Computer,2026-08-26 05:30:00,38.39,38.36,38.39,38.34,0.0,0.0,2220.0,85151.693,-0.07814535035165704,38.39
US.SMCI,Super Micro Computer,2026-08-26 05:35:00,38.36,38.36,38.36,38.36,0.0,0.0,1227.0,47072.221,0.0,38.36
US.SMCI,Super Micro Computer,2026-08-26 05:40:00,38.36,38.36,38.36,38.36,0.0,0.0,1523.0,58433.363,0.0,38.36
US.SMCI,Super Micro Computer,2026-08-26 05:45:00,38.36,38.36,38.36,38.36,0.0,0.0,85.0,3262.87,0.0,38.36
US.SMCI,Super Micro Computer,2026-08-26 05:50:00,38.36,38.41,38.41,38.36,0.0,0.0,1123.0,43139.124,0.13034410844629082,38.36
US.SMCI,Super Micro Computer,2026-08-26 05:55:00,38.41,38.41,38.41,38.4,0.0,0.0,1117.0,42902.584,0.0,38.41
US.SMCI,Super Micro Computer,2026-08-26 06:00:00,38.41,38.51,38.51,38.41,0.0,0.0,2002.0,77081.149,0.26034886748243014,38.41
US.SMCI,Super Micro Computer,2026-08-26 06:05:00,38.51,38.49,38.51,38.43,0.0,0.0,2098.0,80717.541,-0.051934562451301014,38.51
US.SMCI,Super Micro Computer,2026-08-26 06:10:00,38.49,38.39,38.49,38.39,0.0,0.0,1220.0,46867.205,-0.25980774227072334,38.49
US.SMCI,Super Micro Computer,2026-08-26 06:15:00,38.4,38.42,38.42,38.4,0.0,0.0,1031.0,39607.519,0.07814535035165704,38.39
US.SMCI,Super Micro Computer,2026-08-26 06:20:00,38.42,38.4,38.4203,38.4,0.0,0.0,2972.0,114155.38,-0.05205622071838398,38.42
US.SMCI,Super Micro Computer,2026-08-26 06:25:00,38.4,38.45,38.45,38.38,0.0,0.0,52815.0,2027131.646,0.13020833333334444,38.4
US.SMCI,Super Micro Computer,2026-08-26 06:30:00,38.45,38.41,38.45,38.36,0.0,0.0,1864.0,71582.448,-0.1040312093628251,38.45
US.SMCI,Super Micro Computer,2026-08-26 06:35:00,38.4,38.4,38.4,38.4,0.0,0.0,293.0,11252.68,-0.026034886748237465,38.41
US.SMCI,Super Micro Computer,2026-08-26 06:40:00,38.4,38.52,38.52,38.4,0.0,0.0,3781.0,145510.26,0.3125000000000119,38.4
US.SMCI,Super Micro Computer,2026-08-26 06:45:00,38.52,38.5,38.53,38.5,0.0,0.0,2315.0,89151.86,-0.05192107995847124,38.52
US.SMCI,Super Micro Computer,2026-08-26 06:50:00,38.5,38.54,38.54,38.5,0.0,0.0,785.0,30264.2,0.10389610389610168,38.5
US.SMCI,Super Micro Computer,2026-08-26 06:55:00,38.54,38.54,38.54,38.5,0.0,0.0,3783.0,145672.114,0.0,38.54
US.SMCI,Super Micro Computer,2026-08-26 07:00:00,38.54,38.5,38.54,38.48,0.0,0.0,12144.0,467799.182,-0.10378827192527022,38.54
US.SMCI,Super Micro Computer,2026-08-26 07:05:00,38.5,38.58,38.6742,38.5,0.0,0.0,23148.0,892859.901,0.20779220779220337,38.5
US.SMCI,Super Micro Computer,2026-08-26 07:10:00,38.58,38.5124,38.63,38.5008,0.0,0.0,12086.0,466251.509,-0.17522032141005384,38.58
US.SMCI,Super Micro Computer,2026-08-26 07:15:00,38.5124,38.5159,38.55,38.5077,0.0,0.0,11588.0,446431.299,0.009087982052540224,38.5124
US.SMCI,Super Micro Computer,2026-08-26 07:20:00,38.5159,38.57,38.57,38.47,0.0,0.0,9359.0,360461.835,0.1404614717558158,38.5159
US.SMCI,Super Micro Computer,2026-08-26 07:25:00,38.57,38.55,38.58,38.53,0.0,0.0,12480.0,481197.333,-0.05185377236194744,38.57
US.SMCI,Super Micro Computer,2026-08-26 07:30:00,38.55,38.45,38.56,38.45,0.0,0.0,19034.0,732376.834,-0.2594033722438245,38.55
US.SMCI,Super Micro Computer,2026-08-26 07:35:00,38.45,38.4093,38.49,38.3996,0.0,0.0,27351.0,1050744.897,-0.10585175552666078,38.45
US.SMCI,Super Micro Computer,2026-08-26 07:40:00,38.4093,38.22,38.4093,38.16,0.0,0.0,15333.0,587016.127,-0.49284938803884193,38.4093
US.SMCI,Super Micro Computer,2026-08-26 07:45:00,38.22,38.25,38.26,38.16,0.0,0.0,22609.0,863782.364,0.07849293563579575,38.22
US.SMCI,Super Micro Computer,2026-08-26 07:50:00,38.25,38.17,38.27,38.17,0.0,0.0,10240.0,391419.789,-0.2091503267973812,38.25
US.SMCI,Super Micro Computer,2026-08-26 07:55:00,38.1942,38.2,38.2998,38.18,0.0,0.0,39363.0,1505250.134,0.07859575582918821,38.17
US.SMCI,Super Micro Computer,2026-08-26 08:00:00,38.2,38.17,38.23,38.17,0.0,0.0,15216.0,581278.435,-0.07853403141361553,38.2
US.SMCI,Super Micro Computer,2026-08-26 08:05:00,38.17,38.2,38.23,38.17,0.0,0.0,14197.0,542358.105,0.07859575582918821,38.17
US.SMCI,Super Micro Computer,2026-08-26 08:10:00,38.2,38.2,38.2492,38.16,0.0,0.0,29908.0,1142590.269,0.0,38.2
US.SMCI,Super Micro Computer,2026-08-26 08:15:00,38.2,38.1325,38.24,38.11,0.0,0.0,5237.0,199866.71,-0.17670157068063497,38.2
US.SMCI,Super Micro Computer,2026-08-26 08:20:00,38.1325,37.9678,38.148,37.9577,0.0,0.0,56399.0,2143906.943,-0.4319150331082499,38.1325
US.SMCI,Super Micro Computer,2026-08-26 08:25:00,37.9678,38.17,38.17,37.96,0.0,0.0,32710.0,1244649.672,0.532556534747878,37.9678
US.SMCI,Super Micro Computer,2026-08-26 08:30:00,38.17,38.12,38.23,38.11,0.0,0.0,17463.0,666734.233,-0.13099292638198654,38.17
US.SMCI,Super Micro Computer,2026-08-26 08:35:00,38.12,37.9315,38.182,37.81,0.0,0.0,39648.0,1503039.329,-0.4944910807974756,38.12
US.SMCI,Super Micro Computer,2026-08-26 08:40:00,37.9315,37.97,38.03,37.87,0.0,0.0,17869.0,678582.632,0.10149875433346715,37.9315
US.SMCI,Super Micro Computer,2026-08-26 08:45:00,37.97,38.05,38.1,37.96,0.0,0.0,10413.0,396054.626,0.21069265209375374,37.97
US.SMCI,Super Micro Computer,2026-08-26 08:50:00,38.05,38.1,38.12,38.0,0.0,0.0,22136.0,842972.198,0.1314060446780664,38.05
US.SMCI,Super Micro Computer,2026-08-26 08:55:00,38.1,37.95,38.1,37.92,0.0,0.0,6659.0,253077.001,-0.39370078740157105,38.1
US.SMCI,Super Micro Computer,2026-08-26 09:00:00,37.95,37.93,37.95,37.9,0.0,0.0,13148.0,498504.851,-0.05270092226614789,37.95
US.SMCI,Super Micro Computer,2026-08-26 09:05:00,37.93,37.9823,37.9872,37.89,0.0,0.0,8737.0,331608.283,0.13788557869760734,37.93
US.SMCI,Super Micro Computer,2026-08-26 09:10:00,37.9823,37.96,38.1,37.951,0.0,0.0,48904.0,1860381.887,-0.0587115577519037,37.9823
US.SMCI,Super Micro Computer,2026-08-26 09:15:00,37.97,38.03,38.11,37.9164,0.0,0.0,42875.0,1628520.829,0.18440463645943173,37.96
US.SMCI,Super Micro Computer,2026-08-26 09:20:00,38.03,38.07,38.18,38.01,0.0,0.0,49037.0,1870340.564,0.10518012095713684,38.03
US.SMCI,Super Micro Computer,2026-08-26 09:25:00,38.07,37.9919,38.07,37.95,0.0,0.0,8457.0,321450.737,-0.20514841082216753,38.07
US.SMCI,Super Micro Computer,2026-08-26 09:30:00,37.9919,38.02,38.2183,37.9,0.0,0.0,47802.0,1818483.048,0.07396313424704216,37.9919
US.SMCI,Super Micro Computer,2026-08-26 09:35:00,38.025,37.96,38.18,37.58,0.0,0.0,1380415.0,52329918.089,-0.1578116780641827,38.02
US.SMCI,Super Micro Computer,2026-08-26 09:40:00,37.985,37.68,37.99,37.63,0.0,0.0,775651.0,29340885.368,-0.7376185458377269,37.96
US.SMCI,Super Micro Computer,2026-08-26 09:45:00,37.665,37.63,37.88,37.5,0.0,0.0,780328.0,29381956.271,-0.13269639065816657,37.68
US.SMCI,Super Micro Computer,2026-08-26 09:50:00,37.64,37.7261,37.9999,37.6,0.0,0.0,644957.0,24403366.822,0.255381344671804,37.63
US.SMCI,Super Micro Computer,2026-08-26 09:55:00,37.725,38.12,38.14,37.7137,0.0,0.0,733567.0,27848599.55,1.044104744460718,37.7261
US.SMCI,Super Micro Computer,2026-08-26 10:00:00,38.11,38.13,38.2,37.98,0.0,0.0,492011.0,18750271.51,0.0262329485834342,38.12
US.SMCI,Super Micro Computer,2026-08-26 10:05:00,38.12,38.0001,38.18,37.93,0.0,0.0,478794.0,18218257.335,-0.3406766325727753,38.13
US.SMCI,Super Micro Computer,2026-08-26 10:10:00,38.005,37.97,38.08,37.96,0.0,0.0,335774.0,12765544.4,-0.07921031786759627,38.0001
US.SMCI,Super Micro Computer,2026-08-26 10:15:00,37.9636,37.865,38.0,37.82,0.0,0.0,363408.0,13772568.686,-0.27653410587304944,37.97
US.SMCI,Super Micro Computer,2026-08-26 10:20:00,37.86,37.75,37.86,37.695,0.0,0.0,421881.0,15932311.059,-0.3037105506404384,37.865
US.SMCI,Super Micro Computer,2026-08-26 10:25:00,37.76,37.655,37.79,37.63,0.0,0.0,338360.0,12761519.695,-0.25165562913906986,37.75
US.SMCI,Super Micro Computer,2026-08-26 10:30:00,37.66,37.875,37.9,37.61,0.0,0.0,389232.0,14681371.337,0.5842517593944997,37.655
US.SMCI,Super Micro Computer,2026-08-26 10:35:00,37.87,37.9164,38.045,37.85,0.0,0.0,460803.0,17494866.702,0.10930693069307719,37.875
US.SMCI,Super Micro Computer,2026-08-26 10:40:00,37.92,37.88,37.99,37.87,0.0,0.0,253978.0,9634409.487,-0.09600067516958474,37.9164
US.SMCI,Super Micro Computer,2026-08-26 10:45:00,37.874,37.785,37.9304,37.7801,0.0,0.0,238357.0,9027746.182,-0.25079197465682673,37.88
US.SMCI,Super Micro Computer,2026-08-26 10:50:00,37.7854,37.7063,37.83,37.689,0.0,0.0,270539.0,10210986.093,-0.2082837104671107,37.785
US.SMCI,Super Micro Computer,2026-08-26 10:55:00,37.705,37.8294,37.89,37.7,0.0,0.0,226356.0,8559326.927,0.32647064283687577,37.7063
US.SMCI,Super Micro Computer,2026-08-26 11:00:00,37.83,37.905,37.92,37.8,0.0,0.0,180033.0,6815533.884,0.1998445653380742,37.8294
US.SMCI,Super Micro Computer,2026-08-26 11:05:00,37.91,37.93,37.99,37.86,0.0,0.0,209548.0,7947237.681,0.0659543595831647,37.905
US.SMCI,Super Micro Computer,2026-08-26 11:10:00,37.94,37.955,37.97,37.88,0.0,0.0,211232.0,8012243.463,0.06591088847877294,37.93
US.SMCI,Super Micro Computer,2026-08-26 11:15:00,37.95,37.98,37.98,37.89,0.0,0.0,176893.0,6709558.748,0.06586747464101853,37.955
US.SMCI,Super Micro Computer,2026-08-26 11:20:00,37.98,37.925,37.98,37.84,0.0,0.0,242838.0,9204314.683,-0.1448130595050019,37.98
US.SMCI,Super Micro Computer,2026-08-26 11:25:00,37.92,37.925,37.96,37.87,0.0,0.0,139830.0,5300590.742,0.0,37.925
US.SMCI,Super Micro Computer,2026-08-26 11:30:00,37.925,38.005,38.02,37.905,0.0,0.0,242311.0,9199864.841,0.21094264996705447,37.925
US.SMCI,Super Micro Computer,2026-08-26 11:35:00,38.005,37.925,38.02,37.89,0.0,0.0,142796.0,5419135.197,-0.21049861860282962,38.005
US.SMCI,Super Micro Computer,2026-08-26 11:40:00,37.925,38.2,38.2157,37.92,0.0,0.0,536378.0,20448073.54,0.7251153592617158,37.925
US.SMCI,Super Micro Computer,2026-08-26 11:45:00,38.1802,38.105,38.27,38.1,0.0,0.0,437542.0,16708493.791,-0.2486910994764554,38.2
US.SMCI,Super Micro Computer,2026-08-26 11:50:00,38.1099,37.985,38.11,37.79,0.0,0.0,398672.0,15119644.426,-0.3149193019288741,38.105
US.SMCI,Super Micro Computer,2026-08-26 11:55:00,37.99,37.7571,38.0,37.75,0.0,0.0,293766.0,11122980.261,-0.5999736738186079,37.985
US.SMCI,Super Micro Computer,2026-08-26 12:00:00,37.7514,37.755,37.8253,37.735,0.0,0.0,172670.0,6522508.694,-0.005561867834125656,37.7571
US.SMCI,Super Micro Computer,2026-08-26 12:05:00,37.755,37.7599,37.8062,37.695,0.0,0.0,215891.0,8150328.076,0.012978413455169481,37.755
US.SMCI,Super Micro Computer,2026-08-26 12:10:00,37.745,37.845,37.875,37.73,0.0,0.0,218386.0,8258998.666,0.2253713595639741,37.7599
US.SMCI,Super Micro Computer,2026-08-26 12:15:00,37.845,37.8,37.855,37.79,0.0,0.0,189268.0,7159357.785,-0.11890606420927917,37.845
US.SMCI,Super Micro Computer,2026-08-26 12:20:00,37.805,37.855,37.8799,37.77,0.0,0.0,132816.0,5023681.732,0.14550264550264477,37.8
US.SMCI,Super Micro Computer,2026-08-26 12:25:00,37.855,37.87,37.95,37.83,0.0,0.0,223888.0,8482579.845,0.03962488442742192,37.855
US.SMCI,Super Micro Computer,2026-08-26 12:30:00,37.8699,37.9101,37.94,37.865,0.0,0.0,130389.0,4942182.372,0.1058885661473527,37.87
US.SMCI,Super Micro Computer,2026-08-26 12:35:00,37.91,37.985,38.0,37.875,0.0,0.0,227459.0,8625595.154,0.1975726785210261,37.9101
US.SMCI,Super Micro Computer,2026-08-26 12:40:00,37.9812,37.915,38.01,37.9105,0.0,0.0,236516.0,8980842.924,-0.18428326971172906,37.985
US.SMCI,Super Micro Computer,2026-08-26 12:45:00,37.91,37.645,37.91,37.64,0.0,0.0,339809.0,12825642.872,-0.7121192140313756,37.915
US.SMCI,Super Micro Computer,2026-08-26 12:50:00,37.64,37.7101,37.7699,37.62,0.0,0.0,420247.0,15848253.33,0.17293133218221263,37.645
US.SMCI,Super Micro Computer,2026-08-26 12:55:00,37.7108,37.69,37.73,37.67,0.0,0.0,100744.0,3797974.182,-0.05330137018994737,37.7101
US.SMCI,Super Micro Computer,2026-08-26 13:00:00,37.6899,37.7,37.775,37.66,0.0,0.0,201303.0,7591968.832,0.02653223666756465,37.69
US.SMCI,Super Micro Computer,2026-08-26 13:05:00,37.705,37.69,37.735,37.6344,0.0,0.0,313545.0,11815584.001,-0.02652519893900561,37.7
US.SMCI,Super Micro Computer,2026-08-26 13:10:00,37.68,37.6899,37.69,37.6223,0.0,0.0,233540.0,8796279.436,-0.0002653223666654663,37.69
US.SMCI,Super Micro Computer,2026-08-26 13:15:00,37.685,37.67,37.685,37.63,0.0,0.0,164651.0,6199750.476,-0.05279929105675474,37.6899
US.SMCI,Super Micro Computer,2026-08-26 13:20:00,37.675,37.755,37.7756,37.668,0.0,0.0,133627.0,5041987.407,0.22564374834085707,37.67
US.SMCI,Super Micro Computer,2026-08-26 13:25:00,37.755,37.83,37.849,37.755,0.0,0.0,122131.0,4618150.615,0.19864918553832797,37.755
US.SMCI,Super Micro Computer,2026-08-26 13:30:00,37.83,37.875,37.875,37.78,0.0,0.0,143544.0,5429327.282,0.11895321173672141,37.83
US.SMCI,Super Micro Computer,2026-08-26 13:35:00,37.87,37.83,37.88,37.795,0.0,0.0,227461.0,8607566.022,-0.11881188118812332,37.875
US.SMCI,Super Micro Computer,2026-08-26 13:40:00,37.83,37.8,37.915,37.8,0.0,0.0,238614.0,9034485.378,-0.07930214115781427,37.83
US.SMCI,Super Micro Computer,2026-08-26 13:45:00,37.81,37.8211,37.85,37.805,0.0,0.0,169056.0,6395112.075,0.05582010582011671,37.8
US.SMCI,Super Micro Computer,2026-08-26 13:50:00,37.82,37.785,37.86,37.785,0.0,0.0,127289.0,4813704.958,-0.09544936556579445,37.8211
US.SMCI,Super Micro Computer,2026-08-26 13:55:00,37.785,37.86,37.888,37.785,0.0,0.0,206893.0,7829779.557,0.19849146486701827,37.785
US.SMCI,Super Micro Computer,2026-08-26 14:00:00,37.855,37.885,37.95,37.85,0.0,0.0,171052.0,6486206.447,0.06603275224510982,37.86
US.SMCI,Super Micro Computer,2026-08-26 14:05:00,37.89,37.97,38.005,37.875,0.0,0.0,195489.0,7420619.078,0.22436320443447502,37.885
US.SMCI,Super Micro Computer,2026-08-26 14:10:00,37.97,37.9409,38.01,37.9251,0.0,0.0,176869.0,6716346.911,-0.07663945219910372,37.97
US.SMCI,Super Micro Computer,2026-08-26 14:15:00,37.94,37.7686,37.96,37.76,0.0,0.0,261415.0,9896917.224,-0.45412734015271095,37.9409
US.SMCI,Super Micro Computer,2026-08-26 14:20:00,37.765,37.725,37.765,37.71,0.0,0.0,163612.0,6174711.406,-0.1154398097890784,37.7686
US.SMCI,Super Micro Computer,2026-08-26 14:25:00,37.73,37.605,37.77,37.545,0.0,0.0,2979170.0,112377758.571,-0.3180914512922585,37.725
US.SMCI,Super Micro Computer,2026-08-26 14:30:00,37.6,37.3707,37.645,37.35,0.0,0.0,430175.0,16140552.379,-0.6230554447546802,37.605
US.SMCI,Super Micro Computer,2026-08-26 14:35:00,37.37,37.295,37.42,37.24,0.0,0.0,860641.0,32111259.596,-0.20256511116997447,37.3707
US.SMCI,Super Micro Computer,2026-08-26 14:40:00,37.295,37.355,37.36,37.28,0.0,0.0,218167.0,8142694.004,0.16087947446037046,37.295
US.SMCI,Super Micro Computer,2026-08-26 14:45:00,37.345,37.405,37.4065,37.34,0.0,0.0,243779.0,9108749.939,0.13385089010843065,37.355
US.SMCI,Super Micro Computer,2026-08-26 14:50:00,37.405,37.63,37.6399,37.4001,0.0,0.0,282160.0,10578252.97,0.6015238604464681,37.405
US.SMCI,Super Micro Computer,2026-08-26 14:55:00,37.64,37.39,37.65,37.39,0.0,0.0,382202.0,14325757.962,-0.6377889981397873,37.63
US.SMCI,Super Micro Computer,2026-08-26 15:00:00,37.39,37.375,37.4598,37.37,0.0,0.0,188030.0,7035770.114,-0.04011767852367095,37.39
US.SMCI,Super Micro Computer,2026-08-26 15:05:00,37.375,37.445,37.519,37.35,0.0,0.0,229563.0,8595238.929,0.18729096989966632,37.375
US.SMCI,Super Micro Computer,2026-08-26 15:10:00,37.445,37.425,37.445,37.2701,0.0,0.0,291620.0,10897485.292,-0.053411670450001676,37.445
US.SMCI,Super Micro Computer,2026-08-26 15:15:00,37.425,37.385,37.4499,37.33,0.0,0.0,209446.0,7834004.677,-0.10688042752170782,37.425
US.SMCI,Super Micro Computer,2026-08-26 15:20:00,37.3801,37.515,37.528,37.375,0.0,0.0,194642.0,7290158.943,0.3477330480139162,37.385
US.SMCI,Super Micro Computer,2026-08-26 15:25:00,37.51,37.455,37.51,37.4001,0.0,0.0,143991.0,5391395.252,-0.15993602558977013,37.515
US.SMCI,Super Micro Computer,2026-08-26 15:30:00,37.4563,37.395,37.52,37.39,0.0,0.0,177445.0,6648813.338,-0.16019223067679927,37.455
US.SMCI,Super Micro Computer,2026-08-26 15:35:00,37.39,37.41,37.46,37.35,0.0,0.0,245025.0,9163233.173,0.040112314480528044,37.395
US.SMCI,Super Micro Computer,2026-08-26 15:40:00,37.415,37.33,37.465,37.32,0.0,0.0,241407.0,9025126.885,-0.2138465650895437,37.41
US.SMCI,Super Micro Computer,2026-08-26 15:45:00,37.335,37.265,37.36,37.25,0.0,0.0,358967.0,13394552.996,-0.17412268952584445,37.33
US.SMCI,Super Micro Computer,2026-08-26 15:50:00,37.26,37.395,37.455,37.24,0.0,0.0,448248.0,16740754.883,0.3488528109486182,37.265
US.SMCI,Super Micro Computer,2026-08-26 15:55:00,37.395,37.24,37.4,37.23,0.0,0.0,587873.0,21930201.215,-0.4144939162989735,37.395
US.SMCI,Super Micro Computer,2026-08-26 16:00:00,37.23,37.39,37.47,37.23,0.0,0.0,2531230.0,94646595.109,0.40279269602577483,37.24
US.SMCI,Super Micro Computer,2026-08-26 16:05:00,37.41,37.35,37.41,37.0,0.0,0.0,1112917.0,41589730.271,-0.1069804760631162,37.39
US.SMCI,Super Micro Computer,2026-08-26 16:10:00,37.35,37.39,37.47,37.3467,0.0,0.0,768728.0,28766466.813,0.10709504685408071,37.35
US.SMCI,Super Micro Computer,2026-08-26 16:15:00,37.39,37.3991,37.41,37.34,0.0,0.0,77425.0,2895595.041,0.024338058304350242,37.39
US.SMCI,Super Micro Computer,2026-08-26 16:20:00,37.3991,37.407,37.48,37.31,0.0,0.0,22538.0,842932.868,0.02112350297199492,37.3991
US.SMCI,Super Micro Computer,2026-08-26 16:25:00,37.407,37.307,37.407,36.69,0.0,0.0,133298.0,4936427.088,-0.2673296441842284,37.407
US.SMCI,Super Micro Computer,2026-08-26 16:30:00,37.307,37.25,37.47,37.23,0.0,0.0,31397.0,1172186.655,-0.15278634036508473,37.307
US.SMCI,Super Micro Computer,2026-08-26 16:35:00,37.25,37.16,37.28,37.01,0.0,0.0,23661.0,879041.113,-0.24161073825504273,37.25
US.SMCI,Super Micro Computer,2026-08-26 16:40:00,37.16,37.3299,37.33,37.05,0.0,0.0,34797.0,1294571.593,0.4572120559741806,37.16
US.SMCI,Super Micro Computer,2026-08-26 16:45:00,37.32,37.395,37.4299,37.32,0.0,0.0,39698.0,1483761.376,0.17439103774722417,37.3299
US.SMCI,Super Micro Computer,2026-08-26 16:50:00,37.395,37.6402,37.71,37.35,0.0,0.0,56640.0,2126397.645,0.655702634041976,37.395
US.SMCI,Super Micro Computer,2026-08-26 16:55:00,37.6876,37.67,37.6893,37.51,0.0,0.0,33395.0,1256227.418,0.07917067390715672,37.6402
US.SMCI,Super Micro Computer,2026-08-26 17:00:00,37.67,37.768,37.768,37.6,0.0,0.0,149065.0,5583091.978,0.26015396867533574,37.67
US.SMCI,Super Micro Computer,2026-08-26 17:05:00,37.768,37.9658,37.97,37.6,0.0,0.0,101084.0,3820316.211,0.5237237873331944,37.768
US.SMCI,Super Micro Computer,2026-08-26 17:10:00,37.9658,38.02,38.08,37.87,0.0,0.0,106156.0,4032793.458,0.14276006300407623,37.9658
US.SMCI,Super Micro Computer,2026-08-26 17:15:00,38.01,38.0863,38.11,37.91,0.0,0.0,90112.0,3426615.85,0.1743819042609107,38.02
US.SMCI,Super Micro Computer,2026-08-26 17:20:00,38.0863,37.9312,38.09,37.87,0.0,0.0,93034.0,3535667.425,-0.40723304705367663,38.0863
US.SMCI,Super Micro Computer,2026-08-26 17:25:00,37.9312,38.2,38.2986,37.9118,0.0,0.0,82795.0,3157452.233,0.7086514531573109,37.9312
US.SMCI,Super Micro Computer,2026-08-26 17:30:00,38.24,38.01,38.24,38.0,0.0,0.0,63208.0,2405513.904,-0.4973821989528922,38.2
US.SMCI,Super Micro Computer,2026-08-26 17:35:00,38.01,38.12,38.12,37.95,0.0,0.0,17537.0,667704.034,0.28939752696658627,38.01
US.SMCI,Super Micro Computer,2026-08-26 17:40:00,38.1507,38.1173,38.2,38.0568,0.0,0.0,27296.0,1041285.426,-0.007082896117516422,38.12
US.SMCI,Super Micro Computer,2026-08-26 17:45:00,38.1173,38.16,38.22,38.05,0.0,0.0,112105.0,4207311.981,0.1120226248973469,38.1173
US.SMCI,Super Micro Computer,2026-08-26 17:50:00,38.16,38.16,38.2,38.08,0.0,0.0,31312.0,1194807.797,0.0,38.16
US.SMCI,Super Micro Computer,2026-08-26 17:55:00,38.1713,38.33,38.33,38.12,0.0,0.0,295461.0,11098011.015,0.44549266247379904,38.16
US.SMCI,Super Micro Computer,2026-08-26 18:00:00,38.33,38.18,38.34,38.1,0.0,0.0,60669.0,2322360.642,-0.39133837725019194,38.33
US.SMCI,Super Micro Computer,2026-08-26 18:05:00,38.18,38.25,38.32,38.14,0.0,0.0,20951.0,801689.264,0.18334206390780589,38.18
US.SMCI,Super Micro Computer,2026-08-26 18:10:00,38.25,38.27,38.3,38.2,0.0,0.0,14595.0,558354.999,0.052287581699354574,38.25
US.SMCI,Super Micro Computer,2026-08-26 18:15:00,38.27,38.22,38.27,38.15,0.0,0.0,24908.0,951759.749,-0.13065064018814807,38.27
US.SMCI,Super Micro Computer,2026-08-26 18:20:00,38.2634,38.35,38.35,38.201,0.0,0.0,17483.0,669283.04,0.3401360544217754,38.22
US.SMCI,Super Micro Computer,2026-08-26 18:25:00,38.3235,38.26,38.38,38.25,0.0,0.0,27804.0,1065204.491,-0.2346805736636334,38.35
US.SMCI,Super Micro Computer,2026-08-26 18:30:00,38.26,38.2305,38.3165,38.2,0.0,0.0,18070.0,691581.398,-0.07710402509147608,38.26
US.SMCI,Super Micro Computer,2026-08-26 18:35:00,38.2305,38.27,38.3,38.2305,0.0,0.0,13874.0,530952.765,0.10332064712730375,38.2305
US.SMCI,Super Micro Computer,2026-08-26 18:40:00,38.27,38.2438,38.3147,38.21,0.0,0.0,6406.0,245114.249,-0.06846093545859129,38.27
US.SMCI,Super Micro Computer,2026-08-26 18:45:00,38.25,38.21,38.3,38.21,0.0,0.0,25867.0,988535.545,-0.088380338773865,38.2438
US.SMCI,Super Micro Computer,2026-08-26 18:50:00,38.21,38.23,38.25,38.2,0.0,0.0,7459.0,285087.413,0.05234231876471086,38.21
US.SMCI,Super Micro Computer,2026-08-26 18:55:00,38.23,38.16,38.23,38.16,0.0,0.0,15848.0,605252.386,-0.18310227569971302,38.23
US.SMCI,Super Micro Computer,2026-08-26 19:00:00,38.1593,38.24,38.24,38.1,0.0,0.0,8702.0,332345.877,0.2096436058700351,38.16
US.SMCI,Super Micro Computer,2026-08-26 19:05:00,38.24,38.27,38.28,38.201,0.0,0.0,20894.0,799301.502,0.07845188284519125,38.24
US.SMCI,Super Micro Computer,2026-08-26 19:10:00,38.27,38.2363,38.29,38.2,0.0,0.0,16016.0,612446.599,-0.08805853148681256,38.27
US.SMCI,Super Micro Computer,2026-08-26 19:15:00,38.2363,38.2,38.2562,38.2,0.0,0.0,6428.0,245794.627,-0.09493596399232435,38.2363
US.SMCI,Super Micro Computer,2026-08-26 19:20:00,38.2117,38.2408,38.2408,38.21,0.0,0.0,1469.0,56169.786,0.10680628272250597,38.2
US.SMCI,Super Micro Computer,2026-08-26 19:25:00,38.2408,38.29,38.3,38.2408,0.0,0.0,12657.0,484548.553,0.12865839626785794,38.2408
US.SMCI,Super Micro Computer,2026-08-26 19:30:00,38.29,38.28,38.3169,38.25,0.0,0.0,19411.0,743482.731,-0.026116479498558397,38.29
US.SMCI,Super Micro Computer,2026-08-26 19:35:00,38.28,38.2962,38.3107,38.26,0.0,0.0,9991.0,382446.096,0.04231974921629512,38.28
US.SMCI,Super Micro Computer,2026-08-26 19:40:00,38.2962,38.2324,38.3,38.2239,0.0,0.0,5757.0,220200.745,-0.1665961635880336,38.2962
US.SMCI,Super Micro Computer,2026-08-26 19:45:00,38.2324,38.32,38.32,38.22,0.0,0.0,3177.0,121659.449,0.22912503531037,38.2324
US.SMCI,Super Micro Computer,2026-08-26 19:50:00,38.32,38.348,38.375,38.3015,0.0,0.0,22389.0,858647.141,0.0730688935281803,38.32
US.SMCI,Super Micro Computer,2026-08-26 19:55:00,38.35,38.35,38.36,38.3065,0.0,0.0,9931.0,380825.334,0.005215395848551279,38.348
US.SMCI,Super Micro Computer,2026-08-26 20:00:00,38.35,38.3778,38.38,38.32,0.0,0.0,17639.0,676592.171,0.07249022164276181,38.35
US.SMCI,Super Micro Computer,2026-08-27 04:05:00,37.39,38.75,38.75,37.39,0.0,0.0,123032.0,4726026.909,0.969831517179201,38.3778
US.SMCI,Super Micro Computer,2026-08-27 04:10:00,38.75,39.07,39.07,38.75,0.0,0.0,46843.0,1822955.166,0.825806451612904,38.75
US.SMCI,Super Micro Computer,2026-08-27 04:15:00,39.08,39.07,39.0854,38.91,0.0,0.0,18412.0,718634.677,0.0,39.07
US.SMCI,Super Micro Computer,2026-08-27 04:20:00,39.07,38.97,39.07,38.92,0.0,0.0,14669.0,571785.799,-0.25595085743537604,39.07
US.SMCI,Super Micro Computer,2026-08-27 04:25:00,38.97,38.95,39.0,38.9,0.0,0.0,24254.0,944616.045,-0.05132152938156536,38.97
US.SMCI,Super Micro Computer,2026-08-27 04:30:00,38.95,39.0971,39.1,38.95,0.0,0.0,22209.0,867533.116,0.3776636713735421,38.95
US.SMCI,Super Micro Computer,2026-08-27 04:35:00,39.0971,39.04,39.13,39.0,0.0,0.0,10915.0,426282.723,-0.14604663773015997,39.0971
US.SMCI,Super Micro Computer,2026-08-27 04:40:00,39.06,38.98,39.06,38.89,0.0,0.0,9597.0,373465.649,-0.15368852459016977,39.04
US.SMCI,Super Micro Computer,2026-08-27 04:45:00,38.98,38.95,38.98,38.86,0.0,0.0,10629.0,413481.529,-0.07696254489480255,38.98
US.SMCI,Super Micro Computer,2026-08-27 04:50:00,38.95,38.99,38.99,38.9,0.0,0.0,9385.0,365317.469,0.10269576379974106,38.95
US.SMCI,Super Micro Computer,2026-08-27 04:55:00,38.99,38.91,39.05,38.91,0.0,0.0,14874.0,579948.591,-0.20518081559375584,38.99
US.SMCI,Super Micro Computer,2026-08-27 05:00:00,38.91,38.93,39.0,38.91,0.0,0.0,7551.0,294123.244,0.051400668208694746,38.91
US.SMCI,Super Micro Computer,2026-08-27 05:05:00,38.93,38.8,38.93,38.8,0.0,0.0,13332.0,517923.508,-0.33393269971744816,38.93
US.SMCI,Super Micro Computer,2026-08-27 05:10:00,38.9,38.84,38.9,38.8,0.0,0.0,17158.0,666158.175,0.10309278350517076,38.8
US.SMCI,Super Micro Computer,2026-08-27 05:15:00,38.84,38.84,39.0,38.81,0.0,0.0,16658.0,647862.595,0.0,38.84
US.SMCI,Super Micro Computer,2026-08-27 05:20:00,38.84,38.82,38.84,38.73,0.0,0.0,18758.0,727619.599,-0.051493305870244914,38.84
US.SMCI,Super Micro Computer,2026-08-27 05:25:00,38.82,38.87,38.87,38.79,0.0,0.0,3631.0,141056.677,0.12879958784131157,38.82
US.SMCI,Super Micro Computer,2026-08-27 05:30:00,38.87,38.91,38.91,38.8,0.0,0.0,9675.0,375993.345,0.10290712631849537,38.87
US.SMCI,Super Micro Computer,2026-08-27 05:35:00,38.91,38.9906,39.0,38.9,0.0,0.0,14992.0,584042.34,0.20714469288101775,38.91
US.SMCI,Super Micro Computer,2026-08-27 05:40:00,38.9906,38.9555,39.0,38.89,0.0,0.0,4757.0,185381.329,-0.09002169753735492,38.9906
US.SMCI,Super Micro Computer,2026-08-27 05:45:00,38.9555,38.97,38.97,38.94,0.0,0.0,2009.0,78272.49,0.037221958388412885,38.9555
US.SMCI,Super Micro Computer,2026-08-27 05:50:00,38.97,38.9908,38.9908,38.9,0.0,0.0,6338.0,246854.529,0.05337439055684184,38.97
US.SMCI,Super Micro Computer,2026-08-27 05:55:00,38.9908,38.97,39.0,38.96,0.0,0.0,21703.0,846145.263,-0.05334591749849006,38.9908
US.SMCI,Super Micro Computer,2026-08-27 06:00:00,38.9169,38.9004,38.9807,38.9,0.0,0.0,3355.0,130557.82,-0.1785989222478861,38.97
US.SMCI,Super Micro Computer,2026-08-27 06:05:00,38.9004,38.85,38.9004,38.84,0.0,0.0,1579.0,61372.528,-0.1295616497516638,38.9004
US.SMCI,Super Micro Computer,2026-08-27 06:10:00,38.85,38.93,38.95,38.84,0.0,0.0,3718.0,144627.067,0.20592020592020152,38.85
US.SMCI,Super Micro Computer,2026-08-27 06:15:00,38.93,38.84,38.96,38.8237,0.0,0.0,4953.0,192571.517,-0.23118417672745006,38.93
US.SMCI,Super Micro Computer,2026-08-27 06:20:00,38.84,38.9,38.91,38.84,0.0,0.0,10200.0,396860.211,0.15447991761069815,38.84
US.SMCI,Super Micro Computer,2026-08-27 06:25:00,38.9,38.8959,38.93,38.83,0.0,0.0,5438.0,211455.918,-0.010539845758357591,38.9
US.SMCI,Super Micro Computer,2026-08-27 06:30:00,38.8959,38.82,38.8959,38.82,0.0,0.0,756.0,29355.211,-0.19513624829351472,38.8959
US.SMCI,Super Micro Computer,2026-08-27 06:35:00,38.82,38.81,38.9,38.81,0.0,0.0,3195.0,124132.654,-0.025759917568258656,38.82
US.SMCI,Super Micro Computer,2026-08-27 06:40:00,38.81,38.8,38.86,38.78,0.0,0.0,4059.0,157534.677,-0.025766555011608128,38.81
US.SMCI,Super Micro Computer,2026-08-27 06:45:00,38.8,38.89,38.89,38.8,0.0,0.0,2668.0,103737.052,0.23195876288660675,38.8
US.SMCI,Super Micro Computer,2026-08-27 06:50:00,38.89,38.9,38.93,38.83,0.0,0.0,4183.0,162581.141,0.0257135510413937,38.89
US.SMCI,Super Micro Computer,2026-08-27 06:55:00,38.9,38.89,38.9,38.8383,0.0,0.0,2043.0,79438.69,-0.025706940874030876,38.9
US.SMCI,Super Micro Computer,2026-08-27 07:00:00,38.89,38.89,38.9,38.87,0.0,0.0,2754.0,107107.11,0.0,38.89
US.SMCI,Super Micro Computer,2026-08-27 07:05:00,38.89,39.0,39.0,38.83,0.0,0.0,34066.0,1324627.829,0.2828490614553855,38.89
US.SMCI,Super Micro Computer,2026-08-27 07:10:00,39.0,38.95,39.05,38.9,0.0,0.0,28949.0,1128609.584,-0.12820512820512092,39.0
US.SMCI,Super Micro Computer,2026-08-27 07:15:00,38.95,39.0507,39.06,38.9,0.0,0.0,24145.0,941670.115,0.25853658536584395,38.95
US.SMCI,Super Micro Computer,2026-08-27 07:20:00,39.0507,38.9,39.0507,38.9,0.0,0.0,60929.0,2375524.682,-0.38590857526241656,39.0507
US.SMCI,Super Micro Computer,2026-08-27 07:25:00,38.9,38.8704,38.95,38.87,0.0,0.0,15932.0,620021.957,-0.07609254498715184,38.9
US.SMCI,Super Micro Computer,2026-08-27 07:30:00,38.8704,38.8,38.91,38.8,0.0,0.0,14866.0,577577.985,-0.18111467852144397,38.8704
US.SMCI,Super Micro Computer,2026-08-27 07:35:00,38.8,38.76,38.82,38.69,0.0,0.0,41504.0,1607858.705,-0.10309278350515245,38.8
US.SMCI,Super Micro Computer,2026-08-27 07:40:00,38.8,38.77,38.86,38.77,0.0,0.0,30969.0,1202149.303,0.025799793601664386,38.76
US.SMCI,Super Micro Computer,2026-08-27 07:45:00,38.8,38.8507,38.86,38.77,0.0,0.0,26829.0,1040858.261,0.20815063193190667,38.77
US.SMCI,Super Micro Computer,2026-08-27 07:50:00,38.8507,38.61,38.8507,38.6,0.0,0.0,29982.0,1160708.12,-0.6195512564767273,38.8507
US.SMCI,Super Micro Computer,2026-08-27 07:55:00,38.61,38.7,38.71,38.6,0.0,0.0,17730.0,685577.688,0.23310023310024194,38.61
US.SMCI,Super Micro Computer,2026-08-27 08:00:00,38.7,38.74,38.75,38.68,0.0,0.0,8264.0,319892.55,0.10335917312661276,38.7
US.SMCI,Super Micro Computer,2026-08-27 08:05:00,38.74,38.7246,38.7907,38.7237,0.0,0.0,6891.0,267088.602,-0.039752194114609285,38.74
US.SMCI,Super Micro Computer,2026-08-27 08:10:00,38.7246,38.75,38.79,38.7,0.0,0.0,9721.0,376611.973,0.06559138118921214,38.7246
US.SMCI,Super Micro Computer,2026-08-27 08:15:00,38.75,38.78,38.79,38.73,0.0,0.0,10129.0,392656.776,0.07741935483871261,38.75
US.SMCI,Super Micro Computer,2026-08-27 08:20:00,38.78,38.7,38.78,38.6708,0.0,0.0,11746.0,454589.505,-0.20629190304280115,38.78
US.SMCI,Super Micro Computer,2026-08-27 08:25:00,38.7,38.72,38.7676,38.7,0.0,0.0,5607.0,217173.688,0.051679586563297214,38.7
US.SMCI,Super Micro Computer,2026-08-27 08:30:00,38.72,38.75,38.83,38.7093,0.0,0.0,24772.0,960097.869,0.07747933884297814,38.72
US.SMCI,Super Micro Computer,2026-08-27 08:35:00,38.8,38.72,38.8,38.6665,0.0,0.0,10354.0,400902.628,-0.07741935483871261,38.75
US.SMCI,Super Micro Computer,2026-08-27 08:40:00,38.72,38.7,38.72,38.67,0.0,0.0,14140.0,547204.353,-0.051652892561973196,38.72
US.SMCI,Super Micro Computer,2026-08-27 08:45:00,38.7,38.68,38.74,38.68,0.0,0.0,16554.0,640866.242,-0.05167958656331557,38.7
US.SMCI,Super Micro Computer,2026-08-27 08:50:00,38.68,38.6221,38.68,38.61,0.0,0.0,14150.0,546672.479,-0.1496897621509734,38.68
US.SMCI,Super Micro Computer,2026-08-27 08:55:00,38.6221,38.6981,38.6981,38.6221,0.0,0.0,9892.0,382459.506,0.1967785283555099,38.6221
US.SMCI,Super Micro Computer,2026-08-27 09:00:00,38.66,38.65,38.7,38.63,0.0,0.0,18757.0,725107.781,-0.12429550804819367,38.6981
US.SMCI,Super Micro Computer,2026-08-27 09:05:00,38.65,38.7338,38.7338,38.61,0.0,0.0,37241.0,1439500.154,0.21681759379043636,38.65
US.SMCI,Super Micro Computer,2026-08-27 09:10:00,38.7338,38.831,38.85,38.696,0.0,0.0,53369.0,2069045.376,0.2509436203006182,38.7338
US.SMCI,Super Micro Computer,2026-08-27 09:15:00,38.83,38.85,38.9,38.83,0.0,0.0,43754.0,1700268.591,0.048929978625320884,38.831
US.SMCI,Super Micro Computer,2026-08-27 09:20:00,38.85,38.86,38.89,38.8,0.0,0.0,40466.0,1572259.326,0.02574002574002062,38.85
US.SMCI,Super Micro Computer,2026-08-27 09:25:00,38.86,38.8831,38.93,38.8562,0.0,0.0,34591.0,1345774.599,0.05944415851775464,38.86
US.SMCI,Super Micro Computer,2026-08-27 09:30:00,38.9,38.59,39.0,38.59,0.0,0.0,163776.0,6377737.487,-0.7537979224907363,38.8831
US.SMCI,Super Micro Computer,2026-08-27 09:35:00,38.69,38.07,38.95,37.61,0.0,0.0,3135109.0,119885374.529,-1.347499352163781,38.59
US.SMCI,Super Micro Computer,2026-08-27 09:40:00,38.06,38.19,38.59,37.97,0.0,0.0,1084673.0,41469165.598,0.315208825847117,38.07
US.SMCI,Super Micro Computer,2026-08-27 09:45:00,38.195,38.71,38.8099,38.19,0.0,0.0,1432264.0,55179800.545,1.3616129876931216,38.19
US.SMCI,Super Micro Computer,2026-08-27 09:50:00,38.72,38.87,39.03,38.6,0.0,0.0,1930327.0,75057321.815,0.4133298889175835,38.71
US.SMCI,Super Micro Computer,2026-08-27 09:55:00,38.88,39.275,39.47,38.88,0.0,0.0,1640923.0,64431607.95,1.0419346539747907,38.87
US.SMCI,Super Micro Computer,2026-08-27 10:00:00,39.28,38.71,39.37,38.55,0.0,0.0,1033697.0,40234513.776,-1.4385741565881547,39.275
US.SMCI,Super Micro Computer,2026-08-27 10:05:00,38.7202,38.26,38.79,38.2001,0.0,0.0,940016.0,36272550.786,-1.1624903125807358,38.71
US.SMCI,Super Micro Computer,2026-08-27 10:10:00,38.2599,38.23,38.4471,38.055,0.0,0.0,1066873.0,40803379.514,-0.07841087297438876,38.26
US.SMCI,Super Micro Computer,2026-08-27 10:15:00,38.26,38.2401,38.49,38.21,0.0,0.0,563711.0,21640883.687,0.02641904263667625,38.23
US.SMCI,Super Micro Computer,2026-08-27 10:20:00,38.2556,38.45,38.55,38.21,0.0,0.0,533088.0,20473116.578,0.5489002382316067,38.2401
US.SMCI,Super Micro Computer,2026-08-27 10:25:00,38.4493,38.5899,38.6,38.33,0.0,0.0,331759.0,12758058.756,0.36384915474641677,38.45
US.SMCI,Super Micro Computer,2026-08-27 10:30:00,38.58,38.56,38.59,38.4201,0.0,0.0,295355.0,11378717.761,-0.07748141353047772,38.5899
US.SMCI,Super Micro Computer,2026-08-27 10:35:00,38.57,38.455,38.58,38.4,0.0,0.0,406018.0,15629402.984,-0.27230290456432565,38.56
US.SMCI,Super Micro Computer,2026-08-27 10:40:00,38.46,38.3,38.525,38.2799,0.0,0.0,429559.0,16502107.083,-0.4030685216486833,38.455
US.SMCI,Super Micro Computer,2026-08-27 10:45:00,38.29,38.205,38.33,38.09,0.0,0.0,569191.0,21742100.589,-0.2480417754569161,38.3
US.SMCI,Super Micro Computer,2026-08-27 10:50:00,38.2,38.2599,38.295,38.01,0.0,0.0,421278.0,16074860.893,0.1436984687868172,38.205
US.SMCI,Super Micro Computer,2026-08-27 10:55:00,38.25,38.03,38.25,37.8201,0.0,0.0,604049.0,22952578.138,-0.6008902271046204,38.2599
US.SMCI,Super Micro Computer,2026-08-27 11:00:00,38.0351,38.13,38.18,37.902,0.0,0.0,467492.0,17794281.941,0.26295030239285144,38.03
US.SMCI,Super Micro Computer,2026-08-27 11:05:00,38.1246,38.225,38.32,38.1246,0.0,0.0,535664.0,20454225.481,0.24914765276684725,38.13
US.SMCI,Super Micro Computer,2026-08-27 11:10:00,38.225,38.15,38.2432,38.07,0.0,0.0,396274.0,15115455.808,-0.19620667102682232,38.225
US.SMCI,Super Micro Computer,2026-08-27 11:15:00,38.135,38.17,38.2499,38.1,0.0,0.0,139222.0,5313135.319,0.052424639580611075,38.15
US.SMCI,Super Micro Computer,2026-08-27 11:20:00,38.17,38.025,38.235,37.95,0.0,0.0,352691.0,13431780.847,-0.3798794865077368,38.17
US.SMCI,Super Micro Computer,2026-08-27 11:25:00,38.0267,37.94,38.0401,37.88,0.0,0.0,325136.0,12337297.432,-0.22353714661407192,38.025
US.SMCI,Super Micro Computer,2026-08-27 11:30:00,37.91,37.96,37.995,37.83,0.0,0.0,307857.0,11671195.715,0.052714812862422585,37.94
US.SMCI,Super Micro Computer,2026-08-27 11:35:00,37.955,38.02,38.18,37.95,0.0,0.0,303880.0,11566385.0,0.15806111696523253,37.96
US.SMCI,Super Micro Computer,2026-08-27 11:40:00,38.03,37.96,38.055,37.92,0.0,0.0,238345.0,9052607.046,-0.1578116780641827,38.02
US.SMCI,Super Micro Computer,2026-08-27 11:45:00,37.96,37.8504,38.0,37.835,0.0,0.0,205597.0,7793179.807,-0.2887249736564815,37.96
US.SMCI,Super Micro Computer,2026-08-27 11:50:00,37.85,37.58,37.85,37.48,0.0,0.0,914213.0,34373022.159,-0.7143913934859399,37.8504
US.SMCI,Super Micro Computer,2026-08-27 11:55:00,37.57,37.74,37.78,37.555,0.0,0.0,319107.0,12030122.636,0.4257583821181578,37.58
US.SMCI,Super Micro Computer,2026-08-27 12:00:00,37.73,37.885,37.925,37.715,0.0,0.0,377022.0,14265700.902,0.38420773714890305,37.74
US.SMCI,Super Micro Computer,2026-08-27 12:05:00,37.885,38.135,38.155,37.885,0.0,0.0,391557.0,14894916.02,0.6598917777484493,37.885
US.SMCI,Super Micro Computer,2026-08-27 12:10:00,38.135,38.1,38.165,38.0801,0.0,0.0,239269.0,9120597.556,-0.09177920545429813,38.135
US.SMCI,Super Micro Computer,2026-08-27 12:15:00,38.095,38.15,38.15,38.07,0.0,0.0,171770.0,6546611.232,0.13123359580051747,38.1
US.SMCI,Super Micro Computer,2026-08-27 12:20:00,38.1504,38.161,38.2892,38.12,0.0,0.0,321885.0,12293730.907,0.02883355176933889,38.15
US.SMCI,Super Micro Computer,2026-08-27 12:25:00,38.16,38.175,38.22,38.135,0.0,0.0,212602.0,8115821.502,0.0366866696365289,38.161
US.SMCI,Super Micro Computer,2026-08-27 12:30:00,38.175,38.24,38.3,38.155,0.0,0.0,218862.0,8369599.908,0.17026850032745208,38.175
US.SMCI,Super Micro Computer,2026-08-27 12:35:00,38.24,38.31,38.32,38.2,0.0,0.0,190993.0,7305727.197,0.18305439330544007,38.24
US.SMCI,Super Micro Computer,2026-08-27 12:40:00,38.31,38.665,38.6999,38.305,0.0,0.0,599793.0,23114061.927,0.9266510049595323,38.31
US.SMCI,Super Micro Computer,2026-08-27 12:45:00,38.665,38.535,38.675,38.49,0.0,0.0,340308.0,13124434.587,-0.3362213888529744,38.665
US.SMCI,Super Micro Computer,2026-08-27 12:50:00,38.54,38.53,38.595,38.4638,0.0,0.0,369883.0,14255306.859,-0.01297521733487856,38.535
US.SMCI,Super Micro Computer,2026-08-27 12:55:00,38.53,38.675,38.72,38.52,0.0,0.0,321175.0,12404644.174,0.376330132364381,38.53
US.SMCI,Super Micro Computer,2026-08-27 13:00:00,38.6799,38.695,38.81,38.645,0.0,0.0,423159.0,16396692.54,0.051712992889471565,38.675
US.SMCI,Super Micro Computer,2026-08-27 13:05:00,38.698,38.81,38.88,38.685,0.0,0.0,368585.0,14303191.2,0.29719602015764823,38.695
US.SMCI,Super Micro Computer,2026-08-27 13:10:00,38.8001,38.825,38.8862,38.75,0.0,0.0,266229.0,10334027.727,0.03864983251739389,38.81
US.SMCI,Super Micro Computer,2026-08-27 13:15:00,38.82,38.81,38.91,38.78,0.0,0.0,291362.0,11318789.372,-0.03863490019317596,38.825
US.SMCI,Super Micro Computer,2026-08-27 13:20:00,38.805,38.835,38.865,38.7,0.0,0.0,367275.0,14242118.858,0.06441638752898371,38.81
US.SMCI,Super Micro Computer,2026-08-27 13:25:00,38.835,38.75,38.84,38.72,0.0,0.0,196142.0,7602049.732,-0.2188747264065942,38.835
US.SMCI,Super Micro Computer,2026-08-27 13:30:00,38.73,38.725,38.75,38.6201,0.0,0.0,281724.0,10899561.72,-0.0645161290322544,38.75
US.SMCI,Super Micro Computer,2026-08-27 13:35:00,38.72,38.68,38.7673,38.63,0.0,0.0,214583.0,8305865.479,-0.11620400258231557,38.725
US.SMCI,Super Micro Computer,2026-08-27 13:40:00,38.678,38.54,38.68,38.53,0.0,0.0,184304.0,7118320.077,-0.3619441571871783,38.68
US.SMCI,Super Micro Computer,2026-08-27 13:45:00,38.5374,38.375,38.55,38.355,0.0,0.0,381771.0,14673346.219,-0.42812662169174664,38.54
US.SMCI,Super Micro Computer,2026-08-27 13:50:00,38.3766,38.46,38.48,38.3059,0.0,0.0,271679.0,10429145.123,0.2214983713355071,38.375
US.SMCI,Super Micro Computer,2026-08-27 13:55:00,38.4554,38.365,38.5,38.34,0.0,0.0,218317.0,8387409.766,-0.24700988039521285,38.46
US.SMCI,Super Micro Computer,2026-08-27 14:00:00,38.3669,38.22,38.395,38.22,0.0,0.0,178349.0,6830912.332,-0.377948651114305,38.365
US.SMCI,Super Micro Computer,2026-08-27 14:05:00,38.22,38.115,38.2799,38.1,0.0,0.0,278491.0,10633719.138,-0.27472527472526653,38.22
US.SMCI,Super Micro Computer,2026-08-27 14:10:00,38.115,38.135,38.19,38.07,0.0,0.0,332867.0,12692086.905,0.05247277974549658,38.115
US.SMCI,Super Micro Computer,2026-08-27 14:15:00,38.1399,38.079,38.14,38.01,0.0,0.0,203150.0,7736086.2,-0.14684672872688445,38.135
US.SMCI,Super Micro Computer,2026-08-27 14:20:00,38.07,38.18,38.27,38.034,0.0,0.0,197990.0,7550259.064,0.26523805772210163,38.079
US.SMCI,Super Micro Computer,2026-08-27 14:25:00,38.185,38.16,38.24,38.13,0.0,0.0,155020.0,5919408.603,-0.05238344683080966,38.18
US.SMCI,Super Micro Computer,2026-08-27 14:30:00,38.17,38.1001,38.21,38.06,0.0,0.0,156909.0,5983194.947,-0.15697064989517545,38.16
US.SMCI,Super Micro Computer,2026-08-27 14:35:00,38.11,38.15,38.22,38.105,0.0,0.0,129084.0,4926956.143,0.13097078485358554,38.1001
US.SMCI,Super Micro Computer,2026-08-27 14:40:00,38.1415,38.2999,38.2999,38.115,0.0,0.0,128500.0,4909262.132,0.3929226736566248,38.15
US.SMCI,Super Micro Computer,2026-08-27 14:45:00,38.29,38.26,38.29,38.21,0.0,0.0,145802.0,5578096.256,-0.1041778176966596,38.2999
US.SMCI,Super Micro Computer,2026-08-27 14:50:00,38.2699,38.23,38.315,38.23,0.0,0.0,157872.0,6042134.163,-0.07841087297438876,38.26
US.SMCI,Super Micro Computer,2026-08-27 14:55:00,38.2254,38.115,38.23,38.1,0.0,0.0,238099.0,9083216.78,-0.3008108815066568,38.23
US.SMCI,Super Micro Computer,2026-08-27 15:00:00,38.11,38.22,38.235,38.04,0.0,0.0,177067.0,6754059.396,0.27548209366390364,38.115
US.SMCI,Super Micro Computer,2026-08-27 15:05:00,38.22,38.315,38.35,38.2,0.0,0.0,241703.0,9251574.81,0.24856096284667414,38.22
US.SMCI,Super Micro Computer,2026-08-27 15:10:00,38.315,38.45,38.45,38.29,0.0,0.0,343814.0,13185076.123,0.3523424246378836,38.315
US.SMCI,Super Micro Computer,2026-08-27 15:15:00,38.445,38.4434,38.51,38.37,0.0,0.0,319956.0,12301302.192,-0.017165149544878893,38.45
US.SMCI,Super Micro Computer,2026-08-27 15:20:00,38.445,38.295,38.47,38.26,0.0,0.0,215033.0,8248286.477,-0.38602204799782336,38.4434
US.SMCI,Super Micro Computer,2026-08-27 15:25:00,38.29,38.23,38.4499,38.2201,0.0,0.0,318785.0,12227997.596,-0.1697349523436606,38.295
US.SMCI,Super Micro Computer,2026-08-27 15:30:00,38.225,38.3714,38.38,38.18,0.0,0.0,282566.0,10818891.218,0.3698665969134303,38.23
US.SMCI,Super Micro Computer,2026-08-27 15:35:00,38.3739,38.265,38.3739,38.22,0.0,0.0,311685.0,11931115.404,-0.2772898565077133,38.3714
US.SMCI,Super Micro Computer,2026-08-27 15:40:00,38.265,38.225,38.34,38.2,0.0,0.0,373273.0,14277860.248,-0.10453416960668797,38.265
US.SMCI,Super Micro Computer,2026-08-27 15:45:00,38.225,38.2401,38.285,38.2,0.0,0.0,290025.0,11090552.967,0.03950294310005698,38.225
US.SMCI,Super Micro Computer,2026-08-27 15:50:00,38.24,38.365,38.43,38.24,0.0,0.0,419608.0,16079068.192,0.3266204847790769,38.2401
US.SMCI,Super Micro Computer,2026-08-27 15:55:00,38.36,38.475,38.61,38.325,0.0,0.0,1223990.0,47090769.055,0.28671966636256857,38.365
US.SMCI,Super Micro Computer,2026-08-27 16:00:00,38.465,38.46,38.55,38.412,0.0,0.0,3025352.0,116369229.053,-0.038986354775829936,38.475
US.SMCI,Super Micro Computer,2026-08-27 16:05:00,38.45,38.44,38.46,38.41,0.0,0.0,393348.0,15127157.106,-0.05200208008321146,38.46
US.SMCI,Super Micro Computer,2026-08-27 16:10:00,38.44,38.33,38.44,38.33,0.0,0.0,1254437.0,48217901.902,-0.2861602497398529,38.44
US.SMCI,Super Micro Computer,2026-08-27 16:15:00,38.33,38.3,38.38,38.3,0.0,0.0,16973.0,650740.003,-0.07826767545004211,38.33
US.SMCI,Super Micro Computer,2026-08-27 16:20:00,38.3,38.2471,38.3293,38.2471,0.0,0.0,33735.0,1294533.956,-0.13812010443862652,38.3
US.SMCI,Super Micro Computer,2026-08-27 16:25:00,38.2471,38.2681,38.3192,38.2471,0.0,0.0,6562.0,251257.098,0.05490612360151145,38.2471
US.SMCI,Super Micro Computer,2026-08-27 16:30:00,38.2681,38.25,38.3,38.1901,0.0,0.0,7430.0,284346.197,-0.04729787995744993,38.2681
US.SMCI,Super Micro Computer,2026-08-27 16:35:00,38.25,38.25,38.31,38.25,0.0,0.0,2178.0,83375.811,0.0,38.25
US.SMCI,Super Micro Computer,2026-08-27 16:40:00,38.25,38.2791,38.28,38.25,0.0,0.0,2976.0,113901.802,0.07607843137254819,38.25
US.SMCI,Super Micro Computer,2026-08-27 16:45:00,38.2796,38.31,38.31,38.26,0.0,0.0,9132.0,349542.228,0.08072290100865118,38.2791
US.SMCI,Super Micro Computer,2026-08-27 16:50:00,38.3,38.28,38.31,38.28,0.0,0.0,193406.0,7435773.891,-0.07830853563038667,38.31
US.SMCI,Super Micro Computer,2026-08-27 16:55:00,38.28,38.28,38.2994,38.27,0.0,0.0,38168.0,1461072.057,0.0,38.28
US.SMCI,Super Micro Computer,2026-08-27 17:00:00,38.28,38.266,38.28,38.25,0.0,0.0,2515.0,96246.675,-0.03657262277952691,38.28
US.SMCI,Super Micro Computer,2026-08-27 17:05:00,38.266,38.2743,38.2743,38.25,0.0,0.0,1296.0,49624.516,0.0216902733497058,38.266
US.SMCI,Super Micro Computer,2026-08-27 17:10:00,38.2743,38.25,38.2791,38.25,0.0,0.0,4113.0,157367.318,-0.06348907752720928,38.2743
US.SMCI,Super Micro Computer,2026-08-27 17:15:00,38.25,38.29,38.29,38.25,0.0,0.0,5847.0,223765.673,0.1045751633986906,38.25
US.SMCI,Super Micro Computer,2026-08-27 17:20:00,38.29,38.2715,38.3,38.262,0.0,0.0,139155.0,5350993.465,-0.04831548707233211,38.29
US.SMCI,Super Micro Computer,2026-08-27 17:25:00,38.2715,38.2798,38.2798,38.27,0.0,0.0,27613.0,1061481.196,0.021687156238972653,38.2715
US.SMCI,Super Micro Computer,2026-08-27 17:30:00,38.2798,38.27,38.28,38.27,0.0,0.0,8387.0,321012.841,-0.025600969702032083,38.2798
US.SMCI,Super Micro Computer,2026-08-27 17:35:00,38.27,38.3,38.3,38.27,0.0,0.0,3600.0,137790.938,0.07839038411286654,38.27
US.SMCI,Super Micro Computer,2026-08-27 17:40:00,38.3,38.27,38.3,38.27,0.0,0.0,1545.0,59151.359,-0.07832898172322202,38.3
US.SMCI,Super Micro Computer,2026-08-27 17:45:00,38.27,38.3,38.3,38.27,0.0,0.0,3202.0,122591.833,0.07839038411286654,38.27
US.SMCI,Super Micro Computer,2026-08-27 17:50:00,38.2872,38.274,38.29,38.27,0.0,0.0,6331.0,242330.889,-0.0678851174934628,38.3
US.SMCI,Super Micro Computer,2026-08-27 17:55:00,38.272,38.16,38.2761,38.1329,0.0,0.0,79670.0,3047247.648,-0.2978523279511008,38.274
US.SMCI,Super Micro Computer,2026-08-27 18:00:00,38.1932,38.2,38.2,38.1309,0.0,0.0,6633.0,253322.654,0.10482180293502688,38.16
US.SMCI,Super Micro Computer,2026-08-27 18:05:00,38.2,38.16,38.24,38.1432,0.0,0.0,2954.0,112800.927,-0.10471204188483312,38.2
US.SMCI,Super Micro Computer,2026-08-27 18:10:00,38.16,38.1999,38.1999,38.16,0.0,0.0,5336.0,203686.037,0.10455974842768065,38.16
US.SMCI,Super Micro Computer,2026-08-27 18:15:00,38.199,38.19,38.2,38.1702,0.0,0.0,3285.0,125452.662,-0.025916298210209444,38.1999
US.SMCI,Super Micro Computer,2026-08-27 18:20:00,38.19,38.2138,38.2138,38.19,0.0,0.0,1161.0,44344.946,0.062319979052111486,38.19
US.SMCI,Super Micro Computer,2026-08-27 18:25:00,38.2138,38.2255,38.2255,38.2,0.0,0.0,2510.0,95908.497,0.03061721158324375,38.2138
US.SMCI,Super Micro Computer,2026-08-27 18:30:00,38.21,38.2197,38.23,38.21,0.0,0.0,7718.0,295045.662,-0.015173117421599689,38.2255
US.SMCI,Super Micro Computer,2026-08-27 18:35:00,38.22,38.2058,38.23,38.2058,0.0,0.0,5663.0,216458.224,-0.03636867897968738,38.2197
US.SMCI,Super Micro Computer,2026-08-27 18:40:00,38.2058,38.22,38.29,38.2058,0.0,0.0,1656.0,63348.159,0.037167131692034526,38.2058
US.SMCI,Super Micro Computer,2026-08-27 18:45:00,38.22,38.23,38.2492,38.2109,0.0,0.0,1626.0,62163.595,0.02616431187859239,38.22
US.SMCI,Super Micro Computer,2026-08-27 18:50:00,38.23,38.2433,38.2469,38.23,0.0,0.0,3700.0,141500.356,0.03478943238294789,38.23
US.SMCI,Super Micro Computer,2026-08-27 18:55:00,38.2207,38.22,38.25,38.22,0.0,0.0,2828.0,108325.076,-0.06092570463322723,38.2433
US.SMCI,Super Micro Computer,2026-08-27 19:00:00,38.22,38.21,38.22,38.21,0.0,0.0,961.0,36738.972,-0.02616431187859239,38.22
US.SMCI,Super Micro Computer,2026-08-27 19:05:00,38.21,38.22,38.22,38.21,0.0,0.0,1302.0,49771.612,0.02617115938235543,38.21
US.SMCI,Super Micro Computer,2026-08-27 19:10:00,38.22,38.2,38.22,38.19,0.0,0.0,2381.0,90953.561,-0.05232862375718478,38.22
US.SMCI,Super Micro Computer,2026-08-27 19:15:00,38.2,38.2,38.22,38.18,0.0,0.0,1397.0,53362.885,0.0,38.2
US.SMCI,Super Micro Computer,2026-08-27 19:20:00,38.2,38.19,38.2,38.1662,0.0,0.0,2406.0,91854.082,-0.02617801047121758,38.2
US.SMCI,Super Micro Computer,2026-08-27 19:25:00,38.19,38.12,38.19,38.12,0.0,0.0,5205.0,198574.788,-0.18329405603561216,38.19
US.SMCI,Super Micro Computer,2026-08-27 19:30:00,38.13,38.1589,38.1589,38.13,0.0,0.0,6166.0,235170.187,0.10204616998952062,38.12
US.SMCI,Super Micro Computer,2026-08-27 19:35:00,38.1589,38.17,38.2,38.1589,0.0,0.0,5318.0,202971.022,0.02908888883065025,38.1589
US.SMCI,Super Micro Computer,2026-08-27 19:40:00,38.17,38.1893,38.1893,38.16,0.0,0.0,527.0,20128.903,0.05056326958344565,38.17
US.SMCI,Super Micro Computer,2026-08-27 19:45:00,38.1893,38.14,38.2,38.14,0.0,0.0,2575.0,98253.534,-0.12909375139110257,38.1893
US.SMCI,Super Micro Computer,2026-08-27 19:50:00,38.14,38.15,38.1554,38.1249,0.0,0.0,3229.0,123148.692,0.02621919244886736,38.14
US.SMCI,Super Micro Computer,2026-08-27 19:55:00,38.15,38.1209,38.15,38.12,0.0,0.0,1422.0,54217.399,-0.07627785058977636,38.15
US.SMCI,Super Micro Computer,2026-08-27 20:00:00,38.1209,38.16,38.16,38.1209,0.0,0.0,3508.0,133785.763,0.10256840735658837,38.1209
US.SMCI,Super Micro Computer,2026-08-28 04:05:00,38.01,37.89,38.01,37.81,0.0,0.0,92823.0,3511667.399,-0.7075471698113104,38.16
US.SMCI,Super Micro Computer,2026-08-28 04:10:00,37.89,37.86,37.89,37.8388,0.0,0.0,1771.0,66981.305,-0.0791765637371368,37.89
US.SMCI,Super Micro Computer,2026-08-28 04:15:00,37.86,37.76,37.88,37.76,0.0,0.0,2736.0,103481.939,-0.26413100898045805,37.86
US.SMCI,Super Micro Computer,2026-08-28 04:20:00,37.76,37.77,37.8,37.76,0.0,0.0,558.0,21092.992,0.02648305084747118,37.76
US.SMCI,Super Micro Computer,2026-08-28 04:25:00,37.76,37.8,37.8,37.69,0.0,0.0,6240.0,235452.898,0.07942811755359817,37.77
US.SMCI,Super Micro Computer,2026-08-28 04:30:00,37.8,37.8,37.8,37.8,0.0,0.0,87.0,3328.689,0.0,37.8
US.SMCI,Super Micro Computer,2026-08-28 04:35:00,37.8,37.8,37.8,37.8,0.0,0.0,85.0,3216.418,0.0,37.8
US.SMCI,Super Micro Computer,2026-08-28 04:40:00,37.8,37.92,37.92,37.8,0.0,0.0,873.0,33096.193,0.31746031746032954,37.8
US.SMCI,Super Micro Computer,2026-08-28 04:45:00,37.8837,37.8837,37.8837,37.8837,0.0,0.0,399.0,15134.573,-0.09572784810127695,37.92
US.SMCI,Super Micro Computer,2026-08-28 04:50:00,37.8837,37.8837,37.8837,37.8837,0.0,0.0,416.0,15777.857,0.0,37.8837
US.SMCI,Super Micro Computer,2026-08-28 04:55:00,37.8837,37.89,37.95,37.8837,0.0,0.0,620.0,23500.63,0.01662984344191059,37.8837
US.SMCI,Super Micro Computer,2026-08-28 05:00:00,37.89,37.88,37.9,37.87,0.0,0.0,7326.0,277579.461,-0.026392187912372685,37.89
US.SMCI,Super Micro Computer,2026-08-28 05:05:00,37.88,37.89,37.92,37.87,0.0,0.0,1037.0,39298.977,0.02639915522702748,37.88
US.SMCI,Super Micro Computer,2026-08-28 05:10:00,37.89,37.89,37.89,37.89,0.0,0.0,20.0,758.0,0.0,37.89
US.SMCI,Super Micro Computer,2026-08-28 05:15:00,37.91,37.87,37.91,37.87,0.0,0.0,812.0,30771.7,-0.052784375824764126,37.89
US.SMCI,Super Micro Computer,2026-08-28 05:20:00,37.87,37.83,37.87,37.83,0.0,0.0,399.0,15100.188,-0.10562450488513112,37.87
US.SMCI,Super Micro Computer,2026-08-28 05:25:00,37.82,37.85,37.85,37.82,0.0,0.0,587.0,22207.13,0.05286809410521578,37.83
US.SMCI,Super Micro Computer,2026-08-28 05:30:00,37.85,37.82,37.88,37.81,0.0,0.0,4336.0,164203.175,-0.07926023778071634,37.85
US.SMCI,Super Micro Computer,2026-08-28 05:35:00,37.82,37.82,37.82,37.82,0.0,0.0,77.0,2912.68,0.0,37.82
US.SMCI,Super Micro Computer,2026-08-28 05:40:00,37.82,37.81,37.82,37.81,0.0,0.0,1851.0,69998.49,-0.026441036488625096,37.82
US.SMCI,Super Micro Computer,2026-08-28 05:45:00,37.84,37.86,37.86,37.84,0.0,0.0,888.0,33616.34,0.13224014810895834,37.81
US.SMCI,Super Micro Computer,2026-08-28 05:50:00,37.86,37.86,37.86,37.86,0.0,0.0,45.0,1703.246,0.0,37.86
US.SMCI,Super Micro Computer,2026-08-28 05:55:00,37.86,37.89,37.9,37.86,0.0,0.0,1787.0,67700.587,0.0792393026941393,37.86
US.SMCI,Super Micro Computer,2026-08-28 06:00:00,37.89,37.87,37.89,37.8644,0.0,0.0,1892.0,71689.056,-0.052784375824764126,37.89
US.SMCI,Super Micro Computer,2026-08-28 06:05:00,37.87,37.76,37.87,37.76,0.0,0.0,1614.0,61005.005,-0.29046738843411524,37.87
US.SMCI,Super Micro Computer,2026-08-28 06:10:00,37.76,37.76,37.76,37.76,0.0,0.0,114.0,4309.852,0.0,37.76
US.SMCI,Super Micro Computer,2026-08-28 06:15:00,37.83,37.87,37.87,37.81,0.0,0.0,2607.0,98634.979,0.2913135593220324,37.76
US.SMCI,Super Micro Computer,2026-08-28 06:20:00,37.87,37.81,37.87,37.81,0.0,0.0,611.0,23105.992,-0.15843675732768728,37.87
US.SMCI,Super Micro Computer,2026-08-28 06:25:00,37.81,37.83,37.83,37.81,0.0,0.0,2023.0,76511.891,0.05289605924357583,37.81
US.SMCI,Super Micro Computer,2026-08-28 06:30:00,37.8,37.85,37.85,37.8,0.0,0.0,1147.0,43412.99,0.05286809410521578,37.83
US.SMCI,Super Micro Computer,2026-08-28 06:35:00,37.85,37.8801,37.89,37.85,0.0,0.0,411.0,15566.028,0.07952443857330871,37.85
US.SMCI,Super Micro Computer,2026-08-28 06:40:00,37.8801,37.91,37.91,37.86,0.0,0.0,1363.0,51645.18,0.0789332657516686,37.8801
US.SMCI,Super Micro Computer,2026-08-28 06:45:00,37.9,37.88,37.9,37.86,0.0,0.0,6209.0,235126.632,-0.07913479293060943,37.91
US.SMCI,Super Micro Computer,2026-08-28 06:50:00,37.88,37.9,37.9,37.87,0.0,0.0,1459.0,55275.927,0.05279831045405496,37.88
US.SMCI,Super Micro Computer,2026-08-28 06:55:00,37.9,37.9499,37.95,37.9,0.0,0.0,1203.0,45644.519,0.13166226912929008,37.9
US.SMCI,Super Micro Computer,2026-08-28 07:00:00,37.9499,37.97,37.97,37.92,0.0,0.0,4237.0,160796.051,0.05296456644154357,37.9499
US.SMCI,Super Micro Computer,2026-08-28 07:05:00,37.97,37.95,38.0,37.9018,0.0,0.0,15323.0,581963.438,-0.05267316302342907,37.97
US.SMCI,Super Micro Computer,2026-08-28 07:10:00,37.95,37.99,37.995,37.91,0.0,0.0,3661.0,138993.759,0.10540184453227705,37.95
US.SMCI,Super Micro Computer,2026-08-28 07:15:00,37.99,37.9431,37.99,37.92,0.0,0.0,4792.0,181902.633,-0.12345354040537201,37.99
US.SMCI,Super Micro Computer,2026-08-28 07:20:00,37.9431,37.99,38.0,37.94,0.0,0.0,2991.0,113612.394,0.12360613655711006,37.9431
US.SMCI,Super Micro Computer,2026-08-28 07:25:00,37.99,38.0015,38.04,37.99,0.0,0.0,14999.0,570064.502,0.030271123979989645,37.99
US.SMCI,Super Micro Computer,2026-08-28 07:30:00,38.0015,37.98,38.04,37.98,0.0,0.0,6623.0,251757.859,-0.05657671407708428,38.0015
US.SMCI,Super Micro Computer,2026-08-28 07:35:00,37.99,38.0,38.0261,37.9747,0.0,0.0,2321.0,88179.887,0.05265929436546374,37.98
US.SMCI,Super Micro Computer,2026-08-28 07:40:00,38.0,38.0,38.0,37.98,0.0,0.0,867.0,32950.63,0.0,38.0
US.SMCI,Super Micro Computer,2026-08-28 07:45:00,38.0,37.92,38.0,37.92,0.0,0.0,3220.0,122212.924,-0.2105263157894692,38.0
US.SMCI,Super Micro Computer,2026-08-28 07:50:00,37.92,37.92,37.96,37.92,0.0,0.0,2141.0,81223.843,0.0,37.92
US.SMCI,Super Micro Computer,2026-08-28 07:55:00,37.92,37.87,37.92,37.869,0.0,0.0,2935.0,111231.935,-0.1318565400843994,37.92
US.SMCI,Super Micro Computer,2026-08-28 08:00:00,37.87,37.9,37.95,37.8,0.0,0.0,3751.0,141990.551,0.07921837866385302,37.87
US.SMCI,Super Micro Computer,2026-08-28 08:05:00,37.9,37.8892,37.9,37.82,0.0,0.0,3536.0,133773.218,-0.028496042216348667,37.9
US.SMCI,Super Micro Computer,2026-08-28 08:10:00,37.8347,37.93,37.99,37.8347,0.0,0.0,6152.0,233325.93,0.10768240026180886,37.8892
US.SMCI,Super Micro Computer,2026-08-28 08:15:00,37.91,37.8901,37.92,37.88,0.0,0.0,3445.0,130584.185,-0.10519377801213534,37.93
US.SMCI,Super Micro Computer,2026-08-28 08:20:00,37.92,37.9184,37.96,37.9184,0.0,0.0,2997.0,113698.857,0.07468969466958796,37.8901
US.SMCI,Super Micro Computer,2026-08-28 08:25:00,37.9184,37.95,37.96,37.9093,0.0,0.0,6787.0,257525.507,0.08333684965611554,37.9184
US.SMCI,Super Micro Computer,2026-08-28 08:30:00,37.95,37.95,37.9545,37.93,0.0,0.0,1983.0,75240.521,0.0,37.95
US.SMCI,Super Micro Computer,2026-08-28 08:35:00,37.95,37.95,38.01,37.91,0.0,0.0,11097.0,421399.108,0.0,37.95
US.SMCI,Super Micro Computer,2026-08-28 08:40:00,37.95,37.9507,37.9507,37.91,0.0,0.0,4613.0,175036.738,0.0018445322793012274,37.95
US.SMCI,Super Micro Computer,2026-08-28 08:45:00,37.9507,37.9984,37.9984,37.9098,0.0,0.0,8674.0,329201.136,0.12568938122353202,37.9507
US.SMCI,Super Micro Computer,2026-08-28 08:50:00,37.9984,37.99,38.0,37.9326,0.0,0.0,3363.0,127768.294,-0.02210619394499409,37.9984
US.SMCI,Super Micro Computer,2026-08-28 08:55:00,37.99,37.965,37.99,37.95,0.0,0.0,2084.0,79129.316,-0.06580679126085438,37.99
US.SMCI,Super Micro Computer,2026-08-28 09:00:00,37.965,37.93,37.99,37.93,0.0,0.0,8328.0,316210.801,-0.09219017516134254,37.965
US.SMCI,Super Micro Computer,2026-08-28 09:05:00,37.93,38.0,38.0,37.82,0.0,0.0,14292.0,541918.526,0.1845504877405755,37.93
US.SMCI,Super Micro Computer,2026-08-28 09:10:00,37.96,37.9108,37.97,37.9,0.0,0.0,7042.0,267160.66,-0.23473684210525833,38.0
US.SMCI,Super Micro Computer,2026-08-28 09:15:00,37.9108,37.9623,37.97,37.9108,0.0,0.0,2622.0,99512.012,0.135845194509209,37.9108
US.SMCI,Super Micro Computer,2026-08-28 09:20:00,37.9572,37.86,37.9572,37.85,0.0,0.0,10904.0,413344.362,-0.2694778767356025,37.9623
US.SMCI,Super Micro Computer,2026-08-28 09:25:00,37.86,37.8336,37.88,37.8163,0.0,0.0,16437.0,621926.503,-0.06973058637084634,37.86
US.SMCI,Super Micro Computer,2026-08-28 09:30:00,37.8336,38.04,38.1499,37.8336,0.0,0.0,24242.0,921245.783,0.5455468155290593,37.8336
US.SMCI,Super Micro Computer,2026-08-28 09:35:00,38.015,38.345,38.41,37.85,0.0,0.0,1147056.0,43740906.558,0.8017875920084115,38.04
US.SMCI,Super Micro Computer,2026-08-28 09:40:00,38.36,38.85,38.97,38.315,0.0,0.0,1265532.0,48978731.594,1.3169904811579152,38.345
US.SMCI,Super Micro Computer,2026-08-28 09:45:00,38.83,38.4,38.86,38.38,0.0,0.0,499582.0,19312211.381,-1.1583011583011655,38.85
US.SMCI,Super Micro Computer,2026-08-28 09:50:00,38.4,38.1301,38.5226,38.1301,0.0,0.0,617419.0,23656889.947,-0.7028645833333329,38.4
US.SMCI,Super Micro Computer,2026-08-28 09:55:00,38.15,38.165,38.26,37.99,0.0,0.0,346523.0,13213059.996,0.09152873976202626,38.1301
US.SMCI,Super Micro Computer,2026-08-28 10:00:00,38.16,38.04,38.16,38.03,0.0,0.0,227381.0,8658060.181,-0.32752521944189705,38.165
US.SMCI,Super Micro Computer,2026-08-28 10:05:00,38.05,38.14,38.2583,37.98,0.0,0.0,544033.0,20739157.823,0.2628811777076799,38.04
US.SMCI,Super Micro Computer,2026-08-28 10:10:00,38.13,37.84,38.18,37.7,0.0,0.0,740088.0,28035707.045,-0.7865757734661697,38.14
US.SMCI,Super Micro Computer,2026-08-28 10:15:00,37.835,37.66,37.9,37.38,0.0,0.0,811602.0,30519497.314,-0.4756871035940983,37.84
US.SMCI,Super Micro Computer,2026-08-28 10:20:00,37.67,37.94,37.98,37.66,0.0,0.0,545415.0,20647685.71,0.7434944237918246,37.66
US.SMCI,Super Micro Computer,2026-08-28 10:25:00,37.96,38.06,38.1,37.86,0.0,0.0,423214.0,16078697.272,0.31628887717449805,37.94
US.SMCI,Super Micro Computer,2026-08-28 10:30:00,38.07,37.956,38.11,37.91,0.0,0.0,291172.0,11063218.645,-0.27325275880188965,38.06
US.SMCI,Super Micro Computer,2026-08-28 10:35:00,37.955,38.1,38.145,37.89,0.0,0.0,466997.0,17759971.68,0.37938665823584766,37.956
US.SMCI,Super Micro Computer,2026-08-28 10:40:00,38.105,38.03,38.19,38.02,0.0,0.0,360352.0,13741756.448,-0.18372703412073565,38.1
US.SMCI,Super Micro Computer,2026-08-28 10:45:00,38.03,38.03,38.0951,37.97,0.0,0.0,230087.0,8750614.168,0.0,38.03
US.SMCI,Super Micro Computer,2026-08-28 10:50:00,38.04,37.99,38.06,37.96,0.0,0.0,150717.0,5728366.207,-0.10518012095713684,38.03
US.SMCI,Super Micro Computer,2026-08-28 10:55:00,37.995,37.955,38.045,37.91,0.0,0.0,171408.0,6510044.624,-0.09212950776521109,37.99
US.SMCI,Super Micro Computer,2026-08-28 11:00:00,37.95,38.52,38.54,37.93,0.0,0.0,629847.0,24122087.075,1.488604926887116,37.955
US.SMCI,Super Micro Computer,2026-08-28 11:05:00,38.5101,38.2,38.58,38.15,0.0,0.0,691628.0,26540255.3,-0.8307372793354109,38.52
US.SMCI,Super Micro Computer,2026-08-28 11:10:00,38.2,38.21,38.45,38.175,0.0,0.0,364623.0,13968288.965,0.026178010471198977,38.2
US.SMCI,Super Micro Computer,2026-08-28 11:15:00,38.21,38.1601,38.31,38.1554,0.0,0.0,163769.0,6260589.051,-0.13059408531798206,38.21
US.SMCI,Super Micro Computer,2026-08-28 11:20:00,38.1601,38.04,38.19,37.98,0.0,0.0,334347.0,12736373.248,-0.31472663855702887,38.1601
US.SMCI,Super Micro Computer,2026-08-28 11:25:00,38.035,38.1,38.1054,37.935,0.0,0.0,226872.0,8627284.717,0.15772870662461166,38.04
US.SMCI,Super Micro Computer,2026-08-28 11:30:00,38.1,38.1488,38.185,38.09,0.0,0.0,177961.0,6786181.398,0.12808398950131222,38.1
US.SMCI,Super Micro Computer,2026-08-28 11:35:00,38.1401,38.06,38.1448,38.0301,0.0,0.0,149970.0,5709616.356,-0.23277272155349343,38.1488
US.SMCI,Super Micro Computer,2026-08-28 11:40:00,38.055,37.94,38.09,37.935,0.0,0.0,147673.0,5614305.155,-0.3152916447714255,38.06
US.SMCI,Super Micro Computer,2026-08-28 11:45:00,37.9307,37.715,37.9307,37.7,0.0,0.0,337075.0,12736748.984,-0.5930416447021464,37.94
US.SMCI,Super Micro Computer,2026-08-28 11:50:00,37.71,37.56,37.72,37.5,0.0,0.0,551655.0,20738386.316,-0.41097706482832064,37.715
US.SMCI,Super Micro Computer,2026-08-28 11:55:00,37.56,37.53,37.59,37.43,0.0,0.0,403852.0,15146125.267,-0.07987220447284647,37.56
US.SMCI,Super Micro Computer,2026-08-28 12:00:00,37.52,37.29,37.52,37.19,0.0,0.0,578212.0,21572642.48,-0.6394884092725872,37.53
US.SMCI,Super Micro Computer,2026-08-28 12:05:00,37.285,37.105,37.38,37.1,0.0,0.0,492098.0,18305083.629,-0.49611155805846685,37.29
US.SMCI,Super Micro Computer,2026-08-28 12:10:00,37.1013,37.41,37.4162,37.06,0.0,0.0,500540.0,18619161.451,0.8219916453308173,37.105
US.SMCI,Super Micro Computer,2026-08-28 12:15:00,37.4,37.33,37.41,37.17,0.0,0.0,337227.0,12577911.559,-0.2138465650895437,37.41
US.SMCI,Super Micro Computer,2026-08-28 12:20:00,37.33,37.1,37.34,37.0,0.0,0.0,495960.0,18413414.051,-0.6161264398606935,37.33
US.SMCI,Super Micro Computer,2026-08-28 12:25:00,37.09,37.07,37.15,36.96,0.0,0.0,263561.0,9766419.889,-0.08086253369272543,37.1
US.SMCI,Super Micro Computer,2026-08-28 12:30:00,37.07,37.09,37.137,37.01,0.0,0.0,181755.0,6738447.093,0.05395198273537396,37.07
US.SMCI,Super Micro Computer,2026-08-28 12:35:00,37.0801,36.995,37.17,36.99,0.0,0.0,437273.0,16228125.351,-0.25613372876787804,37.09
US.SMCI,Super Micro Computer,2026-08-28 12:40:00,36.995,37.035,37.12,36.99,0.0,0.0,201170.0,7457647.765,0.10812271928638775,36.995
US.SMCI,Super Micro Computer,2026-08-28 12:45:00,37.035,37.0134,37.09,36.92,0.0,0.0,351653.0,13012589.947,-0.05832320777642608,37.035
US.SMCI,Super Micro Computer,2026-08-28 12:50:00,37.02,37.14,37.19,36.98,0.0,0.0,248706.0,9233996.879,0.3420382888359442,37.0134
US.SMCI,Super Micro Computer,2026-08-28 12:55:00,37.135,37.08,37.24,37.07,0.0,0.0,176692.0,6563874.729,-0.16155088852989305,37.14
US.SMCI,Super Micro Computer,2026-08-28 13:00:00,37.07,37.085,37.15,37.01,0.0,0.0,181314.0,6724714.691,0.013484358144559219,37.08
US.SMCI,Super Micro Computer,2026-08-28 13:05:00,37.08,37.01,37.09,36.87,0.0,0.0,330936.0,12233940.525,-0.2022381016583601,37.085
US.SMCI,Super Micro Computer,2026-08-28 13:10:00,37.0,36.9301,37.01,36.9101,0.0,0.0,141994.0,5246676.639,-0.2158875979464874,37.01
US.SMCI,Super Micro Computer,2026-08-28 13:15:00,36.93,37.13,37.13,36.8803,0.0,0.0,240284.0,8892279.663,0.5412928749177487,36.9301
US.SMCI,Super Micro Computer,2026-08-28 13:20:00,37.14,37.2315,37.24,37.08,0.0,0.0,222221.0,8261952.686,0.27336385671961855,37.13
US.SMCI,Super Micro Computer,2026-08-28 13:25:00,37.23,37.175,37.26,37.11,0.0,0.0,290543.0,10803287.291,-0.15175321971986028,37.2315
US.SMCI,Super Micro Computer,2026-08-28 13:30:00,37.18,37.0619,37.185,37.0615,0.0,0.0,214642.0,7968479.317,-0.3042367182246019,37.175
US.SMCI,Super Micro Computer,2026-08-28 13:35:00,37.0699,37.2,37.22,37.065,0.0,0.0,165159.0,6134389.764,0.3726198602877927,37.0619
US.SMCI,Super Micro Computer,2026-08-28 13:40:00,37.2,37.13,37.2999,37.1272,0.0,0.0,186601.0,6945272.136,-0.18817204301075344,37.2
US.SMCI,Super Micro Computer,2026-08-28 13:45:00,37.13,37.2399,37.2399,37.11,0.0,0.0,136991.0,5093917.836,0.29598707244814465,37.13
US.SMCI,Super Micro Computer,2026-08-28 13:50:00,37.235,37.41,37.43,37.2,0.0,0.0,189837.0,7088054.043,0.4567681438457083,37.2399
US.SMCI,Super Micro Computer,2026-08-28 13:55:00,37.41,37.2818,37.41,37.26,0.0,0.0,259142.0,9675597.036,-0.3426891205560002,37.41
US.SMCI,Super Micro Computer,2026-08-28 14:00:00,37.28,37.19,37.28,37.17,0.0,0.0,148079.0,5511433.077,-0.2462327462729783,37.2818
US.SMCI,Super Micro Computer,2026-08-28 14:05:00,37.19,37.17,37.265,37.16,0.0,0.0,249882.0,9296874.085,-0.05377789728420549,37.19
US.SMCI,Super Micro Computer,2026-08-28 14:10:00,37.165,37.1914,37.23,37.14,0.0,0.0,134535.0,5001574.982,0.057573311810599576,37.17
US.SMCI,Super Micro Computer,2026-08-28 14:15:00,37.2,37.14,37.22,37.1399,0.0,0.0,109840.0,4084373.672,-0.1382039933963255,37.1914
US.SMCI,Super Micro Computer,2026-08-28 14:20:00,37.14,37.155,37.17,37.09,0.0,0.0,110867.0,4116748.766,0.04038772213247326,37.14
US.SMCI,Super Micro Computer,2026-08-28 14:25:00,37.155,37.155,37.175,37.1,0.0,0.0,98549.0,3660922.061,0.0,37.155
US.SMCI,Super Micro Computer,2026-08-28 14:30:00,37.155,37.18,37.2079,37.11,0.0,0.0,95621.0,3553619.022,0.06728569506122616,37.155
US.SMCI,Super Micro Computer,2026-08-28 14:35:00,37.185,37.2563,37.27,37.185,0.0,0.0,128887.0,4797880.584,0.20521785906402196,37.18
US.SMCI,Super Micro Computer,2026-08-28 14:40:00,37.26,37.19,37.3,37.18,0.0,0.0,130404.0,4856614.159,-0.1779564798436918,37.2563
US.SMCI,Super Micro Computer,2026-08-28 14:45:00,37.185,37.25,37.275,37.185,0.0,0.0,162007.0,6026706.838,0.1613336918526547,37.19
US.SMCI,Super Micro Computer,2026-08-28 14:50:00,37.255,37.135,37.28,37.125,0.0,0.0,139970.0,5210742.449,-0.30872483221477043,37.25
US.SMCI,Super Micro Computer,2026-08-28 14:55:00,37.13,37.07,37.13,37.0001,0.0,0.0,205762.0,7625718.328,-0.17503702706341115,37.135
US.SMCI,Super Micro Computer,2026-08-28 15:00:00,37.07,37.115,37.1426,37.04,0.0,0.0,115833.0,4296405.191,0.12139196115457704,37.07
US.SMCI,Super Micro Computer,2026-08-28 15:05:00,37.12,37.1679,37.215,37.115,0.0,0.0,134784.0,5009590.36,0.14252997440388268,37.115
US.SMCI,Super Micro Computer,2026-08-28 15:10:00,37.165,37.3501,37.39,37.14,0.0,0.0,191254.0,7130052.489,0.49020794825641095,37.1679
US.SMCI,Super Micro Computer,2026-08-28 15:15:00,37.35,37.275,37.35,37.2,0.0,0.0,175491.0,6539190.629,-0.20107041212740814,37.3501
US.SMCI,Super Micro Computer,2026-08-28 15:20:00,37.275,37.29,37.315,37.21,0.0,0.0,139172.0,5185814.86,0.040241448692154444,37.275
US.SMCI,Super Micro Computer,2026-08-28 15:25:00,37.285,37.28,37.3787,37.245,0.0,0.0,319769.0,11923269.882,-0.026816840976127677,37.29
US.SMCI,Super Micro Computer,2026-08-28 15:30:00,37.275,37.435,37.47,37.255,0.0,0.0,277475.0,10380157.927,0.41577253218884425,37.28
US.SMCI,Super Micro Computer,2026-08-28 15:35:00,37.435,37.4251,37.5,37.38,0.0,0.0,245300.0,9184251.61,-0.026445839455060228,37.435
US.SMCI,Super Micro Computer,2026-08-28 15:40:00,37.42,37.485,37.5,37.38,0.0,0.0,245263.0,9180290.698,0.16005301255039786,37.4251
US.SMCI,Super Micro Computer,2026-08-28 15:45:00,37.485,37.435,37.485,37.4,0.0,0.0,266155.0,9965998.604,-0.13338668800852918,37.485
US.SMCI,Super Micro Computer,2026-08-28 15:50:00,37.43,37.365,37.45,37.295,0.0,0.0,856403.0,31987420.518,-0.1869907840256452,37.435
US.SMCI,Super Micro Computer,2026-08-28 15:55:00,37.38,37.135,37.415,37.1,0.0,0.0,627071.0,23352956.367,-0.6155493108524126,37.365
US.SMCI,Super Micro Computer,2026-08-28 16:00:00,37.13,37.08,37.22,37.0301,0.0,0.0,3151681.0,116882946.337,-0.14810825366904462,37.135
US.SMCI,Super Micro Computer,2026-08-28 16:05:00,37.08,37.02,37.2,37.01,0.0,0.0,209585.0,7770678.371,-0.1618122977346148,37.08
US.SMCI,Super Micro Computer,2026-08-28 16:10:00,37.0207,37.0605,37.08,37.02,0.0,0.0,20727.0,768356.726,0.10940032414909354,37.02
US.SMCI,Super Micro Computer,2026-08-28 16:15:00,37.0605,37.0991,37.1,37.0605,0.0,0.0,3897.0,144592.249,0.10415401842933153,37.0605
US.SMCI,Super Micro Computer,2026-08-28 16:20:00,37.0991,37.12,37.14,37.0991,0.0,0.0,5096.0,189181.531,0.05633559843769115,37.0991
US.SMCI,Super Micro Computer,2026-08-28 16:25:00,37.12,37.139,37.14,37.1007,0.0,0.0,15923.0,590553.156,0.05118534482760091,37.12
US.SMCI,Super Micro Computer,2026-08-28 16:30:00,37.139,37.08,37.139,37.08,0.0,0.0,3705.0,137483.37,-0.158862651121475,37.139
US.SMCI,Super Micro Computer,2026-08-28 16:35:00,37.08,37.11,37.11,37.08,0.0,0.0,2821.0,104659.736,0.080906148867317,37.08
US.SMCI,Super Micro Computer,2026-08-28 16:40:00,37.11,37.1,37.11,37.09,0.0,0.0,3014.0,111803.604,-0.026946914578275423,37.11
US.SMCI,Super Micro Computer,2026-08-28 16:45:00,37.09,37.1,37.11,37.09,0.0,0.0,6345.0,235379.017,0.0,37.1
US.SMCI,Super Micro Computer,2026-08-28 16:50:00,37.1,37.12,37.12,37.1,0.0,0.0,1270.0,47134.256,0.053908355795137516,37.1
US.SMCI,Super Micro Computer,2026-08-28 16:55:00,37.12,37.108,37.1306,37.1,0.0,0.0,12076.0,445809.071,-0.032327586206897775,37.12
US.SMCI,Super Micro Computer,2026-08-28 17:00:00,37.108,37.0901,37.1092,37.0901,0.0,0.0,3788.0,140528.666,-0.04823757680283865,37.108
US.SMCI,Super Micro Computer,2026-08-28 17:05:00,37.09,37.08,37.1,37.08,0.0,0.0,2307.0,85580.729,-0.027230986166123388,37.0901
US.SMCI,Super Micro Computer,2026-08-28 17:10:00,37.08,37.0989,37.1,37.08,0.0,0.0,3771.0,139878.27,0.05097087378641353,37.08
US.SMCI,Super Micro Computer,2026-08-28 17:15:00,37.0989,37.0901,37.1213,37.09,0.0,0.0,22686.0,841571.474,-0.023720379849539494,37.0989
US.SMCI,Super Micro Computer,2026-08-28 17:20:00,37.0803,37.08,37.09,37.08,0.0,0.0,55522.0,2058795.162,-0.027230986166123388,37.0901
US.SMCI,Super Micro Computer,2026-08-28 17:25:00,37.08,37.08,37.1,37.08,0.0,0.0,1225.0,45434.856,0.0,37.08
US.SMCI,Super Micro Computer,2026-08-28 17:30:00,37.08,37.1,37.12,37.08,0.0,0.0,2116.0,78510.731,0.05393743257821771,37.08
US.SMCI,Super Micro Computer,2026-08-28 17:35:00,37.1,37.13,37.13,37.1,0.0,0.0,1837.0,68177.885,0.08086253369272543,37.1
US.SMCI,Super Micro Computer,2026-08-28 17:40:00,37.13,37.098,37.13,37.098,0.0,0.0,2127.0,78915.04,-0.08618367896580549,37.13
US.SMCI,Super Micro Computer,2026-08-28 17:45:00,37.098,37.09,37.1,37.09,0.0,0.0,1182.0,43845.137,-0.021564504825046002,37.098
US.SMCI,Super Micro Computer,2026-08-28 17:50:00,37.09,37.1001,37.1001,37.09,0.0,0.0,725.0,26898.095,0.027231059584778172,37.09
US.SMCI,Super Micro Computer,2026-08-28 17:55:00,37.1001,37.1001,37.1001,37.1001,0.0,0.0,376.0,13951.971,0.0,37.1001
US.SMCI,Super Micro Computer,2026-08-28 18:00:00,37.1001,37.1,37.1001,37.1,0.0,0.0,2561.0,95014.152,-0.0002695410524397892,37.1001
US.SMCI,Super Micro Computer,2026-08-28 18:05:00,37.1,37.1,37.1,37.1,0.0,0.0,345.0,12799.062,0.0,37.1
US.SMCI,Super Micro Computer,2026-08-28 18:10:00,37.1069,37.08,37.1092,37.08,0.0,0.0,3608.0,133821.908,-0.053908355795156675,37.1
US.SMCI,Super Micro Computer,2026-08-28 18:15:00,37.08,37.096,37.096,37.08,0.0,0.0,1119.0,41515.982,0.04314994606256267,37.08
US.SMCI,Super Micro Computer,2026-08-28 18:20:00,37.0804,37.0885,37.09,37.0804,0.0,0.0,1482.0,54963.377,-0.02021781324130143,37.096
US.SMCI,Super Micro Computer,2026-08-28 18:25:00,37.0801,37.05,37.0802,37.05,0.0,0.0,11658.0,432233.923,-0.10380576189386519,37.0885
US.SMCI,Super Micro Computer,2026-08-28 18:30:00,37.05,37.07,37.0973,37.05,0.0,0.0,785.0,29109.76,0.053981106612694,37.05
US.SMCI,Super Micro Computer,2026-08-28 18:35:00,37.07,37.07,37.07,37.07,0.0,0.0,167.0,6193.55,0.0,37.07
US.SMCI,Super Micro Computer,2026-08-28 18:40:00,37.0824,37.09,37.09,37.0634,0.0,0.0,1094.0,40564.298,0.05395198273537396,37.07
US.SMCI,Super Micro Computer,2026-08-28 18:45:00,37.09,37.0898,37.09,37.0898,0.0,0.0,443.0,16430.562,-0.0005392289026870835,37.09
US.SMCI,Super Micro Computer,2026-08-28 18:50:00,37.0898,37.0802,37.0899,37.0599,0.0,0.0,3230.0,119766.203,-0.025883126897419086,37.0898
US.SMCI,Super Micro Computer,2026-08-28 18:55:00,37.0802,37.0869,37.09,37.07,0.0,0.0,2186.0,81066.523,0.018068942454469362,37.0802
US.SMCI,Super Micro Computer,2026-08-28 19:00:00,37.0869,37.09,37.09,37.07,0.0,0.0,2856.0,105918.83,0.008358746619435524,37.0869
US.SMCI,Super Micro Computer,2026-08-28 19:05:00,37.09,37.09,37.09,37.09,0.0,0.0,166.0,6154.874,0.0,37.09
US.SMCI,Super Micro Computer,2026-08-28 19:10:00,37.09,37.08,37.09,37.07,0.0,0.0,1814.0,67252.759,-0.026961445133472945,37.09
US.SMCI,Super Micro Computer,2026-08-28 19:15:00,37.08,37.07,37.08,37.07,0.0,0.0,2087.0,77375.505,-0.026968716289099276,37.08
US.SMCI,Super Micro Computer,2026-08-28 19:20:00,37.07,37.0701,37.0701,37.07,0.0,0.0,436.0,16163.874,0.00026975991366661513,37.07
US.SMCI,Super Micro Computer,2026-08-28 19:25:00,37.0798,37.07,37.0798,37.05,0.0,0.0,6514.0,241422.132,-0.00026975918596446795,37.0701
US.SMCI,Super Micro Computer,2026-08-28 19:30:00,37.07,37.0511,37.07,37.051,0.0,0.0,3410.0,126351.328,-0.050984623684926185,37.07
US.SMCI,Super Micro Computer,2026-08-28 19:35:00,37.0511,37.0014,37.0511,37.0,0.0,0.0,13359.0,494545.253,-0.13413906739611353,37.0511
US.SMCI,Super Micro Computer,2026-08-28 19:40:00,37.0014,37.0,37.0654,37.0,0.0,0.0,5142.0,190405.113,-0.0037836406189947877,37.0014
US.SMCI,Super Micro Computer,2026-08-28 19:45:00,37.0,37.025,37.025,36.98,0.0,0.0,2124.0,78606.707,0.06756756756756373,37.0
US.SMCI,Super Micro Computer,2026-08-28 19:50:00,37.025,37.0034,37.07,37.0,0.0,0.0,5720.0,211728.828,-0.058338960162051035,37.025
US.SMCI,Super Micro Computer,2026-08-28 19:55:00,37.0034,37.04,37.0667,37.0,0.0,0.0,11280.0,417650.443,0.09890982990752191,37.0034
US.SMCI,Super Micro Computer,2026-08-28 20:00:00,37.04,37.04,37.0479,37.02,0.0,0.0,11800.0,438410.622,0.0,37.04
US.SMCI,Super Micro Computer,2026-08-31 04:05:00,37.08,36.94,37.08,36.94,0.0,0.0,80228.0,2956534.906,-0.26997840172786564,37.04
US.SMCI,Super Micro Computer,2026-08-31 04:10:00,36.94,36.95,36.97,36.9,0.0,0.0,12317.0,454337.462,0.02707092582567709,36.94
US.SMCI,Super Micro Computer,2026-08-31 04:15:00,36.95,36.96,37.01,36.95,0.0,0.0,15615.0,577326.578,0.027063599458722623,36.95
US.SMCI,Super Micro Computer,2026-08-31 04:20:00,36.96,36.925,36.96,36.89,0.0,0.0,8014.0,295799.522,-0.0946969696969797,36.96
US.SMCI,Super Micro Computer,2026-08-31 04:25:00,36.925,36.86,36.925,36.85,0.0,0.0,3548.0,130825.735,-0.17603249830737366,36.925
US.SMCI,Super Micro Computer,2026-08-31 04:30:00,36.86,36.86,36.92,36.86,0.0,0.0,4005.0,147765.551,0.0,36.86
US.SMCI,Super Micro Computer,2026-08-31 04:35:00,36.86,36.81,36.87,36.81,0.0,0.0,7390.0,272230.39,-0.13564839934887998,36.86
US.SMCI,Super Micro Computer,2026-08-31 04:40:00,36.81,36.75,36.81,36.75,0.0,0.0,8316.0,305914.477,-0.16299918500408114,36.81
US.SMCI,Super Micro Computer,2026-08-31 04:45:00,36.75,36.6,36.76,36.6,0.0,0.0,13972.0,512563.47,-0.4081632653061186,36.75
US.SMCI,Super Micro Computer,2026-08-31 04:50:00,36.63,36.64,36.7,36.63,0.0,0.0,5495.0,201426.899,0.10928961748633645,36.6
US.SMCI,Super Micro Computer,2026-08-31 04:55:00,36.64,36.6,36.652,36.6,0.0,0.0,10100.0,369947.04,-0.10917030567685357,36.64
US.SMCI,Super Micro Computer,2026-08-31 05:00:00,36.6,36.6,36.64,36.57,0.0,0.0,6887.0,252202.609,0.0,36.6
US.SMCI,Super Micro Computer,2026-08-31 05:05:00,36.6,36.57,36.61,36.53,0.0,0.0,10277.0,375836.497,-0.0819672131147572,36.6
US.SMCI,Super Micro Computer,2026-08-31 05:10:00,36.57,36.58,36.6,36.53,0.0,0.0,6185.0,226060.399,0.027344818156953814,36.57
US.SMCI,Super Micro Computer,2026-08-31 05:15:00,36.57,36.68,36.7,36.57,0.0,0.0,8280.0,303243.437,0.2733734281027923,36.58
US.SMCI,Super Micro Computer,2026-08-31 05:20:00,36.68,36.68,36.7,36.68,0.0,0.0,4086.0,149913.04,0.0,36.68
US.SMCI,Super Micro Computer,2026-08-31 05:25:00,36.68,36.69,36.69,36.65,0.0,0.0,5444.0,199604.88,0.027262813522350084,36.68
US.SMCI,Super Micro Computer,2026-08-31 05:30:00,36.69,36.6,36.69,36.59,0.0,0.0,12575.0,460427.197,-0.24529844644316248,36.69
US.SMCI,Super Micro Computer,2026-08-31 05:35:00,36.6,36.46,36.62,36.46,0.0,0.0,25971.0,948377.44,-0.3825136612021873,36.6
US.SMCI,Super Micro Computer,2026-08-31 05:40:00,36.47,36.43,36.47,36.43,0.0,0.0,4995.0,182075.689,-0.08228195282501684,36.46
US.SMCI,Super Micro Computer,2026-08-31 05:45:00,36.43,36.34,36.43,36.3,0.0,0.0,16336.0,594092.014,-0.2470491353280162,36.43
US.SMCI,Super Micro Computer,2026-08-31 05:50:00,36.34,36.25,36.34,36.25,0.0,0.0,11797.0,428037.554,-0.24766097963677325,36.34
US.SMCI,Super Micro Computer,2026-08-31 05:55:00,36.25,36.33,36.33,36.25,0.0,0.0,7574.0,274786.106,0.22068965517240907,36.25
US.SMCI,Super Micro Computer,2026-08-31 06:00:00,36.33,36.31,36.33,36.27,0.0,0.0,9374.0,340163.891,-0.055050922102934274,36.33
US.SMCI,Super Micro Computer,2026-08-31 06:05:00,36.31,36.45,36.45,36.29,0.0,0.0,10057.0,365822.327,0.3855687138529346,36.31
US.SMCI,Super Micro Computer,2026-08-31 06:10:00,36.45,36.4849,36.4849,36.45,0.0,0.0,2381.0,86810.736,0.09574759945130418,36.45
US.SMCI,Super Micro Computer,2026-08-31 06:15:00,36.4849,36.45,36.4849,36.45,0.0,0.0,1025.0,37361.61,-0.09565601111692884,36.4849
US.SMCI,Super Micro Computer,2026-08-31 06:20:00,36.45,36.53,36.54,36.45,0.0,0.0,2147.0,78399.97,0.2194787379972518,36.45
US.SMCI,Super Micro Computer,2026-08-31 06:25:00,36.52,36.57,36.58,36.51,0.0,0.0,2105.0,76933.62,0.10949904188338119,36.53
US.SMCI,Super Micro Computer,2026-08-31 06:30:00,36.57,36.6727,36.6727,36.52,0.0,0.0,2158.0,78915.233,0.280831282471968,36.57
US.SMCI,Super Micro Computer,2026-08-31 06:35:00,36.6727,36.6727,36.6727,36.6727,0.0,0.0,12.0,439.32,0.0,36.6727
US.SMCI,Super Micro Computer,2026-08-31 06:40:00,36.6727,36.61,36.6727,36.61,0.0,0.0,4677.0,171259.104,-0.1709718673563701,36.6727
US.SMCI,Super Micro Computer,2026-08-31 06:45:00,36.6,36.5625,36.6,36.5617,0.0,0.0,1026.0,37567.869,-0.1297459710461607,36.61
US.SMCI,Super Micro Computer,2026-08-31 06:50:00,36.5625,36.6,36.6,36.5625,0.0,0.0,547.0,20019.126,0.10256410256410645,36.5625
US.SMCI,Super Micro Computer,2026-08-31 06:55:00,36.6,36.75,36.75,36.6,0.0,0.0,5074.0,186235.705,0.4098360655737666,36.6
US.SMCI,Super Micro Computer,2026-08-31 07:00:00,36.75,36.65,36.75,36.65,0.0,0.0,2595.0,95159.568,-0.2721088435374189,36.75
US.SMCI,Super Micro Computer,2026-08-31 07:05:00,36.65,36.5568,36.71,36.5568,0.0,0.0,11510.0,421857.799,-0.2542974079126765,36.65
US.SMCI,Super Micro Computer,2026-08-31 07:10:00,36.5568,36.5,36.6,36.5,0.0,0.0,10839.0,395885.079,-0.15537464985995114,36.5568
US.SMCI,Super Micro Computer,2026-08-31 07:15:00,36.5,36.43,36.55,36.4,0.0,0.0,12607.0,459609.151,-0.19178082191780899,36.5
US.SMCI,Super Micro Computer,2026-08-31 07:20:00,36.43,36.5101,36.57,36.421,0.0,0.0,2742.0,100145.076,0.21987373044194788,36.43
US.SMCI,Super Micro Computer,2026-08-31 07:25:00,36.5101,36.6273,36.6273,36.5101,0.0,0.0,1460.0,53447.86,0.3210070637987758,36.5101
US.SMCI,Super Micro Computer,2026-08-31 07:30:00,36.6129,36.64,36.64,36.6129,0.0,0.0,2042.0,74790.257,0.03467359046395005,36.6273
US.SMCI,Super Micro Computer,2026-08-31 07:35:00,36.64,36.7,36.7,36.6199,0.0,0.0,11011.0,403668.572,0.16375545851529003,36.64
US.SMCI,Super Micro Computer,2026-08-31 07:40:00,36.7,36.6,36.7,36.6,0.0,0.0,8140.0,298351.012,-0.2724795640327014,36.7
US.SMCI,Super Micro Computer,2026-08-31 07:45:00,36.64,36.54,36.64,36.51,0.0,0.0,11819.0,432188.56,-0.1639344262295144,36.6
US.SMCI,Super Micro Computer,2026-08-31 07:50:00,36.5,36.5,36.51,36.4708,0.0,0.0,11910.0,434658.819,-0.10946907498631403,36.54
US.SMCI,Super Micro Computer,2026-08-31 07:55:00,36.5,36.4201,36.5,36.4201,0.0,0.0,5761.0,210088.174,-0.2189041095890468,36.5
US.SMCI,Super Micro Computer,2026-08-31 08:00:00,36.43,36.43,36.5,36.41,0.0,0.0,7806.0,284478.986,0.027182791919851394,36.4201
US.SMCI,Super Micro Computer,2026-08-31 08:05:00,36.43,36.55,36.5622,36.43,0.0,0.0,4958.0,180988.016,0.3293988471040281,36.43
US.SMCI,Super Micro Computer,2026-08-31 08:10:00,36.55,36.61,36.7,36.55,0.0,0.0,12481.0,457242.223,0.1641586867305124,36.55
US.SMCI,Super Micro Computer,2026-08-31 08:15:00,36.61,36.55,36.7,36.55,0.0,0.0,1732.0,63417.398,-0.1638896476372638,36.61
US.SMCI,Super Micro Computer,2026-08-31 08:20:00,36.63,36.7,36.72,36.63,0.0,0.0,9420.0,345626.404,0.410396716826281,36.55
US.SMCI,Super Micro Computer,2026-08-31 08:25:00,36.7,36.65,36.75,36.65,0.0,0.0,6629.0,243392.684,-0.13623978201636036,36.7
US.SMCI,Super Micro Computer,2026-08-31 08:30:00,36.65,36.6,36.65,36.5003,0.0,0.0,3391.0,123922.685,-0.13642564802182036,36.65
US.SMCI,Super Micro Computer,2026-08-31 08:35:00,36.6,36.59,36.6,36.54,0.0,0.0,2162.0,79036.521,-0.027322404371579262,36.6
US.SMCI,Super Micro Computer,2026-08-31 08:40:00,36.59,36.5,36.6282,36.5,0.0,0.0,14566.0,532568.256,-0.24596884394644272,36.59
US.SMCI,Super Micro Computer,2026-08-31 08:45:00,36.5,36.45,36.5,36.45,0.0,0.0,17026.0,620933.928,-0.13698630136985523,36.5
US.SMCI,Super Micro Computer,2026-08-31 08:50:00,36.45,36.4627,36.5292,36.45,0.0,0.0,947.0,34548.418,0.034842249657051495,36.45
US.SMCI,Super Micro Computer,2026-08-31 08:55:00,36.457,36.5,36.5,36.457,0.0,0.0,7184.0,262070.463,0.10229631925228216,36.4627
US.SMCI,Super Micro Computer,2026-08-31 09:00:00,36.5,36.5,36.53,36.4593,0.0,0.0,32864.0,1199953.365,0.0,36.5
US.SMCI,Super Micro Computer,2026-08-31 09:05:00,36.5,36.4999,36.52,36.46,0.0,0.0,4111.0,149966.632,-0.000273972602748821,36.5
US.SMCI,Super Micro Computer,2026-08-31 09:10:00,36.5053,36.33,36.5053,36.314,0.0,0.0,56389.0,2050865.241,-0.46548072734445406,36.4999
US.SMCI,Super Micro Computer,2026-08-31 09:15:00,36.33,36.4161,36.4436,36.3239,0.0,0.0,44214.0,1607483.533,0.2369942196531843,36.33
US.SMCI,Super Micro Computer,2026-08-31 09:20:00,36.4161,36.39,36.43,36.36,0.0,0.0,10489.0,381801.981,-0.07167159580515092,36.4161
US.SMCI,Super Micro Computer,2026-08-31 09:25:00,36.38,36.35,36.43,36.35,0.0,0.0,14817.0,539052.582,-0.10992030777685943,36.39
US.SMCI,Super Micro Computer,2026-08-31 09:30:00,36.35,36.59,36.59,36.1768,0.0,0.0,62382.0,2266492.269,0.6602475928473233,36.35
US.SMCI,Super Micro Computer,2026-08-31 09:35:00,36.535,36.855,37.2037,36.19,0.0,0.0,1778317.0,65243023.72,0.7242415960644806,36.59
US.SMCI,Super Micro Computer,2026-08-31 09:40:00,36.8515,36.24,36.89,36.12,0.0,0.0,794096.0,28858101.946,-1.668701668701655,36.855
US.SMCI,Super Micro Computer,2026-08-31 09:45:00,36.24,36.495,36.56,36.23,0.0,0.0,535519.0,19480250.891,0.7036423841059476,36.24
US.SMCI,Super Micro Computer,2026-08-31 09:50:00,36.48,37.2524,37.34,36.45,0.0,0.0,885541.0,32752236.337,2.0753527880531695,36.495
US.SMCI,Super Micro Computer,2026-08-31 09:55:00,37.28,37.21,37.3451,37.07,0.0,0.0,661092.0,24598550.339,-0.11381817010447826,37.2524
US.SMCI,Super Micro Computer,2026-08-31 10:00:00,37.215,37.3873,37.46,37.1954,0.0,0.0,535804.0,20017667.283,0.4764848159097083,37.21
US.SMCI,Super Micro Computer,2026-08-31 10:05:00,37.4,37.4,37.55,37.34,0.0,0.0,538836.0,20178040.939,0.03396875409562945,37.3873
US.SMCI,Super Micro Computer,2026-08-31 10:10:00,37.42,37.33,37.545,37.3063,0.0,0.0,429727.0,16077973.157,-0.1871657754010703,37.4
US.SMCI,Super Micro Computer,2026-08-31 10:15:00,37.33,37.295,37.385,37.22,0.0,0.0,313231.0,11683331.744,-0.09375837128314114,37.33
US.SMCI,Super Micro Computer,2026-08-31 10:20:00,37.3,37.3,37.35,37.21,0.0,0.0,206144.0,7686828.297,0.013406622871686426,37.295
US.SMCI,Super Micro Computer,2026-08-31 10:25:00,37.2974,37.1217,37.46,37.1217,0.0,0.0,327334.0,12204845.974,-0.4780160857908851,37.3
US.SMCI,Super Micro Computer,2026-08-31 10:30:00,37.125,37.175,37.26,37.12,0.0,0.0,304351.0,11320286.818,0.1435817863944812,37.1217
US.SMCI,Super Micro Computer,2026-08-31 10:35:00,37.17,37.12,37.275,37.1,0.0,0.0,326303.0,12143399.765,-0.14794889038332137,37.175
US.SMCI,Super Micro Computer,2026-08-31 10:40:00,37.12,37.2,37.31,37.1,0.0,0.0,257815.0,9600509.754,0.2155172413793249,37.12
US.SMCI,Super Micro Computer,2026-08-31 10:45:00,37.2,37.24,37.34,37.165,0.0,0.0,184917.0,6886967.761,0.1075268817204278,37.2
US.SMCI,Super Micro Computer,2026-08-31 10:50:00,37.24,37.215,37.2955,37.16,0.0,0.0,205770.0,7660154.25,-0.06713211600429264,37.24
US.SMCI,Super Micro Computer,2026-08-31 10:55:00,37.215,37.23,37.235,37.15,0.0,0.0,176724.0,6572170.826,0.04030632809349311,37.215
US.SMCI,Super Micro Computer,2026-08-31 11:00:00,37.2216,37.36,37.475,37.22,0.0,0.0,301820.0,11265882.752,0.34918076819769694,37.23
US.SMCI,Super Micro Computer,2026-08-31 11:05:00,37.37,37.44,37.54,37.37,0.0,0.0,418650.0,15679041.582,0.2141327623126293,37.36
US.SMCI,Super Micro Computer,2026-08-31 11:10:00,37.44,37.53,37.59,37.37,0.0,0.0,430253.0,16130203.427,0.2403846153846245,37.44
US.SMCI,Super Micro Computer,2026-08-31 11:15:00,37.53,37.47,37.555,37.42,0.0,0.0,200999.0,7533800.081,-0.15987210231815152,37.53
US.SMCI,Super Micro Computer,2026-08-31 11:20:00,37.47,37.47,37.54,37.37,0.0,0.0,219019.0,8205759.482,0.0,37.47
US.SMCI,Super Micro Computer,2026-08-31 11:25:00,37.47,37.51,37.555,37.42,0.0,0.0,158134.0,5929577.757,0.10675206832132145,37.47
US.SMCI,Super Micro Computer,2026-08-31 11:30:00,37.52,37.495,37.59,37.48,0.0,0.0,166561.0,6251521.118,-0.039989336177020975,37.51
US.SMCI,Super Micro Computer,2026-08-31 11:35:00,37.4999,37.33,37.52,37.31,0.0,0.0,202458.0,7577081.037,-0.44005867448992975,37.495
US.SMCI,Super Micro Computer,2026-08-31 11:40:00,37.33,37.3631,37.4,37.31,0.0,0.0,104419.0,3900910.663,0.08866863112779151,37.33
US.SMCI,Super Micro Computer,2026-08-31 11:45:00,37.365,37.3,37.37,37.27,0.0,0.0,109887.0,4100626.4,-0.1688832029462376,37.3631
US.SMCI,Super Micro Computer,2026-08-31 11:50:00,37.305,37.3201,37.3499,37.275,0.0,0.0,66863.0,2494865.29,0.053887399463805205,37.3
US.SMCI,Super Micro Computer,2026-08-31 11:55:00,37.35,37.27,37.355,37.2401,0.0,0.0,93633.0,3492933.901,-0.13424401327968943,37.3201
US.SMCI,Super Micro Computer,2026-08-31 12:00:00,37.2689,37.2401,37.3086,37.2401,0.0,0.0,120196.0,4481534.667,-0.08022538234506284,37.27
US.SMCI,Super Micro Computer,2026-08-31 12:05:00,37.25,37.195,37.27,37.185,0.0,0.0,128090.0,4769773.187,-0.12110601206763119,37.2401
US.SMCI,Super Micro Computer,2026-08-31 12:10:00,37.2,37.275,37.3,37.2,0.0,0.0,112895.0,4203960.374,0.21508267240220003,37.195
US.SMCI,Super Micro Computer,2026-08-31 12:15:00,37.27,37.3,37.34,37.25,0.0,0.0,143752.0,5359048.688,0.06706908115358438,37.275
US.SMCI,Super Micro Computer,2026-08-31 12:20:00,37.295,37.305,37.35,37.255,0.0,0.0,78987.0,2945785.538,0.013404825737272275,37.3
US.SMCI,Super Micro Computer,2026-08-31 12:25:00,37.305,37.295,37.315,37.2563,0.0,0.0,46497.0,1733733.365,-0.026806058169140893,37.305
US.SMCI,Super Micro Computer,2026-08-31 12:30:00,37.295,37.36,37.385,37.2606,0.0,0.0,189904.0,7089395.862,0.17428609733207595,37.295
US.SMCI,Super Micro Computer,2026-08-31 12:35:00,37.37,37.415,37.46,37.35,0.0,0.0,219926.0,8227200.182,0.147216274089935,37.36
US.SMCI,Super Micro Computer,2026-08-31 12:40:00,37.42,37.365,37.4403,37.365,0.0,0.0,91104.0,3407380.422,-0.1336362421488632,37.415
US.SMCI,Super Micro Computer,2026-08-31 12:45:00,37.37,37.435,37.47,37.3101,0.0,0.0,252903.0,9459322.307,0.1873410946072535,37.365
US.SMCI,Super Micro Computer,2026-08-31 12:50:00,37.435,37.445,37.47,37.37,0.0,0.0,73705.0,2757986.053,0.02671296914651532,37.435
US.SMCI,Super Micro Computer,2026-08-31 12:55:00,37.45,37.46,37.48,37.42,0.0,0.0,101829.0,3812774.626,0.040058752837496506,37.445
US.SMCI,Super Micro Computer,2026-08-31 13:00:00,37.45,37.465,37.495,37.44,0.0,0.0,120424.0,4512187.362,0.01334757074213176,37.46
US.SMCI,Super Micro Computer,2026-08-31 13:05:00,37.46,37.379,37.47,37.375,0.0,0.0,97786.0,3659106.043,-0.22954757773923826,37.465
US.SMCI,Super Micro Computer,2026-08-31 13:10:00,37.38,37.33,37.418,37.32,0.0,0.0,183696.0,6862286.976,-0.13108964926830435,37.379
US.SMCI,Super Micro Computer,2026-08-31 13:15:00,37.33,37.3579,37.38,37.29,0.0,0.0,115853.0,4324054.676,0.07473881596571787,37.33
US.SMCI,Super Micro Computer,2026-08-31 13:20:00,37.36,37.395,37.435,37.3405,0.0,0.0,89876.0,3360774.762,0.09930965070307045,37.3579
US.SMCI,Super Micro Computer,2026-08-31 13:25:00,37.39,37.315,37.39,37.31,0.0,0.0,54915.0,2051574.568,-0.21393234389625723,37.395
US.SMCI,Super Micro Computer,2026-08-31 13:30:00,37.31,37.29,37.31,37.26,0.0,0.0,60956.0,2273357.213,-0.06699718611817923,37.315
US.SMCI,Super Micro Computer,2026-08-31 13:35:00,37.2836,37.246,37.335,37.245,0.0,0.0,82906.0,3091744.725,-0.11799410029497703,37.29
US.SMCI,Super Micro Computer,2026-08-31 13:40:00,37.245,37.235,37.28,37.21,0.0,0.0,115170.0,4289219.029,-0.02953337271117109,37.246
US.SMCI,Super Micro Computer,2026-08-31 13:45:00,37.23,37.21,37.23,37.17,0.0,0.0,88223.0,3281723.689,-0.06714113065663645,37.235
US.SMCI,Super Micro Computer,2026-08-31 13:50:00,37.215,37.345,37.365,37.18,0.0,0.0,111889.0,4168954.344,0.3628056973931685,37.21
US.SMCI,Super Micro Computer,2026-08-31 13:55:00,37.345,37.395,37.43,37.3407,0.0,0.0,138674.0,5186395.158,0.13388673182488758,37.345
US.SMCI,Super Micro Computer,2026-08-31 14:00:00,37.395,37.385,37.4692,37.35,0.0,0.0,141003.0,5274361.693,-0.02674154298704403,37.395
US.SMCI,Super Micro Computer,2026-08-31 14:05:00,37.38,37.405,37.44,37.37,0.0,0.0,121026.0,4528052.671,0.05349739200214826,37.385
US.SMCI,Super Micro Computer,2026-08-31 14:10:00,37.4,37.38,37.41,37.34,0.0,0.0,126619.0,4732689.338,-0.06683598449404779,37.405
US.SMCI,Super Micro Computer,2026-08-31 14:15:00,37.385,37.385,37.405,37.35,0.0,0.0,95325.0,3563330.905,0.013376136971630424,37.38
US.SMCI,Super Micro Computer,2026-08-31 14:20:00,37.39,37.415,37.415,37.36,0.0,0.0,86732.0,3243320.216,0.0802460880032129,37.385
US.SMCI,Super Micro Computer,2026-08-31 14:25:00,37.415,37.355,37.44,37.35,0.0,0.0,128437.0,4803366.372,-0.160363490578651,37.415
US.SMCI,Super Micro Computer,2026-08-31 14:30:00,37.355,37.415,37.4399,37.33,0.0,0.0,72333.0,2704240.379,0.16062106813010915,37.355
US.SMCI,Super Micro Computer,2026-08-31 14:35:00,37.415,37.3218,37.445,37.31,0.0,0.0,109051.0,4076639.032,-0.24909795536548432,37.415
US.SMCI,Super Micro Computer,2026-08-31 14:40:00,37.33,37.265,37.34,37.24,0.0,0.0,162269.0,6049581.827,-0.15218987294289832,37.3218
US.SMCI,Super Micro Computer,2026-08-31 14:45:00,37.265,37.345,37.345,37.255,0.0,0.0,110900.0,4136163.712,0.21467865289144855,37.265
US.SMCI,Super Micro Computer,2026-08-31 14:50:00,37.345,37.325,37.365,37.315,0.0,0.0,95936.0,3581800.476,-0.05355469272993981,37.345
US.SMCI,Super Micro Computer,2026-08-31 14:55:00,37.325,37.25,37.325,37.22,0.0,0.0,121443.0,4527240.475,-0.20093770931012148,37.325
US.SMCI,Super Micro Computer,2026-08-31 15:00:00,37.245,37.175,37.2489,37.17,0.0,0.0,151439.0,5635876.607,-0.20134228187920225,37.25
US.SMCI,Super Micro Computer,2026-08-31 15:05:00,37.18,37.155,37.235,37.13,0.0,0.0,132685.0,4933248.636,-0.05379959650301553,37.175
US.SMCI,Super Micro Computer,2026-08-31 15:10:00,37.155,37.185,37.2192,37.11,0.0,0.0,126211.0,4690561.518,0.08074283407347903,37.155
US.SMCI,Super Micro Computer,2026-08-31 15:15:00,37.185,37.3068,37.33,37.185,0.0,0.0,229636.0,8557247.857,0.3275514320290449,37.185
US.SMCI,Super Micro Computer,2026-08-31 15:20:00,37.3,37.295,37.345,37.27,0.0,0.0,145511.0,5428851.612,-0.03162962248169481,37.3068
US.SMCI,Super Micro Computer,2026-08-31 15:25:00,37.295,37.295,37.33,37.285,0.0,0.0,127212.0,4745345.274,0.0,37.295
US.SMCI,Super Micro Computer,2026-08-31 15:30:00,37.3,37.34,37.385,37.3,0.0,0.0,134838.0,5034727.568,0.12065960584529214,37.295
US.SMCI,Super Micro Computer,2026-08-31 15:35:00,37.35,37.3898,37.415,37.32,0.0,0.0,218691.0,8171510.797,0.13336904124262886,37.34
US.SMCI,Super Micro Computer,2026-08-31 15:40:00,37.385,37.215,37.385,37.21,0.0,0.0,510912.0,19040267.298,-0.46750718110286127,37.3898
US.SMCI,Super Micro Computer,2026-08-31 15:45:00,37.2176,37.2575,37.285,37.11,0.0,0.0,221307.0,8232463.519,0.1142012629316052,37.215
US.SMCI,Super Micro Computer,2026-08-31 15:50:00,37.26,37.315,37.3669,37.215,0.0,0.0,461238.0,17192714.837,0.15433134268267445,37.2575
US.SMCI,Super Micro Computer,2026-08-31 15:55:00,37.32,37.395,37.44,37.295,0.0,0.0,562315.0,21002607.985,0.2143909955782002,37.315
US.SMCI,Super Micro Computer,2026-08-31 16:00:00,37.395,37.28,37.44,37.25,0.0,0.0,3082841.0,114982750.96,-0.30752774435085434,37.395
US.SMCI,Super Micro Computer,2026-08-31 16:05:00,37.28,37.3,37.4,37.28,0.0,0.0,400909.0,14946075.97,0.05364806866951722,37.28
US.SMCI,Super Micro Computer,2026-08-31 16:10:00,37.39,37.2938,37.39,37.28,0.0,0.0,147583.0,5501704.502,-0.016621983914208476,37.3
US.SMCI,Super Micro Computer,2026-08-31 16:15:00,37.2938,37.21,37.31,37.21,0.0,0.0,110064.0,4103026.707,-0.22470222932497239,37.2938
US.SMCI,Super Micro Computer,2026-08-31 16:20:00,37.21,37.2683,37.2683,37.21,0.0,0.0,1403.0,52287.04,0.15667831228165194,37.21
US.SMCI,Super Micro Computer,2026-08-31 16:25:00,37.2683,37.25,37.2683,37.2,0.0,0.0,76891.0,2866041.713,-0.04910339350065212,37.2683
US.SMCI,Super Micro Computer,2026-08-31 16:30:00,37.2272,37.27,37.27,37.2272,0.0,0.0,3532.0,131585.989,0.05369127516779363,37.25
US.SMCI,Super Micro Computer,2026-08-31 16:35:00,37.27,37.28,37.31,37.27,0.0,0.0,1698.0,63342.175,0.026831231553522968,37.27
US.SMCI,Super Micro Computer,2026-08-31 16:40:00,37.28,37.3376,37.3376,37.28,0.0,0.0,3354.0,125132.479,0.15450643776824238,37.28
US.SMCI,Super Micro Computer,2026-08-31 16:45:00,37.3342,37.3559,37.3559,37.3342,0.0,0.0,68718.0,2561887.722,0.04901225574219133,37.3376
US.SMCI,Super Micro Computer,2026-08-31 16:50:00,37.3559,37.3799,37.3799,37.3,0.0,0.0,1380.0,51529.452,0.06424687934168609,37.3559
US.SMCI,Super Micro Computer,2026-08-31 16:55:00,37.3799,37.3799,37.3799,37.3799,0.0,0.0,148.0,5523.455,0.0,37.3799
US.SMCI,Super Micro Computer,2026-08-31 17:00:00,37.3799,37.32,37.3799,37.32,0.0,0.0,1709.0,63781.812,-0.1602465496162348,37.3799
US.SMCI,Super Micro Computer,2026-08-31 17:05:00,37.34,37.28,37.34,37.28,0.0,0.0,33957.0,1266072.503,-0.1071811361200406,37.32
US.SMCI,Super Micro Computer,2026-08-31 17:10:00,37.28,37.3006,37.35,37.28,0.0,0.0,3328.0,124172.177,0.05525751072961837,37.28
US.SMCI,Super Micro Computer,2026-08-31 17:15:00,37.3006,37.34,37.3422,37.3006,0.0,0.0,4924.0,183859.829,0.10562832769446213,37.3006
US.SMCI,Super Micro Computer,2026-08-31 17:20:00,37.3,37.3338,37.3338,37.3,0.0,0.0,713.0,26625.586,-0.016604177825406713,37.34
US.SMCI,Super Micro Computer,2026-08-31 17:25:00,37.3177,37.3582,37.3582,37.31,0.0,0.0,2110.0,78805.107,0.06535632590306902,37.3338
US.SMCI,Super Micro Computer,2026-08-31 17:30:00,37.3582,37.3216,37.3582,37.3216,0.0,0.0,574.0,21453.092,-0.09797045896215548,37.3582
US.SMCI,Super Micro Computer,2026-08-31 17:35:00,37.3216,37.34,37.34,37.3216,0.0,0.0,11784.0,439343.711,0.0493012089514031,37.3216
US.SMCI,Super Micro Computer,2026-08-31 17:40:00,37.34,37.34,37.34,37.34,0.0,0.0,405.0,15139.162,0.0,37.34
US.SMCI,Super Micro Computer,2026-08-31 17:45:00,37.34,37.3354,37.34,37.33,0.0,0.0,871.0,32529.696,-0.012319228709168423,37.34
US.SMCI,Super Micro Computer,2026-08-31 17:50:00,37.3354,37.32,37.3354,37.32,0.0,0.0,383.0,14295.071,-0.041247716644256215,37.3354
US.SMCI,Super Micro Computer,2026-08-31 17:55:00,37.32,37.32,37.32,37.32,0.0,0.0,551.0,20565.726,0.0,37.32
US.SMCI,Super Micro Computer,2026-08-31 18:00:00,37.32,37.32,37.32,37.32,0.0,0.0,574.0,21451.706,0.0,37.32
US.SMCI,Super Micro Computer,2026-08-31 18:05:00,37.32,37.32,37.32,37.32,0.0,0.0,608.0,22694.905,0.0,37.32
US.SMCI,Super Micro Computer,2026-08-31 18:10:00,37.32,37.36,37.36,37.32,0.0,0.0,4802.0,179321.608,0.1071811361200406,37.32
US.SMCI,Super Micro Computer,2026-08-31 18:15:00,37.36,37.36,37.36,37.36,0.0,0.0,208.0,7766.647,0.0,37.36
US.SMCI,Super Micro Computer,2026-08-31 18:20:00,37.36,37.34,37.36,37.34,0.0,0.0,1309.0,48896.249,-0.0535331905781478,37.36
US.SMCI,Super Micro Computer,2026-08-31 18:25:00,37.3381,37.3399,37.3399,37.32,0.0,0.0,1777.0,66335.394,-0.00026780931977321814,37.34
US.SMCI,Super Micro Computer,2026-08-31 18:30:00,37.3399,37.3378,37.3399,37.3378,0.0,0.0,304.0,11347.415,-0.0056240107766722955,37.3399
US.SMCI,Super Micro Computer,2026-08-31 18:35:00,37.33,37.33,37.33,37.33,0.0,0.0,589.0,21984.472,-0.020890357760776312,37.3378
US.SMCI,Super Micro Computer,2026-08-31 18:40:00,37.33,37.3199,37.33,37.3199,0.0,0.0,11048.0,412309.901,-0.027055987141712645,37.33
US.SMCI,Super Micro Computer,2026-08-31 18:45:00,37.31,37.3192,37.3192,37.31,0.0,0.0,589.0,21979.561,-0.0018756749080110504,37.3199
US.SMCI,Super Micro Computer,2026-08-31 18:50:00,37.315,37.31,37.32,37.31,0.0,0.0,6596.0,246124.309,-0.02465218975755074,37.3192
US.SMCI,Super Micro Computer,2026-08-31 18:55:00,37.31,37.25,37.31,37.25,0.0,0.0,9502.0,354269.959,-0.1608147949611425,37.31
US.SMCI,Super Micro Computer,2026-08-31 19:00:00,37.25,37.28,37.2923,37.25,0.0,0.0,705.0,26285.186,0.08053691275168091,37.25
US.SMCI,Super Micro Computer,2026-08-31 19:05:00,37.2623,37.26,37.2623,37.26,0.0,0.0,403.0,15018.1,-0.05364806866953628,37.28
US.SMCI,Super Micro Computer,2026-08-31 19:10:00,37.26,37.26,37.26,37.26,0.0,0.0,551.0,20541.519,0.0,37.26
US.SMCI,Super Micro Computer,2026-08-31 19:15:00,37.3,37.2993,37.3,37.2954,0.0,0.0,2254.0,84070.754,0.10547504025766058,37.26
US.SMCI,Super Micro Computer,2026-08-31 19:20:00,37.2993,37.29,37.3,37.29,0.0,0.0,697.0,25988.596,-0.024933443791178907,37.2993
US.SMCI,Super Micro Computer,2026-08-31 19:25:00,37.29,37.28,37.3,37.2714,0.0,0.0,3029.0,112949.913,-0.026816840976127677,37.29
US.SMCI,Super Micro Computer,2026-08-31 19:30:00,37.28,37.28,37.3,37.28,0.0,0.0,1640.0,61160.774,0.0,37.28
US.SMCI,Super Micro Computer,2026-08-31 19:35:00,37.28,37.28,37.28,37.28,0.0,0.0,36.0,1344.995,0.0,37.28
US.SMCI,Super Micro Computer,2026-08-31 19:40:00,37.28,37.32,37.32,37.28,0.0,0.0,1793.0,66911.006,0.1072961373390535,37.28
US.SMCI,Super Micro Computer,2026-08-31 19:45:00,37.28,37.288,37.288,37.28,0.0,0.0,376.0,14025.091,-0.08574490889604389,37.32
US.SMCI,Super Micro Computer,2026-08-31 19:50:00,37.288,37.28,37.3138,37.28,0.0,0.0,4229.0,157739.871,-0.021454623471346187,37.288
US.SMCI,Super Micro Computer,2026-08-31 19:55:00,37.3,37.31,37.31,37.28,0.0,0.0,5647.0,210572.844,0.08047210300429489,37.28
US.SMCI,Super Micro Computer,2026-08-31 20:00:00,37.31,37.2899,37.3161,37.285,0.0,0.0,12423.0,463278.722,-0.053872956311978935,37.31
US.SMCI,Super Micro Computer,2026-09-01 04:05:00,37.28,37.19,37.43,37.165,0.0,0.0,36647.0,1368750.736,-0.2679009597773263,37.2899
US.SMCI,Super Micro Computer,2026-09-01 04:10:00,37.19,36.84,37.22,36.78,0.0,0.0,27283.0,1010298.676,-0.941113202473768,37.19
US.SMCI,Super Micro Computer,2026-09-01 04:15:00,36.76,36.9,36.91,36.76,0.0,0.0,4810.0,177415.196,0.1628664495113875,36.84
US.SMCI,Super Micro Computer,2026-09-01 04:20:00,36.91,36.9,36.91,36.8202,0.0,0.0,3833.0,141343.023,0.0,36.9
US.SMCI,Super Micro Computer,2026-09-01 04:25:00,36.9,36.82,36.9,36.82,0.0,0.0,2508.0,92374.05,-0.21680216802167562,36.9
US.SMCI,Super Micro Computer,2026-09-01 04:30:00,36.82,36.68,36.88,36.67,0.0,0.0,9245.0,339794.861,-0.38022813688213086,36.82
US.SMCI,Super Micro Computer,2026-09-01 04:35:00,36.66,36.8,36.8,36.66,0.0,0.0,14126.0,519004.113,0.3271537622682591,36.68
US.SMCI,Super Micro Computer,2026-09-01 04:40:00,36.84,36.76,36.86,36.76,0.0,0.0,6943.0,255434.217,-0.10869565217391072,36.8
US.SMCI,Super Micro Computer,2026-09-01 04:45:00,36.76,36.8,36.8,36.75,0.0,0.0,2861.0,105238.563,0.10881392818280508,36.76
US.SMCI,Super Micro Computer,2026-09-01 04:50:00,36.8,36.79,36.8,36.78,0.0,0.0,896.0,32963.237,-0.027173913043472858,36.8
US.SMCI,Super Micro Computer,2026-09-01 04:55:00,36.79,36.8,36.8,36.76,0.0,0.0,4941.0,181645.61,0.027181299266099513,36.79
US.SMCI,Super Micro Computer,2026-09-01 05:00:00,36.8,36.75,36.81,36.75,0.0,0.0,1342.0,49361.073,-0.13586956521738358,36.8
US.SMCI,Super Micro Computer,2026-09-01 05:05:00,36.75,36.526,36.75,36.51,0.0,0.0,21401.0,784607.137,-0.6095238095238005,36.75
US.SMCI,Super Micro Computer,2026-09-01 05:10:00,36.526,36.56,36.6,36.5,0.0,0.0,24828.0,907196.117,0.09308437825110583,36.526
US.SMCI,Super Micro Computer,2026-09-01 05:15:00,36.56,36.54,36.56,36.52,0.0,0.0,5978.0,218453.829,-0.05470459518600418,36.56
US.SMCI,Super Micro Computer,2026-09-01 05:20:00,36.54,36.54,36.57,36.51,0.0,0.0,8252.0,301536.555,0.0,36.54
US.SMCI,Super Micro Computer,2026-09-01 05:25:00,36.51,36.49,36.54,36.48,0.0,0.0,4740.0,173007.962,-0.13683634373288767,36.54
US.SMCI,Super Micro Computer,2026-09-01 05:30:00,36.49,36.49,36.54,36.49,0.0,0.0,3692.0,134803.643,0.0,36.49
US.SMCI,Super Micro Computer,2026-09-01 05:35:00,36.49,36.55,36.55,36.47,0.0,0.0,8951.0,326885.37,0.16442861057822736,36.49
US.SMCI,Super Micro Computer,2026-09-01 05:40:00,36.55,36.49,36.57,36.49,0.0,0.0,5931.0,216493.4,-0.16415868673049294,36.55
US.SMCI,Super Micro Computer,2026-09-01 05:45:00,36.49,36.65,36.74,36.49,0.0,0.0,12606.0,461661.998,0.438476294875299,36.49
US.SMCI,Super Micro Computer,2026-09-01 05:50:00,36.65,36.68,36.7,36.65,0.0,0.0,1094.0,40160.635,0.08185538881309996,36.65
US.SMCI,Super Micro Computer,2026-09-01 05:55:00,36.68,36.7,36.7,36.68,0.0,0.0,2035.0,74673.116,0.05452562704471954,36.68
US.SMCI,Super Micro Computer,2026-09-01 06:00:00,36.7,36.7,36.7,36.68,0.0,0.0,2045.0,75048.87,0.0,36.7
US.SMCI,Super Micro Computer,2026-09-01 06:05:00,36.7,36.69,36.7,36.69,0.0,0.0,703.0,25805.01,-0.027247956403283695,36.7
US.SMCI,Super Micro Computer,2026-09-01 06:10:00,36.69,36.69,36.69,36.69,0.0,0.0,905.0,33238.62,0.0,36.69
US.SMCI,Super Micro Computer,2026-09-01 06:15:00,36.69,36.6145,36.69,36.61,0.0,0.0,4189.0,153404.86,-0.20577814118287854,36.69
US.SMCI,Super Micro Computer,2026-09-01 06:20:00,36.6145,36.64,36.66,36.6145,0.0,0.0,3280.0,120127.95,0.06964453973152977,36.6145
US.SMCI,Super Micro Computer,2026-09-01 06:25:00,36.64,36.68,36.69,36.64,0.0,0.0,5659.0,207499.262,0.10917030567685357,36.64
US.SMCI,Super Micro Computer,2026-09-01 06:30:00,36.68,36.66,36.68,36.66,0.0,0.0,2847.0,104384.243,-0.05452562704471954,36.68
US.SMCI,Super Micro Computer,2026-09-01 06:35:00,36.63,36.64,36.66,36.63,0.0,0.0,7275.0,266582.175,-0.054555373704299026,36.66
US.SMCI,Super Micro Computer,2026-09-01 06:40:00,36.64,36.695,36.695,36.64,0.0,0.0,2648.0,97120.499,0.15010917030567608,36.64
US.SMCI,Super Micro Computer,2026-09-01 06:45:00,36.695,36.64,36.695,36.64,0.0,0.0,6286.0,230372.535,-0.14988418040604912,36.695
US.SMCI,Super Micro Computer,2026-09-01 06:50:00,36.64,36.67,36.67,36.64,0.0,0.0,3250.0,119142.845,0.08187772925764501,36.64
US.SMCI,Super Micro Computer,2026-09-01 06:55:00,36.67,36.59,36.67,36.59,0.0,0.0,10053.0,367988.86,-0.21816198527406133,36.67
US.SMCI,Super Micro Computer,2026-09-01 07:00:00,36.59,36.54,36.59,36.51,0.0,0.0,10487.0,383319.658,-0.13664935774803022,36.59
US.SMCI,Super Micro Computer,2026-09-01 07:05:00,36.54,36.54,36.64,36.5,0.0,0.0,26766.0,978031.6,0.0,36.54
US.SMCI,Super Micro Computer,2026-09-01 07:10:00,36.54,36.5,36.64,36.5,0.0,0.0,18125.0,661886.514,-0.10946907498631403,36.54
US.SMCI,Super Micro Computer,2026-09-01 07:15:00,36.5,36.5003,36.56,36.5,0.0,0.0,12836.0,468746.402,0.000821917808226996,36.5
US.SMCI,Super Micro Computer,2026-09-01 07:20:00,36.5003,36.57,36.6239,36.5003,0.0,0.0,6661.0,243484.265,0.19095733459724284,36.5003
US.SMCI,Super Micro Computer,2026-09-01 07:25:00,36.57,36.5592,36.64,36.5592,0.0,0.0,7425.0,271688.822,-0.029532403609524888,36.57
US.SMCI,Super Micro Computer,2026-09-01 07:30:00,36.622,36.62,36.64,36.5937,0.0,0.0,3843.0,140683.979,0.16630560843782252,36.5592
US.SMCI,Super Micro Computer,2026-09-01 07:35:00,36.62,36.6015,36.656,36.6015,0.0,0.0,4995.0,182906.746,-0.05051884216274158,36.62
US.SMCI,Super Micro Computer,2026-09-01 07:40:00,36.6015,36.66,36.7,36.6015,0.0,0.0,1996.0,73175.263,0.15982951518379057,36.6015
US.SMCI,Super Micro Computer,2026-09-01 07:45:00,36.6503,36.65,36.67,36.65,0.0,0.0,6977.0,255765.773,-0.027277686852149513,36.66
US.SMCI,Super Micro Computer,2026-09-01 07:50:00,36.65,36.633,36.66,36.55,0.0,0.0,10140.0,371178.171,-0.04638472032741039,36.65
US.SMCI,Super Micro Computer,2026-09-01 07:55:00,36.633,36.54,36.64,36.54,0.0,0.0,17158.0,627356.0,-0.253869461960537,36.633
US.SMCI,Super Micro Computer,2026-09-01 08:00:00,36.5363,36.3,36.5363,36.2634,0.0,0.0,41979.0,1528062.463,-0.6568144499179036,36.54
US.SMCI,Super Micro Computer,2026-09-01 08:05:00,36.3,36.26,36.34,36.25,0.0,0.0,50799.0,1871660.72,-0.11019283746556241,36.3
US.SMCI,Super Micro Computer,2026-09-01 08:10:00,36.2807,36.374,36.39,36.25,0.0,0.0,23688.0,859665.654,0.31439602868175487,36.26
US.SMCI,Super Micro Computer,2026-09-01 08:15:00,36.374,36.37,36.374,36.33,0.0,0.0,5072.0,184429.538,-0.01099686589323387,36.374
US.SMCI,Super Micro Computer,2026-09-01 08:20:00,36.37,36.3169,36.4598,36.31,0.0,0.0,39599.0,1440762.159,-0.1459994500962348,36.37
US.SMCI,Super Micro Computer,2026-09-01 08:25:00,36.3065,36.3444,36.404,36.27,0.0,0.0,19322.0,701386.099,0.07572232211450705,36.3169
US.SMCI,Super Micro Computer,2026-09-01 08:30:00,36.3444,36.4321,36.4576,36.3444,0.0,0.0,21479.0,781579.591,0.24130264910136945,36.3444
US.SMCI,Super Micro Computer,2026-09-01 08:35:00,36.4321,36.43,36.45,36.33,0.0,0.0,11040.0,401868.351,-0.0057641475511943,36.4321
US.SMCI,Super Micro Computer,2026-09-01 08:40:00,36.43,36.382,36.43,36.28,0.0,0.0,12610.0,458472.777,-0.13175953884161903,36.43
US.SMCI,Super Micro Computer,2026-09-01 08:45:00,36.382,36.382,36.382,36.35,0.0,0.0,6741.0,245111.622,0.0,36.382
US.SMCI,Super Micro Computer,2026-09-01 08:50:00,36.382,36.36,36.43,36.35,0.0,0.0,4638.0,168696.301,-0.06046946292122057,36.382
US.SMCI,Super Micro Computer,2026-09-01 08:55:00,36.36,36.395,36.4327,36.35,0.0,0.0,3221.0,117188.099,0.09625962596260643,36.36
US.SMCI,Super Micro Computer,2026-09-01 09:00:00,36.416,36.41,36.4582,36.3616,0.0,0.0,11492.0,418469.127,0.04121445253467087,36.395
US.SMCI,Super Micro Computer,2026-09-01 09:05:00,36.4023,36.3276,36.4113,36.3276,0.0,0.0,17362.0,631568.159,-0.2263114528975551,36.41
US.SMCI,Super Micro Computer,2026-09-01 09:10:00,36.3276,36.3714,36.3787,36.32,0.0,0.0,5175.0,188092.841,0.12056948435901219,36.3276
US.SMCI,Super Micro Computer,2026-09-01 09:15:00,36.3714,36.344,36.38,36.33,0.0,0.0,15835.0,575627.71,-0.07533391620888964,36.3714
US.SMCI,Super Micro Computer,2026-09-01 09:20:00,36.344,36.31,36.35,36.3076,0.0,0.0,10624.0,385870.283,-0.09355051727932787,36.344
US.SMCI,Super Micro Computer,2026-09-01 09:25:00,36.31,36.34,36.44,36.31,0.0,0.0,9350.0,339960.069,0.08262186725420308,36.31
US.SMCI,Super Micro Computer,2026-09-01 09:30:00,36.34,36.46,36.5537,36.32,0.0,0.0,27484.0,1001282.847,0.3302146395156781,36.34
US.SMCI,Super Micro Computer,2026-09-01 09:35:00,36.43,36.13,36.6,36.1,0.0,0.0,1423612.0,51739861.595,-0.9051014810751462,36.46
US.SMCI,Super Micro Computer,2026-09-01 09:40:00,36.145,35.95,36.44,35.82,0.0,0.0,1077240.0,38854869.598,-0.4982009410462212,36.13
US.SMCI,Super Micro Computer,2026-09-01 09:45:00,35.95,35.9522,36.04,35.815,0.0,0.0,521676.0,18733466.944,0.006119610570222177,35.95
US.SMCI,Super Micro Computer,2026-09-01 09:50:00,35.96,36.15,36.2557,35.96,0.0,0.0,617875.0,22324634.825,0.5501749545229523,35.9522
US.SMCI,Super Micro Computer,2026-09-01 09:55:00,36.15,36.0382,36.215,35.9028,0.0,0.0,490919.0,17698683.009,-0.3092669432918264,36.15
US.SMCI,Super Micro Computer,2026-09-01 10:00:00,36.03,36.01,36.085,35.9,0.0,0.0,368246.0,13251574.754,-0.07825030106943558,36.0382
US.SMCI,Super Micro Computer,2026-09-01 10:05:00,36.02,35.94,36.14,35.88,0.0,0.0,488601.0,17584564.648,-0.19439044709802913,36.01
US.SMCI,Super Micro Computer,2026-09-01 10:10:00,35.95,35.94,36.08,35.93,0.0,0.0,314742.0,11331888.941,0.0,35.94
US.SMCI,Super Micro Computer,2026-09-01 10:15:00,35.95,35.755,35.99,35.72,0.0,0.0,539023.0,19300921.472,-0.5147468002225798,35.94
US.SMCI,Super Micro Computer,2026-09-01 10:20:00,35.755,35.9,36.03,35.73,0.0,0.0,385160.0,13834055.822,0.4055376870367669,35.755
US.SMCI,Super Micro Computer,2026-09-01 10:25:00,35.91,35.86,35.99,35.85,0.0,0.0,288160.0,10354240.655,-0.1114206128133681,35.9
US.SMCI,Super Micro Computer,2026-09-01 10:30:00,35.865,35.945,36.02,35.865,0.0,0.0,246143.0,8852378.516,0.23703290574456454,35.86
US.SMCI,Super Micro Computer,2026-09-01 10:35:00,35.945,36.195,36.195,35.945,0.0,0.0,275979.0,9958396.431,0.6955070246209487,35.945
US.SMCI,Super Micro Computer,2026-09-01 10:40:00,36.195,36.075,36.33,36.03,0.0,0.0,347230.0,12568595.474,-0.3315375051802664,36.195
US.SMCI,Super Micro Computer,2026-09-01 10:45:00,36.08,36.29,36.2992,36.05,0.0,0.0,207616.0,7512957.03,0.5959805959805856,36.075
US.SMCI,Super Micro Computer,2026-09-01 10:50:00,36.295,36.335,36.49,36.24,0.0,0.0,495116.0,18007113.351,0.12400110223202453,36.29
US.SMCI,Super Micro Computer,2026-09-01 10:55:00,36.3383,36.205,36.34,36.18,0.0,0.0,287869.0,10435537.114,-0.35778175313059735,36.335
US.SMCI,Super Micro Computer,2026-09-01 11:00:00,36.205,36.2438,36.245,36.17,0.0,0.0,176651.0,6395134.734,0.10716751829858293,36.205
US.SMCI,Super Micro Computer,2026-09-01 11:05:00,36.25,36.22,36.32,36.21,0.0,0.0,227502.0,8250999.143,-0.06566640363317691,36.2438
US.SMCI,Super Micro Computer,2026-09-01 11:10:00,36.2299,36.285,36.31,36.225,0.0,0.0,141079.0,5116717.904,0.179458862506896,36.22
US.SMCI,Super Micro Computer,2026-09-01 11:15:00,36.285,36.5,36.525,36.26,0.0,0.0,323071.0,11761035.441,0.5925313490423134,36.285
US.SMCI,Super Micro Computer,2026-09-01 11:20:00,36.495,36.46,36.55,36.44,0.0,0.0,230533.0,8415700.074,-0.10958904109588809,36.5
US.SMCI,Super Micro Computer,2026-09-01 11:25:00,36.465,36.655,36.6599,36.46,0.0,0.0,278298.0,10180486.668,0.53483269336259,36.46
US.SMCI,Super Micro Computer,2026-09-01 11:30:00,36.655,36.735,36.76,36.645,0.0,0.0,175422.0,6438638.749,0.21825126176510243,36.655
US.SMCI,Super Micro Computer,2026-09-01 11:35:00,36.735,36.8,36.8083,36.73,0.0,0.0,138220.0,5082734.175,0.17694296991968894,36.735
US.SMCI,Super Micro Computer,2026-09-01 11:40:00,36.8,36.9,36.97,36.75,0.0,0.0,233792.0,8611464.367,0.2717391304347865,36.8
US.SMCI,Super Micro Computer,2026-09-01 11:45:00,36.9,36.935,37.05,36.82,0.0,0.0,384204.0,14192831.568,0.09485094850949512,36.9
US.SMCI,Super Micro Computer,2026-09-01 11:50:00,36.935,37.03,37.15,36.935,0.0,0.0,298083.0,11049494.871,0.2572086097197749,36.935
US.SMCI,Super Micro Computer,2026-09-01 11:55:00,37.04,36.925,37.045,36.9,0.0,0.0,176439.0,6521753.063,-0.28355387523630565,37.03
US.SMCI,Super Micro Computer,2026-09-01 12:00:00,36.925,36.825,36.975,36.8024,0.0,0.0,127709.0,4710448.318,-0.2708192281651844,36.925
US.SMCI,Super Micro Computer,2026-09-01 12:05:00,36.825,36.82,36.885,36.775,0.0,0.0,181976.0,6699696.043,-0.013577732518676326,36.825
US.SMCI,Super Micro Computer,2026-09-01 12:10:00,36.81,36.735,36.84,36.72,0.0,0.0,199063.0,7321546.635,-0.23085279739272366,36.82
US.SMCI,Super Micro Computer,2026-09-01 12:15:00,36.74,36.66,36.74,36.655,0.0,0.0,145574.0,5342437.765,-0.20416496529196362,36.735
US.SMCI,Super Micro Computer,2026-09-01 12:20:00,36.66,36.605,36.72,36.6,0.0,0.0,184535.0,6764473.214,-0.1500272776868514,36.66
US.SMCI,Super Micro Computer,2026-09-01 12:25:00,36.605,36.53,36.615,36.5,0.0,0.0,234787.0,8579990.99,-0.20489004234393046,36.605
US.SMCI,Super Micro Computer,2026-09-01 12:30:00,36.525,36.585,36.63,36.5,0.0,0.0,184694.0,6753564.244,0.15056118258965154,36.53
US.SMCI,Super Micro Computer,2026-09-01 12:35:00,36.59,36.455,36.62,36.43,0.0,0.0,253193.0,9239793.272,-0.3553368867022073,36.585
US.SMCI,Super Micro Computer,2026-09-01 12:40:00,36.46,36.624,36.6547,36.46,0.0,0.0,323889.0,11849490.944,0.463585242079287,36.455
US.SMCI,Super Micro Computer,2026-09-01 12:45:00,36.63,36.51,36.66,36.491,0.0,0.0,182227.0,6671068.908,-0.3112712975098414,36.624
US.SMCI,Super Micro Computer,2026-09-01 12:50:00,36.53,36.56,36.56,36.48,0.0,0.0,139282.0,5085464.208,0.1369487811558594,36.51
US.SMCI,Super Micro Computer,2026-09-01 12:55:00,36.565,36.455,36.595,36.42,0.0,0.0,128103.0,4678228.872,-0.2871991247264879,36.56
US.SMCI,Super Micro Computer,2026-09-01 13:00:00,36.455,36.585,36.61,36.455,0.0,0.0,167318.0,6116525.07,0.3566040323686807,36.455
US.SMCI,Super Micro Computer,2026-09-01 13:05:00,36.58,36.55,36.6,36.53,0.0,0.0,122641.0,4483480.055,-0.0956676233429102,36.585
US.SMCI,Super Micro Computer,2026-09-01 13:10:00,36.55,36.555,36.615,36.53,0.0,0.0,119352.0,4363773.674,0.01367989056088251,36.55
US.SMCI,Super Micro Computer,2026-09-01 13:15:00,36.55,36.46,36.56,36.4302,0.0,0.0,105125.0,3837244.216,-0.2598823690329609,36.555
US.SMCI,Super Micro Computer,2026-09-01 13:20:00,36.46,36.415,36.51,36.38,0.0,0.0,178844.0,6515469.027,-0.12342292923752524,36.46
US.SMCI,Super Micro Computer,2026-09-01 13:25:00,36.415,36.39,36.4599,36.37,0.0,0.0,196447.0,7152241.667,-0.0686530275985132,36.415
US.SMCI,Super Micro Computer,2026-09-01 13:30:00,36.4,36.46,36.47,36.31,0.0,0.0,208905.0,7600933.847,0.19236053860950889,36.39
US.SMCI,Super Micro Computer,2026-09-01 13:35:00,36.465,36.43,36.53,36.405,0.0,0.0,96206.0,3508547.544,-0.08228195282501684,36.46
US.SMCI,Super Micro Computer,2026-09-01 13:40:00,36.43,36.445,36.47,36.415,0.0,0.0,59444.0,2166326.079,0.04117485588800595,36.43
US.SMCI,Super Micro Computer,2026-09-01 13:45:00,36.44,36.475,36.495,36.435,0.0,0.0,66654.0,2430403.366,0.08231581835643062,36.445
US.SMCI,Super Micro Computer,2026-09-01 13:50:00,36.47,36.39,36.48,36.38,0.0,0.0,87102.0,3171965.679,-0.23303632625085907,36.475
US.SMCI,Super Micro Computer,2026-09-01 13:55:00,36.39,36.38,36.43,36.37,0.0,0.0,148414.0,5405012.625,-0.027480076944209977,36.39
US.SMCI,Super Micro Computer,2026-09-01 14:00:00,36.38,36.475,36.48,36.37,0.0,0.0,81971.0,2985650.838,0.2611324903793262,36.38
US.SMCI,Super Micro Computer,2026-09-01 14:05:00,36.49,36.52,36.58,36.485,0.0,0.0,154881.0,5658811.79,0.12337217272104647,36.475
US.SMCI,Super Micro Computer,2026-09-01 14:10:00,36.5138,36.43,36.545,36.405,0.0,0.0,117181.0,4274309.783,-0.24644030668127984,36.52
US.SMCI,Super Micro Computer,2026-09-01 14:15:00,36.431248,36.315,36.465,36.3,0.0,0.0,184012.0,6689264.025,-0.31567389514137245,36.43
US.SMCI,Super Micro Computer,2026-09-01 14:20:00,36.32,36.365,36.38,36.295,0.0,0.0,158525.0,5771682.412,0.13768415255405278,36.315
US.SMCI,Super Micro Computer,2026-09-01 14:25:00,36.36,36.39,36.42,36.345,0.0,0.0,103115.0,3751910.06,0.06874742197167215,36.365
US.SMCI,Super Micro Computer,2026-09-01 14:30:00,36.385,36.3819,36.43,36.35,0.0,0.0,93320.0,3396316.739,-0.02225886232481145,36.39
US.SMCI,Super Micro Computer,2026-09-01 14:35:00,36.385,36.3395,36.43,36.33,0.0,0.0,201034.0,7331208.683,-0.11654146704817686,36.3819
US.SMCI,Super Micro Computer,2026-09-01 14:40:00,36.34,36.32,36.4,36.3142,0.0,0.0,132736.0,4827250.328,-0.053660617234691566,36.3395
US.SMCI,Super Micro Computer,2026-09-01 14:45:00,36.315,36.195,36.33,36.19,0.0,0.0,192364.0,6976902.12,-0.34416299559471364,36.32
US.SMCI,Super Micro Computer,2026-09-01 14:50:00,36.19,36.3299,36.3299,36.135,0.0,0.0,200976.0,7275800.166,0.3727034120734958,36.195
US.SMCI,Super Micro Computer,2026-09-01 14:55:00,36.3284,36.425,36.455,36.32,0.0,0.0,187311.0,6813471.667,0.26176785512758105,36.3299
US.SMCI,Super Micro Computer,2026-09-01 15:00:00,36.42,36.545,36.56,36.41,0.0,0.0,210264.0,7671502.602,0.329444063143458,36.425
US.SMCI,Super Micro Computer,2026-09-01 15:05:00,36.545,36.7156,36.73,36.545,0.0,0.0,354203.0,12980013.395,0.46682172663839183,36.545
US.SMCI,Super Micro Computer,2026-09-01 15:10:00,36.715,36.875,36.9099,36.6919,0.0,0.0,358700.0,13201784.943,0.43414788264388426,36.7156
US.SMCI,Super Micro Computer,2026-09-01 15:15:00,36.885,37.02,37.03,36.87,0.0,0.0,540010.0,19952987.423,0.39322033898305936,36.875
US.SMCI,Super Micro Computer,2026-09-01 15:20:00,37.02,37.0,37.05,36.9,0.0,0.0,554484.0,20503208.876,-0.054024851431667,37.02
US.SMCI,Super Micro Computer,2026-09-01 15:25:00,37.005,36.87,37.0099,36.85,0.0,0.0,340853.0,12581899.28,-0.35135135135135825,37.0
US.SMCI,Super Micro Computer,2026-09-01 15:30:00,36.865,36.865,36.925,36.82,0.0,0.0,285244.0,10519311.07,-0.013561160835355175,36.87
US.SMCI,Super Micro Computer,2026-09-01 15:35:00,36.865,36.8,36.91,36.64,0.0,0.0,508683.0,18694265.754,-0.17631900176320311,36.865
US.SMCI,Super Micro Computer,2026-09-01 15:40:00,36.8,36.825,36.9,36.75,0.0,0.0,230579.0,8486429.146,0.0679347826087111,36.8
US.SMCI,Super Micro Computer,2026-09-01 15:45:00,36.825,36.86,36.97,36.81,0.0,0.0,353873.0,13050643.383,0.0950441276306764,36.825
US.SMCI,Super Micro Computer,2026-09-01 15:50:00,36.865,36.8301,36.895,36.805,0.0,0.0,197211.0,7266994.182,-0.08111774281062892,36.86
US.SMCI,Super Micro Computer,2026-09-01 15:55:00,36.83,36.75,36.84,36.635,0.0,0.0,484251.0,17794090.378,-0.21748515480544883,36.8301
US.SMCI,Super Micro Computer,2026-09-01 16:00:00,36.745,36.71,36.77,36.635,0.0,0.0,2642100.0,96981128.397,-0.10884353741496366,36.75
US.SMCI,Super Micro Computer,2026-09-01 16:05:00,36.71,36.8377,36.86,36.685,0.0,0.0,379035.0,13916425.505,0.34786161808770705,36.71
US.SMCI,Super Micro Computer,2026-09-01 16:10:00,36.8377,37.1,37.41,36.65,0.0,0.0,226388.0,8382302.548,0.712042282770106,36.8377
US.SMCI,Super Micro Computer,2026-09-01 16:15:00,37.1,37.5,37.65,37.1,0.0,0.0,320056.0,11969952.714,1.078167115902961,37.1
US.SMCI,Super Micro Computer,2026-09-01 16:20:00,37.5,37.62,37.7834,37.36,0.0,0.0,210606.0,7910514.012,0.3199999999999932,37.5
US.SMCI,Super Micro Computer,2026-09-01 16:25:00,37.66,37.5109,37.9,37.5,0.0,0.0,152788.0,5757434.133,-0.29000531632110044,37.62
US.SMCI,Super Micro Computer,2026-09-01 16:30:00,37.5109,37.43,37.7,37.3477,0.0,0.0,257211.0,9631736.878,-0.21567064506583353,37.5109
US.SMCI,Super Micro Computer,2026-09-01 16:35:00,37.3727,37.434,37.62,37.32,0.0,0.0,106453.0,3989790.028,0.010686615014688173,37.43
US.SMCI,Super Micro Computer,2026-09-01 16:40:00,37.434,37.45,37.5,37.4,0.0,0.0,43500.0,1628304.825,0.04274189239730017,37.434
US.SMCI,Super Micro Computer,2026-09-01 16:45:00,37.45,37.34,37.45,37.307,0.0,0.0,39866.0,1488473.316,-0.29372496662216135,37.45
US.SMCI,Super Micro Computer,2026-09-01 16:50:00,37.34,37.25,37.34,37.2,0.0,0.0,36489.0,1359757.528,-0.2410283877879041,37.34
US.SMCI,Super Micro Computer,2026-09-01 16:55:00,37.25,37.3143,37.34,37.25,0.0,0.0,13531.0,504906.71,0.17261744966443734,37.25
US.SMCI,Super Micro Computer,2026-09-01 17:00:00,37.32,37.3427,37.3823,37.3,0.0,0.0,31700.0,1183866.054,0.07611023119822094,37.3143
US.SMCI,Super Micro Computer,2026-09-01 17:05:00,37.3427,37.3281,37.3784,37.3177,0.0,0.0,12398.0,463125.146,-0.03909733361540944,37.3427
US.SMCI,Super Micro Computer,2026-09-01 17:10:00,37.3281,37.3675,37.45,37.32,0.0,0.0,14204.0,531008.288,0.10555051020544992,37.3281
US.SMCI,Super Micro Computer,2026-09-01 17:15:00,37.3675,37.4,37.419,37.29,0.0,0.0,28374.0,1059246.975,0.08697397471064124,37.3675
US.SMCI,Super Micro Computer,2026-09-01 17:20:00,37.4,37.33,37.44,37.3,0.0,0.0,5385.0,201212.144,-0.1871657754010703,37.4
US.SMCI,Super Micro Computer,2026-09-01 17:25:00,37.33,37.2,37.33,37.2,0.0,0.0,56487.0,2104229.061,-0.3482453790516889,37.33
US.SMCI,Super Micro Computer,2026-09-01 17:30:00,37.23,37.2743,37.28,37.2124,0.0,0.0,9912.0,369233.496,0.19973118279568228,37.2
US.SMCI,Super Micro Computer,2026-09-01 17:35:00,37.2272,37.25,37.3,37.22,0.0,0.0,17996.0,670771.05,-0.06519237115115954,37.2743
US.SMCI,Super Micro Computer,2026-09-01 17:40:00,37.25,37.27,37.27,37.22,0.0,0.0,27715.0,1031873.828,0.05369127516779363,37.25
US.SMCI,Super Micro Computer,2026-09-01 17:45:00,37.27,37.1785,37.27,37.17,0.0,0.0,67509.0,2489444.816,-0.2455057687147933,37.27
US.SMCI,Super Micro Computer,2026-09-01 17:50:00,37.1785,37.26,37.26,37.1722,0.0,0.0,42190.0,1551780.363,0.21921271702730977,37.1785
US.SMCI,Super Micro Computer,2026-09-01 17:55:00,37.26,37.1734,37.26,37.17,0.0,0.0,5163.0,191831.994,-0.23242082662371746,37.26
US.SMCI,Super Micro Computer,2026-09-01 18:00:00,37.1734,37.202,37.202,37.1734,0.0,0.0,380.0,14148.074,0.07693673433153086,37.1734
US.SMCI,Super Micro Computer,2026-09-01 18:05:00,37.202,37.15,37.2327,37.15,0.0,0.0,7876.0,292850.47,-0.13977743132089568,37.202
US.SMCI,Super Micro Computer,2026-09-01 18:10:00,37.15,37.14,37.17,37.13,0.0,0.0,5649.0,209829.005,-0.026917900403763153,37.15
US.SMCI,Super Micro Computer,2026-09-01 18:15:00,37.14,37.1077,37.1484,37.103,0.0,0.0,4054.0,150455.488,-0.08696822832525399,37.14
US.SMCI,Super Micro Computer,2026-09-01 18:20:00,37.1077,37.0674,37.15,37.0615,0.0,0.0,6722.0,249488.226,-0.1086027967241354,37.1077
US.SMCI,Super Micro Computer,2026-09-01 18:25:00,37.0674,37.1,37.1214,37.0674,0.0,0.0,2776.0,103001.998,0.08794790031133067,37.0674
US.SMCI,Super Micro Computer,2026-09-01 18:30:00,37.1,37.0839,37.1,37.0562,0.0,0.0,3858.0,143087.138,-0.043396226415098535,37.1
US.SMCI,Super Micro Computer,2026-09-01 18:35:00,37.07,37.06,37.09,37.05,0.0,0.0,5828.0,215981.527,-0.06444845337194198,37.0839
US.SMCI,Super Micro Computer,2026-09-01 18:40:00,37.06,37.19,37.23,37.06,0.0,0.0,44541.0,1653781.409,0.35078251484078643,37.06
US.SMCI,Super Micro Computer,2026-09-01 18:45:00,37.19,37.1707,37.19,37.1329,0.0,0.0,4200.0,156135.972,-0.05189567087927186,37.19
US.SMCI,Super Micro Computer,2026-09-01 18:50:00,37.1707,37.1212,37.18,37.1212,0.0,0.0,1798.0,66781.075,-0.1331694049345177,37.1707
US.SMCI,Super Micro Computer,2026-09-01 18:55:00,37.1212,37.155,37.16,37.1212,0.0,0.0,1698.0,63086.884,0.09105309095610968,37.1212
US.SMCI,Super Micro Computer,2026-09-01 19:00:00,37.1867,37.15,37.1867,37.1331,0.0,0.0,1443.0,53625.348,-0.013457139012252881,37.155
US.SMCI,Super Micro Computer,2026-09-01 19:05:00,37.15,37.1437,37.15,37.1437,0.0,0.0,264.0,9808.174,-0.016958277254363326,37.15
US.SMCI,Super Micro Computer,2026-09-01 19:10:00,37.1773,37.151,37.1773,37.151,0.0,0.0,591.0,21963.289,0.01965340017284425,37.1437
US.SMCI,Super Micro Computer,2026-09-01 19:15:00,37.151,37.15,37.16,37.12,0.0,0.0,4495.0,166983.738,-0.002691717585003835,37.151
US.SMCI,Super Micro Computer,2026-09-01 19:20:00,37.15,37.1854,37.1854,37.15,0.0,0.0,3455.0,128398.321,0.09528936742934795,37.15
US.SMCI,Super Micro Computer,2026-09-01 19:25:00,37.17,37.1724,37.1724,37.163,0.0,0.0,2837.0,105444.221,-0.03495995740263148,37.1854
US.SMCI,Super Micro Computer,2026-09-01 19:30:00,37.1724,37.2229,37.2229,37.15,0.0,0.0,6558.0,243830.344,0.13585348269145803,37.1724
US.SMCI,Super Micro Computer,2026-09-01 19:35:00,37.2229,37.231,37.24,37.158,0.0,0.0,8647.0,321732.838,0.021760797788455185,37.2229
US.SMCI,Super Micro Computer,2026-09-01 19:40:00,37.2062,37.2344,37.34,37.2,0.0,0.0,7910.0,294691.02,0.009132174800567218,37.231
US.SMCI,Super Micro Computer,2026-09-01 19:45:00,37.33,37.3,37.33,37.25,0.0,0.0,4723.0,176166.665,0.17618116580365556,37.2344
US.SMCI,Super Micro Computer,2026-09-01 19:50:00,37.3,37.31,37.31,37.2137,0.0,0.0,5125.0,191073.907,0.02680965147454455,37.3
US.SMCI,Super Micro Computer,2026-09-01 19:55:00,37.32,37.31,37.35,37.2901,0.0,0.0,13357.0,498486.955,0.0,37.31
US.SMCI,Super Micro Computer,2026-09-01 20:00:00,37.31,37.2346,37.34,37.2346,0.0,0.0,12266.0,457250.659,-0.20209059233449989,37.31
US.SMCI,Super Micro Computer,2026-09-02 04:05:00,36.71,37.11,37.11,36.71,0.0,0.0,123664.0,4585657.134,-0.3346349900361517,37.2346
US.SMCI,Super Micro Computer,2026-09-02 04:10:00,37.11,37.08,37.124,37.02,0.0,0.0,14267.0,528332.645,-0.08084074373484543,37.11
US.SMCI,Super Micro Computer,2026-09-02 04:15:00,37.08,37.02,37.12,37.02,0.0,0.0,1865.0,69151.77,-0.1618122977346148,37.08
US.SMCI,Super Micro Computer,2026-09-02 04:20:00,37.02,37.0,37.09,37.0,0.0,0.0,1892.0,70076.28,-0.054024851431667,37.02
US.SMCI,Super Micro Computer,2026-09-02 04:25:00,36.98,36.92,37.0,36.89,0.0,0.0,21673.0,800394.153,-0.21621621621621162,37.0
US.SMCI,Super Micro Computer,2026-09-02 04:30:00,36.92,36.97,36.97,36.91,0.0,0.0,2642.0,97606.095,0.1354279523293531,36.92
US.SMCI,Super Micro Computer,2026-09-02 04:35:00,36.92,36.95,36.96,36.92,0.0,0.0,5628.0,207863.604,-0.054097917230175874,36.97
US.SMCI,Super Micro Computer,2026-09-02 04:40:00,36.95,36.9,36.95,36.88,0.0,0.0,6514.0,240391.54,-0.13531799729365157,36.95
US.SMCI,Super Micro Computer,2026-09-02 04:45:00,36.9,36.88,36.968,36.84,0.0,0.0,2315.0,85360.33,-0.054200542005409275,36.9
US.SMCI,Super Micro Computer,2026-09-02 04:50:00,36.88,36.85,36.88,36.85,0.0,0.0,1940.0,71509.31,-0.08134490238612022,36.88
US.SMCI,Super Micro Computer,2026-09-02 04:55:00,36.85,36.71,36.85,36.66,0.0,0.0,7895.0,290250.168,-0.3799185888738143,36.85
US.SMCI,Super Micro Computer,2026-09-02 05:00:00,36.71,36.75,36.75,36.71,0.0,0.0,3909.0,143610.367,0.10896213565785658,36.71
US.SMCI,Super Micro Computer,2026-09-02 05:05:00,36.75,36.87,36.87,36.72,0.0,0.0,7668.0,282330.122,0.326530612244891,36.75
US.SMCI,Super Micro Computer,2026-09-02 05:10:00,36.7819,36.92,36.94,36.7819,0.0,0.0,1343.0,49539.14,0.13561160835368666,36.87
US.SMCI,Super Micro Computer,2026-09-02 05:15:00,36.92,36.82,36.92,36.82,0.0,0.0,1144.0,42142.335,-0.27085590465872544,36.92
US.SMCI,Super Micro Computer,2026-09-02 05:20:00,36.82,36.82,36.9,36.8,0.0,0.0,5491.0,202262.25,0.0,36.82
US.SMCI,Super Micro Computer,2026-09-02 05:25:00,36.88,36.75,36.88,36.75,0.0,0.0,2570.0,94513.54,-0.19011406844106543,36.82
US.SMCI,Super Micro Computer,2026-09-02 05:30:00,36.75,36.8039,36.8039,36.74,0.0,0.0,3600.0,132368.999,0.1466666666666632,36.75
US.SMCI,Super Micro Computer,2026-09-02 05:35:00,36.85,36.77,36.85,36.77,0.0,0.0,2042.0,75206.821,-0.09210980358058685,36.8039
US.SMCI,Super Micro Computer,2026-09-02 05:40:00,36.77,36.68,36.77,36.68,0.0,0.0,10218.0,374994.753,-0.24476475387545119,36.77
US.SMCI,Super Micro Computer,2026-09-02 05:45:00,36.68,36.73,36.74,36.68,0.0,0.0,3818.0,140172.377,0.13631406761176978,36.68
US.SMCI,Super Micro Computer,2026-09-02 05:50:00,36.73,36.8,36.8,36.73,0.0,0.0,3622.0,133278.324,0.19057990743261718,36.73
US.SMCI,Super Micro Computer,2026-09-02 05:55:00,36.86,36.85,36.86,36.8,0.0,0.0,1448.0,53353.155,0.1358695652174029,36.8
US.SMCI,Super Micro Computer,2026-09-02 06:00:00,36.85,36.89,36.89,36.85,0.0,0.0,7607.0,280429.205,0.10854816824965847,36.85
US.SMCI,Super Micro Computer,2026-09-02 06:05:00,36.89,36.74,36.89,36.74,0.0,0.0,3517.0,129353.833,-0.40661425860666456,36.89
US.SMCI,Super Micro Computer,2026-09-02 06:10:00,36.74,36.78,36.78,36.71,0.0,0.0,922.0,33890.381,0.10887316276537601,36.74
US.SMCI,Super Micro Computer,2026-09-02 06:15:00,36.78,36.8,36.8,36.75,0.0,0.0,636.0,23389.711,0.05437737901032088,36.78
US.SMCI,Super Micro Computer,2026-09-02 06:20:00,36.8,36.84,36.85,36.8,0.0,0.0,1010.0,37204.389,0.10869565217393004,36.8
US.SMCI,Super Micro Computer,2026-09-02 06:25:00,36.84,36.89,36.89,36.82,0.0,0.0,1223.0,45056.426,0.13572204125949283,36.84
US.SMCI,Super Micro Computer,2026-09-02 06:30:00,36.89,36.88,36.89,36.83,0.0,0.0,2102.0,77480.08,-0.027107617240439173,36.89
US.SMCI,Super Micro Computer,2026-09-02 06:35:00,36.88,36.87,36.9,36.87,0.0,0.0,554.0,20466.647,-0.027114967462052914,36.88
US.SMCI,Super Micro Computer,2026-09-02 06:40:00,36.86,36.875,36.89,36.84,0.0,0.0,1736.0,63992.295,0.013561160835374448,36.87
US.SMCI,Super Micro Computer,2026-09-02 06:45:00,36.875,36.86,36.9,36.86,0.0,0.0,1454.0,53625.831,-0.04067796610169645,36.875
US.SMCI,Super Micro Computer,2026-09-02 06:50:00,36.9,36.86,36.9,36.82,0.0,0.0,4998.0,184216.059,0.0,36.86
US.SMCI,Super Micro Computer,2026-09-02 06:55:00,36.86,36.83,36.86,36.83,0.0,0.0,1710.0,63001.82,-0.08138903960933569,36.86
US.SMCI,Super Micro Computer,2026-09-02 07:00:00,36.83,36.85,36.85,36.83,0.0,0.0,886.0,32648.452,0.05430355688298432,36.83
US.SMCI,Super Micro Computer,2026-09-02 07:05:00,36.85,36.7003,36.9392,36.64,0.0,0.0,37139.0,1366751.036,-0.40624151967436317,36.85
US.SMCI,Super Micro Computer,2026-09-02 07:10:00,36.7003,36.7647,36.7647,36.6104,0.0,0.0,15618.0,572524.825,0.17547540483320062,36.7003
US.SMCI,Super Micro Computer,2026-09-02 07:15:00,36.7647,36.9,36.9,36.7647,0.0,0.0,4083.0,150292.483,0.3680160588825718,36.7647
US.SMCI,Super Micro Computer,2026-09-02 07:20:00,36.9,36.88,36.9,36.87,0.0,0.0,3747.0,138183.318,-0.054200542005409275,36.9
US.SMCI,Super Micro Computer,2026-09-02 07:25:00,36.88,36.8,36.88,36.79,0.0,0.0,4782.0,176045.964,-0.216919739696327,36.88
US.SMCI,Super Micro Computer,2026-09-02 07:30:00,36.86,36.94,36.9723,36.832,0.0,0.0,19686.0,726769.984,0.38043478260869723,36.8
US.SMCI,Super Micro Computer,2026-09-02 07:35:00,36.9454,37.0894,37.0894,36.94,0.0,0.0,12777.0,472468.247,0.40443963183540876,36.94
US.SMCI,Super Micro Computer,2026-09-02 07:40:00,37.0894,37.0923,37.12,37.0,0.0,0.0,25241.0,936103.91,0.007818945574756939,37.0894
US.SMCI,Super Micro Computer,2026-09-02 07:45:00,37.0923,36.99,37.0923,36.99,0.0,0.0,9059.0,335396.792,-0.27579848108636995,37.0923
US.SMCI,Super Micro Computer,2026-09-02 07:50:00,36.99,36.8919,36.99,36.8789,0.0,0.0,9076.0,335192.086,-0.2652068126520743,36.99
US.SMCI,Super Micro Computer,2026-09-02 07:55:00,36.8919,36.95,36.98,36.87,0.0,0.0,10099.0,372939.507,0.15748714487462873,36.8919
US.SMCI,Super Micro Computer,2026-09-02 08:00:00,36.95,37.0,37.0331,36.95,0.0,0.0,8681.0,321165.557,0.13531799729363234,36.95
US.SMCI,Super Micro Computer,2026-09-02 08:05:00,37.0389,37.05,37.05,36.99,0.0,0.0,5165.0,191188.649,0.13513513513512745,37.0
US.SMCI,Super Micro Computer,2026-09-02 08:10:00,37.05,37.17,37.17,37.0,0.0,0.0,19316.0,716415.188,0.3238866396761257,37.05
US.SMCI,Super Micro Computer,2026-09-02 08:15:00,37.17,37.33,37.4,37.17,0.0,0.0,77570.0,2888313.092,0.4304546677427941,37.17
US.SMCI,Super Micro Computer,2026-09-02 08:20:00,37.33,37.23,37.34,37.2,0.0,0.0,14593.0,544226.487,-0.26788106080900465,37.33
US.SMCI,Super Micro Computer,2026-09-02 08:25:00,37.25,37.388,37.3973,37.231,0.0,0.0,26112.0,975369.727,0.4243889336556574,37.23
US.SMCI,Super Micro Computer,2026-09-02 08:30:00,37.388,37.28,37.4,37.26,0.0,0.0,19676.0,734376.786,-0.2888627367069567,37.388
US.SMCI,Super Micro Computer,2026-09-02 08:35:00,37.29,37.2,37.3683,37.2,0.0,0.0,9217.0,343394.346,-0.214592274678107,37.28
US.SMCI,Super Micro Computer,2026-09-02 08:40:00,37.2,37.24,37.2756,37.1631,0.0,0.0,8600.0,319952.786,0.1075268817204278,37.2
US.SMCI,Super Micro Computer,2026-09-02 08:45:00,37.2661,37.17,37.2661,37.16,0.0,0.0,15522.0,577381.027,-0.18796992481203081,37.24
US.SMCI,Super Micro Computer,2026-09-02 08:50:00,37.17,37.11,37.2022,37.1,0.0,0.0,15922.0,591365.696,-0.16142050040355735,37.17
US.SMCI,Super Micro Computer,2026-09-02 08:55:00,37.11,37.169,37.17,37.11,0.0,0.0,5676.0,210912.666,0.1589867960118499,37.11
US.SMCI,Super Micro Computer,2026-09-02 09:00:00,37.169,37.2,37.22,37.1352,0.0,0.0,12243.0,455309.158,0.08340283569642959,37.169
US.SMCI,Super Micro Computer,2026-09-02 09:05:00,37.22,37.3,37.32,37.22,0.0,0.0,9836.0,366635.803,0.26881720430106,37.2
US.SMCI,Super Micro Computer,2026-09-02 09:10:00,37.3,37.3338,37.34,37.3,0.0,0.0,22901.0,854788.102,0.09061662198391257,37.3
US.SMCI,Super Micro Computer,2026-09-02 09:15:00,37.3338,37.34,37.35,37.31,0.0,0.0,20076.0,749403.197,0.01660693527047037,37.3338
US.SMCI,Super Micro Computer,2026-09-02 09:20:00,37.34,37.46,37.4789,37.34,0.0,0.0,27587.0,1031992.751,0.3213711837171865,37.34
US.SMCI,Super Micro Computer,2026-09-02 09:25:00,37.46,37.43,37.47,37.3969,0.0,0.0,22893.0,857068.478,-0.08008542445275263,37.46
US.SMCI,Super Micro Computer,2026-09-02 09:30:00,37.43,37.61,37.6985,37.23,0.0,0.0,56237.0,2108809.967,0.4808976756612336,37.43
US.SMCI,Super Micro Computer,2026-09-02 09:35:00,37.65,37.6601,37.88,37.17,0.0,0.0,2094255.0,78724484.499,0.13320925285828364,37.61
US.SMCI,Super Micro Computer,2026-09-02 09:40:00,37.67,37.4796,37.73,36.89,0.0,0.0,1107143.0,41258688.096,-0.4792870969540763,37.6601
US.SMCI,Super Micro Computer,2026-09-02 09:45:00,37.47,37.735,37.8,37.37,0.0,0.0,955974.0,35928762.933,0.6814373685951869,37.4796
US.SMCI,Super Micro Computer,2026-09-02 09:50:00,37.74,37.09,37.76,37.08,0.0,0.0,775627.0,29042458.691,-1.7092884589903168,37.735
US.SMCI,Super Micro Computer,2026-09-02 09:55:00,37.08,36.2496,37.12,36.24,0.0,0.0,1484942.0,54405320.132,-2.2658398490159137,37.09
US.SMCI,Super Micro Computer,2026-09-02 10:00:00,36.24,36.18,36.4124,36.1,0.0,0.0,869864.0,31526652.428,-0.19200211864407116,36.2496
US.SMCI,Super Micro Computer,2026-09-02 10:05:00,36.17,36.23,36.23,35.96,0.0,0.0,1202596.0,43433942.042,0.1381978993919214,36.18
US.SMCI,Super Micro Computer,2026-09-02 10:10:00,36.235,36.02,36.37,36.01,0.0,0.0,639483.0,23157322.161,-0.5796301407673027,36.23
US.SMCI,Super Micro Computer,2026-09-02 10:15:00,36.02,35.985,36.22,35.735,0.0,0.0,775649.0,27860943.688,-0.09716823986675095,36.02
US.SMCI,Super Micro Computer,2026-09-02 10:20:00,35.98,36.2862,36.42,35.885,0.0,0.0,709168.0,25664312.503,0.8370154230929594,35.985
US.SMCI,Super Micro Computer,2026-09-02 10:25:00,36.2899,36.435,36.6,36.28,0.0,0.0,750374.0,27342180.709,0.4100732509879827,36.2862
US.SMCI,Super Micro Computer,2026-09-02 10:30:00,36.44,36.44,36.46,36.28,0.0,0.0,347526.0,12644391.327,0.013723068478099223,36.435
US.SMCI,Super Micro Computer,2026-09-02 10:35:00,36.43,36.5279,36.56,36.2752,0.0,0.0,327893.0,11934692.999,0.24121844127333908,36.44
US.SMCI,Super Micro Computer,2026-09-02 10:40:00,36.525,36.44,36.57,36.36,0.0,0.0,263167.0,9601069.569,-0.24063797809347034,36.5279
US.SMCI,Super Micro Computer,2026-09-02 10:45:00,36.45,36.43,36.48,36.32,0.0,0.0,294345.0,10710948.38,-0.027442371020850745,36.44
US.SMCI,Super Micro Computer,2026-09-02 10:50:00,36.42,36.23,36.42,36.1878,0.0,0.0,317515.0,11521109.021,-0.548998078506733,36.43
US.SMCI,Super Micro Computer,2026-09-02 10:55:00,36.2202,36.125,36.23,36.075,0.0,0.0,268574.0,9708778.099,-0.28981507038365134,36.23
US.SMCI,Super Micro Computer,2026-09-02 11:00:00,36.125,35.81,36.22,35.705,0.0,0.0,925103.0,33216803.434,-0.8719723183390939,36.125
US.SMCI,Super Micro Computer,2026-09-02 11:05:00,35.81,35.82,35.84,35.63,0.0,0.0,622659.0,22252007.995,0.027925160569667717,35.81
US.SMCI,Super Micro Computer,2026-09-02 11:10:00,35.825,35.78,35.85,35.7,0.0,0.0,372223.0,13317323.316,-0.11166945840312437,35.82
US.SMCI,Super Micro Computer,2026-09-02 11:15:00,35.7868,35.965,35.97,35.76,0.0,0.0,383391.0,13752059.465,0.5170486305198498,35.78
US.SMCI,Super Micro Computer,2026-09-02 11:20:00,35.965,36.1,36.2,35.96,0.0,0.0,422769.0,15262704.726,0.37536493813429167,35.965
US.SMCI,Super Micro Computer,2026-09-02 11:25:00,36.105,36.02,36.1696,35.95,0.0,0.0,337140.0,12153241.032,-0.22160664819944123,36.1
US.SMCI,Super Micro Computer,2026-09-02 11:30:00,36.015,36.18,36.23,35.99,0.0,0.0,226706.0,8190473.688,0.4441976679622337,36.02
US.SMCI,Super Micro Computer,2026-09-02 11:35:00,36.1849,36.15,36.285,36.085,0.0,0.0,260526.0,9426650.78,-0.0829187396351607,36.18
US.SMCI,Super Micro Computer,2026-09-02 11:40:00,36.15,36.11,36.22,36.095,0.0,0.0,258511.0,9342025.214,-0.11065006915629087,36.15
US.SMCI,Super Micro Computer,2026-09-02 11:45:00,36.11,36.18,36.29,36.08,0.0,0.0,154966.0,5606180.273,0.1938521185267247,36.11
US.SMCI,Super Micro Computer,2026-09-02 11:50:00,36.185,36.19,36.26,36.075,0.0,0.0,204278.0,7387045.74,0.027639579878380352,36.18
US.SMCI,Super Micro Computer,2026-09-02 11:55:00,36.19,36.26,36.29,36.17,0.0,0.0,206068.0,7468854.604,0.19342359767891762,36.19
US.SMCI,Super Micro Computer,2026-09-02 12:00:00,36.26,36.39,36.42,36.2521,0.0,0.0,200110.0,7270705.524,0.35852178709322274,36.26
US.SMCI,Super Micro Computer,2026-09-02 12:05:00,36.395,36.395,36.46,36.365,0.0,0.0,277711.0,10112213.552,0.01374003847211475,36.39
US.SMCI,Super Micro Computer,2026-09-02 12:10:00,36.4,36.425,36.45,36.3915,0.0,0.0,128733.0,4688788.797,0.08242890506936126,36.395
US.SMCI,Super Micro Computer,2026-09-02 12:15:00,36.42,36.3501,36.445,36.34,0.0,0.0,282191.0,10273458.089,-0.20562800274536588,36.425
US.SMCI,Super Micro Computer,2026-09-02 12:20:00,36.36,36.4339,36.4339,36.335,0.0,0.0,175433.0,6382146.226,0.2305358169578726,36.3501
US.SMCI,Super Micro Computer,2026-09-02 12:25:00,36.44,36.38,36.517,36.36,0.0,0.0,158939.0,5792184.222,-0.14793914458786658,36.4339
US.SMCI,Super Micro Computer,2026-09-02 12:30:00,36.385,36.41,36.4499,36.37,0.0,0.0,117222.0,4269050.823,0.08246289169871916,36.38
US.SMCI,Super Micro Computer,2026-09-02 12:35:00,36.405,36.355,36.43,36.32,0.0,0.0,121909.0,4436273.39,-0.15105740181268806,36.41
US.SMCI,Super Micro Computer,2026-09-02 12:40:00,36.36,36.305,36.4,36.28,0.0,0.0,188188.0,6836977.27,-0.13753266400769404,36.355
US.SMCI,Super Micro Computer,2026-09-02 12:45:00,36.3,36.2978,36.3322,36.27,0.0,0.0,131267.0,4764110.44,-0.019831979066237244,36.305
US.SMCI,Super Micro Computer,2026-09-02 12:50:00,36.3,36.305,36.415,36.3,0.0,0.0,318487.0,11583383.702,0.0198359129203352,36.2978
US.SMCI,Super Micro Computer,2026-09-02 12:55:00,36.315,36.335,36.355,36.26,0.0,0.0,133967.0,4862431.5,0.08263324610935446,36.305
US.SMCI,Super Micro Computer,2026-09-02 13:00:00,36.35,36.335,36.375,36.31,0.0,0.0,92393.0,3357672.043,0.0,36.335
US.SMCI,Super Micro Computer,2026-09-02 13:05:00,36.3399,36.5598,36.5598,36.335,0.0,0.0,326992.0,11921326.528,0.6186872161827491,36.335
US.SMCI,Super Micro Computer,2026-09-02 13:10:00,36.56,36.3,36.5699,36.285,0.0,0.0,152470.0,5555424.152,-0.7106165788653263,36.5598
US.SMCI,Super Micro Computer,2026-09-02 13:15:00,36.305,36.4157,36.435,36.305,0.0,0.0,122946.0,4470610.73,0.3187327823691568,36.3
US.SMCI,Super Micro Computer,2026-09-02 13:20:00,36.42,36.4499,36.46,36.4,0.0,0.0,86624.0,3155125.554,0.09391553643071107,36.4157
US.SMCI,Super Micro Computer,2026-09-02 13:25:00,36.445,36.415,36.4599,36.4,0.0,0.0,113423.0,4132328.831,-0.09574786213405352,36.4499
US.SMCI,Super Micro Computer,2026-09-02 13:30:00,36.415,36.39,36.42,36.34,0.0,0.0,93694.0,3408104.876,-0.0686530275985132,36.415
US.SMCI,Super Micro Computer,2026-09-02 13:35:00,36.395,36.36,36.41,36.35,0.0,0.0,76825.0,2795100.81,-0.08244023083264945,36.39
US.SMCI,Super Micro Computer,2026-09-02 13:40:00,36.35,36.255,36.36,36.23,0.0,0.0,168666.0,6119959.497,-0.28877887788778017,36.36
US.SMCI,Super Micro Computer,2026-09-02 13:45:00,36.24,36.295,36.3,36.2101,0.0,0.0,196977.0,7144967.982,0.1103296097090033,36.255
US.SMCI,Super Micro Computer,2026-09-02 13:50:00,36.285,36.385,36.41,36.28,0.0,0.0,190768.0,6929782.256,0.24796803967487616,36.295
US.SMCI,Super Micro Computer,2026-09-02 13:55:00,36.385,36.315,36.425,36.29,0.0,0.0,154063.0,5602791.256,-0.1923869726535668,36.385
US.SMCI,Super Micro Computer,2026-09-02 14:00:00,36.3199,36.395,36.405,36.31,0.0,0.0,131998.0,4800411.013,0.22029464408648056,36.315
US.SMCI,Super Micro Computer,2026-09-02 14:05:00,36.395,36.435,36.435,36.34,0.0,0.0,160537.0,5842587.708,0.10990520675916787,36.395
US.SMCI,Super Micro Computer,2026-09-02 14:10:00,36.44,36.45,36.5,36.415,0.0,0.0,216121.0,7877921.011,0.04116920543433667,36.435
US.SMCI,Super Micro Computer,2026-09-02 14:15:00,36.45,36.595,36.7,36.45,0.0,0.0,292297.0,10688447.007,0.3978052126200165,36.45
US.SMCI,Super Micro Computer,2026-09-02 14:20:00,36.595,36.655,36.73,36.52,0.0,0.0,266048.0,9740451.047,0.16395682470283446,36.595
US.SMCI,Super Micro Computer,2026-09-02 14:25:00,36.655,36.765,36.82,36.65,0.0,0.0,339220.0,12462904.347,0.3000954849270207,36.655
US.SMCI,Super Micro Computer,2026-09-02 14:30:00,36.77,36.7,36.8,36.6902,0.0,0.0,150051.0,5514301.911,-0.17679858561130893,36.765
US.SMCI,Super Micro Computer,2026-09-02 14:35:00,36.705,36.725,36.8,36.68,0.0,0.0,215688.0,7926524.123,0.06811989100817051,36.7
US.SMCI,Super Micro Computer,2026-09-02 14:40:00,36.735,36.635,36.795,36.62,0.0,0.0,227533.0,8352189.645,-0.2450646698434402,36.725
US.SMCI,Super Micro Computer,2026-09-02 14:45:00,36.64,36.58,36.69,36.53,0.0,0.0,202098.0,7395139.48,-0.15012965743141726,36.635
US.SMCI,Super Micro Computer,2026-09-02 14:50:00,36.575,36.715,36.73,36.575,0.0,0.0,151061.0,5536310.74,0.36905412793877834,36.58
US.SMCI,Super Micro Computer,2026-09-02 14:55:00,36.71,36.53,36.72,36.4999,0.0,0.0,229335.0,8392149.835,-0.5038812474465539,36.715
US.SMCI,Super Micro Computer,2026-09-02 15:00:00,36.53,36.5,36.54,36.46,0.0,0.0,161664.0,5900706.603,-0.08212428141254074,36.53
US.SMCI,Super Micro Computer,2026-09-02 15:05:00,36.5062,36.615,36.621,36.49,0.0,0.0,232761.0,8505844.657,0.31506849315069035,36.5
US.SMCI,Super Micro Computer,2026-09-02 15:10:00,36.62,36.755,36.77,36.61,0.0,0.0,308455.0,11324079.738,0.382356957531068,36.615
US.SMCI,Super Micro Computer,2026-09-02 15:15:00,36.758,36.76,36.79,36.725,0.0,0.0,222992.0,8196937.819,0.013603591348103529,36.755
US.SMCI,Super Micro Computer,2026-09-02 15:20:00,36.76,36.825,36.905,36.75,0.0,0.0,322156.0,11865547.422,0.17682263329707518,36.76
US.SMCI,Super Micro Computer,2026-09-02 15:25:00,36.82,36.765,36.8888,36.765,0.0,0.0,239865.0,8833906.302,-0.16293279022403875,36.825
US.SMCI,Super Micro Computer,2026-09-02 15:30:00,36.765,36.815,36.89,36.735,0.0,0.0,331876.0,12212999.869,0.13599891200869618,36.765
US.SMCI,Super Micro Computer,2026-09-02 15:35:00,36.815,36.905,36.92,36.8133,0.0,0.0,321371.0,11851570.182,0.2444655710987462,36.815
US.SMCI,Super Micro Computer,2026-09-02 15:40:00,36.905,36.85,36.94,36.84,0.0,0.0,273694.0,10099043.162,-0.1490312965722794,36.905
US.SMCI,Super Micro Computer,2026-09-02 15:45:00,36.84,37.02,37.04,36.8311,0.0,0.0,363521.0,13424546.765,0.46132971506106296,36.85
US.SMCI,Super Micro Computer,2026-09-02 15:50:00,37.02,36.925,37.07,36.91,0.0,0.0,334172.0,12356933.127,-0.2566180443003943,37.02
US.SMCI,Super Micro Computer,2026-09-02 15:55:00,36.92,37.01,37.015,36.89,0.0,0.0,621516.0,22971157.994,0.2301963439404221,36.925
US.SMCI,Super Micro Computer,2026-09-02 16:00:00,37.005,37.0,37.11,36.965,0.0,0.0,3144516.0,116358584.281,-0.027019724398805758,37.01
US.SMCI,Super Micro Computer,2026-09-02 16:05:00,37.0,36.97,37.0,36.9103,0.0,0.0,553368.0,20483655.055,-0.08108108108108415,37.0
US.SMCI,Super Micro Computer,2026-09-02 16:10:00,36.97,36.93,37.02,36.85,0.0,0.0,43202.0,1596524.419,-0.10819583446037098,36.97
US.SMCI,Super Micro Computer,2026-09-02 16:15:00,36.93,36.8186,37.03,36.67,0.0,0.0,36341.0,1337987.757,-0.3016517736257681,36.93
US.SMCI,Super Micro Computer,2026-09-02 16:20:00,36.8186,36.43,36.8186,36.41,0.0,0.0,86708.0,3166059.583,-1.0554448023553415,36.8186
US.SMCI,Super Micro Computer,2026-09-02 16:25:00,36.43,36.6361,36.65,36.4,0.0,0.0,141165.0,5167730.017,0.5657425199011784,36.43
US.SMCI,Super Micro Computer,2026-09-02 16:30:00,36.6361,36.65,36.76,36.6,0.0,0.0,36501.0,1338634.13,0.03794071967267144,36.6361
US.SMCI,Super Micro Computer,2026-09-02 16:35:00,36.65,36.6,36.74,36.56,0.0,0.0,123024.0,4546230.055,-0.13642564802182036,36.65
US.SMCI,Super Micro Computer,2026-09-02 16:40:00,36.6,36.55,36.6446,36.55,0.0,0.0,10922.0,399806.312,-0.13661202185793514,36.6
US.SMCI,Super Micro Computer,2026-09-02 16:45:00,36.55,36.62,36.66,36.53,0.0,0.0,16794.0,614575.176,0.19151846785225798,36.55
US.SMCI,Super Micro Computer,2026-09-02 16:50:00,36.62,36.63,36.7026,36.62,0.0,0.0,15909.0,583362.286,0.02730748225015051,36.62
US.SMCI,Super Micro Computer,2026-09-02 16:55:00,36.695,36.65,36.6972,36.65,0.0,0.0,1362.0,49934.795,0.05460005460004373,36.63
US.SMCI,Super Micro Computer,2026-09-02 17:00:00,36.65,36.6,36.66,36.6,0.0,0.0,7131.0,261178.449,-0.13642564802182036,36.65
US.SMCI,Super Micro Computer,2026-09-02 17:05:00,36.6,36.6206,36.65,36.6,0.0,0.0,10832.0,396681.4,0.0562841530054692,36.6
US.SMCI,Super Micro Computer,2026-09-02 17:10:00,36.6206,36.6039,36.64,36.6,0.0,0.0,9662.0,353706.237,-0.04560274817998656,36.6206
US.SMCI,Super Micro Computer,2026-09-02 17:15:00,36.65,36.68,36.68,36.65,0.0,0.0,1189.0,43603.9,0.20790134384586537,36.6039
US.SMCI,Super Micro Computer,2026-09-02 17:20:00,36.68,36.66,36.68,36.6,0.0,0.0,10952.0,401421.108,-0.05452562704471954,36.68
US.SMCI,Super Micro Computer,2026-09-02 17:25:00,36.66,36.8,36.8,36.6124,0.0,0.0,11314.0,414998.073,0.3818876159301707,36.66
US.SMCI,Super Micro Computer,2026-09-02 17:30:00,36.79,36.751,36.8345,36.7307,0.0,0.0,14624.0,537588.729,-0.1331521739130421,36.8
US.SMCI,Super Micro Computer,2026-09-02 17:35:00,36.751,36.75,36.78,36.75,0.0,0.0,2885.0,106080.135,-0.0027210143941598037,36.751
US.SMCI,Super Micro Computer,2026-09-02 17:40:00,36.75,36.7,36.7998,36.7,0.0,0.0,56586.0,2091829.485,-0.13605442176869975,36.75
US.SMCI,Super Micro Computer,2026-09-02 17:45:00,36.8,36.77,36.8,36.75,0.0,0.0,18908.0,699132.672,0.19073569482288905,36.7
US.SMCI,Super Micro Computer,2026-09-02 17:50:00,36.77,36.72,36.77,36.71,0.0,0.0,6439.0,236576.703,-0.13598041881970155,36.77
US.SMCI,Super Micro Computer,2026-09-02 17:55:00,36.72,36.67,36.75,36.67,0.0,0.0,13149.0,482931.95,-0.13616557734204018,36.72
US.SMCI,Super Micro Computer,2026-09-02 18:00:00,36.67,36.7,36.7,36.61,0.0,0.0,4316.0,158242.104,0.08181074447777784,36.67
US.SMCI,Super Micro Computer,2026-09-02 18:05:00,36.7,36.6477,36.7,36.64,0.0,0.0,2273.0,83300.665,-0.1425068119891075,36.7
US.SMCI,Super Micro Computer,2026-09-02 18:10:00,36.6477,36.6,36.65,36.6,0.0,0.0,4307.0,157779.755,-0.13015823639682425,36.6477
US.SMCI,Super Micro Computer,2026-09-02 18:15:00,36.6,36.6334,36.66,36.6,0.0,0.0,621.0,22761.204,0.09125683060109376,36.6
US.SMCI,Super Micro Computer,2026-09-02 18:20:00,36.6334,36.66,36.69,36.59,0.0,0.0,5873.0,215198.905,0.07261133282740573,36.6334
US.SMCI,Super Micro Computer,2026-09-02 18:25:00,36.66,36.62,36.6609,36.62,0.0,0.0,505.0,18516.69,-0.10911074740861744,36.66
US.SMCI,Super Micro Computer,2026-09-02 18:30:00,36.62,36.6177,36.6587,36.6177,0.0,0.0,512.0,18762.225,-0.006280720917526468,36.62
US.SMCI,Super Micro Computer,2026-09-02 18:35:00,36.6177,36.6371,36.65,36.6,0.0,0.0,2619.0,95904.179,0.052979843081344326,36.6177
US.SMCI,Super Micro Computer,2026-09-02 18:40:00,36.6371,36.5969,36.6371,36.58,0.0,0.0,9652.0,353170.834,-0.10972484175876007,36.6371
US.SMCI,Super Micro Computer,2026-09-02 18:45:00,36.5969,36.59,36.6,36.5819,0.0,0.0,6244.0,228512.2,-0.018854055944614374,36.5969
US.SMCI,Super Micro Computer,2026-09-02 18:50:00,36.59,36.5819,36.6,36.58,0.0,0.0,5033.0,184132.937,-0.022137195955195383,36.59
US.SMCI,Super Micro Computer,2026-09-02 18:55:00,36.59,36.57,36.59,36.55,0.0,0.0,2550.0,93266.801,-0.03252974831814951,36.5819
US.SMCI,Super Micro Computer,2026-09-02 19:00:00,36.57,36.57,36.59,36.55,0.0,0.0,6485.0,237153.483,0.0,36.57
US.SMCI,Super Micro Computer,2026-09-02 19:05:00,36.57,36.54,36.6,36.53,0.0,0.0,12539.0,458533.62,-0.08203445447088087,36.57
US.SMCI,Super Micro Computer,2026-09-02 19:10:00,36.53,36.5938,36.5938,36.53,0.0,0.0,7045.0,257413.927,0.1472359058566024,36.54
US.SMCI,Super Micro Computer,2026-09-02 19:15:00,36.5938,36.592,36.5938,36.56,0.0,0.0,2428.0,88818.843,-0.004918866037424127,36.5938
US.SMCI,Super Micro Computer,2026-09-02 19:20:00,36.5938,36.5639,36.5938,36.5639,0.0,0.0,4038.0,147762.356,-0.07679274158286514,36.592
US.SMCI,Super Micro Computer,2026-09-02 19:25:00,36.5639,36.54,36.6,36.52,0.0,0.0,7947.0,290573.106,-0.06536501850184907,36.5639
US.SMCI,Super Micro Computer,2026-09-02 19:30:00,36.54,36.55,36.55,36.505,0.0,0.0,26184.0,956197.048,0.02736726874657365,36.54
US.SMCI,Super Micro Computer,2026-09-02 19:35:00,36.55,36.58,36.58,36.535,0.0,0.0,24626.0,900375.297,0.0820793433652562,36.55
US.SMCI,Super Micro Computer,2026-09-02 19:40:00,36.58,36.5793,36.58,36.51,0.0,0.0,2913.0,106539.99,-0.001913613996705347,36.58
US.SMCI,Super Micro Computer,2026-09-02 19:45:00,36.5793,36.6055,36.6865,36.5793,0.0,0.0,27128.0,992945.938,0.07162520879293967,36.5793
US.SMCI,Super Micro Computer,2026-09-02 19:50:00,36.6055,36.6958,36.74,36.6055,0.0,0.0,10904.0,400124.605,0.24668424143912568,36.6055
US.SMCI,Super Micro Computer,2026-09-02 19:55:00,36.6958,36.713,36.713,36.66,0.0,0.0,5036.0,184740.44,0.046871849094453716,36.6958
US.SMCI,Super Micro Computer,2026-09-02 20:00:00,36.6523,36.7,36.72,36.6404,0.0,0.0,4344.0,159304.974,-0.035409800343197566,36.713
US.SMCI,Super Micro Computer,2026-09-03 04:05:00,37.0,36.37,37.0,36.3,0.0,0.0,110853.0,4057259.55,-0.8991825613079165,36.7
US.SMCI,Super Micro Computer,2026-09-03 04:10:00,36.41,36.26,36.53,36.2218,0.0,0.0,29683.0,1080501.169,-0.30244707176244007,36.37
US.SMCI,Super Micro Computer,2026-09-03 04:15:00,36.26,36.12,36.34,36.12,0.0,0.0,37342.0,1353198.119,-0.38610038610038766,36.26
US.SMCI,Super Micro Computer,2026-09-03 04:20:00,36.12,36.0917,36.16,35.99,0.0,0.0,50822.0,1832328.59,-0.07834994462899901,36.12
US.SMCI,Super Micro Computer,2026-09-03 04:25:00,36.0917,36.2548,36.3,36.09,0.0,0.0,10190.0,368601.083,0.4519044544867657,36.0917
US.SMCI,Super Micro Computer,2026-09-03 04:30:00,36.28,36.35,36.4,36.28,0.0,0.0,8515.0,309390.671,0.26258591965753053,36.2548
US.SMCI,Super Micro Computer,2026-09-03 04:35:00,36.35,36.38,36.38,36.3,0.0,0.0,13048.0,474216.53,0.08253094910591785,36.35
US.SMCI,Super Micro Computer,2026-09-03 04:40:00,36.38,36.33,36.3929,36.33,0.0,0.0,9728.0,353732.489,-0.13743815283123764,36.38
US.SMCI,Super Micro Computer,2026-09-03 04:45:00,36.33,36.29,36.33,36.29,0.0,0.0,9037.0,328156.356,-0.1101018442058881,36.33
US.SMCI,Super Micro Computer,2026-09-03 04:50:00,36.29,36.2518,36.3,36.23,0.0,0.0,9549.0,346329.246,-0.10526315789472647,36.29
US.SMCI,Super Micro Computer,2026-09-03 04:55:00,36.25,36.21,36.25,36.2,0.0,0.0,11108.0,402443.215,-0.1153046193568376,36.2518
US.SMCI,Super Micro Computer,2026-09-03 05:00:00,36.25,36.2,36.25,36.2,0.0,0.0,5255.0,190336.371,-0.027616680475001407,36.21
US.SMCI,Super Micro Computer,2026-09-03 05:05:00,36.2,36.18,36.22,36.175,0.0,0.0,6399.0,231640.839,-0.05524861878453902,36.2
US.SMCI,Super Micro Computer,2026-09-03 05:10:00,36.17,36.18,36.22,36.15,0.0,0.0,4433.0,160375.198,0.0,36.18
US.SMCI,Super Micro Computer,2026-09-03 05:15:00,36.18,36.14,36.18,36.14,0.0,0.0,5034.0,182021.516,-0.11055831951354105,36.18
US.SMCI,Super Micro Computer,2026-09-03 05:20:00,36.14,36.26,36.34,36.14,0.0,0.0,9866.0,357494.647,0.3320420586607566,36.14
US.SMCI,Super Micro Computer,2026-09-03 05:25:00,36.26,36.26,36.27,36.23,0.0,0.0,1179.0,42718.194,0.0,36.26
US.SMCI,Super Micro Computer,2026-09-03 05:30:00,36.26,36.27,36.27,36.26,0.0,0.0,1735.0,62918.073,0.02757859900718455,36.26
US.SMCI,Super Micro Computer,2026-09-03 05:35:00,36.27,36.27,36.27,36.24,0.0,0.0,1111.0,40289.814,0.0,36.27
US.SMCI,Super Micro Computer,2026-09-03 05:40:00,36.27,36.26,36.3,36.26,0.0,0.0,1769.0,64156.686,-0.027570995312944897,36.27
US.SMCI,Super Micro Computer,2026-09-03 05:45:00,36.26,36.35,36.35,36.26,0.0,0.0,2492.0,90466.09,0.24820739106454331,36.26
US.SMCI,Super Micro Computer,2026-09-03 05:50:00,36.35,36.29,36.35,36.23,0.0,0.0,7361.0,267059.62,-0.1650618982118357,36.35
US.SMCI,Super Micro Computer,2026-09-03 05:55:00,36.29,36.3,36.3,36.25,0.0,0.0,2350.0,85239.173,0.027555800495998924,36.29
US.SMCI,Super Micro Computer,2026-09-03 06:00:00,36.25,36.24,36.25,36.24,0.0,0.0,1020.0,36973.98,-0.16528925619833382,36.3
US.SMCI,Super Micro Computer,2026-09-03 06:05:00,36.24,36.24,36.24,36.21,0.0,0.0,10413.0,377233.895,0.0,36.24
US.SMCI,Super Micro Computer,2026-09-03 06:10:00,36.24,36.26,36.27,36.24,0.0,0.0,1448.0,52501.95,0.05518763796908394,36.24
US.SMCI,Super Micro Computer,2026-09-03 06:15:00,36.26,36.14,36.26,36.1,0.0,0.0,5444.0,196981.779,-0.3309431880860382,36.26
US.SMCI,Super Micro Computer,2026-09-03 06:20:00,36.12,36.24,36.24,36.12,0.0,0.0,5804.0,209829.69,0.2767017155506403,36.14
US.SMCI,Super Micro Computer,2026-09-03 06:25:00,36.24,36.22,36.2659,36.21,0.0,0.0,824.0,29873.913,-0.055187637969103545,36.24
US.SMCI,Super Micro Computer,2026-09-03 06:30:00,36.22,36.23,36.23,36.22,0.0,0.0,517.0,18733.679,0.02760905577028716,36.22
US.SMCI,Super Micro Computer,2026-09-03 06:35:00,36.23,36.3,36.3,36.23,0.0,0.0,4042.0,146687.957,0.1932100469224408,36.23
US.SMCI,Super Micro Computer,2026-09-03 06:40:00,36.3,36.254,36.3,36.25,0.0,0.0,4483.0,162611.56,-0.12672176308539773,36.3
US.SMCI,Super Micro Computer,2026-09-03 06:45:00,36.3,36.33,36.33,36.28,0.0,0.0,1652.0,59968.994,0.2096320406024177,36.254
US.SMCI,Super Micro Computer,2026-09-03 06:50:00,36.33,36.35,36.35,36.33,0.0,0.0,1288.0,46807.432,0.055050922102953835,36.33
US.SMCI,Super Micro Computer,2026-09-03 06:55:00,36.35,36.35,36.35,36.34,0.0,0.0,2214.0,80458.012,0.0,36.35
US.SMCI,Super Micro Computer,2026-09-03 07:00:00,36.35,36.37,36.37,36.35,0.0,0.0,262.0,9537.13,0.055020632737265526,36.35
US.SMCI,Super Micro Computer,2026-09-03 07:05:00,36.355,36.5,36.5,36.33,0.0,0.0,18085.0,658143.695,0.3574374484465289,36.37
US.SMCI,Super Micro Computer,2026-09-03 07:10:00,36.5,36.49,36.53,36.46,0.0,0.0,7177.0,261891.55,-0.027397260273967154,36.5
US.SMCI,Super Micro Computer,2026-09-03 07:15:00,36.49,36.4676,36.49,36.42,0.0,0.0,4629.0,168761.689,-0.06138668128255587,36.49
US.SMCI,Super Micro Computer,2026-09-03 07:20:00,36.4676,36.46,36.5,36.46,0.0,0.0,6556.0,239161.235,-0.020840417247080967,36.4676
US.SMCI,Super Micro Computer,2026-09-03 07:25:00,36.46,36.41,36.4601,36.41,0.0,0.0,7151.0,260539.957,-0.1371365880417012,36.46
US.SMCI,Super Micro Computer,2026-09-03 07:30:00,36.41,36.35,36.41,36.35,0.0,0.0,28451.0,1034641.44,-0.16478989288655638,36.41
US.SMCI,Super Micro Computer,2026-09-03 07:35:00,36.34,36.37,36.38,36.23,0.0,0.0,31507.0,1143832.566,0.055020632737265526,36.35
US.SMCI,Super Micro Computer,2026-09-03 07:40:00,36.37,36.35,36.4367,36.35,0.0,0.0,4855.0,176540.244,-0.05499037668406935,36.37
US.SMCI,Super Micro Computer,2026-09-03 07:45:00,36.35,36.2832,36.35,36.28,0.0,0.0,12582.0,456905.992,-0.18376891334250517,36.35
US.SMCI,Super Micro Computer,2026-09-03 07:50:00,36.2832,36.28,36.314,36.26,0.0,0.0,11093.0,402359.014,-0.008819508753361467,36.2832
US.SMCI,Super Micro Computer,2026-09-03 07:55:00,36.28,36.3,36.3,36.28,0.0,0.0,4181.0,151741.994,0.0551267916207167,36.28
US.SMCI,Super Micro Computer,2026-09-03 08:00:00,36.3,36.33,36.34,36.2871,0.0,0.0,6916.0,251141.433,0.08264462809917669,36.3
US.SMCI,Super Micro Computer,2026-09-03 08:05:00,36.33,36.31,36.358,36.28,0.0,0.0,6640.0,241218.469,-0.055050922102934274,36.33
US.SMCI,Super Micro Computer,2026-09-03 08:10:00,36.3026,36.33,36.34,36.3026,0.0,0.0,1568.0,56956.886,0.05508124483612234,36.31
US.SMCI,Super Micro Computer,2026-09-03 08:15:00,36.33,36.38,36.4,36.33,0.0,0.0,6688.0,243261.454,0.1376273052573748,36.33
US.SMCI,Super Micro Computer,2026-09-03 08:20:00,36.3632,36.29,36.3632,36.29,0.0,0.0,14403.0,522953.982,-0.24738867509621607,36.38
US.SMCI,Super Micro Computer,2026-09-03 08:25:00,36.29,36.3983,36.3983,36.29,0.0,0.0,9421.0,342246.004,0.2984293193717273,36.29
US.SMCI,Super Micro Computer,2026-09-03 08:30:00,36.3983,36.39,36.4307,36.34,0.0,0.0,10690.0,389095.739,-0.022803262789741336,36.3983
US.SMCI,Super Micro Computer,2026-09-03 08:35:00,36.39,36.53,36.57,36.39,0.0,0.0,55241.0,2018076.081,0.38472107721901777,36.39
US.SMCI,Super Micro Computer,2026-09-03 08:40:00,36.546,36.43,36.557,36.41,0.0,0.0,8080.0,294862.352,-0.2737476047084627,36.53
US.SMCI,Super Micro Computer,2026-09-03 08:45:00,36.43,36.51,36.53,36.43,0.0,0.0,9346.0,341204.564,0.2195992314026854,36.43
US.SMCI,Super Micro Computer,2026-09-03 08:50:00,36.51,36.5,36.51,36.4655,0.0,0.0,4145.0,151290.826,-0.027389756231164093,36.51
US.SMCI,Super Micro Computer,2026-09-03 08:55:00,36.52,36.55,36.59,36.5,0.0,0.0,10838.0,396132.7,0.13698630136985523,36.5
US.SMCI,Super Micro Computer,2026-09-03 09:00:00,36.55,36.5803,36.59,36.5275,0.0,0.0,11702.0,428020.458,0.08290013679891653,36.55
US.SMCI,Super Micro Computer,2026-09-03 09:05:00,36.5803,36.4996,36.5803,36.41,0.0,0.0,18485.0,674520.966,-0.22061054720710388,36.5803
US.SMCI,Super Micro Computer,2026-09-03 09:10:00,36.4532,36.45,36.5,36.45,0.0,0.0,13069.0,476660.485,-0.13589190018520228,36.4996
US.SMCI,Super Micro Computer,2026-09-03 09:15:00,36.45,36.5092,36.52,36.44,0.0,0.0,7676.0,279959.147,0.16241426611796167,36.45
US.SMCI,Super Micro Computer,2026-09-03 09:20:00,36.5092,36.48,36.52,36.43,0.0,0.0,11328.0,413105.134,-0.07997984069769537,36.5092
US.SMCI,Super Micro Computer,2026-09-03 09:25:00,36.48,36.5175,36.52,36.42,0.0,0.0,29437.0,1073517.589,0.10279605263158284,36.48
US.SMCI,Super Micro Computer,2026-09-03 09:30:00,36.5175,36.5,36.7,36.5,0.0,0.0,141168.0,5159955.57,-0.04792222906825028,36.5175
US.SMCI,Super Micro Computer,2026-09-03 09:35:00,36.5,36.14,36.61,35.75,0.0,0.0,1856038.0,67128110.553,-0.9863013698630121,36.5
US.SMCI,Super Micro Computer,2026-09-03 09:40:00,36.135,36.2701,36.44,35.785,0.0,0.0,1005354.0,36333367.275,0.3599889319313746,36.14
US.SMCI,Super Micro Computer,2026-09-03 09:45:00,36.29,36.19,36.42,36.12,0.0,0.0,584347.0,21201595.383,-0.22084306357027308,36.2701
US.SMCI,Super Micro Computer,2026-09-03 09:50:00,36.19,36.5,36.5,36.13,0.0,0.0,539403.0,19573004.789,0.8565902182923522,36.19
US.SMCI,Super Micro Computer,2026-09-03 09:55:00,36.51,36.6,36.68,36.35,0.0,0.0,681107.0,24893493.181,0.27397260273972995,36.5
US.SMCI,Super Micro Computer,2026-09-03 10:00:00,36.59,36.8,36.85,36.43,0.0,0.0,528261.0,19343772.23,0.5464480874316823,36.6
US.SMCI,Super Micro Computer,2026-09-03 10:05:00,36.79,36.5595,36.8,36.49,0.0,0.0,565207.0,20701392.783,-0.6535326086956448,36.8
US.SMCI,Super Micro Computer,2026-09-03 10:10:00,36.55,36.565,36.68,36.39,0.0,0.0,478073.0,17465346.127,0.015043969419707162,36.5595
US.SMCI,Super Micro Computer,2026-09-03 10:15:00,36.555,36.5099,36.595,36.42,0.0,0.0,286437.0,10452767.095,-0.15069055107341975,36.565
US.SMCI,Super Micro Computer,2026-09-03 10:20:00,36.5,36.8201,36.86,36.46,0.0,0.0,427851.0,15685941.572,0.84963256541375,36.5099
US.SMCI,Super Micro Computer,2026-09-03 10:25:00,36.835,36.63,36.895,36.61,0.0,0.0,365731.0,13448364.153,-0.5162940893696485,36.8201
US.SMCI,Super Micro Computer,2026-09-03 10:30:00,36.626765,36.54,36.78,36.53,0.0,0.0,311439.0,11425466.077,-0.24570024570025498,36.63
US.SMCI,Super Micro Computer,2026-09-03 10:35:00,36.535,36.315,36.62,36.3,0.0,0.0,357309.0,13024585.553,-0.6157635467980335,36.54
US.SMCI,Super Micro Computer,2026-09-03 10:40:00,36.31,36.35,36.47,36.31,0.0,0.0,275872.0,10034067.168,0.0963789067878389,36.315
US.SMCI,Super Micro Computer,2026-09-03 10:45:00,36.34,36.39,36.4999,36.3,0.0,0.0,243422.0,8861569.996,0.1100412654745506,36.35
US.SMCI,Super Micro Computer,2026-09-03 10:50:00,36.41,36.57,36.579,36.36,0.0,0.0,263045.0,9592774.533,0.4946413849958772,36.39
US.SMCI,Super Micro Computer,2026-09-03 10:55:00,36.565,36.61,36.61,36.4476,0.0,0.0,183341.0,6692381.76,0.10937927262783469,36.57
US.SMCI,Super Micro Computer,2026-09-03 11:00:00,36.61,36.695,36.715,36.49,0.0,0.0,532286.0,19484219.485,0.23217700081945059,36.61
US.SMCI,Super Micro Computer,2026-09-03 11:05:00,36.71,36.87,36.93,36.69,0.0,0.0,487674.0,17962379.596,0.47690421038287817,36.695
US.SMCI,Super Micro Computer,2026-09-03 11:10:00,36.87,36.9153,36.95,36.81,0.0,0.0,419245.0,15464717.789,0.12286411716844199,36.87
US.SMCI,Super Micro Computer,2026-09-03 11:15:00,36.91,36.885,36.98,36.85,0.0,0.0,549848.0,20305439.817,-0.08207978805536997,36.9153
US.SMCI,Super Micro Computer,2026-09-03 11:20:00,36.885,36.7701,36.93,36.76,0.0,0.0,317010.0,11685329.232,-0.31150874339161905,36.885
US.SMCI,Super Micro Computer,2026-09-03 11:25:00,36.775,36.7701,36.81,36.675,0.0,0.0,414620.0,15237179.214,0.0,36.7701
US.SMCI,Super Micro Computer,2026-09-03 11:30:00,36.785,36.89,36.9079,36.785,0.0,0.0,442575.0,16307088.275,0.32608015751929215,36.7701
US.SMCI,Super Micro Computer,2026-09-03 11:35:00,36.89,36.87,36.9,36.76,0.0,0.0,181838.0,6696460.541,-0.0542152344808976,36.89
US.SMCI,Super Micro Computer,2026-09-03 11:40:00,36.865,36.905,36.91,36.79,0.0,0.0,151436.0,5582122.616,0.09492812584758258,36.87
US.SMCI,Super Micro Computer,2026-09-03 11:45:00,36.91,36.825,36.95,36.765,0.0,0.0,424680.0,15658638.19,-0.2167727950142211,36.905
US.SMCI,Super Micro Computer,2026-09-03 11:50:00,36.82,37.075,37.08,36.82,0.0,0.0,363959.0,13455313.48,0.678886625933469,36.825
US.SMCI,Super Micro Computer,2026-09-03 11:55:00,37.0723,37.366,37.37,37.07,0.0,0.0,732509.0,27270653.539,0.7848954821308072,37.075
US.SMCI,Super Micro Computer,2026-09-03 12:00:00,37.36,37.435,37.46,37.3,0.0,0.0,378051.0,14134304.531,0.18465985120163414,37.366
US.SMCI,Super Micro Computer,2026-09-03 12:05:00,37.43,37.6013,37.7,37.38,0.0,0.0,962950.0,36177357.696,0.44423667690663726,37.435
US.SMCI,Super Micro Computer,2026-09-03 12:10:00,37.605,37.74,37.78,37.47,0.0,0.0,883117.0,33237791.168,0.36887022523157453,37.6013
US.SMCI,Super Micro Computer,2026-09-03 12:15:00,37.75,37.78,37.885,37.715,0.0,0.0,658974.0,24913490.962,0.10598834128245666,37.74
US.SMCI,Super Micro Computer,2026-09-03 12:20:00,37.775,37.55,37.7901,37.5331,0.0,0.0,579632.0,21841835.452,-0.6087877183695182,37.78
US.SMCI,Super Micro Computer,2026-09-03 12:25:00,37.545,37.285,37.56,37.21,0.0,0.0,461223.0,17248543.47,-0.705725699067911,37.55
US.SMCI,Super Micro Computer,2026-09-03 12:30:00,37.2851,37.255,37.299,37.21,0.0,0.0,274718.0,10236422.467,-0.08046131151936177,37.285
US.SMCI,Super Micro Computer,2026-09-03 12:35:00,37.255,37.34,37.345,37.23,0.0,0.0,257536.0,9604441.343,0.22815729432291193,37.255
US.SMCI,Super Micro Computer,2026-09-03 12:40:00,37.3399,37.345,37.4,37.28,0.0,0.0,222067.0,8291311.108,0.013390465988204212,37.34
US.SMCI,Super Micro Computer,2026-09-03 12:45:00,37.35,37.385,37.455,37.315,0.0,0.0,247413.0,9248673.445,0.10710938545989863,37.345
US.SMCI,Super Micro Computer,2026-09-03 12:50:00,37.39,37.42,37.455,37.36,0.0,0.0,225210.0,8423207.603,0.0936204360037547,37.385
US.SMCI,Super Micro Computer,2026-09-03 12:55:00,37.415,37.35,37.45,37.3303,0.0,0.0,176045.0,6579011.4,-0.18706574024585856,37.42
US.SMCI,Super Micro Computer,2026-09-03 13:00:00,37.3499,37.35,37.38,37.325,0.0,0.0,141368.0,5279585.414,0.0,37.35
US.SMCI,Super Micro Computer,2026-09-03 13:05:00,37.355,37.45,37.46,37.32,0.0,0.0,126419.0,4725826.49,0.2677376171352113,37.35
US.SMCI,Super Micro Computer,2026-09-03 13:10:00,37.45,37.428,37.52,37.39,0.0,0.0,194209.0,7277252.891,-0.05874499332444745,37.45
US.SMCI,Super Micro Computer,2026-09-03 13:15:00,37.425,37.59,37.6285,37.425,0.0,0.0,194431.0,7297129.74,0.432831035588346,37.428
US.SMCI,Super Micro Computer,2026-09-03 13:20:00,37.5984,37.705,37.745,37.5984,0.0,0.0,230652.0,8686887.606,0.30593242883744315,37.59
US.SMCI,Super Micro Computer,2026-09-03 13:25:00,37.7,37.755,37.84,37.66,0.0,0.0,414990.0,15658119.019,0.13260840737303875,37.705
US.SMCI,Super Micro Computer,2026-09-03 13:30:00,37.77,37.82,37.87,37.68,0.0,0.0,409866.0,15486982.352,0.17216262746655467,37.755
US.SMCI,Super Micro Computer,2026-09-03 13:35:00,37.815,37.79,37.87,37.74,0.0,0.0,305638.0,11558086.541,-0.07932310946589406,37.82
US.SMCI,Super Micro Computer,2026-09-03 13:40:00,37.775,37.7,37.825,37.65,0.0,0.0,323282.0,12193105.576,-0.238158242921398,37.79
US.SMCI,Super Micro Computer,2026-09-03 13:45:00,37.6999,37.695,37.7299,37.643,0.0,0.0,171876.0,6477721.344,-0.013262599469502805,37.7
US.SMCI,Super Micro Computer,2026-09-03 13:50:00,37.69,37.69,37.7,37.6342,0.0,0.0,170526.0,6423731.887,-0.013264358668265176,37.695
US.SMCI,Super Micro Computer,2026-09-03 13:55:00,37.685,37.765,37.79,37.675,0.0,0.0,256404.0,9677415.429,0.19899177500664061,37.69
US.SMCI,Super Micro Computer,2026-09-03 14:00:00,37.7654,37.67,37.825,37.66,0.0,0.0,162063.0,6119105.352,-0.25155567324241723,37.765
US.SMCI,Super Micro Computer,2026-09-03 14:05:00,37.675,37.725,37.78,37.675,0.0,0.0,199352.0,7522852.148,0.1460047783381994,37.67
US.SMCI,Super Micro Computer,2026-09-03 14:10:00,37.73,37.71,37.7499,37.625,0.0,0.0,144352.0,5440945.403,-0.039761431411532315,37.725
US.SMCI,Super Micro Computer,2026-09-03 14:15:00,37.71,37.765,37.79,37.695,0.0,0.0,125862.0,4750488.241,0.14584990718642193,37.71
US.SMCI,Super Micro Computer,2026-09-03 14:20:00,37.765,37.785,37.85,37.765,0.0,0.0,340880.0,12892560.086,0.052959089103656876,37.765
US.SMCI,Super Micro Computer,2026-09-03 14:25:00,37.78,37.68,37.79,37.6,0.0,0.0,188913.0,7120405.096,-0.2778880508138068,37.785
US.SMCI,Super Micro Computer,2026-09-03 14:30:00,37.6799,37.645,37.73,37.635,0.0,0.0,155839.0,5872195.006,-0.09288747346071281,37.68
US.SMCI,Super Micro Computer,2026-09-03 14:35:00,37.645,37.715,37.73,37.635,0.0,0.0,94213.0,3551120.492,0.18594766901314988,37.645
US.SMCI,Super Micro Computer,2026-09-03 14:40:00,37.715,37.805,37.835,37.69,0.0,0.0,240465.0,9084365.632,0.23863184409385202,37.715
US.SMCI,Super Micro Computer,2026-09-03 14:45:00,37.8,37.905,37.98,37.755,0.0,0.0,633138.0,23975107.25,0.26451527575717876,37.805
US.SMCI,Super Micro Computer,2026-09-03 14:50:00,37.905,37.995,38.05,37.88,0.0,0.0,748919.0,28449434.942,0.23743569449939667,37.905
US.SMCI,Super Micro Computer,2026-09-03 14:55:00,37.995,37.905,38.045,37.86,0.0,0.0,397760.0,15103466.484,-0.2368732727990428,37.995
US.SMCI,Super Micro Computer,2026-09-03 15:00:00,37.91,37.965,37.995,37.89,0.0,0.0,225373.0,8551284.477,0.15829046299961025,37.905
US.SMCI,Super Micro Computer,2026-09-03 15:05:00,37.9678,38.105,38.13,37.895,0.0,0.0,477087.0,18135361.28,0.36876070064531397,37.965
US.SMCI,Super Micro Computer,2026-09-03 15:10:00,38.1051,37.985,38.15,37.955,0.0,0.0,388295.0,14773676.496,-0.3149193019288741,38.105
US.SMCI,Super Micro Computer,2026-09-03 15:15:00,37.985,37.96,38.035,37.93,0.0,0.0,165307.0,6278612.438,-0.06581545346847066,37.985
US.SMCI,Super Micro Computer,2026-09-03 15:20:00,37.962,38.015,38.02,37.95,0.0,0.0,146707.0,5571818.719,0.1448893572181236,37.96
US.SMCI,Super Micro Computer,2026-09-03 15:25:00,38.02,37.92,38.045,37.92,0.0,0.0,192369.0,7309049.856,-0.2499013547283937,38.015
US.SMCI,Super Micro Computer,2026-09-03 15:30:00,37.92,38.105,38.1162,37.9124,0.0,0.0,395749.0,15061808.945,0.4878691983122236,37.92
US.SMCI,Super Micro Computer,2026-09-03 15:35:00,38.11,38.055,38.22,37.99,0.0,0.0,409186.0,15592750.603,-0.13121637580369286,38.105
US.SMCI,Super Micro Computer,2026-09-03 15:40:00,38.055,37.97,38.095,37.91,0.0,0.0,426905.0,16219563.207,-0.22336092497700918,38.055
US.SMCI,Super Micro Computer,2026-09-03 15:45:00,37.975,37.905,38.03,37.9,0.0,0.0,311283.0,11821992.233,-0.17118777982617256,37.97
US.SMCI,Super Micro Computer,2026-09-03 15:50:00,37.905,37.925,37.975,37.85,0.0,0.0,573852.0,21754013.633,0.05276348766652426,37.905
US.SMCI,Super Micro Computer,2026-09-03 15:55:00,37.94,37.83,38.02,37.771,0.0,0.0,589975.0,22355361.923,-0.2504943968358572,37.925
US.SMCI,Super Micro Computer,2026-09-03 16:00:00,37.83,37.87,37.91,37.78,0.0,0.0,2976761.0,112739027.952,0.10573618821041278,37.83
US.SMCI,Super Micro Computer,2026-09-03 16:05:00,37.87,37.803,37.9111,37.8,0.0,0.0,242518.0,9183590.383,-0.17692104568259884,37.87
US.SMCI,Super Micro Computer,2026-09-03 16:10:00,37.803,37.8,37.82,37.7771,0.0,0.0,4375.0,165473.606,-0.00793587810491261,37.803
US.SMCI,Super Micro Computer,2026-09-03 16:15:00,37.8,37.79,37.8,37.76,0.0,0.0,5070.0,191869.837,-0.026455026455021194,37.8
US.SMCI,Super Micro Computer,2026-09-03 16:20:00,37.79,37.75,37.79,37.74,0.0,0.0,40487.0,1532016.618,-0.10584810796506787,37.79
US.SMCI,Super Micro Computer,2026-09-03 16:25:00,37.75,37.7507,37.77,37.738,0.0,0.0,9095.0,343348.554,0.0018543046357666789,37.75
US.SMCI,Super Micro Computer,2026-09-03 16:30:00,37.7507,37.7329,37.78,37.73,0.0,0.0,11002.0,415336.97,-0.04715144354939418,37.7507
US.SMCI,Super Micro Computer,2026-09-03 16:35:00,37.7329,37.755,37.755,37.73,0.0,0.0,1578.0,59556.646,0.058569577212463884,37.7329
US.SMCI,Super Micro Computer,2026-09-03 16:40:00,37.733,37.7908,37.95,37.73,0.0,0.0,26364.0,997592.744,0.09482187789695332,37.755
US.SMCI,Super Micro Computer,2026-09-03 16:45:00,37.8499,37.9,37.9899,37.7901,0.0,0.0,29114.0,1103035.939,0.28895921758735277,37.7908
US.SMCI,Super Micro Computer,2026-09-03 16:50:00,37.9,37.877,37.92,37.844,0.0,0.0,2388.0,90457.226,-0.06068601583112437,37.9
US.SMCI,Super Micro Computer,2026-09-03 16:55:00,37.877,37.8,37.877,37.8,0.0,0.0,3648.0,137962.268,-0.20328959526891063,37.877
US.SMCI,Super Micro Computer,2026-09-03 17:00:00,37.8,37.8226,37.83,37.78,0.0,0.0,3624.0,136935.379,0.059788359788370826,37.8
US.SMCI,Super Micro Computer,2026-09-03 17:05:00,37.8225,37.8376,37.8376,37.8225,0.0,0.0,2687.0,101653.45,0.03965882831957763,37.8226
US.SMCI,Super Micro Computer,2026-09-03 17:10:00,37.8376,37.84,37.84,37.8376,0.0,0.0,97475.0,3691199.584,0.006342897012499503,37.8376
US.SMCI,Super Micro Computer,2026-09-03 17:15:00,37.84,37.78,37.84,37.78,0.0,0.0,361.0,13643.977,-0.15856236786469946,37.84
US.SMCI,Super Micro Computer,2026-09-03 17:20:00,37.78,37.78,37.8075,37.78,0.0,0.0,534.0,20179.842,0.0,37.78
US.SMCI,Super Micro Computer,2026-09-03 17:25:00,37.78,37.82,37.82,37.78,0.0,0.0,386.0,14589.316,0.10587612493382514,37.78
US.SMCI,Super Micro Computer,2026-09-03 17:30:00,37.82,37.8046,37.82,37.7887,0.0,0.0,2670.0,100931.484,-0.04071919619248979,37.82
US.SMCI,Super Micro Computer,2026-09-03 17:35:00,37.8046,37.8254,37.83,37.8046,0.0,0.0,1574.0,59529.505,0.05501975950016998,37.8046
US.SMCI,Super Micro Computer,2026-09-03 17:40:00,37.8254,37.84,37.84,37.8,0.0,0.0,1483.0,56141.11,0.038598402131904755,37.8254
US.SMCI,Super Micro Computer,2026-09-03 17:45:00,37.84,37.84,37.84,37.8399,0.0,0.0,48539.0,1838148.443,0.0,37.84
US.SMCI,Super Micro Computer,2026-09-03 17:50:00,37.84,37.84,37.84,37.83,0.0,0.0,2713.0,102657.362,0.0,37.84
US.SMCI,Super Micro Computer,2026-09-03 17:55:00,37.84,37.8505,37.8531,37.84,0.0,0.0,2358.0,89249.623,0.027748414376303623,37.84
US.SMCI,Super Micro Computer,2026-09-03 18:00:00,37.8511,37.83,37.8511,37.83,0.0,0.0,4431.0,167698.4,-0.05416044702183171,37.8505
US.SMCI,Super Micro Computer,2026-09-03 18:05:00,37.8,37.8,37.82,37.8,0.0,0.0,5682.0,214864.917,-0.07930214115781427,37.83
US.SMCI,Super Micro Computer,2026-09-03 18:10:00,37.8,37.81,37.838,37.8,0.0,0.0,3494.0,132150.997,0.02645502645503999,37.8
US.SMCI,Super Micro Computer,2026-09-03 18:15:00,37.81,37.8138,37.82,37.81,0.0,0.0,935.0,35352.55,0.010050251256276777,37.81
US.SMCI,Super Micro Computer,2026-09-03 18:20:00,37.8138,37.8138,37.8138,37.8138,0.0,0.0,232.0,8772.591,0.0,37.8138
US.SMCI,Super Micro Computer,2026-09-03 18:25:00,37.8138,37.85,37.85,37.8138,0.0,0.0,1166.0,44129.352,0.09573224589964748,37.8138
US.SMCI,Super Micro Computer,2026-09-03 18:30:00,37.85,37.81,37.85,37.78,0.0,0.0,795.0,30049.755,-0.10568031704094887,37.85
US.SMCI,Super Micro Computer,2026-09-03 18:35:00,37.81,37.8699,37.8699,37.7939,0.0,0.0,1110.0,41991.45,0.15842369743453835,37.81
US.SMCI,Super Micro Computer,2026-09-03 18:40:00,37.8699,37.8699,37.8699,37.8699,0.0,0.0,242.0,9157.086,0.0,37.8699
US.SMCI,Super Micro Computer,2026-09-03 18:45:00,37.8699,37.8,37.8699,37.79,0.0,0.0,1004.0,37946.339,-0.18457930968923622,37.8699
US.SMCI,Super Micro Computer,2026-09-03 18:50:00,37.8,37.83,37.83,37.8,0.0,0.0,846.0,31987.343,0.07936507936508239,37.8
US.SMCI,Super Micro Computer,2026-09-03 18:55:00,37.83,37.842,37.85,37.8,0.0,0.0,1601.0,60562.652,0.03172085646312571,37.83
US.SMCI,Super Micro Computer,2026-09-03 19:00:00,37.842,37.8423,37.8423,37.803,0.0,0.0,524.0,19815.649,0.0007927699381714855,37.842
US.SMCI,Super Micro Computer,2026-09-03 19:05:00,37.8423,37.845,37.85,37.81,0.0,0.0,2594.0,98161.33,0.007134872880340941,37.8423
US.SMCI,Super Micro Computer,2026-09-03 19:10:00,37.834,37.85,37.85,37.8,0.0,0.0,6579.0,248876.631,0.01321178491214839,37.845
US.SMCI,Super Micro Computer,2026-09-03 19:15:00,37.85,37.8438,37.85,37.8438,0.0,0.0,498.0,18845.66,-0.016380449141346794,37.85
US.SMCI,Super Micro Computer,2026-09-03 19:20:00,37.8438,37.84,37.8438,37.83,0.0,0.0,1332.0,50395.194,-0.010041274924817933,37.8438
US.SMCI,Super Micro Computer,2026-09-03 19:25:00,37.84,37.8399,37.84,37.81,0.0,0.0,1830.0,69240.574,-0.00026427061311659524,37.84
US.SMCI,Super Micro Computer,2026-09-03 19:30:00,37.84,37.81,37.85,37.81,0.0,0.0,2987.0,113001.785,-0.07901712213826627,37.8399
US.SMCI,Super Micro Computer,2026-09-03 19:35:00,37.81,37.81,37.82,37.81,0.0,0.0,3165.0,119684.3,0.0,37.81
US.SMCI,Super Micro Computer,2026-09-03 19:40:00,37.81,37.85,37.85,37.81,0.0,0.0,289.0,10936.628,0.10579211848717043,37.81
US.SMCI,Super Micro Computer,2026-09-03 19:45:00,37.85,37.81,37.85,37.81,0.0,0.0,1414.0,53475.698,-0.10568031704094887,37.85
US.SMCI,Super Micro Computer,2026-09-03 19:50:00,37.81,37.822,37.8581,37.81,0.0,0.0,1743.0,65966.27,0.03173763554615301,37.81
US.SMCI,Super Micro Computer,2026-09-03 19:55:00,37.822,37.87,37.87,37.822,0.0,0.0,1658.0,62777.033,0.1269102638675763,37.822
US.SMCI,Super Micro Computer,2026-09-03 20:00:00,37.85,37.84,37.85,37.82,0.0,0.0,1705.0,64513.464,-0.07921837866383426,37.87
US.SMCI,Super Micro Computer,2026-09-04 04:05:00,37.87,38.2731,38.3,37.87,0.0,0.0,70903.0,2708028.013,1.1445560253699683,37.84
US.SMCI,Super Micro Computer,2026-09-04 04:10:00,38.2731,38.31,38.33,38.23,0.0,0.0,6318.0,241882.439,0.09641236272996653,38.2731
US.SMCI,Super Micro Computer,2026-09-04 04:15:00,38.31,38.34,38.35,38.31,0.0,0.0,2330.0,89338.36,0.07830853563038667,38.31
US.SMCI,Super Micro Computer,2026-09-04 04:20:00,38.34,38.36,38.38,38.34,0.0,0.0,5757.0,220910.972,0.05216484089722488,38.34
US.SMCI,Super Micro Computer,2026-09-04 04:25:00,38.36,38.38,38.4,38.33,0.0,0.0,2174.0,83458.022,0.05213764337852744,38.36
US.SMCI,Super Micro Computer,2026-09-04 04:30:00,38.38,38.4,38.4,38.34,0.0,0.0,7260.0,278442.397,0.0521104742053049,38.38
US.SMCI,Super Micro Computer,2026-09-04 04:35:00,38.4,38.35,38.4,38.34,0.0,0.0,1120.0,42992.251,-0.13020833333332593,38.4
US.SMCI,Super Micro Computer,2026-09-04 04:40:00,38.35,38.3,38.37,38.3,0.0,0.0,2595.0,99479.768,-0.1303780964798025,38.35
US.SMCI,Super Micro Computer,2026-09-04 04:45:00,38.335,38.36,38.3675,38.335,0.0,0.0,854.0,32753.286,0.15665796344648114,38.3
US.SMCI,Super Micro Computer,2026-09-04 04:50:00,38.36,38.38,38.39,38.33,0.0,0.0,7575.0,290690.987,0.05213764337852744,38.36
US.SMCI,Super Micro Computer,2026-09-04 04:55:00,38.34,38.33,38.37,38.32,0.0,0.0,4728.0,181310.28,-0.13027618551329928,38.38
US.SMCI,Super Micro Computer,2026-09-04 05:00:00,38.33,38.38,38.4,38.33,0.0,0.0,4171.0,160140.261,0.13044612575007636,38.33
US.SMCI,Super Micro Computer,2026-09-04 05:05:00,38.38,38.37,38.38,38.37,0.0,0.0,1588.0,60933.149,-0.026055237102670964,38.38
US.SMCI,Super Micro Computer,2026-09-04 05:10:00,38.37,38.34,38.37,38.34,0.0,0.0,1394.0,53472.071,-0.0781860828772323,38.37
US.SMCI,Super Micro Computer,2026-09-04 05:15:00,38.32,38.34,38.4089,38.318,0.0,0.0,2691.0,103156.16,0.0,38.34
US.SMCI,Super Micro Computer,2026-09-04 05:20:00,38.34,38.32,38.34,38.3,0.0,0.0,960.0,36781.885,-0.052164840897243415,38.34
US.SMCI,Super Micro Computer,2026-09-04 05:25:00,38.32,38.31,38.32,38.3,0.0,0.0,1457.0,55844.87,-0.026096033402917565,38.32
US.SMCI,Super Micro Computer,2026-09-04 05:30:00,38.26,38.24,38.26,38.24,0.0,0.0,1993.0,76219.873,-0.18271991647089605,38.31
US.SMCI,Super Micro Computer,2026-09-04 05:35:00,38.24,38.28,38.29,38.24,0.0,0.0,559.0,21404.075,0.10460251046024881,38.24
US.SMCI,Super Micro Computer,2026-09-04 05:40:00,38.28,38.34,38.34,38.28,0.0,0.0,1155.0,44294.275,0.15673981191223163,38.28
US.SMCI,Super Micro Computer,2026-09-04 05:45:00,38.34,38.35,38.35,38.34,0.0,0.0,2245.0,86095.048,0.02608242044861244,38.34
US.SMCI,Super Micro Computer,2026-09-04 05:50:00,38.35,38.4,38.4364,38.35,0.0,0.0,6250.0,239949.438,0.130378096479784,38.35
US.SMCI,Super Micro Computer,2026-09-04 05:55:00,38.4,38.4,38.41,38.38,0.0,0.0,2270.0,87199.437,0.0,38.4
US.SMCI,Super Micro Computer,2026-09-04 06:00:00,38.4,38.46,38.475,38.4,0.0,0.0,11038.0,424469.834,0.15625000000000594,38.4
US.SMCI,Super Micro Computer,2026-09-04 06:05:00,38.465,38.52,38.5597,38.465,0.0,0.0,14687.0,565619.326,0.1560062402496159,38.46
US.SMCI,Super Micro Computer,2026-09-04 06:10:00,38.52,38.61,38.65,38.52,0.0,0.0,12735.0,491712.619,0.2336448598130745,38.52
US.SMCI,Super Micro Computer,2026-09-04 06:15:00,38.61,38.65,38.65,38.61,0.0,0.0,6162.0,238036.443,0.1036001036001014,38.61
US.SMCI,Super Micro Computer,2026-09-04 06:20:00,38.65,38.59,38.65,38.59,0.0,0.0,832.0,32128.135,-0.15523932729623588,38.65
US.SMCI,Super Micro Computer,2026-09-04 06:25:00,38.59,38.59,38.64,38.59,0.0,0.0,1805.0,69733.686,0.0,38.59
US.SMCI,Super Micro Computer,2026-09-04 06:30:00,38.58,38.64,38.64,38.56,0.0,0.0,8793.0,339472.55,0.1295672454003554,38.59
US.SMCI,Super Micro Computer,2026-09-04 06:35:00,38.64,38.63,38.6562,38.59,0.0,0.0,2912.0,112441.049,-0.025879917184259863,38.64
US.SMCI,Super Micro Computer,2026-09-04 06:40:00,38.62,38.62,38.6494,38.59,0.0,0.0,1945.0,75101.91,-0.02588661661922111,38.63
US.SMCI,Super Micro Computer,2026-09-04 06:45:00,38.61,38.5555,38.61,38.51,0.0,0.0,4551.0,175620.997,-0.16701191092696877,38.62
US.SMCI,Super Micro Computer,2026-09-04 06:50:00,38.5555,38.62,38.62,38.55,0.0,0.0,4245.0,163739.74,0.16729130733616562,38.5555
US.SMCI,Super Micro Computer,2026-09-04 06:55:00,38.62,38.62,38.62,38.51,0.0,0.0,2154.0,83048.58,0.0,38.62
US.SMCI,Super Micro Computer,2026-09-04 07:00:00,38.62,38.629,38.629,38.62,0.0,0.0,620.0,23941.934,0.023303987571207514,38.62
US.SMCI,Super Micro Computer,2026-09-04 07:05:00,38.629,38.5538,38.629,38.51,0.0,0.0,21573.0,832303.224,-0.19467239638612255,38.629
US.SMCI,Super Micro Computer,2026-09-04 07:10:00,38.5538,38.5999,38.63,38.5538,0.0,0.0,13456.0,519414.063,0.1195731678848663,38.5538
US.SMCI,Super Micro Computer,2026-09-04 07:15:00,38.6,38.61,38.61,38.59,0.0,0.0,7202.0,277986.818,0.026165870896042037,38.5999
US.SMCI,Super Micro Computer,2026-09-04 07:20:00,38.61,38.5922,38.61,38.56,0.0,0.0,7115.0,274571.062,-0.04610204610204907,38.61
US.SMCI,Super Micro Computer,2026-09-04 07:25:00,38.5922,38.59,38.6,38.58,0.0,0.0,8342.0,321912.999,-0.005700633806818147,38.5922
US.SMCI,Super Micro Computer,2026-09-04 07:30:00,38.59,38.6,38.65,38.59,0.0,0.0,12021.0,464169.017,0.0259134490800674,38.59
US.SMCI,Super Micro Computer,2026-09-04 07:35:00,38.6,38.58,38.6,38.53,0.0,0.0,5545.0,213834.013,-0.05181347150259877,38.6
US.SMCI,Super Micro Computer,2026-09-04 07:40:00,38.58,38.49,38.58,38.49,0.0,0.0,5182.0,199558.282,-0.23328149300154566,38.58
US.SMCI,Super Micro Computer,2026-09-04 07:45:00,38.49,38.4004,38.5,38.4004,0.0,0.0,15533.0,596740.458,-0.2327877370745761,38.49
US.SMCI,Super Micro Computer,2026-09-04 07:50:00,38.4004,38.4805,38.4805,38.4004,0.0,0.0,10769.0,414130.88,0.20859157717107538,38.4004
US.SMCI,Super Micro Computer,2026-09-04 07:55:00,38.4805,38.46,38.49,38.43,0.0,0.0,6613.0,254353.612,-0.05327373604812413,38.4805
US.SMCI,Super Micro Computer,2026-09-04 08:00:00,38.4362,38.6125,38.618,38.43,0.0,0.0,27560.0,1062588.017,0.3965158606344158,38.46
US.SMCI,Super Micro Computer,2026-09-04 08:05:00,38.6125,38.51,38.6195,38.5,0.0,0.0,13014.0,501775.688,-0.26545807704758606,38.6125
US.SMCI,Super Micro Computer,2026-09-04 08:10:00,38.51,38.55,38.55,38.4101,0.0,0.0,18760.0,721827.314,0.10386912490262049,38.51
US.SMCI,Super Micro Computer,2026-09-04 08:15:00,38.55,38.5,38.61,38.46,0.0,0.0,6787.0,261634.494,-0.12970168612191224,38.55
US.SMCI,Super Micro Computer,2026-09-04 08:20:00,38.5,38.53,38.53,38.4708,0.0,0.0,8218.0,316378.025,0.07792207792208088,38.5
US.SMCI,Super Micro Computer,2026-09-04 08:25:00,38.53,38.6454,38.67,38.53,0.0,0.0,39550.0,1527232.68,0.2995068777575942,38.53
US.SMCI,Super Micro Computer,2026-09-04 08:30:00,38.6454,38.66,38.7,38.6454,0.0,0.0,16102.0,622654.165,0.037779399359288285,38.6454
US.SMCI,Super Micro Computer,2026-09-04 08:35:00,38.66,38.129,38.66,38.02,0.0,0.0,94155.0,3595998.256,-1.3735126745990658,38.66
US.SMCI,Super Micro Computer,2026-09-04 08:40:00,38.08,38.08,38.2,38.08,0.0,0.0,72938.0,2782043.185,-0.1285111070313921,38.129
US.SMCI,Super Micro Computer,2026-09-04 08:45:00,38.14,38.2093,38.33,38.1,0.0,0.0,22031.0,842773.187,0.3395483193277328,38.08
US.SMCI,Super Micro Computer,2026-09-04 08:50:00,38.2,38.01,38.2499,37.95,0.0,0.0,55841.0,2124254.507,-0.5216007621181254,38.2093
US.SMCI,Super Micro Computer,2026-09-04 08:55:00,38.01,38.1131,38.15,37.99,0.0,0.0,25115.0,955979.976,0.2712444093659691,38.01
US.SMCI,Super Micro Computer,2026-09-04 09:00:00,38.1131,38.1784,38.19,38.06,0.0,0.0,17509.0,667716.579,0.17133216663037268,38.1131
US.SMCI,Super Micro Computer,2026-09-04 09:05:00,38.1784,38.16,38.1784,38.07,0.0,0.0,9788.0,373064.052,-0.04819479077176323,38.1784
US.SMCI,Super Micro Computer,2026-09-04 09:10:00,38.1531,38.17,38.24,38.1219,0.0,0.0,10749.0,410358.599,0.02620545073376603,38.16
US.SMCI,Super Micro Computer,2026-09-04 09:15:00,38.17,38.1297,38.1707,38.12,0.0,0.0,14191.0,541244.213,-0.10558029866387739,38.17
US.SMCI,Super Micro Computer,2026-09-04 09:20:00,38.1297,38.2,38.3,38.1297,0.0,0.0,23809.0,909991.727,0.18437071364317878,38.1297
US.SMCI,Super Micro Computer,2026-09-04 09:25:00,38.2,38.3,38.32,38.2,0.0,0.0,19406.0,742853.29,0.261780104712027,38.2
US.SMCI,Super Micro Computer,2026-09-04 09:30:00,38.3,38.24,38.49,38.13,0.0,0.0,30843.0,1182769.005,-0.15665796344646257,38.3
US.SMCI,Super Micro Computer,2026-09-04 09:35:00,38.16,38.79,38.8,37.92,0.0,0.0,1525823.0,58521401.934,1.4382845188284443,38.24
US.SMCI,Super Micro Computer,2026-09-04 09:40:00,38.79,38.83,38.96,38.62,0.0,0.0,1083045.0,42026430.959,0.1031193606599617,38.79
US.SMCI,Super Micro Computer,2026-09-04 09:45:00,38.83,38.56,38.9797,38.54,0.0,0.0,878719.0,34091467.984,-0.6953386556785888,38.83
US.SMCI,Super Micro Computer,2026-09-04 09:50:00,38.5638,38.785,39.085,38.53,0.0,0.0,1037933.0,40370813.245,0.5835062240663753,38.56
US.SMCI,Super Micro Computer,2026-09-04 09:55:00,38.775,38.89,38.895,38.51,0.0,0.0,596400.0,23091389.297,0.27072321773882685,38.785
US.SMCI,Super Micro Computer,2026-09-04 10:00:00,38.88,39.015,39.09,38.87,0.0,0.0,969200.0,37773386.231,0.3214193880174852,38.89
US.SMCI,Super Micro Computer,2026-09-04 10:05:00,39.02,39.02,39.14,38.955,0.0,0.0,747054.0,29169870.773,0.01281558374984636,39.015
US.SMCI,Super Micro Computer,2026-09-04 10:10:00,39.005,39.245,39.42,39.0,0.0,0.0,1318409.0,51750338.27,0.5766273705791756,39.02
US.SMCI,Super Micro Computer,2026-09-04 10:15:00,39.245,39.27,39.46,39.17,0.0,0.0,862635.0,33897160.936,0.06370238246911883,39.245
US.SMCI,Super Micro Computer,2026-09-04 10:20:00,39.27,39.3301,39.43,39.27,0.0,0.0,575855.0,22673315.776,0.15304303539597272,39.27
US.SMCI,Super Micro Computer,2026-09-04 10:25:00,39.34,39.505,39.52,39.255,0.0,0.0,1083195.0,42694051.91,0.4446975725970718,39.3301
US.SMCI,Super Micro Computer,2026-09-04 10:30:00,39.5085,39.49,39.63,39.38,0.0,0.0,780282.0,30828186.821,-0.037969877230731724,39.505
US.SMCI,Super Micro Computer,2026-09-04 10:35:00,39.49,39.25,39.5,39.22,0.0,0.0,677656.0,26665674.232,-0.6077487971638439,39.49
US.SMCI,Super Micro Computer,2026-09-04 10:40:00,39.25,39.6151,39.6901,39.25,0.0,0.0,697140.0,27578267.083,0.9301910828025431,39.25
US.SMCI,Super Micro Computer,2026-09-04 10:45:00,39.6199,39.2699,39.6199,39.22,0.0,0.0,588413.0,23205690.68,-0.8713849012119076,39.6151
US.SMCI,Super Micro Computer,2026-09-04 10:50:00,39.26,39.3,39.43,39.2401,0.0,0.0,629346.0,24764398.334,0.07664903653942931,39.2699
US.SMCI,Super Micro Computer,2026-09-04 10:55:00,39.3,39.29,39.43,39.25,0.0,0.0,508258.0,20001094.442,-0.025445292620860083,39.3
US.SMCI,Super Micro Computer,2026-09-04 11:00:00,39.298,39.265,39.3801,39.2,0.0,0.0,433467.0,17030703.157,-0.0636294222448424,39.29
US.SMCI,Super Micro Computer,2026-09-04 11:05:00,39.265,39.5,39.56,39.2603,0.0,0.0,584806.0,23071772.618,0.5984973895326613,39.265
US.SMCI,Super Micro Computer,2026-09-04 11:10:00,39.5031,39.72,39.7887,39.5,0.0,0.0,654055.0,25939663.155,0.5569620253164529,39.5
US.SMCI,Super Micro Computer,2026-09-04 11:15:00,39.71,39.765,39.815,39.645,0.0,0.0,540067.0,21469357.718,0.11329305135952092,39.72
US.SMCI,Super Micro Computer,2026-09-04 11:20:00,39.765,39.82,39.83,39.67,0.0,0.0,479602.0,19071656.817,0.13831258644536581,39.765
US.SMCI,Super Micro Computer,2026-09-04 11:25:00,39.82,39.76,39.88,39.72,0.0,0.0,770857.0,30679713.911,-0.15067805123054312,39.82
US.SMCI,Super Micro Computer,2026-09-04 11:30:00,39.76,39.7218,39.79,39.63,0.0,0.0,271290.0,10770870.208,-0.09607645875250563,39.76
US.SMCI,Super Micro Computer,2026-09-04 11:35:00,39.7201,39.8237,39.83,39.66,0.0,0.0,401066.0,15949578.861,0.2565341953285111,39.7218
US.SMCI,Super Micro Computer,2026-09-04 11:40:00,39.8287,39.9635,39.98,39.82,0.0,0.0,621922.0,24818395.655,0.35104724071344706,39.8237
US.SMCI,Super Micro Computer,2026-09-04 11:45:00,39.96,39.92,39.98,39.88,0.0,0.0,509966.0,20361370.545,-0.10884932500907489,39.9635
US.SMCI,Super Micro Computer,2026-09-04 11:50:00,39.915,39.83,39.92,39.73,0.0,0.0,322651.0,12849153.289,-0.22545090180361577,39.92
US.SMCI,Super Micro Computer,2026-09-04 11:55:00,39.82,39.83,39.84,39.72,0.0,0.0,279343.0,11115749.782,0.0,39.83
US.SMCI,Super Micro Computer,2026-09-04 12:00:00,39.835,39.97,39.985,39.79,0.0,0.0,349021.0,13921475.627,0.35149384885764645,39.83
US.SMCI,Super Micro Computer,2026-09-04 12:05:00,39.96,40.165,40.17,39.93,0.0,0.0,1255997.0,50250918.057,0.4878658994245691,39.97
US.SMCI,Super Micro Computer,2026-09-04 12:10:00,40.166,40.435,40.5,40.1,0.0,0.0,888504.0,35822465.311,0.6722270633636328,40.165
US.SMCI,Super Micro Computer,2026-09-04 12:15:00,40.43,40.435,40.48,40.32,0.0,0.0,842334.0,34021177.215,0.0,40.435
US.SMCI,Super Micro Computer,2026-09-04 12:20:00,40.435,40.465,40.59,40.42,0.0,0.0,742635.0,30092134.173,0.07419314949919904,40.435
US.SMCI,Super Micro Computer,2026-09-04 12:25:00,40.46,40.5683,40.5799,40.45,0.0,0.0,592760.0,24015814.199,0.25528234276534606,40.465
US.SMCI,Super Micro Computer,2026-09-04 12:30:00,40.565,40.52,40.565,40.475,0.0,0.0,290373.0,11765271.579,-0.11905847669238684,40.5683
US.SMCI,Super Micro Computer,2026-09-04 12:35:00,40.52,40.57,40.65,40.52,0.0,0.0,598829.0,24307507.535,0.12339585389930195,40.52
US.SMCI,Super Micro Computer,2026-09-04 12:40:00,40.57,40.555,40.6201,40.53,0.0,0.0,354223.0,14369465.88,-0.036973132856792136,40.57
US.SMCI,Super Micro Computer,2026-09-04 12:45:00,40.5513,40.62,40.64,40.49,0.0,0.0,551918.0,22392812.989,0.1602761681666816,40.555
US.SMCI,Super Micro Computer,2026-09-04 12:50:00,40.625,40.76,40.79,40.6,0.0,0.0,488162.0,19854861.571,0.3446578040374214,40.62
US.SMCI,Super Micro Computer,2026-09-04 12:55:00,40.76,40.845,40.8862,40.73,0.0,0.0,1293721.0,52821302.259,0.20853778213935442,40.76
US.SMCI,Super Micro Computer,2026-09-04 13:00:00,40.86,40.655,40.87,40.6402,0.0,0.0,489109.0,19925531.196,-0.4651732158158838,40.845
US.SMCI,Super Micro Computer,2026-09-04 13:05:00,40.6534,40.435,40.66,40.43,0.0,0.0,597238.0,24207106.843,-0.5411388513097992,40.655
US.SMCI,Super Micro Computer,2026-09-04 13:10:00,40.44,40.505,40.5499,40.4,0.0,0.0,479978.0,19431422.575,0.1731173488314586,40.435
US.SMCI,Super Micro Computer,2026-09-04 13:15:00,40.5087,40.44,40.55,40.42,0.0,0.0,390597.0,15807452.211,-0.16047401555364726,40.505
US.SMCI,Super Micro Computer,2026-09-04 13:20:00,40.4407,40.535,40.63,40.38,0.0,0.0,630795.0,25539480.381,0.23491592482690124,40.44
US.SMCI,Super Micro Computer,2026-09-04 13:25:00,40.535,40.575,40.58,40.445,0.0,0.0,280312.0,11361706.83,0.0986801529542525,40.535
US.SMCI,Super Micro Computer,2026-09-04 13:30:00,40.575,40.655,40.68,40.551,0.0,0.0,404585.0,16439092.658,0.19716574245224472,40.575
US.SMCI,Super Micro Computer,2026-09-04 13:35:00,40.6501,40.64,40.745,40.5901,0.0,0.0,394203.0,16027896.662,-0.03689583077112426,40.655
US.SMCI,Super Micro Computer,2026-09-04 13:40:00,40.6301,40.725,40.74,40.62,0.0,0.0,275162.0,11193752.022,0.2091535433070887,40.64
US.SMCI,Super Micro Computer,2026-09-04 13:45:00,40.725,40.78,40.8,40.72,0.0,0.0,317590.0,12945956.19,0.13505217925107357,40.725
US.SMCI,Super Micro Computer,2026-09-04 13:50:00,40.78,40.84,40.89,40.69,0.0,0.0,585257.0,23891240.928,0.1471309465424283,40.78
US.SMCI,Super Micro Computer,2026-09-04 13:55:00,40.835,40.86,40.91,40.7808,0.0,0.0,428085.0,17489521.859,0.04897159647403531,40.84
US.SMCI,Super Micro Computer,2026-09-04 14:00:00,40.865,40.62,40.8698,40.61,0.0,0.0,483445.0,19698961.256,-0.5873715124816495,40.86
US.SMCI,Super Micro Computer,2026-09-04 14:05:00,40.63,40.5701,40.64,40.45,0.0,0.0,538855.0,21850387.232,-0.12284588872476845,40.62
US.SMCI,Super Micro Computer,2026-09-04 14:10:00,40.57,40.595,40.65,40.57,0.0,0.0,304833.0,12381065.936,0.06137524925992878,40.5701
US.SMCI,Super Micro Computer,2026-09-04 14:15:00,40.6,40.555,40.61,40.475,0.0,0.0,473391.0,19193359.065,-0.09853430225397006,40.595
US.SMCI,Super Micro Computer,2026-09-04 14:20:00,40.55,40.575,40.595,40.52,0.0,0.0,242553.0,9838791.161,0.04931574405129608,40.555
US.SMCI,Super Micro Computer,2026-09-04 14:25:00,40.575,40.535,40.6,40.51,0.0,0.0,357527.0,14501744.048,-0.09858287122613987,40.575
US.SMCI,Super Micro Computer,2026-09-04 14:30:00,40.535,40.105,40.54,39.98,0.0,0.0,1524728.0,61195240.186,-1.060811644258048,40.535
US.SMCI,Super Micro Computer,2026-09-04 14:35:00,40.11,40.15,40.255,40.11,0.0,0.0,451905.0,18161523.392,0.11220546066575665,40.105
US.SMCI,Super Micro Computer,2026-09-04 14:40:00,40.155,40.0317,40.175,40.02,0.0,0.0,269510.0,10814580.774,-0.2946450809464455,40.15
US.SMCI,Super Micro Computer,2026-09-04 14:45:00,40.035,40.02,40.045,39.93,0.0,0.0,853810.0,34154757.794,-0.02922683773109211,40.0317
US.SMCI,Super Micro Computer,2026-09-04 14:50:00,40.03,39.945,40.03,39.863,0.0,0.0,685512.0,27374577.647,-0.1874062968515813,40.02
US.SMCI,Super Micro Computer,2026-09-04 14:55:00,39.945,39.95,39.98,39.8801,0.0,0.0,243198.0,9709772.178,0.012517211165358763,39.945
US.SMCI,Super Micro Computer,2026-09-04 15:00:00,39.955,39.825,39.97,39.81,0.0,0.0,430456.0,17172955.173,-0.31289111389236546,39.95
US.SMCI,Super Micro Computer,2026-09-04 15:05:00,39.83,39.5,39.855,39.485,0.0,0.0,752728.0,29843877.524,-0.8160703075957385,39.825
US.SMCI,Super Micro Computer,2026-09-04 15:10:00,39.49,39.38,39.52,39.32,0.0,0.0,827019.0,32602551.389,-0.3037974683544239,39.5
US.SMCI,Super Micro Computer,2026-09-04 15:15:00,39.385,39.27,39.425,39.235,0.0,0.0,436027.0,17150245.356,-0.279329608938546,39.38
US.SMCI,Super Micro Computer,2026-09-04 15:20:00,39.265,39.41,39.4696,39.26,0.0,0.0,525631.0,20696180.895,0.3565062388591634,39.27
US.SMCI,Super Micro Computer,2026-09-04 15:25:00,39.42,39.475,39.5,39.36,0.0,0.0,372206.0,14673792.374,0.1649327581832145,39.41
US.SMCI,Super Micro Computer,2026-09-04 15:30:00,39.475,39.4,39.5,39.365,0.0,0.0,305261.0,12041937.551,-0.18999366687777794,39.475
US.SMCI,Super Micro Computer,2026-09-04 15:35:00,39.4,39.47,39.495,39.335,0.0,0.0,355355.0,14010392.092,0.17766497461929007,39.4
US.SMCI,Super Micro Computer,2026-09-04 15:40:00,39.47,39.43,39.59,39.3901,0.0,0.0,455523.0,17984852.953,-0.10134279199391727,39.47
US.SMCI,Super Micro Computer,2026-09-04 15:45:00,39.4127,39.36,39.45,39.3114,0.0,0.0,405055.0,15953644.71,-0.17752979964494112,39.43
US.SMCI,Super Micro Computer,2026-09-04 15:50:00,39.36,39.32,39.38,39.305,0.0,0.0,463296.0,18226400.679,-0.10162601626016045,39.36
US.SMCI,Super Micro Computer,2026-09-04 15:55:00,39.33,39.585,39.69,39.3275,0.0,0.0,837862.0,33163143.998,0.6739572736520869,39.32
US.SMCI,Super Micro Computer,2026-09-04 16:00:00,39.585,39.59,39.755,39.57,0.0,0.0,3924149.0,155432501.955,0.012631047113812195,39.585
US.SMCI,Super Micro Computer,2026-09-04 16:05:00,39.59,39.62,39.6827,39.55,0.0,0.0,1875897.0,74269052.72,0.07577671129071491,39.59
US.SMCI,Super Micro Computer,2026-09-04 16:10:00,39.62,39.64,39.64,39.55,0.0,0.0,24390.0,965349.285,0.05047955577991703,39.62
US.SMCI,Super Micro Computer,2026-09-04 16:15:00,39.64,39.5471,39.64,39.54,0.0,0.0,10220.0,404357.275,-0.23435923309788145,39.64
US.SMCI,Super Micro Computer,2026-09-04 16:20:00,39.5471,39.52,39.58,39.52,0.0,0.0,23141.0,915397.431,-0.0685258843252659,39.5471
US.SMCI,Super Micro Computer,2026-09-04 16:25:00,39.52,39.5203,39.56,39.52,0.0,0.0,3902.0,154278.546,0.0007591093117301318,39.52
US.SMCI,Super Micro Computer,2026-09-04 16:30:00,39.52,39.5,39.5294,39.5,0.0,0.0,13495.0,533268.235,-0.05136600683698978,39.5203
US.SMCI,Super Micro Computer,2026-09-04 16:35:00,39.51,39.49,39.51,39.49,0.0,0.0,5586.0,220654.853,-0.025316455696197497,39.5
US.SMCI,Super Micro Computer,2026-09-04 16:40:00,39.49,39.52,39.52,39.49,0.0,0.0,17611.0,695673.16,0.07596859964548275,39.49
US.SMCI,Super Micro Computer,2026-09-04 16:45:00,39.52,39.5254,39.5254,39.5017,0.0,0.0,6112.0,241488.558,0.013663967611322166,39.52
US.SMCI,Super Micro Computer,2026-09-04 16:50:00,39.5254,39.5214,39.55,39.5131,0.0,0.0,4235.0,167418.277,-0.010120074686145576,39.5254
US.SMCI,Super Micro Computer,2026-09-04 16:55:00,39.544,39.55,39.55,39.5,0.0,0.0,1734.0,68563.762,0.07236585748479885,39.5214
US.SMCI,Super Micro Computer,2026-09-04 17:00:00,39.55,39.56,39.56,39.52,0.0,0.0,2315.0,91548.339,0.025284450063224065,39.55
US.SMCI,Super Micro Computer,2026-09-04 17:05:00,39.56,39.577,39.58,39.54,0.0,0.0,8067.0,319141.451,0.04297269969665295,39.56
US.SMCI,Super Micro Computer,2026-09-04 17:10:00,39.577,39.52,39.577,39.52,0.0,0.0,1934.0,76442.512,-0.14402304368697744,39.577
US.SMCI,Super Micro Computer,2026-09-04 17:15:00,39.52,39.58,39.58,39.52,0.0,0.0,2171.0,85861.696,0.15182186234816591,39.52
US.SMCI,Super Micro Computer,2026-09-04 17:20:00,39.58,39.54,39.58,39.5329,0.0,0.0,1539.0,60895.778,-0.10106114199090234,39.58
US.SMCI,Super Micro Computer,2026-09-04 17:25:00,39.557,39.531,39.557,39.53,0.0,0.0,7848.0,310502.309,-0.022761760242792972,39.54
US.SMCI,Super Micro Computer,2026-09-04 17:30:00,39.531,39.5398,39.546,39.53,0.0,0.0,4458.0,176287.366,0.022261010346312535,39.531
US.SMCI,Super Micro Computer,2026-09-04 17:35:00,39.5398,39.5554,39.5554,39.53,0.0,0.0,4445.0,175784.284,0.03945391731875015,39.5398
US.SMCI,Super Micro Computer,2026-09-04 17:40:00,39.5554,39.54,39.5554,39.52,0.0,0.0,1495.0,59096.076,-0.03893273737593258,39.5554
US.SMCI,Super Micro Computer,2026-09-04 17:45:00,39.54,39.5302,39.55,39.53,0.0,0.0,6566.0,259576.177,-0.024785027819925334,39.54
US.SMCI,Super Micro Computer,2026-09-04 17:50:00,39.54,39.56,39.56,39.54,0.0,0.0,186711.0,7391838.912,0.07538540154110428,39.5302
US.SMCI,Super Micro Computer,2026-09-04 17:55:00,39.56,39.5485,39.56,39.5309,0.0,0.0,7878.0,311780.392,-0.02906976744187354,39.56
US.SMCI,Super Micro Computer,2026-09-04 18:00:00,39.5485,39.55,39.55,39.5485,0.0,0.0,373.0,14750.58,0.0037928113582058913,39.5485
US.SMCI,Super Micro Computer,2026-09-04 18:05:00,39.55,39.55,39.55,39.53,0.0,0.0,4668.0,184568.961,0.0,39.55
US.SMCI,Super Micro Computer,2026-09-04 18:10:00,39.55,39.54,39.55,39.54,0.0,0.0,591.0,23369.722,-0.0252844500632061,39.55
US.SMCI,Super Micro Computer,2026-09-04 18:15:00,39.54,39.5315,39.55,39.53,0.0,0.0,4147.0,163944.799,-0.02149721800707626,39.54
US.SMCI,Super Micro Computer,2026-09-04 18:20:00,39.5315,39.53,39.56,39.52,0.0,0.0,5821.0,230113.475,-0.0037944424066884805,39.5315
US.SMCI,Super Micro Computer,2026-09-04 18:25:00,39.53,39.53,39.53,39.53,0.0,0.0,207.0,8182.083,0.0,39.53
US.SMCI,Super Micro Computer,2026-09-04 18:30:00,39.53,39.55,39.56,39.53,0.0,0.0,1009.0,39929.423,0.05059448520110301,39.53
US.SMCI,Super Micro Computer,2026-09-04 18:35:00,39.55,39.55,39.55,39.52,0.0,0.0,932.0,36849.045,0.0,39.55
US.SMCI,Super Micro Computer,2026-09-04 18:40:00,39.55,39.55,39.55,39.53,0.0,0.0,1175.0,46455.947,0.0,39.55
US.SMCI,Super Micro Computer,2026-09-04 18:45:00,39.55,39.5309,39.55,39.5309,0.0,0.0,3922.0,155091.087,-0.048293299620719515,39.55
US.SMCI,Super Micro Computer,2026-09-04 18:50:00,39.5309,39.5308,39.55,39.5308,0.0,0.0,1951.0,77140.127,-0.00025296666659074205,39.5309
US.SMCI,Super Micro Computer,2026-09-04 18:55:00,39.5308,39.5331,39.5395,39.53,0.0,0.0,1031.0,40763.058,0.005818248049617495,39.5308
US.SMCI,Super Micro Computer,2026-09-04 19:00:00,39.5331,39.52,39.55,39.52,0.0,0.0,4638.0,183363.694,-0.03313678917159125,39.5331
US.SMCI,Super Micro Computer,2026-09-04 19:05:00,39.52,39.5,39.52,39.49,0.0,0.0,11792.0,465793.278,-0.050607287449400615,39.52
US.SMCI,Super Micro Computer,2026-09-04 19:10:00,39.5,39.4809,39.5,39.48,0.0,0.0,3158.0,124688.78,-0.04835443037975107,39.5
US.SMCI,Super Micro Computer,2026-09-04 19:15:00,39.4809,39.4808,39.4831,39.4808,0.0,0.0,1789.0,70637.24,-0.0002532870324542101,39.4809
US.SMCI,Super Micro Computer,2026-09-04 19:20:00,39.4808,39.49,39.4999,39.4808,0.0,0.0,2323.0,91752.151,0.02330246600879383,39.4808
US.SMCI,Super Micro Computer,2026-09-04 19:25:00,39.49,39.4985,39.4985,39.49,0.0,0.0,1155.0,45619.563,0.02152443656621411,39.49
US.SMCI,Super Micro Computer,2026-09-04 19:30:00,39.4985,39.5,39.53,39.4985,0.0,0.0,3302.0,130447.012,0.003797612567566001,39.4985
US.SMCI,Super Micro Computer,2026-09-04 19:35:00,39.5,39.5,39.5423,39.48,0.0,0.0,8503.0,335940.288,0.0,39.5
US.SMCI,Super Micro Computer,2026-09-04 19:40:00,39.5,39.54,39.5465,39.5,0.0,0.0,845.0,33412.994,0.10126582278480796,39.5
US.SMCI,Super Micro Computer,2026-09-04 19:45:00,39.52,39.4977,39.54,39.4977,0.0,0.0,5834.0,229500.651,-0.10698027314111618,39.54
US.SMCI,Super Micro Computer,2026-09-04 19:50:00,39.4977,39.54,39.54,39.4977,0.0,0.0,5974.0,236187.818,0.10709484349720956,39.4977
US.SMCI,Super Micro Computer,2026-09-04 19:55:00,39.54,39.52,39.55,39.4993,0.0,0.0,2959.0,116927.2,-0.05058168942841685,39.54
US.SMCI,Super Micro Computer,2026-09-04 20:00:00,39.52,39.53,39.55,39.5001,0.0,0.0,13035.0,515025.792,0.02530364372469132,39.52
US.SMCI,Super Micro Computer,2026-09-08 04:05:00,39.59,39.11,39.64,39.09,0.0,0.0,169750.0,6739560.849,-1.062484189223379,39.53
US.SMCI,Super Micro Computer,2026-09-08 04:10:00,39.11,39.26,39.49,39.03,0.0,0.0,37726.0,1477303.371,0.3835336231142894,39.11
US.SMCI,Super Micro Computer,2026-09-08 04:15:00,39.26,39.23,39.26,39.12,0.0,0.0,5739.0,224719.818,-0.07641365257259586,39.26
US.SMCI,Super Micro Computer,2026-09-08 04:20:00,39.23,39.37,39.37,39.23,0.0,0.0,14930.0,586740.426,0.35686974254397297,39.23
US.SMCI,Super Micro Computer,2026-09-08 04:25:00,39.3715,39.35,39.39,39.33,0.0,0.0,6844.0,269336.381,-0.050800101600193104,39.37
US.SMCI,Super Micro Computer,2026-09-08 04:30:00,39.35,39.5,39.59,39.35,0.0,0.0,9518.0,375823.702,0.3811944091486622,39.35
US.SMCI,Super Micro Computer,2026-09-08 04:35:00,39.5,39.55,39.55,39.4223,0.0,0.0,1629.0,64368.205,0.12658227848100545,39.5
US.SMCI,Super Micro Computer,2026-09-08 04:40:00,39.55,39.5197,39.55,39.49,0.0,0.0,1200.0,47417.911,-0.07661188369152185,39.55
US.SMCI,Super Micro Computer,2026-09-08 04:45:00,39.5197,39.43,39.5197,39.43,0.0,0.0,792.0,31262.893,-0.22697540720197917,39.5197
US.SMCI,Super Micro Computer,2026-09-08 04:50:00,39.43,39.33,39.43,39.33,0.0,0.0,7960.0,313605.82,-0.25361399949277563,39.43
US.SMCI,Super Micro Computer,2026-09-08 04:55:00,39.33,39.26,39.35,39.21,0.0,0.0,12625.0,496051.504,-0.17798118484617412,39.33
US.SMCI,Super Micro Computer,2026-09-08 05:00:00,39.26,39.26,39.34,39.2575,0.0,0.0,2144.0,84203.31,0.0,39.26
US.SMCI,Super Micro Computer,2026-09-08 05:05:00,39.26,39.32,39.38,39.24,0.0,0.0,5336.0,209864.397,0.15282730514519172,39.26
US.SMCI,Super Micro Computer,2026-09-08 05:10:00,39.32,39.35,39.4,39.31,0.0,0.0,1017.0,40040.311,0.07629704984740879,39.32
US.SMCI,Super Micro Computer,2026-09-08 05:15:00,39.35,39.39,39.48,39.35,0.0,0.0,11741.0,463143.772,0.10165184243964205,39.35
US.SMCI,Super Micro Computer,2026-09-08 05:20:00,39.39,39.43,39.51,39.39,0.0,0.0,1031.0,40703.735,0.10154861640009939,39.39
US.SMCI,Super Micro Computer,2026-09-08 05:25:00,39.43,39.52,39.52,39.43,0.0,0.0,3417.0,135032.275,0.22825259954350344,39.43
US.SMCI,Super Micro Computer,2026-09-08 05:30:00,39.54,39.55,39.55,39.5,0.0,0.0,2261.0,89388.187,0.07591093117407395,39.52
US.SMCI,Super Micro Computer,2026-09-08 05:35:00,39.55,39.59,39.6,39.4809,0.0,0.0,4439.0,175436.913,0.10113780025286033,39.55
US.SMCI,Super Micro Computer,2026-09-08 05:40:00,39.59,39.62,39.64,39.44,0.0,0.0,10470.0,414317.932,0.07577671129071491,39.59
US.SMCI,Super Micro Computer,2026-09-08 05:45:00,39.62,39.63,39.68,39.61,0.0,0.0,2794.0,110764.85,0.02523977788996748,39.62
US.SMCI,Super Micro Computer,2026-09-08 05:50:00,39.63,39.6103,39.63,39.56,0.0,0.0,867.0,34366.616,-0.04970981579611474,39.63
US.SMCI,Super Micro Computer,2026-09-08 05:55:00,39.6103,39.64,39.76,39.6103,0.0,0.0,5912.0,234549.034,0.07498049749685885,39.6103
US.SMCI,Super Micro Computer,2026-09-08 06:00:00,39.64,39.64,39.64,39.64,0.0,0.0,286.0,11351.5,0.0,39.64
US.SMCI,Super Micro Computer,2026-09-08 06:05:00,39.64,39.56,39.64,39.56,0.0,0.0,3287.0,130112.85,-0.20181634712411275,39.64
US.SMCI,Super Micro Computer,2026-09-08 06:10:00,39.6,39.57,39.66,39.57,0.0,0.0,3816.0,151168.233,0.02527805864509103,39.56
US.SMCI,Super Micro Computer,2026-09-08 06:15:00,39.57,39.6,39.6,39.57,0.0,0.0,1016.0,40241.121,0.07581501137225458,39.57
US.SMCI,Super Micro Computer,2026-09-08 06:20:00,39.6,39.6,39.64,39.6,0.0,0.0,2537.0,100507.904,0.0,39.6
US.SMCI,Super Micro Computer,2026-09-08 06:25:00,39.6,39.75,39.78,39.6,0.0,0.0,3326.0,132108.286,0.3787878787878752,39.6
US.SMCI,Super Micro Computer,2026-09-08 06:30:00,39.75,39.6968,39.7892,39.6968,0.0,0.0,937.0,37276.197,-0.13383647798741335,39.75
US.SMCI,Super Micro Computer,2026-09-08 06:35:00,39.6968,39.62,39.7598,39.62,0.0,0.0,1746.0,69290.558,-0.19346647588723964,39.6968
US.SMCI,Super Micro Computer,2026-09-08 06:40:00,39.62,39.65,39.65,39.62,0.0,0.0,519.0,20573.54,0.07571933366986658,39.62
US.SMCI,Super Micro Computer,2026-09-08 06:45:00,39.65,39.65,39.65,39.65,0.0,0.0,515.0,20422.996,0.0,39.65
US.SMCI,Super Micro Computer,2026-09-08 06:50:00,39.65,39.62,39.7,39.62,0.0,0.0,3298.0,130812.485,-0.0756620428751605,39.65
US.SMCI,Super Micro Computer,2026-09-08 06:55:00,39.62,39.62,39.63,39.59,0.0,0.0,6261.0,247972.224,0.0,39.62
US.SMCI,Super Micro Computer,2026-09-08 07:00:00,39.62,39.64,39.65,39.62,0.0,0.0,1422.0,56374.35,0.05047955577991703,39.62
US.SMCI,Super Micro Computer,2026-09-08 07:05:00,39.64,39.714,39.77,39.63,0.0,0.0,41124.0,1632303.326,0.1866801210898034,39.64
US.SMCI,Super Micro Computer,2026-09-08 07:10:00,39.714,39.61,39.7623,39.61,0.0,0.0,12375.0,491086.072,-0.2618723875711316,39.714
US.SMCI,Super Micro Computer,2026-09-08 07:15:00,39.636,39.53,39.69,39.5035,0.0,0.0,20651.0,817578.946,-0.2019691996970419,39.61
US.SMCI,Super Micro Computer,2026-09-08 07:20:00,39.53,39.63,39.64,39.53,0.0,0.0,7552.0,299193.43,0.25297242600556896,39.53
US.SMCI,Super Micro Computer,2026-09-08 07:25:00,39.64,39.7,39.7,39.57,0.0,0.0,8445.0,334528.153,0.17663386323492375,39.63
US.SMCI,Super Micro Computer,2026-09-08 07:30:00,39.66,39.55,39.66,39.55,0.0,0.0,5564.0,220392.84,-0.37783375314862894,39.7
US.SMCI,Super Micro Computer,2026-09-08 07:35:00,39.55,39.64,39.64,39.48,0.0,0.0,12591.0,498397.008,0.2275600505689088,39.55
US.SMCI,Super Micro Computer,2026-09-08 07:40:00,39.64,39.55,39.69,39.55,0.0,0.0,9750.0,386547.379,-0.2270433905146403,39.64
US.SMCI,Super Micro Computer,2026-09-08 07:45:00,39.55,39.49,39.5946,39.45,0.0,0.0,3794.0,149923.299,-0.15170670037925454,39.55
US.SMCI,Super Micro Computer,2026-09-08 07:50:00,39.49,39.49,39.55,39.46,0.0,0.0,4906.0,193692.726,0.0,39.49
US.SMCI,Super Micro Computer,2026-09-08 07:55:00,39.49,39.5,39.5343,39.49,0.0,0.0,3540.0,139871.849,0.02532286654848825,39.49
US.SMCI,Super Micro Computer,2026-09-08 08:00:00,39.5,39.67,39.67,39.5,0.0,0.0,13848.0,548663.469,0.4303797468354474,39.5
US.SMCI,Super Micro Computer,2026-09-08 08:05:00,39.67,39.632,39.67,39.55,0.0,0.0,2975.0,117851.879,-0.09579026972524277,39.67
US.SMCI,Super Micro Computer,2026-09-08 08:10:00,39.632,39.68,39.68,39.58,0.0,0.0,2231.0,88413.762,0.12111425111021856,39.632
US.SMCI,Super Micro Computer,2026-09-08 08:15:00,39.68,39.61,39.6849,39.59,0.0,0.0,2549.0,101053.743,-0.17641129032258135,39.68
US.SMCI,Super Micro Computer,2026-09-08 08:20:00,39.63,39.6423,39.6488,39.5908,0.0,0.0,5718.0,226680.586,0.08154506437768072,39.61
US.SMCI,Super Micro Computer,2026-09-08 08:25:00,39.6423,39.7,39.7,39.6334,0.0,0.0,5150.0,204300.271,0.1455515951395456,39.6423
US.SMCI,Super Micro Computer,2026-09-08 08:30:00,39.7,39.67,39.77,39.6002,0.0,0.0,11889.0,471668.79,-0.07556675062972579,39.7
US.SMCI,Super Micro Computer,2026-09-08 08:35:00,39.67,39.76,39.89,39.67,0.0,0.0,17327.0,689902.583,0.2268716914544903,39.67
US.SMCI,Super Micro Computer,2026-09-08 08:40:00,39.76,39.8242,39.8603,39.76,0.0,0.0,4731.0,188317.525,0.16146881287726256,39.76
US.SMCI,Super Micro Computer,2026-09-08 08:45:00,39.8242,39.77,39.83,39.76,0.0,0.0,4401.0,175165.205,-0.13609815137528056,39.8242
US.SMCI,Super Micro Computer,2026-09-08 08:50:00,39.77,39.81,39.82,39.75,0.0,0.0,8421.0,335078.091,0.10057832537088043,39.77
US.SMCI,Super Micro Computer,2026-09-08 08:55:00,39.81,39.85,39.85,39.7928,0.0,0.0,13796.0,549439.825,0.10047726701833495,39.81
US.SMCI,Super Micro Computer,2026-09-08 09:00:00,39.85,39.8865,39.92,39.84,0.0,0.0,16023.0,639016.528,0.09159347553324126,39.85
US.SMCI,Super Micro Computer,2026-09-08 09:05:00,39.87,39.8407,39.89,39.7627,0.0,0.0,21346.0,850334.593,-0.11482581825931039,39.8865
US.SMCI,Super Micro Computer,2026-09-08 09:10:00,39.8407,39.83,39.86,39.8036,0.0,0.0,13702.0,545871.775,-0.02685695783457603,39.8407
US.SMCI,Super Micro Computer,2026-09-08 09:15:00,39.83,39.99,40.0,39.83,0.0,0.0,23868.0,953549.872,0.40170725583731787,39.83
US.SMCI,Super Micro Computer,2026-09-08 09:20:00,39.99,39.95,40.0,39.93,0.0,0.0,17216.0,688110.968,-0.10002500625156076,39.99
US.SMCI,Super Micro Computer,2026-09-08 09:25:00,39.95,39.97,39.99,39.91,0.0,0.0,20992.0,838409.15,0.05006257822276851,39.95
US.SMCI,Super Micro Computer,2026-09-08 09:30:00,39.9,39.72,39.9,39.6,0.0,0.0,133651.0,5308783.923,-0.6254691018263697,39.97
US.SMCI,Super Micro Computer,2026-09-08 09:35:00,39.665,40.6093,40.7788,39.665,0.0,0.0,2442241.0,98485391.805,2.2389224572003994,39.72
US.SMCI,Super Micro Computer,2026-09-08 09:40:00,40.63,40.8196,40.99,40.63,0.0,0.0,1480055.0,60435152.528,0.51786167208005,40.6093
US.SMCI,Super Micro Computer,2026-09-08 09:45:00,40.805,40.87,41.15,40.76,0.0,0.0,1620579.0,66385857.234,0.12347009769815537,40.8196
US.SMCI,Super Micro Computer,2026-09-08 09:50:00,40.88,41.1,41.19,40.8078,0.0,0.0,979499.0,40179338.074,0.56275997063862,40.87
US.SMCI,Super Micro Computer,2026-09-08 09:55:00,41.125,40.91,41.25,40.65,0.0,0.0,1203147.0,49237359.403,-0.4622871046228828,41.1
US.SMCI,Super Micro Computer,2026-09-08 10:00:00,40.91,40.85,40.92,40.71,0.0,0.0,584337.0,23854542.436,-0.14666340747982198,40.91
US.SMCI,Super Micro Computer,2026-09-08 10:05:00,40.845,40.7,40.93,40.63,0.0,0.0,1054851.0,43043204.831,-0.3671970624234971,40.85
US.SMCI,Super Micro Computer,2026-09-08 10:10:00,40.71,40.715,40.93,40.695,0.0,0.0,574453.0,23435014.927,0.03685503685503825,40.7
US.SMCI,Super Micro Computer,2026-09-08 10:15:00,40.72,40.87,40.99,40.59,0.0,0.0,777965.0,31740889.989,0.3806950755249761,40.715
US.SMCI,Super Micro Computer,2026-09-08 10:20:00,40.8696,40.91,40.99,40.83,0.0,0.0,500336.0,20472582.906,0.09787129924149535,40.87
US.SMCI,Super Micro Computer,2026-09-08 10:25:00,40.91,40.94,41.06,40.855,0.0,0.0,500142.0,20494090.255,0.07333170373991968,40.91
US.SMCI,Super Micro Computer,2026-09-08 10:30:00,40.9424,41.055,41.14,40.92,0.0,0.0,569088.0,23362981.347,0.2808988764044993,40.94
US.SMCI,Super Micro Computer,2026-09-08 10:35:00,41.055,41.31,41.385,40.995,0.0,0.0,633004.0,26073938.243,0.6211180124223664,41.055
US.SMCI,Super Micro Computer,2026-09-08 10:40:00,41.31,40.99,41.3117,40.97,0.0,0.0,761175.0,31315212.028,-0.7746308399903178,41.31
US.SMCI,Super Micro Computer,2026-09-08 10:45:00,40.985,40.965,41.07,40.905,0.0,0.0,521272.0,21362941.733,-0.06099048548426099,40.99
US.SMCI,Super Micro Computer,2026-09-08 10:50:00,40.965,41.03,41.09,40.9041,0.0,0.0,322324.0,13214239.291,0.15867203710484004,40.965
US.SMCI,Super Micro Computer,2026-09-08 10:55:00,41.04,41.13,41.165,41.033,0.0,0.0,365377.0,15024851.961,0.2437241043139201,41.03
US.SMCI,Super Micro Computer,2026-09-08 11:00:00,41.13,41.215,41.215,41.11,0.0,0.0,338303.0,13925786.498,0.20666180403598552,41.13
US.SMCI,Super Micro Computer,2026-09-08 11:05:00,41.215,41.2,41.23,41.01,0.0,0.0,423021.0,17397961.871,-0.03639451655950641,41.215
US.SMCI,Super Micro Computer,2026-09-08 11:10:00,41.2,41.1823,41.2,41.115,0.0,0.0,181392.0,7465311.975,-0.04296116504855566,41.2
US.SMCI,Super Micro Computer,2026-09-08 11:15:00,41.1899,41.38,41.44,41.16,0.0,0.0,529018.0,21844465.198,0.48006060856242766,41.1823
US.SMCI,Super Micro Computer,2026-09-08 11:20:00,41.38,41.415,41.53,41.34,0.0,0.0,620749.0,25730097.544,0.08458192363459784,41.38
US.SMCI,Super Micro Computer,2026-09-08 11:25:00,41.41,41.26,41.41,41.24,0.0,0.0,399180.0,16496548.007,-0.37426053362308614,41.415
US.SMCI,Super Micro Computer,2026-09-08 11:30:00,41.27,41.34,41.345,41.205,0.0,0.0,810931.0,33483244.242,0.19389238972371645,41.26
US.SMCI,Super Micro Computer,2026-09-08 11:35:00,41.335,41.275,41.385,41.255,0.0,0.0,221025.0,9132811.385,-0.1572327044025274,41.34
US.SMCI,Super Micro Computer,2026-09-08 11:40:00,41.275,41.245,41.32,41.1801,0.0,0.0,332309.0,13709675.415,-0.07268322228952426,41.275
US.SMCI,Super Micro Computer,2026-09-08 11:45:00,41.245,41.22,41.295,41.185,0.0,0.0,286158.0,11801188.56,-0.06061340768577665,41.245
US.SMCI,Super Micro Computer,2026-09-08 11:50:00,41.2266,41.215,41.24,41.145,0.0,0.0,257891.0,10623274.189,-0.012130033964084068,41.22
US.SMCI,Super Micro Computer,2026-09-08 11:55:00,41.21,40.9501,41.21,40.95,0.0,0.0,376273.0,15451351.636,-0.6427271624408694,41.215
US.SMCI,Super Micro Computer,2026-09-08 12:00:00,40.95,40.815,40.97,40.77,0.0,0.0,696771.0,28488932.792,-0.32991372426441284,40.9501
US.SMCI,Super Micro Computer,2026-09-08 12:05:00,40.81,40.815,40.835,40.5885,0.0,0.0,862173.0,35082915.655,0.0,40.815
US.SMCI,Super Micro Computer,2026-09-08 12:10:00,40.818,40.73,40.8499,40.73,0.0,0.0,318823.0,13033509.461,-0.2082567683449733,40.815
US.SMCI,Super Micro Computer,2026-09-08 12:15:00,40.73,40.695,40.75,40.66,0.0,0.0,238992.0,9727071.202,-0.08593174564202453,40.73
US.SMCI,Super Micro Computer,2026-09-08 12:20:00,40.695,40.6857,40.7,40.6101,0.0,0.0,287635.0,11694490.459,-0.022852930335429893,40.695
US.SMCI,Super Micro Computer,2026-09-08 12:25:00,40.6899,40.78,40.79,40.59,0.0,0.0,272567.0,11090069.682,0.23177676677556008,40.6857
US.SMCI,Super Micro Computer,2026-09-08 12:30:00,40.778,40.665,40.83,40.66,0.0,0.0,176735.0,7198049.263,-0.28200098087298187,40.78
US.SMCI,Super Micro Computer,2026-09-08 12:35:00,40.665,40.645,40.71,40.645,0.0,0.0,137574.0,5595669.212,-0.049182343538659835,40.665
US.SMCI,Super Micro Computer,2026-09-08 12:40:00,40.645,40.705,40.77,40.61,0.0,0.0,962320.0,39123887.543,0.1476196334112318,40.645
US.SMCI,Super Micro Computer,2026-09-08 12:45:00,40.705,40.615,40.7075,40.592,0.0,0.0,136030.0,5526772.561,-0.22110305859230148,40.705
US.SMCI,Super Micro Computer,2026-09-08 12:50:00,40.62,40.535,40.64,40.47,0.0,0.0,340549.0,13799248.853,-0.19697156223071624,40.615
US.SMCI,Super Micro Computer,2026-09-08 12:55:00,40.535,40.49,40.605,40.485,0.0,0.0,171769.0,6962258.413,-0.1110151720735034,40.535
US.SMCI,Super Micro Computer,2026-09-08 13:00:00,40.495,40.49,40.515,40.425,0.0,0.0,186574.0,7552339.162,0.0,40.49
US.SMCI,Super Micro Computer,2026-09-08 13:05:00,40.49,40.615,40.62,40.49,0.0,0.0,162090.0,6575350.714,0.3087182020251914,40.49
US.SMCI,Super Micro Computer,2026-09-08 13:10:00,40.618,40.67,40.68,40.545,0.0,0.0,162581.0,6602405.042,0.13541794903360757,40.615
US.SMCI,Super Micro Computer,2026-09-08 13:15:00,40.66,40.755,40.785,40.625,0.0,0.0,170512.0,6942352.984,0.2089992623555467,40.67
US.SMCI,Super Micro Computer,2026-09-08 13:20:00,40.755,40.62,40.765,40.575,0.0,0.0,237752.0,9665580.923,-0.33124769966876483,40.755
US.SMCI,Super Micro Computer,2026-09-08 13:25:00,40.615,40.71,40.715,40.57,0.0,0.0,1249743.0,50759821.827,0.22156573116692127,40.62
US.SMCI,Super Micro Computer,2026-09-08 13:30:00,40.71,40.865,40.865,40.67,0.0,0.0,231932.0,9455930.065,0.3807418324735965,40.71
US.SMCI,Super Micro Computer,2026-09-08 13:35:00,40.86,40.91,40.965,40.82,0.0,0.0,301811.0,12344597.717,0.11011868346994884,40.865
US.SMCI,Super Micro Computer,2026-09-08 13:40:00,40.92,40.785,40.95,40.77,0.0,0.0,189857.0,7757304.345,-0.3055487655829871,40.91
US.SMCI,Super Micro Computer,2026-09-08 13:45:00,40.7844,40.715,40.7844,40.67,0.0,0.0,227950.0,9284170.129,-0.171631727350725,40.785
US.SMCI,Super Micro Computer,2026-09-08 13:50:00,40.72,40.735,40.8,40.72,0.0,0.0,225160.0,9178821.428,0.049121945229021295,40.715
US.SMCI,Super Micro Computer,2026-09-08 13:55:00,40.73,40.6799,40.7699,40.65,0.0,0.0,139392.0,5674463.67,-0.13526451454522137,40.735
US.SMCI,Super Micro Computer,2026-09-08 14:00:00,40.67,40.55,40.67,40.545,0.0,0.0,182716.0,7419086.528,-0.3193223188847719,40.6799
US.SMCI,Super Micro Computer,2026-09-08 14:05:00,40.54,40.595,40.61,40.485,0.0,0.0,240186.0,9736780.767,0.11097410604192777,40.55
US.SMCI,Super Micro Computer,2026-09-08 14:10:00,40.6,40.57,40.675,40.57,0.0,0.0,219484.0,8914410.979,-0.0615839389087291,40.595
US.SMCI,Super Micro Computer,2026-09-08 14:15:00,40.57,40.591,40.615,40.535,0.0,0.0,118898.0,4824039.196,0.051762385999508984,40.57
US.SMCI,Super Micro Computer,2026-09-08 14:20:00,40.6,40.665,40.68,40.573,0.0,0.0,138697.0,5635251.195,0.18230642260599164,40.591
US.SMCI,Super Micro Computer,2026-09-08 14:25:00,40.6601,40.675,40.71,40.62,0.0,0.0,112621.0,4580258.294,0.024591171769329918,40.665
US.SMCI,Super Micro Computer,2026-09-08 14:30:00,40.675,40.6499,40.71,40.635,0.0,0.0,135991.0,5531691.448,-0.06170866625690177,40.675
US.SMCI,Super Micro Computer,2026-09-08 14:35:00,40.65,40.585,40.6557,40.535,0.0,0.0,178820.0,7261152.623,-0.15965598931363056,40.6499
US.SMCI,Super Micro Computer,2026-09-08 14:40:00,40.585,40.71,40.7385,40.5725,0.0,0.0,167577.0,6813823.403,0.3079955648638659,40.585
US.SMCI,Super Micro Computer,2026-09-08 14:45:00,40.71,40.58,40.715,40.42,0.0,0.0,416600.0,16899850.538,-0.31933185949398807,40.71
US.SMCI,Super Micro Computer,2026-09-08 14:50:00,40.575,40.47,40.67,40.37,0.0,0.0,323705.0,13121844.761,-0.2710694923607675,40.58
US.SMCI,Super Micro Computer,2026-09-08 14:55:00,40.47,40.5,40.565,40.425,0.0,0.0,221979.0,8992079.564,0.07412898443291609,40.47
US.SMCI,Super Micro Computer,2026-09-08 15:00:00,40.505,40.415,40.525,40.405,0.0,0.0,227214.0,9198448.089,-0.20987654320987864,40.5
US.SMCI,Super Micro Computer,2026-09-08 15:05:00,40.42,40.51,40.52,40.3801,0.0,0.0,207225.0,8383310.604,0.23506123963874517,40.415
US.SMCI,Super Micro Computer,2026-09-08 15:10:00,40.505,40.52,40.555,40.44,0.0,0.0,230170.0,9320436.378,0.024685262898062495,40.51
US.SMCI,Super Micro Computer,2026-09-08 15:15:00,40.53,40.8685,40.8901,40.525,0.0,0.0,485196.0,19748745.941,0.8600691016781693,40.52
US.SMCI,Super Micro Computer,2026-09-08 15:20:00,40.87,40.9701,41.065,40.8601,0.0,0.0,661014.0,27089155.017,0.2486022242069193,40.8685
US.SMCI,Super Micro Computer,2026-09-08 15:25:00,40.98,40.76,40.9999,40.74,0.0,0.0,350177.0,14330632.67,-0.5128130026531645,40.9701
US.SMCI,Super Micro Computer,2026-09-08 15:30:00,40.75,40.6585,40.81,40.595,0.0,0.0,309384.0,12600021.616,-0.24901864573111257,40.76
US.SMCI,Super Micro Computer,2026-09-08 15:35:00,40.65,40.555,40.66,40.51,0.0,0.0,803889.0,32612758.995,-0.2545593172399297,40.6585
US.SMCI,Super Micro Computer,2026-09-08 15:40:00,40.565,40.495,40.6,40.42,0.0,0.0,433589.0,17565085.302,-0.14794723215387073,40.555
US.SMCI,Super Micro Computer,2026-09-08 15:45:00,40.49,40.485,40.57,40.45,0.0,0.0,333619.0,13513881.62,-0.02469440671687372,40.495
US.SMCI,Super Micro Computer,2026-09-08 15:50:00,40.48,40.33,40.48,40.32,0.0,0.0,1016647.0,41040108.118,-0.38285784858589883,40.485
US.SMCI,Super Micro Computer,2026-09-08 15:55:00,40.34,40.475,40.56,40.325,0.0,0.0,844159.0,34134270.111,0.3595338457723857,40.33
US.SMCI,Super Micro Computer,2026-09-08 16:00:00,40.475,40.26,40.62,40.22,0.0,0.0,4244552.0,171074826.39,-0.5311920938851227,40.475
US.SMCI,Super Micro Computer,2026-09-08 16:05:00,40.26,39.9814,40.26,39.85,0.0,0.0,629692.0,25321772.972,-0.6920019870839477,40.26
US.SMCI,Super Micro Computer,2026-09-08 16:10:00,39.9814,40.1,40.1,39.9,0.0,0.0,80958.0,3235957.496,0.2966379366405396,39.9814
US.SMCI,Super Micro Computer,2026-09-08 16:15:00,40.1474,40.05,40.1474,40.05,0.0,0.0,11432.0,458590.023,-0.12468827930175626,40.1
US.SMCI,Super Micro Computer,2026-09-08 16:20:00,40.05,40.12,40.1201,40.05,0.0,0.0,5869.0,235459.704,0.17478152309613057,40.05
US.SMCI,Super Micro Computer,2026-09-08 16:25:00,40.12,40.15,40.15,40.12,0.0,0.0,19221.0,772356.659,0.07477567298105967,40.12
US.SMCI,Super Micro Computer,2026-09-08 16:30:00,40.15,40.08,40.15,40.08,0.0,0.0,142540.0,5712610.213,-0.17434620174346274,40.15
US.SMCI,Super Micro Computer,2026-09-08 16:35:00,40.08,40.11,40.13,40.08,0.0,0.0,2730.0,109489.922,0.07485029940120044,40.08
US.SMCI,Super Micro Computer,2026-09-08 16:40:00,40.11,40.09,40.12,40.09,0.0,0.0,7337.0,294293.016,-0.04986287708799806,40.11
US.SMCI,Super Micro Computer,2026-09-08 16:45:00,40.0772,40.15,40.15,40.0772,0.0,0.0,6250.0,250799.3,0.1496632576702299,40.09
US.SMCI,Super Micro Computer,2026-09-08 16:50:00,40.15,40.18,40.19,40.11,0.0,0.0,2495.0,100224.367,0.07471980074720083,40.15
US.SMCI,Super Micro Computer,2026-09-08 16:55:00,40.18,40.1991,40.2,40.18,0.0,0.0,17789.0,715083.281,0.047536087605778175,40.18
US.SMCI,Super Micro Computer,2026-09-08 17:00:00,40.1991,40.2079,40.25,40.1991,0.0,0.0,9739.0,391802.389,0.021891037361534978,40.1991
US.SMCI,Super Micro Computer,2026-09-08 17:05:00,40.2079,40.22,40.24,40.2,0.0,0.0,3073.0,123587.039,0.030093588573381517,40.2079
US.SMCI,Super Micro Computer,2026-09-08 17:10:00,40.22,40.2046,40.2323,40.2,0.0,0.0,6642.0,266304.019,-0.0382894082545988,40.22
US.SMCI,Super Micro Computer,2026-09-08 17:15:00,40.2046,40.2199,40.22,40.2046,0.0,0.0,889.0,35754.866,0.03805534690061193,40.2046
US.SMCI,Super Micro Computer,2026-09-08 17:20:00,40.2102,40.197,40.2102,40.1789,0.0,0.0,6471.0,260161.941,-0.05693698890350279,40.2199
US.SMCI,Super Micro Computer,2026-09-08 17:25:00,40.197,40.1969,40.197,40.18,0.0,0.0,176640.0,7111453.485,-0.00024877478419613316,40.197
US.SMCI,Super Micro Computer,2026-09-08 17:30:00,40.1969,40.2,40.2,40.18,0.0,0.0,2213.0,88951.026,0.007712037495437293,40.1969
US.SMCI,Super Micro Computer,2026-09-08 17:35:00,40.2,40.1995,40.2,40.1831,0.0,0.0,2107.0,83227.946,-0.001243781094533302,40.2
US.SMCI,Super Micro Computer,2026-09-08 17:40:00,40.19,40.1809,40.2,40.1809,0.0,0.0,1536.0,61729.814,-0.04626923220437887,40.1995
US.SMCI,Super Micro Computer,2026-09-08 17:45:00,40.1809,40.1999,40.1999,40.1809,0.0,0.0,1295.0,51336.23,0.047286148393884536,40.1809
US.SMCI,Super Micro Computer,2026-09-08 17:50:00,40.1999,40.19,40.2,40.19,0.0,0.0,3816.0,151342.97,-0.02462692693265853,40.1999
US.SMCI,Super Micro Computer,2026-09-08 17:55:00,40.19,40.2199,40.22,40.19,0.0,0.0,3273.0,131635.464,0.07439661607366242,40.19
US.SMCI,Super Micro Computer,2026-09-08 18:00:00,40.2199,40.2046,40.22,40.2046,0.0,0.0,1941.0,78061.659,-0.03804087031544937,40.2199
US.SMCI,Super Micro Computer,2026-09-08 18:05:00,40.2046,40.16,40.2046,40.1501,0.0,0.0,4268.0,171458.849,-0.11093257985405312,40.2046
US.SMCI,Super Micro Computer,2026-09-08 18:10:00,40.16,40.19,40.2,40.15,0.0,0.0,2416.0,97085.652,0.07470119521912634,40.16
US.SMCI,Super Micro Computer,2026-09-08 18:15:00,40.19,40.16,40.19,40.15,0.0,0.0,9725.0,390553.702,-0.0746454341876117,40.19
US.SMCI,Super Micro Computer,2026-09-08 18:20:00,40.16,40.21,40.22,40.16,0.0,0.0,392.0,15788.864,0.12450199203188313,40.16
US.SMCI,Super Micro Computer,2026-09-08 18:25:00,40.21,40.2099,40.21,40.2099,0.0,0.0,578.0,23239.962,-0.0002486943546464055,40.21
US.SMCI,Super Micro Computer,2026-09-08 18:30:00,40.2099,40.21,40.21,40.19,0.0,0.0,1011.0,40636.467,0.000248694973136764,40.2099
US.SMCI,Super Micro Computer,2026-09-08 18:35:00,40.21,40.212,40.212,40.2069,0.0,0.0,1308.0,52592.641,0.0049738870927690726,40.21
US.SMCI,Super Micro Computer,2026-09-08 18:40:00,40.212,40.23,40.2392,40.212,0.0,0.0,5138.0,206687.759,0.04476275738583899,40.212
US.SMCI,Super Micro Computer,2026-09-08 18:45:00,40.23,40.25,40.25,40.23,0.0,0.0,3988.0,160526.968,0.049714143673882986,40.23
US.SMCI,Super Micro Computer,2026-09-08 18:50:00,40.25,40.2454,40.25,40.2454,0.0,0.0,473.0,19036.583,-0.011428571428580099,40.25
US.SMCI,Super Micro Computer,2026-09-08 18:55:00,40.2259,40.2276,40.2276,40.17,0.0,0.0,5140.0,206638.692,-0.04422865718813589,40.2454
US.SMCI,Super Micro Computer,2026-09-08 19:00:00,40.2276,40.16,40.2276,40.13,0.0,0.0,4378.0,175820.825,-0.16804383060387862,40.2276
US.SMCI,Super Micro Computer,2026-09-08 19:05:00,40.16,40.22,40.22,40.16,0.0,0.0,975.0,39178.819,0.14940239043825268,40.16
US.SMCI,Super Micro Computer,2026-09-08 19:10:00,40.22,40.2156,40.2699,40.2156,0.0,0.0,5337.0,214838.904,-0.010939830929877799,40.22
US.SMCI,Super Micro Computer,2026-09-08 19:15:00,40.2156,40.2308,40.2653,40.2156,0.0,0.0,1594.0,64169.5,0.03779627806125011,40.2156
US.SMCI,Super Micro Computer,2026-09-08 19:20:00,40.23,40.23,40.2543,40.23,0.0,0.0,1297.0,52184.538,-0.001988526203817078,40.2308
US.SMCI,Super Micro Computer,2026-09-08 19:25:00,40.23,40.2146,40.234,40.2,0.0,0.0,1566.0,62980.648,-0.03827989062888302,40.23
US.SMCI,Super Micro Computer,2026-09-08 19:30:00,40.225,40.2393,40.2393,40.225,0.0,0.0,516.0,20756.919,0.06142047912947743,40.2146
US.SMCI,Super Micro Computer,2026-09-08 19:35:00,40.2393,40.23,40.24,40.2124,0.0,0.0,6345.0,255304.625,-0.023111734051047595,40.2393
US.SMCI,Super Micro Computer,2026-09-08 19:40:00,40.23,40.2,40.23,40.2,0.0,0.0,6396.0,257176.9,-0.074571215510798,40.23
US.SMCI,Super Micro Computer,2026-09-08 19:45:00,40.2,40.1128,40.2,40.1128,0.0,0.0,6341.0,254565.418,-0.21691542288557913,40.2
US.SMCI,Super Micro Computer,2026-09-08 19:50:00,40.1128,40.15,40.15,40.1128,0.0,0.0,248.0,9955.912,0.09273847749346485,40.1128
US.SMCI,Super Micro Computer,2026-09-08 19:55:00,40.11,40.11,40.17,40.11,0.0,0.0,6931.0,278200.41,-0.09962640099626188,40.15
US.SMCI,Super Micro Computer,2026-09-08 20:00:00,40.11,40.12,40.17,40.11,0.0,0.0,1634.0,65606.767,0.02493143854399903,40.11
US.SMCI,Super Micro Computer,2026-09-09 04:05:00,40.26,40.39,40.43,40.26,0.0,0.0,30552.0,1233327.678,0.6729810568295194,40.12
US.SMCI,Super Micro Computer,2026-09-09 04:10:00,40.39,40.39,40.4,40.34,0.0,0.0,8673.0,350108.081,0.0,40.39
US.SMCI,Super Micro Computer,2026-09-09 04:15:00,40.39,40.43,40.43,40.39,0.0,0.0,421.0,17014.613,0.09903441445902239,40.39
US.SMCI,Super Micro Computer,2026-09-09 04:20:00,40.43,40.39,40.43,40.39,0.0,0.0,176.0,7108.31,-0.09893643334157594,40.43
US.SMCI,Super Micro Computer,2026-09-09 04:25:00,40.39,40.34,40.39,40.34,0.0,0.0,345.0,13922.15,-0.12379301807377359,40.39
US.SMCI,Super Micro Computer,2026-09-09 04:30:00,40.43,40.43,40.43,40.43,0.0,0.0,555.0,22437.616,0.22310361923648064,40.34
US.SMCI,Super Micro Computer,2026-09-09 04:35:00,40.41,40.43,40.43,40.41,0.0,0.0,639.0,25842.58,0.0,40.43
US.SMCI,Super Micro Computer,2026-09-09 04:40:00,40.39,40.35,40.4,40.35,0.0,0.0,3208.0,129578.187,-0.19787286668315188,40.43
US.SMCI,Super Micro Computer,2026-09-09 04:45:00,40.35,40.33,40.35,40.33,0.0,0.0,429.0,17316.192,-0.04956629491946252,40.35
US.SMCI,Super Micro Computer,2026-09-09 04:50:00,40.345,40.3,40.35,40.3,0.0,0.0,1336.0,53869.445,-0.07438631291842583,40.33
US.SMCI,Super Micro Computer,2026-09-09 04:55:00,40.3,40.33,40.33,40.3,0.0,0.0,807.0,32551.85,0.07444168734491598,40.3
US.SMCI,Super Micro Computer,2026-09-09 05:00:00,40.33,40.33,40.33,40.33,0.0,0.0,571.0,23039.808,0.0,40.33
US.SMCI,Super Micro Computer,2026-09-09 05:05:00,40.31,40.35,40.35,40.31,0.0,0.0,688.0,27752.95,0.04959087527895643,40.33
US.SMCI,Super Micro Computer,2026-09-09 05:10:00,40.35,40.2,40.35,40.2,0.0,0.0,4966.0,199913.9,-0.37174721189590726,40.35
US.SMCI,Super Micro Computer,2026-09-09 05:15:00,40.22,40.19,40.23,40.18,0.0,0.0,2288.0,92020.839,-0.02487562189055999,40.2
US.SMCI,Super Micro Computer,2026-09-09 05:20:00,40.19,40.22,40.22,40.19,0.0,0.0,460.0,18522.96,0.0746454341876117,40.19
US.SMCI,Super Micro Computer,2026-09-09 05:25:00,40.22,40.17,40.22,40.16,0.0,0.0,3683.0,147980.66,-0.1243162605668751,40.22
US.SMCI,Super Micro Computer,2026-09-09 05:30:00,40.17,40.12,40.17,40.11,0.0,0.0,7046.0,282781.979,-0.12447099825741662,40.17
US.SMCI,Super Micro Computer,2026-09-09 05:35:00,40.12,40.01,40.12,40.01,0.0,0.0,2971.0,119143.172,-0.27417746759720696,40.12
US.SMCI,Super Micro Computer,2026-09-09 05:40:00,40.01,40.0,40.01,40.0,0.0,0.0,4415.0,176630.993,-0.024993751562104503,40.01
US.SMCI,Super Micro Computer,2026-09-09 05:45:00,40.0,39.86,40.0,39.86,0.0,0.0,4777.0,190700.396,-0.3500000000000014,40.0
US.SMCI,Super Micro Computer,2026-09-09 05:50:00,39.86,39.82,39.9,39.81,0.0,0.0,4419.0,176172.037,-0.10035122930255683,39.86
US.SMCI,Super Micro Computer,2026-09-09 05:55:00,39.82,39.75,39.92,39.75,0.0,0.0,7229.0,287867.895,-0.17579105976896103,39.82
US.SMCI,Super Micro Computer,2026-09-09 06:00:00,39.75,39.57,39.75,39.55,0.0,0.0,8542.0,338529.78,-0.4528301886792446,39.75
US.SMCI,Super Micro Computer,2026-09-09 06:05:00,39.57,39.68,39.69,39.52,0.0,0.0,6726.0,266370.766,0.27798837503158813,39.57
US.SMCI,Super Micro Computer,2026-09-09 06:10:00,39.72,39.63,39.76,39.63,0.0,0.0,5082.0,201884.834,-0.12600806451612187,39.68
US.SMCI,Super Micro Computer,2026-09-09 06:15:00,39.645,39.7,39.71,39.64,0.0,0.0,6921.0,274656.02,0.17663386323492375,39.63
US.SMCI,Super Micro Computer,2026-09-09 06:20:00,39.7,39.72,39.74,39.69,0.0,0.0,2674.0,106210.252,0.05037783375313858,39.7
US.SMCI,Super Micro Computer,2026-09-09 06:25:00,39.72,39.78,39.78,39.72,0.0,0.0,1852.0,73680.218,0.15105740181269456,39.72
US.SMCI,Super Micro Computer,2026-09-09 06:30:00,39.78,39.75,39.83,39.75,0.0,0.0,1233.0,49072.178,-0.07541478129713709,39.78
US.SMCI,Super Micro Computer,2026-09-09 06:35:00,39.75,39.79,39.82,39.75,0.0,0.0,2568.0,102145.848,0.10062893081760792,39.75
US.SMCI,Super Micro Computer,2026-09-09 06:40:00,39.79,39.85,39.85,39.79,0.0,0.0,1249.0,49747.968,0.1507916561950296,39.79
US.SMCI,Super Micro Computer,2026-09-09 06:45:00,39.85,39.75,39.85,39.75,0.0,0.0,5076.0,201969.015,-0.25094102885822184,39.85
US.SMCI,Super Micro Computer,2026-09-09 06:50:00,39.75,39.7415,39.785,39.73,0.0,0.0,2474.0,98318.344,-0.02138364779873699,39.75
US.SMCI,Super Micro Computer,2026-09-09 06:55:00,39.76,39.62,39.76,39.62,0.0,0.0,6343.0,251743.947,-0.30572575267668456,39.7415
US.SMCI,Super Micro Computer,2026-09-09 07:00:00,39.62,39.71,39.74,39.62,0.0,0.0,4305.0,170977.788,0.22715800100959974,39.62
US.SMCI,Super Micro Computer,2026-09-09 07:05:00,39.71,39.7,39.7992,39.6517,0.0,0.0,35605.0,1415666.2,-0.02518257365902294,39.71
US.SMCI,Super Micro Computer,2026-09-09 07:10:00,39.7,39.7691,39.79,39.69,0.0,0.0,9774.0,388131.88,0.1740554156171255,39.7
US.SMCI,Super Micro Computer,2026-09-09 07:15:00,39.7691,39.71,39.8,39.71,0.0,0.0,2993.0,119029.255,-0.14860783874918168,39.7691
US.SMCI,Super Micro Computer,2026-09-09 07:20:00,39.71,39.6,39.71,39.6,0.0,0.0,21373.0,846689.698,-0.27700831024930606,39.71
US.SMCI,Super Micro Computer,2026-09-09 07:25:00,39.594,39.6477,39.71,39.594,0.0,0.0,7724.0,305998.844,0.12045454545454284,39.6
US.SMCI,Super Micro Computer,2026-09-09 07:30:00,39.6477,39.68,39.75,39.6477,0.0,0.0,2934.0,116440.725,0.08146752522844787,39.6477
US.SMCI,Super Micro Computer,2026-09-09 07:35:00,39.68,39.58,39.68,39.55,0.0,0.0,8147.0,322581.787,-0.25201612903226167,39.68
US.SMCI,Super Micro Computer,2026-09-09 07:40:00,39.58,39.64,39.64,39.549,0.0,0.0,4711.0,186521.367,0.15159171298636248,39.58
US.SMCI,Super Micro Computer,2026-09-09 07:45:00,39.64,39.62,39.6592,39.5841,0.0,0.0,5508.0,218348.199,-0.05045408678103715,39.64
US.SMCI,Super Micro Computer,2026-09-09 07:50:00,39.62,39.71,39.71,39.5818,0.0,0.0,12817.0,508382.187,0.22715800100959974,39.62
US.SMCI,Super Micro Computer,2026-09-09 07:55:00,39.71,39.8,39.84,39.71,0.0,0.0,19832.0,789340.048,0.22664316293124226,39.71
US.SMCI,Super Micro Computer,2026-09-09 08:00:00,39.8,39.78,39.8423,39.75,0.0,0.0,18884.0,751440.162,-0.050251256281397046,39.8
US.SMCI,Super Micro Computer,2026-09-09 08:05:00,39.75,39.68,39.76,39.65,0.0,0.0,16304.0,647575.059,-0.25138260432378434,39.78
US.SMCI,Super Micro Computer,2026-09-09 08:10:00,39.68,39.64,39.72,39.6118,0.0,0.0,12629.0,500697.812,-0.10080645161290108,39.68
US.SMCI,Super Micro Computer,2026-09-09 08:15:00,39.64,39.58,39.6547,39.54,0.0,0.0,26522.0,1049776.462,-0.15136226034309352,39.64
US.SMCI,Super Micro Computer,2026-09-09 08:20:00,39.58,39.54,39.62,39.5,0.0,0.0,30438.0,1204214.189,-0.10106114199090234,39.58
US.SMCI,Super Micro Computer,2026-09-09 08:25:00,39.54,39.66,39.6862,39.54,0.0,0.0,25213.0,999066.441,0.303490136570555,39.54
US.SMCI,Super Micro Computer,2026-09-09 08:30:00,39.66,39.55,39.67,39.55,0.0,0.0,8895.0,352421.785,-0.2773575390821973,39.66
US.SMCI,Super Micro Computer,2026-09-09 08:35:00,39.55,39.63,39.64,39.55,0.0,0.0,3517.0,139272.038,0.20227560050570265,39.55
US.SMCI,Super Micro Computer,2026-09-09 08:40:00,39.61,39.62,39.6698,39.6,0.0,0.0,13669.0,542113.779,-0.02523340903357334,39.63
US.SMCI,Super Micro Computer,2026-09-09 08:45:00,39.62,39.63,39.6792,39.56,0.0,0.0,7851.0,310876.958,0.02523977788996748,39.62
US.SMCI,Super Micro Computer,2026-09-09 08:50:00,39.63,39.7,39.7,39.62,0.0,0.0,14175.0,562112.719,0.17663386323492375,39.63
US.SMCI,Super Micro Computer,2026-09-09 08:55:00,39.7,39.6,39.7381,39.6,0.0,0.0,13379.0,530711.378,-0.25188916876574663,39.7
US.SMCI,Super Micro Computer,2026-09-09 09:00:00,39.6,39.648,39.65,39.56,0.0,0.0,7431.0,294462.531,0.12121212121212581,39.6
US.SMCI,Super Micro Computer,2026-09-09 09:05:00,39.648,39.6528,39.69,39.62,0.0,0.0,10169.0,403301.663,0.01210653753025605,39.648
US.SMCI,Super Micro Computer,2026-09-09 09:10:00,39.6528,39.66,39.7,39.65,0.0,0.0,11990.0,475768.4,0.018157608037761345,39.6528
US.SMCI,Super Micro Computer,2026-09-09 09:15:00,39.66,39.6306,39.68,39.5808,0.0,0.0,23276.0,922348.848,-0.07413010590013977,39.66
US.SMCI,Super Micro Computer,2026-09-09 09:20:00,39.6306,39.63,39.7,39.6,0.0,0.0,12799.0,507226.866,-0.0015139816202596015,39.6306
US.SMCI,Super Micro Computer,2026-09-09 09:25:00,39.64,39.56,39.7,39.4353,0.0,0.0,31946.0,1263105.451,-0.17663386323492375,39.63
US.SMCI,Super Micro Computer,2026-09-09 09:30:00,39.56,39.87,40.03,39.45,0.0,0.0,44684.0,1780482.58,0.7836198179979655,39.56
US.SMCI,Super Micro Computer,2026-09-09 09:35:00,40.005,39.4,40.09,39.28,0.0,0.0,1919397.0,76221425.347,-1.178831201404562,39.87
US.SMCI,Super Micro Computer,2026-09-09 09:40:00,39.4,39.38,39.65,39.27,0.0,0.0,789321.0,31112970.663,-0.05076142131978685,39.4
US.SMCI,Super Micro Computer,2026-09-09 09:45:00,39.39,39.59,39.65,39.34,0.0,0.0,815664.0,32190428.182,0.5332656170645019,39.38
US.SMCI,Super Micro Computer,2026-09-09 09:50:00,39.58,39.86,39.88,39.48,0.0,0.0,822515.0,32610016.143,0.6819904016165598,39.59
US.SMCI,Super Micro Computer,2026-09-09 09:55:00,39.86,39.73,39.88,39.63,0.0,0.0,506805.0,20154006.305,-0.32614149523332303,39.86
US.SMCI,Super Micro Computer,2026-09-09 10:00:00,39.73,39.83,39.97,39.7001,0.0,0.0,459534.0,18312029.133,0.25169896803423464,39.73
US.SMCI,Super Micro Computer,2026-09-09 10:05:00,39.82,40.035,40.1202,39.75,0.0,0.0,616071.0,24623005.315,0.5146874215415473,39.83
US.SMCI,Super Micro Computer,2026-09-09 10:10:00,40.035,39.73,40.12,39.678,0.0,0.0,493010.0,19681497.06,-0.761833395778693,40.035
US.SMCI,Super Micro Computer,2026-09-09 10:15:00,39.74,39.695,39.7699,39.58,0.0,0.0,472925.0,18765237.043,-0.0880946388119723,39.73
US.SMCI,Super Micro Computer,2026-09-09 10:20:00,39.68,39.86,39.925,39.565,0.0,0.0,603082.0,23960292.853,0.4156694797833459,39.695
US.SMCI,Super Micro Computer,2026-09-09 10:25:00,39.86,39.83,39.95,39.725,0.0,0.0,448779.0,17876685.664,-0.07526342197692207,39.86
US.SMCI,Super Micro Computer,2026-09-09 10:30:00,39.82,40.0924,40.115,39.68,0.0,0.0,702989.0,28071577.751,0.6587998995731849,39.83
US.SMCI,Super Micro Computer,2026-09-09 10:35:00,40.1,40.15,40.18,39.94,0.0,0.0,425476.0,17054999.647,0.1436681266274924,40.0924
US.SMCI,Super Micro Computer,2026-09-09 10:40:00,40.16,39.92,40.165,39.765,0.0,0.0,793123.0,31701052.885,-0.5728518057285104,40.15
US.SMCI,Super Micro Computer,2026-09-09 10:45:00,39.92,39.88,39.925,39.755,0.0,0.0,297170.0,11840049.647,-0.10020040080160107,39.92
US.SMCI,Super Micro Computer,2026-09-09 10:50:00,39.885,39.785,39.905,39.75,0.0,0.0,331362.0,13189861.967,-0.23821464393181035,39.88
US.SMCI,Super Micro Computer,2026-09-09 10:55:00,39.77,39.76,39.8578,39.58,0.0,0.0,450478.0,17894083.866,-0.06283775292195194,39.785
US.SMCI,Super Micro Computer,2026-09-09 11:00:00,39.76,39.845,39.87,39.695,0.0,0.0,304523.0,12117853.627,0.21378269617706452,39.76
US.SMCI,Super Micro Computer,2026-09-09 11:05:00,39.85,39.935,40.03,39.76,0.0,0.0,313054.0,12493012.877,0.22587526665830948,39.845
US.SMCI,Super Micro Computer,2026-09-09 11:10:00,39.935,39.805,39.98,39.775,0.0,0.0,275444.0,10982897.168,-0.32552898459998136,39.935
US.SMCI,Super Micro Computer,2026-09-09 11:15:00,39.8014,39.75,39.81,39.71,0.0,0.0,361311.0,14362532.112,-0.13817359628187342,39.805
US.SMCI,Super Micro Computer,2026-09-09 11:20:00,39.76,39.75,39.815,39.72,0.0,0.0,139787.0,5557704.917,0.0,39.75
US.SMCI,Super Micro Computer,2026-09-09 11:25:00,39.74,39.501,39.78,39.49,0.0,0.0,564457.0,22375637.357,-0.6264150943396285,39.75
US.SMCI,Super Micro Computer,2026-09-09 11:30:00,39.501,39.505,39.525,39.41,0.0,0.0,269739.0,10646783.883,0.010126325915811977,39.501
US.SMCI,Super Micro Computer,2026-09-09 11:35:00,39.51,39.5,39.59,39.45,0.0,0.0,198720.0,7852945.743,-0.012656625743583236,39.505
US.SMCI,Super Micro Computer,2026-09-09 11:40:00,39.51,39.56,39.59,39.36,0.0,0.0,263849.0,10410731.861,0.15189873417722097,39.5
US.SMCI,Super Micro Computer,2026-09-09 11:45:00,39.555,39.365,39.59,39.335,0.0,0.0,297005.0,11703064.879,-0.4929221435793738,39.56
US.SMCI,Super Micro Computer,2026-09-09 11:50:00,39.365,39.165,39.37,39.02,0.0,0.0,620674.0,24315464.237,-0.5080655404547259,39.365
US.SMCI,Super Micro Computer,2026-09-09 11:55:00,39.16,39.105,39.2499,39.05,0.0,0.0,372471.0,14579097.112,-0.15319800842589626,39.165
US.SMCI,Super Micro Computer,2026-09-09 12:00:00,39.1,39.195,39.239,39.06,0.0,0.0,183621.0,7187675.971,0.2301495972382136,39.105
US.SMCI,Super Micro Computer,2026-09-09 12:05:00,39.195,39.22,39.27,39.14,0.0,0.0,181749.0,7126640.116,0.06378364587319447,39.195
US.SMCI,Super Micro Computer,2026-09-09 12:10:00,39.2151,39.26,39.37,39.21,0.0,0.0,305764.0,12013710.689,0.10198878123406209,39.22
US.SMCI,Super Micro Computer,2026-09-09 12:15:00,39.26,39.21,39.325,39.2,0.0,0.0,167638.0,6579213.267,-0.12735608762098105,39.26
US.SMCI,Super Micro Computer,2026-09-09 12:20:00,39.21,39.165,39.22,39.12,0.0,0.0,291368.0,11412980.004,-0.11476664116297297,39.21
US.SMCI,Super Micro Computer,2026-09-09 12:25:00,39.16,39.4707,39.4794,39.145,0.0,0.0,1051341.0,41398252.736,0.7805438529299161,39.165
US.SMCI,Super Micro Computer,2026-09-09 12:30:00,39.475,39.3742,39.48,39.325,0.0,0.0,372706.0,14695085.4,-0.24448514974398458,39.4707
US.SMCI,Super Micro Computer,2026-09-09 12:35:00,39.3707,39.505,39.56,39.37,0.0,0.0,214652.0,8464280.882,0.33219722559442655,39.3742
US.SMCI,Super Micro Computer,2026-09-09 12:40:00,39.5,39.515,39.53,39.46,0.0,0.0,71850.0,2837351.31,0.025313251487148483,39.505
US.SMCI,Super Micro Computer,2026-09-09 12:45:00,39.515,39.43,39.52,39.41,0.0,0.0,128999.0,5089852.152,-0.21510818676452195,39.515
US.SMCI,Super Micro Computer,2026-09-09 12:50:00,39.435,39.44,39.465,39.405,0.0,0.0,91374.0,3603433.724,0.025361399949272154,39.43
US.SMCI,Super Micro Computer,2026-09-09 12:55:00,39.445,39.555,39.585,39.43,0.0,0.0,118093.0,4665812.547,0.29158215010142496,39.44
US.SMCI,Super Micro Computer,2026-09-09 13:00:00,39.55,39.52,39.5651,39.5,0.0,0.0,104514.0,4130964.325,-0.08848438882567713,39.555
US.SMCI,Super Micro Computer,2026-09-09 13:05:00,39.52,39.18,39.52,39.18,0.0,0.0,294944.0,11607331.561,-0.8603238866396847,39.52
US.SMCI,Super Micro Computer,2026-09-09 13:10:00,39.185,39.155,39.2399,39.14,0.0,0.0,176526.0,6917847.849,-0.06380806533945528,39.18
US.SMCI,Super Micro Computer,2026-09-09 13:15:00,39.15,39.14,39.1739,39.08,0.0,0.0,212974.0,8335780.99,-0.03830928361639783,39.155
US.SMCI,Super Micro Computer,2026-09-09 13:20:00,39.145,39.1,39.1698,39.06,0.0,0.0,226360.0,8851224.62,-0.1021972406744996,39.14
US.SMCI,Super Micro Computer,2026-09-09 13:25:00,39.09,38.9403,39.105,38.93,0.0,0.0,686856.0,26801798.451,-0.4084398976982119,39.1
US.SMCI,Super Micro Computer,2026-09-09 13:30:00,38.945,38.995,39.02,38.92,0.0,0.0,333125.0,12980514.518,0.14047143961396513,38.9403
US.SMCI,Super Micro Computer,2026-09-09 13:35:00,38.995,38.95,39.04,38.935,0.0,0.0,145605.0,5678193.245,-0.11539941018077857,38.995
US.SMCI,Super Micro Computer,2026-09-09 13:40:00,38.9483,39.02,39.065,38.94,0.0,0.0,138916.0,5419594.687,0.17971758664955143,38.95
US.SMCI,Super Micro Computer,2026-09-09 13:45:00,39.03,39.15,39.15,39.01,0.0,0.0,172996.0,6761557.651,0.33316248077907595,39.02
US.SMCI,Super Micro Computer,2026-09-09 13:50:00,39.16,39.265,39.265,39.16,0.0,0.0,161378.0,6328105.631,0.29374201787995396,39.15
US.SMCI,Super Micro Computer,2026-09-09 13:55:00,39.26,39.335,39.35,39.22,0.0,0.0,155448.0,6105022.149,0.1782758181586662,39.265
US.SMCI,Super Micro Computer,2026-09-09 14:00:00,39.335,39.195,39.335,39.1861,0.0,0.0,131055.0,5147642.617,-0.3559171221558423,39.335
US.SMCI,Super Micro Computer,2026-09-09 14:05:00,39.19,39.065,39.2,39.055,0.0,0.0,151009.0,5907253.295,-0.3316749585406367,39.195
US.SMCI,Super Micro Computer,2026-09-09 14:10:00,39.06,39.03,39.11,39.0,0.0,0.0,133924.0,5228639.607,-0.08959426596696939,39.065
US.SMCI,Super Micro Computer,2026-09-09 14:15:00,39.025,39.03,39.09,39.01,0.0,0.0,142164.0,5551076.751,0.0,39.03
US.SMCI,Super Micro Computer,2026-09-09 14:20:00,39.035,39.1301,39.145,39.03,0.0,0.0,118852.0,4648535.898,0.2564693825262558,39.03
US.SMCI,Super Micro Computer,2026-09-09 14:25:00,39.13,39.1774,39.1858,39.13,0.0,0.0,79937.0,3129394.268,0.12087881196316876,39.1301
US.SMCI,Super Micro Computer,2026-09-09 14:30:00,39.175,39.19,39.24,39.175,0.0,0.0,126526.0,4960053.09,0.03216139917401118,39.1774
US.SMCI,Super Micro Computer,2026-09-09 14:35:00,39.195,39.18,39.2299,39.17,0.0,0.0,109422.0,4289293.359,-0.02551671344730291,39.19
US.SMCI,Super Micro Computer,2026-09-09 14:40:00,39.19,39.1301,39.225,39.12,0.0,0.0,85639.0,3355166.152,-0.1273608984175624,39.18
US.SMCI,Super Micro Computer,2026-09-09 14:45:00,39.13,39.055,39.13,39.05,0.0,0.0,123890.0,4841601.374,-0.19192386423750274,39.1301
US.SMCI,Super Micro Computer,2026-09-09 14:50:00,39.055,38.995,39.0899,38.97,0.0,0.0,207185.0,8084260.776,-0.1536294968634036,39.055
US.SMCI,Super Micro Computer,2026-09-09 14:55:00,38.99,38.95,39.0,38.93,0.0,0.0,159212.0,6204282.704,-0.11539941018077857,38.995
US.SMCI,Super Micro Computer,2026-09-09 15:00:00,38.945,39.13,39.155,38.935,0.0,0.0,199193.0,7773325.516,0.46213093709884395,38.95
US.SMCI,Super Micro Computer,2026-09-09 15:05:00,39.14,39.135,39.19,39.1,0.0,0.0,215719.0,8444004.391,0.012777919754652318,39.13
US.SMCI,Super Micro Computer,2026-09-09 15:10:00,39.1301,39.2066,39.235,39.1249,0.0,0.0,208220.0,8153880.243,0.18295643286062008,39.135
US.SMCI,Super Micro Computer,2026-09-09 15:15:00,39.205,39.215,39.27,39.195,0.0,0.0,198071.0,7772318.066,0.021424964164201282,39.2066
US.SMCI,Super Micro Computer,2026-09-09 15:20:00,39.22,39.065,39.23,39.065,0.0,0.0,157275.0,6156744.819,-0.38250669386715713,39.215
US.SMCI,Super Micro Computer,2026-09-09 15:25:00,39.065,38.975,39.088,38.96,0.0,0.0,188072.0,7340013.186,-0.23038525534364857,39.065
US.SMCI,Super Micro Computer,2026-09-09 15:30:00,38.97,38.85,38.99,38.845,0.0,0.0,310132.0,12071873.351,-0.32071840923669015,38.975
US.SMCI,Super Micro Computer,2026-09-09 15:35:00,38.8587,38.92,38.935,38.835,0.0,0.0,289810.0,11268841.886,0.1801801801801809,38.85
US.SMCI,Super Micro Computer,2026-09-09 15:40:00,38.915,39.045,39.11,38.885,0.0,0.0,334395.0,13031010.216,0.3211716341212744,38.92
US.SMCI,Super Micro Computer,2026-09-09 15:45:00,39.045,39.11,39.135,39.02,0.0,0.0,289655.0,11315990.481,0.1664745806121084,39.045
US.SMCI,Super Micro Computer,2026-09-09 15:50:00,39.12,39.1799,39.24,39.08,0.0,0.0,335582.0,13145205.241,0.17872666837127096,39.11
US.SMCI,Super Micro Computer,2026-09-09 15:55:00,39.17,39.0536,39.225,39.025,0.0,0.0,457725.0,17902554.324,-0.3223591688595441,39.1799
US.SMCI,Super Micro Computer,2026-09-09 16:00:00,39.055,38.93,39.0869,38.86,0.0,0.0,3016604.0,117483452.944,-0.3164881086506833,39.0536
US.SMCI,Super Micro Computer,2026-09-09 16:05:00,38.93,38.8,38.953,38.76,0.0,0.0,1124300.0,43763060.648,-0.33393269971744816,38.93
US.SMCI,Super Micro Computer,2026-09-09 16:10:00,38.8,38.781,38.8345,38.68,0.0,0.0,45243.0,1752531.208,-0.04896907216494421,38.8
US.SMCI,Super Micro Computer,2026-09-09 16:15:00,38.8363,38.85,38.86,38.8,0.0,0.0,4192.0,162803.064,0.17792217838632995,38.781
US.SMCI,Super Micro Computer,2026-09-09 16:20:00,38.85,38.802,38.8845,38.8,0.0,0.0,5163.0,200432.983,-0.12355212355212822,38.85
US.SMCI,Super Micro Computer,2026-09-09 16:25:00,38.802,38.8503,38.8507,38.802,0.0,0.0,4399.0,170855.613,0.12447811968454607,38.802
US.SMCI,Super Micro Computer,2026-09-09 16:30:00,38.8503,38.85,38.89,38.85,0.0,0.0,10849.0,422046.279,-0.0007721948092955475,38.8503
US.SMCI,Super Micro Computer,2026-09-09 16:35:00,38.85,38.85,38.8562,38.82,0.0,0.0,5358.0,208158.146,0.0,38.85
US.SMCI,Super Micro Computer,2026-09-09 16:40:00,38.85,38.85,38.86,38.85,0.0,0.0,3494.0,135776.32,0.0,38.85
US.SMCI,Super Micro Computer,2026-09-09 16:45:00,38.8341,38.84,38.84,38.82,0.0,0.0,1867.0,72491.375,-0.02574002574002062,38.85
US.SMCI,Super Micro Computer,2026-09-09 16:50:00,38.84,38.82,38.86,38.82,0.0,0.0,3444.0,133745.258,-0.051493305870244914,38.84
US.SMCI,Super Micro Computer,2026-09-09 16:55:00,38.82,38.8201,38.83,38.82,0.0,0.0,3588.0,139290.324,0.0002575991756728857,38.82
US.SMCI,Super Micro Computer,2026-09-09 17:00:00,38.8201,38.83,38.83,38.8,0.0,0.0,4725.0,183435.967,0.02550225269899304,38.8201
US.SMCI,Super Micro Computer,2026-09-09 17:05:00,38.83,38.8241,38.83,38.8,0.0,0.0,1085.0,42106.289,-0.015194437290746607,38.83
US.SMCI,Super Micro Computer,2026-09-09 17:10:00,38.8241,38.83,38.86,38.8,0.0,0.0,5005.0,194329.5,0.01519674635084112,38.8241
US.SMCI,Super Micro Computer,2026-09-09 17:15:00,38.83,38.85,38.85,38.817,0.0,0.0,4280.0,166236.983,0.05150656708731168,38.83
US.SMCI,Super Micro Computer,2026-09-09 17:20:00,38.85,38.85,38.85,38.8469,0.0,0.0,3400.0,132087.798,0.0,38.85
US.SMCI,Super Micro Computer,2026-09-09 17:25:00,38.85,38.85,38.85,38.85,0.0,0.0,351.0,13633.203,0.0,38.85
US.SMCI,Super Micro Computer,2026-09-09 17:30:00,38.85,38.85,38.8637,38.8177,0.0,0.0,5684.0,220794.025,0.0,38.85
US.SMCI,Super Micro Computer,2026-09-09 17:35:00,38.85,38.867,38.867,38.82,0.0,0.0,1756.0,68235.337,0.04375804375803322,38.85
US.SMCI,Super Micro Computer,2026-09-09 17:40:00,38.867,38.81,38.867,38.81,0.0,0.0,90826.0,3535644.982,-0.14665397380810213,38.867
US.SMCI,Super Micro Computer,2026-09-09 17:45:00,38.85,38.84,38.86,38.84,0.0,0.0,7367.0,286303.462,0.07729966503478777,38.81
US.SMCI,Super Micro Computer,2026-09-09 17:50:00,38.84,38.78,38.84,38.78,0.0,0.0,10134.0,393203.534,-0.15447991761071644,38.84
US.SMCI,Super Micro Computer,2026-09-09 17:55:00,38.78,38.8199,38.8199,38.78,0.0,0.0,1039.0,40328.184,0.1028880866425885,38.78
US.SMCI,Super Micro Computer,2026-09-09 18:00:00,38.8199,38.8,38.8199,38.7706,0.0,0.0,497246.0,19357649.447,-0.051262368012281866,38.8199
US.SMCI,Super Micro Computer,2026-09-09 18:05:00,38.8,38.85,38.86,38.8,0.0,0.0,3535.0,137242.301,0.12886597938145428,38.8
US.SMCI,Super Micro Computer,2026-09-09 18:10:00,38.85,38.89,38.89,38.7801,0.0,0.0,746.0,28963.942,0.10296010296010076,38.85
US.SMCI,Super Micro Computer,2026-09-09 18:15:00,38.89,38.81,38.89,38.81,0.0,0.0,297.0,11558.141,-0.20570840833118614,38.89
US.SMCI,Super Micro Computer,2026-09-09 18:20:00,38.81,38.8,38.84,38.8,0.0,0.0,1368.0,53114.891,-0.025766555011608128,38.81
US.SMCI,Super Micro Computer,2026-09-09 18:25:00,38.8,38.82,38.82,38.8,0.0,0.0,545.0,21152.373,0.05154639175258538,38.8
US.SMCI,Super Micro Computer,2026-09-09 18:30:00,38.82,38.8614,38.8614,38.82,0.0,0.0,226.0,8777.808,0.10664605873261976,38.82
US.SMCI,Super Micro Computer,2026-09-09 18:35:00,38.8614,38.825,38.863,38.78,0.0,0.0,1764.0,68518.566,-0.09366620862861459,38.8614
US.SMCI,Super Micro Computer,2026-09-09 18:40:00,38.825,38.7928,38.825,38.7928,0.0,0.0,568.0,22037.347,-0.08293625241468928,38.825
US.SMCI,Super Micro Computer,2026-09-09 18:45:00,38.7928,38.81,38.8461,38.7928,0.0,0.0,1505.0,58424.87,0.044338124600447885,38.7928
US.SMCI,Super Micro Computer,2026-09-09 18:50:00,38.81,38.8,38.81,38.8,0.0,0.0,553.0,21464.019,-0.025766555011608128,38.81
US.SMCI,Super Micro Computer,2026-09-09 18:55:00,38.8,38.76,38.8,38.76,0.0,0.0,2125.0,82374.475,-0.10309278350515245,38.8
US.SMCI,Super Micro Computer,2026-09-09 19:00:00,38.798,38.728,38.798,38.728,0.0,0.0,2447.0,94840.914,-0.08255933952527471,38.76
US.SMCI,Super Micro Computer,2026-09-09 19:05:00,38.728,38.7718,38.7718,38.728,0.0,0.0,483.0,18717.419,0.11309646767196188,38.728
US.SMCI,Super Micro Computer,2026-09-09 19:10:00,38.7718,38.76,38.7718,38.74,0.0,0.0,427.0,16547.237,-0.030434491047619455,38.7718
US.SMCI,Super Micro Computer,2026-09-09 19:15:00,38.76,38.78,38.78,38.73,0.0,0.0,2471.0,95770.328,0.05159958720331045,38.76
US.SMCI,Super Micro Computer,2026-09-09 19:20:00,38.78,38.7523,38.78,38.7523,0.0,0.0,348.0,13486.771,-0.07142857142857902,38.78
US.SMCI,Super Micro Computer,2026-09-09 19:25:00,38.7523,38.78,38.78,38.7523,0.0,0.0,389.0,15081.573,0.07147962830594042,38.7523
US.SMCI,Super Micro Computer,2026-09-09 19:30:00,38.78,38.7562,38.78,38.7562,0.0,0.0,1218.0,47219.139,-0.0613718411552382,38.78
US.SMCI,Super Micro Computer,2026-09-09 19:35:00,38.7838,38.79,38.79,38.76,0.0,0.0,3126.0,121269.843,0.08721185255520249,38.7562
US.SMCI,Super Micro Computer,2026-09-09 19:40:00,38.79,38.81,38.81,38.79,0.0,0.0,981.0,38072.832,0.05155968032999001,38.79
US.SMCI,Super Micro Computer,2026-09-09 19:45:00,38.81,38.81,38.8423,38.7801,0.0,0.0,6371.0,247136.133,0.0,38.81
US.SMCI,Super Micro Computer,2026-09-09 19:50:00,38.81,38.8107,38.8131,38.8,0.0,0.0,4639.0,180020.979,0.0018036588507982887,38.81
US.SMCI,Super Micro Computer,2026-09-09 19:55:00,38.81,38.83,38.83,38.81,0.0,0.0,3971.0,154128.914,0.04972855423891145,38.8107
US.SMCI,Super Micro Computer,2026-09-09 20:00:00,38.8031,38.84,38.84,38.8,0.0,0.0,8507.0,330276.122,0.02575328354366499,38.83
US.SMCI,Super Micro Computer,2026-09-10 04:05:00,38.7923,38.6517,38.94,38.63,0.0,0.0,15735.0,611017.46,-0.48480947476829356,38.84
US.SMCI,Super Micro Computer,2026-09-10 04:10:00,38.6517,38.7069,38.7182,38.61,0.0,0.0,468.0,18152.714,0.14281389951800116,38.6517
US.SMCI,Super Micro Computer,2026-09-10 04:15:00,38.65,38.65,38.65,38.65,0.0,0.0,1.0,38.65,-0.14700221407552358,38.7069
US.SMCI,Super Micro Computer,2026-09-10 04:20:00,38.61,38.61,38.64,38.61,0.0,0.0,53.0,2046.36,-0.10349288486416339,38.65
US.SMCI,Super Micro Computer,2026-09-10 04:25:00,38.61,38.67,38.71,38.61,0.0,0.0,298.0,11521.992,0.1554001554001613,38.61
US.SMCI,Super Micro Computer,2026-09-10 04:30:00,38.71,38.61,38.71,38.61,0.0,0.0,275.0,10631.081,-0.15515903801397019,38.67
US.SMCI,Super Micro Computer,2026-09-10 04:35:00,38.64,38.5722,38.66,38.5508,0.0,0.0,837.0,32321.441,-0.09790209790209058,38.61
US.SMCI,Super Micro Computer,2026-09-10 04:40:00,38.6,38.6,38.6543,38.6,0.0,0.0,172.0,6656.92,0.07207263262141947,38.5722
US.SMCI,Super Micro Computer,2026-09-10 04:45:00,38.5525,38.55,38.64,38.55,0.0,0.0,1049.0,40551.132,-0.12953367875648772,38.6
US.SMCI,Super Micro Computer,2026-09-10 04:50:00,38.55,38.5642,38.64,38.55,0.0,0.0,466.0,18012.388,0.03683527885863148,38.55
US.SMCI,Super Micro Computer,2026-09-10 04:55:00,38.56,38.63,38.63,38.56,0.0,0.0,296.0,11419.732,0.170624568900698,38.5642
US.SMCI,Super Micro Computer,2026-09-10 05:00:00,38.58,38.51,38.58,38.51,0.0,0.0,2106.0,81174.95,-0.31063939943050617,38.63
US.SMCI,Super Micro Computer,2026-09-10 05:05:00,38.51,38.55,38.64,38.5,0.0,0.0,5231.0,201708.417,0.10386912490262049,38.51
US.SMCI,Super Micro Computer,2026-09-10 05:10:00,38.55,38.49,38.55,38.49,0.0,0.0,394.0,15174.52,-0.155642023346291,38.55
US.SMCI,Super Micro Computer,2026-09-10 05:15:00,38.527,38.5332,38.6797,38.49,0.0,0.0,302.0,11643.488,0.11223694466094775,38.49
US.SMCI,Super Micro Computer,2026-09-10 05:20:00,38.59,38.5,38.59,38.4955,0.0,0.0,10661.0,411108.704,-0.086159467679821,38.5332
US.SMCI,Super Micro Computer,2026-09-10 05:25:00,38.48,38.5458,38.55,38.48,0.0,0.0,37.0,1463.911,0.11896103896103855,38.5
US.SMCI,Super Micro Computer,2026-09-10 05:30:00,38.49,38.5012,38.5059,38.49,0.0,0.0,52.0,2003.255,-0.11570651017750998,38.5458
US.SMCI,Super Micro Computer,2026-09-10 05:35:00,38.5,38.4,38.5,38.4,0.0,0.0,1838.0,70734.28,-0.2628489501625888,38.5012
US.SMCI,Super Micro Computer,2026-09-10 05:40:00,38.3817,38.38,38.39,38.36,0.0,0.0,302.0,11595.059,-0.052083333333322976,38.4
US.SMCI,Super Micro Computer,2026-09-10 05:45:00,38.4,38.42,38.42,38.36,0.0,0.0,1896.0,72771.814,0.10422094841062832,38.38
US.SMCI,Super Micro Computer,2026-09-10 05:50:00,38.43,38.41,38.48,38.39,0.0,0.0,6976.0,268253.78,-0.02602811035920124,38.42
US.SMCI,Super Micro Computer,2026-09-10 05:55:00,38.3957,38.4,38.4,38.3957,0.0,0.0,336.0,12908.695,-0.026034886748237465,38.41
US.SMCI,Super Micro Computer,2026-09-10 06:00:00,38.46,38.47,38.472,38.42,0.0,0.0,2202.0,84651.58,0.1822916666666674,38.4
US.SMCI,Super Micro Computer,2026-09-10 06:05:00,38.45,38.49,38.49,38.44,0.0,0.0,954.0,36679.955,0.051988562516254555,38.47
US.SMCI,Super Micro Computer,2026-09-10 06:10:00,38.4982,38.43,38.4982,38.43,0.0,0.0,379.0,14614.984,-0.1558846453624377,38.49
US.SMCI,Super Micro Computer,2026-09-10 06:15:00,38.46,38.4517,38.4911,38.45,0.0,0.0,358.0,13768.695,0.05646630236794878,38.43
US.SMCI,Super Micro Computer,2026-09-10 06:20:00,38.4571,38.46,38.48,38.4571,0.0,0.0,48.0,1846.09,0.021585521576415138,38.4517
US.SMCI,Super Micro Computer,2026-09-10 06:25:00,38.5,38.49,38.5,38.47,0.0,0.0,4086.0,157235.67,0.07800312012480795,38.46
US.SMCI,Super Micro Computer,2026-09-10 06:30:00,38.49,38.51,38.51,38.48,0.0,0.0,69.0,2694.02,0.051961548454133595,38.49
US.SMCI,Super Micro Computer,2026-09-10 06:35:00,38.48,38.49,38.49,38.46,0.0,0.0,150.0,5771.4,-0.051934562451301014,38.51
US.SMCI,Super Micro Computer,2026-09-10 06:40:00,38.49,38.49,38.49,38.49,0.0,0.0,90.0,3457.8,0.0,38.49
US.SMCI,Super Micro Computer,2026-09-10 06:45:00,38.52,38.53,38.53,38.52,0.0,0.0,95.0,3659.49,0.10392309690828565,38.49
US.SMCI,Super Micro Computer,2026-09-10 06:50:00,38.53,38.54,38.54,38.52,0.0,0.0,32.0,1232.97,0.02595380223202183,38.53
US.SMCI,Super Micro Computer,2026-09-10 06:55:00,38.54,38.5,38.54,38.5,0.0,0.0,623.0,23990.423,-0.10378827192527022,38.54
US.SMCI,Super Micro Computer,2026-09-10 07:00:00,38.48,38.61,38.62,38.48,0.0,0.0,546.0,21054.396,0.28571428571428426,38.5
US.SMCI,Super Micro Computer,2026-09-10 07:05:00,38.585,38.5,38.65,38.43,0.0,0.0,3001.0,115914.341,-0.28490028490028346,38.61
US.SMCI,Super Micro Computer,2026-09-10 07:10:00,38.4846,38.5,38.5,38.43,0.0,0.0,1592.0,61247.359,0.0,38.5
US.SMCI,Super Micro Computer,2026-09-10 07:15:00,38.4992,38.48,38.4992,38.44,0.0,0.0,1643.0,63203.298,-0.05194805194806007,38.5
US.SMCI,Super Micro Computer,2026-09-10 07:20:00,38.4881,38.43,38.5,38.39,0.0,0.0,46499.0,1787489.919,-0.12993762993762256,38.48
US.SMCI,Super Micro Computer,2026-09-10 07:25:00,38.401,38.4,38.45,38.383,0.0,0.0,11495.0,441324.352,-0.07806401249024496,38.43
US.SMCI,Super Micro Computer,2026-09-10 07:30:00,38.4483,38.3998,38.4485,38.3756,0.0,0.0,3908.0,150106.369,-0.0005208333333321196,38.4
US.SMCI,Super Micro Computer,2026-09-10 07:35:00,38.3902,38.38,38.45,38.38,0.0,0.0,8050.0,309116.8,-0.05156276855607709,38.3998
US.SMCI,Super Micro Computer,2026-09-10 07:40:00,38.43,38.4,38.4599,38.3957,0.0,0.0,68780.0,2675370.625,0.0521104742053049,38.38
US.SMCI,Super Micro Computer,2026-09-10 07:45:00,38.44,38.369,38.44,38.35,0.0,0.0,3404.0,130636.159,-0.08072916666666356,38.4
US.SMCI,Super Micro Computer,2026-09-10 07:50:00,38.36,38.3139,38.38,38.3,0.0,0.0,4736.0,181480.293,-0.1436055148687822,38.369
US.SMCI,Super Micro Computer,2026-09-10 07:55:00,38.31,38.23,38.31,38.19,0.0,0.0,16879.0,645844.43,-0.21898057884997316,38.3139
US.SMCI,Super Micro Computer,2026-09-10 08:00:00,38.191,38.2,38.25,38.11,0.0,0.0,6653.0,253941.382,-0.07847240387128965,38.23
US.SMCI,Super Micro Computer,2026-09-10 08:05:00,38.1988,38.15,38.1988,38.11,0.0,0.0,7393.0,281995.5,-0.1308900523560321,38.2
US.SMCI,Super Micro Computer,2026-09-10 08:10:00,38.1101,38.17,38.2,38.11,0.0,0.0,8716.0,332400.787,0.052424639580611075,38.15
US.SMCI,Super Micro Computer,2026-09-10 08:15:00,38.15,38.2445,38.2445,38.09,0.0,0.0,12995.0,495670.604,0.1951794603091445,38.17
US.SMCI,Super Micro Computer,2026-09-10 08:20:00,38.26,38.26,38.26,38.188,0.0,0.0,6099.0,233191.692,0.04052870347369125,38.2445
US.SMCI,Super Micro Computer,2026-09-10 08:25:00,38.2,38.1652,38.26,38.13,0.0,0.0,10517.0,401214.634,-0.24777835859905734,38.26
US.SMCI,Super Micro Computer,2026-09-10 08:30:00,38.12,38.22,38.24,38.1,0.0,0.0,10264.0,391224.838,0.1435863037531578,38.1652
US.SMCI,Super Micro Computer,2026-09-10 08:35:00,38.2,37.95,38.2,37.92,0.0,0.0,16137.0,613397.178,-0.7064364207221246,38.22
US.SMCI,Super Micro Computer,2026-09-10 08:40:00,37.93,37.91,37.9876,37.875,0.0,0.0,21539.0,816671.396,-0.10540184453229579,37.95
US.SMCI,Super Micro Computer,2026-09-10 08:45:00,37.86,37.99,37.99,37.85,0.0,0.0,20654.0,781999.322,0.21102611448168135,37.91
US.SMCI,Super Micro Computer,2026-09-10 08:50:00,37.9869,37.96,37.99,37.9,0.0,0.0,4385.0,166401.993,-0.07896814951303273,37.99
US.SMCI,Super Micro Computer,2026-09-10 08:55:00,37.96,37.91,37.99,37.85,0.0,0.0,4698.0,178148.965,-0.13171759747103334,37.96
US.SMCI,Super Micro Computer,2026-09-10 09:00:00,37.92,37.76,37.92,37.75,0.0,0.0,15176.0,573775.119,-0.3956739646531221,37.91
US.SMCI,Super Micro Computer,2026-09-10 09:05:00,37.75,37.7621,37.8,37.7,0.0,0.0,19959.0,753172.708,0.005561440677962549,37.76
US.SMCI,Super Micro Computer,2026-09-10 09:10:00,37.76,37.7901,37.8,37.71,0.0,0.0,10597.0,399977.836,0.0741484186525797,37.7621
US.SMCI,Super Micro Computer,2026-09-10 09:15:00,37.794,37.7,37.84,37.7,0.0,0.0,6860.0,258922.211,-0.23842223227776485,37.7901
US.SMCI,Super Micro Computer,2026-09-10 09:20:00,37.7062,37.58,37.79,37.5,0.0,0.0,73947.0,2784984.651,-0.31830238726791654,37.7
US.SMCI,Super Micro Computer,2026-09-10 09:25:00,37.69,37.56,37.75,37.55,0.0,0.0,19814.0,745199.516,-0.05321979776475791,37.58
US.SMCI,Super Micro Computer,2026-09-10 09:30:00,37.603,37.89,37.96,37.52,0.0,0.0,18840.0,711046.03,0.8785942492012734,37.56
US.SMCI,Super Micro Computer,2026-09-10 09:35:00,37.9,38.385,38.44,37.7601,0.0,0.0,1097092.0,41704411.299,1.306413301662701,37.89
US.SMCI,Super Micro Computer,2026-09-10 09:40:00,38.39,38.73,38.915,38.28,0.0,0.0,623964.0,24084769.704,0.8987885892926895,38.385
US.SMCI,Super Micro Computer,2026-09-10 09:45:00,38.74,39.08,39.12,38.6652,0.0,0.0,443827.0,17254862.964,0.9036922282468407,38.73
