code,name,time_key,open,close,high,low,pe_ratio,turnover_rate,volume,turnover,change_rate,last_close
US.SGOV,iShares 0-3 Month Treasury Bond ETF,2026-08-25 19:10:00,100.65,100.6485,100.65,100.64,0.0,0.0,10996.0,1106823.948,-0.0014903129657299176,100.65
US.SGOV,iShares 0-3 Month Treasury Bond ETF,2026-08-25 19:15:00,100.6497,100.6434,100.65,100.64,0.0,0.0,6723.0,676715.806,-0.005067139599694751,100.6485
US.SGOV,iShares 0-3 Month Treasury Bond ETF,2026-08-25 19:20:00,100.64,100.645,100.6498,100.64,0.0,0.0,10838.0,1090850.387,0.0015897714107395728,100.6434
US.SGOV,iShares 0-3 Month Treasury Bond ETF,2026-08-25 19:25:00,100.645,100.6415,100.645,100.64,0.0,0.0,3741.0,376590.005,-0.003477569675594914,100.645
US.SGOV,iShares 0-3 Month Treasury Bond ETF,2026-08-25 19:30:00,100.6415,100.645,100.65,100.6415,0.0,0.0,1375.0,138394.919,0.0034776906147091424,100.6415
US.SGOV,iShares 0-3 Month Treasury Bond ETF,2026-08-25 19:35:00,100.645,100.645,100.6485,100.64,0.0,0.0,3222.0,324327.644,0.0,100.645
US.SGOV,iShares 0-3 Month Treasury Bond ETF,2026-08-25 19:40:00,100.645,100.64,100.65,100.64,0.0,0.0,11872.0,1194917.695,-0.004967956679413237,100.645
US.SGOV,iShares 0-3 Month Treasury Bond ETF,2026-08-25 19:45:00,100.645,100.64,100.645,100.64,0.0,0.0,7990.0,804153.727,0.0,100.64
US.SGOV,iShares 0-3 Month Treasury Bond ETF,2026-08-25 19:50:00,100.64,100.6434,100.65,100.64,0.0,0.0,39346.0,3959932.984,0.0033783783783775654,100.64
US.SGOV,iShares 0-3 Month Treasury Bond ETF,2026-08-25 19:55:00,100.6434,100.6434,100.65,100.64,0.0,0.0,4901.0,493338.587,0.0,100.6434
US.SGOV,iShares 0-3 Month Treasury Bond ETF,2026-08-25 20:00:00,100.6498,100.6434,100.65,100.64,0.0,0.0,11866.0,1194268.828,0.0,100.6434
US.SGOV,iShares 0-3 Month Treasury Bond ETF,2026-08-26 04:05:00,100.65,100.65,100.66,100.64,0.0,0.0,65292.0,6571954.69,0.006557807069321917,100.6434
US.SGOV,iShares 0-3 Month Treasury Bond ETF,2026-08-26 04:10:00,100.65,100.66,100.66,100.65,0.0,0.0,16980.0,1709052.986,0.009935419771476309,100.65
US.SGOV,iShares 0-3 Month Treasury Bond ETF,2026-08-26 04:15:00,100.66,100.655,100.66,100.65,0.0,0.0,1565.0,157522.11,-0.004967216371940644,100.66
US.SGOV,iShares 0-3 Month Treasury Bond ETF,2026-08-26 04:20:00,100.655,100.6573,100.6574,100.65,0.0,0.0,1095.0,110317.015,0.0022850330336349886,100.655
US.SGOV,iShares 0-3 Month Treasury Bond ETF,2026-08-26 04:25:00,100.6573,100.65,100.6573,100.65,0.0,0.0,1152.0,115950.72,-0.007252330432070749,100.6573
US.SGOV,iShares 0-3 Month Treasury Bond ETF,2026-08-26 04:30:00,100.65,100.65,100.65,100.65,0.0,0.0,733.0,73778.112,0.0,100.65
US.SGOV,iShares 0-3 Month Treasury Bond ETF,2026-08-26 04:35:00,100.65,100.6574,100.66,100.65,0.0,0.0,2187.0,220138.143,0.00735221063088908,100.65
US.SGOV,iShares 0-3 Month Treasury Bond ETF,2026-08-26 04:40:00,100.6574,100.6574,100.6574,100.6574,0.0,0.0,491.0,49421.172,0.0,100.6574
US.SGOV,iShares 0-3 Month Treasury Bond ETF,2026-08-26 04:45:00,100.6574,100.6574,100.6574,100.6574,0.0,0.0,120.0,12078.338,0.0,100.6574
US.SGOV,iShares 0-3 Month Treasury Bond ETF,2026-08-26 04:50:00,100.6574,100.6575,100.6575,100.6525,0.0,0.0,758.0,76295.767,9.934689352528444e-05,100.6574
US.SGOV,iShares 0-3 Month Treasury Bond ETF,2026-08-26 04:55:00,100.6575,100.6575,100.6575,100.6575,0.0,0.0,112.0,11273.322,0.0,100.6575
US.SGOV,iShares 0-3 Month Treasury Bond ETF,2026-08-26 05:00:00,100.6575,100.65,100.6575,100.65,0.0,0.0,3593.0,361635.538,-0.007451009611795623,100.6575
US.SGOV,iShares 0-3 Month Treasury Bond ETF,2026-08-26 05:05:00,100.65,100.655,100.655,100.65,0.0,0.0,322.0,32410.652,0.0049677098857381545,100.65
US.SGOV,iShares 0-3 Month Treasury Bond ETF,2026-08-26 05:10:00,100.655,100.65,100.655,100.65,0.0,0.0,2622.0,263906.993,-0.0049674631165818415,100.655
US.SGOV,iShares 0-3 Month Treasury Bond ETF,2026-08-26 05:15:00,100.65,100.65,100.65,100.65,0.0,0.0,100.0,10065.399,0.0,100.65
US.SGOV,iShares 0-3 Month Treasury Bond ETF,2026-08-26 05:20:00,100.65,100.65,100.65,100.65,0.0,0.0,209.0,21036.101,0.0,100.65
US.SGOV,iShares 0-3 Month Treasury Bond ETF,2026-08-26 05:25:00,100.65,100.65,100.65,100.65,0.0,0.0,187.0,18822.023,0.0,100.65
US.SGOV,iShares 0-3 Month Treasury Bond ETF,2026-08-26 05:30:00,100.65,100.65,100.66,100.65,0.0,0.0,739.0,74385.828,0.0,100.65
US.SGOV,iShares 0-3 Month Treasury Bond ETF,2026-08-26 05:35:00,100.65,100.66,100.66,100.65,0.0,0.0,718.0,72271.807,0.009935419771476309,100.65
US.SGOV,iShares 0-3 Month Treasury Bond ETF,2026-08-26 05:40:00,100.66,100.6526,100.66,100.6526,0.0,0.0,485.0,48816.938,-0.007351480230468765,100.66
US.SGOV,iShares 0-3 Month Treasury Bond ETF,2026-08-26 05:45:00,100.6526,100.65,100.6526,100.65,0.0,0.0,261.0,26269.68,-0.002583142412616312,100.6526
US.SGOV,iShares 0-3 Month Treasury Bond ETF,2026-08-26 05:50:00,100.65,100.65,100.65,100.65,0.0,0.0,391.0,39354.785,0.0,100.65
US.SGOV,iShares 0-3 Month Treasury Bond ETF,2026-08-26 05:55:00,100.65,100.65,100.65,100.65,0.0,0.0,308.0,31000.205,0.0,100.65
US.SGOV,iShares 0-3 Month Treasury Bond ETF,2026-08-26 06:00:00,100.65,100.65,100.65,100.65,0.0,0.0,187.0,18822.823,0.0,100.65
US.SGOV,iShares 0-3 Month Treasury Bond ETF,2026-08-26 06:05:00,100.65,100.6574,100.66,100.65,0.0,0.0,959.0,96527.513,0.00735221063088908,100.65
US.SGOV,iShares 0-3 Month Treasury Bond ETF,2026-08-26 06:10:00,100.6574,100.65,100.6574,100.65,0.0,0.0,1294.0,130241.218,-0.007351670120616924,100.6574
US.SGOV,iShares 0-3 Month Treasury Bond ETF,2026-08-26 06:15:00,100.65,100.65,100.6527,100.65,0.0,0.0,531.0,53445.681,0.0,100.65
US.SGOV,iShares 0-3 Month Treasury Bond ETF,2026-08-26 06:20:00,100.65,100.655,100.655,100.65,0.0,0.0,758.0,76296.464,0.0049677098857381545,100.65
US.SGOV,iShares 0-3 Month Treasury Bond ETF,2026-08-26 06:25:00,100.655,100.6525,100.6573,100.6525,0.0,0.0,768.0,77301.898,-0.0024837315582909207,100.655
US.SGOV,iShares 0-3 Month Treasury Bond ETF,2026-08-26 06:30:00,100.655,100.655,100.6573,100.655,0.0,0.0,1686.0,169754.539,0.0024837932490476902,100.6525
US.SGOV,iShares 0-3 Month Treasury Bond ETF,2026-08-26 06:35:00,100.655,100.655,100.655,100.6526,0.0,0.0,1117.0,112431.226,0.0,100.655
US.SGOV,iShares 0-3 Month Treasury Bond ETF,2026-08-26 06:40:00,100.655,100.655,100.6574,100.6526,0.0,0.0,2183.0,219730.677,0.0,100.655
US.SGOV,iShares 0-3 Month Treasury Bond ETF,2026-08-26 06:45:00,100.655,100.66,100.66,100.65,0.0,0.0,3828.0,385296.192,0.0049674631165818415,100.655
US.SGOV,iShares 0-3 Month Treasury Bond ETF,2026-08-26 06:50:00,100.66,100.655,100.66,100.655,0.0,0.0,1704.0,171518.111,-0.004967216371940644,100.66
US.SGOV,iShares 0-3 Month Treasury Bond ETF,2026-08-26 06:55:00,100.655,100.655,100.655,100.655,0.0,0.0,124.0,12480.616,0.0,100.655
US.SGOV,iShares 0-3 Month Treasury Bond ETF,2026-08-26 07:00:00,100.655,100.6501,100.66,100.65,0.0,0.0,15992.0,1609602.394,-0.004868113854260935,100.655
US.SGOV,iShares 0-3 Month Treasury Bond ETF,2026-08-26 07:05:00,100.6501,100.65,100.66,100.65,0.0,0.0,5112.0,514552.051,-9.935409899156464e-05,100.6501
US.SGOV,iShares 0-3 Month Treasury Bond ETF,2026-08-26 07:10:00,100.65,100.6565,100.6565,100.65,0.0,0.0,3978.0,400488.765,0.006458022851453953,100.65
US.SGOV,iShares 0-3 Month Treasury Bond ETF,2026-08-26 07:15:00,100.6565,100.65,100.6585,100.65,0.0,0.0,5529.0,556515.468,-0.006457605817794583,100.6565
US.SGOV,iShares 0-3 Month Treasury Bond ETF,2026-08-26 07:20:00,100.65,100.65,100.655,100.65,0.0,0.0,3112.0,313304.668,0.0,100.65
US.SGOV,iShares 0-3 Month Treasury Bond ETF,2026-08-26 07:25:00,100.65,100.65,100.6527,100.65,0.0,0.0,2655.0,267231.0,0.0,100.65
US.SGOV,iShares 0-3 Month Treasury Bond ETF,2026-08-26 07:30:00,100.65,100.6585,100.6585,100.65,0.0,0.0,2595.0,261210.885,0.00844510680576051,100.65
US.SGOV,iShares 0-3 Month Treasury Bond ETF,2026-08-26 07:35:00,100.6585,100.6501,100.66,100.65,0.0,0.0,6718.0,676236.886,-0.00834504785985172,100.6585
US.SGOV,iShares 0-3 Month Treasury Bond ETF,2026-08-26 07:40:00,100.6501,100.6501,100.6565,100.65,0.0,0.0,7610.0,765986.133,0.0,100.6501
US.SGOV,iShares 0-3 Month Treasury Bond ETF,2026-08-26 07:45:00,100.6527,100.6502,100.6597,100.6502,0.0,0.0,956.0,96264.991,9.935409900568371e-05,100.6501
US.SGOV,iShares 0-3 Month Treasury Bond ETF,2026-08-26 07:50:00,100.6502,100.6527,100.6527,100.65,0.0,0.0,1129.0,113675.539,0.002483850007250583,100.6502
US.SGOV,iShares 0-3 Month Treasury Bond ETF,2026-08-26 07:55:00,100.6527,100.6528,100.655,100.65,0.0,0.0,2812.0,283074.482,9.935153255036345e-05,100.6527
US.SGOV,iShares 0-3 Month Treasury Bond ETF,2026-08-26 08:00:00,100.6528,100.65,100.6565,100.65,0.0,0.0,1609.0,162044.245,-0.0027818401475105258,100.6528
US.SGOV,iShares 0-3 Month Treasury Bond ETF,2026-08-26 08:05:00,100.65,100.65,100.66,100.65,0.0,0.0,5677.0,571462.048,0.0,100.65
US.SGOV,iShares 0-3 Month Treasury Bond ETF,2026-08-26 08:10:00,100.65,100.6563,100.6563,100.65,0.0,0.0,5423.0,545918.239,0.006259314456031768,100.65
US.SGOV,iShares 0-3 Month Treasury Bond ETF,2026-08-26 08:15:00,100.6563,100.6565,100.66,100.65,0.0,0.0,8568.0,862463.707,0.00019869595841733547,100.6563
US.SGOV,iShares 0-3 Month Treasury Bond ETF,2026-08-26 08:20:00,100.6565,100.65,100.66,100.65,0.0,0.0,8817.0,887563.22,-0.006457605817794583,100.6565
US.SGOV,iShares 0-3 Month Treasury Bond ETF,2026-08-26 08:25:00,100.65,100.6599,100.66,100.65,0.0,0.0,3785.0,381047.315,0.009836065573758157,100.65
US.SGOV,iShares 0-3 Month Treasury Bond ETF,2026-08-26 08:30:00,100.6599,100.6502,100.66,100.65,0.0,0.0,8648.0,870511.673,-0.009636409334794847,100.6599
US.SGOV,iShares 0-3 Month Treasury Bond ETF,2026-08-26 08:35:00,100.6526,100.6501,100.6526,100.65,0.0,0.0,3313.0,333482.968,-9.935400029341189e-05,100.6502
US.SGOV,iShares 0-3 Month Treasury Bond ETF,2026-08-26 08:40:00,100.66,100.6592,100.66,100.65,0.0,0.0,18225.0,1834481.124,0.009041223009220717,100.6501
US.SGOV,iShares 0-3 Month Treasury Bond ETF,2026-08-26 08:45:00,100.6592,100.655,100.66,100.65,0.0,0.0,3639.0,366340.633,-0.004172494913527345,100.6592
US.SGOV,iShares 0-3 Month Treasury Bond ETF,2026-08-26 08:50:00,100.66,100.6564,100.66,100.65,0.0,0.0,10026.0,1009224.598,0.0013908896726479983,100.655
US.SGOV,iShares 0-3 Month Treasury Bond ETF,2026-08-26 08:55:00,100.6564,100.6526,100.6566,100.65,0.0,0.0,4351.0,437992.724,-0.0037752194594663125,100.6564
US.SGOV,iShares 0-3 Month Treasury Bond ETF,2026-08-26 09:00:00,100.6525,100.6599,100.66,100.65,0.0,0.0,5894.0,593259.525,0.0072526690815602765,100.6526
US.SGOV,iShares 0-3 Month Treasury Bond ETF,2026-08-26 09:05:00,100.6599,100.655,100.66,100.65,0.0,0.0,8661.0,871831.992,-0.004867876880457991,100.6599
US.SGOV,iShares 0-3 Month Treasury Bond ETF,2026-08-26 09:10:00,100.655,100.6503,100.66,100.65,0.0,0.0,16385.0,1649223.208,-0.004669415329590884,100.655
US.SGOV,iShares 0-3 Month Treasury Bond ETF,2026-08-26 09:15:00,100.6503,100.6563,100.6599,100.65,0.0,0.0,6467.0,651024.159,0.005961234094682507,100.6503
US.SGOV,iShares 0-3 Month Treasury Bond ETF,2026-08-26 09:20:00,100.6563,100.655,100.66,100.65,0.0,0.0,9846.0,991093.531,-0.0012915237297620942,100.6563
US.SGOV,iShares 0-3 Month Treasury Bond ETF,2026-08-26 09:25:00,100.655,100.655,100.66,100.65,0.0,0.0,4957.0,499036.713,0.0,100.655
US.SGOV,iShares 0-3 Month Treasury Bond ETF,2026-08-26 09:30:00,100.655,100.6501,100.6585,100.65,0.0,0.0,2885.0,290422.654,-0.004868113854260935,100.655
US.SGOV,iShares 0-3 Month Treasury Bond ETF,2026-08-26 09:35:00,100.65,100.6599,100.66,100.65,0.0,0.0,856438.0,86202622.466,0.009736701702232266,100.6501
US.SGOV,iShares 0-3 Month Treasury Bond ETF,2026-08-26 09:40:00,100.66,100.655,100.66,100.65,0.0,0.0,394155.0,39673183.606,-0.004867876880457991,100.6599
US.SGOV,iShares 0-3 Month Treasury Bond ETF,2026-08-26 09:45:00,100.6523,100.655,100.66,100.65,0.0,0.0,262445.0,26416014.012,0.0,100.655
US.SGOV,iShares 0-3 Month Treasury Bond ETF,2026-08-26 09:50:00,100.6523,100.65,100.66,100.65,0.0,0.0,211050.0,21243188.616,-0.0049674631165818415,100.655
US.SGOV,iShares 0-3 Month Treasury Bond ETF,2026-08-26 09:55:00,100.655,100.655,100.66,100.65,0.0,0.0,251368.0,25300926.185,0.0049677098857381545,100.65
US.SGOV,iShares 0-3 Month Treasury Bond ETF,2026-08-26 10:00:00,100.655,100.655,100.66,100.65,0.0,0.0,161556.0,16261349.941,0.0,100.655
US.SGOV,iShares 0-3 Month Treasury Bond ETF,2026-08-26 10:05:00,100.655,100.66,100.66,100.65,0.0,0.0,192401.0,19365923.841,0.0049674631165818415,100.655
US.SGOV,iShares 0-3 Month Treasury Bond ETF,2026-08-26 10:10:00,100.65,100.65,100.66,100.65,0.0,0.0,216493.0,21791010.086,-0.009934432743881288,100.66
US.SGOV,iShares 0-3 Month Treasury Bond ETF,2026-08-26 10:15:00,100.655,100.66,100.66,100.65,0.0,0.0,284332.0,28619858.501,0.009935419771476309,100.65
US.SGOV,iShares 0-3 Month Treasury Bond ETF,2026-08-26 10:20:00,100.66,100.651,100.66,100.65,0.0,0.0,157321.0,15835123.801,-0.00894098946950163,100.66
US.SGOV,iShares 0-3 Month Treasury Bond ETF,2026-08-26 10:25:00,100.66,100.6569,100.66,100.65,0.0,0.0,226409.0,22789419.41,0.005861839425337957,100.651
US.SGOV,iShares 0-3 Month Treasury Bond ETF,2026-08-26 10:30:00,100.66,100.66,100.66,100.65,0.0,0.0,169672.0,17078390.749,0.0030797689974591245,100.6569
US.SGOV,iShares 0-3 Month Treasury Bond ETF,2026-08-26 10:35:00,100.66,100.655,100.66,100.65,0.0,0.0,99206.0,9985690.365,-0.004967216371940644,100.66
US.SGOV,iShares 0-3 Month Treasury Bond ETF,2026-08-26 10:40:00,100.66,100.655,100.66,100.65,0.0,0.0,166724.0,16781808.228,0.0,100.655
US.SGOV,iShares 0-3 Month Treasury Bond ETF,2026-08-26 10:45:00,100.6502,100.6501,100.66,100.65,0.0,0.0,252657.0,25430782.697,-0.004868113854260935,100.655
US.SGOV,iShares 0-3 Month Treasury Bond ETF,2026-08-26 10:50:00,100.6599,100.65,100.66,100.65,0.0,0.0,367695.0,37009199.337,-9.935409899156464e-05,100.6501
US.SGOV,iShares 0-3 Month Treasury Bond ETF,2026-08-26 10:55:00,100.65,100.655,100.66,100.65,0.0,0.0,118595.0,11937244.1,0.0049677098857381545,100.65
US.SGOV,iShares 0-3 Month Treasury Bond ETF,2026-08-26 11:00:00,100.65,100.655,100.66,100.65,0.0,0.0,125408.0,12622684.811,0.0,100.655
US.SGOV,iShares 0-3 Month Treasury Bond ETF,2026-08-26 11:05:00,100.655,100.6599,100.66,100.65,0.0,0.0,125936.0,12675912.998,0.004868113854246817,100.655
US.SGOV,iShares 0-3 Month Treasury Bond ETF,2026-08-26 11:10:00,100.66,100.6577,100.66,100.65,0.0,0.0,197679.0,19897276.015,-0.0021855773748908625,100.6599
US.SGOV,iShares 0-3 Month Treasury Bond ETF,2026-08-26 11:15:00,100.655,100.655,100.66,100.65,0.0,0.0,142505.0,14343856.372,-0.002682358130579544,100.6577
US.SGOV,iShares 0-3 Month Treasury Bond ETF,2026-08-26 11:20:00,100.655,100.6577,100.66,100.65,0.0,0.0,149488.0,15046735.989,0.0026824300829609714,100.655
US.SGOV,iShares 0-3 Month Treasury Bond ETF,2026-08-26 11:25:00,100.655,100.66,100.66,100.65,0.0,0.0,150997.0,15198623.05,0.0022849717408515067,100.6577
US.SGOV,iShares 0-3 Month Treasury Bond ETF,2026-08-26 11:30:00,100.65,100.66,100.66,100.65,0.0,0.0,137840.0,13874197.317,0.0,100.66
US.SGOV,iShares 0-3 Month Treasury Bond ETF,2026-08-26 11:35:00,100.6599,100.655,100.66,100.65,0.0,0.0,136077.0,13696860.106,-0.004967216371940644,100.66
US.SGOV,iShares 0-3 Month Treasury Bond ETF,2026-08-26 11:40:00,100.6524,100.655,100.66,100.65,0.0,0.0,136203.0,13709524.469,0.0,100.655
US.SGOV,iShares 0-3 Month Treasury Bond ETF,2026-08-26 11:45:00,100.6529,100.6529,100.66,100.65,0.0,0.0,208562.0,20992392.698,-0.0020863345089649384,100.655
US.SGOV,iShares 0-3 Month Treasury Bond ETF,2026-08-26 11:50:00,100.655,100.655,100.66,100.65,0.0,0.0,165588.0,16667197.86,0.002086378037789928,100.6529
US.SGOV,iShares 0-3 Month Treasury Bond ETF,2026-08-26 11:55:00,100.655,100.65,100.66,100.65,0.0,0.0,447336.0,45027010.223,-0.0049674631165818415,100.655
US.SGOV,iShares 0-3 Month Treasury Bond ETF,2026-08-26 12:00:00,100.65,100.65,100.66,100.65,0.0,0.0,120169.0,12095611.058,0.0,100.65
US.SGOV,iShares 0-3 Month Treasury Bond ETF,2026-08-26 12:05:00,100.655,100.655,100.66,100.65,0.0,0.0,258828.0,26052865.915,0.0049677098857381545,100.65
US.SGOV,iShares 0-3 Month Treasury Bond ETF,2026-08-26 12:10:00,100.655,100.655,100.66,100.65,0.0,0.0,125438.0,12625903.963,0.0,100.655
US.SGOV,iShares 0-3 Month Treasury Bond ETF,2026-08-26 12:15:00,100.655,100.655,100.66,100.65,0.0,0.0,130743.0,13159996.668,0.0,100.655
US.SGOV,iShares 0-3 Month Treasury Bond ETF,2026-08-26 12:20:00,100.655,100.655,100.66,100.65,0.0,0.0,83243.0,8378877.404,0.0,100.655
US.SGOV,iShares 0-3 Month Treasury Bond ETF,2026-08-26 12:25:00,100.6529,100.655,100.66,100.65,0.0,0.0,80575.0,8110190.426,0.0,100.655
US.SGOV,iShares 0-3 Month Treasury Bond ETF,2026-08-26 12:30:00,100.655,100.6578,100.66,100.65,0.0,0.0,141143.0,14206603.923,0.002781779345281878,100.655
US.SGOV,iShares 0-3 Month Treasury Bond ETF,2026-08-26 12:35:00,100.66,100.6501,100.66,100.65,0.0,0.0,111242.0,11197286.799,-0.007649680402313401,100.6578
US.SGOV,iShares 0-3 Month Treasury Bond ETF,2026-08-26 12:40:00,100.6505,100.6595,100.66,100.65,0.0,0.0,64792.0,6521738.198,0.00933928530622365,100.6501
US.SGOV,iShares 0-3 Month Treasury Bond ETF,2026-08-26 12:45:00,100.65,100.6569,100.66,100.65,0.0,0.0,92732.0,9333960.016,-0.002582965343560266,100.6595
US.SGOV,iShares 0-3 Month Treasury Bond ETF,2026-08-26 12:50:00,100.655,100.65,100.66,100.65,0.0,0.0,85889.0,8645134.176,-0.006854969704001884,100.6569
US.SGOV,iShares 0-3 Month Treasury Bond ETF,2026-08-26 12:55:00,100.65,100.655,100.66,100.65,0.0,0.0,81985.0,8252197.684,0.0049677098857381545,100.65
US.SGOV,iShares 0-3 Month Treasury Bond ETF,2026-08-26 13:00:00,100.66,100.6599,100.66,100.65,0.0,0.0,116495.0,11725524.232,0.004868113854246817,100.655
US.SGOV,iShares 0-3 Month Treasury Bond ETF,2026-08-26 13:05:00,100.655,100.65,100.66,100.65,0.0,0.0,125676.0,12649749.383,-0.009835098187051234,100.6599
US.SGOV,iShares 0-3 Month Treasury Bond ETF,2026-08-26 13:10:00,100.66,100.655,100.66,100.65,0.0,0.0,98935.0,9958236.914,0.0049677098857381545,100.65
US.SGOV,iShares 0-3 Month Treasury Bond ETF,2026-08-26 13:15:00,100.655,100.655,100.66,100.65,0.0,0.0,135230.0,13611575.72,0.0,100.655
US.SGOV,iShares 0-3 Month Treasury Bond ETF,2026-08-26 13:20:00,100.655,100.65,100.66,100.65,0.0,0.0,417283.0,42002399.664,-0.0049674631165818415,100.655
US.SGOV,iShares 0-3 Month Treasury Bond ETF,2026-08-26 13:25:00,100.66,100.655,100.66,100.65,0.0,0.0,499621.0,50290860.502,0.0049677098857381545,100.65
US.SGOV,iShares 0-3 Month Treasury Bond ETF,2026-08-26 13:30:00,100.6533,100.655,100.66,100.65,0.0,0.0,82855.0,8339875.893,0.0,100.655
US.SGOV,iShares 0-3 Month Treasury Bond ETF,2026-08-26 13:35:00,100.655,100.6577,100.66,100.65,0.0,0.0,118207.0,11898259.456,0.0026824300829609714,100.655
US.SGOV,iShares 0-3 Month Treasury Bond ETF,2026-08-26 13:40:00,100.655,100.6523,100.66,100.65,0.0,0.0,86264.0,8682900.411,-0.005364716261159088,100.6577
US.SGOV,iShares 0-3 Month Treasury Bond ETF,2026-08-26 13:45:00,100.655,100.655,100.66,100.65,0.0,0.0,100492.0,10115062.931,0.002682502039202647,100.6523
US.SGOV,iShares 0-3 Month Treasury Bond ETF,2026-08-26 13:50:00,100.655,100.6523,100.66,100.65,0.0,0.0,106013.0,10670906.647,-0.0026824300829609714,100.655
US.SGOV,iShares 0-3 Month Treasury Bond ETF,2026-08-26 13:55:00,100.655,100.6578,100.66,100.65,0.0,0.0,71311.0,7177784.136,0.005464356005772188,100.6523
US.SGOV,iShares 0-3 Month Treasury Bond ETF,2026-08-26 14:00:00,100.66,100.65,100.66,100.65,0.0,0.0,100036.0,10069244.55,-0.007749026901033926,100.6578
US.SGOV,iShares 0-3 Month Treasury Bond ETF,2026-08-26 14:05:00,100.6522,100.655,100.66,100.65,0.0,0.0,135890.0,13677996.781,0.0049677098857381545,100.65
US.SGOV,iShares 0-3 Month Treasury Bond ETF,2026-08-26 14:10:00,100.6522,100.6529,100.66,100.65,0.0,0.0,114862.0,11561462.919,-0.0020863345089649384,100.655
US.SGOV,iShares 0-3 Month Treasury Bond ETF,2026-08-26 14:15:00,100.6577,100.655,100.66,100.65,0.0,0.0,85582.0,8614345.824,0.002086378037789928,100.6529
US.SGOV,iShares 0-3 Month Treasury Bond ETF,2026-08-26 14:20:00,100.655,100.66,100.66,100.65,0.0,0.0,87017.0,8758798.677,0.0049674631165818415,100.655
US.SGOV,iShares 0-3 Month Treasury Bond ETF,2026-08-26 14:25:00,100.6501,100.655,100.66,100.65,0.0,0.0,100517.0,10117612.785,-0.004967216371940644,100.66
US.SGOV,iShares 0-3 Month Treasury Bond ETF,2026-08-26 14:30:00,100.6529,100.655,100.66,100.65,0.0,0.0,95995.0,9662468.425,0.0,100.655
US.SGOV,iShares 0-3 Month Treasury Bond ETF,2026-08-26 14:35:00,100.6578,100.655,100.66,100.65,0.0,0.0,87595.0,8816743.803,0.0,100.655
US.SGOV,iShares 0-3 Month Treasury Bond ETF,2026-08-26 14:40:00,100.66,100.6571,100.66,100.65,0.0,0.0,111878.0,11261237.701,0.0020863345089649384,100.655
US.SGOV,iShares 0-3 Month Treasury Bond ETF,2026-08-26 14:45:00,100.655,100.6597,100.66,100.65,0.0,0.0,190376.0,19162560.763,0.0025830269300437286,100.6571
US.SGOV,iShares 0-3 Month Treasury Bond ETF,2026-08-26 14:50:00,100.65,100.6523,100.66,100.65,0.0,0.0,97585.0,9822399.551,-0.007351502140383957,100.6597
US.SGOV,iShares 0-3 Month Treasury Bond ETF,2026-08-26 14:55:00,100.6501,100.655,100.66,100.65,0.0,0.0,122859.0,12366531.911,0.002682502039202647,100.6523
US.SGOV,iShares 0-3 Month Treasury Bond ETF,2026-08-26 15:00:00,100.655,100.65,100.66,100.65,0.0,0.0,73937.0,7442118.519,-0.0049674631165818415,100.655
US.SGOV,iShares 0-3 Month Treasury Bond ETF,2026-08-26 15:05:00,100.655,100.655,100.66,100.65,0.0,0.0,148632.0,14960703.199,0.0049677098857381545,100.65
US.SGOV,iShares 0-3 Month Treasury Bond ETF,2026-08-26 15:10:00,100.655,100.6578,100.66,100.65,0.0,0.0,306016.0,30801133.874,0.002781779345281878,100.655
US.SGOV,iShares 0-3 Month Treasury Bond ETF,2026-08-26 15:15:00,100.655,100.6578,100.66,100.65,0.0,0.0,152105.0,15310217.581,0.0,100.6578
US.SGOV,iShares 0-3 Month Treasury Bond ETF,2026-08-26 15:20:00,100.655,100.6529,100.66,100.65,0.0,0.0,74688.0,7517762.443,-0.0048679784378281,100.6578
US.SGOV,iShares 0-3 Month Treasury Bond ETF,2026-08-26 15:25:00,100.6577,100.6599,100.66,100.65,0.0,0.0,111190.0,11191782.445,0.0069545934592950545,100.6529
US.SGOV,iShares 0-3 Month Treasury Bond ETF,2026-08-26 15:30:00,100.655,100.65,100.66,100.65,0.0,0.0,126783.0,12761177.371,-0.009835098187051234,100.6599
US.SGOV,iShares 0-3 Month Treasury Bond ETF,2026-08-26 15:35:00,100.66,100.652,100.66,100.65,0.0,0.0,127391.0,12822571.835,0.0019870839542924378,100.65
US.SGOV,iShares 0-3 Month Treasury Bond ETF,2026-08-26 15:40:00,100.6571,100.65,100.66,100.65,0.0,0.0,132486.0,13335376.304,-0.001987044470050609,100.652
US.SGOV,iShares 0-3 Month Treasury Bond ETF,2026-08-26 15:45:00,100.6501,100.658,100.66,100.65,0.0,0.0,127272.0,12810680.309,0.00794833581718387,100.65
US.SGOV,iShares 0-3 Month Treasury Bond ETF,2026-08-26 15:50:00,100.655,100.6529,100.66,100.65,0.0,0.0,174695.0,17584269.821,-0.005066661368196042,100.658
US.SGOV,iShares 0-3 Month Treasury Bond ETF,2026-08-26 15:55:00,100.655,100.655,100.66,100.65,0.0,0.0,173053.0,17418638.936,0.002086378037789928,100.6529
US.SGOV,iShares 0-3 Month Treasury Bond ETF,2026-08-26 16:00:00,100.655,100.65,100.66,100.65,0.0,0.0,697507.0,70205374.065,-0.0049674631165818415,100.655
US.SGOV,iShares 0-3 Month Treasury Bond ETF,2026-08-26 16:05:00,100.66,100.655,100.66,100.65,0.0,0.0,25051.0,2521499.256,0.0049677098857381545,100.65
US.SGOV,iShares 0-3 Month Treasury Bond ETF,2026-08-26 16:10:00,100.65,100.6585,100.6598,100.65,0.0,0.0,13549.0,1363847.019,0.003477224181612936,100.655
US.SGOV,iShares 0-3 Month Treasury Bond ETF,2026-08-26 16:15:00,100.6515,100.6565,100.66,100.65,0.0,0.0,10935.0,1100663.912,-0.001986916157114948,100.6585
US.SGOV,iShares 0-3 Month Treasury Bond ETF,2026-08-26 16:20:00,100.6565,100.6515,100.6598,100.65,0.0,0.0,12812.0,1289588.94,-0.004967389090615561,100.6565
US.SGOV,iShares 0-3 Month Treasury Bond ETF,2026-08-26 16:25:00,100.6515,100.6534,100.66,100.65,0.0,0.0,21320.0,2145968.159,0.00188770162392635,100.6515
US.SGOV,iShares 0-3 Month Treasury Bond ETF,2026-08-26 16:30:00,100.6534,100.6534,100.66,100.65,0.0,0.0,8531.0,858715.183,0.0,100.6534
US.SGOV,iShares 0-3 Month Treasury Bond ETF,2026-08-26 16:35:00,100.6534,100.6501,100.66,100.65,0.0,0.0,15635.0,1573841.144,-0.0032785777728423205,100.6534
US.SGOV,iShares 0-3 Month Treasury Bond ETF,2026-08-26 16:40:00,100.6501,100.6599,100.66,100.65,0.0,0.0,8745.0,880288.264,0.009736701702232266,100.6501
US.SGOV,iShares 0-3 Month Treasury Bond ETF,2026-08-26 16:45:00,100.6599,100.6534,100.66,100.65,0.0,0.0,7950.0,800268.023,-0.00645738769856557,100.6599
US.SGOV,iShares 0-3 Month Treasury Bond ETF,2026-08-26 16:50:00,100.6534,100.65,100.66,100.65,0.0,0.0,11342.0,1141656.418,-0.00337792861443248,100.6534
US.SGOV,iShares 0-3 Month Treasury Bond ETF,2026-08-26 16:55:00,100.6564,100.6585,100.6585,100.65,0.0,0.0,15014.0,1511225.283,0.00844510680576051,100.65
US.SGOV,iShares 0-3 Month Treasury Bond ETF,2026-08-26 17:00:00,100.6585,100.6585,100.66,100.65,0.0,0.0,5993.0,603234.559,0.0,100.6585
US.SGOV,iShares 0-3 Month Treasury Bond ETF,2026-08-26 17:05:00,100.6585,100.65,100.6585,100.65,0.0,0.0,5194.0,522800.549,-0.008444393667696174,100.6585
US.SGOV,iShares 0-3 Month Treasury Bond ETF,2026-08-26 17:10:00,100.65,100.65,100.6585,100.65,0.0,0.0,15026.0,1512480.035,0.0,100.65
US.SGOV,iShares 0-3 Month Treasury Bond ETF,2026-08-26 17:15:00,100.65,100.65,100.66,100.65,0.0,0.0,27906.0,2808784.991,0.0,100.65
US.SGOV,iShares 0-3 Month Treasury Bond ETF,2026-08-26 17:20:00,100.65,100.655,100.6566,100.65,0.0,0.0,14714.0,1480969.528,0.0049677098857381545,100.65
US.SGOV,iShares 0-3 Month Treasury Bond ETF,2026-08-26 17:25:00,100.655,100.6515,100.66,100.65,0.0,0.0,40686.0,4095152.111,-0.003477224181612936,100.655
US.SGOV,iShares 0-3 Month Treasury Bond ETF,2026-08-26 17:30:00,100.6515,100.6501,100.66,100.65,0.0,0.0,8633.0,868950.559,-0.0013909380386818305,100.6515
US.SGOV,iShares 0-3 Month Treasury Bond ETF,2026-08-26 17:35:00,100.6501,100.6585,100.66,100.65,0.0,0.0,32002.0,3221203.729,0.00834574431620917,100.6501
US.SGOV,iShares 0-3 Month Treasury Bond ETF,2026-08-26 17:40:00,100.66,100.6501,100.66,100.65,0.0,0.0,13571.0,1366057.63,-0.00834504785985172,100.6585
US.SGOV,iShares 0-3 Month Treasury Bond ETF,2026-08-26 17:45:00,100.6501,100.65,100.66,100.65,0.0,0.0,4453.0,448261.425,-9.935409899156464e-05,100.6501
US.SGOV,iShares 0-3 Month Treasury Bond ETF,2026-08-26 17:50:00,100.65,100.65,100.66,100.65,0.0,0.0,10261.0,1032884.499,0.0,100.65
US.SGOV,iShares 0-3 Month Treasury Bond ETF,2026-08-26 17:55:00,100.65,100.655,100.66,100.65,0.0,0.0,8051.0,810448.336,0.0049677098857381545,100.65
US.SGOV,iShares 0-3 Month Treasury Bond ETF,2026-08-26 18:00:00,100.655,100.65,100.66,100.65,0.0,0.0,6985.0,703137.119,-0.0049674631165818415,100.655
US.SGOV,iShares 0-3 Month Treasury Bond ETF,2026-08-26 18:05:00,100.65,100.65,100.66,100.65,0.0,0.0,25959.0,2612893.318,0.0,100.65
US.SGOV,iShares 0-3 Month Treasury Bond ETF,2026-08-26 18:10:00,100.65,100.6501,100.66,100.65,0.0,0.0,10351.0,1041889.51,9.935419770403257e-05,100.65
US.SGOV,iShares 0-3 Month Treasury Bond ETF,2026-08-26 18:15:00,100.6501,100.65,100.6566,100.65,0.0,0.0,11007.0,1107939.502,-9.935409899156464e-05,100.6501
US.SGOV,iShares 0-3 Month Treasury Bond ETF,2026-08-26 18:20:00,100.65,100.65,100.66,100.65,0.0,0.0,11080.0,1115280.213,0.0,100.65
US.SGOV,iShares 0-3 Month Treasury Bond ETF,2026-08-26 18:25:00,100.6566,100.6515,100.66,100.65,0.0,0.0,14479.0,1457404.525,0.0014903129657157987,100.65
US.SGOV,iShares 0-3 Month Treasury Bond ETF,2026-08-26 18:30:00,100.6515,100.6502,100.66,100.65,0.0,0.0,10355.0,1042262.16,-0.0012915853216301028,100.6515
US.SGOV,iShares 0-3 Month Treasury Bond ETF,2026-08-26 18:35:00,100.6566,100.66,100.66,100.65,0.0,0.0,3471.0,349397.456,0.009736692028429627,100.6502
US.SGOV,iShares 0-3 Month Treasury Bond ETF,2026-08-26 18:40:00,100.66,100.65,100.66,100.65,0.0,0.0,39771.0,4003151.115,-0.009934432743881288,100.66
US.SGOV,iShares 0-3 Month Treasury Bond ETF,2026-08-26 18:45:00,100.65,100.6566,100.6585,100.65,0.0,0.0,6485.0,652779.519,0.006557377049172104,100.65
US.SGOV,iShares 0-3 Month Treasury Bond ETF,2026-08-26 18:50:00,100.6566,100.6503,100.6585,100.65,0.0,0.0,11046.0,1111844.306,-0.006258904036094977,100.6566
US.SGOV,iShares 0-3 Month Treasury Bond ETF,2026-08-26 18:55:00,100.6503,100.65,100.66,100.65,0.0,0.0,6356.0,639766.939,-0.00029806170472988964,100.6503
US.SGOV,iShares 0-3 Month Treasury Bond ETF,2026-08-26 19:00:00,100.65,100.6566,100.66,100.65,0.0,0.0,11760.0,1183717.129,0.006557377049172104,100.65
US.SGOV,iShares 0-3 Month Treasury Bond ETF,2026-08-26 19:05:00,100.6566,100.65,100.6598,100.65,0.0,0.0,6102.0,614190.771,-0.006556947085428798,100.6566
US.SGOV,iShares 0-3 Month Treasury Bond ETF,2026-08-26 19:10:00,100.65,100.66,100.66,100.65,0.0,0.0,4374.0,440288.811,0.009935419771476309,100.65
US.SGOV,iShares 0-3 Month Treasury Bond ETF,2026-08-26 19:15:00,100.65,100.65,100.66,100.65,0.0,0.0,10301.0,1036910.577,-0.009934432743881288,100.66
US.SGOV,iShares 0-3 Month Treasury Bond ETF,2026-08-26 19:20:00,100.65,100.6566,100.6598,100.65,0.0,0.0,5044.0,507716.793,0.006557377049172104,100.65
US.SGOV,iShares 0-3 Month Treasury Bond ETF,2026-08-26 19:25:00,100.65,100.65,100.66,100.65,0.0,0.0,21700.0,2184215.05,-0.006556947085428798,100.6566
US.SGOV,iShares 0-3 Month Treasury Bond ETF,2026-08-26 19:30:00,100.65,100.6565,100.6565,100.65,0.0,0.0,4638.0,466883.255,0.006458022851453953,100.65
US.SGOV,iShares 0-3 Month Treasury Bond ETF,2026-08-26 19:35:00,100.6565,100.6501,100.6585,100.65,0.0,0.0,5461.0,549683.926,-0.006358258035993001,100.6565
US.SGOV,iShares 0-3 Month Treasury Bond ETF,2026-08-26 19:40:00,100.65,100.65,100.66,100.65,0.0,0.0,15247.0,1534623.782,-9.935409899156464e-05,100.6501
US.SGOV,iShares 0-3 Month Treasury Bond ETF,2026-08-26 19:45:00,100.65,100.6585,100.66,100.65,0.0,0.0,6395.0,643687.516,0.00844510680576051,100.65
US.SGOV,iShares 0-3 Month Treasury Bond ETF,2026-08-26 19:50:00,100.6585,100.65,100.66,100.65,0.0,0.0,20620.0,2075447.528,-0.008444393667696174,100.6585
US.SGOV,iShares 0-3 Month Treasury Bond ETF,2026-08-26 19:55:00,100.6566,100.6502,100.66,100.65,0.0,0.0,33224.0,3344034.302,0.00019870839542218425,100.65
US.SGOV,iShares 0-3 Month Treasury Bond ETF,2026-08-26 20:00:00,100.6598,100.6566,100.66,100.65,0.0,0.0,36049.0,3628426.747,0.006358656018566575,100.6502
US.SGOV,iShares 0-3 Month Treasury Bond ETF,2026-08-27 04:05:00,100.66,100.6627,100.67,100.66,0.0,0.0,211975.0,21337610.922,0.006060208669877134,100.6566
US.SGOV,iShares 0-3 Month Treasury Bond ETF,2026-08-27 04:10:00,100.6627,100.665,100.67,100.6627,0.0,0.0,3245.0,326665.002,0.0022848582444195296,100.6627
US.SGOV,iShares 0-3 Month Treasury Bond ETF,2026-08-27 04:15:00,100.665,100.66,100.67,100.66,0.0,0.0,6589.0,663260.262,-0.004966969651825026,100.665
US.SGOV,iShares 0-3 Month Treasury Bond ETF,2026-08-27 04:20:00,100.66,100.6628,100.665,100.66,0.0,0.0,2100.0,211416.649,0.0027816411682969255,100.66
US.SGOV,iShares 0-3 Month Treasury Bond ETF,2026-08-27 04:25:00,100.6628,100.6674,100.6674,100.6601,0.0,0.0,6949.0,699492.184,0.004569711949197106,100.6628
US.SGOV,iShares 0-3 Month Treasury Bond ETF,2026-08-27 04:30:00,100.6674,100.66,100.67,100.66,0.0,0.0,4601.0,463159.112,-0.007350939827594703,100.6674
US.SGOV,iShares 0-3 Month Treasury Bond ETF,2026-08-27 04:35:00,100.66,100.665,100.6674,100.66,0.0,0.0,54055.0,5441179.503,0.004967216371954762,100.66
US.SGOV,iShares 0-3 Month Treasury Bond ETF,2026-08-27 04:40:00,100.665,100.66,100.665,100.66,0.0,0.0,54591.0,5495138.463,-0.004966969651825026,100.665
US.SGOV,iShares 0-3 Month Treasury Bond ETF,2026-08-27 04:45:00,100.66,100.66,100.665,100.66,0.0,0.0,9724.0,978851.873,0.0,100.66
US.SGOV,iShares 0-3 Month Treasury Bond ETF,2026-08-27 04:50:00,100.66,100.6673,100.6673,100.66,0.0,0.0,3720.0,374457.883,0.007252135903040682,100.66
US.SGOV,iShares 0-3 Month Treasury Bond ETF,2026-08-27 04:55:00,100.66,100.665,100.665,100.66,0.0,0.0,4677.0,470789.11,-0.002284753837632565,100.6673
US.SGOV,iShares 0-3 Month Treasury Bond ETF,2026-08-27 05:00:00,100.665,100.665,100.6675,100.66,0.0,0.0,2880.0,289940.401,0.0,100.665
US.SGOV,iShares 0-3 Month Treasury Bond ETF,2026-08-27 05:05:00,100.665,100.66,100.6675,100.66,0.0,0.0,4526.0,455685.258,-0.004966969651825026,100.665
US.SGOV,iShares 0-3 Month Treasury Bond ETF,2026-08-27 05:10:00,100.66,100.6674,100.6674,100.66,0.0,0.0,2622.0,263942.04,0.007351480230482883,100.66
US.SGOV,iShares 0-3 Month Treasury Bond ETF,2026-08-27 05:15:00,100.6674,100.66,100.6675,100.66,0.0,0.0,6589.0,663361.098,-0.007350939827594703,100.6674
US.SGOV,iShares 0-3 Month Treasury Bond ETF,2026-08-27 05:20:00,100.66,100.66,100.665,100.66,0.0,0.0,4084.0,411139.602,0.0,100.66
US.SGOV,iShares 0-3 Month Treasury Bond ETF,2026-08-27 05:25:00,100.66,100.665,100.665,100.66,0.0,0.0,17002.0,1711437.852,0.004967216371954762,100.66
US.SGOV,iShares 0-3 Month Treasury Bond ETF,2026-08-27 05:30:00,100.665,100.665,100.665,100.66,0.0,0.0,3822.0,384794.22,0.0,100.665
US.SGOV,iShares 0-3 Month Treasury Bond ETF,2026-08-27 05:35:00,100.665,100.66,100.6674,100.66,0.0,0.0,1130.0,113749.458,-0.004966969651825026,100.665
US.SGOV,iShares 0-3 Month Treasury Bond ETF,2026-08-27 05:40:00,100.66,100.6673,100.6673,100.66,0.0,0.0,505.0,50835.406,0.007252135903040682,100.66
US.SGOV,iShares 0-3 Month Treasury Bond ETF,2026-08-27 05:45:00,100.6673,100.6626,100.6673,100.66,0.0,0.0,7228.0,727653.21,-0.004668844798658258,100.6673
US.SGOV,iShares 0-3 Month Treasury Bond ETF,2026-08-27 05:50:00,100.66,100.6672,100.6674,100.66,0.0,0.0,4369.0,439898.14,0.004569721028461797,100.6626
US.SGOV,iShares 0-3 Month Treasury Bond ETF,2026-08-27 05:55:00,100.66,100.6674,100.6674,100.66,0.0,0.0,1227.0,123512.301,0.00019867444411550073,100.6672
US.SGOV,iShares 0-3 Month Treasury Bond ETF,2026-08-27 06:00:00,100.66,100.66,100.665,100.66,0.0,0.0,1092.0,109994.478,-0.007350939827594703,100.6674
US.SGOV,iShares 0-3 Month Treasury Bond ETF,2026-08-27 06:05:00,100.66,100.66,100.6674,100.66,0.0,0.0,2879.0,289803.872,0.0,100.66
US.SGOV,iShares 0-3 Month Treasury Bond ETF,2026-08-27 06:10:00,100.66,100.66,100.66,100.66,0.0,0.0,1399.0,140824.238,0.0,100.66
US.SGOV,iShares 0-3 Month Treasury Bond ETF,2026-08-27 06:15:00,100.66,100.6626,100.67,100.66,0.0,0.0,1278.0,128649.467,0.0025829525134125233,100.66
US.SGOV,iShares 0-3 Month Treasury Bond ETF,2026-08-27 06:20:00,100.6626,100.6626,100.6626,100.66,0.0,0.0,514.0,51740.64,0.0,100.6626
US.SGOV,iShares 0-3 Month Treasury Bond ETF,2026-08-27 06:25:00,100.6626,100.67,100.67,100.66,0.0,0.0,3518.0,354134.18,0.007351290350144016,100.6626
US.SGOV,iShares 0-3 Month Treasury Bond ETF,2026-08-27 06:30:00,100.67,100.665,100.67,100.66,0.0,0.0,635.0,63921.934,-0.004966722956188986,100.67
US.SGOV,iShares 0-3 Month Treasury Bond ETF,2026-08-27 06:35:00,100.665,100.66,100.665,100.66,0.0,0.0,1291.0,129954.435,-0.004966969651825026,100.665
US.SGOV,iShares 0-3 Month Treasury Bond ETF,2026-08-27 06:40:00,100.66,100.665,100.67,100.66,0.0,0.0,815.0,82042.581,0.004967216371954762,100.66
US.SGOV,iShares 0-3 Month Treasury Bond ETF,2026-08-27 06:45:00,100.665,100.66,100.665,100.66,0.0,0.0,3024.0,304404.775,-0.004966969651825026,100.665
US.SGOV,iShares 0-3 Month Treasury Bond ETF,2026-08-27 06:50:00,100.66,100.665,100.67,100.66,0.0,0.0,3909.0,393491.714,0.004967216371954762,100.66
US.SGOV,iShares 0-3 Month Treasury Bond ETF,2026-08-27 06:55:00,100.665,100.66,100.665,100.66,0.0,0.0,7432.0,748174.109,-0.004966969651825026,100.665
US.SGOV,iShares 0-3 Month Treasury Bond ETF,2026-08-27 07:00:00,100.66,100.66,100.6673,100.66,0.0,0.0,4694.0,472507.011,0.0,100.66
US.SGOV,iShares 0-3 Month Treasury Bond ETF,2026-08-27 07:05:00,100.66,100.6699,100.6699,100.66,0.0,0.0,159559.0,16061458.357,0.009835088416453206,100.66
US.SGOV,iShares 0-3 Month Treasury Bond ETF,2026-08-27 07:10:00,100.66,100.6626,100.67,100.66,0.0,0.0,5003.0,503613.408,-0.007251422719204798,100.6699
US.SGOV,iShares 0-3 Month Treasury Bond ETF,2026-08-27 07:15:00,100.6626,100.66,100.6666,100.66,0.0,0.0,2602.0,261940.28,-0.0025828857986988675,100.6626
US.SGOV,iShares 0-3 Month Treasury Bond ETF,2026-08-27 07:20:00,100.66,100.66,100.665,100.66,0.0,0.0,9164.0,922537.99,0.0,100.66
US.SGOV,iShares 0-3 Month Treasury Bond ETF,2026-08-27 07:25:00,100.66,100.6601,100.67,100.66,0.0,0.0,3226.0,324792.344,9.934432744220112e-05,100.66
US.SGOV,iShares 0-3 Month Treasury Bond ETF,2026-08-27 07:30:00,100.6601,100.6663,100.67,100.66,0.0,0.0,8670.0,872822.38,0.006159342182261757,100.6601
US.SGOV,iShares 0-3 Month Treasury Bond ETF,2026-08-27 07:35:00,100.6601,100.6666,100.67,100.66,0.0,0.0,10992.0,1106535.792,0.00029801433051154964,100.6663
US.SGOV,iShares 0-3 Month Treasury Bond ETF,2026-08-27 07:40:00,100.6666,100.665,100.6666,100.665,0.0,0.0,760.0,76546.012,-0.0015894050260923393,100.6666
US.SGOV,iShares 0-3 Month Treasury Bond ETF,2026-08-27 07:45:00,100.665,100.66,100.67,100.66,0.0,0.0,11514.0,1159049.93,-0.004966969651825026,100.665
US.SGOV,iShares 0-3 Month Treasury Bond ETF,2026-08-27 07:50:00,100.66,100.6664,100.6664,100.66,0.0,0.0,962.0,96916.996,0.006358036956089107,100.66
US.SGOV,iShares 0-3 Month Treasury Bond ETF,2026-08-27 07:55:00,100.6664,100.6626,100.6685,100.66,0.0,0.0,5073.0,510761.238,-0.0037748444366722655,100.6664
US.SGOV,iShares 0-3 Month Treasury Bond ETF,2026-08-27 08:00:00,100.66,100.6601,100.665,100.66,0.0,0.0,9994.0,1006114.251,-0.0024835440372071916,100.6626
US.SGOV,iShares 0-3 Month Treasury Bond ETF,2026-08-27 08:05:00,100.66,100.66,100.67,100.66,0.0,0.0,28256.0,2844562.223,-9.934422874934522e-05,100.6601
US.SGOV,iShares 0-3 Month Treasury Bond ETF,2026-08-27 08:10:00,100.66,100.66,100.67,100.66,0.0,0.0,9257.0,931865.751,0.0,100.66
US.SGOV,iShares 0-3 Month Treasury Bond ETF,2026-08-27 08:15:00,100.6663,100.66,100.6663,100.66,0.0,0.0,15123.0,1522368.764,0.0,100.66
US.SGOV,iShares 0-3 Month Treasury Bond ETF,2026-08-27 08:20:00,100.66,100.66,100.67,100.66,0.0,0.0,14543.0,1464004.378,0.0,100.66
US.SGOV,iShares 0-3 Month Treasury Bond ETF,2026-08-27 08:25:00,100.66,100.66,100.67,100.66,0.0,0.0,10299.0,1036801.59,0.0,100.66
US.SGOV,iShares 0-3 Month Treasury Bond ETF,2026-08-27 08:30:00,100.66,100.6615,100.67,100.66,0.0,0.0,6956.0,700286.113,0.0014901649115906638,100.66
US.SGOV,iShares 0-3 Month Treasury Bond ETF,2026-08-27 08:35:00,100.6626,100.6628,100.6698,100.66,0.0,0.0,4230.0,425828.909,0.0012914570118670225,100.6615
US.SGOV,iShares 0-3 Month Treasury Bond ETF,2026-08-27 08:40:00,100.6628,100.66,100.67,100.66,0.0,0.0,5059.0,509350.63,-0.0027815637951732765,100.6628
US.SGOV,iShares 0-3 Month Treasury Bond ETF,2026-08-27 08:45:00,100.66,100.66,100.6663,100.66,0.0,0.0,5566.0,560317.976,0.0,100.66
US.SGOV,iShares 0-3 Month Treasury Bond ETF,2026-08-27 08:50:00,100.66,100.67,100.67,100.66,0.0,0.0,6753.0,679830.839,0.009934432743895405,100.66
US.SGOV,iShares 0-3 Month Treasury Bond ETF,2026-08-27 08:55:00,100.67,100.6627,100.67,100.66,0.0,0.0,17251.0,1736626.01,-0.00725141551604326,100.67
US.SGOV,iShares 0-3 Month Treasury Bond ETF,2026-08-27 09:00:00,100.6627,100.66,100.67,100.66,0.0,0.0,6883.0,692950.522,-0.0026822248956210847,100.6627
US.SGOV,iShares 0-3 Month Treasury Bond ETF,2026-08-27 09:05:00,100.66,100.6699,100.6699,100.66,0.0,0.0,5898.0,593749.498,0.009835088416453206,100.66
US.SGOV,iShares 0-3 Month Treasury Bond ETF,2026-08-27 09:10:00,100.6699,100.66,100.6699,100.66,0.0,0.0,7203.0,725159.69,-0.009834121221936047,100.6699
US.SGOV,iShares 0-3 Month Treasury Bond ETF,2026-08-27 09:15:00,100.66,100.6626,100.6699,100.66,0.0,0.0,12139.0,1222049.518,0.0025829525134125233,100.66
US.SGOV,iShares 0-3 Month Treasury Bond ETF,2026-08-27 09:20:00,100.6626,100.6685,100.67,100.66,0.0,0.0,10452.0,1052176.235,0.005861163927811231,100.6626
US.SGOV,iShares 0-3 Month Treasury Bond ETF,2026-08-27 09:25:00,100.6685,100.6665,100.67,100.66,0.0,0.0,5779.0,581821.925,-0.001986718784918161,100.6685
US.SGOV,iShares 0-3 Month Treasury Bond ETF,2026-08-27 09:30:00,100.66,100.66,100.6666,100.66,0.0,0.0,30155.0,3035504.785,-0.006456964332725003,100.6665
US.SGOV,iShares 0-3 Month Treasury Bond ETF,2026-08-27 09:35:00,100.66,100.6699,100.67,100.66,0.0,0.0,861602.0,86731907.327,0.009835088416453206,100.66
US.SGOV,iShares 0-3 Month Treasury Bond ETF,2026-08-27 09:40:00,100.665,100.66,100.67,100.66,0.0,0.0,296661.0,29863209.522,-0.009834121221936047,100.6699
US.SGOV,iShares 0-3 Month Treasury Bond ETF,2026-08-27 09:45:00,100.665,100.665,100.67,100.66,0.0,0.0,238148.0,23973207.961,0.004967216371954762,100.66
US.SGOV,iShares 0-3 Month Treasury Bond ETF,2026-08-27 09:50:00,100.665,100.6601,100.67,100.66,0.0,0.0,271921.0,27372993.792,-0.004867630258785421,100.665
US.SGOV,iShares 0-3 Month Treasury Bond ETF,2026-08-27 09:55:00,100.665,100.6678,100.67,100.66,0.0,0.0,265269.0,26703157.822,0.007649505613445465,100.6601
US.SGOV,iShares 0-3 Month Treasury Bond ETF,2026-08-27 10:00:00,100.6623,100.6623,100.67,100.66,0.0,0.0,212235.0,21364746.886,-0.005463514649170678,100.6678
US.SGOV,iShares 0-3 Month Treasury Bond ETF,2026-08-27 10:05:00,100.665,100.6619,100.67,100.66,0.0,0.0,201781.0,20312407.88,-0.0003973682302103844,100.6623
US.SGOV,iShares 0-3 Month Treasury Bond ETF,2026-08-27 10:10:00,100.665,100.6628,100.67,100.66,0.0,0.0,308262.0,31031108.919,0.0008940820707749955,100.6619
US.SGOV,iShares 0-3 Month Treasury Bond ETF,2026-08-27 10:15:00,100.661,100.67,100.67,100.66,0.0,0.0,590686.0,59459889.385,0.00715259261613767,100.6628
US.SGOV,iShares 0-3 Month Treasury Bond ETF,2026-08-27 10:20:00,100.6601,100.665,100.67,100.66,0.0,0.0,231690.0,23323005.861,-0.004966722956188986,100.67
US.SGOV,iShares 0-3 Month Treasury Bond ETF,2026-08-27 10:25:00,100.67,100.665,100.67,100.66,0.0,0.0,198360.0,19967863.958,0.0,100.665
US.SGOV,iShares 0-3 Month Treasury Bond ETF,2026-08-27 10:30:00,100.66,100.665,100.67,100.66,0.0,0.0,232389.0,23393556.486,0.0,100.665
US.SGOV,iShares 0-3 Month Treasury Bond ETF,2026-08-27 10:35:00,100.6695,100.665,100.67,100.66,0.0,0.0,194386.0,19568171.625,0.0,100.665
US.SGOV,iShares 0-3 Month Treasury Bond ETF,2026-08-27 10:40:00,100.665,100.67,100.67,100.66,0.0,0.0,192717.0,19399820.339,0.004966969651810909,100.665
US.SGOV,iShares 0-3 Month Treasury Bond ETF,2026-08-27 10:45:00,100.665,100.6629,100.67,100.66,0.0,0.0,1487626.0,149745893.963,-0.007052746597803041,100.67
US.SGOV,iShares 0-3 Month Treasury Bond ETF,2026-08-27 10:50:00,100.6623,100.665,100.67,100.66,0.0,0.0,964034.0,97048362.997,0.0020861707739523393,100.6629
US.SGOV,iShares 0-3 Month Treasury Bond ETF,2026-08-27 10:55:00,100.6678,100.665,100.67,100.66,0.0,0.0,175812.0,17698150.452,0.0,100.665
US.SGOV,iShares 0-3 Month Treasury Bond ETF,2026-08-27 11:00:00,100.665,100.6695,100.67,100.66,0.0,0.0,133990.0,13488051.885,0.004470272686626996,100.665
US.SGOV,iShares 0-3 Month Treasury Bond ETF,2026-08-27 11:05:00,100.665,100.665,100.67,100.66,0.0,0.0,196678.0,19798657.134,-0.0044700728621807646,100.6695
US.SGOV,iShares 0-3 Month Treasury Bond ETF,2026-08-27 11:10:00,100.665,100.66,100.67,100.66,0.0,0.0,192651.0,19393128.349,-0.004966969651825026,100.665
US.SGOV,iShares 0-3 Month Treasury Bond ETF,2026-08-27 11:15:00,100.67,100.665,100.67,100.66,0.0,0.0,209193.0,21058344.371,0.004967216371954762,100.66
US.SGOV,iShares 0-3 Month Treasury Bond ETF,2026-08-27 11:20:00,100.665,100.6699,100.67,100.66,0.0,0.0,215122.0,21655485.906,0.004867630258771303,100.665
US.SGOV,iShares 0-3 Month Treasury Bond ETF,2026-08-27 11:25:00,100.665,100.665,100.67,100.66,0.0,0.0,138656.0,13957786.465,-0.004867393332060659,100.6699
US.SGOV,iShares 0-3 Month Treasury Bond ETF,2026-08-27 11:30:00,100.6678,100.67,100.67,100.66,0.0,0.0,187558.0,18880450.949,0.004966969651810909,100.665
US.SGOV,iShares 0-3 Month Treasury Bond ETF,2026-08-27 11:35:00,100.6651,100.663,100.67,100.66,0.0,0.0,114818.0,11558098.617,-0.006953412138675874,100.67
US.SGOV,iShares 0-3 Month Treasury Bond ETF,2026-08-27 11:40:00,100.6623,100.665,100.67,100.66,0.0,0.0,97675.0,9832438.658,0.0019868273347799586,100.663
US.SGOV,iShares 0-3 Month Treasury Bond ETF,2026-08-27 11:45:00,100.6678,100.6699,100.67,100.66,0.0,0.0,167175.0,16828793.194,0.004867630258771303,100.665
US.SGOV,iShares 0-3 Month Treasury Bond ETF,2026-08-27 11:50:00,100.6623,100.665,100.67,100.66,0.0,0.0,156496.0,15753547.462,-0.004867393332060659,100.6699
US.SGOV,iShares 0-3 Month Treasury Bond ETF,2026-08-27 11:55:00,100.67,100.665,100.67,100.66,0.0,0.0,143207.0,14416222.163,0.0,100.665
US.SGOV,iShares 0-3 Month Treasury Bond ETF,2026-08-27 12:00:00,100.66,100.6678,100.67,100.66,0.0,0.0,273790.0,27560644.066,0.0027815030050101566,100.665
US.SGOV,iShares 0-3 Month Treasury Bond ETF,2026-08-27 12:05:00,100.6623,100.6672,100.67,100.66,0.0,0.0,111368.0,11210875.488,-0.0005960197799154319,100.6678
US.SGOV,iShares 0-3 Month Treasury Bond ETF,2026-08-27 12:10:00,100.66,100.6678,100.67,100.66,0.0,0.0,283329.0,28520922.18,0.0005960233323323855,100.6672
US.SGOV,iShares 0-3 Month Treasury Bond ETF,2026-08-27 12:15:00,100.67,100.67,100.67,100.66,0.0,0.0,125388.0,12622080.482,0.002185405859671095,100.6678
US.SGOV,iShares 0-3 Month Treasury Bond ETF,2026-08-27 12:20:00,100.6623,100.665,100.67,100.66,0.0,0.0,181107.0,18231146.393,-0.004966722956188986,100.67
US.SGOV,iShares 0-3 Month Treasury Bond ETF,2026-08-27 12:25:00,100.67,100.6699,100.67,100.66,0.0,0.0,265439.0,26720701.281,0.004867630258771303,100.665
US.SGOV,iShares 0-3 Month Treasury Bond ETF,2026-08-27 12:30:00,100.6628,100.6677,100.67,100.66,0.0,0.0,262940.0,26468495.284,-0.002185360271542912,100.6699
US.SGOV,iShares 0-3 Month Treasury Bond ETF,2026-08-27 12:35:00,100.665,100.665,100.67,100.66,0.0,0.0,93645.0,9426779.541,-0.0026820916738836335,100.6677
US.SGOV,iShares 0-3 Month Treasury Bond ETF,2026-08-27 12:40:00,100.665,100.665,100.67,100.66,0.0,0.0,441551.0,44448131.794,0.0,100.665
US.SGOV,iShares 0-3 Month Treasury Bond ETF,2026-08-27 12:45:00,100.66,100.67,100.67,100.66,0.0,0.0,256826.0,25852751.851,0.004966969651810909,100.665
US.SGOV,iShares 0-3 Month Treasury Bond ETF,2026-08-27 12:50:00,100.66,100.665,100.67,100.66,0.0,0.0,267500.0,26926998.009,-0.004966722956188986,100.67
US.SGOV,iShares 0-3 Month Treasury Bond ETF,2026-08-27 12:55:00,100.664,100.6678,100.67,100.66,0.0,0.0,105382.0,10608251.042,0.0027815030050101566,100.665
US.SGOV,iShares 0-3 Month Treasury Bond ETF,2026-08-27 13:00:00,100.66,100.6601,100.67,100.66,0.0,0.0,115335.0,11610191.904,-0.007648920508841773,100.6678
US.SGOV,iShares 0-3 Month Treasury Bond ETF,2026-08-27 13:05:00,100.66,100.665,100.67,100.66,0.0,0.0,265437.0,26719708.648,0.004867867208562622,100.6601
US.SGOV,iShares 0-3 Month Treasury Bond ETF,2026-08-27 13:10:00,100.6622,100.665,100.67,100.66,0.0,0.0,326088.0,32826359.211,0.0,100.665
US.SGOV,iShares 0-3 Month Treasury Bond ETF,2026-08-27 13:15:00,100.67,100.665,100.67,100.66,0.0,0.0,78743.0,7926726.327,0.0,100.665
US.SGOV,iShares 0-3 Month Treasury Bond ETF,2026-08-27 13:20:00,100.66,100.6601,100.67,100.66,0.0,0.0,119138.0,11992925.032,-0.004867630258785421,100.665
US.SGOV,iShares 0-3 Month Treasury Bond ETF,2026-08-27 13:25:00,100.6678,100.6678,100.67,100.66,0.0,0.0,110431.0,11116384.723,0.007649505613445465,100.6601
US.SGOV,iShares 0-3 Month Treasury Bond ETF,2026-08-27 13:30:00,100.6697,100.6678,100.67,100.66,0.0,0.0,203008.0,20435580.94,0.0,100.6678
US.SGOV,iShares 0-3 Month Treasury Bond ETF,2026-08-27 13:35:00,100.6689,100.6678,100.67,100.66,0.0,0.0,287968.0,28987465.216,0.0,100.6678
US.SGOV,iShares 0-3 Month Treasury Bond ETF,2026-08-27 13:40:00,100.665,100.6601,100.67,100.66,0.0,0.0,73867.0,7435785.09,-0.007648920508841773,100.6678
US.SGOV,iShares 0-3 Month Treasury Bond ETF,2026-08-27 13:45:00,100.6623,100.66,100.67,100.66,0.0,0.0,59171.0,5956465.972,-9.934422874934522e-05,100.6601
US.SGOV,iShares 0-3 Month Treasury Bond ETF,2026-08-27 13:50:00,100.66,100.6699,100.67,100.66,0.0,0.0,303912.0,30593072.648,0.009835088416453206,100.66
US.SGOV,iShares 0-3 Month Treasury Bond ETF,2026-08-27 13:55:00,100.66,100.665,100.67,100.66,0.0,0.0,181712.0,18291517.236,-0.004867393332060659,100.6699
US.SGOV,iShares 0-3 Month Treasury Bond ETF,2026-08-27 14:00:00,100.662,100.665,100.67,100.66,0.0,0.0,192443.0,19372908.207,0.0,100.665
US.SGOV,iShares 0-3 Month Treasury Bond ETF,2026-08-27 14:05:00,100.665,100.6623,100.67,100.66,0.0,0.0,118747.0,11953676.768,-0.0026821636119846674,100.665
US.SGOV,iShares 0-3 Month Treasury Bond ETF,2026-08-27 14:10:00,100.665,100.66,100.67,100.66,0.0,0.0,92337.0,9295134.838,-0.0022848673237202983,100.6623
US.SGOV,iShares 0-3 Month Treasury Bond ETF,2026-08-27 14:15:00,100.66,100.6623,100.67,100.66,0.0,0.0,142823.0,14377173.07,0.0022849195311000375,100.66
US.SGOV,iShares 0-3 Month Treasury Bond ETF,2026-08-27 14:20:00,100.66,100.6678,100.67,100.66,0.0,0.0,166107.0,16721134.998,0.005463813165403373,100.6623
US.SGOV,iShares 0-3 Month Treasury Bond ETF,2026-08-27 14:25:00,100.6678,100.665,100.67,100.66,0.0,0.0,196261.0,19756884.635,-0.00278142563957241,100.6678
US.SGOV,iShares 0-3 Month Treasury Bond ETF,2026-08-27 14:30:00,100.66,100.67,100.67,100.66,0.0,0.0,102683.0,10336494.265,0.004966969651810909,100.665
US.SGOV,iShares 0-3 Month Treasury Bond ETF,2026-08-27 14:35:00,100.66,100.66,100.67,100.66,0.0,0.0,134695.0,13558784.375,-0.009933445912392088,100.67
US.SGOV,iShares 0-3 Month Treasury Bond ETF,2026-08-27 14:40:00,100.665,100.665,100.67,100.66,0.0,0.0,78477.0,7899953.048,0.004967216371954762,100.66
US.SGOV,iShares 0-3 Month Treasury Bond ETF,2026-08-27 14:45:00,100.66,100.665,100.67,100.66,0.0,0.0,141620.0,14256259.313,0.0,100.665
US.SGOV,iShares 0-3 Month Treasury Bond ETF,2026-08-27 14:50:00,100.665,100.67,100.67,100.66,0.0,0.0,108863.0,10958670.473,0.004966969651810909,100.665
US.SGOV,iShares 0-3 Month Treasury Bond ETF,2026-08-27 14:55:00,100.6625,100.66,100.67,100.66,0.0,0.0,85479.0,8604809.729,-0.009933445912392088,100.67
US.SGOV,iShares 0-3 Month Treasury Bond ETF,2026-08-27 15:00:00,100.6699,100.66,100.67,100.66,0.0,0.0,153518.0,15454223.798,0.0,100.66
US.SGOV,iShares 0-3 Month Treasury Bond ETF,2026-08-27 15:05:00,100.6601,100.66,100.67,100.66,0.0,0.0,252349.0,25401975.739,0.0,100.66
US.SGOV,iShares 0-3 Month Treasury Bond ETF,2026-08-27 15:10:00,100.66,100.665,100.67,100.66,0.0,0.0,107209.0,10792149.093,0.004967216371954762,100.66
US.SGOV,iShares 0-3 Month Treasury Bond ETF,2026-08-27 15:15:00,100.6628,100.6678,100.67,100.66,0.0,0.0,104386.0,10507951.493,0.0027815030050101566,100.665
US.SGOV,iShares 0-3 Month Treasury Bond ETF,2026-08-27 15:20:00,100.66,100.6627,100.67,100.66,0.0,0.0,236343.0,23791705.574,-0.005066168129231763,100.6678
US.SGOV,iShares 0-3 Month Treasury Bond ETF,2026-08-27 15:25:00,100.6678,100.6627,100.67,100.66,0.0,0.0,177206.0,17838706.207,0.0,100.6627
US.SGOV,iShares 0-3 Month Treasury Bond ETF,2026-08-27 15:30:00,100.6601,100.6601,100.67,100.66,0.0,0.0,217476.0,21891893.675,-0.002582883232817167,100.6627
US.SGOV,iShares 0-3 Month Treasury Bond ETF,2026-08-27 15:35:00,100.665,100.67,100.67,100.66,0.0,0.0,152402.0,15341611.152,0.00983507864586047,100.6601
US.SGOV,iShares 0-3 Month Treasury Bond ETF,2026-08-27 15:40:00,100.66,100.66,100.67,100.66,0.0,0.0,179467.0,18065874.561,-0.009933445912392088,100.67
US.SGOV,iShares 0-3 Month Treasury Bond ETF,2026-08-27 15:45:00,100.665,100.665,100.67,100.66,0.0,0.0,364353.0,36677811.393,0.004967216371954762,100.66
US.SGOV,iShares 0-3 Month Treasury Bond ETF,2026-08-27 15:50:00,100.665,100.67,100.67,100.66,0.0,0.0,453483.0,45650506.593,0.004966969651810909,100.665
US.SGOV,iShares 0-3 Month Treasury Bond ETF,2026-08-27 15:55:00,100.6678,100.66,100.67,100.66,0.0,0.0,290547.0,29247964.329,-0.009933445912392088,100.67
US.SGOV,iShares 0-3 Month Treasury Bond ETF,2026-08-27 16:00:00,100.665,100.66,100.67,100.66,0.0,0.0,807125.0,81247972.444,0.0,100.66
US.SGOV,iShares 0-3 Month Treasury Bond ETF,2026-08-27 16:05:00,100.66,100.6665,100.6699,100.66,0.0,0.0,44702.0,4499961.955,0.0064573812835313086,100.66
US.SGOV,iShares 0-3 Month Treasury Bond ETF,2026-08-27 16:10:00,100.6665,100.665,100.67,100.66,0.0,0.0,33817.0,3404243.363,-0.001490068692159707,100.6665
US.SGOV,iShares 0-3 Month Treasury Bond ETF,2026-08-27 16:15:00,100.6685,100.665,100.67,100.66,0.0,0.0,76891.0,7740097.208,0.0,100.665
US.SGOV,iShares 0-3 Month Treasury Bond ETF,2026-08-27 16:20:00,100.665,100.6665,100.6697,100.66,0.0,0.0,19484.0,1961353.459,0.0014900908955376262,100.665
US.SGOV,iShares 0-3 Month Treasury Bond ETF,2026-08-27 16:25:00,100.66,100.6666,100.6699,100.66,0.0,0.0,18173.0,1829446.11,9.933791281441161e-05,100.6665
US.SGOV,iShares 0-3 Month Treasury Bond ETF,2026-08-27 16:30:00,100.6666,100.66,100.67,100.66,0.0,0.0,30110.0,3031065.825,-0.0065562957326520755,100.6666
US.SGOV,iShares 0-3 Month Treasury Bond ETF,2026-08-27 16:35:00,100.66,100.66,100.67,100.66,0.0,0.0,5976.0,601644.202,0.0,100.66
US.SGOV,iShares 0-3 Month Treasury Bond ETF,2026-08-27 16:40:00,100.66,100.6603,100.67,100.66,0.0,0.0,3364.0,338712.612,0.0002980329823266034,100.66
US.SGOV,iShares 0-3 Month Treasury Bond ETF,2026-08-27 16:45:00,100.6603,100.66,100.67,100.66,0.0,0.0,9652.0,971664.311,-0.0002980320940926651,100.6603
US.SGOV,iShares 0-3 Month Treasury Bond ETF,2026-08-27 16:50:00,100.66,100.6601,100.67,100.66,0.0,0.0,8465.0,852203.204,9.934432744220112e-05,100.66
US.SGOV,iShares 0-3 Month Treasury Bond ETF,2026-08-27 16:55:00,100.66,100.6697,100.67,100.66,0.0,0.0,4349.0,437822.832,0.009537045959626553,100.6601
US.SGOV,iShares 0-3 Month Treasury Bond ETF,2026-08-27 17:00:00,100.6697,100.6666,100.67,100.66,0.0,0.0,22222.0,2236971.171,-0.0030793774094920647,100.6697
US.SGOV,iShares 0-3 Month Treasury Bond ETF,2026-08-27 17:05:00,100.6666,100.66,100.67,100.66,0.0,0.0,4261.0,429009.375,-0.0065562957326520755,100.6666
US.SGOV,iShares 0-3 Month Treasury Bond ETF,2026-08-27 17:10:00,100.665,100.66,100.67,100.66,0.0,0.0,8155.0,820968.004,0.0,100.66
US.SGOV,iShares 0-3 Month Treasury Bond ETF,2026-08-27 17:15:00,100.6666,100.665,100.67,100.66,0.0,0.0,4101.0,412873.936,0.004967216371954762,100.66
US.SGOV,iShares 0-3 Month Treasury Bond ETF,2026-08-27 17:20:00,100.665,100.6601,100.6666,100.66,0.0,0.0,3130.0,315126.223,-0.004867630258785421,100.665
US.SGOV,iShares 0-3 Month Treasury Bond ETF,2026-08-27 17:25:00,100.6601,100.66,100.6666,100.66,0.0,0.0,10980.0,1105255.757,-9.934422874934522e-05,100.6601
US.SGOV,iShares 0-3 Month Treasury Bond ETF,2026-08-27 17:30:00,100.66,100.665,100.67,100.66,0.0,0.0,16793.0,1690573.209,0.004967216371954762,100.66
US.SGOV,iShares 0-3 Month Treasury Bond ETF,2026-08-27 17:35:00,100.665,100.6698,100.6699,100.66,0.0,0.0,3541.0,356483.97,0.004768290865731697,100.665
US.SGOV,iShares 0-3 Month Treasury Bond ETF,2026-08-27 17:40:00,100.6698,100.6666,100.67,100.66,0.0,0.0,3969.0,399585.701,-0.003178709007063233,100.6698
US.SGOV,iShares 0-3 Month Treasury Bond ETF,2026-08-27 17:45:00,100.6666,100.665,100.6666,100.66,0.0,0.0,7366.0,741560.499,-0.0015894050260923393,100.6666
US.SGOV,iShares 0-3 Month Treasury Bond ETF,2026-08-27 17:50:00,100.665,100.665,100.67,100.66,0.0,0.0,16687.0,1679912.335,0.0,100.665
US.SGOV,iShares 0-3 Month Treasury Bond ETF,2026-08-27 17:55:00,100.665,100.6666,100.67,100.66,0.0,0.0,2142.0,215657.184,0.0015894302885772324,100.665
US.SGOV,iShares 0-3 Month Treasury Bond ETF,2026-08-27 18:00:00,100.6666,100.6697,100.6697,100.66,0.0,0.0,8417.0,847311.232,0.003079472238064496,100.6666
US.SGOV,iShares 0-3 Month Treasury Bond ETF,2026-08-27 18:05:00,100.665,100.67,100.67,100.66,0.0,0.0,5423.0,545931.147,0.0002980042654301623,100.6697
US.SGOV,iShares 0-3 Month Treasury Bond ETF,2026-08-27 18:10:00,100.67,100.6666,100.67,100.66,0.0,0.0,4436.0,446569.97,-0.0033773716102107687,100.67
US.SGOV,iShares 0-3 Month Treasury Bond ETF,2026-08-27 18:15:00,100.6666,100.665,100.6699,100.66,0.0,0.0,1992.0,200547.958,-0.0015894050260923393,100.6666
US.SGOV,iShares 0-3 Month Treasury Bond ETF,2026-08-27 18:20:00,100.665,100.66,100.67,100.66,0.0,0.0,2081.0,209491.262,-0.004966969651825026,100.665
US.SGOV,iShares 0-3 Month Treasury Bond ETF,2026-08-27 18:25:00,100.6666,100.665,100.67,100.66,0.0,0.0,6058.0,609923.507,0.004967216371954762,100.66
US.SGOV,iShares 0-3 Month Treasury Bond ETF,2026-08-27 18:30:00,100.665,100.6685,100.67,100.66,0.0,0.0,6113.0,615373.361,0.0034768787562591665,100.665
US.SGOV,iShares 0-3 Month Treasury Bond ETF,2026-08-27 18:35:00,100.6685,100.6697,100.67,100.66,0.0,0.0,23509.0,2366682.032,0.001192031270965013,100.6685
US.SGOV,iShares 0-3 Month Treasury Bond ETF,2026-08-27 18:40:00,100.6697,100.6615,100.67,100.66,0.0,0.0,1947.0,195997.79,-0.008145449921875407,100.6697
US.SGOV,iShares 0-3 Month Treasury Bond ETF,2026-08-27 18:45:00,100.6615,100.66,100.67,100.66,0.0,0.0,8630.0,868740.389,-0.0014901427060069264,100.6615
US.SGOV,iShares 0-3 Month Treasury Bond ETF,2026-08-27 18:50:00,100.66,100.6666,100.6666,100.66,0.0,0.0,2170.0,218487.977,0.00655672561097351,100.66
US.SGOV,iShares 0-3 Month Treasury Bond ETF,2026-08-27 18:55:00,100.6666,100.6697,100.6697,100.66,0.0,0.0,4588.0,461867.86,0.003079472238064496,100.6666
US.SGOV,iShares 0-3 Month Treasury Bond ETF,2026-08-27 19:00:00,100.6697,100.665,100.67,100.6615,0.0,0.0,2372.0,238845.785,-0.004668733491805086,100.6697
US.SGOV,iShares 0-3 Month Treasury Bond ETF,2026-08-27 19:05:00,100.665,100.6685,100.67,100.66,0.0,0.0,23983.0,2414189.375,0.0034768787562591665,100.665
US.SGOV,iShares 0-3 Month Treasury Bond ETF,2026-08-27 19:10:00,100.6685,100.6685,100.6685,100.66,0.0,0.0,48711.0,4903261.7,0.0,100.6685
US.SGOV,iShares 0-3 Month Treasury Bond ETF,2026-08-27 19:15:00,100.66,100.6601,100.67,100.66,0.0,0.0,99165.0,9981979.266,-0.008344218896670393,100.6685
US.SGOV,iShares 0-3 Month Treasury Bond ETF,2026-08-27 19:20:00,100.6601,100.6605,100.6615,100.66,0.0,0.0,6224.0,626606.296,0.0003973769149832632,100.6601
US.SGOV,iShares 0-3 Month Treasury Bond ETF,2026-08-27 19:25:00,100.6605,100.66,100.6666,100.66,0.0,0.0,13247.0,1333484.636,-0.0004967191698852951,100.6605
US.SGOV,iShares 0-3 Month Treasury Bond ETF,2026-08-27 19:30:00,100.66,100.6602,100.6666,100.66,0.0,0.0,9928.0,999378.142,0.00019868865488440225,100.66
US.SGOV,iShares 0-3 Month Treasury Bond ETF,2026-08-27 19:35:00,100.6602,100.6697,100.6697,100.66,0.0,0.0,10030.0,1009717.58,0.009437692355074526,100.6602
US.SGOV,iShares 0-3 Month Treasury Bond ETF,2026-08-27 19:40:00,100.6697,100.6685,100.67,100.66,0.0,0.0,3986.0,401259.635,-0.001192017061748882,100.6697
US.SGOV,iShares 0-3 Month Treasury Bond ETF,2026-08-27 19:45:00,100.6685,100.6685,100.6685,100.66,0.0,0.0,15162.0,1526227.579,0.0,100.6685
US.SGOV,iShares 0-3 Month Treasury Bond ETF,2026-08-27 19:50:00,100.6685,100.6685,100.67,100.66,0.0,0.0,13190.0,1327730.028,0.0,100.6685
US.SGOV,iShares 0-3 Month Treasury Bond ETF,2026-08-27 19:55:00,100.6697,100.66,100.6697,100.66,0.0,0.0,3850.0,387562.497,-0.00844355483591983,100.6685
US.SGOV,iShares 0-3 Month Treasury Bond ETF,2026-08-27 20:00:00,100.66,100.6666,100.67,100.66,0.0,0.0,30549.0,3075100.397,0.00655672561097351,100.66
US.SGOV,iShares 0-3 Month Treasury Bond ETF,2026-08-28 04:05:00,100.69,100.69,100.7,100.67,0.0,0.0,131641.0,13255535.903,0.023245048506649872,100.6666
US.SGOV,iShares 0-3 Month Treasury Bond ETF,2026-08-28 04:10:00,100.69,100.6927,100.7,100.69,0.0,0.0,13746.0,1384165.607,0.002681497666108219,100.69
US.SGOV,iShares 0-3 Month Treasury Bond ETF,2026-08-28 04:15:00,100.6927,100.69,100.6975,100.69,0.0,0.0,17041.0,1715930.413,-0.0026814257637389457,100.6927
US.SGOV,iShares 0-3 Month Treasury Bond ETF,2026-08-28 04:20:00,100.69,100.69,100.695,100.69,0.0,0.0,2067.0,208174.115,0.0,100.69
US.SGOV,iShares 0-3 Month Treasury Bond ETF,2026-08-28 04:25:00,100.69,100.6974,100.6974,100.69,0.0,0.0,8486.0,854559.727,0.007349289899696167,100.69
US.SGOV,iShares 0-3 Month Treasury Bond ETF,2026-08-28 04:30:00,100.6974,100.6974,100.6974,100.6974,0.0,0.0,340.0,34282.725,0.0,100.6974
US.SGOV,iShares 0-3 Month Treasury Bond ETF,2026-08-28 04:35:00,100.6974,100.695,100.6974,100.69,0.0,0.0,947.0,95355.319,-0.0023833783196076735,100.6974
US.SGOV,iShares 0-3 Month Treasury Bond ETF,2026-08-28 04:40:00,100.695,100.6925,100.695,100.69,0.0,0.0,617.0,62127.575,-0.0024827449227843752,100.695
US.SGOV,iShares 0-3 Month Treasury Bond ETF,2026-08-28 04:45:00,100.69,100.695,100.7,100.69,0.0,0.0,2434.0,245098.382,0.0024828065645382986,100.6925
US.SGOV,iShares 0-3 Month Treasury Bond ETF,2026-08-28 04:50:00,100.695,100.6926,100.6973,100.69,0.0,0.0,1285.0,129389.564,-0.002383435125869613,100.695
US.SGOV,iShares 0-3 Month Treasury Bond ETF,2026-08-28 04:55:00,100.6926,100.695,100.695,100.69,0.0,0.0,1527.0,153754.626,0.0023834919348536105,100.6926
US.SGOV,iShares 0-3 Month Treasury Bond ETF,2026-08-28 05:00:00,100.695,100.69,100.7,100.69,0.0,0.0,5682.0,572158.918,-0.0049654898455687504,100.695
US.SGOV,iShares 0-3 Month Treasury Bond ETF,2026-08-28 05:05:00,100.69,100.69,100.695,100.69,0.0,0.0,1874.0,188699.386,0.0,100.69
US.SGOV,iShares 0-3 Month Treasury Bond ETF,2026-08-28 05:10:00,100.69,100.6972,100.6972,100.69,0.0,0.0,2289.0,230490.098,0.0071506604429411365,100.69
US.SGOV,iShares 0-3 Month Treasury Bond ETF,2026-08-28 05:15:00,100.695,100.6926,100.695,100.6926,0.0,0.0,401.0,40378.171,-0.004568150852254467,100.6972
US.SGOV,iShares 0-3 Month Treasury Bond ETF,2026-08-28 05:20:00,100.6926,100.69,100.6974,100.69,0.0,0.0,1009.0,101598.311,-0.0025821162627651345,100.6926
US.SGOV,iShares 0-3 Month Treasury Bond ETF,2026-08-28 05:25:00,100.69,100.695,100.7,100.69,0.0,0.0,3306.0,332911.425,0.004965736418706379,100.69
US.SGOV,iShares 0-3 Month Treasury Bond ETF,2026-08-28 05:30:00,100.695,100.69,100.695,100.69,0.0,0.0,571.0,57495.259,-0.0049654898455687504,100.695
US.SGOV,iShares 0-3 Month Treasury Bond ETF,2026-08-28 05:35:00,100.69,100.7,100.7,100.69,0.0,0.0,357.0,35947.862,0.009931472837426871,100.69
US.SGOV,iShares 0-3 Month Treasury Bond ETF,2026-08-28 05:40:00,100.7,100.6975,100.7,100.69,0.0,0.0,2008.0,202194.247,-0.002482621648458517,100.7
US.SGOV,iShares 0-3 Month Treasury Bond ETF,2026-08-28 05:45:00,100.6975,100.695,100.7,100.69,0.0,0.0,952.0,95861.928,-0.0024826832841053025,100.6975
US.SGOV,iShares 0-3 Month Treasury Bond ETF,2026-08-28 05:50:00,100.69,100.6974,100.7,100.69,0.0,0.0,1448.0,145807.081,0.0023834351258837255,100.695
US.SGOV,iShares 0-3 Month Treasury Bond ETF,2026-08-28 05:55:00,100.6974,100.69,100.6974,100.69,0.0,0.0,425.0,42793.761,-0.007348749818767983,100.6974
US.SGOV,iShares 0-3 Month Treasury Bond ETF,2026-08-28 06:00:00,100.69,100.69,100.6974,100.69,0.0,0.0,1085.0,109250.208,0.0,100.69
US.SGOV,iShares 0-3 Month Treasury Bond ETF,2026-08-28 06:05:00,100.69,100.6974,100.7,100.69,0.0,0.0,1741.0,175313.971,0.007349289899696167,100.69
US.SGOV,iShares 0-3 Month Treasury Bond ETF,2026-08-28 06:10:00,100.6974,100.69,100.6975,100.69,0.0,0.0,1157.0,116506.301,-0.007348749818767983,100.6974
US.SGOV,iShares 0-3 Month Treasury Bond ETF,2026-08-28 06:15:00,100.69,100.69,100.69,100.69,0.0,0.0,133.0,13392.072,0.0,100.69
US.SGOV,iShares 0-3 Month Treasury Bond ETF,2026-08-28 06:20:00,100.69,100.69,100.695,100.69,0.0,0.0,1383.0,139294.452,0.0,100.69
US.SGOV,iShares 0-3 Month Treasury Bond ETF,2026-08-28 06:25:00,100.69,100.695,100.695,100.69,0.0,0.0,1181.0,118916.468,0.004965736418706379,100.69
US.SGOV,iShares 0-3 Month Treasury Bond ETF,2026-08-28 06:30:00,100.695,100.69,100.695,100.69,0.0,0.0,922.0,92837.341,-0.0049654898455687504,100.695
US.SGOV,iShares 0-3 Month Treasury Bond ETF,2026-08-28 06:35:00,100.69,100.7,100.7,100.69,0.0,0.0,1622.0,163327.156,0.009931472837426871,100.69
US.SGOV,iShares 0-3 Month Treasury Bond ETF,2026-08-28 06:40:00,100.7,100.69,100.7,100.69,0.0,0.0,860.0,86594.26,-0.009930486593848178,100.7
US.SGOV,iShares 0-3 Month Treasury Bond ETF,2026-08-28 06:45:00,100.69,100.6926,100.695,100.69,0.0,0.0,467.0,47023.45,0.002582182937730704,100.69
US.SGOV,iShares 0-3 Month Treasury Bond ETF,2026-08-28 06:50:00,100.6926,100.69,100.6974,100.69,0.0,0.0,795.0,80050.092,-0.0025821162627651345,100.6926
US.SGOV,iShares 0-3 Month Treasury Bond ETF,2026-08-28 06:55:00,100.69,100.695,100.7,100.69,0.0,0.0,4217.0,424646.552,0.004965736418706379,100.69
US.SGOV,iShares 0-3 Month Treasury Bond ETF,2026-08-28 07:00:00,100.695,100.69,100.695,100.69,0.0,0.0,437.0,44002.989,-0.0049654898455687504,100.695
US.SGOV,iShares 0-3 Month Treasury Bond ETF,2026-08-28 07:05:00,100.69,100.69,100.7,100.69,0.0,0.0,55959.0,5634533.023,0.0,100.69
US.SGOV,iShares 0-3 Month Treasury Bond ETF,2026-08-28 07:10:00,100.69,100.695,100.6985,100.69,0.0,0.0,2839.0,285917.871,0.004965736418706379,100.69
US.SGOV,iShares 0-3 Month Treasury Bond ETF,2026-08-28 07:15:00,100.695,100.6964,100.6964,100.69,0.0,0.0,5901.0,594217.602,0.0013903371567643306,100.695
US.SGOV,iShares 0-3 Month Treasury Bond ETF,2026-08-28 07:20:00,100.6964,100.6928,100.6965,100.69,0.0,0.0,2821.0,284057.743,-0.0035751029828192567,100.6964
US.SGOV,iShares 0-3 Month Treasury Bond ETF,2026-08-28 07:25:00,100.6928,100.6926,100.6928,100.69,0.0,0.0,4372.0,440242.351,-0.00019862393339607133,100.6928
US.SGOV,iShares 0-3 Month Treasury Bond ETF,2026-08-28 07:30:00,100.6926,100.69,100.6927,100.69,0.0,0.0,3081.0,310233.129,-0.0025821162627651345,100.6926
US.SGOV,iShares 0-3 Month Treasury Bond ETF,2026-08-28 07:35:00,100.69,100.6901,100.695,100.69,0.0,0.0,4076.0,410461.276,9.93147283775148e-05,100.69
US.SGOV,iShares 0-3 Month Treasury Bond ETF,2026-08-28 07:40:00,100.695,100.69,100.6997,100.69,0.0,0.0,2447.0,246437.407,-9.931462974346003e-05,100.6901
US.SGOV,iShares 0-3 Month Treasury Bond ETF,2026-08-28 07:45:00,100.69,100.6925,100.6965,100.69,0.0,0.0,2960.0,298148.137,0.0024828682093531894,100.69
US.SGOV,iShares 0-3 Month Treasury Bond ETF,2026-08-28 07:50:00,100.6925,100.6901,100.7,100.69,0.0,0.0,12230.0,1231511.863,-0.0023834943019533793,100.6925
US.SGOV,iShares 0-3 Month Treasury Bond ETF,2026-08-28 07:55:00,100.69,100.6925,100.6929,100.69,0.0,0.0,5005.0,504003.925,0.00238355111375836,100.6901
US.SGOV,iShares 0-3 Month Treasury Bond ETF,2026-08-28 08:00:00,100.6901,100.7,100.7,100.69,0.0,0.0,14437.0,1453691.421,0.00744841969362901,100.6925
US.SGOV,iShares 0-3 Month Treasury Bond ETF,2026-08-28 08:05:00,100.7,100.69,100.7,100.69,0.0,0.0,6110.0,615267.0,-0.009930486593848178,100.7
US.SGOV,iShares 0-3 Month Treasury Bond ETF,2026-08-28 08:10:00,100.69,100.6926,100.695,100.69,0.0,0.0,1606.0,161721.831,0.002582182937730704,100.69
US.SGOV,iShares 0-3 Month Treasury Bond ETF,2026-08-28 08:15:00,100.6926,100.69,100.7,100.69,0.0,0.0,12648.0,1273622.365,-0.0025821162627651345,100.6926
US.SGOV,iShares 0-3 Month Treasury Bond ETF,2026-08-28 08:20:00,100.69,100.69,100.6901,100.69,0.0,0.0,15577.0,1568507.065,0.0,100.69
US.SGOV,iShares 0-3 Month Treasury Bond ETF,2026-08-28 08:25:00,100.69,100.695,100.6965,100.69,0.0,0.0,3358.0,338155.129,0.004965736418706379,100.69
US.SGOV,iShares 0-3 Month Treasury Bond ETF,2026-08-28 08:30:00,100.695,100.6905,100.6965,100.69,0.0,0.0,4835.0,486935.607,-0.0044689408610090525,100.695
US.SGOV,iShares 0-3 Month Treasury Bond ETF,2026-08-28 08:35:00,100.6963,100.69,100.6963,100.69,0.0,0.0,113922.0,11470879.689,-0.0004965711760318872,100.6905
US.SGOV,iShares 0-3 Month Treasury Bond ETF,2026-08-28 08:40:00,100.6926,100.7,100.7,100.69,0.0,0.0,4635.0,466720.993,0.009931472837426871,100.69
US.SGOV,iShares 0-3 Month Treasury Bond ETF,2026-08-28 08:45:00,100.7,100.6901,100.7,100.69,0.0,0.0,8491.0,855074.846,-0.00983118172790645,100.7
US.SGOV,iShares 0-3 Month Treasury Bond ETF,2026-08-28 08:50:00,100.6901,100.7,100.7,100.69,0.0,0.0,12120.0,1220388.897,0.009832148344277933,100.6901
US.SGOV,iShares 0-3 Month Treasury Bond ETF,2026-08-28 08:55:00,100.7,100.695,100.7,100.69,0.0,0.0,27222.0,2741175.443,-0.004965243296931145,100.7
US.SGOV,iShares 0-3 Month Treasury Bond ETF,2026-08-28 09:00:00,100.695,100.695,100.7,100.6901,0.0,0.0,3970.0,399866.906,0.0,100.695
US.SGOV,iShares 0-3 Month Treasury Bond ETF,2026-08-28 09:05:00,100.695,100.6964,100.6964,100.69,0.0,0.0,6823.0,687045.61,0.0013903371567643306,100.695
US.SGOV,iShares 0-3 Month Treasury Bond ETF,2026-08-28 09:10:00,100.6964,100.69,100.7,100.69,0.0,0.0,2297.0,231309.952,-0.0063557386361372354,100.6964
US.SGOV,iShares 0-3 Month Treasury Bond ETF,2026-08-28 09:15:00,100.69,100.6902,100.7,100.69,0.0,0.0,39715.0,3998998.002,0.0001986294567550296,100.69
US.SGOV,iShares 0-3 Month Treasury Bond ETF,2026-08-28 09:20:00,100.6902,100.69,100.6963,100.69,0.0,0.0,12358.0,1244428.582,-0.00019862906221920236,100.6902
US.SGOV,iShares 0-3 Month Treasury Bond ETF,2026-08-28 09:25:00,100.69,100.6901,100.6998,100.69,0.0,0.0,8083.0,813964.973,9.93147283775148e-05,100.69
US.SGOV,iShares 0-3 Month Treasury Bond ETF,2026-08-28 09:30:00,100.6901,100.6901,100.7,100.69,0.0,0.0,3271.0,329432.224,0.0,100.6901
US.SGOV,iShares 0-3 Month Treasury Bond ETF,2026-08-28 09:35:00,100.7,100.6978,100.7,100.69,0.0,0.0,1012361.0,101937528.888,0.007647226489992381,100.6901
US.SGOV,iShares 0-3 Month Treasury Bond ETF,2026-08-28 09:40:00,100.6922,100.6901,100.7,100.69,0.0,0.0,366592.0,36913682.099,-0.007646641733980105,100.6978
US.SGOV,iShares 0-3 Month Treasury Bond ETF,2026-08-28 09:45:00,100.69,100.6927,100.7,100.69,0.0,0.0,332517.0,33482665.532,0.0025821803732452805,100.6901
US.SGOV,iShares 0-3 Month Treasury Bond ETF,2026-08-28 09:50:00,100.695,100.69,100.7,100.69,0.0,0.0,353394.0,35584792.734,-0.0026814257637389457,100.6927
US.SGOV,iShares 0-3 Month Treasury Bond ETF,2026-08-28 09:55:00,100.6922,100.695,100.7,100.69,0.0,0.0,650692.0,65519885.735,0.004965736418706379,100.69
US.SGOV,iShares 0-3 Month Treasury Bond ETF,2026-08-28 10:00:00,100.69,100.69,100.7,100.69,0.0,0.0,256836.0,25861971.469,-0.0049654898455687504,100.695
US.SGOV,iShares 0-3 Month Treasury Bond ETF,2026-08-28 10:05:00,100.69,100.69,100.7,100.69,0.0,0.0,253916.0,25567809.658,0.0,100.69
US.SGOV,iShares 0-3 Month Treasury Bond ETF,2026-08-28 10:10:00,100.695,100.695,100.7,100.69,0.0,0.0,249097.0,25082496.131,0.004965736418706379,100.69
US.SGOV,iShares 0-3 Month Treasury Bond ETF,2026-08-28 10:15:00,100.7,100.69,100.7,100.69,0.0,0.0,164100.0,16523873.585,-0.0049654898455687504,100.695
US.SGOV,iShares 0-3 Month Treasury Bond ETF,2026-08-28 10:20:00,100.6977,100.69,100.7,100.69,0.0,0.0,209448.0,21090462.805,0.0,100.69
US.SGOV,iShares 0-3 Month Treasury Bond ETF,2026-08-28 10:25:00,100.6922,100.6978,100.7,100.69,0.0,0.0,152562.0,15362147.819,0.0077465488131921115,100.69
US.SGOV,iShares 0-3 Month Treasury Bond ETF,2026-08-28 10:30:00,100.695,100.695,100.7,100.69,0.0,0.0,171473.0,17266323.218,-0.002780596994182281,100.6978
US.SGOV,iShares 0-3 Month Treasury Bond ETF,2026-08-28 10:35:00,100.695,100.695,100.7,100.69,0.0,0.0,218759.0,22027505.758,0.0,100.695
US.SGOV,iShares 0-3 Month Treasury Bond ETF,2026-08-28 10:40:00,100.7,100.6978,100.7,100.69,0.0,0.0,164620.0,16576217.784,0.0027806743135286613,100.695
US.SGOV,iShares 0-3 Month Treasury Bond ETF,2026-08-28 10:45:00,100.69,100.69,100.7,100.69,0.0,0.0,173671.0,17487721.711,-0.0077459487694896394,100.6978
US.SGOV,iShares 0-3 Month Treasury Bond ETF,2026-08-28 10:50:00,100.6901,100.6928,100.7,100.69,0.0,0.0,274838.0,27674751.866,0.0027808123944857337,100.69
US.SGOV,iShares 0-3 Month Treasury Bond ETF,2026-08-28 10:55:00,100.7,100.7,100.7,100.69,0.0,0.0,232513.0,23412829.034,0.007150461602018645,100.6928
US.SGOV,iShares 0-3 Month Treasury Bond ETF,2026-08-28 11:00:00,100.695,100.695,100.7,100.69,0.0,0.0,1850350.0,186327673.848,-0.004965243296931145,100.7
US.SGOV,iShares 0-3 Month Treasury Bond ETF,2026-08-28 11:05:00,100.695,100.695,100.7,100.69,0.0,0.0,360082.0,36258434.346,0.0,100.695
US.SGOV,iShares 0-3 Month Treasury Bond ETF,2026-08-28 11:10:00,100.7,100.69,100.7,100.69,0.0,0.0,372747.0,37533638.904,-0.0049654898455687504,100.695
US.SGOV,iShares 0-3 Month Treasury Bond ETF,2026-08-28 11:15:00,100.695,100.6973,100.7,100.69,0.0,0.0,217998.0,21951374.616,0.007249975171318652,100.69
US.SGOV,iShares 0-3 Month Treasury Bond ETF,2026-08-28 11:20:00,100.7,100.7,100.7,100.69,0.0,0.0,165157.0,16630334.349,0.00268130327228671,100.6973
US.SGOV,iShares 0-3 Month Treasury Bond ETF,2026-08-28 11:25:00,100.6922,100.6973,100.7,100.69,0.0,0.0,186193.0,18748807.472,-0.002681231380341972,100.7
US.SGOV,iShares 0-3 Month Treasury Bond ETF,2026-08-28 11:30:00,100.695,100.69,100.7,100.69,0.0,0.0,192801.0,19413860.744,-0.007249449588023463,100.6973
US.SGOV,iShares 0-3 Month Treasury Bond ETF,2026-08-28 11:35:00,100.69,100.695,100.7,100.69,0.0,0.0,222320.0,22386223.446,0.004965736418706379,100.69
US.SGOV,iShares 0-3 Month Treasury Bond ETF,2026-08-28 11:40:00,100.6969,100.69,100.7,100.69,0.0,0.0,304743.0,30686215.932,-0.0049654898455687504,100.695
US.SGOV,iShares 0-3 Month Treasury Bond ETF,2026-08-28 11:45:00,100.6915,100.695,100.7,100.69,0.0,0.0,235874.0,23751167.558,0.004965736418706379,100.69
US.SGOV,iShares 0-3 Month Treasury Bond ETF,2026-08-28 11:50:00,100.695,100.7,100.7,100.69,0.0,0.0,203075.0,20448381.331,0.004965489845582863,100.695
US.SGOV,iShares 0-3 Month Treasury Bond ETF,2026-08-28 11:55:00,100.6978,100.695,100.7,100.69,0.0,0.0,252923.0,25467647.101,-0.004965243296931145,100.7
US.SGOV,iShares 0-3 Month Treasury Bond ETF,2026-08-28 12:00:00,100.6951,100.6951,100.7,100.69,0.0,0.0,170311.0,17149371.434,9.930979691476207e-05,100.695
US.SGOV,iShares 0-3 Month Treasury Bond ETF,2026-08-28 12:05:00,100.69,100.7,100.7,100.69,0.0,0.0,193158.0,19450035.051,0.004866175216079376,100.6951
US.SGOV,iShares 0-3 Month Treasury Bond ETF,2026-08-28 12:10:00,100.7,100.695,100.7,100.69,0.0,0.0,150603.0,15165044.99,-0.004965243296931145,100.7
US.SGOV,iShares 0-3 Month Treasury Bond ETF,2026-08-28 12:15:00,100.695,100.6928,100.7,100.69,0.0,0.0,216851.0,21835602.127,-0.0021848155320400887,100.695
US.SGOV,iShares 0-3 Month Treasury Bond ETF,2026-08-28 12:20:00,100.6922,100.695,100.7,100.69,0.0,0.0,234391.0,23601708.283,0.0021848632672721064,100.6928
US.SGOV,iShares 0-3 Month Treasury Bond ETF,2026-08-28 12:25:00,100.695,100.69,100.7,100.69,0.0,0.0,321932.0,32417149.262,-0.0049654898455687504,100.695
US.SGOV,iShares 0-3 Month Treasury Bond ETF,2026-08-28 12:30:00,100.695,100.69,100.7,100.69,0.0,0.0,247277.0,24899404.95,0.0,100.69
US.SGOV,iShares 0-3 Month Treasury Bond ETF,2026-08-28 12:35:00,100.6972,100.6922,100.7,100.69,0.0,0.0,224711.0,22627069.964,0.0021849240242347587,100.69
US.SGOV,iShares 0-3 Month Treasury Bond ETF,2026-08-28 12:40:00,100.7,100.6999,100.7,100.69,0.0,0.0,269108.0,27097494.121,0.007647067002210517,100.6922
US.SGOV,iShares 0-3 Month Treasury Bond ETF,2026-08-28 12:45:00,100.7,100.7,100.7,100.69,0.0,0.0,1530559.0,154112735.666,9.930496455638948e-05,100.6999
US.SGOV,iShares 0-3 Month Treasury Bond ETF,2026-08-28 12:50:00,100.695,100.6923,100.7,100.69,0.0,0.0,141291.0,14227342.903,-0.007646474677259004,100.7
US.SGOV,iShares 0-3 Month Treasury Bond ETF,2026-08-28 12:55:00,100.6922,100.6978,100.7,100.69,0.0,0.0,589910.0,59399796.33,0.005462185291226678,100.6923
US.SGOV,iShares 0-3 Month Treasury Bond ETF,2026-08-28 13:00:00,100.695,100.69,100.7,100.69,0.0,0.0,237452.0,23909881.771,-0.0077459487694896394,100.6978
US.SGOV,iShares 0-3 Month Treasury Bond ETF,2026-08-28 13:05:00,100.6901,100.6901,100.7,100.69,0.0,0.0,189413.0,19072980.982,9.93147283775148e-05,100.69
US.SGOV,iShares 0-3 Month Treasury Bond ETF,2026-08-28 13:10:00,100.6978,100.6922,100.7,100.69,0.0,0.0,236156.0,23779684.018,0.0020856072245420934,100.6901
US.SGOV,iShares 0-3 Month Treasury Bond ETF,2026-08-28 13:15:00,100.695,100.695,100.7,100.69,0.0,0.0,202899.0,20431411.357,0.0027807516371610454,100.6922
US.SGOV,iShares 0-3 Month Treasury Bond ETF,2026-08-28 13:20:00,100.6922,100.6901,100.7,100.69,0.0,0.0,233060.0,23467991.508,-0.004866180048653988,100.695
US.SGOV,iShares 0-3 Month Treasury Bond ETF,2026-08-28 13:25:00,100.7,100.6978,100.7,100.69,0.0,0.0,126046.0,12692020.41,0.007647226489992381,100.6901
US.SGOV,iShares 0-3 Month Treasury Bond ETF,2026-08-28 13:30:00,100.695,100.6978,100.7,100.69,0.0,0.0,155222.0,15630298.271,0.0,100.6978
US.SGOV,iShares 0-3 Month Treasury Bond ETF,2026-08-28 13:35:00,100.6927,100.6973,100.7,100.69,0.0,0.0,698661.0,70353823.582,-0.0004965351775335583,100.6978
US.SGOV,iShares 0-3 Month Treasury Bond ETF,2026-08-28 13:40:00,100.7,100.695,100.7,100.69,0.0,0.0,715415.0,72040714.517,-0.0022840731578754325,100.6973
US.SGOV,iShares 0-3 Month Treasury Bond ETF,2026-08-28 13:45:00,100.695,100.695,100.7,100.69,0.0,0.0,217845.0,21936290.571,0.0,100.695
US.SGOV,iShares 0-3 Month Treasury Bond ETF,2026-08-28 13:50:00,100.6922,100.6926,100.7,100.69,0.0,0.0,115432.0,11623438.451,-0.002383435125869613,100.695
US.SGOV,iShares 0-3 Month Treasury Bond ETF,2026-08-28 13:55:00,100.695,100.6922,100.7,100.69,0.0,0.0,840904.0,84671815.0,-0.0003972486558089351,100.6926
US.SGOV,iShares 0-3 Month Treasury Bond ETF,2026-08-28 14:00:00,100.69,100.7,100.7,100.69,0.0,0.0,140507.0,14148343.613,0.007746379560684083,100.6922
US.SGOV,iShares 0-3 Month Treasury Bond ETF,2026-08-28 14:05:00,100.69,100.7,100.7,100.69,0.0,0.0,86286.0,8688656.924,0.0,100.7
US.SGOV,iShares 0-3 Month Treasury Bond ETF,2026-08-28 14:10:00,100.6901,100.695,100.7,100.69,0.0,0.0,147074.0,14809777.495,-0.004965243296931145,100.7
US.SGOV,iShares 0-3 Month Treasury Bond ETF,2026-08-28 14:15:00,100.695,100.69,100.7,100.69,0.0,0.0,218501.0,22001537.428,-0.0049654898455687504,100.695
US.SGOV,iShares 0-3 Month Treasury Bond ETF,2026-08-28 14:20:00,100.695,100.6977,100.7,100.69,0.0,0.0,146065.0,14708038.894,0.007647234084814598,100.69
US.SGOV,iShares 0-3 Month Treasury Bond ETF,2026-08-28 14:25:00,100.695,100.6901,100.7,100.69,0.0,0.0,168442.0,16961223.221,-0.007547342193512363,100.6977
US.SGOV,iShares 0-3 Month Treasury Bond ETF,2026-08-28 14:30:00,100.6973,100.695,100.7,100.69,0.0,0.0,125707.0,12658087.605,0.00486641685726018,100.6901
US.SGOV,iShares 0-3 Month Treasury Bond ETF,2026-08-28 14:35:00,100.695,100.6922,100.7,100.69,0.0,0.0,137893.0,13884969.259,-0.0027806743135145484,100.695
US.SGOV,iShares 0-3 Month Treasury Bond ETF,2026-08-28 14:40:00,100.69,100.7,100.7,100.69,0.0,0.0,119277.0,12010515.139,0.007746379560684083,100.6922
US.SGOV,iShares 0-3 Month Treasury Bond ETF,2026-08-28 14:45:00,100.69,100.695,100.7,100.69,0.0,0.0,99514.0,10020555.912,-0.004965243296931145,100.7
US.SGOV,iShares 0-3 Month Treasury Bond ETF,2026-08-28 14:50:00,100.6922,100.6978,100.7,100.69,0.0,0.0,97926.0,9860758.897,0.0027806743135286613,100.695
US.SGOV,iShares 0-3 Month Treasury Bond ETF,2026-08-28 14:55:00,100.6972,100.69,100.7,100.69,0.0,0.0,348963.0,35137819.655,-0.0077459487694896394,100.6978
US.SGOV,iShares 0-3 Month Treasury Bond ETF,2026-08-28 15:00:00,100.69,100.69,100.7,100.69,0.0,0.0,81798.0,8236802.61,0.0,100.69
US.SGOV,iShares 0-3 Month Treasury Bond ETF,2026-08-28 15:05:00,100.695,100.69,100.7,100.69,0.0,0.0,129144.0,13003948.673,0.0,100.69
US.SGOV,iShares 0-3 Month Treasury Bond ETF,2026-08-28 15:10:00,100.6901,100.695,100.7,100.69,0.0,0.0,136240.0,13718672.781,0.004965736418706379,100.69
US.SGOV,iShares 0-3 Month Treasury Bond ETF,2026-08-28 15:15:00,100.69,100.69,100.7,100.69,0.0,0.0,121025.0,12186669.466,-0.0049654898455687504,100.695
US.SGOV,iShares 0-3 Month Treasury Bond ETF,2026-08-28 15:20:00,100.69,100.695,100.7,100.69,0.0,0.0,190858.0,19218280.343,0.004965736418706379,100.69
US.SGOV,iShares 0-3 Month Treasury Bond ETF,2026-08-28 15:25:00,100.69,100.695,100.7,100.69,0.0,0.0,173055.0,17425698.958,0.0,100.695
US.SGOV,iShares 0-3 Month Treasury Bond ETF,2026-08-28 15:30:00,100.6901,100.695,100.7,100.69,0.0,0.0,180271.0,18152292.803,0.0,100.695
US.SGOV,iShares 0-3 Month Treasury Bond ETF,2026-08-28 15:35:00,100.6972,100.695,100.7,100.69,0.0,0.0,233818.0,23544591.93,0.0,100.695
US.SGOV,iShares 0-3 Month Treasury Bond ETF,2026-08-28 15:40:00,100.695,100.6901,100.7,100.69,0.0,0.0,226386.0,22795827.322,-0.004866180048653988,100.695
US.SGOV,iShares 0-3 Month Treasury Bond ETF,2026-08-28 15:45:00,100.695,100.695,100.7,100.69,0.0,0.0,221847.0,22338902.779,0.00486641685726018,100.6901
US.SGOV,iShares 0-3 Month Treasury Bond ETF,2026-08-28 15:50:00,100.7,100.695,100.7,100.69,0.0,0.0,320171.0,32239586.901,0.0,100.695
US.SGOV,iShares 0-3 Month Treasury Bond ETF,2026-08-28 15:55:00,100.695,100.695,100.7,100.69,0.0,0.0,371840.0,37442639.573,0.0,100.695
US.SGOV,iShares 0-3 Month Treasury Bond ETF,2026-08-28 16:00:00,100.6901,100.69,100.7,100.69,0.0,0.0,1020355.0,102745119.467,-0.0049654898455687504,100.695
US.SGOV,iShares 0-3 Month Treasury Bond ETF,2026-08-28 16:05:00,100.696,100.696,100.7,100.69,0.0,0.0,137515.0,13846685.504,0.005958883702453299,100.69
US.SGOV,iShares 0-3 Month Treasury Bond ETF,2026-08-28 16:10:00,100.69,100.69,100.7,100.69,0.0,0.0,29979.0,3018773.514,-0.005958528640661225,100.696
US.SGOV,iShares 0-3 Month Treasury Bond ETF,2026-08-28 16:15:00,100.69,100.6985,100.7,100.69,0.0,0.0,19994.0,2013294.257,0.008441751911806489,100.69
US.SGOV,iShares 0-3 Month Treasury Bond ETF,2026-08-28 16:20:00,100.6985,100.69,100.6998,100.69,0.0,0.0,11388.0,1146758.519,-0.00844103934020661,100.6985
US.SGOV,iShares 0-3 Month Treasury Bond ETF,2026-08-28 16:25:00,100.69,100.6999,100.7,100.69,0.0,0.0,17429.0,1755094.12,0.009832158109049357,100.69
US.SGOV,iShares 0-3 Month Treasury Bond ETF,2026-08-28 16:30:00,100.6999,100.7,100.7,100.69,0.0,0.0,18215.0,1834201.686,9.930496455638948e-05,100.6999
US.SGOV,iShares 0-3 Month Treasury Bond ETF,2026-08-28 16:35:00,100.7,100.6905,100.7,100.69,0.0,0.0,12115.0,1219935.553,-0.009433962264153653,100.7
US.SGOV,iShares 0-3 Month Treasury Bond ETF,2026-08-28 16:40:00,100.6905,100.695,100.7,100.69,0.0,0.0,10187.0,1025878.827,0.0044691405842587585,100.6905
US.SGOV,iShares 0-3 Month Treasury Bond ETF,2026-08-28 16:45:00,100.695,100.69,100.7,100.69,0.0,0.0,25589.0,2576624.614,-0.0049654898455687504,100.695
US.SGOV,iShares 0-3 Month Treasury Bond ETF,2026-08-28 16:50:00,100.69,100.69,100.69,100.69,0.0,0.0,14703.0,1480457.75,0.0,100.69
US.SGOV,iShares 0-3 Month Treasury Bond ETF,2026-08-28 16:55:00,100.69,100.69,100.69,100.69,0.0,0.0,11245.0,1132298.87,0.0,100.69
US.SGOV,iShares 0-3 Month Treasury Bond ETF,2026-08-28 17:00:00,100.69,100.69,100.69,100.69,0.0,0.0,36821.0,3707591.464,0.0,100.69
US.SGOV,iShares 0-3 Month Treasury Bond ETF,2026-08-28 17:05:00,100.69,100.69,100.69,100.69,0.0,0.0,3216.0,323839.04,0.0,100.69
US.SGOV,iShares 0-3 Month Treasury Bond ETF,2026-08-28 17:10:00,100.69,100.69,100.69,100.69,0.0,0.0,24647.0,2481716.951,0.0,100.69
US.SGOV,iShares 0-3 Month Treasury Bond ETF,2026-08-28 17:15:00,100.69,100.69,100.69,100.69,0.0,0.0,19351.0,1948473.674,0.0,100.69
US.SGOV,iShares 0-3 Month Treasury Bond ETF,2026-08-28 17:20:00,100.69,100.69,100.69,100.69,0.0,0.0,8987.0,904972.55,0.0,100.69
US.SGOV,iShares 0-3 Month Treasury Bond ETF,2026-08-28 17:25:00,100.69,100.69,100.69,100.69,0.0,0.0,4789.0,482211.483,0.0,100.69
US.SGOV,iShares 0-3 Month Treasury Bond ETF,2026-08-28 17:30:00,100.69,100.69,100.69,100.69,0.0,0.0,31077.0,3129233.057,0.0,100.69
US.SGOV,iShares 0-3 Month Treasury Bond ETF,2026-08-28 17:35:00,100.69,100.69,100.69,100.69,0.0,0.0,6578.0,662407.81,0.0,100.69
US.SGOV,iShares 0-3 Month Treasury Bond ETF,2026-08-28 17:40:00,100.69,100.69,100.69,100.69,0.0,0.0,3668.0,369337.404,0.0,100.69
US.SGOV,iShares 0-3 Month Treasury Bond ETF,2026-08-28 17:45:00,100.69,100.69,100.69,100.69,0.0,0.0,6121.0,616353.0,0.0,100.69
US.SGOV,iShares 0-3 Month Treasury Bond ETF,2026-08-28 17:50:00,100.69,100.69,100.69,100.69,0.0,0.0,11545.0,1162504.337,0.0,100.69
US.SGOV,iShares 0-3 Month Treasury Bond ETF,2026-08-28 17:55:00,100.69,100.69,100.69,100.69,0.0,0.0,2575.0,259341.214,0.0,100.69
US.SGOV,iShares 0-3 Month Treasury Bond ETF,2026-08-28 18:00:00,100.69,100.69,100.69,100.69,0.0,0.0,1870.0,188306.543,0.0,100.69
US.SGOV,iShares 0-3 Month Treasury Bond ETF,2026-08-28 18:05:00,100.69,100.69,100.69,100.69,0.0,0.0,4536.0,456785.945,0.0,100.69
US.SGOV,iShares 0-3 Month Treasury Bond ETF,2026-08-28 18:10:00,100.69,100.69,100.69,100.69,0.0,0.0,8557.0,861682.329,0.0,100.69
US.SGOV,iShares 0-3 Month Treasury Bond ETF,2026-08-28 18:15:00,100.69,100.69,100.69,100.69,0.0,0.0,10683.0,1075696.05,0.0,100.69
US.SGOV,iShares 0-3 Month Treasury Bond ETF,2026-08-28 18:20:00,100.69,100.69,100.69,100.69,0.0,0.0,3343.0,336634.414,0.0,100.69
US.SGOV,iShares 0-3 Month Treasury Bond ETF,2026-08-28 18:25:00,100.69,100.69,100.69,100.69,0.0,0.0,1208.0,121732.858,0.0,100.69
US.SGOV,iShares 0-3 Month Treasury Bond ETF,2026-08-28 18:30:00,100.69,100.69,100.69,100.69,0.0,0.0,3548.0,357330.666,0.0,100.69
US.SGOV,iShares 0-3 Month Treasury Bond ETF,2026-08-28 18:35:00,100.69,100.69,100.69,100.69,0.0,0.0,20250.0,2039050.678,0.0,100.69
US.SGOV,iShares 0-3 Month Treasury Bond ETF,2026-08-28 18:40:00,100.69,100.69,100.69,100.69,0.0,0.0,11186.0,1126363.527,0.0,100.69
US.SGOV,iShares 0-3 Month Treasury Bond ETF,2026-08-28 18:45:00,100.69,100.69,100.69,100.69,0.0,0.0,3908.0,393503.677,0.0,100.69
US.SGOV,iShares 0-3 Month Treasury Bond ETF,2026-08-28 18:50:00,100.69,100.69,100.69,100.69,0.0,0.0,6664.0,671026.107,0.0,100.69
US.SGOV,iShares 0-3 Month Treasury Bond ETF,2026-08-28 18:55:00,100.69,100.69,100.69,100.69,0.0,0.0,5316.0,535354.804,0.0,100.69
US.SGOV,iShares 0-3 Month Treasury Bond ETF,2026-08-28 19:00:00,100.69,100.69,100.69,100.69,0.0,0.0,21242.0,2138879.004,0.0,100.69
US.SGOV,iShares 0-3 Month Treasury Bond ETF,2026-08-28 19:05:00,100.69,100.69,100.69,100.69,0.0,0.0,5072.0,510733.897,0.0,100.69
US.SGOV,iShares 0-3 Month Treasury Bond ETF,2026-08-28 19:10:00,100.69,100.69,100.69,100.69,0.0,0.0,1247.0,125656.563,0.0,100.69
US.SGOV,iShares 0-3 Month Treasury Bond ETF,2026-08-28 19:15:00,100.69,100.69,100.69,100.69,0.0,0.0,123271.0,12412219.85,0.0,100.69
US.SGOV,iShares 0-3 Month Treasury Bond ETF,2026-08-28 19:20:00,100.69,100.69,100.69,100.69,0.0,0.0,303001.0,30509192.24,0.0,100.69
US.SGOV,iShares 0-3 Month Treasury Bond ETF,2026-08-28 19:25:00,100.69,100.6899,100.69,100.6899,0.0,0.0,8487.0,854652.937,-9.93147283775148e-05,100.69
US.SGOV,iShares 0-3 Month Treasury Bond ETF,2026-08-28 19:30:00,100.6899,100.6834,100.69,100.6834,0.0,0.0,2143.0,215843.454,-0.006455463755538941,100.6899
US.SGOV,iShares 0-3 Month Treasury Bond ETF,2026-08-28 19:35:00,100.6834,100.68,100.69,100.68,0.0,0.0,5596.0,563517.507,-0.0033769221142702583,100.6834
US.SGOV,iShares 0-3 Month Treasury Bond ETF,2026-08-28 19:40:00,100.69,100.6895,100.69,100.6895,0.0,0.0,3168.0,319011.75,0.00943583631305971,100.68
US.SGOV,iShares 0-3 Month Treasury Bond ETF,2026-08-28 19:45:00,100.6834,100.6899,100.69,100.6834,0.0,0.0,3700.0,372632.975,0.00039726088618879604,100.6895
US.SGOV,iShares 0-3 Month Treasury Bond ETF,2026-08-28 19:50:00,100.6834,100.69,100.69,100.68,0.0,0.0,32565.0,3278939.536,9.931482701176548e-05,100.6899
US.SGOV,iShares 0-3 Month Treasury Bond ETF,2026-08-28 19:55:00,100.69,100.69,100.69,100.6834,0.0,0.0,3486.0,351080.148,0.0,100.69
US.SGOV,iShares 0-3 Month Treasury Bond ETF,2026-08-28 20:00:00,100.69,100.69,100.69,100.68,0.0,0.0,8003.0,805904.338,0.0,100.69
US.SGOV,iShares 0-3 Month Treasury Bond ETF,2026-08-31 04:05:00,100.69,100.6975,100.7,100.69,0.0,0.0,96152.0,9681961.585,0.007448604628073682,100.69
US.SGOV,iShares 0-3 Month Treasury Bond ETF,2026-08-31 04:10:00,100.6975,100.6927,100.7,100.69,0.0,0.0,4837.0,487054.189,-0.004766751905462423,100.6975
US.SGOV,iShares 0-3 Month Treasury Bond ETF,2026-08-31 04:15:00,100.6927,100.695,100.695,100.6902,0.0,0.0,56762.0,5715621.876,0.002284177502431742,100.6927
US.SGOV,iShares 0-3 Month Treasury Bond ETF,2026-08-31 04:20:00,100.695,100.6974,100.7,100.69,0.0,0.0,176179.0,17740231.21,0.0023834351258837255,100.695
US.SGOV,iShares 0-3 Month Treasury Bond ETF,2026-08-31 04:25:00,100.6974,100.6974,100.6974,100.69,0.0,0.0,3489.0,351313.782,0.0,100.6974
US.SGOV,iShares 0-3 Month Treasury Bond ETF,2026-08-31 04:30:00,100.6974,100.695,100.7,100.695,0.0,0.0,4496.0,452741.376,-0.0023833783196076735,100.6974
US.SGOV,iShares 0-3 Month Treasury Bond ETF,2026-08-31 04:35:00,100.695,100.6974,100.6974,100.695,0.0,0.0,311.0,31316.566,0.0023834351258837255,100.695
US.SGOV,iShares 0-3 Month Treasury Bond ETF,2026-08-31 04:40:00,100.695,100.6997,100.6997,100.69,0.0,0.0,3247.0,326943.866,0.0022840708896210804,100.6974
US.SGOV,iShares 0-3 Month Treasury Bond ETF,2026-08-31 04:45:00,100.6997,100.6997,100.7,100.6974,0.0,0.0,13645.0,1374049.438,0.0,100.6997
US.SGOV,iShares 0-3 Month Treasury Bond ETF,2026-08-31 04:50:00,100.7,100.695,100.7,100.695,0.0,0.0,1740.0,175212.175,-0.004667342603815021,100.6997
US.SGOV,iShares 0-3 Month Treasury Bond ETF,2026-08-31 04:55:00,100.6999,100.695,100.6999,100.69,0.0,0.0,2399.0,241569.249,0.0,100.695
US.SGOV,iShares 0-3 Month Treasury Bond ETF,2026-08-31 05:00:00,100.695,100.695,100.7,100.69,0.0,0.0,1284.0,129303.012,0.0,100.695
US.SGOV,iShares 0-3 Month Treasury Bond ETF,2026-08-31 05:05:00,100.695,100.6972,100.7,100.695,0.0,0.0,2262.0,227776.455,0.0021848155320542016,100.695
US.SGOV,iShares 0-3 Month Treasury Bond ETF,2026-08-31 05:10:00,100.6972,100.695,100.7,100.69,0.0,0.0,4569.0,460185.38,-0.0021847677989079916,100.6972
US.SGOV,iShares 0-3 Month Treasury Bond ETF,2026-08-31 05:15:00,100.695,100.695,100.695,100.695,0.0,0.0,536.0,53972.747,0.0,100.695
US.SGOV,iShares 0-3 Month Treasury Bond ETF,2026-08-31 05:20:00,100.695,100.695,100.7,100.69,0.0,0.0,11277.0,1135643.491,0.0,100.695
US.SGOV,iShares 0-3 Month Treasury Bond ETF,2026-08-31 05:25:00,100.695,100.69,100.6974,100.69,0.0,0.0,1799.0,181194.207,-0.0049654898455687504,100.695
US.SGOV,iShares 0-3 Month Treasury Bond ETF,2026-08-31 05:30:00,100.69,100.695,100.7,100.69,0.0,0.0,3973.0,400065.33,0.004965736418706379,100.69
US.SGOV,iShares 0-3 Month Treasury Bond ETF,2026-08-31 05:35:00,100.695,100.69,100.695,100.69,0.0,0.0,383.0,38576.897,-0.0049654898455687504,100.695
US.SGOV,iShares 0-3 Month Treasury Bond ETF,2026-08-31 05:40:00,100.69,100.695,100.6974,100.69,0.0,0.0,1352.0,136151.615,0.004965736418706379,100.69
US.SGOV,iShares 0-3 Month Treasury Bond ETF,2026-08-31 05:45:00,100.695,100.695,100.695,100.695,0.0,0.0,7433.0,748465.798,0.0,100.695
US.SGOV,iShares 0-3 Month Treasury Bond ETF,2026-08-31 05:50:00,100.695,100.6974,100.6974,100.695,0.0,0.0,494.0,49744.328,0.0023834351258837255,100.695
US.SGOV,iShares 0-3 Month Treasury Bond ETF,2026-08-31 05:55:00,100.6974,100.695,100.6974,100.695,0.0,0.0,718.0,72372.504,-0.0023833783196076735,100.6974
US.SGOV,iShares 0-3 Month Treasury Bond ETF,2026-08-31 06:00:00,100.695,100.6903,100.695,100.69,0.0,0.0,2663.0,268226.116,-0.004667560454838577,100.695
US.SGOV,iShares 0-3 Month Treasury Bond ETF,2026-08-31 06:05:00,100.695,100.6973,100.7,100.695,0.0,0.0,4753.0,478612.362,0.006952010273089863,100.6903
US.SGOV,iShares 0-3 Month Treasury Bond ETF,2026-08-31 06:10:00,100.6973,100.6903,100.6973,100.6903,0.0,0.0,3893.0,391989.205,-0.006951527002218533,100.6973
US.SGOV,iShares 0-3 Month Treasury Bond ETF,2026-08-31 06:15:00,100.6903,100.69,100.7,100.69,0.0,0.0,2238.0,225359.681,-0.00029794329741370136,100.6903
US.SGOV,iShares 0-3 Month Treasury Bond ETF,2026-08-31 06:20:00,100.69,100.69,100.695,100.69,0.0,0.0,1020.0,102708.352,0.0,100.69
US.SGOV,iShares 0-3 Month Treasury Bond ETF,2026-08-31 06:25:00,100.69,100.6972,100.6975,100.69,0.0,0.0,1651.0,166249.768,0.0071506604429411365,100.69
US.SGOV,iShares 0-3 Month Treasury Bond ETF,2026-08-31 06:30:00,100.6972,100.695,100.7,100.695,0.0,0.0,1480.0,149031.07,-0.0021847677989079916,100.6972
US.SGOV,iShares 0-3 Month Treasury Bond ETF,2026-08-31 06:35:00,100.695,100.695,100.695,100.69,0.0,0.0,10949.0,1102472.986,0.0,100.695
US.SGOV,iShares 0-3 Month Treasury Bond ETF,2026-08-31 06:40:00,100.695,100.695,100.7,100.695,0.0,0.0,4947.0,498140.961,0.0,100.695
US.SGOV,iShares 0-3 Month Treasury Bond ETF,2026-08-31 06:45:00,100.695,100.695,100.695,100.69,0.0,0.0,2855.0,287474.392,0.0,100.695
US.SGOV,iShares 0-3 Month Treasury Bond ETF,2026-08-31 06:50:00,100.695,100.695,100.695,100.695,0.0,0.0,5187.0,522305.265,0.0,100.695
US.SGOV,iShares 0-3 Month Treasury Bond ETF,2026-08-31 06:55:00,100.695,100.6901,100.7,100.6901,0.0,0.0,8960.0,902212.304,-0.004866180048653988,100.695
US.SGOV,iShares 0-3 Month Treasury Bond ETF,2026-08-31 07:00:00,100.6901,100.6975,100.7,100.6901,0.0,0.0,2008.0,202196.76,0.007349282600776114,100.6901
US.SGOV,iShares 0-3 Month Treasury Bond ETF,2026-08-31 07:05:00,100.6975,100.7,100.7,100.69,0.0,0.0,50463.0,5081220.968,0.00248268328409119,100.6975
US.SGOV,iShares 0-3 Month Treasury Bond ETF,2026-08-31 07:10:00,100.7,100.695,100.7,100.6902,0.0,0.0,28708.0,2890863.125,-0.004965243296931145,100.7
US.SGOV,iShares 0-3 Month Treasury Bond ETF,2026-08-31 07:15:00,100.695,100.6998,100.7,100.69,0.0,0.0,12611.0,1269976.337,0.004766870251753339,100.695
US.SGOV,iShares 0-3 Month Treasury Bond ETF,2026-08-31 07:20:00,100.6998,100.695,100.7,100.6902,0.0,0.0,3740.0,376695.952,-0.004766643032064636,100.6998
US.SGOV,iShares 0-3 Month Treasury Bond ETF,2026-08-31 07:25:00,100.695,100.6901,100.7,100.69,0.0,0.0,12835.0,1292439.447,-0.004866180048653988,100.695
US.SGOV,iShares 0-3 Month Treasury Bond ETF,2026-08-31 07:30:00,100.6901,100.695,100.6974,100.69,0.0,0.0,4723.0,475644.69,0.00486641685726018,100.6901
US.SGOV,iShares 0-3 Month Treasury Bond ETF,2026-08-31 07:35:00,100.6901,100.7,100.7,100.69,0.0,0.0,74072.0,7458470.054,0.004965489845582863,100.695
US.SGOV,iShares 0-3 Month Treasury Bond ETF,2026-08-31 07:40:00,100.7,100.7,100.7,100.69,0.0,0.0,3617.0,364301.168,0.0,100.7
US.SGOV,iShares 0-3 Month Treasury Bond ETF,2026-08-31 07:45:00,100.7,100.695,100.7,100.69,0.0,0.0,6579.0,662468.163,-0.004965243296931145,100.7
US.SGOV,iShares 0-3 Month Treasury Bond ETF,2026-08-31 07:50:00,100.695,100.7,100.7,100.69,0.0,0.0,3180.0,320229.502,0.004965489845582863,100.695
US.SGOV,iShares 0-3 Month Treasury Bond ETF,2026-08-31 07:55:00,100.7,100.695,100.7,100.69,0.0,0.0,65397.0,6585208.246,-0.004965243296931145,100.7
US.SGOV,iShares 0-3 Month Treasury Bond ETF,2026-08-31 08:00:00,100.695,100.69,100.6997,100.69,0.0,0.0,27873.0,2806761.973,-0.0049654898455687504,100.695
US.SGOV,iShares 0-3 Month Treasury Bond ETF,2026-08-31 08:05:00,100.69,100.695,100.7,100.69,0.0,0.0,9960.0,1003024.781,0.004965736418706379,100.69
US.SGOV,iShares 0-3 Month Treasury Bond ETF,2026-08-31 08:10:00,100.695,100.69,100.7,100.69,0.0,0.0,7298.0,734936.936,-0.0049654898455687504,100.695
US.SGOV,iShares 0-3 Month Treasury Bond ETF,2026-08-31 08:15:00,100.7,100.695,100.7,100.6901,0.0,0.0,8770.0,883150.558,0.004965736418706379,100.69
US.SGOV,iShares 0-3 Month Treasury Bond ETF,2026-08-31 08:20:00,100.695,100.69,100.7,100.69,0.0,0.0,9305.0,936991.522,-0.0049654898455687504,100.695
US.SGOV,iShares 0-3 Month Treasury Bond ETF,2026-08-31 08:25:00,100.69,100.7,100.7,100.69,0.0,0.0,14493.0,1459410.15,0.009931472837426871,100.69
US.SGOV,iShares 0-3 Month Treasury Bond ETF,2026-08-31 08:30:00,100.7,100.695,100.7,100.69,0.0,0.0,36733.0,3698795.328,-0.004965243296931145,100.7
US.SGOV,iShares 0-3 Month Treasury Bond ETF,2026-08-31 08:35:00,100.695,100.695,100.7,100.69,0.0,0.0,4937.0,497180.545,0.0,100.695
US.SGOV,iShares 0-3 Month Treasury Bond ETF,2026-08-31 08:40:00,100.695,100.69,100.7,100.69,0.0,0.0,18796.0,1892677.458,-0.0049654898455687504,100.695
US.SGOV,iShares 0-3 Month Treasury Bond ETF,2026-08-31 08:45:00,100.69,100.7,100.7,100.69,0.0,0.0,17370.0,1749070.388,0.009931472837426871,100.69
US.SGOV,iShares 0-3 Month Treasury Bond ETF,2026-08-31 08:50:00,100.7,100.695,100.7,100.69,0.0,0.0,14432.0,1453189.06,-0.004965243296931145,100.7
US.SGOV,iShares 0-3 Month Treasury Bond ETF,2026-08-31 08:55:00,100.695,100.695,100.7,100.69,0.0,0.0,18257.0,1838443.185,0.0,100.695
US.SGOV,iShares 0-3 Month Treasury Bond ETF,2026-08-31 09:00:00,100.695,100.6901,100.7,100.69,0.0,0.0,15097.0,1520178.095,-0.004866180048653988,100.695
US.SGOV,iShares 0-3 Month Treasury Bond ETF,2026-08-31 09:05:00,100.6901,100.6973,100.7,100.69,0.0,0.0,14566.0,1466760.055,0.007150653341289195,100.6901
US.SGOV,iShares 0-3 Month Treasury Bond ETF,2026-08-31 09:10:00,100.6973,100.695,100.6973,100.69,0.0,0.0,9475.0,954102.102,-0.0022840731578754325,100.6973
US.SGOV,iShares 0-3 Month Treasury Bond ETF,2026-08-31 09:15:00,100.7,100.695,100.7,100.69,0.0,0.0,15211.0,1531729.328,0.0,100.695
US.SGOV,iShares 0-3 Month Treasury Bond ETF,2026-08-31 09:20:00,100.695,100.695,100.7,100.69,0.0,0.0,4268.0,429832.698,0.0,100.695
US.SGOV,iShares 0-3 Month Treasury Bond ETF,2026-08-31 09:25:00,100.695,100.695,100.7,100.69,0.0,0.0,43708.0,4401243.364,0.0,100.695
US.SGOV,iShares 0-3 Month Treasury Bond ETF,2026-08-31 09:30:00,100.695,100.6974,100.7,100.695,0.0,0.0,4383.0,441374.703,0.0023834351258837255,100.695
US.SGOV,iShares 0-3 Month Treasury Bond ETF,2026-08-31 09:35:00,100.695,100.695,100.7,100.69,0.0,0.0,2994919.0,301566795.551,-0.0023833783196076735,100.6974
US.SGOV,iShares 0-3 Month Treasury Bond ETF,2026-08-31 09:40:00,100.695,100.6977,100.7,100.69,0.0,0.0,1515086.0,152559126.785,0.002681364516613899,100.695
US.SGOV,iShares 0-3 Month Treasury Bond ETF,2026-08-31 09:45:00,100.695,100.6916,100.7,100.69,0.0,0.0,628943.0,63330310.818,-0.006057735181641236,100.6977
US.SGOV,iShares 0-3 Month Treasury Bond ETF,2026-08-31 09:50:00,100.6923,100.6977,100.7,100.69,0.0,0.0,537226.0,54095322.923,0.006058102165427451,100.6916
US.SGOV,iShares 0-3 Month Treasury Bond ETF,2026-08-31 09:55:00,100.7,100.6969,100.7,100.69,0.0,0.0,713432.0,71838809.323,-0.0007944570729998159,100.6977
US.SGOV,iShares 0-3 Month Treasury Bond ETF,2026-08-31 10:00:00,100.6972,100.695,100.7,100.69,0.0,0.0,509139.0,51267382.062,-0.0018868505386027078,100.6969
US.SGOV,iShares 0-3 Month Treasury Bond ETF,2026-08-31 10:05:00,100.6905,100.6978,100.7,100.69,0.0,0.0,530043.0,53372238.818,0.0027806743135286613,100.695
US.SGOV,iShares 0-3 Month Treasury Bond ETF,2026-08-31 10:10:00,100.695,100.6977,100.7,100.69,0.0,0.0,607376.0,61159059.03,-9.930703550953412e-05,100.6978
US.SGOV,iShares 0-3 Month Treasury Bond ETF,2026-08-31 10:15:00,100.69,100.6999,100.7,100.69,0.0,0.0,630338.0,63471418.028,0.00218475695075655,100.6977
US.SGOV,iShares 0-3 Month Treasury Bond ETF,2026-08-31 10:20:00,100.695,100.6928,100.7,100.69,0.0,0.0,464745.0,46797617.32,-0.007050652483263748,100.6999
US.SGOV,iShares 0-3 Month Treasury Bond ETF,2026-08-31 10:25:00,100.6922,100.6978,100.7,100.69,0.0,0.0,470866.0,47413860.689,0.004965598334732426,100.6928
US.SGOV,iShares 0-3 Month Treasury Bond ETF,2026-08-31 10:30:00,100.6985,100.6926,100.7,100.69,0.0,0.0,364778.0,36731188.491,-0.005163965846326426,100.6978
US.SGOV,iShares 0-3 Month Treasury Bond ETF,2026-08-31 10:35:00,100.6987,100.6973,100.7,100.69,0.0,0.0,404372.0,40718152.183,0.004667671705765573,100.6926
US.SGOV,iShares 0-3 Month Treasury Bond ETF,2026-08-31 10:40:00,100.695,100.6922,100.7,100.69,0.0,0.0,439645.0,44269914.892,-0.0050646839587543775,100.6973
US.SGOV,iShares 0-3 Month Treasury Bond ETF,2026-08-31 10:45:00,100.69,100.7,100.7,100.69,0.0,0.0,441770.0,44483926.158,0.007746379560684083,100.6922
US.SGOV,iShares 0-3 Month Treasury Bond ETF,2026-08-31 10:50:00,100.6922,100.695,100.7,100.69,0.0,0.0,486084.0,48945186.687,-0.004965243296931145,100.7
US.SGOV,iShares 0-3 Month Treasury Bond ETF,2026-08-31 10:55:00,100.7,100.695,100.7,100.69,0.0,0.0,367713.0,37026491.488,0.0,100.695
US.SGOV,iShares 0-3 Month Treasury Bond ETF,2026-08-31 11:00:00,100.695,100.6901,100.7,100.69,0.0,0.0,210785.0,21224787.141,-0.004866180048653988,100.695
US.SGOV,iShares 0-3 Month Treasury Bond ETF,2026-08-31 11:05:00,100.6922,100.695,100.7,100.69,0.0,0.0,333042.0,33535338.708,0.00486641685726018,100.6901
US.SGOV,iShares 0-3 Month Treasury Bond ETF,2026-08-31 11:10:00,100.695,100.695,100.7,100.69,0.0,0.0,460317.0,46351499.383,0.0,100.695
US.SGOV,iShares 0-3 Month Treasury Bond ETF,2026-08-31 11:15:00,100.6999,100.6901,100.7,100.69,0.0,0.0,260851.0,26265958.61,-0.004866180048653988,100.695
US.SGOV,iShares 0-3 Month Treasury Bond ETF,2026-08-31 11:20:00,100.69,100.6922,100.7,100.69,0.0,0.0,235341.0,23697517.916,0.0020856072245420934,100.6901
US.SGOV,iShares 0-3 Month Treasury Bond ETF,2026-08-31 11:25:00,100.6978,100.7,100.7,100.69,0.0,0.0,415755.0,41864127.565,0.007746379560684083,100.6922
US.SGOV,iShares 0-3 Month Treasury Bond ETF,2026-08-31 11:30:00,100.6997,100.695,100.7,100.69,0.0,0.0,382627.0,38528067.319,-0.004965243296931145,100.7
US.SGOV,iShares 0-3 Month Treasury Bond ETF,2026-08-31 11:35:00,100.695,100.695,100.7,100.69,0.0,0.0,335232.0,33756049.535,0.0,100.695
US.SGOV,iShares 0-3 Month Treasury Bond ETF,2026-08-31 11:40:00,100.6999,100.695,100.7,100.69,0.0,0.0,300673.0,30276322.457,0.0,100.695
US.SGOV,iShares 0-3 Month Treasury Bond ETF,2026-08-31 11:45:00,100.7,100.6977,100.7,100.69,0.0,0.0,205622.0,20705208.548,0.002681364516613899,100.695
US.SGOV,iShares 0-3 Month Treasury Bond ETF,2026-08-31 11:50:00,100.695,100.7,100.7,100.69,0.0,0.0,649941.0,65446626.605,0.002284064084885055,100.6977
US.SGOV,iShares 0-3 Month Treasury Bond ETF,2026-08-31 11:55:00,100.7,100.7,100.7,100.69,0.0,0.0,177585.0,17882090.109,0.0,100.7
US.SGOV,iShares 0-3 Month Treasury Bond ETF,2026-08-31 12:00:00,100.6972,100.7,100.7,100.69,0.0,0.0,331949.0,33425577.103,0.0,100.7
US.SGOV,iShares 0-3 Month Treasury Bond ETF,2026-08-31 12:05:00,100.695,100.6971,100.7,100.69,0.0,0.0,260078.0,26188657.099,-0.0028798411122113146,100.7
US.SGOV,iShares 0-3 Month Treasury Bond ETF,2026-08-31 12:10:00,100.695,100.6999,100.7,100.69,0.0,0.0,281394.0,28335230.774,0.0027806163236016473,100.6971
US.SGOV,iShares 0-3 Month Treasury Bond ETF,2026-08-31 12:15:00,100.695,100.69,100.7,100.69,0.0,0.0,212849.0,21432873.237,-0.00983119149075798,100.6999
US.SGOV,iShares 0-3 Month Treasury Bond ETF,2026-08-31 12:20:00,100.6928,100.6922,100.7,100.69,0.0,0.0,216195.0,21770033.525,0.0021849240242347587,100.69
US.SGOV,iShares 0-3 Month Treasury Bond ETF,2026-08-31 12:25:00,100.695,100.6934,100.7,100.69,0.0,0.0,263939.0,26577484.577,0.001191750701640448,100.6922
US.SGOV,iShares 0-3 Month Treasury Bond ETF,2026-08-31 12:30:00,100.6977,100.6923,100.7,100.69,0.0,0.0,206119.0,20755215.266,-0.0010924251241828003,100.6934
US.SGOV,iShares 0-3 Month Treasury Bond ETF,2026-08-31 12:35:00,100.6928,100.6978,100.7,100.69,0.0,0.0,124949.0,12581678.78,0.005462185291226678,100.6923
US.SGOV,iShares 0-3 Month Treasury Bond ETF,2026-08-31 12:40:00,100.69,100.7,100.7,100.69,0.0,0.0,178002.0,17923795.523,0.002184754781139189,100.6978
US.SGOV,iShares 0-3 Month Treasury Bond ETF,2026-08-31 12:45:00,100.695,100.695,100.7,100.69,0.0,0.0,172979.0,17418098.557,-0.004965243296931145,100.7
US.SGOV,iShares 0-3 Month Treasury Bond ETF,2026-08-31 12:50:00,100.695,100.695,100.7,100.69,0.0,0.0,314730.0,31691246.626,0.0,100.695
US.SGOV,iShares 0-3 Month Treasury Bond ETF,2026-08-31 12:55:00,100.695,100.695,100.7,100.69,0.0,0.0,178875.0,18011796.163,0.0,100.695
US.SGOV,iShares 0-3 Month Treasury Bond ETF,2026-08-31 13:00:00,100.6971,100.69,100.7,100.69,0.0,0.0,161405.0,16252660.992,-0.0049654898455687504,100.695
US.SGOV,iShares 0-3 Month Treasury Bond ETF,2026-08-31 13:05:00,100.691,100.6994,100.7,100.69,0.0,0.0,301442.0,30354326.313,0.009335584467175896,100.69
US.SGOV,iShares 0-3 Month Treasury Bond ETF,2026-08-31 13:10:00,100.695,100.695,100.7,100.69,0.0,0.0,254488.0,25626233.317,-0.004369440135694906,100.6994
US.SGOV,iShares 0-3 Month Treasury Bond ETF,2026-08-31 13:15:00,100.695,100.7,100.7,100.69,0.0,0.0,170818.0,17200432.431,0.004965489845582863,100.695
US.SGOV,iShares 0-3 Month Treasury Bond ETF,2026-08-31 13:20:00,100.6922,100.695,100.7,100.69,0.0,0.0,236727.0,23837169.529,-0.004965243296931145,100.7
US.SGOV,iShares 0-3 Month Treasury Bond ETF,2026-08-31 13:25:00,100.7,100.69,100.7,100.69,0.0,0.0,159984.0,16109618.041,-0.0049654898455687504,100.695
US.SGOV,iShares 0-3 Month Treasury Bond ETF,2026-08-31 13:30:00,100.695,100.6928,100.7,100.69,0.0,0.0,296690.0,29875009.922,0.0027808123944857337,100.69
US.SGOV,iShares 0-3 Month Treasury Bond ETF,2026-08-31 13:35:00,100.6974,100.6923,100.7,100.69,0.0,0.0,204876.0,20630213.467,-0.0004965598334760652,100.6928
US.SGOV,iShares 0-3 Month Treasury Bond ETF,2026-08-31 13:40:00,100.6927,100.695,100.7,100.69,0.0,0.0,174733.0,17594739.008,0.002681436415684372,100.6923
US.SGOV,iShares 0-3 Month Treasury Bond ETF,2026-08-31 13:45:00,100.691,100.693,100.7,100.69,0.0,0.0,178251.0,17949073.254,-0.0019861959382246773,100.695
US.SGOV,iShares 0-3 Month Treasury Bond ETF,2026-08-31 13:50:00,100.695,100.7,100.7,100.69,0.0,0.0,215875.0,21737533.268,0.006951823860650693,100.693
US.SGOV,iShares 0-3 Month Treasury Bond ETF,2026-08-31 13:55:00,100.6901,100.695,100.7,100.69,0.0,0.0,242487.0,24417384.922,-0.004965243296931145,100.7
US.SGOV,iShares 0-3 Month Treasury Bond ETF,2026-08-31 14:00:00,100.7,100.695,100.7,100.69,0.0,0.0,156512.0,15760109.795,0.0,100.695
US.SGOV,iShares 0-3 Month Treasury Bond ETF,2026-08-31 14:05:00,100.695,100.6971,100.7,100.69,0.0,0.0,147913.0,14894176.459,0.0020855057351535523,100.695
US.SGOV,iShares 0-3 Month Treasury Bond ETF,2026-08-31 14:10:00,100.6971,100.695,100.7,100.69,0.0,0.0,230229.0,23182983.004,-0.002085462242718876,100.6971
US.SGOV,iShares 0-3 Month Treasury Bond ETF,2026-08-31 14:15:00,100.695,100.7,100.7,100.69,0.0,0.0,182556.0,18382717.341,0.004965489845582863,100.695
US.SGOV,iShares 0-3 Month Treasury Bond ETF,2026-08-31 14:20:00,100.6901,100.695,100.7,100.69,0.0,0.0,133580.0,13450827.754,-0.004965243296931145,100.7
US.SGOV,iShares 0-3 Month Treasury Bond ETF,2026-08-31 14:25:00,100.695,100.695,100.7,100.69,0.0,0.0,134140.0,13507275.034,0.0,100.695
US.SGOV,iShares 0-3 Month Treasury Bond ETF,2026-08-31 14:30:00,100.6973,100.695,100.7,100.69,0.0,0.0,177590.0,17882238.768,0.0,100.695
US.SGOV,iShares 0-3 Month Treasury Bond ETF,2026-08-31 14:35:00,100.695,100.69,100.7,100.69,0.0,0.0,231209.0,23281597.914,-0.0049654898455687504,100.695
US.SGOV,iShares 0-3 Month Treasury Bond ETF,2026-08-31 14:40:00,100.695,100.6971,100.7,100.69,0.0,0.0,187298.0,18860084.88,0.007051345714577736,100.69
US.SGOV,iShares 0-3 Month Treasury Bond ETF,2026-08-31 14:45:00,100.7,100.6978,100.7,100.69,0.0,0.0,160997.0,16211759.891,0.0006951540808968836,100.6971
US.SGOV,iShares 0-3 Month Treasury Bond ETF,2026-08-31 14:50:00,100.69,100.6922,100.7,100.69,0.0,0.0,176695.0,17792537.95,-0.00556119398835045,100.6978
US.SGOV,iShares 0-3 Month Treasury Bond ETF,2026-08-31 14:55:00,100.695,100.695,100.7,100.69,0.0,0.0,134017.0,13494916.809,0.0027807516371610454,100.6922
US.SGOV,iShares 0-3 Month Treasury Bond ETF,2026-08-31 15:00:00,100.6922,100.6901,100.7,100.69,0.0,0.0,147802.0,14882976.492,-0.004866180048653988,100.695
US.SGOV,iShares 0-3 Month Treasury Bond ETF,2026-08-31 15:05:00,100.6901,100.6927,100.7,100.69,0.0,0.0,546691.0,55048958.188,0.0025821803732452805,100.6901
US.SGOV,iShares 0-3 Month Treasury Bond ETF,2026-08-31 15:10:00,100.7,100.695,100.7,100.69,0.0,0.0,546937.0,55073623.264,0.002284177502431742,100.6927
US.SGOV,iShares 0-3 Month Treasury Bond ETF,2026-08-31 15:15:00,100.695,100.695,100.7,100.69,0.0,0.0,581727.0,58576855.443,0.0,100.695
US.SGOV,iShares 0-3 Month Treasury Bond ETF,2026-08-31 15:20:00,100.695,100.695,100.7,100.69,0.0,0.0,558060.0,56193872.048,0.0,100.695
US.SGOV,iShares 0-3 Month Treasury Bond ETF,2026-08-31 15:25:00,100.69,100.6922,100.7,100.69,0.0,0.0,515384.0,51896454.337,-0.0027806743135145484,100.695
US.SGOV,iShares 0-3 Month Treasury Bond ETF,2026-08-31 15:30:00,100.695,100.69,100.7,100.69,0.0,0.0,609680.0,61391777.886,-0.0021848762863478782,100.6922
US.SGOV,iShares 0-3 Month Treasury Bond ETF,2026-08-31 15:35:00,100.695,100.6978,100.7,100.69,0.0,0.0,514797.0,51837435.222,0.0077465488131921115,100.69
US.SGOV,iShares 0-3 Month Treasury Bond ETF,2026-08-31 15:40:00,100.695,100.695,100.7,100.69,0.0,0.0,536390.0,54011705.161,-0.002780596994182281,100.6978
US.SGOV,iShares 0-3 Month Treasury Bond ETF,2026-08-31 15:45:00,100.6901,100.6978,100.7,100.69,0.0,0.0,638595.0,64303121.064,0.0027806743135286613,100.695
US.SGOV,iShares 0-3 Month Treasury Bond ETF,2026-08-31 15:50:00,100.695,100.6978,100.7,100.69,0.0,0.0,937874.0,94439201.331,0.0,100.6978
US.SGOV,iShares 0-3 Month Treasury Bond ETF,2026-08-31 15:55:00,100.695,100.695,100.7,100.69,0.0,0.0,745753.0,75093136.798,-0.002780596994182281,100.6978
US.SGOV,iShares 0-3 Month Treasury Bond ETF,2026-08-31 16:00:00,100.6901,100.69,100.7,100.69,0.0,0.0,1419965.0,142982291.846,-0.0049654898455687504,100.695
US.SGOV,iShares 0-3 Month Treasury Bond ETF,2026-08-31 16:05:00,100.6901,100.69,100.7,100.69,0.0,0.0,302315.0,30441473.983,0.0,100.69
US.SGOV,iShares 0-3 Month Treasury Bond ETF,2026-08-31 16:10:00,100.695,100.695,100.7,100.69,0.0,0.0,69413.0,6989698.653,0.004965736418706379,100.69
US.SGOV,iShares 0-3 Month Treasury Bond ETF,2026-08-31 16:15:00,100.695,100.69,100.7,100.69,0.0,0.0,49310.0,4965377.14,-0.0049654898455687504,100.695
US.SGOV,iShares 0-3 Month Treasury Bond ETF,2026-08-31 16:20:00,100.695,100.695,100.7,100.69,0.0,0.0,16692.0,1680856.88,0.004965736418706379,100.69
US.SGOV,iShares 0-3 Month Treasury Bond ETF,2026-08-31 16:25:00,100.695,100.69,100.7,100.69,0.0,0.0,22067.0,2222078.756,-0.0049654898455687504,100.695
US.SGOV,iShares 0-3 Month Treasury Bond ETF,2026-08-31 16:30:00,100.6998,100.69,100.7,100.69,0.0,0.0,31584.0,3180254.339,0.0,100.69
US.SGOV,iShares 0-3 Month Treasury Bond ETF,2026-08-31 16:35:00,100.69,100.69,100.7,100.69,0.0,0.0,33324.0,3355487.614,0.0,100.69
US.SGOV,iShares 0-3 Month Treasury Bond ETF,2026-08-31 16:40:00,100.69,100.69,100.6965,100.69,0.0,0.0,25461.0,2563757.317,0.0,100.69
US.SGOV,iShares 0-3 Month Treasury Bond ETF,2026-08-31 16:45:00,100.69,100.6985,100.6998,100.69,0.0,0.0,20873.0,2101807.203,0.008441751911806489,100.69
US.SGOV,iShares 0-3 Month Treasury Bond ETF,2026-08-31 16:50:00,100.6985,100.695,100.7,100.69,0.0,0.0,2177.0,219236.124,-0.003475722081264866,100.6985
US.SGOV,iShares 0-3 Month Treasury Bond ETF,2026-08-31 16:55:00,100.695,100.69,100.6985,100.69,0.0,0.0,4740.0,477330.033,-0.0049654898455687504,100.695
US.SGOV,iShares 0-3 Month Treasury Bond ETF,2026-08-31 17:00:00,100.6966,100.6901,100.7,100.69,0.0,0.0,29108.0,2930962.038,9.93147283775148e-05,100.69
US.SGOV,iShares 0-3 Month Treasury Bond ETF,2026-08-31 17:05:00,100.6901,100.6915,100.7,100.69,0.0,0.0,46543.0,4686508.754,0.0013904048163661002,100.6901
US.SGOV,iShares 0-3 Month Treasury Bond ETF,2026-08-31 17:10:00,100.6915,100.6915,100.7,100.69,0.0,0.0,5545.0,558448.151,0.0,100.6915
US.SGOV,iShares 0-3 Month Treasury Bond ETF,2026-08-31 17:15:00,100.6915,100.69,100.7,100.69,0.0,0.0,31789.0,3201080.985,-0.0014896987332666234,100.6915
US.SGOV,iShares 0-3 Month Treasury Bond ETF,2026-08-31 17:20:00,100.69,100.69,100.6985,100.69,0.0,0.0,5025.0,506043.276,0.0,100.69
US.SGOV,iShares 0-3 Month Treasury Bond ETF,2026-08-31 17:25:00,100.69,100.69,100.7,100.69,0.0,0.0,13491.0,1358456.568,0.0,100.69
US.SGOV,iShares 0-3 Month Treasury Bond ETF,2026-08-31 17:30:00,100.69,100.69,100.6966,100.69,0.0,0.0,2081.0,209567.208,0.0,100.69
US.SGOV,iShares 0-3 Month Treasury Bond ETF,2026-08-31 17:35:00,100.69,100.6901,100.6966,100.69,0.0,0.0,1516.0,152690.204,9.93147283775148e-05,100.69
US.SGOV,iShares 0-3 Month Treasury Bond ETF,2026-08-31 17:40:00,100.6901,100.69,100.7,100.69,0.0,0.0,13440.0,1353328.538,-9.931462974346003e-05,100.6901
US.SGOV,iShares 0-3 Month Treasury Bond ETF,2026-08-31 17:45:00,100.69,100.69,100.6997,100.69,0.0,0.0,14360.0,1446009.4,0.0,100.69
US.SGOV,iShares 0-3 Month Treasury Bond ETF,2026-08-31 17:50:00,100.69,100.69,100.7,100.69,0.0,0.0,18420.0,1854832.22,0.0,100.69
US.SGOV,iShares 0-3 Month Treasury Bond ETF,2026-08-31 17:55:00,100.69,100.69,100.6999,100.69,0.0,0.0,7138.0,718797.294,0.0,100.69
US.SGOV,iShares 0-3 Month Treasury Bond ETF,2026-08-31 18:00:00,100.69,100.69,100.7,100.69,0.0,0.0,28471.0,2866759.615,0.0,100.69
US.SGOV,iShares 0-3 Month Treasury Bond ETF,2026-08-31 18:05:00,100.69,100.6897,100.69,100.6802,0.0,0.0,7046.0,709530.172,-0.00029794418511843097,100.69
US.SGOV,iShares 0-3 Month Treasury Bond ETF,2026-08-31 18:10:00,100.69,100.685,100.69,100.68,0.0,0.0,13636.0,1373011.701,-0.004667806141044918,100.6897
US.SGOV,iShares 0-3 Month Treasury Bond ETF,2026-08-31 18:15:00,100.69,100.6866,100.69,100.68,0.0,0.0,21527.0,2167508.057,0.0015891145652244833,100.685
US.SGOV,iShares 0-3 Month Treasury Bond ETF,2026-08-31 18:20:00,100.69,100.685,100.69,100.68,0.0,0.0,16924.0,1704006.662,-0.0015890893127747596,100.6866
US.SGOV,iShares 0-3 Month Treasury Bond ETF,2026-08-31 18:25:00,100.6866,100.69,100.69,100.6815,0.0,0.0,4108.0,413711.047,0.0049659830163335675,100.685
US.SGOV,iShares 0-3 Month Treasury Bond ETF,2026-08-31 18:30:00,100.69,100.68,100.69,100.68,0.0,0.0,4526.0,455775.54,-0.009931472837412757,100.69
US.SGOV,iShares 0-3 Month Treasury Bond ETF,2026-08-31 18:35:00,100.6899,100.6666,100.6899,100.66,0.0,0.0,29258.0,2945524.897,-0.013309495431073,100.68
US.SGOV,iShares 0-3 Month Treasury Bond ETF,2026-08-31 18:40:00,100.6666,100.67,100.67,100.66,0.0,0.0,23534.0,2369195.037,0.00337748568045328,100.6666
US.SGOV,iShares 0-3 Month Treasury Bond ETF,2026-08-31 18:45:00,100.67,100.66,100.67,100.66,0.0,0.0,65673.0,6611218.627,-0.009933445912392088,100.67
US.SGOV,iShares 0-3 Month Treasury Bond ETF,2026-08-31 18:50:00,100.66,100.67,100.67,100.66,0.0,0.0,5465.0,550157.847,0.009934432743895405,100.66
US.SGOV,iShares 0-3 Month Treasury Bond ETF,2026-08-31 18:55:00,100.6697,100.67,100.67,100.66,0.0,0.0,10739.0,1081114.22,0.0,100.67
US.SGOV,iShares 0-3 Month Treasury Bond ETF,2026-08-31 19:00:00,100.66,100.68,100.68,100.66,0.0,0.0,29652.0,2985241.954,0.009933445912392088,100.67
US.SGOV,iShares 0-3 Month Treasury Bond ETF,2026-08-31 19:05:00,100.68,100.6834,100.69,100.68,0.0,0.0,5972.0,601328.559,0.003377036154150955,100.68
US.SGOV,iShares 0-3 Month Treasury Bond ETF,2026-08-31 19:10:00,100.6834,100.6834,100.69,100.68,0.0,0.0,4905.0,493899.826,0.0,100.6834
US.SGOV,iShares 0-3 Month Treasury Bond ETF,2026-08-31 19:15:00,100.6834,100.69,100.69,100.68,0.0,0.0,14719.0,1482097.689,0.006555201751223859,100.6834
US.SGOV,iShares 0-3 Month Treasury Bond ETF,2026-08-31 19:20:00,100.69,100.6834,100.69,100.68,0.0,0.0,10635.0,1070767.423,-0.006554772072690162,100.69
US.SGOV,iShares 0-3 Month Treasury Bond ETF,2026-08-31 19:25:00,100.6834,100.6834,100.6834,100.68,0.0,0.0,4121.0,414985.379,0.0,100.6834
US.SGOV,iShares 0-3 Month Treasury Bond ETF,2026-08-31 19:30:00,100.68,100.68,100.69,100.68,0.0,0.0,2572.0,258976.415,-0.0033769221142702583,100.6834
US.SGOV,iShares 0-3 Month Treasury Bond ETF,2026-08-31 19:35:00,100.68,100.68,100.69,100.68,0.0,0.0,11223.0,1130009.604,0.0,100.68
US.SGOV,iShares 0-3 Month Treasury Bond ETF,2026-08-31 19:40:00,100.68,100.6833,100.69,100.68,0.0,0.0,11470.0,1154843.538,0.003277711561378488,100.68
US.SGOV,iShares 0-3 Month Treasury Bond ETF,2026-08-31 19:45:00,100.6833,100.68,100.69,100.6734,0.0,0.0,7531.0,758231.615,-0.003277604130968951,100.6833
US.SGOV,iShares 0-3 Month Treasury Bond ETF,2026-08-31 19:50:00,100.68,100.6734,100.68,100.67,0.0,0.0,24283.0,2444782.979,-0.0065554231227710905,100.68
US.SGOV,iShares 0-3 Month Treasury Bond ETF,2026-08-31 19:55:00,100.6733,100.68,100.68,100.6715,0.0,0.0,16799.0,1691311.168,0.006555852886667118,100.6734
US.SGOV,iShares 0-3 Month Treasury Bond ETF,2026-08-31 20:00:00,100.68,100.6799,100.68,100.67,0.0,0.0,21606.0,2175188.836,-9.932459277246688e-05,100.68
US.SGOV,iShares 0-3 Month Treasury Bond ETF,2026-09-01 04:05:00,100.45,100.41,100.53,100.41,0.0,0.0,354541.0,35611082.873,-0.26807734215072415,100.6799
US.SGOV,iShares 0-3 Month Treasury Bond ETF,2026-09-01 04:10:00,100.41,100.41,100.42,100.41,0.0,0.0,17599.0,1767244.738,0.0,100.41
US.SGOV,iShares 0-3 Month Treasury Bond ETF,2026-09-01 04:15:00,100.415,100.42,100.42,100.41,0.0,0.0,10099.0,1014117.399,0.009959167413609318,100.41
US.SGOV,iShares 0-3 Month Treasury Bond ETF,2026-09-01 04:20:00,100.42,100.415,100.42,100.41,0.0,0.0,14766.0,1482796.19,-0.004979087831104812,100.42
US.SGOV,iShares 0-3 Month Treasury Bond ETF,2026-09-01 04:25:00,100.415,100.41,100.415,100.41,0.0,0.0,3687.0,370225.6,-0.004979335756619692,100.415
US.SGOV,iShares 0-3 Month Treasury Bond ETF,2026-09-01 04:30:00,100.41,100.41,100.4173,100.41,0.0,0.0,12231.0,1228230.351,0.0,100.41
US.SGOV,iShares 0-3 Month Treasury Bond ETF,2026-09-01 04:35:00,100.41,100.41,100.42,100.41,0.0,0.0,4091.0,410790.073,0.0,100.41
US.SGOV,iShares 0-3 Month Treasury Bond ETF,2026-09-01 04:40:00,100.4125,100.41,100.415,100.41,0.0,0.0,2549.0,255953.607,0.0,100.41
US.SGOV,iShares 0-3 Month Treasury Bond ETF,2026-09-01 04:45:00,100.41,100.415,100.42,100.41,0.0,0.0,19964.0,2004669.322,0.004979583706811736,100.41
US.SGOV,iShares 0-3 Month Treasury Bond ETF,2026-09-01 04:50:00,100.415,100.415,100.415,100.41,0.0,0.0,7830.0,786243.108,0.0,100.415
US.SGOV,iShares 0-3 Month Treasury Bond ETF,2026-09-01 04:55:00,100.415,100.415,100.415,100.41,0.0,0.0,2992.0,300437.6,0.0,100.415
US.SGOV,iShares 0-3 Month Treasury Bond ETF,2026-09-01 05:00:00,100.415,100.41,100.4198,100.41,0.0,0.0,3201.0,321484.879,-0.004979335756619692,100.415
US.SGOV,iShares 0-3 Month Treasury Bond ETF,2026-09-01 05:05:00,100.41,100.41,100.415,100.41,0.0,0.0,2496.0,250629.661,0.0,100.41
US.SGOV,iShares 0-3 Month Treasury Bond ETF,2026-09-01 05:10:00,100.41,100.41,100.415,100.41,0.0,0.0,3569.0,358376.095,0.0,100.41
US.SGOV,iShares 0-3 Month Treasury Bond ETF,2026-09-01 05:15:00,100.415,100.415,100.42,100.41,0.0,0.0,7873.0,790549.244,0.004979583706811736,100.41
US.SGOV,iShares 0-3 Month Treasury Bond ETF,2026-09-01 05:20:00,100.415,100.415,100.415,100.41,0.0,0.0,97286.0,9768950.288,0.0,100.415
US.SGOV,iShares 0-3 Month Treasury Bond ETF,2026-09-01 05:25:00,100.415,100.415,100.42,100.415,0.0,0.0,4298.0,431587.849,0.0,100.415
US.SGOV,iShares 0-3 Month Treasury Bond ETF,2026-09-01 05:30:00,100.415,100.415,100.415,100.41,0.0,0.0,9791.0,983231.64,0.0,100.415
US.SGOV,iShares 0-3 Month Treasury Bond ETF,2026-09-01 05:35:00,100.415,100.415,100.42,100.41,0.0,0.0,6053.0,607913.413,0.0,100.415
US.SGOV,iShares 0-3 Month Treasury Bond ETF,2026-09-01 05:40:00,100.415,100.42,100.42,100.41,0.0,0.0,6123.0,614856.3,0.004979335756605539,100.415
US.SGOV,iShares 0-3 Month Treasury Bond ETF,2026-09-01 05:45:00,100.41,100.415,100.4175,100.41,0.0,0.0,5914.0,593903.547,-0.004979087831104812,100.42
US.SGOV,iShares 0-3 Month Treasury Bond ETF,2026-09-01 05:50:00,100.415,100.415,100.4175,100.41,0.0,0.0,6273.0,629906.583,0.0,100.415
US.SGOV,iShares 0-3 Month Treasury Bond ETF,2026-09-01 05:55:00,100.415,100.42,100.42,100.41,0.0,0.0,16509.0,1657753.736,0.004979335756605539,100.415
US.SGOV,iShares 0-3 Month Treasury Bond ETF,2026-09-01 06:00:00,100.42,100.42,100.42,100.41,0.0,0.0,4244.0,426162.751,0.0,100.42
US.SGOV,iShares 0-3 Month Treasury Bond ETF,2026-09-01 06:05:00,100.42,100.41,100.42,100.41,0.0,0.0,3331.0,334494.624,-0.009958175662223775,100.42
US.SGOV,iShares 0-3 Month Treasury Bond ETF,2026-09-01 06:10:00,100.42,100.415,100.42,100.41,0.0,0.0,12507.0,1255958.139,0.004979583706811736,100.41
US.SGOV,iShares 0-3 Month Treasury Bond ETF,2026-09-01 06:15:00,100.415,100.41,100.42,100.41,0.0,0.0,2541.0,255149.663,-0.004979335756619692,100.415
US.SGOV,iShares 0-3 Month Treasury Bond ETF,2026-09-01 06:20:00,100.41,100.4127,100.415,100.41,0.0,0.0,3088.0,310072.128,0.002688975201677488,100.41
US.SGOV,iShares 0-3 Month Treasury Bond ETF,2026-09-01 06:25:00,100.4125,100.4126,100.415,100.41,0.0,0.0,9677.0,971698.988,-9.95889962159365e-05,100.4127
US.SGOV,iShares 0-3 Month Treasury Bond ETF,2026-09-01 06:30:00,100.4126,100.415,100.4174,100.41,0.0,0.0,3129.0,314191.843,0.002390138289426444,100.4126
US.SGOV,iShares 0-3 Month Treasury Bond ETF,2026-09-01 06:35:00,100.415,100.4101,100.415,100.41,0.0,0.0,3478.0,349229.172,-0.004879749041484184,100.415
US.SGOV,iShares 0-3 Month Treasury Bond ETF,2026-09-01 06:40:00,100.4101,100.41,100.415,100.41,0.0,0.0,10033.0,1007444.95,-9.959157495443153e-05,100.4101
US.SGOV,iShares 0-3 Month Treasury Bond ETF,2026-09-01 06:45:00,100.41,100.415,100.415,100.41,0.0,0.0,2884.0,289670.642,0.004979583706811736,100.41
US.SGOV,iShares 0-3 Month Treasury Bond ETF,2026-09-01 06:50:00,100.415,100.415,100.4175,100.41,0.0,0.0,3838.0,385387.768,0.0,100.415
US.SGOV,iShares 0-3 Month Treasury Bond ETF,2026-09-01 06:55:00,100.415,100.415,100.42,100.41,0.0,0.0,10674.0,1071840.039,0.0,100.415
US.SGOV,iShares 0-3 Month Treasury Bond ETF,2026-09-01 07:00:00,100.415,100.4175,100.4175,100.4125,0.0,0.0,5908.0,593286.255,0.0024896678783027696,100.415
US.SGOV,iShares 0-3 Month Treasury Bond ETF,2026-09-01 07:05:00,100.415,100.415,100.42,100.41,0.0,0.0,63179.0,6344272.016,-0.002489605895384496,100.4175
US.SGOV,iShares 0-3 Month Treasury Bond ETF,2026-09-01 07:10:00,100.415,100.4162,100.4173,100.41,0.0,0.0,36121.0,3627004.807,0.0011950405815836312,100.415
US.SGOV,iShares 0-3 Month Treasury Bond ETF,2026-09-01 07:15:00,100.4162,100.415,100.4174,100.41,0.0,0.0,9415.0,945498.919,-0.0011950263005343791,100.4162
US.SGOV,iShares 0-3 Month Treasury Bond ETF,2026-09-01 07:20:00,100.415,100.415,100.4174,100.41,0.0,0.0,4295.0,431320.398,0.0,100.415
US.SGOV,iShares 0-3 Month Treasury Bond ETF,2026-09-01 07:25:00,100.415,100.415,100.42,100.41,0.0,0.0,27441.0,2755569.633,0.0,100.415
US.SGOV,iShares 0-3 Month Treasury Bond ETF,2026-09-01 07:30:00,100.415,100.41,100.4199,100.41,0.0,0.0,52734.0,5295318.382,-0.004979335756619692,100.415
US.SGOV,iShares 0-3 Month Treasury Bond ETF,2026-09-01 07:35:00,100.41,100.4199,100.4199,100.41,0.0,0.0,9751.0,979187.842,0.009859575739469969,100.41
US.SGOV,iShares 0-3 Month Treasury Bond ETF,2026-09-01 07:40:00,100.4199,100.415,100.4199,100.41,0.0,0.0,8675.0,871189.612,-0.004879510933582022,100.4199
US.SGOV,iShares 0-3 Month Treasury Bond ETF,2026-09-01 07:45:00,100.415,100.415,100.42,100.41,0.0,0.0,41846.0,4201952.454,0.0,100.415
US.SGOV,iShares 0-3 Month Treasury Bond ETF,2026-09-01 07:50:00,100.415,100.4115,100.42,100.41,0.0,0.0,20189.0,2027365.767,-0.0034855350296295385,100.415
US.SGOV,iShares 0-3 Month Treasury Bond ETF,2026-09-01 07:55:00,100.4115,100.415,100.42,100.41,0.0,0.0,40660.0,4082966.205,0.003485656523408674,100.4115
US.SGOV,iShares 0-3 Month Treasury Bond ETF,2026-09-01 08:00:00,100.415,100.4199,100.42,100.41,0.0,0.0,16387.0,1645489.432,0.0048797490414700315,100.415
US.SGOV,iShares 0-3 Month Treasury Bond ETF,2026-09-01 08:05:00,100.41,100.4198,100.42,100.41,0.0,0.0,39492.0,3965680.549,-9.958185579085387e-05,100.4199
US.SGOV,iShares 0-3 Month Treasury Bond ETF,2026-09-01 08:10:00,100.415,100.415,100.4198,100.41,0.0,0.0,14889.0,1495148.598,-0.004779933837737989,100.4198
US.SGOV,iShares 0-3 Month Treasury Bond ETF,2026-09-01 08:15:00,100.415,100.41,100.419,100.41,0.0,0.0,26303.0,2641224.949,-0.004979335756619692,100.415
US.SGOV,iShares 0-3 Month Treasury Bond ETF,2026-09-01 08:20:00,100.41,100.4102,100.42,100.41,0.0,0.0,51964.0,5217870.465,0.00019918334827869667,100.41
US.SGOV,iShares 0-3 Month Treasury Bond ETF,2026-09-01 08:25:00,100.4102,100.415,100.42,100.41,0.0,0.0,25325.0,2543049.309,0.004780390836790509,100.4102
US.SGOV,iShares 0-3 Month Treasury Bond ETF,2026-09-01 08:30:00,100.415,100.415,100.415,100.41,0.0,0.0,81797.0,8213515.685,0.0,100.415
US.SGOV,iShares 0-3 Month Treasury Bond ETF,2026-09-01 08:35:00,100.415,100.41,100.42,100.41,0.0,0.0,32147.0,3228066.809,-0.004979335756619692,100.415
US.SGOV,iShares 0-3 Month Treasury Bond ETF,2026-09-01 08:40:00,100.41,100.415,100.42,100.41,0.0,0.0,70716.0,7101000.88,0.004979583706811736,100.41
US.SGOV,iShares 0-3 Month Treasury Bond ETF,2026-09-01 08:45:00,100.415,100.4197,100.42,100.41,0.0,0.0,105455.0,10588875.931,0.00468057561121317,100.415
US.SGOV,iShares 0-3 Month Treasury Bond ETF,2026-09-01 08:50:00,100.4197,100.41,100.4198,100.41,0.0,0.0,24507.0,2460996.819,-0.009659459249539053,100.4197
US.SGOV,iShares 0-3 Month Treasury Bond ETF,2026-09-01 08:55:00,100.415,100.4128,100.419,100.41,0.0,0.0,29906.0,3002978.143,0.0027885668758168363,100.41
US.SGOV,iShares 0-3 Month Treasury Bond ETF,2026-09-01 09:00:00,100.4128,100.41,100.4185,100.405,0.0,0.0,614482.0,61699825.878,-0.0027884891169329858,100.4128
US.SGOV,iShares 0-3 Month Treasury Bond ETF,2026-09-01 09:05:00,100.41,100.41,100.41,100.4,0.0,0.0,37295.0,3744763.889,0.0,100.41
US.SGOV,iShares 0-3 Month Treasury Bond ETF,2026-09-01 09:10:00,100.405,100.405,100.41,100.4,0.0,0.0,16659.0,1672657.128,-0.004979583706797582,100.41
US.SGOV,iShares 0-3 Month Treasury Bond ETF,2026-09-01 09:15:00,100.405,100.405,100.41,100.4,0.0,0.0,36522.0,3667017.943,0.0,100.405
US.SGOV,iShares 0-3 Month Treasury Bond ETF,2026-09-01 09:20:00,100.405,100.4002,100.41,100.4,0.0,0.0,32882.0,3301555.249,-0.004780638414424604,100.405
US.SGOV,iShares 0-3 Month Treasury Bond ETF,2026-09-01 09:25:00,100.4002,100.4001,100.41,100.4,0.0,0.0,37175.0,3732682.343,-9.960139521965062e-05,100.4002
US.SGOV,iShares 0-3 Month Treasury Bond ETF,2026-09-01 09:30:00,100.4001,100.4,100.41,100.4,0.0,0.0,9516.0,955504.093,-9.960149440997449e-05,100.4001
US.SGOV,iShares 0-3 Month Treasury Bond ETF,2026-09-01 09:35:00,100.405,100.405,100.41,100.4,0.0,0.0,2820601.0,283210617.064,0.004980079681270371,100.4
US.SGOV,iShares 0-3 Month Treasury Bond ETF,2026-09-01 09:40:00,100.405,100.405,100.41,100.4,0.0,0.0,1285631.0,129082740.285,0.0,100.405
US.SGOV,iShares 0-3 Month Treasury Bond ETF,2026-09-01 09:45:00,100.405,100.405,100.41,100.4,0.0,0.0,1087729.0,109213619.179,0.0,100.405
US.SGOV,iShares 0-3 Month Treasury Bond ETF,2026-09-01 09:50:00,100.405,100.4099,100.41,100.4,0.0,0.0,739304.0,74230274.692,0.00488023504804754,100.405
US.SGOV,iShares 0-3 Month Treasury Bond ETF,2026-09-01 09:55:00,100.40866,100.4001,100.41,100.4,0.0,0.0,715583.0,71848351.761,-0.009759993785471828,100.4099
US.SGOV,iShares 0-3 Month Treasury Bond ETF,2026-09-01 10:00:00,100.4023,100.405,100.41,100.4,0.0,0.0,643107.0,64570883.4,0.0048804732266266105,100.4001
US.SGOV,iShares 0-3 Month Treasury Bond ETF,2026-09-01 10:05:00,100.4078,100.405,100.41,100.4,0.0,0.0,806717.0,80997769.251,0.0,100.405
US.SGOV,iShares 0-3 Month Treasury Bond ETF,2026-09-01 10:10:00,100.405,100.405,100.41,100.4,0.0,0.0,812027.0,81531543.081,0.0,100.405
US.SGOV,iShares 0-3 Month Treasury Bond ETF,2026-09-01 10:15:00,100.405,100.4001,100.41,100.4,0.0,0.0,685739.0,68851524.059,-0.004880235048061694,100.405
US.SGOV,iShares 0-3 Month Treasury Bond ETF,2026-09-01 10:20:00,100.4077,100.405,100.41,100.4,0.0,0.0,527303.0,52943335.197,0.0048804732266266105,100.4001
US.SGOV,iShares 0-3 Month Treasury Bond ETF,2026-09-01 10:25:00,100.4066,100.405,100.41,100.4,0.0,0.0,330552.0,33189372.397,0.0,100.405
US.SGOV,iShares 0-3 Month Treasury Bond ETF,2026-09-01 10:30:00,100.405,100.4,100.41,100.4,0.0,0.0,369592.0,37109123.324,-0.004979831681684629,100.405
US.SGOV,iShares 0-3 Month Treasury Bond ETF,2026-09-01 10:35:00,100.405,100.4,100.41,100.4,0.0,0.0,609293.0,61175298.87,0.0,100.4
US.SGOV,iShares 0-3 Month Treasury Bond ETF,2026-09-01 10:40:00,100.41,100.4099,100.41,100.4,0.0,0.0,544391.0,54658731.536,0.009860557768911937,100.4
US.SGOV,iShares 0-3 Month Treasury Bond ETF,2026-09-01 10:45:00,100.4,100.405,100.41,100.4,0.0,0.0,541172.0,54336219.891,-0.004879996892728838,100.4099
US.SGOV,iShares 0-3 Month Treasury Bond ETF,2026-09-01 10:50:00,100.4001,100.405,100.41,100.4,0.0,0.0,368940.0,37043148.077,0.0,100.405
US.SGOV,iShares 0-3 Month Treasury Bond ETF,2026-09-01 10:55:00,100.405,100.41,100.41,100.4,0.0,0.0,547461.0,54968230.95,0.004979831681684629,100.405
US.SGOV,iShares 0-3 Month Treasury Bond ETF,2026-09-01 11:00:00,100.405,100.4,100.41,100.4,0.0,0.0,455680.0,45752831.619,-0.009959167413595165,100.41
US.SGOV,iShares 0-3 Month Treasury Bond ETF,2026-09-01 11:05:00,100.4068,100.4023,100.41,100.4,0.0,0.0,325108.0,32642487.426,0.0022908366533775765,100.4
US.SGOV,iShares 0-3 Month Treasury Bond ETF,2026-09-01 11:10:00,100.405,100.405,100.41,100.4,0.0,0.0,328742.0,33007129.074,0.002689181423139077,100.4023
US.SGOV,iShares 0-3 Month Treasury Bond ETF,2026-09-01 11:15:00,100.4069,100.4,100.41,100.4,0.0,0.0,574298.0,57662640.719,-0.004979831681684629,100.405
US.SGOV,iShares 0-3 Month Treasury Bond ETF,2026-09-01 11:20:00,100.405,100.4099,100.41,100.4,0.0,0.0,325868.0,32718859.735,0.009860557768911937,100.4
US.SGOV,iShares 0-3 Month Treasury Bond ETF,2026-09-01 11:25:00,100.405,100.4099,100.41,100.4,0.0,0.0,319878.0,32117215.687,0.0,100.4099
US.SGOV,iShares 0-3 Month Treasury Bond ETF,2026-09-01 11:30:00,100.4,100.4,100.41,100.4,0.0,0.0,568472.0,57078332.115,-0.009859585558782137,100.4099
US.SGOV,iShares 0-3 Month Treasury Bond ETF,2026-09-01 11:35:00,100.4,100.41,100.41,100.4,0.0,0.0,330137.0,33147523.096,0.009960159362540742,100.4
US.SGOV,iShares 0-3 Month Treasury Bond ETF,2026-09-01 11:40:00,100.405,100.405,100.41,100.4,0.0,0.0,1381357.0,138692488.75,-0.004979583706797582,100.41
US.SGOV,iShares 0-3 Month Treasury Bond ETF,2026-09-01 11:45:00,100.405,100.405,100.41,100.4,0.0,0.0,363125.0,36459262.738,0.0,100.405
US.SGOV,iShares 0-3 Month Treasury Bond ETF,2026-09-01 11:50:00,100.405,100.405,100.41,100.4,0.0,0.0,865770.0,86926891.482,0.0,100.405
US.SGOV,iShares 0-3 Month Treasury Bond ETF,2026-09-01 11:55:00,100.4,100.405,100.41,100.4,0.0,0.0,326244.0,32756576.725,0.0,100.405
US.SGOV,iShares 0-3 Month Treasury Bond ETF,2026-09-01 12:00:00,100.4078,100.4,100.41,100.4,0.0,0.0,353223.0,35465451.144,-0.004979831681684629,100.405
US.SGOV,iShares 0-3 Month Treasury Bond ETF,2026-09-01 12:05:00,100.4071,100.405,100.41,100.4,0.0,0.0,225625.0,22654035.802,0.004980079681270371,100.4
US.SGOV,iShares 0-3 Month Treasury Bond ETF,2026-09-01 12:10:00,100.405,100.405,100.41,100.4,0.0,0.0,210922.0,21177772.778,0.0,100.405
US.SGOV,iShares 0-3 Month Treasury Bond ETF,2026-09-01 12:15:00,100.405,100.41,100.41,100.4,0.0,0.0,241158.0,24213368.968,0.004979831681684629,100.405
US.SGOV,iShares 0-3 Month Treasury Bond ETF,2026-09-01 12:20:00,100.401,100.4069,100.41,100.4,0.0,0.0,528803.0,53094498.078,-0.0030873418982207287,100.41
US.SGOV,iShares 0-3 Month Treasury Bond ETF,2026-09-01 12:25:00,100.405,100.4077,100.41,100.4,0.0,0.0,426812.0,42854428.161,0.0007967579917439404,100.4069
US.SGOV,iShares 0-3 Month Treasury Bond ETF,2026-09-01 12:30:00,100.405,100.405,100.41,100.4,0.0,0.0,308127.0,30937913.385,-0.002689036796983065,100.4077
US.SGOV,iShares 0-3 Month Treasury Bond ETF,2026-09-01 12:35:00,100.4,100.41,100.41,100.4,0.0,0.0,639967.0,64256826.989,0.004979831681684629,100.405
US.SGOV,iShares 0-3 Month Treasury Bond ETF,2026-09-01 12:40:00,100.4069,100.4067,100.41,100.4,0.0,0.0,659621.0,66230912.373,-0.0032865252464852725,100.41
US.SGOV,iShares 0-3 Month Treasury Bond ETF,2026-09-01 12:45:00,100.405,100.4078,100.41,100.4,0.0,0.0,639686.0,64228497.12,0.0010955444208343504,100.4067
US.SGOV,iShares 0-3 Month Treasury Bond ETF,2026-09-01 12:50:00,100.4,100.405,100.41,100.4,0.0,0.0,510228.0,51230511.144,-0.0027886279751109717,100.4078
US.SGOV,iShares 0-3 Month Treasury Bond ETF,2026-09-01 12:55:00,100.4071,100.405,100.41,100.4,0.0,0.0,323743.0,32505787.022,0.0,100.405
US.SGOV,iShares 0-3 Month Treasury Bond ETF,2026-09-01 13:00:00,100.405,100.4069,100.41,100.4,0.0,0.0,208870.0,20971742.601,0.0018923360390339318,100.405
US.SGOV,iShares 0-3 Month Treasury Bond ETF,2026-09-01 13:05:00,100.4097,100.405,100.41,100.4,0.0,0.0,257175.0,25821764.357,-0.001892300230354706,100.4069
US.SGOV,iShares 0-3 Month Treasury Bond ETF,2026-09-01 13:10:00,100.4072,100.405,100.41,100.4,0.0,0.0,454679.0,45652542.352,0.0,100.405
US.SGOV,iShares 0-3 Month Treasury Bond ETF,2026-09-01 13:15:00,100.405,100.405,100.41,100.4,0.0,0.0,177594.0,17831525.443,0.0,100.405
US.SGOV,iShares 0-3 Month Treasury Bond ETF,2026-09-01 13:20:00,100.405,100.405,100.41,100.4,0.0,0.0,300261.0,30147822.661,0.0,100.405
US.SGOV,iShares 0-3 Month Treasury Bond ETF,2026-09-01 13:25:00,100.4068,100.41,100.41,100.4,0.0,0.0,249977.0,25099012.824,0.004979831681684629,100.405
US.SGOV,iShares 0-3 Month Treasury Bond ETF,2026-09-01 13:30:00,100.4,100.4,100.41,100.4,0.0,0.0,789679.0,79286325.459,-0.009959167413595165,100.41
US.SGOV,iShares 0-3 Month Treasury Bond ETF,2026-09-01 13:35:00,100.405,100.405,100.41,100.4,0.0,0.0,868066.0,87156612.162,0.004980079681270371,100.4
US.SGOV,iShares 0-3 Month Treasury Bond ETF,2026-09-01 13:40:00,100.405,100.405,100.41,100.4,0.0,0.0,220496.0,22138883.764,0.0,100.405
US.SGOV,iShares 0-3 Month Treasury Bond ETF,2026-09-01 13:45:00,100.405,100.405,100.41,100.4,0.0,0.0,181632.0,18236722.146,0.0,100.405
US.SGOV,iShares 0-3 Month Treasury Bond ETF,2026-09-01 13:50:00,100.405,100.4071,100.41,100.4,0.0,0.0,149492.0,15009881.407,0.0020915293063081103,100.405
US.SGOV,iShares 0-3 Month Treasury Bond ETF,2026-09-01 13:55:00,100.4001,100.4,100.41,100.4,0.0,0.0,241568.0,24254482.116,-0.00707121309149862,100.4071
US.SGOV,iShares 0-3 Month Treasury Bond ETF,2026-09-01 14:00:00,100.405,100.405,100.41,100.4,0.0,0.0,219009.0,21989913.271,0.004980079681270371,100.4
US.SGOV,iShares 0-3 Month Treasury Bond ETF,2026-09-01 14:05:00,100.407,100.41,100.41,100.4,0.0,0.0,502370.0,50441097.013,0.004979831681684629,100.405
US.SGOV,iShares 0-3 Month Treasury Bond ETF,2026-09-01 14:10:00,100.405,100.405,100.41,100.4,0.0,0.0,229246.0,23017766.439,-0.004979583706797582,100.41
US.SGOV,iShares 0-3 Month Treasury Bond ETF,2026-09-01 14:15:00,100.405,100.405,100.41,100.4,0.0,0.0,326722.0,32804408.316,0.0,100.405
US.SGOV,iShares 0-3 Month Treasury Bond ETF,2026-09-01 14:20:00,100.405,100.4,100.41,100.4,0.0,0.0,220049.0,22094361.078,-0.004979831681684629,100.405
US.SGOV,iShares 0-3 Month Treasury Bond ETF,2026-09-01 14:25:00,100.4,100.405,100.41,100.4,0.0,0.0,147590.0,14818938.878,0.004980079681270371,100.4
US.SGOV,iShares 0-3 Month Treasury Bond ETF,2026-09-01 14:30:00,100.4067,100.405,100.41,100.4,0.0,0.0,248680.0,24968886.608,0.0,100.405
US.SGOV,iShares 0-3 Month Treasury Bond ETF,2026-09-01 14:35:00,100.405,100.4,100.41,100.4,0.0,0.0,170491.0,17118425.303,-0.004979831681684629,100.405
US.SGOV,iShares 0-3 Month Treasury Bond ETF,2026-09-01 14:40:00,100.4,100.405,100.41,100.4,0.0,0.0,182620.0,18336100.647,0.004980079681270371,100.4
US.SGOV,iShares 0-3 Month Treasury Bond ETF,2026-09-01 14:45:00,100.4,100.41,100.41,100.4,0.0,0.0,209240.0,21008681.944,0.004979831681684629,100.405
US.SGOV,iShares 0-3 Month Treasury Bond ETF,2026-09-01 14:50:00,100.405,100.405,100.41,100.4,0.0,0.0,578112.0,58046895.813,-0.004979583706797582,100.41
US.SGOV,iShares 0-3 Month Treasury Bond ETF,2026-09-01 14:55:00,100.4,100.405,100.41,100.4,0.0,0.0,304381.0,30561167.592,0.0,100.405
US.SGOV,iShares 0-3 Month Treasury Bond ETF,2026-09-01 15:00:00,100.405,100.4099,100.41,100.4,0.0,0.0,495947.0,49796415.973,0.00488023504804754,100.405
US.SGOV,iShares 0-3 Month Treasury Bond ETF,2026-09-01 15:05:00,100.405,100.405,100.41,100.4,0.0,0.0,583839.0,58620595.158,-0.004879996892728838,100.4099
US.SGOV,iShares 0-3 Month Treasury Bond ETF,2026-09-01 15:10:00,100.4078,100.405,100.41,100.4,0.0,0.0,527633.0,52977309.871,0.0,100.405
US.SGOV,iShares 0-3 Month Treasury Bond ETF,2026-09-01 15:15:00,100.41,100.405,100.41,100.4,0.0,0.0,549907.0,55213405.25,0.0,100.405
US.SGOV,iShares 0-3 Month Treasury Bond ETF,2026-09-01 15:20:00,100.4069,100.405,100.41,100.4,0.0,0.0,505774.0,50782361.433,0.0,100.405
US.SGOV,iShares 0-3 Month Treasury Bond ETF,2026-09-01 15:25:00,100.405,100.41,100.41,100.4,0.0,0.0,740820.0,74382458.26,0.004979831681684629,100.405
US.SGOV,iShares 0-3 Month Treasury Bond ETF,2026-09-01 15:30:00,100.405,100.41,100.41,100.4,0.0,0.0,610432.0,61290534.623,0.0,100.41
US.SGOV,iShares 0-3 Month Treasury Bond ETF,2026-09-01 15:35:00,100.4001,100.405,100.41,100.4,0.0,0.0,653220.0,65586475.34,-0.004979583706797582,100.41
US.SGOV,iShares 0-3 Month Treasury Bond ETF,2026-09-01 15:40:00,100.405,100.41,100.41,100.4,0.0,0.0,651568.0,65420827.304,0.004979831681684629,100.405
US.SGOV,iShares 0-3 Month Treasury Bond ETF,2026-09-01 15:45:00,100.4,100.4,100.41,100.4,0.0,0.0,691234.0,69403614.291,-0.009959167413595165,100.41
US.SGOV,iShares 0-3 Month Treasury Bond ETF,2026-09-01 15:50:00,100.41,100.4,100.41,100.4,0.0,0.0,869531.0,87305243.332,0.0,100.4
US.SGOV,iShares 0-3 Month Treasury Bond ETF,2026-09-01 15:55:00,100.405,100.405,100.41,100.4,0.0,0.0,851421.0,85487145.577,0.004980079681270371,100.4
US.SGOV,iShares 0-3 Month Treasury Bond ETF,2026-09-01 16:00:00,100.405,100.41,100.41,100.4,0.0,0.0,999293.0,100334588.041,0.004979831681684629,100.405
US.SGOV,iShares 0-3 Month Treasury Bond ETF,2026-09-01 16:05:00,100.41,100.405,100.41,100.4,0.0,0.0,81967.0,8230107.949,-0.004979583706797582,100.41
US.SGOV,iShares 0-3 Month Treasury Bond ETF,2026-09-01 16:10:00,100.405,100.405,100.41,100.4,0.0,0.0,35778.0,3592433.038,0.0,100.405
US.SGOV,iShares 0-3 Month Treasury Bond ETF,2026-09-01 16:15:00,100.405,100.405,100.41,100.4,0.0,0.0,10684.0,1072822.238,0.0,100.405
US.SGOV,iShares 0-3 Month Treasury Bond ETF,2026-09-01 16:20:00,100.405,100.4034,100.4099,100.4,0.0,0.0,20573.0,2065673.36,-0.0015935461381368168,100.405
US.SGOV,iShares 0-3 Month Treasury Bond ETF,2026-09-01 16:25:00,100.4034,100.405,100.4098,100.4,0.0,0.0,16944.0,1701319.567,0.0015935715324344305,100.4034
US.SGOV,iShares 0-3 Month Treasury Bond ETF,2026-09-01 16:30:00,100.4034,100.405,100.405,100.4,0.0,0.0,3456.0,347063.937,0.0,100.405
US.SGOV,iShares 0-3 Month Treasury Bond ETF,2026-09-01 16:35:00,100.405,100.4002,100.405,100.4,0.0,0.0,7130.0,715961.098,-0.004780638414424604,100.405
US.SGOV,iShares 0-3 Month Treasury Bond ETF,2026-09-01 16:40:00,100.405,100.4035,100.4098,100.4,0.0,0.0,7519.0,755001.826,0.0032868460421352367,100.4002
US.SGOV,iShares 0-3 Month Treasury Bond ETF,2026-09-01 16:45:00,100.4035,100.405,100.41,100.4,0.0,0.0,4960.0,498098.062,0.0014939718236985388,100.4035
US.SGOV,iShares 0-3 Month Treasury Bond ETF,2026-09-01 16:50:00,100.405,100.405,100.4099,100.4,0.0,0.0,8505.0,854031.957,0.0,100.405
US.SGOV,iShares 0-3 Month Treasury Bond ETF,2026-09-01 16:55:00,100.4,100.4097,100.41,100.4,0.0,0.0,39918.0,4008066.087,0.004681041780787515,100.405
US.SGOV,iShares 0-3 Month Treasury Bond ETF,2026-09-01 17:00:00,100.4097,100.405,100.41,100.4,0.0,0.0,23763.0,2386077.474,-0.00468082266952267,100.4097
US.SGOV,iShares 0-3 Month Treasury Bond ETF,2026-09-01 17:05:00,100.405,100.4,100.41,100.4,0.0,0.0,10699.0,1074280.7,-0.004979831681684629,100.405
US.SGOV,iShares 0-3 Month Treasury Bond ETF,2026-09-01 17:10:00,100.4,100.405,100.41,100.4,0.0,0.0,4929.0,494946.263,0.004980079681270371,100.4
US.SGOV,iShares 0-3 Month Treasury Bond ETF,2026-09-01 17:15:00,100.405,100.405,100.41,100.4,0.0,0.0,44079.0,4425842.971,0.0,100.405
US.SGOV,iShares 0-3 Month Treasury Bond ETF,2026-09-01 17:20:00,100.405,100.4003,100.405,100.4003,0.0,0.0,4980.0,500102.963,-0.004681041780787515,100.405
US.SGOV,iShares 0-3 Month Treasury Bond ETF,2026-09-01 17:25:00,100.4015,100.405,100.41,100.4015,0.0,0.0,15310.0,1537273.671,0.0046812609125667,100.4003
US.SGOV,iShares 0-3 Month Treasury Bond ETF,2026-09-01 17:30:00,100.405,100.41,100.41,100.4034,0.0,0.0,11943.0,1199243.729,0.004979831681684629,100.405
US.SGOV,iShares 0-3 Month Treasury Bond ETF,2026-09-01 17:35:00,100.41,100.405,100.41,100.4,0.0,0.0,8910.0,894666.725,-0.004979583706797582,100.41
US.SGOV,iShares 0-3 Month Treasury Bond ETF,2026-09-01 17:40:00,100.405,100.4,100.41,100.4,0.0,0.0,3317.0,333095.087,-0.004979831681684629,100.405
US.SGOV,iShares 0-3 Month Treasury Bond ETF,2026-09-01 17:45:00,100.4,100.41,100.41,100.4,0.0,0.0,8639.0,867455.781,0.009960159362540742,100.4
US.SGOV,iShares 0-3 Month Treasury Bond ETF,2026-09-01 17:50:00,100.41,100.41,100.41,100.4015,0.0,0.0,27101.0,2721228.219,0.0,100.41
US.SGOV,iShares 0-3 Month Treasury Bond ETF,2026-09-01 17:55:00,100.41,100.405,100.41,100.4034,0.0,0.0,9937.0,997763.337,-0.004979583706797582,100.41
US.SGOV,iShares 0-3 Month Treasury Bond ETF,2026-09-01 18:00:00,100.405,100.4015,100.41,100.4,0.0,0.0,4916.0,493606.525,-0.0034858821771849026,100.405
US.SGOV,iShares 0-3 Month Treasury Bond ETF,2026-09-01 18:05:00,100.4015,100.41,100.41,100.4,0.0,0.0,4819.0,483946.043,0.008466008973967475,100.4015
US.SGOV,iShares 0-3 Month Treasury Bond ETF,2026-09-01 18:10:00,100.41,100.41,100.41,100.4,0.0,0.0,8019.0,805212.885,0.0,100.41
US.SGOV,iShares 0-3 Month Treasury Bond ETF,2026-09-01 18:15:00,100.41,100.4,100.41,100.4,0.0,0.0,48549.0,4874579.141,-0.009959167413595165,100.41
US.SGOV,iShares 0-3 Month Treasury Bond ETF,2026-09-01 18:20:00,100.4015,100.405,100.41,100.4015,0.0,0.0,31651.0,3178044.108,0.004980079681270371,100.4
US.SGOV,iShares 0-3 Month Treasury Bond ETF,2026-09-01 18:25:00,100.405,100.405,100.41,100.4034,0.0,0.0,27912.0,2802716.601,0.0,100.405
US.SGOV,iShares 0-3 Month Treasury Bond ETF,2026-09-01 18:30:00,100.405,100.4,100.41,100.4,0.0,0.0,29303.0,2942235.232,-0.004979831681684629,100.405
US.SGOV,iShares 0-3 Month Treasury Bond ETF,2026-09-01 18:35:00,100.4,100.4034,100.41,100.4,0.0,0.0,10580.0,1062334.683,0.003386454183266117,100.4
US.SGOV,iShares 0-3 Month Treasury Bond ETF,2026-09-01 18:40:00,100.4034,100.4085,100.41,100.4,0.0,0.0,20195.0,2027659.352,0.005079509259645363,100.4034
US.SGOV,iShares 0-3 Month Treasury Bond ETF,2026-09-01 18:45:00,100.4085,100.405,100.41,100.4,0.0,0.0,10626.0,1066936.319,-0.0034857606676750486,100.4085
US.SGOV,iShares 0-3 Month Treasury Bond ETF,2026-09-01 18:50:00,100.405,100.405,100.41,100.4,0.0,0.0,30191.0,3031500.313,0.0,100.405
US.SGOV,iShares 0-3 Month Treasury Bond ETF,2026-09-01 18:55:00,100.405,100.41,100.41,100.4,0.0,0.0,5786.0,580997.796,0.004979831681684629,100.405
US.SGOV,iShares 0-3 Month Treasury Bond ETF,2026-09-01 19:00:00,100.41,100.405,100.41,100.4015,0.0,0.0,10780.0,1082413.906,-0.004979583706797582,100.41
US.SGOV,iShares 0-3 Month Treasury Bond ETF,2026-09-01 19:05:00,100.405,100.405,100.41,100.4,0.0,0.0,12212.0,1226196.242,0.0,100.405
US.SGOV,iShares 0-3 Month Treasury Bond ETF,2026-09-01 19:10:00,100.405,100.405,100.41,100.4,0.0,0.0,5838.0,586158.686,0.0,100.405
US.SGOV,iShares 0-3 Month Treasury Bond ETF,2026-09-01 19:15:00,100.405,100.405,100.41,100.4034,0.0,0.0,14443.0,1450205.325,0.0,100.405
US.SGOV,iShares 0-3 Month Treasury Bond ETF,2026-09-01 19:20:00,100.405,100.4034,100.41,100.4,0.0,0.0,14958.0,1501932.012,-0.0015935461381368168,100.405
US.SGOV,iShares 0-3 Month Treasury Bond ETF,2026-09-01 19:25:00,100.405,100.4085,100.41,100.4,0.0,0.0,10869.0,1091313.419,0.005079509259645363,100.4034
US.SGOV,iShares 0-3 Month Treasury Bond ETF,2026-09-01 19:30:00,100.4085,100.4,100.41,100.4,0.0,0.0,3934.0,394995.544,-0.008465418764345601,100.4085
US.SGOV,iShares 0-3 Month Treasury Bond ETF,2026-09-01 19:35:00,100.4,100.4099,100.41,100.4,0.0,0.0,37083.0,3723479.464,0.009860557768911937,100.4
US.SGOV,iShares 0-3 Month Treasury Bond ETF,2026-09-01 19:40:00,100.4085,100.4097,100.41,100.4033,0.0,0.0,6135.0,615986.444,-0.00019918354663477254,100.4099
US.SGOV,iShares 0-3 Month Treasury Bond ETF,2026-09-01 19:45:00,100.4097,100.41,100.41,100.4,0.0,0.0,6684.0,671110.51,0.0002987759150716994,100.4097
US.SGOV,iShares 0-3 Month Treasury Bond ETF,2026-09-01 19:50:00,100.41,100.4097,100.41,100.4,0.0,0.0,9103.0,913989.098,-0.00029877502240389215,100.41
US.SGOV,iShares 0-3 Month Treasury Bond ETF,2026-09-01 19:55:00,100.4099,100.405,100.41,100.4,0.0,0.0,7983.0,801572.976,-0.00468082266952267,100.4097
US.SGOV,iShares 0-3 Month Treasury Bond ETF,2026-09-01 20:00:00,100.41,100.4098,100.41,100.4,0.0,0.0,10864.0,1090803.147,0.004780638414424604,100.405
US.SGOV,iShares 0-3 Month Treasury Bond ETF,2026-09-02 04:05:00,100.41,100.415,100.42,100.41,0.0,0.0,154920.0,15556741.999,0.005178777370338445,100.4098
US.SGOV,iShares 0-3 Month Treasury Bond ETF,2026-09-02 04:10:00,100.415,100.41,100.4197,100.41,0.0,0.0,5973.0,599760.204,-0.004979335756619692,100.415
US.SGOV,iShares 0-3 Month Treasury Bond ETF,2026-09-02 04:15:00,100.4197,100.415,100.42,100.4126,0.0,0.0,2192.0,220111.686,0.004979583706811736,100.41
US.SGOV,iShares 0-3 Month Treasury Bond ETF,2026-09-02 04:20:00,100.415,100.4126,100.42,100.41,0.0,0.0,14675.0,1473601.964,-0.002390081163181414,100.415
US.SGOV,iShares 0-3 Month Treasury Bond ETF,2026-09-02 04:25:00,100.41,100.41,100.42,100.41,0.0,0.0,5472.0,549493.877,-0.0025893164802037257,100.4126
US.SGOV,iShares 0-3 Month Treasury Bond ETF,2026-09-02 04:30:00,100.41,100.415,100.415,100.41,0.0,0.0,6494.0,652091.432,0.004979583706811736,100.41
US.SGOV,iShares 0-3 Month Treasury Bond ETF,2026-09-02 04:35:00,100.41,100.4175,100.4175,100.41,0.0,0.0,1817.0,182452.931,0.0024896678783027696,100.415
US.SGOV,iShares 0-3 Month Treasury Bond ETF,2026-09-02 04:40:00,100.4175,100.41,100.4175,100.41,0.0,0.0,4720.0,473945.776,-0.00746881768616764,100.4175
US.SGOV,iShares 0-3 Month Treasury Bond ETF,2026-09-02 04:45:00,100.41,100.41,100.4174,100.41,0.0,0.0,1602.0,160889.96,0.0,100.41
US.SGOV,iShares 0-3 Month Treasury Bond ETF,2026-09-02 04:50:00,100.41,100.41,100.42,100.41,0.0,0.0,1026.0,103025.972,0.0,100.41
US.SGOV,iShares 0-3 Month Treasury Bond ETF,2026-09-02 04:55:00,100.41,100.415,100.415,100.41,0.0,0.0,2393.0,240288.438,0.004979583706811736,100.41
US.SGOV,iShares 0-3 Month Treasury Bond ETF,2026-09-02 05:00:00,100.415,100.4127,100.42,100.41,0.0,0.0,17985.0,1805962.358,-0.0022904944480459074,100.415
US.SGOV,iShares 0-3 Month Treasury Bond ETF,2026-09-02 05:05:00,100.4127,100.415,100.42,100.41,0.0,0.0,2800.0,281243.226,0.002290546912895777,100.4127
US.SGOV,iShares 0-3 Month Treasury Bond ETF,2026-09-02 05:10:00,100.41,100.4126,100.42,100.41,0.0,0.0,2906.0,291806.934,-0.002390081163181414,100.415
US.SGOV,iShares 0-3 Month Treasury Bond ETF,2026-09-02 05:15:00,100.4126,100.42,100.42,100.41,0.0,0.0,1014.0,101846.892,0.007369593059042462,100.4126
US.SGOV,iShares 0-3 Month Treasury Bond ETF,2026-09-02 05:20:00,100.42,100.42,100.42,100.41,0.0,0.0,638.0,64123.161,0.0,100.42
US.SGOV,iShares 0-3 Month Treasury Bond ETF,2026-09-02 05:25:00,100.42,100.4126,100.42,100.41,0.0,0.0,7912.0,794538.743,-0.007369049990045878,100.42
US.SGOV,iShares 0-3 Month Treasury Bond ETF,2026-09-02 05:30:00,100.4126,100.415,100.4175,100.41,0.0,0.0,6415.0,644136.978,0.002390138289426444,100.4126
US.SGOV,iShares 0-3 Month Treasury Bond ETF,2026-09-02 05:35:00,100.415,100.4125,100.42,100.41,0.0,0.0,2117.0,212598.775,-0.0024896678783169215,100.415
US.SGOV,iShares 0-3 Month Treasury Bond ETF,2026-09-02 05:40:00,100.4125,100.42,100.42,100.41,0.0,0.0,2319.0,232858.104,0.0074691895929365265,100.4125
US.SGOV,iShares 0-3 Month Treasury Bond ETF,2026-09-02 05:45:00,100.42,100.42,100.42,100.41,0.0,0.0,763.0,76695.035,0.0,100.42
US.SGOV,iShares 0-3 Month Treasury Bond ETF,2026-09-02 05:50:00,100.41,100.42,100.42,100.41,0.0,0.0,4998.0,501874.698,0.0,100.42
US.SGOV,iShares 0-3 Month Treasury Bond ETF,2026-09-02 05:55:00,100.42,100.415,100.42,100.41,0.0,0.0,6521.0,654788.523,-0.004979087831104812,100.42
US.SGOV,iShares 0-3 Month Treasury Bond ETF,2026-09-02 06:00:00,100.415,100.415,100.42,100.41,0.0,0.0,3741.0,375648.114,0.0,100.415
US.SGOV,iShares 0-3 Month Treasury Bond ETF,2026-09-02 06:05:00,100.415,100.41,100.42,100.41,0.0,0.0,1355.0,136073.547,-0.004979335756619692,100.415
US.SGOV,iShares 0-3 Month Treasury Bond ETF,2026-09-02 06:10:00,100.41,100.4128,100.42,100.41,0.0,0.0,1810.0,181749.424,0.0027885668758168363,100.41
US.SGOV,iShares 0-3 Month Treasury Bond ETF,2026-09-02 06:15:00,100.4128,100.415,100.415,100.4128,0.0,0.0,1116.0,112062.916,0.0021909557347290164,100.4128
US.SGOV,iShares 0-3 Month Treasury Bond ETF,2026-09-02 06:20:00,100.415,100.41,100.4159,100.41,0.0,0.0,1425.0,143087.631,-0.004979335756619692,100.415
US.SGOV,iShares 0-3 Month Treasury Bond ETF,2026-09-02 06:25:00,100.41,100.41,100.415,100.41,0.0,0.0,4837.0,485691.97,0.0,100.41
US.SGOV,iShares 0-3 Month Treasury Bond ETF,2026-09-02 06:30:00,100.41,100.41,100.41,100.41,0.0,0.0,404.0,40565.854,0.0,100.41
US.SGOV,iShares 0-3 Month Treasury Bond ETF,2026-09-02 06:35:00,100.41,100.41,100.42,100.41,0.0,0.0,3347.0,336093.343,0.0,100.41
US.SGOV,iShares 0-3 Month Treasury Bond ETF,2026-09-02 06:40:00,100.42,100.42,100.42,100.415,0.0,0.0,9730.0,977079.631,0.009959167413609318,100.41
US.SGOV,iShares 0-3 Month Treasury Bond ETF,2026-09-02 06:45:00,100.42,100.415,100.42,100.41,0.0,0.0,2067.0,207557.508,-0.004979087831104812,100.42
US.SGOV,iShares 0-3 Month Treasury Bond ETF,2026-09-02 06:50:00,100.415,100.4127,100.4198,100.41,0.0,0.0,665.0,66866.319,-0.0022904944480459074,100.415
US.SGOV,iShares 0-3 Month Treasury Bond ETF,2026-09-02 06:55:00,100.4127,100.4172,100.4174,100.41,0.0,0.0,4523.0,454166.967,0.0044815048295614645,100.4127
US.SGOV,iShares 0-3 Month Treasury Bond ETF,2026-09-02 07:00:00,100.4172,100.41,100.42,100.41,0.0,0.0,2815.0,282661.594,-0.007170086399538557,100.4172
US.SGOV,iShares 0-3 Month Treasury Bond ETF,2026-09-02 07:05:00,100.41,100.4172,100.42,100.41,0.0,0.0,24065.0,2416582.988,0.007170600537792481,100.41
US.SGOV,iShares 0-3 Month Treasury Bond ETF,2026-09-02 07:10:00,100.4172,100.415,100.42,100.41,0.0,0.0,13994.0,1405249.627,-0.0021908597331809364,100.4172
US.SGOV,iShares 0-3 Month Treasury Bond ETF,2026-09-02 07:15:00,100.4185,100.4102,100.42,100.41,0.0,0.0,10584.0,1062868.01,-0.0047801623263486765,100.415
US.SGOV,iShares 0-3 Month Treasury Bond ETF,2026-09-02 07:20:00,100.4102,100.42,100.42,100.41,0.0,0.0,6540.0,656774.266,0.00975996462510629,100.4102
US.SGOV,iShares 0-3 Month Treasury Bond ETF,2026-09-02 07:25:00,100.4173,100.415,100.42,100.4125,0.0,0.0,13622.0,1367914.636,-0.004979087831104812,100.42
US.SGOV,iShares 0-3 Month Treasury Bond ETF,2026-09-02 07:30:00,100.415,100.415,100.42,100.41,0.0,0.0,3705.0,372062.304,0.0,100.415
US.SGOV,iShares 0-3 Month Treasury Bond ETF,2026-09-02 07:35:00,100.415,100.4127,100.42,100.41,0.0,0.0,9834.0,987592.375,-0.0022904944480459074,100.415
US.SGOV,iShares 0-3 Month Treasury Bond ETF,2026-09-02 07:40:00,100.4127,100.42,100.42,100.41,0.0,0.0,8514.0,854975.123,0.007269996723522772,100.4127
US.SGOV,iShares 0-3 Month Treasury Bond ETF,2026-09-02 07:45:00,100.42,100.4185,100.42,100.41,0.0,0.0,2214.0,222407.711,-0.0014937263493399345,100.42
US.SGOV,iShares 0-3 Month Treasury Bond ETF,2026-09-02 07:50:00,100.4185,100.41,100.42,100.41,0.0,0.0,8483.0,851841.095,-0.008464575750482187,100.4185
US.SGOV,iShares 0-3 Month Treasury Bond ETF,2026-09-02 07:55:00,100.41,100.41,100.42,100.41,0.0,0.0,7950.0,798336.092,0.0,100.41
US.SGOV,iShares 0-3 Month Treasury Bond ETF,2026-09-02 08:00:00,100.41,100.415,100.4185,100.41,0.0,0.0,8130.0,816440.228,0.004979583706811736,100.41
US.SGOV,iShares 0-3 Month Treasury Bond ETF,2026-09-02 08:05:00,100.41,100.415,100.415,100.41,0.0,0.0,3974.0,399112.227,0.0,100.415
US.SGOV,iShares 0-3 Month Treasury Bond ETF,2026-09-02 08:10:00,100.415,100.4102,100.42,100.41,0.0,0.0,5280.0,530281.073,-0.0047801623263486765,100.415
US.SGOV,iShares 0-3 Month Treasury Bond ETF,2026-09-02 08:15:00,100.4102,100.4126,100.42,100.41,0.0,0.0,9244.0,928303.148,0.002390195418388178,100.4102
US.SGOV,iShares 0-3 Month Treasury Bond ETF,2026-09-02 08:20:00,100.415,100.41,100.42,100.41,0.0,0.0,8995.0,903294.897,-0.0025893164802037257,100.4126
US.SGOV,iShares 0-3 Month Treasury Bond ETF,2026-09-02 08:25:00,100.415,100.415,100.42,100.41,0.0,0.0,8809.0,884567.292,0.004979583706811736,100.41
US.SGOV,iShares 0-3 Month Treasury Bond ETF,2026-09-02 08:30:00,100.415,100.4127,100.42,100.41,0.0,0.0,12169.0,1222015.303,-0.0022904944480459074,100.415
US.SGOV,iShares 0-3 Month Treasury Bond ETF,2026-09-02 08:35:00,100.4127,100.41,100.42,100.41,0.0,0.0,21109.0,2119626.435,-0.00268890289774537,100.4127
US.SGOV,iShares 0-3 Month Treasury Bond ETF,2026-09-02 08:40:00,100.42,100.42,100.42,100.41,0.0,0.0,3039.0,305257.696,0.009959167413609318,100.41
US.SGOV,iShares 0-3 Month Treasury Bond ETF,2026-09-02 08:45:00,100.42,100.415,100.42,100.41,0.0,0.0,3192.0,320575.427,-0.004979087831104812,100.42
US.SGOV,iShares 0-3 Month Treasury Bond ETF,2026-09-02 08:50:00,100.42,100.4126,100.42,100.41,0.0,0.0,3720.0,373587.363,-0.002390081163181414,100.415
US.SGOV,iShares 0-3 Month Treasury Bond ETF,2026-09-02 08:55:00,100.4126,100.42,100.42,100.41,0.0,0.0,7052.0,708186.7,0.007369593059042462,100.4126
US.SGOV,iShares 0-3 Month Treasury Bond ETF,2026-09-02 09:00:00,100.42,100.42,100.42,100.41,0.0,0.0,3715.0,373080.216,0.0,100.42
US.SGOV,iShares 0-3 Month Treasury Bond ETF,2026-09-02 09:05:00,100.42,100.41,100.42,100.41,0.0,0.0,16551.0,1661921.057,-0.009958175662223775,100.42
US.SGOV,iShares 0-3 Month Treasury Bond ETF,2026-09-02 09:10:00,100.41,100.415,100.42,100.41,0.0,0.0,5837.0,586117.351,0.004979583706811736,100.41
US.SGOV,iShares 0-3 Month Treasury Bond ETF,2026-09-02 09:15:00,100.415,100.4126,100.42,100.41,0.0,0.0,6603.0,663123.3,-0.002390081163181414,100.415
US.SGOV,iShares 0-3 Month Treasury Bond ETF,2026-09-02 09:20:00,100.4126,100.415,100.4165,100.41,0.0,0.0,10533.0,1057670.517,0.002390138289426444,100.4126
US.SGOV,iShares 0-3 Month Treasury Bond ETF,2026-09-02 09:25:00,100.415,100.41,100.42,100.41,0.0,0.0,14311.0,1437071.055,-0.004979335756619692,100.415
US.SGOV,iShares 0-3 Month Treasury Bond ETF,2026-09-02 09:30:00,100.4163,100.4105,100.4199,100.41,0.0,0.0,16553.0,1662144.315,0.0004979583706825889,100.41
US.SGOV,iShares 0-3 Month Treasury Bond ETF,2026-09-02 09:35:00,100.41,100.415,100.42,100.41,0.0,0.0,1189451.0,119435047.539,0.00448160301961177,100.4105
US.SGOV,iShares 0-3 Month Treasury Bond ETF,2026-09-02 09:40:00,100.415,100.41,100.42,100.41,0.0,0.0,362034.0,36353345.841,-0.004979335756619692,100.415
US.SGOV,iShares 0-3 Month Treasury Bond ETF,2026-09-02 09:45:00,100.415,100.42,100.42,100.41,0.0,0.0,383993.0,38558198.972,0.009959167413609318,100.41
US.SGOV,iShares 0-3 Month Treasury Bond ETF,2026-09-02 09:50:00,100.42,100.41,100.42,100.41,0.0,0.0,527863.0,53004918.385,-0.009958175662223775,100.42
US.SGOV,iShares 0-3 Month Treasury Bond ETF,2026-09-02 09:55:00,100.415,100.41,100.42,100.41,0.0,0.0,367672.0,36919589.067,0.0,100.41
US.SGOV,iShares 0-3 Month Treasury Bond ETF,2026-09-02 10:00:00,100.41,100.415,100.42,100.41,0.0,0.0,370775.0,37231159.312,0.004979583706811736,100.41
US.SGOV,iShares 0-3 Month Treasury Bond ETF,2026-09-02 10:05:00,100.4101,100.415,100.42,100.41,0.0,0.0,353682.0,35514678.493,0.0,100.415
US.SGOV,iShares 0-3 Month Treasury Bond ETF,2026-09-02 10:10:00,100.4155,100.42,100.42,100.41,0.0,0.0,319883.0,32120497.366,0.004979335756605539,100.415
US.SGOV,iShares 0-3 Month Treasury Bond ETF,2026-09-02 10:15:00,100.4124,100.4172,100.42,100.41,0.0,0.0,319841.0,32116940.022,-0.002788289185428884,100.42
US.SGOV,iShares 0-3 Month Treasury Bond ETF,2026-09-02 10:20:00,100.4167,100.415,100.42,100.41,0.0,0.0,217459.0,21836161.357,-0.0021908597331809364,100.4172
US.SGOV,iShares 0-3 Month Treasury Bond ETF,2026-09-02 10:25:00,100.4199,100.415,100.42,100.41,0.0,0.0,235646.0,23662616.89,0.0,100.415
US.SGOV,iShares 0-3 Month Treasury Bond ETF,2026-09-02 10:30:00,100.415,100.41,100.42,100.41,0.0,0.0,278776.0,27993310.392,-0.004979335756619692,100.415
US.SGOV,iShares 0-3 Month Treasury Bond ETF,2026-09-02 10:35:00,100.415,100.4199,100.42,100.41,0.0,0.0,190988.0,19178283.597,0.009859575739469969,100.41
US.SGOV,iShares 0-3 Month Treasury Bond ETF,2026-09-02 10:40:00,100.415,100.4177,100.42,100.41,0.0,0.0,473275.0,47524277.261,-0.002190800827328028,100.4199
US.SGOV,iShares 0-3 Month Treasury Bond ETF,2026-09-02 10:45:00,100.4198,100.415,100.42,100.41,0.0,0.0,196681.0,19749773.245,-0.0026887690118277503,100.4177
US.SGOV,iShares 0-3 Month Treasury Bond ETF,2026-09-02 10:50:00,100.412,100.415,100.42,100.41,0.0,0.0,234685.0,23565717.836,0.0,100.415
US.SGOV,iShares 0-3 Month Treasury Bond ETF,2026-09-02 10:55:00,100.415,100.41,100.42,100.41,0.0,0.0,185283.0,18605240.562,-0.004979335756619692,100.415
US.SGOV,iShares 0-3 Month Treasury Bond ETF,2026-09-02 11:00:00,100.415,100.412,100.42,100.41,0.0,0.0,206907.0,20776552.096,0.0019918334827303554,100.41
US.SGOV,iShares 0-3 Month Treasury Bond ETF,2026-09-02 11:05:00,100.4176,100.415,100.42,100.41,0.0,0.0,219330.0,22024022.896,0.002987690714257373,100.412
US.SGOV,iShares 0-3 Month Treasury Bond ETF,2026-09-02 11:10:00,100.415,100.415,100.42,100.41,0.0,0.0,355849.0,35731868.292,0.0,100.415
US.SGOV,iShares 0-3 Month Treasury Bond ETF,2026-09-02 11:15:00,100.42,100.4122,100.42,100.41,0.0,0.0,327724.0,32908135.587,-0.002788428023709292,100.415
US.SGOV,iShares 0-3 Month Treasury Bond ETF,2026-09-02 11:20:00,100.42,100.415,100.42,100.41,0.0,0.0,195730.0,19654221.78,0.002788505779185881,100.4122
US.SGOV,iShares 0-3 Month Treasury Bond ETF,2026-09-02 11:25:00,100.41,100.415,100.42,100.41,0.0,0.0,192974.0,19377494.393,0.0,100.415
US.SGOV,iShares 0-3 Month Treasury Bond ETF,2026-09-02 11:30:00,100.415,100.415,100.42,100.41,0.0,0.0,161621.0,16229285.792,0.0,100.415
US.SGOV,iShares 0-3 Month Treasury Bond ETF,2026-09-02 11:35:00,100.415,100.415,100.42,100.41,0.0,0.0,200649.0,20148106.533,0.0,100.415
US.SGOV,iShares 0-3 Month Treasury Bond ETF,2026-09-02 11:40:00,100.415,100.415,100.42,100.41,0.0,0.0,263235.0,26432931.989,0.0,100.415
US.SGOV,iShares 0-3 Month Treasury Bond ETF,2026-09-02 11:45:00,100.415,100.42,100.42,100.41,0.0,0.0,188781.0,18956269.741,0.004979335756605539,100.415
US.SGOV,iShares 0-3 Month Treasury Bond ETF,2026-09-02 11:50:00,100.415,100.4101,100.42,100.41,0.0,0.0,270667.0,27178697.185,-0.009858593905598283,100.42
US.SGOV,iShares 0-3 Month Treasury Bond ETF,2026-09-02 11:55:00,100.41,100.41,100.42,100.41,0.0,0.0,244374.0,24538457.906,-9.959157495443153e-05,100.4101
US.SGOV,iShares 0-3 Month Treasury Bond ETF,2026-09-02 12:00:00,100.4172,100.41,100.42,100.41,0.0,0.0,164122.0,16480265.522,0.0,100.41
US.SGOV,iShares 0-3 Month Treasury Bond ETF,2026-09-02 12:05:00,100.41,100.415,100.42,100.41,0.0,0.0,345356.0,34678762.401,0.004979583706811736,100.41
US.SGOV,iShares 0-3 Month Treasury Bond ETF,2026-09-02 12:10:00,100.415,100.41,100.42,100.41,0.0,0.0,112648.0,11311378.292,-0.004979335756619692,100.415
US.SGOV,iShares 0-3 Month Treasury Bond ETF,2026-09-02 12:15:00,100.415,100.415,100.42,100.41,0.0,0.0,356650.0,35813131.835,0.004979583706811736,100.41
US.SGOV,iShares 0-3 Month Treasury Bond ETF,2026-09-02 12:20:00,100.4123,100.415,100.42,100.41,0.0,0.0,163586.0,16426581.069,0.0,100.415
US.SGOV,iShares 0-3 Month Treasury Bond ETF,2026-09-02 12:25:00,100.415,100.415,100.42,100.41,0.0,0.0,140527.0,14111078.22,0.0,100.415
US.SGOV,iShares 0-3 Month Treasury Bond ETF,2026-09-02 12:30:00,100.4123,100.42,100.42,100.41,0.0,0.0,142546.0,14313822.37,0.004979335756605539,100.415
US.SGOV,iShares 0-3 Month Treasury Bond ETF,2026-09-02 12:35:00,100.41,100.415,100.42,100.41,0.0,0.0,141385.0,14197189.721,-0.004979087831104812,100.42
US.SGOV,iShares 0-3 Month Treasury Bond ETF,2026-09-02 12:40:00,100.415,100.415,100.42,100.41,0.0,0.0,165105.0,16579139.184,0.0,100.415
US.SGOV,iShares 0-3 Month Treasury Bond ETF,2026-09-02 12:45:00,100.415,100.41,100.42,100.41,0.0,0.0,182136.0,18289266.316,-0.004979335756619692,100.415
US.SGOV,iShares 0-3 Month Treasury Bond ETF,2026-09-02 12:50:00,100.4101,100.415,100.42,100.41,0.0,0.0,160223.0,16088936.569,0.004979583706811736,100.41
US.SGOV,iShares 0-3 Month Treasury Bond ETF,2026-09-02 12:55:00,100.415,100.415,100.42,100.41,0.0,0.0,143522.0,14411964.415,0.0,100.415
US.SGOV,iShares 0-3 Month Treasury Bond ETF,2026-09-02 13:00:00,100.4101,100.415,100.42,100.41,0.0,0.0,159389.0,16005134.31,0.0,100.415
US.SGOV,iShares 0-3 Month Treasury Bond ETF,2026-09-02 13:05:00,100.415,100.41,100.42,100.41,0.0,0.0,111613.0,11207624.685,-0.004979335756619692,100.415
US.SGOV,iShares 0-3 Month Treasury Bond ETF,2026-09-02 13:10:00,100.415,100.4162,100.42,100.41,0.0,0.0,152736.0,15337064.312,0.006174683796441457,100.41
US.SGOV,iShares 0-3 Month Treasury Bond ETF,2026-09-02 13:15:00,100.415,100.415,100.42,100.41,0.0,0.0,136195.0,13675900.938,-0.0011950263005343791,100.4162
US.SGOV,iShares 0-3 Month Treasury Bond ETF,2026-09-02 13:20:00,100.4123,100.4123,100.42,100.41,0.0,0.0,354998.0,35647264.717,-0.002688841308573784,100.415
US.SGOV,iShares 0-3 Month Treasury Bond ETF,2026-09-02 13:25:00,100.41,100.4168,100.42,100.41,0.0,0.0,177772.0,17850721.949,0.004481522681975281,100.4123
US.SGOV,iShares 0-3 Month Treasury Bond ETF,2026-09-02 13:30:00,100.4156,100.415,100.42,100.41,0.0,0.0,143352.0,14394630.739,-0.0017925287401995478,100.4168
US.SGOV,iShares 0-3 Month Treasury Bond ETF,2026-09-02 13:35:00,100.4101,100.415,100.42,100.41,0.0,0.0,97673.0,9807900.609,0.0,100.415
US.SGOV,iShares 0-3 Month Treasury Bond ETF,2026-09-02 13:40:00,100.415,100.415,100.42,100.41,0.0,0.0,247257.0,24828812.111,0.0,100.415
US.SGOV,iShares 0-3 Month Treasury Bond ETF,2026-09-02 13:45:00,100.41,100.415,100.42,100.41,0.0,0.0,114549.0,11502334.677,0.0,100.415
US.SGOV,iShares 0-3 Month Treasury Bond ETF,2026-09-02 13:50:00,100.415,100.415,100.42,100.41,0.0,0.0,173126.0,17384604.72,0.0,100.415
US.SGOV,iShares 0-3 Month Treasury Bond ETF,2026-09-02 13:55:00,100.415,100.4122,100.42,100.41,0.0,0.0,214562.0,21545214.734,-0.002788428023709292,100.415
US.SGOV,iShares 0-3 Month Treasury Bond ETF,2026-09-02 14:00:00,100.415,100.415,100.42,100.41,0.0,0.0,185799.0,18657284.098,0.002788505779185881,100.4122
US.SGOV,iShares 0-3 Month Treasury Bond ETF,2026-09-02 14:05:00,100.4198,100.41,100.42,100.41,0.0,0.0,140335.0,14091674.043,-0.004979335756619692,100.415
US.SGOV,iShares 0-3 Month Treasury Bond ETF,2026-09-02 14:10:00,100.41,100.415,100.42,100.41,0.0,0.0,156658.0,15730884.524,0.004979583706811736,100.41
US.SGOV,iShares 0-3 Month Treasury Bond ETF,2026-09-02 14:15:00,100.42,100.4123,100.42,100.41,0.0,0.0,173144.0,17386366.326,-0.002688841308573784,100.415
US.SGOV,iShares 0-3 Month Treasury Bond ETF,2026-09-02 14:20:00,100.4171,100.41,100.42,100.41,0.0,0.0,164947.0,16563332.708,-0.0022905560374628384,100.4123
US.SGOV,iShares 0-3 Month Treasury Bond ETF,2026-09-02 14:25:00,100.4155,100.42,100.42,100.41,0.0,0.0,124256.0,12477276.345,0.009959167413609318,100.41
US.SGOV,iShares 0-3 Month Treasury Bond ETF,2026-09-02 14:30:00,100.415,100.416,100.42,100.41,0.0,0.0,248658.0,24969001.333,-0.00398327026489234,100.42
US.SGOV,iShares 0-3 Month Treasury Bond ETF,2026-09-02 14:35:00,100.4169,100.415,100.42,100.41,0.0,0.0,137427.0,13799828.82,-0.0009958572338975501,100.416
US.SGOV,iShares 0-3 Month Treasury Bond ETF,2026-09-02 14:40:00,100.42,100.415,100.42,100.41,0.0,0.0,105598.0,10603618.549,0.0,100.415
US.SGOV,iShares 0-3 Month Treasury Bond ETF,2026-09-02 14:45:00,100.415,100.415,100.42,100.41,0.0,0.0,119663.0,12015880.494,0.0,100.415
US.SGOV,iShares 0-3 Month Treasury Bond ETF,2026-09-02 14:50:00,100.415,100.4199,100.42,100.41,0.0,0.0,176964.0,17769796.204,0.0048797490414700315,100.415
US.SGOV,iShares 0-3 Month Treasury Bond ETF,2026-09-02 14:55:00,100.4155,100.4178,100.42,100.41,0.0,0.0,156493.0,15714424.754,-0.002091218971537174,100.4199
US.SGOV,iShares 0-3 Month Treasury Bond ETF,2026-09-02 15:00:00,100.4123,100.415,100.42,100.41,0.0,0.0,152513.0,15314701.209,-0.0027883502725547407,100.4178
US.SGOV,iShares 0-3 Month Treasury Bond ETF,2026-09-02 15:05:00,100.41,100.415,100.42,100.41,0.0,0.0,253879.0,25492755.677,0.0,100.415
US.SGOV,iShares 0-3 Month Treasury Bond ETF,2026-09-02 15:10:00,100.4169,100.41,100.42,100.41,0.0,0.0,239228.0,24021785.527,-0.004979335756619692,100.415
US.SGOV,iShares 0-3 Month Treasury Bond ETF,2026-09-02 15:15:00,100.415,100.4123,100.42,100.41,0.0,0.0,281712.0,28287842.038,0.0022906085051342473,100.41
US.SGOV,iShares 0-3 Month Treasury Bond ETF,2026-09-02 15:20:00,100.41,100.41,100.42,100.41,0.0,0.0,283367.0,28453905.185,-0.0022905560374628384,100.4123
US.SGOV,iShares 0-3 Month Treasury Bond ETF,2026-09-02 15:25:00,100.4167,100.41,100.42,100.41,0.0,0.0,298698.0,29993440.227,0.0,100.41
US.SGOV,iShares 0-3 Month Treasury Bond ETF,2026-09-02 15:30:00,100.41,100.415,100.42,100.41,0.0,0.0,309558.0,31084009.431,0.004979583706811736,100.41
US.SGOV,iShares 0-3 Month Treasury Bond ETF,2026-09-02 15:35:00,100.415,100.415,100.42,100.41,0.0,0.0,374926.0,37647787.203,0.0,100.415
US.SGOV,iShares 0-3 Month Treasury Bond ETF,2026-09-02 15:40:00,100.41,100.415,100.42,100.41,0.0,0.0,373597.0,37514437.422,0.0,100.415
US.SGOV,iShares 0-3 Month Treasury Bond ETF,2026-09-02 15:45:00,100.4172,100.415,100.42,100.41,0.0,0.0,363147.0,36465108.346,0.0,100.415
US.SGOV,iShares 0-3 Month Treasury Bond ETF,2026-09-02 15:50:00,100.415,100.4176,100.42,100.41,0.0,0.0,467776.0,46971216.974,0.0025892545934241245,100.415
US.SGOV,iShares 0-3 Month Treasury Bond ETF,2026-09-02 15:55:00,100.415,100.4122,100.42,100.41,0.0,0.0,441140.0,44296718.851,-0.0053775433788444665,100.4176
US.SGOV,iShares 0-3 Month Treasury Bond ETF,2026-09-02 16:00:00,100.42,100.42,100.42,100.41,0.0,0.0,883702.0,88735725.708,0.007767980384856758,100.4122
US.SGOV,iShares 0-3 Month Treasury Bond ETF,2026-09-02 16:05:00,100.415,100.41,100.42,100.41,0.0,0.0,26881.0,2699319.53,-0.009958175662223775,100.42
US.SGOV,iShares 0-3 Month Treasury Bond ETF,2026-09-02 16:10:00,100.41,100.4199,100.42,100.41,0.0,0.0,16287.0,1635538.625,0.009859575739469969,100.41
US.SGOV,iShares 0-3 Month Treasury Bond ETF,2026-09-02 16:15:00,100.4199,100.41,100.4199,100.41,0.0,0.0,335852.0,33722985.48,-0.00985860372296905,100.4199
US.SGOV,iShares 0-3 Month Treasury Bond ETF,2026-09-02 16:20:00,100.41,100.41,100.41,100.41,0.0,0.0,47786.0,4798243.577,0.0,100.41
US.SGOV,iShares 0-3 Month Treasury Bond ETF,2026-09-02 16:25:00,100.41,100.41,100.41,100.41,0.0,0.0,44104.0,4428523.636,0.0,100.41
US.SGOV,iShares 0-3 Month Treasury Bond ETF,2026-09-02 16:30:00,100.41,100.41,100.41,100.41,0.0,0.0,75567.0,7587718.08,0.0,100.41
US.SGOV,iShares 0-3 Month Treasury Bond ETF,2026-09-02 16:35:00,100.41,100.41,100.41,100.41,0.0,0.0,42502.0,4267671.764,0.0,100.41
US.SGOV,iShares 0-3 Month Treasury Bond ETF,2026-09-02 16:40:00,100.41,100.4095,100.41,100.4,0.0,0.0,29826.0,2994833.162,-0.0004979583706825889,100.41
US.SGOV,iShares 0-3 Month Treasury Bond ETF,2026-09-02 16:45:00,100.41,100.4034,100.41,100.4034,0.0,0.0,13861.0,1391842.15,-0.006075122373868346,100.4095
US.SGOV,iShares 0-3 Month Treasury Bond ETF,2026-09-02 16:50:00,100.4034,100.41,100.41,100.4,0.0,0.0,4163.0,417999.935,0.006573482571299103,100.4034
US.SGOV,iShares 0-3 Month Treasury Bond ETF,2026-09-02 16:55:00,100.41,100.41,100.41,100.4034,0.0,0.0,6898.0,692661.335,0.0,100.41
US.SGOV,iShares 0-3 Month Treasury Bond ETF,2026-09-02 17:00:00,100.41,100.4015,100.41,100.4005,0.0,0.0,32965.0,3310052.221,-0.008465292301561553,100.41
US.SGOV,iShares 0-3 Month Treasury Bond ETF,2026-09-02 17:05:00,100.4015,100.41,100.41,100.4015,0.0,0.0,16919.0,1698877.791,0.008466008973967475,100.4015
US.SGOV,iShares 0-3 Month Treasury Bond ETF,2026-09-02 17:10:00,100.41,100.4,100.41,100.4,0.0,0.0,51269.0,5147937.994,-0.009959167413595165,100.41
US.SGOV,iShares 0-3 Month Treasury Bond ETF,2026-09-02 17:15:00,100.4,100.405,100.41,100.4,0.0,0.0,5861.0,588493.491,0.004980079681270371,100.4
US.SGOV,iShares 0-3 Month Treasury Bond ETF,2026-09-02 17:20:00,100.405,100.41,100.41,100.4,0.0,0.0,6440.0,646694.057,0.004979831681684629,100.405
US.SGOV,iShares 0-3 Month Treasury Bond ETF,2026-09-02 17:25:00,100.41,100.405,100.41,100.4015,0.0,0.0,7923.0,795623.619,-0.004979583706797582,100.41
US.SGOV,iShares 0-3 Month Treasury Bond ETF,2026-09-02 17:30:00,100.405,100.405,100.41,100.4,0.0,0.0,17757.0,1783026.29,0.0,100.405
US.SGOV,iShares 0-3 Month Treasury Bond ETF,2026-09-02 17:35:00,100.405,100.41,100.41,100.4,0.0,0.0,9198.0,923566.769,0.004979831681684629,100.405
US.SGOV,iShares 0-3 Month Treasury Bond ETF,2026-09-02 17:40:00,100.41,100.4095,100.41,100.4,0.0,0.0,9777.0,981703.808,-0.0004979583706825889,100.41
US.SGOV,iShares 0-3 Month Treasury Bond ETF,2026-09-02 17:45:00,100.4095,100.405,100.41,100.4,0.0,0.0,5457.0,547972.478,-0.0044816476528546255,100.4095
US.SGOV,iShares 0-3 Month Treasury Bond ETF,2026-09-02 17:50:00,100.41,100.41,100.41,100.4015,0.0,0.0,7930.0,796288.501,0.004979831681684629,100.405
US.SGOV,iShares 0-3 Month Treasury Bond ETF,2026-09-02 17:55:00,100.41,100.4034,100.41,100.4002,0.0,0.0,6724.0,675198.879,-0.006573050492970545,100.41
US.SGOV,iShares 0-3 Month Treasury Bond ETF,2026-09-02 18:00:00,100.41,100.4034,100.41,100.4,0.0,0.0,30395.0,3051796.645,0.0,100.4034
US.SGOV,iShares 0-3 Month Treasury Bond ETF,2026-09-02 18:05:00,100.41,100.405,100.41,100.4,0.0,0.0,7260.0,728944.457,0.0015935715324344305,100.4034
US.SGOV,iShares 0-3 Month Treasury Bond ETF,2026-09-02 18:10:00,100.405,100.41,100.41,100.4034,0.0,0.0,7408.0,743849.104,0.004979831681684629,100.405
US.SGOV,iShares 0-3 Month Treasury Bond ETF,2026-09-02 18:15:00,100.41,100.4098,100.41,100.4001,0.0,0.0,4586.0,460554.042,-0.00019918334826454385,100.41
US.SGOV,iShares 0-3 Month Treasury Bond ETF,2026-09-02 18:20:00,100.4098,100.405,100.41,100.4033,0.0,0.0,3234.0,324715.691,-0.004780409880313499,100.4098
US.SGOV,iShares 0-3 Month Treasury Bond ETF,2026-09-02 18:25:00,100.405,100.41,100.41,100.4034,0.0,0.0,8995.0,903217.594,0.004979831681684629,100.405
US.SGOV,iShares 0-3 Month Treasury Bond ETF,2026-09-02 18:30:00,100.41,100.4,100.41,100.4,0.0,0.0,3454.0,346894.608,-0.009959167413595165,100.41
US.SGOV,iShares 0-3 Month Treasury Bond ETF,2026-09-02 18:35:00,100.4,100.405,100.41,100.4,0.0,0.0,8529.0,856463.418,0.004980079681270371,100.4
US.SGOV,iShares 0-3 Month Treasury Bond ETF,2026-09-02 18:40:00,100.4015,100.4097,100.41,100.4,0.0,0.0,8771.0,880706.45,0.004681041780787515,100.405
US.SGOV,iShares 0-3 Month Treasury Bond ETF,2026-09-02 18:45:00,100.4,100.41,100.41,100.4,0.0,0.0,2438.0,244800.421,0.0002987759150716994,100.4097
US.SGOV,iShares 0-3 Month Treasury Bond ETF,2026-09-02 18:50:00,100.41,100.4099,100.41,100.4,0.0,0.0,7214.0,724352.722,-9.959167413934834e-05,100.41
US.SGOV,iShares 0-3 Month Treasury Bond ETF,2026-09-02 18:55:00,100.405,100.41,100.41,100.4015,0.0,0.0,4867.0,488724.915,9.959177332446268e-05,100.4099
US.SGOV,iShares 0-3 Month Treasury Bond ETF,2026-09-02 19:00:00,100.41,100.4034,100.41,100.4,0.0,0.0,3272.0,328555.194,-0.006573050492970545,100.41
US.SGOV,iShares 0-3 Month Treasury Bond ETF,2026-09-02 19:05:00,100.4085,100.4098,100.41,100.4034,0.0,0.0,2809.0,282080.53,0.006374286129751876,100.4034
US.SGOV,iShares 0-3 Month Treasury Bond ETF,2026-09-02 19:10:00,100.4098,100.405,100.41,100.4,0.0,0.0,7064.0,709352.783,-0.004780409880313499,100.4098
US.SGOV,iShares 0-3 Month Treasury Bond ETF,2026-09-02 19:15:00,100.405,100.41,100.41,100.4002,0.0,0.0,4337.0,435466.665,0.004979831681684629,100.405
US.SGOV,iShares 0-3 Month Treasury Bond ETF,2026-09-02 19:20:00,100.41,100.405,100.41,100.405,0.0,0.0,4300.0,431766.767,-0.004979583706797582,100.41
US.SGOV,iShares 0-3 Month Treasury Bond ETF,2026-09-02 19:25:00,100.405,100.41,100.41,100.4,0.0,0.0,3904.0,391992.893,0.004979831681684629,100.405
US.SGOV,iShares 0-3 Month Treasury Bond ETF,2026-09-02 19:30:00,100.41,100.41,100.41,100.4,0.0,0.0,3910.0,392610.223,0.0,100.41
US.SGOV,iShares 0-3 Month Treasury Bond ETF,2026-09-02 19:35:00,100.41,100.4085,100.41,100.4,0.0,0.0,11884.0,1193243.362,-0.0014938751120336137,100.41
US.SGOV,iShares 0-3 Month Treasury Bond ETF,2026-09-02 19:40:00,100.4085,100.4085,100.41,100.4,0.0,0.0,5285.0,530657.126,0.0,100.4085
US.SGOV,iShares 0-3 Month Treasury Bond ETF,2026-09-02 19:45:00,100.4085,100.41,100.41,100.4,0.0,0.0,3120.0,313306.401,0.0014938974289955048,100.4085
US.SGOV,iShares 0-3 Month Treasury Bond ETF,2026-09-02 19:50:00,100.4001,100.41,100.41,100.4,0.0,0.0,3634.0,364876.099,0.0,100.41
US.SGOV,iShares 0-3 Month Treasury Bond ETF,2026-09-02 19:55:00,100.41,100.405,100.41,100.4001,0.0,0.0,7874.0,790568.931,-0.004979583706797582,100.41
US.SGOV,iShares 0-3 Month Treasury Bond ETF,2026-09-02 20:00:00,100.405,100.4066,100.4066,100.4,0.0,0.0,20262.0,2034444.084,0.0015935461381368168,100.405
US.SGOV,iShares 0-3 Month Treasury Bond ETF,2026-09-03 04:05:00,100.42,100.4274,100.4274,100.41,0.0,0.0,168964.0,16967341.608,0.020715769680487505,100.4066
US.SGOV,iShares 0-3 Month Treasury Bond ETF,2026-09-03 04:10:00,100.4274,100.4274,100.43,100.42,0.0,0.0,5161.0,518284.217,0.0,100.4274
US.SGOV,iShares 0-3 Month Treasury Bond ETF,2026-09-03 04:15:00,100.4227,100.42,100.4227,100.42,0.0,0.0,2286.0,229561.365,-0.007368507001081447,100.4274
US.SGOV,iShares 0-3 Month Treasury Bond ETF,2026-09-03 04:20:00,100.42,100.425,100.425,100.42,0.0,0.0,473.0,47500.564,0.004979087831104812,100.42
US.SGOV,iShares 0-3 Month Treasury Bond ETF,2026-09-03 04:25:00,100.425,100.42,100.425,100.42,0.0,0.0,845.0,84857.26,-0.004978839930291713,100.425
US.SGOV,iShares 0-3 Month Treasury Bond ETF,2026-09-03 04:30:00,100.42,100.42,100.4274,100.42,0.0,0.0,435.0,43684.774,0.0,100.42
US.SGOV,iShares 0-3 Month Treasury Bond ETF,2026-09-03 04:35:00,100.42,100.4273,100.4273,100.42,0.0,0.0,233.0,23399.242,0.007269468233420385,100.42
US.SGOV,iShares 0-3 Month Treasury Bond ETF,2026-09-03 04:40:00,100.4273,100.42,100.4274,100.42,0.0,0.0,504.0,50613.137,-0.007268939820149253,100.4273
US.SGOV,iShares 0-3 Month Treasury Bond ETF,2026-09-03 04:45:00,100.42,100.43,100.43,100.42,0.0,0.0,701.0,70399.802,0.009958175662223775,100.42
US.SGOV,iShares 0-3 Month Treasury Bond ETF,2026-09-03 04:50:00,100.43,100.425,100.43,100.42,0.0,0.0,1120.0,112473.485,-0.0049785920541767035,100.43
US.SGOV,iShares 0-3 Month Treasury Bond ETF,2026-09-03 04:55:00,100.42,100.4201,100.425,100.42,0.0,0.0,856.0,85961.978,-0.004879263131682483,100.425
US.SGOV,iShares 0-3 Month Treasury Bond ETF,2026-09-03 05:00:00,100.4201,100.43,100.43,100.4201,0.0,0.0,572.0,57444.446,0.00985858408824707,100.4201
US.SGOV,iShares 0-3 Month Treasury Bond ETF,2026-09-03 05:05:00,100.43,100.425,100.43,100.42,0.0,0.0,426.0,42780.131,-0.0049785920541767035,100.43
US.SGOV,iShares 0-3 Month Treasury Bond ETF,2026-09-03 05:10:00,100.425,100.425,100.4298,100.42,0.0,0.0,1360.0,136575.394,0.0,100.425
US.SGOV,iShares 0-3 Month Treasury Bond ETF,2026-09-03 05:15:00,100.425,100.425,100.425,100.425,0.0,0.0,284.0,28519.851,0.0,100.425
US.SGOV,iShares 0-3 Month Treasury Bond ETF,2026-09-03 05:20:00,100.425,100.425,100.4274,100.4228,0.0,0.0,1369.0,137479.657,0.0,100.425
US.SGOV,iShares 0-3 Month Treasury Bond ETF,2026-09-03 05:25:00,100.425,100.42,100.43,100.42,0.0,0.0,1501.0,150738.862,-0.004978839930291713,100.425
US.SGOV,iShares 0-3 Month Treasury Bond ETF,2026-09-03 05:30:00,100.42,100.425,100.425,100.42,0.0,0.0,771.0,77427.308,0.004979087831104812,100.42
US.SGOV,iShares 0-3 Month Treasury Bond ETF,2026-09-03 05:35:00,100.42,100.42,100.43,100.42,0.0,0.0,7323.0,735406.445,-0.004978839930291713,100.425
US.SGOV,iShares 0-3 Month Treasury Bond ETF,2026-09-03 05:40:00,100.42,100.4274,100.4274,100.42,0.0,0.0,485.0,48706.009,0.007369049990045878,100.42
US.SGOV,iShares 0-3 Month Treasury Bond ETF,2026-09-03 05:45:00,100.4274,100.425,100.4274,100.425,0.0,0.0,354.0,35550.007,-0.0023897860544120604,100.4274
US.SGOV,iShares 0-3 Month Treasury Bond ETF,2026-09-03 05:50:00,100.425,100.425,100.425,100.42,0.0,0.0,13694.0,1375154.011,0.0,100.425
US.SGOV,iShares 0-3 Month Treasury Bond ETF,2026-09-03 05:55:00,100.4227,100.42,100.4228,100.42,0.0,0.0,1564.0,157059.627,-0.004978839930291713,100.425
US.SGOV,iShares 0-3 Month Treasury Bond ETF,2026-09-03 06:00:00,100.42,100.42,100.425,100.42,0.0,0.0,753.0,75697.603,0.0,100.42
US.SGOV,iShares 0-3 Month Treasury Bond ETF,2026-09-03 06:05:00,100.425,100.425,100.425,100.4226,0.0,0.0,877.0,88071.304,0.004979087831104812,100.42
US.SGOV,iShares 0-3 Month Treasury Bond ETF,2026-09-03 06:10:00,100.425,100.42,100.425,100.42,0.0,0.0,445.0,44687.559,-0.004978839930291713,100.425
US.SGOV,iShares 0-3 Month Treasury Bond ETF,2026-09-03 06:15:00,100.42,100.43,100.43,100.42,0.0,0.0,2181.0,219033.024,0.009958175662223775,100.42
US.SGOV,iShares 0-3 Month Treasury Bond ETF,2026-09-03 06:20:00,100.43,100.425,100.43,100.42,0.0,0.0,2200.0,220936.309,-0.0049785920541767035,100.43
US.SGOV,iShares 0-3 Month Treasury Bond ETF,2026-09-03 06:25:00,100.425,100.4274,100.4274,100.42,0.0,0.0,961.0,96506.926,0.002389843166550777,100.425
US.SGOV,iShares 0-3 Month Treasury Bond ETF,2026-09-03 06:30:00,100.4274,100.425,100.4274,100.4227,0.0,0.0,2153.0,216235.898,-0.0023897860544120604,100.4274
US.SGOV,iShares 0-3 Month Treasury Bond ETF,2026-09-03 06:35:00,100.425,100.4226,100.425,100.42,0.0,0.0,1501.0,150733.417,-0.002389843166536626,100.425
US.SGOV,iShares 0-3 Month Treasury Bond ETF,2026-09-03 06:40:00,100.4226,100.42,100.4226,100.42,0.0,0.0,314.0,31532.753,-0.0025890586381960294,100.4226
US.SGOV,iShares 0-3 Month Treasury Bond ETF,2026-09-03 06:45:00,100.42,100.425,100.43,100.42,0.0,0.0,1451.0,145720.799,0.004979087831104812,100.42
US.SGOV,iShares 0-3 Month Treasury Bond ETF,2026-09-03 06:50:00,100.425,100.42,100.425,100.42,0.0,0.0,849.0,85258.55,-0.004978839930291713,100.425
US.SGOV,iShares 0-3 Month Treasury Bond ETF,2026-09-03 06:55:00,100.42,100.425,100.425,100.42,0.0,0.0,3076.0,308897.987,0.004979087831104812,100.42
US.SGOV,iShares 0-3 Month Treasury Bond ETF,2026-09-03 07:00:00,100.425,100.425,100.43,100.42,0.0,0.0,3787.0,380323.836,0.0,100.425
US.SGOV,iShares 0-3 Month Treasury Bond ETF,2026-09-03 07:05:00,100.425,100.4226,100.43,100.42,0.0,0.0,43378.0,4356129.687,-0.002389843166536626,100.425
US.SGOV,iShares 0-3 Month Treasury Bond ETF,2026-09-03 07:10:00,100.4226,100.43,100.43,100.42,0.0,0.0,3144.0,315830.578,0.007368859201020556,100.4226
US.SGOV,iShares 0-3 Month Treasury Bond ETF,2026-09-03 07:15:00,100.43,100.4266,100.43,100.4215,0.0,0.0,1926.0,193516.877,-0.00338544259684695,100.43
US.SGOV,iShares 0-3 Month Treasury Bond ETF,2026-09-03 07:20:00,100.4266,100.42,100.4298,100.42,0.0,0.0,1884.0,189297.846,-0.006571964001561064,100.4266
US.SGOV,iShares 0-3 Month Treasury Bond ETF,2026-09-03 07:25:00,100.42,100.43,100.43,100.42,0.0,0.0,3735.0,375165.989,0.009958175662223775,100.42
US.SGOV,iShares 0-3 Month Treasury Bond ETF,2026-09-03 07:30:00,100.43,100.425,100.43,100.42,0.0,0.0,2475.0,248605.741,-0.0049785920541767035,100.43
US.SGOV,iShares 0-3 Month Treasury Bond ETF,2026-09-03 07:35:00,100.425,100.4205,100.43,100.42,0.0,0.0,9914.0,995692.878,-0.004480955937259712,100.425
US.SGOV,iShares 0-3 Month Treasury Bond ETF,2026-09-03 07:40:00,100.4205,100.4226,100.4226,100.42,0.0,0.0,966.0,97103.498,0.002091206476763866,100.4205
US.SGOV,iShares 0-3 Month Treasury Bond ETF,2026-09-03 07:45:00,100.4226,100.425,100.425,100.42,0.0,0.0,14254.0,1431436.878,0.002389900281405188,100.4226
US.SGOV,iShares 0-3 Month Treasury Bond ETF,2026-09-03 07:50:00,100.425,100.42,100.43,100.42,0.0,0.0,1199.0,120424.947,-0.004978839930291713,100.425
US.SGOV,iShares 0-3 Month Treasury Bond ETF,2026-09-03 07:55:00,100.42,100.4227,100.43,100.42,0.0,0.0,8537.0,857364.141,0.0026887074288033915,100.42
US.SGOV,iShares 0-3 Month Treasury Bond ETF,2026-09-03 08:00:00,100.4227,100.4292,100.4292,100.42,0.0,0.0,12279.0,1233181.52,0.00647264015007404,100.4227
US.SGOV,iShares 0-3 Month Treasury Bond ETF,2026-09-03 08:05:00,100.4292,100.42,100.43,100.42,0.0,0.0,14354.0,1441514.974,-0.009160682351340816,100.4292
US.SGOV,iShares 0-3 Month Treasury Bond ETF,2026-09-03 08:10:00,100.4227,100.42,100.43,100.42,0.0,0.0,13885.0,1394432.446,0.0,100.42
US.SGOV,iShares 0-3 Month Treasury Bond ETF,2026-09-03 08:15:00,100.42,100.42,100.43,100.42,0.0,0.0,4054.0,407132.253,0.0,100.42
US.SGOV,iShares 0-3 Month Treasury Bond ETF,2026-09-03 08:20:00,100.42,100.42,100.43,100.42,0.0,0.0,11190.0,1123756.281,0.0,100.42
US.SGOV,iShares 0-3 Month Treasury Bond ETF,2026-09-03 08:25:00,100.42,100.42,100.43,100.42,0.0,0.0,5692.0,571625.979,0.0,100.42
US.SGOV,iShares 0-3 Month Treasury Bond ETF,2026-09-03 08:30:00,100.42,100.425,100.425,100.42,0.0,0.0,16129.0,1619722.063,0.004979087831104812,100.42
US.SGOV,iShares 0-3 Month Treasury Bond ETF,2026-09-03 08:35:00,100.425,100.4215,100.4264,100.42,0.0,0.0,2728.0,274036.286,-0.003485187951209859,100.425
US.SGOV,iShares 0-3 Month Treasury Bond ETF,2026-09-03 08:40:00,100.4215,100.4226,100.43,100.42,0.0,0.0,16413.0,1648351.124,0.0010953829608282037,100.4215
US.SGOV,iShares 0-3 Month Treasury Bond ETF,2026-09-03 08:45:00,100.4226,100.4215,100.4299,100.42,0.0,0.0,25429.0,2553700.566,-0.0010953709623213244,100.4226
US.SGOV,iShares 0-3 Month Treasury Bond ETF,2026-09-03 08:50:00,100.4226,100.4215,100.43,100.42,0.0,0.0,29318.0,2944185.357,0.0,100.4215
US.SGOV,iShares 0-3 Month Treasury Bond ETF,2026-09-03 08:55:00,100.4215,100.4292,100.43,100.42,0.0,0.0,8421.0,845675.793,0.007667680725740821,100.4215
US.SGOV,iShares 0-3 Month Treasury Bond ETF,2026-09-03 09:00:00,100.4292,100.4215,100.43,100.42,0.0,0.0,7704.0,773730.898,-0.007667092837541092,100.4292
US.SGOV,iShares 0-3 Month Treasury Bond ETF,2026-09-03 09:05:00,100.4215,100.4203,100.4265,100.42,0.0,0.0,14866.0,1492881.552,-0.0011949632299828258,100.4215
US.SGOV,iShares 0-3 Month Treasury Bond ETF,2026-09-03 09:10:00,100.4203,100.4227,100.43,100.42,0.0,0.0,87664.0,8803298.517,0.002389955019063494,100.4203
US.SGOV,iShares 0-3 Month Treasury Bond ETF,2026-09-03 09:15:00,100.4227,100.42,100.43,100.42,0.0,0.0,37156.0,3731323.348,-0.0026886351392706683,100.4227
US.SGOV,iShares 0-3 Month Treasury Bond ETF,2026-09-03 09:20:00,100.42,100.4265,100.43,100.42,0.0,0.0,9012.0,905112.094,0.006472814180444746,100.42
US.SGOV,iShares 0-3 Month Treasury Bond ETF,2026-09-03 09:25:00,100.4265,100.4299,100.43,100.42,0.0,0.0,22616.0,2271296.859,0.003385560584107961,100.4265
US.SGOV,iShares 0-3 Month Treasury Bond ETF,2026-09-03 09:30:00,100.4299,100.42,100.43,100.42,0.0,0.0,15660.0,1572590.146,-0.009857622082668405,100.4299
US.SGOV,iShares 0-3 Month Treasury Bond ETF,2026-09-03 09:35:00,100.43,100.4299,100.43,100.42,0.0,0.0,1250180.0,125552322.657,0.009858593905598283,100.42
US.SGOV,iShares 0-3 Month Treasury Bond ETF,2026-09-03 09:40:00,100.425,100.42,100.43,100.42,0.0,0.0,729821.0,73291665.359,-0.009857622082668405,100.4299
US.SGOV,iShares 0-3 Month Treasury Bond ETF,2026-09-03 09:45:00,100.4222,100.42,100.43,100.42,0.0,0.0,913359.0,91722800.022,0.0,100.42
US.SGOV,iShares 0-3 Month Treasury Bond ETF,2026-09-03 09:50:00,100.43,100.42,100.43,100.42,0.0,0.0,678257.0,68112686.696,0.0,100.42
US.SGOV,iShares 0-3 Month Treasury Bond ETF,2026-09-03 09:55:00,100.42,100.425,100.43,100.42,0.0,0.0,492314.0,49439809.062,0.004979087831104812,100.42
US.SGOV,iShares 0-3 Month Treasury Bond ETF,2026-09-03 10:00:00,100.43,100.425,100.43,100.42,0.0,0.0,321123.0,32248463.988,0.0,100.425
US.SGOV,iShares 0-3 Month Treasury Bond ETF,2026-09-03 10:05:00,100.42,100.425,100.43,100.42,0.0,0.0,253990.0,25506686.718,0.0,100.425
US.SGOV,iShares 0-3 Month Treasury Bond ETF,2026-09-03 10:10:00,100.4221,100.4295,100.43,100.42,0.0,0.0,237603.0,23860988.212,0.004480955937273863,100.425
US.SGOV,iShares 0-3 Month Treasury Bond ETF,2026-09-03 10:15:00,100.425,100.4201,100.43,100.42,0.0,0.0,290830.0,29206686.293,-0.009359799660457743,100.4295
US.SGOV,iShares 0-3 Month Treasury Bond ETF,2026-09-03 10:20:00,100.425,100.425,100.43,100.42,0.0,0.0,181229.0,18199979.187,0.004879501215386294,100.4201
US.SGOV,iShares 0-3 Month Treasury Bond ETF,2026-09-03 10:25:00,100.425,100.4205,100.43,100.42,0.0,0.0,240321.0,24134213.879,-0.004480955937259712,100.425
US.SGOV,iShares 0-3 Month Treasury Bond ETF,2026-09-03 10:30:00,100.4222,100.42,100.43,100.42,0.0,0.0,285080.0,28628962.075,-0.0004979063039940922,100.4205
US.SGOV,iShares 0-3 Month Treasury Bond ETF,2026-09-03 10:35:00,100.425,100.425,100.43,100.42,0.0,0.0,212318.0,21321800.035,0.004979087831104812,100.42
US.SGOV,iShares 0-3 Month Treasury Bond ETF,2026-09-03 10:40:00,100.42,100.4228,100.43,100.42,0.0,0.0,262677.0,26379070.52,-0.0021906895693323157,100.425
US.SGOV,iShares 0-3 Month Treasury Bond ETF,2026-09-03 10:45:00,100.422,100.42,100.43,100.42,0.0,0.0,201735.0,20258960.401,-0.0027882114420166282,100.4228
US.SGOV,iShares 0-3 Month Treasury Bond ETF,2026-09-03 10:50:00,100.4273,100.43,100.43,100.42,0.0,0.0,269441.0,27058307.11,0.009958175662223775,100.42
US.SGOV,iShares 0-3 Month Treasury Bond ETF,2026-09-03 10:55:00,100.43,100.425,100.43,100.42,0.0,0.0,178146.0,17890148.154,-0.0049785920541767035,100.43
US.SGOV,iShares 0-3 Month Treasury Bond ETF,2026-09-03 11:00:00,100.4285,100.4224,100.43,100.42,0.0,0.0,219473.0,22040517.443,-0.002588996763755087,100.425
US.SGOV,iShares 0-3 Month Treasury Bond ETF,2026-09-03 11:05:00,100.4222,100.425,100.43,100.42,0.0,0.0,313338.0,31467540.6,0.002589063794532939,100.4224
US.SGOV,iShares 0-3 Month Treasury Bond ETF,2026-09-03 11:10:00,100.4221,100.425,100.43,100.42,0.0,0.0,196897.0,19773457.196,0.0,100.425
US.SGOV,iShares 0-3 Month Treasury Bond ETF,2026-09-03 11:15:00,100.43,100.4221,100.43,100.42,0.0,0.0,245565.0,24660791.673,-0.0028877271595686275,100.425
US.SGOV,iShares 0-3 Month Treasury Bond ETF,2026-09-03 11:20:00,100.425,100.43,100.43,100.42,0.0,0.0,196621.0,19745718.088,0.007866794261428965,100.4221
US.SGOV,iShares 0-3 Month Treasury Bond ETF,2026-09-03 11:25:00,100.425,100.43,100.43,100.42,0.0,0.0,226323.0,22728318.558,0.0,100.43
US.SGOV,iShares 0-3 Month Treasury Bond ETF,2026-09-03 11:30:00,100.425,100.43,100.43,100.42,0.0,0.0,489301.0,49137166.213,0.0,100.43
US.SGOV,iShares 0-3 Month Treasury Bond ETF,2026-09-03 11:35:00,100.425,100.4225,100.43,100.42,0.0,0.0,246869.0,24791701.501,-0.007467888081257979,100.43
US.SGOV,iShares 0-3 Month Treasury Bond ETF,2026-09-03 11:40:00,100.43,100.425,100.43,100.42,0.0,0.0,298621.0,29988389.886,0.0024894819388062697,100.4225
US.SGOV,iShares 0-3 Month Treasury Bond ETF,2026-09-03 11:45:00,100.4202,100.4278,100.43,100.42,0.0,0.0,258741.0,25984220.545,0.0027881503609735476,100.425
US.SGOV,iShares 0-3 Month Treasury Bond ETF,2026-09-03 11:50:00,100.4201,100.425,100.43,100.42,0.0,0.0,402347.0,40405927.651,-0.002788072625316581,100.4278
US.SGOV,iShares 0-3 Month Treasury Bond ETF,2026-09-03 11:55:00,100.425,100.4276,100.43,100.42,0.0,0.0,304479.0,30577544.793,0.002588996763755087,100.425
US.SGOV,iShares 0-3 Month Treasury Bond ETF,2026-09-03 12:00:00,100.4201,100.4221,100.43,100.42,0.0,0.0,214202.0,21510981.658,-0.005476582134789481,100.4276
US.SGOV,iShares 0-3 Month Treasury Bond ETF,2026-09-03 12:05:00,100.42,100.4278,100.43,100.42,0.0,0.0,213368.0,21427344.815,0.005676041429132112,100.4221
US.SGOV,iShares 0-3 Month Treasury Bond ETF,2026-09-03 12:10:00,100.425,100.4201,100.43,100.42,0.0,0.0,255652.0,25673802.658,-0.007667199719599372,100.4278
US.SGOV,iShares 0-3 Month Treasury Bond ETF,2026-09-03 12:15:00,100.425,100.42,100.43,100.42,0.0,0.0,202791.0,20365298.299,-9.958165746032881e-05,100.4201
US.SGOV,iShares 0-3 Month Treasury Bond ETF,2026-09-03 12:20:00,100.425,100.42,100.43,100.42,0.0,0.0,172942.0,17367915.134,0.0,100.42
US.SGOV,iShares 0-3 Month Treasury Bond ETF,2026-09-03 12:25:00,100.4276,100.42,100.43,100.42,0.0,0.0,218452.0,21938215.162,0.0,100.42
US.SGOV,iShares 0-3 Month Treasury Bond ETF,2026-09-03 12:30:00,100.4222,100.425,100.43,100.42,0.0,0.0,198623.0,19946610.768,0.004979087831104812,100.42
US.SGOV,iShares 0-3 Month Treasury Bond ETF,2026-09-03 12:35:00,100.42,100.425,100.43,100.42,0.0,0.0,206092.0,20696916.141,0.0,100.425
US.SGOV,iShares 0-3 Month Treasury Bond ETF,2026-09-03 12:40:00,100.42,100.425,100.43,100.42,0.0,0.0,199204.0,20005259.027,0.0,100.425
US.SGOV,iShares 0-3 Month Treasury Bond ETF,2026-09-03 12:45:00,100.42,100.4299,100.43,100.42,0.0,0.0,152541.0,15318946.064,0.004879263131696633,100.425
US.SGOV,iShares 0-3 Month Treasury Bond ETF,2026-09-03 12:50:00,100.43,100.425,100.43,100.42,0.0,0.0,175509.0,17625560.45,-0.004879025071225147,100.4299
US.SGOV,iShares 0-3 Month Treasury Bond ETF,2026-09-03 12:55:00,100.425,100.4201,100.43,100.42,0.0,0.0,135162.0,13573715.261,-0.004879263131682483,100.425
US.SGOV,iShares 0-3 Month Treasury Bond ETF,2026-09-03 13:00:00,100.4222,100.425,100.43,100.42,0.0,0.0,141269.0,14187016.048,0.004879501215386294,100.4201
US.SGOV,iShares 0-3 Month Treasury Bond ETF,2026-09-03 13:05:00,100.42,100.4278,100.43,100.42,0.0,0.0,307291.0,30858946.161,0.0027881503609735476,100.425
US.SGOV,iShares 0-3 Month Treasury Bond ETF,2026-09-03 13:10:00,100.4222,100.425,100.43,100.42,0.0,0.0,110232.0,11070091.739,-0.002788072625316581,100.4278
US.SGOV,iShares 0-3 Month Treasury Bond ETF,2026-09-03 13:15:00,100.4224,100.4229,100.43,100.42,0.0,0.0,177540.0,17829747.356,-0.0020911127707230856,100.425
US.SGOV,iShares 0-3 Month Treasury Bond ETF,2026-09-03 13:20:00,100.4278,100.425,100.43,100.42,0.0,0.0,83861.0,8421789.88,0.002091156499163695,100.4229
US.SGOV,iShares 0-3 Month Treasury Bond ETF,2026-09-03 13:25:00,100.425,100.4222,100.43,100.42,0.0,0.0,113045.0,11352711.105,-0.002788150360959397,100.425
US.SGOV,iShares 0-3 Month Treasury Bond ETF,2026-09-03 13:30:00,100.4278,100.425,100.43,100.42,0.0,0.0,102095.0,10253005.307,0.002788228100951258,100.4222
US.SGOV,iShares 0-3 Month Treasury Bond ETF,2026-09-03 13:35:00,100.425,100.425,100.43,100.42,0.0,0.0,90203.0,9058717.918,0.0,100.425
US.SGOV,iShares 0-3 Month Treasury Bond ETF,2026-09-03 13:40:00,100.425,100.425,100.43,100.42,0.0,0.0,136922.0,13750288.26,0.0,100.425
US.SGOV,iShares 0-3 Month Treasury Bond ETF,2026-09-03 13:45:00,100.425,100.42,100.43,100.42,0.0,0.0,238055.0,23906348.669,-0.004978839930291713,100.425
US.SGOV,iShares 0-3 Month Treasury Bond ETF,2026-09-03 13:50:00,100.4222,100.425,100.43,100.42,0.0,0.0,147061.0,14768465.739,0.004979087831104812,100.42
US.SGOV,iShares 0-3 Month Treasury Bond ETF,2026-09-03 13:55:00,100.43,100.42,100.43,100.42,0.0,0.0,105028.0,10547459.653,-0.004978839930291713,100.425
US.SGOV,iShares 0-3 Month Treasury Bond ETF,2026-09-03 14:00:00,100.4215,100.4201,100.43,100.42,0.0,0.0,377146.0,37874283.293,9.958175662549259e-05,100.42
US.SGOV,iShares 0-3 Month Treasury Bond ETF,2026-09-03 14:05:00,100.425,100.43,100.43,100.42,0.0,0.0,291689.0,29293185.525,0.00985858408824707,100.4201
US.SGOV,iShares 0-3 Month Treasury Bond ETF,2026-09-03 14:10:00,100.425,100.425,100.43,100.42,0.0,0.0,163620.0,16431491.428,-0.0049785920541767035,100.43
US.SGOV,iShares 0-3 Month Treasury Bond ETF,2026-09-03 14:15:00,100.43,100.425,100.43,100.42,0.0,0.0,137791.0,13837639.057,0.0,100.425
US.SGOV,iShares 0-3 Month Treasury Bond ETF,2026-09-03 14:20:00,100.4201,100.425,100.43,100.42,0.0,0.0,158236.0,15891066.972,0.0,100.425
US.SGOV,iShares 0-3 Month Treasury Bond ETF,2026-09-03 14:25:00,100.425,100.425,100.43,100.42,0.0,0.0,174633.0,17537728.501,0.0,100.425
US.SGOV,iShares 0-3 Month Treasury Bond ETF,2026-09-03 14:30:00,100.425,100.425,100.43,100.42,0.0,0.0,137934.0,13851984.739,0.0,100.425
US.SGOV,iShares 0-3 Month Treasury Bond ETF,2026-09-03 14:35:00,100.4278,100.425,100.43,100.42,0.0,0.0,255905.0,25699302.964,0.0,100.425
US.SGOV,iShares 0-3 Month Treasury Bond ETF,2026-09-03 14:40:00,100.43,100.425,100.43,100.42,0.0,0.0,110428.0,11089922.05,0.0,100.425
US.SGOV,iShares 0-3 Month Treasury Bond ETF,2026-09-03 14:45:00,100.42,100.4299,100.43,100.42,0.0,0.0,207420.0,20830062.188,0.004879263131696633,100.425
US.SGOV,iShares 0-3 Month Treasury Bond ETF,2026-09-03 14:50:00,100.4272,100.4222,100.43,100.42,0.0,0.0,76666.0,7699282.831,-0.007667039397629409,100.4299
US.SGOV,iShares 0-3 Month Treasury Bond ETF,2026-09-03 14:55:00,100.42,100.42,100.43,100.42,0.0,0.0,124844.0,12537372.727,-0.002190750650754493,100.4222
US.SGOV,iShares 0-3 Month Treasury Bond ETF,2026-09-03 15:00:00,100.4201,100.425,100.43,100.42,0.0,0.0,118036.0,11853769.994,0.004979087831104812,100.42
US.SGOV,iShares 0-3 Month Treasury Bond ETF,2026-09-03 15:05:00,100.425,100.42,100.43,100.42,0.0,0.0,109135.0,10959820.025,-0.004978839930291713,100.425
US.SGOV,iShares 0-3 Month Treasury Bond ETF,2026-09-03 15:10:00,100.4222,100.425,100.43,100.42,0.0,0.0,272953.0,27411288.755,0.004979087831104812,100.42
US.SGOV,iShares 0-3 Month Treasury Bond ETF,2026-09-03 15:15:00,100.4231,100.43,100.43,100.42,0.0,0.0,218277.0,21920493.805,0.004978839930305863,100.425
US.SGOV,iShares 0-3 Month Treasury Bond ETF,2026-09-03 15:20:00,100.425,100.43,100.43,100.42,0.0,0.0,146112.0,14673339.022,0.0,100.43
US.SGOV,iShares 0-3 Month Treasury Bond ETF,2026-09-03 15:25:00,100.4299,100.425,100.43,100.42,0.0,0.0,254785.0,25586749.37,-0.0049785920541767035,100.43
US.SGOV,iShares 0-3 Month Treasury Bond ETF,2026-09-03 15:30:00,100.42,100.4278,100.43,100.42,0.0,0.0,263870.0,26499291.009,0.0027881503609735476,100.425
US.SGOV,iShares 0-3 Month Treasury Bond ETF,2026-09-03 15:35:00,100.42,100.425,100.43,100.42,0.0,0.0,196662.0,19750089.564,-0.002788072625316581,100.4278
US.SGOV,iShares 0-3 Month Treasury Bond ETF,2026-09-03 15:40:00,100.42,100.425,100.43,100.42,0.0,0.0,198867.0,19971460.003,0.0,100.425
US.SGOV,iShares 0-3 Month Treasury Bond ETF,2026-09-03 15:45:00,100.425,100.425,100.43,100.42,0.0,0.0,369907.0,37147830.969,0.0,100.425
US.SGOV,iShares 0-3 Month Treasury Bond ETF,2026-09-03 15:50:00,100.425,100.425,100.43,100.42,0.0,0.0,305545.0,30684446.392,0.0,100.425
US.SGOV,iShares 0-3 Month Treasury Bond ETF,2026-09-03 15:55:00,100.4277,100.425,100.43,100.42,0.0,0.0,269780.0,27093007.955,0.0,100.425
US.SGOV,iShares 0-3 Month Treasury Bond ETF,2026-09-03 16:00:00,100.42,100.43,100.43,100.42,0.0,0.0,529825.0,53207960.398,0.004978839930305863,100.425
US.SGOV,iShares 0-3 Month Treasury Bond ETF,2026-09-03 16:05:00,100.425,100.4201,100.43,100.42,0.0,0.0,82534.0,8288749.717,-0.009857612267252609,100.43
US.SGOV,iShares 0-3 Month Treasury Bond ETF,2026-09-03 16:10:00,100.4201,100.425,100.43,100.42,0.0,0.0,22779.0,2287582.49,0.004879501215386294,100.4201
US.SGOV,iShares 0-3 Month Treasury Bond ETF,2026-09-03 16:15:00,100.43,100.4234,100.43,100.42,0.0,0.0,22218.0,2231366.884,-0.0015932287776910842,100.425
US.SGOV,iShares 0-3 Month Treasury Bond ETF,2026-09-03 16:20:00,100.4234,100.4297,100.43,100.42,0.0,0.0,10742.0,1078767.62,0.006273438262393003,100.4234
US.SGOV,iShares 0-3 Month Treasury Bond ETF,2026-09-03 16:25:00,100.4297,100.4234,100.43,100.4215,0.0,0.0,27212.0,2732895.141,-0.006273044726804895,100.4297
US.SGOV,iShares 0-3 Month Treasury Bond ETF,2026-09-03 16:30:00,100.4285,100.425,100.43,100.4215,0.0,0.0,10908.0,1095505.679,0.0015932541618748927,100.4234
US.SGOV,iShares 0-3 Month Treasury Bond ETF,2026-09-03 16:35:00,100.42,100.43,100.43,100.42,0.0,0.0,5836.0,586126.494,0.004978839930305863,100.425
US.SGOV,iShares 0-3 Month Treasury Bond ETF,2026-09-03 16:40:00,100.43,100.43,100.43,100.4234,0.0,0.0,16153.0,1622255.853,0.0,100.43
US.SGOV,iShares 0-3 Month Treasury Bond ETF,2026-09-03 16:45:00,100.43,100.425,100.43,100.4215,0.0,0.0,10079.0,1012240.319,-0.0049785920541767035,100.43
US.SGOV,iShares 0-3 Month Treasury Bond ETF,2026-09-03 16:50:00,100.425,100.43,100.43,100.42,0.0,0.0,33545.0,3368793.172,0.004978839930305863,100.425
US.SGOV,iShares 0-3 Month Treasury Bond ETF,2026-09-03 16:55:00,100.43,100.425,100.43,100.42,0.0,0.0,15597.0,1566354.631,-0.0049785920541767035,100.43
US.SGOV,iShares 0-3 Month Treasury Bond ETF,2026-09-03 17:00:00,100.425,100.425,100.43,100.4234,0.0,0.0,29786.0,2991381.151,0.0,100.425
US.SGOV,iShares 0-3 Month Treasury Bond ETF,2026-09-03 17:05:00,100.425,100.43,100.43,100.4201,0.0,0.0,10909.0,1095576.243,0.004978839930305863,100.425
US.SGOV,iShares 0-3 Month Treasury Bond ETF,2026-09-03 17:10:00,100.43,100.425,100.43,100.42,0.0,0.0,9763.0,980455.845,-0.0049785920541767035,100.43
US.SGOV,iShares 0-3 Month Treasury Bond ETF,2026-09-03 17:15:00,100.425,100.425,100.43,100.4215,0.0,0.0,18688.0,1876798.39,0.0,100.425
US.SGOV,iShares 0-3 Month Treasury Bond ETF,2026-09-03 17:20:00,100.43,100.425,100.43,100.4201,0.0,0.0,15961.0,1602957.637,0.0,100.425
US.SGOV,iShares 0-3 Month Treasury Bond ETF,2026-09-03 17:25:00,100.425,100.43,100.43,100.42,0.0,0.0,37638.0,3779889.121,0.004978839930305863,100.425
US.SGOV,iShares 0-3 Month Treasury Bond ETF,2026-09-03 17:30:00,100.425,100.425,100.43,100.42,0.0,0.0,12350.0,1240343.003,-0.0049785920541767035,100.43
US.SGOV,iShares 0-3 Month Treasury Bond ETF,2026-09-03 17:35:00,100.425,100.425,100.43,100.42,0.0,0.0,11871.0,1192197.466,0.0,100.425
US.SGOV,iShares 0-3 Month Treasury Bond ETF,2026-09-03 17:40:00,100.425,100.425,100.43,100.42,0.0,0.0,19252.0,1933371.706,0.0,100.425
US.SGOV,iShares 0-3 Month Treasury Bond ETF,2026-09-03 17:45:00,100.425,100.425,100.43,100.4234,0.0,0.0,4393.0,441190.5,0.0,100.425
US.SGOV,iShares 0-3 Month Treasury Bond ETF,2026-09-03 17:50:00,100.425,100.43,100.43,100.4215,0.0,0.0,7560.0,759314.916,0.004978839930305863,100.425
US.SGOV,iShares 0-3 Month Treasury Bond ETF,2026-09-03 17:55:00,100.425,100.43,100.43,100.4205,0.0,0.0,12090.0,1214169.651,0.0,100.43
US.SGOV,iShares 0-3 Month Treasury Bond ETF,2026-09-03 18:00:00,100.425,100.425,100.43,100.42,0.0,0.0,10487.0,1053193.877,-0.0049785920541767035,100.43
US.SGOV,iShares 0-3 Month Treasury Bond ETF,2026-09-03 18:05:00,100.425,100.425,100.43,100.42,0.0,0.0,18199.0,1827691.11,0.0,100.425
US.SGOV,iShares 0-3 Month Treasury Bond ETF,2026-09-03 18:10:00,100.425,100.425,100.43,100.4215,0.0,0.0,6834.0,686343.706,0.0,100.425
US.SGOV,iShares 0-3 Month Treasury Bond ETF,2026-09-03 18:15:00,100.425,100.425,100.43,100.42,0.0,0.0,18881.0,1896279.841,0.0,100.425
US.SGOV,iShares 0-3 Month Treasury Bond ETF,2026-09-03 18:20:00,100.425,100.42,100.43,100.42,0.0,0.0,11396.0,1144444.345,-0.004978839930291713,100.425
US.SGOV,iShares 0-3 Month Treasury Bond ETF,2026-09-03 18:25:00,100.42,100.425,100.43,100.42,0.0,0.0,4789.0,480977.351,0.004979087831104812,100.42
US.SGOV,iShares 0-3 Month Treasury Bond ETF,2026-09-03 18:30:00,100.425,100.4299,100.43,100.42,0.0,0.0,4479.0,449800.981,0.004879263131696633,100.425
US.SGOV,iShares 0-3 Month Treasury Bond ETF,2026-09-03 18:35:00,100.425,100.425,100.43,100.4215,0.0,0.0,6477.0,650526.124,-0.004879025071225147,100.4299
US.SGOV,iShares 0-3 Month Treasury Bond ETF,2026-09-03 18:40:00,100.425,100.43,100.43,100.425,0.0,0.0,4235.0,425392.472,0.004978839930305863,100.425
US.SGOV,iShares 0-3 Month Treasury Bond ETF,2026-09-03 18:45:00,100.43,100.425,100.43,100.4215,0.0,0.0,2122.0,213132.819,-0.0049785920541767035,100.43
US.SGOV,iShares 0-3 Month Treasury Bond ETF,2026-09-03 18:50:00,100.425,100.425,100.43,100.42,0.0,0.0,2264.0,227372.231,0.0,100.425
US.SGOV,iShares 0-3 Month Treasury Bond ETF,2026-09-03 18:55:00,100.425,100.43,100.43,100.42,0.0,0.0,4193.0,421103.881,0.004978839930305863,100.425
US.SGOV,iShares 0-3 Month Treasury Bond ETF,2026-09-03 19:00:00,100.43,100.42,100.43,100.42,0.0,0.0,12394.0,1244720.483,-0.009957184108339257,100.43
US.SGOV,iShares 0-3 Month Treasury Bond ETF,2026-09-03 19:05:00,100.42,100.4266,100.43,100.42,0.0,0.0,3143.0,315676.278,0.006572395937056088,100.42
US.SGOV,iShares 0-3 Month Treasury Bond ETF,2026-09-03 19:10:00,100.425,100.425,100.43,100.4202,0.0,0.0,5505.0,552940.857,-0.0015932033943161185,100.4266
US.SGOV,iShares 0-3 Month Treasury Bond ETF,2026-09-03 19:15:00,100.425,100.425,100.43,100.42,0.0,0.0,12975.0,1303016.535,0.0,100.425
US.SGOV,iShares 0-3 Month Treasury Bond ETF,2026-09-03 19:20:00,100.4266,100.4266,100.43,100.42,0.0,0.0,22197.0,2229227.504,0.0015932287776910842,100.425
US.SGOV,iShares 0-3 Month Treasury Bond ETF,2026-09-03 19:25:00,100.425,100.43,100.43,100.42,0.0,0.0,6649.0,667749.556,0.0033855572129429775,100.4266
US.SGOV,iShares 0-3 Month Treasury Bond ETF,2026-09-03 19:30:00,100.43,100.4201,100.43,100.42,0.0,0.0,3275.0,328942.991,-0.009857612267252609,100.43
US.SGOV,iShares 0-3 Month Treasury Bond ETF,2026-09-03 19:35:00,100.4201,100.425,100.4285,100.42,0.0,0.0,10145.0,1018872.953,0.004879501215386294,100.4201
US.SGOV,iShares 0-3 Month Treasury Bond ETF,2026-09-03 19:40:00,100.425,100.4266,100.43,100.42,0.0,0.0,4380.0,439871.201,0.0015932287776910842,100.425
US.SGOV,iShares 0-3 Month Treasury Bond ETF,2026-09-03 19:45:00,100.4266,100.43,100.43,100.42,0.0,0.0,4994.0,501525.476,0.0033855572129429775,100.4266
US.SGOV,iShares 0-3 Month Treasury Bond ETF,2026-09-03 19:50:00,100.43,100.42,100.43,100.42,0.0,0.0,2575.0,258594.25,-0.009957184108339257,100.43
US.SGOV,iShares 0-3 Month Treasury Bond ETF,2026-09-03 19:55:00,100.42,100.4266,100.43,100.42,0.0,0.0,4038.0,405558.911,0.006572395937056088,100.42
US.SGOV,iShares 0-3 Month Treasury Bond ETF,2026-09-03 20:00:00,100.4266,100.425,100.43,100.4202,0.0,0.0,26825.0,2693923.654,-0.0015932033943161185,100.4266
US.SGOV,iShares 0-3 Month Treasury Bond ETF,2026-09-04 04:05:00,100.46,100.46,100.47,100.45,0.0,0.0,127568.0,12815213.855,0.03485187951207029,100.425
US.SGOV,iShares 0-3 Month Treasury Bond ETF,2026-09-04 04:10:00,100.46,100.4626,100.4626,100.45,0.0,0.0,17483.0,1756325.217,0.002588094764086249,100.46
US.SGOV,iShares 0-3 Month Treasury Bond ETF,2026-09-04 04:15:00,100.4626,100.46,100.465,100.46,0.0,0.0,1839.0,184750.924,-0.002588027783474692,100.4626
US.SGOV,iShares 0-3 Month Treasury Bond ETF,2026-09-04 04:20:00,100.46,100.46,100.4674,100.46,0.0,0.0,4545.0,456623.522,0.0,100.46
US.SGOV,iShares 0-3 Month Treasury Bond ETF,2026-09-04 04:25:00,100.46,100.46,100.4672,100.46,0.0,0.0,5045.0,506836.017,0.0,100.46
US.SGOV,iShares 0-3 Month Treasury Bond ETF,2026-09-04 04:30:00,100.46,100.46,100.46,100.46,0.0,0.0,346.0,34760.624,0.0,100.46
US.SGOV,iShares 0-3 Month Treasury Bond ETF,2026-09-04 04:35:00,100.46,100.4674,100.4674,100.46,0.0,0.0,1633.0,164139.319,0.007366115867015798,100.46
US.SGOV,iShares 0-3 Month Treasury Bond ETF,2026-09-04 04:40:00,100.4674,100.46,100.4674,100.46,0.0,0.0,2995.0,300978.087,-0.007365573310351488,100.4674
US.SGOV,iShares 0-3 Month Treasury Bond ETF,2026-09-04 04:45:00,100.46,100.4672,100.4697,100.46,0.0,0.0,3437.0,345304.579,0.007167031654401395,100.46
US.SGOV,iShares 0-3 Month Treasury Bond ETF,2026-09-04 04:50:00,100.4672,100.46,100.4672,100.46,0.0,0.0,11505.0,1155797.104,-0.007166518027785826,100.4672
US.SGOV,iShares 0-3 Month Treasury Bond ETF,2026-09-04 04:55:00,100.46,100.46,100.4674,100.46,0.0,0.0,1015.0,101970.17,0.0,100.46
US.SGOV,iShares 0-3 Month Treasury Bond ETF,2026-09-04 05:00:00,100.46,100.4625,100.4625,100.46,0.0,0.0,1635.0,164272.053,0.002488552657786121,100.46
US.SGOV,iShares 0-3 Month Treasury Bond ETF,2026-09-04 05:05:00,100.4674,100.465,100.4674,100.46,0.0,0.0,1641.0,164860.012,0.002488490730369766,100.4625
US.SGOV,iShares 0-3 Month Treasury Bond ETF,2026-09-04 05:10:00,100.465,100.465,100.465,100.46,0.0,0.0,815.0,81877.919,0.0,100.465
US.SGOV,iShares 0-3 Month Treasury Bond ETF,2026-09-04 05:15:00,100.465,100.46,100.4674,100.46,0.0,0.0,932.0,93632.022,-0.004976857612113336,100.465
US.SGOV,iShares 0-3 Month Treasury Bond ETF,2026-09-04 05:20:00,100.4626,100.4627,100.4627,100.4626,0.0,0.0,402.0,40386.091,0.002687636870400523,100.46
US.SGOV,iShares 0-3 Month Treasury Bond ETF,2026-09-04 05:25:00,100.465,100.46,100.4673,100.46,0.0,0.0,918.0,92224.721,-0.002687564638422385,100.4627
US.SGOV,iShares 0-3 Month Treasury Bond ETF,2026-09-04 05:30:00,100.46,100.46,100.465,100.46,0.0,0.0,16739.0,1681603.69,0.0,100.46
US.SGOV,iShares 0-3 Month Treasury Bond ETF,2026-09-04 05:35:00,100.46,100.46,100.4697,100.46,0.0,0.0,4978.0,500114.459,0.0,100.46
US.SGOV,iShares 0-3 Month Treasury Bond ETF,2026-09-04 05:40:00,100.46,100.4672,100.47,100.46,0.0,0.0,4675.0,469686.189,0.007167031654401395,100.46
US.SGOV,iShares 0-3 Month Treasury Bond ETF,2026-09-04 05:45:00,100.4672,100.46,100.4672,100.46,0.0,0.0,2414.0,242523.317,-0.007166518027785826,100.4672
US.SGOV,iShares 0-3 Month Treasury Bond ETF,2026-09-04 05:50:00,100.46,100.4672,100.4672,100.46,0.0,0.0,34293.0,3445158.408,0.007167031654401395,100.46
US.SGOV,iShares 0-3 Month Treasury Bond ETF,2026-09-04 05:55:00,100.4672,100.4628,100.4672,100.4628,0.0,0.0,1204.0,120957.358,-0.004379538794754861,100.4672
US.SGOV,iShares 0-3 Month Treasury Bond ETF,2026-09-04 06:00:00,100.4628,100.46,100.465,100.46,0.0,0.0,7306.0,733973.975,-0.0027871012952134376,100.4628
US.SGOV,iShares 0-3 Month Treasury Bond ETF,2026-09-04 06:05:00,100.465,100.4627,100.465,100.46,0.0,0.0,10280.0,1032743.164,0.002687636870400523,100.46
US.SGOV,iShares 0-3 Month Treasury Bond ETF,2026-09-04 06:10:00,100.4627,100.4627,100.4627,100.4627,0.0,0.0,145.0,14567.659,0.0,100.4627
US.SGOV,iShares 0-3 Month Treasury Bond ETF,2026-09-04 06:15:00,100.4627,100.4627,100.4627,100.4627,0.0,0.0,700.0,70324.572,0.0,100.4627
US.SGOV,iShares 0-3 Month Treasury Bond ETF,2026-09-04 06:20:00,100.4627,100.46,100.4627,100.46,0.0,0.0,7491.0,752547.766,-0.002687564638422385,100.4627
US.SGOV,iShares 0-3 Month Treasury Bond ETF,2026-09-04 06:25:00,100.46,100.4626,100.47,100.46,0.0,0.0,3918.0,393658.638,0.002588094764086249,100.46
US.SGOV,iShares 0-3 Month Treasury Bond ETF,2026-09-04 06:30:00,100.4626,100.4625,100.4699,100.4625,0.0,0.0,1775.0,178412.138,-9.953953012276093e-05,100.4626
US.SGOV,iShares 0-3 Month Treasury Bond ETF,2026-09-04 06:35:00,100.4625,100.46,100.47,100.46,0.0,0.0,5300.0,532455.113,-0.0024884907303839112,100.4625
US.SGOV,iShares 0-3 Month Treasury Bond ETF,2026-09-04 06:40:00,100.4626,100.46,100.465,100.46,0.0,0.0,3072.0,308625.464,0.0,100.46
US.SGOV,iShares 0-3 Month Treasury Bond ETF,2026-09-04 06:45:00,100.4626,100.4627,100.4657,100.4626,0.0,0.0,1044.0,104883.69,0.002687636870400523,100.46
US.SGOV,iShares 0-3 Month Treasury Bond ETF,2026-09-04 06:50:00,100.4627,100.47,100.47,100.4626,0.0,0.0,1222.0,122768.495,0.007266378466834707,100.4627
US.SGOV,iShares 0-3 Month Treasury Bond ETF,2026-09-04 06:55:00,100.47,100.47,100.47,100.46,0.0,0.0,4007.0,402559.267,0.0,100.47
US.SGOV,iShares 0-3 Month Treasury Bond ETF,2026-09-04 07:00:00,100.47,100.47,100.47,100.4626,0.0,0.0,10877.0,1092758.357,0.0,100.47
US.SGOV,iShares 0-3 Month Treasury Bond ETF,2026-09-04 07:05:00,100.46,100.465,100.47,100.46,0.0,0.0,11094.0,1114613.071,-0.0049766099333089005,100.47
US.SGOV,iShares 0-3 Month Treasury Bond ETF,2026-09-04 07:10:00,100.465,100.4615,100.465,100.46,0.0,0.0,11426.0,1147904.682,-0.0034838003284750917,100.465
US.SGOV,iShares 0-3 Month Treasury Bond ETF,2026-09-04 07:15:00,100.4615,100.4674,100.4674,100.46,0.0,0.0,7241.0,727503.015,0.005872896582269733,100.4615
US.SGOV,iShares 0-3 Month Treasury Bond ETF,2026-09-04 07:20:00,100.4605,100.465,100.465,100.46,0.0,0.0,3054.0,306886.919,-0.0023888345871341415,100.4674
US.SGOV,iShares 0-3 Month Treasury Bond ETF,2026-09-04 07:25:00,100.465,100.4627,100.47,100.46,0.0,0.0,3420.0,343652.936,-0.002289354501572983,100.465
US.SGOV,iShares 0-3 Month Treasury Bond ETF,2026-09-04 07:30:00,100.4627,100.4628,100.4675,100.46,0.0,0.0,11592.0,1164610.468,9.953943105582436e-05,100.4627
US.SGOV,iShares 0-3 Month Treasury Bond ETF,2026-09-04 07:35:00,100.4626,100.46,100.4697,100.46,0.0,0.0,11428.0,1148140.844,-0.0027871012952134376,100.4628
US.SGOV,iShares 0-3 Month Treasury Bond ETF,2026-09-04 07:40:00,100.46,100.4674,100.4697,100.46,0.0,0.0,3749.0,376689.754,0.007366115867015798,100.46
US.SGOV,iShares 0-3 Month Treasury Bond ETF,2026-09-04 07:45:00,100.4674,100.46,100.4674,100.46,0.0,0.0,4172.0,419146.596,-0.007365573310351488,100.4674
US.SGOV,iShares 0-3 Month Treasury Bond ETF,2026-09-04 07:50:00,100.46,100.465,100.4674,100.46,0.0,0.0,9398.0,944212.587,0.004977105315558097,100.46
US.SGOV,iShares 0-3 Month Treasury Bond ETF,2026-09-04 07:55:00,100.465,100.46,100.465,100.46,0.0,0.0,4825.0,484758.6,-0.004976857612113336,100.465
US.SGOV,iShares 0-3 Month Treasury Bond ETF,2026-09-04 08:00:00,100.46,100.465,100.47,100.46,0.0,0.0,3479.0,349572.217,0.004977105315558097,100.46
US.SGOV,iShares 0-3 Month Treasury Bond ETF,2026-09-04 08:05:00,100.46,100.4626,100.47,100.46,0.0,0.0,5361.0,538682.511,-0.002388891653818362,100.465
US.SGOV,iShares 0-3 Month Treasury Bond ETF,2026-09-04 08:10:00,100.4626,100.4601,100.4675,100.46,0.0,0.0,12393.0,1245057.969,-0.0024884882533377857,100.4626
US.SGOV,iShares 0-3 Month Treasury Bond ETF,2026-09-04 08:15:00,100.4625,100.46,100.465,100.46,0.0,0.0,11799.0,1185343.779,-9.954200722806334e-05,100.4601
US.SGOV,iShares 0-3 Month Treasury Bond ETF,2026-09-04 08:20:00,100.46,100.4665,100.4665,100.46,0.0,0.0,9764.0,980990.626,0.006470236910215623,100.46
US.SGOV,iShares 0-3 Month Treasury Bond ETF,2026-09-04 08:25:00,100.4665,100.47,100.47,100.46,0.0,0.0,15343.0,1541494.59,0.003483748314117145,100.4665
US.SGOV,iShares 0-3 Month Treasury Bond ETF,2026-09-04 08:30:00,100.47,100.46,100.47,100.46,0.0,0.0,36002.0,3617166.583,-0.009953219866631946,100.47
US.SGOV,iShares 0-3 Month Treasury Bond ETF,2026-09-04 08:35:00,100.46,100.4615,100.465,100.46,0.0,0.0,12111.0,1216755.936,0.0014931315946716726,100.46
US.SGOV,iShares 0-3 Month Treasury Bond ETF,2026-09-04 08:40:00,100.4615,100.4626,100.47,100.46,0.0,0.0,15921.0,1599536.781,0.0010949468204176562,100.4615
US.SGOV,iShares 0-3 Month Treasury Bond ETF,2026-09-04 08:45:00,100.4626,100.4627,100.47,100.46,0.0,0.0,21508.0,2160811.791,9.953953013690634e-05,100.4626
US.SGOV,iShares 0-3 Month Treasury Bond ETF,2026-09-04 08:50:00,100.4627,100.46,100.47,100.46,0.0,0.0,8131.0,816870.719,-0.002687564638422385,100.4627
US.SGOV,iShares 0-3 Month Treasury Bond ETF,2026-09-04 08:55:00,100.46,100.465,100.4666,100.46,0.0,0.0,14018.0,1408294.13,0.004977105315558097,100.46
US.SGOV,iShares 0-3 Month Treasury Bond ETF,2026-09-04 09:00:00,100.465,100.4627,100.47,100.46,0.0,0.0,6945.0,697726.392,-0.002289354501572983,100.465
US.SGOV,iShares 0-3 Month Treasury Bond ETF,2026-09-04 09:05:00,100.4627,100.46,100.47,100.46,0.0,0.0,9869.0,991546.841,-0.002687564638422385,100.4627
US.SGOV,iShares 0-3 Month Treasury Bond ETF,2026-09-04 09:10:00,100.46,100.4615,100.47,100.46,0.0,0.0,14137.0,1420354.682,0.0014931315946716726,100.46
US.SGOV,iShares 0-3 Month Treasury Bond ETF,2026-09-04 09:15:00,100.47,100.4685,100.47,100.46,0.0,0.0,10167.0,1021471.032,0.006967843402701534,100.4615
US.SGOV,iShares 0-3 Month Treasury Bond ETF,2026-09-04 09:20:00,100.4665,100.4665,100.47,100.46,0.0,0.0,6556.0,658640.84,-0.0019906736937543106,100.4685
US.SGOV,iShares 0-3 Month Treasury Bond ETF,2026-09-04 09:25:00,100.4615,100.46,100.4699,100.46,0.0,0.0,5925.0,595256.997,-0.006469818297644106,100.4665
US.SGOV,iShares 0-3 Month Treasury Bond ETF,2026-09-04 09:30:00,100.46,100.465,100.47,100.46,0.0,0.0,26528.0,2665133.176,0.004977105315558097,100.46
US.SGOV,iShares 0-3 Month Treasury Bond ETF,2026-09-04 09:35:00,100.46,100.4623,100.47,100.46,0.0,0.0,1012251.0,101694158.633,-0.002687503110540353,100.465
US.SGOV,iShares 0-3 Month Treasury Bond ETF,2026-09-04 09:40:00,100.47,100.46,100.47,100.46,0.0,0.0,334933.0,33648828.92,-0.002289416029699995,100.4623
US.SGOV,iShares 0-3 Month Treasury Bond ETF,2026-09-04 09:45:00,100.47,100.4623,100.47,100.46,0.0,0.0,610588.0,61342851.633,0.002289468445157573,100.46
US.SGOV,iShares 0-3 Month Treasury Bond ETF,2026-09-04 09:50:00,100.47,100.4689,100.47,100.46,0.0,0.0,329124.0,33065055.04,0.006569628606955977,100.4623
US.SGOV,iShares 0-3 Month Treasury Bond ETF,2026-09-04 09:55:00,100.465,100.4672,100.47,100.46,0.0,0.0,283564.0,28487952.676,-0.0016920659029805152,100.4689
US.SGOV,iShares 0-3 Month Treasury Bond ETF,2026-09-04 10:00:00,100.4601,100.46,100.47,100.46,0.0,0.0,459330.0,46146725.817,-0.007166518027785826,100.4672
US.SGOV,iShares 0-3 Month Treasury Bond ETF,2026-09-04 10:05:00,100.4676,100.465,100.47,100.46,0.0,0.0,314040.0,31550057.382,0.004977105315558097,100.46
US.SGOV,iShares 0-3 Month Treasury Bond ETF,2026-09-04 10:10:00,100.465,100.465,100.47,100.46,0.0,0.0,571144.0,57381836.747,0.0,100.465
US.SGOV,iShares 0-3 Month Treasury Bond ETF,2026-09-04 10:15:00,100.46,100.465,100.47,100.46,0.0,0.0,372883.0,37461628.515,0.0,100.465
US.SGOV,iShares 0-3 Month Treasury Bond ETF,2026-09-04 10:20:00,100.46,100.46,100.47,100.46,0.0,0.0,237026.0,23812666.459,-0.004976857612113336,100.465
US.SGOV,iShares 0-3 Month Treasury Bond ETF,2026-09-04 10:25:00,100.465,100.46,100.47,100.46,0.0,0.0,285576.0,28689853.501,0.0,100.46
US.SGOV,iShares 0-3 Month Treasury Bond ETF,2026-09-04 10:30:00,100.465,100.46,100.47,100.46,0.0,0.0,475639.0,47783657.854,0.0,100.46
US.SGOV,iShares 0-3 Month Treasury Bond ETF,2026-09-04 10:35:00,100.46,100.465,100.47,100.46,0.0,0.0,322602.0,32410157.634,0.004977105315558097,100.46
US.SGOV,iShares 0-3 Month Treasury Bond ETF,2026-09-04 10:40:00,100.46,100.4623,100.47,100.46,0.0,0.0,225930.0,22697872.165,-0.002687503110540353,100.465
US.SGOV,iShares 0-3 Month Treasury Bond ETF,2026-09-04 10:45:00,100.46,100.46,100.47,100.46,0.0,0.0,508657.0,51100583.729,-0.002289416029699995,100.4623
US.SGOV,iShares 0-3 Month Treasury Bond ETF,2026-09-04 10:50:00,100.46,100.47,100.47,100.46,0.0,0.0,237315.0,23841936.186,0.009954210631102047,100.46
US.SGOV,iShares 0-3 Month Treasury Bond ETF,2026-09-04 10:55:00,100.465,100.465,100.47,100.46,0.0,0.0,247120.0,24826967.217,-0.0049766099333089005,100.47
US.SGOV,iShares 0-3 Month Treasury Bond ETF,2026-09-04 11:00:00,100.465,100.4627,100.47,100.46,0.0,0.0,248856.0,25001292.662,-0.002289354501572983,100.465
US.SGOV,iShares 0-3 Month Treasury Bond ETF,2026-09-04 11:05:00,100.4623,100.465,100.47,100.46,0.0,0.0,313656.0,31510677.331,0.0022894069142132332,100.4627
US.SGOV,iShares 0-3 Month Treasury Bond ETF,2026-09-04 11:10:00,100.47,100.46,100.47,100.46,0.0,0.0,261422.0,26263797.604,-0.004976857612113336,100.465
US.SGOV,iShares 0-3 Month Treasury Bond ETF,2026-09-04 11:15:00,100.465,100.46,100.47,100.46,0.0,0.0,249830.0,25099084.043,0.0,100.46
US.SGOV,iShares 0-3 Month Treasury Bond ETF,2026-09-04 11:20:00,100.47,100.46,100.47,100.46,0.0,0.0,234893.0,23598729.043,0.0,100.46
US.SGOV,iShares 0-3 Month Treasury Bond ETF,2026-09-04 11:25:00,100.4623,100.46,100.47,100.46,0.0,0.0,225282.0,22633202.076,0.0,100.46
US.SGOV,iShares 0-3 Month Treasury Bond ETF,2026-09-04 11:30:00,100.4664,100.47,100.47,100.46,0.0,0.0,267632.0,26887106.623,0.009954210631102047,100.46
US.SGOV,iShares 0-3 Month Treasury Bond ETF,2026-09-04 11:35:00,100.47,100.46,100.47,100.46,0.0,0.0,208151.0,20912029.239,-0.009953219866631946,100.47
US.SGOV,iShares 0-3 Month Treasury Bond ETF,2026-09-04 11:40:00,100.47,100.465,100.47,100.46,0.0,0.0,256686.0,25787928.217,0.004977105315558097,100.46
US.SGOV,iShares 0-3 Month Treasury Bond ETF,2026-09-04 11:45:00,100.4629,100.465,100.47,100.46,0.0,0.0,228213.0,22927268.07,0.0,100.465
US.SGOV,iShares 0-3 Month Treasury Bond ETF,2026-09-04 11:50:00,100.465,100.4623,100.47,100.46,0.0,0.0,165372.0,16614245.627,-0.002687503110540353,100.465
US.SGOV,iShares 0-3 Month Treasury Bond ETF,2026-09-04 11:55:00,100.465,100.465,100.47,100.46,0.0,0.0,105745.0,10623676.944,0.0026875753392111923,100.4623
US.SGOV,iShares 0-3 Month Treasury Bond ETF,2026-09-04 12:00:00,100.4672,100.46,100.47,100.46,0.0,0.0,178296.0,17912688.467,-0.004976857612113336,100.465
US.SGOV,iShares 0-3 Month Treasury Bond ETF,2026-09-04 12:05:00,100.465,100.46,100.47,100.46,0.0,0.0,157664.0,15839831.25,0.0,100.46
US.SGOV,iShares 0-3 Month Treasury Bond ETF,2026-09-04 12:10:00,100.47,100.46,100.47,100.46,0.0,0.0,203894.0,20484341.746,0.0,100.46
US.SGOV,iShares 0-3 Month Treasury Bond ETF,2026-09-04 12:15:00,100.46,100.4622,100.47,100.46,0.0,0.0,238572.0,23968054.725,0.002189926338843299,100.46
US.SGOV,iShares 0-3 Month Treasury Bond ETF,2026-09-04 12:20:00,100.47,100.465,100.47,100.46,0.0,0.0,122002.0,12256992.272,0.0027871179408849155,100.4622
US.SGOV,iShares 0-3 Month Treasury Bond ETF,2026-09-04 12:25:00,100.47,100.46,100.47,100.46,0.0,0.0,142543.0,14320589.963,-0.004976857612113336,100.465
US.SGOV,iShares 0-3 Month Treasury Bond ETF,2026-09-04 12:30:00,100.465,100.47,100.47,100.46,0.0,0.0,171333.0,17213053.936,0.009954210631102047,100.46
US.SGOV,iShares 0-3 Month Treasury Bond ETF,2026-09-04 12:35:00,100.46,100.47,100.47,100.46,0.0,0.0,162662.0,16341855.215,0.0,100.47
US.SGOV,iShares 0-3 Month Treasury Bond ETF,2026-09-04 12:40:00,100.46,100.4623,100.47,100.46,0.0,0.0,144809.0,14548373.473,-0.0076639792973024964,100.47
US.SGOV,iShares 0-3 Month Treasury Bond ETF,2026-09-04 12:45:00,100.4601,100.47,100.47,100.46,0.0,0.0,118324.0,11887509.042,0.007664566708108235,100.4623
US.SGOV,iShares 0-3 Month Treasury Bond ETF,2026-09-04 12:50:00,100.465,100.465,100.47,100.46,0.0,0.0,440587.0,44263990.996,-0.0049766099333089005,100.47
US.SGOV,iShares 0-3 Month Treasury Bond ETF,2026-09-04 12:55:00,100.4678,100.46,100.47,100.46,0.0,0.0,118935.0,11948864.774,-0.004976857612113336,100.465
US.SGOV,iShares 0-3 Month Treasury Bond ETF,2026-09-04 13:00:00,100.465,100.46,100.47,100.46,0.0,0.0,135592.0,13622350.881,0.0,100.46
US.SGOV,iShares 0-3 Month Treasury Bond ETF,2026-09-04 13:05:00,100.47,100.4678,100.47,100.46,0.0,0.0,153433.0,15414686.63,0.007764284292258748,100.46
US.SGOV,iShares 0-3 Month Treasury Bond ETF,2026-09-04 13:10:00,100.4623,100.46,100.47,100.46,0.0,0.0,151153.0,15185739.602,-0.0077636814979557016,100.4678
US.SGOV,iShares 0-3 Month Treasury Bond ETF,2026-09-04 13:15:00,100.4624,100.465,100.47,100.46,0.0,0.0,141647.0,14230776.93,0.004977105315558097,100.46
US.SGOV,iShares 0-3 Month Treasury Bond ETF,2026-09-04 13:20:00,100.465,100.47,100.47,100.46,0.0,0.0,93579.0,9401443.84,0.004976857612099191,100.465
US.SGOV,iShares 0-3 Month Treasury Bond ETF,2026-09-04 13:25:00,100.47,100.4601,100.47,100.46,0.0,0.0,118149.0,11869854.984,-0.009853687667962373,100.47
US.SGOV,iShares 0-3 Month Treasury Bond ETF,2026-09-04 13:30:00,100.4601,100.4623,100.47,100.46,0.0,0.0,64974.0,6527715.669,0.0021899241589466646,100.4601
US.SGOV,iShares 0-3 Month Treasury Bond ETF,2026-09-04 13:35:00,100.47,100.46,100.47,100.46,0.0,0.0,167863.0,16864330.035,-0.002289416029699995,100.4623
US.SGOV,iShares 0-3 Month Treasury Bond ETF,2026-09-04 13:40:00,100.4678,100.47,100.47,100.46,0.0,0.0,120840.0,12140370.494,0.009954210631102047,100.46
US.SGOV,iShares 0-3 Month Treasury Bond ETF,2026-09-04 13:45:00,100.4623,100.46,100.47,100.46,0.0,0.0,176315.0,17713798.691,-0.009953219866631946,100.47
US.SGOV,iShares 0-3 Month Treasury Bond ETF,2026-09-04 13:50:00,100.465,100.465,100.47,100.46,0.0,0.0,109167.0,10967572.024,0.004977105315558097,100.46
US.SGOV,iShares 0-3 Month Treasury Bond ETF,2026-09-04 13:55:00,100.4674,100.46,100.47,100.46,0.0,0.0,337525.0,33910205.72,-0.004976857612113336,100.465
US.SGOV,iShares 0-3 Month Treasury Bond ETF,2026-09-04 14:00:00,100.4601,100.47,100.47,100.46,0.0,0.0,161440.0,16218867.578,0.009954210631102047,100.46
US.SGOV,iShares 0-3 Month Treasury Bond ETF,2026-09-04 14:05:00,100.46,100.465,100.47,100.46,0.0,0.0,158198.0,15893575.781,-0.0049766099333089005,100.47
US.SGOV,iShares 0-3 Month Treasury Bond ETF,2026-09-04 14:10:00,100.4628,100.4623,100.47,100.46,0.0,0.0,219189.0,22020917.461,-0.002687503110540353,100.465
US.SGOV,iShares 0-3 Month Treasury Bond ETF,2026-09-04 14:15:00,100.4674,100.46,100.47,100.46,0.0,0.0,175213.0,17603023.578,-0.002289416029699995,100.4623
US.SGOV,iShares 0-3 Month Treasury Bond ETF,2026-09-04 14:20:00,100.47,100.4669,100.47,100.46,0.0,0.0,230793.0,23186875.899,0.006868405335458573,100.46
US.SGOV,iShares 0-3 Month Treasury Bond ETF,2026-09-04 14:25:00,100.465,100.4662,100.47,100.46,0.0,0.0,166025.0,16679816.537,-0.0006967468887711434,100.4669
US.SGOV,iShares 0-3 Month Treasury Bond ETF,2026-09-04 14:30:00,100.4678,100.4601,100.47,100.46,0.0,0.0,151132.0,15183579.61,-0.006071693763677283,100.4662
US.SGOV,iShares 0-3 Month Treasury Bond ETF,2026-09-04 14:35:00,100.4697,100.4678,100.47,100.46,0.0,0.0,204194.0,20514744.561,0.007664734556306252,100.4601
US.SGOV,iShares 0-3 Month Treasury Bond ETF,2026-09-04 14:40:00,100.4678,100.4623,100.47,100.46,0.0,0.0,157227.0,15796189.941,-0.005474390799836207,100.4678
US.SGOV,iShares 0-3 Month Treasury Bond ETF,2026-09-04 14:45:00,100.4623,100.46,100.47,100.46,0.0,0.0,163047.0,16380817.5,-0.002289416029699995,100.4623
US.SGOV,iShares 0-3 Month Treasury Bond ETF,2026-09-04 14:50:00,100.4678,100.465,100.47,100.46,0.0,0.0,117616.0,11816499.794,0.004977105315558097,100.46
US.SGOV,iShares 0-3 Month Treasury Bond ETF,2026-09-04 14:55:00,100.47,100.46,100.47,100.46,0.0,0.0,204196.0,20514560.502,-0.004976857612113336,100.465
US.SGOV,iShares 0-3 Month Treasury Bond ETF,2026-09-04 15:00:00,100.4678,100.465,100.47,100.46,0.0,0.0,126706.0,12729676.657,0.004977105315558097,100.46
US.SGOV,iShares 0-3 Month Treasury Bond ETF,2026-09-04 15:05:00,100.4623,100.465,100.47,100.46,0.0,0.0,242194.0,24331847.888,0.0,100.465
US.SGOV,iShares 0-3 Month Treasury Bond ETF,2026-09-04 15:10:00,100.4675,100.465,100.47,100.46,0.0,0.0,165850.0,16662306.454,0.0,100.465
US.SGOV,iShares 0-3 Month Treasury Bond ETF,2026-09-04 15:15:00,100.465,100.4601,100.47,100.46,0.0,0.0,137623.0,13826313.741,-0.004877320459867957,100.465
US.SGOV,iShares 0-3 Month Treasury Bond ETF,2026-09-04 15:20:00,100.4676,100.4649,100.47,100.46,0.0,0.0,297251.0,29863388.43,0.004778016346791437,100.4601
US.SGOV,iShares 0-3 Month Treasury Bond ETF,2026-09-04 15:25:00,100.465,100.4623,100.47,100.46,0.0,0.0,180858.0,18170116.678,-0.0025879685342851543,100.4649
US.SGOV,iShares 0-3 Month Treasury Bond ETF,2026-09-04 15:30:00,100.465,100.47,100.47,100.46,0.0,0.0,149550.0,15024708.494,0.007664566708108235,100.4623
US.SGOV,iShares 0-3 Month Treasury Bond ETF,2026-09-04 15:35:00,100.46,100.465,100.47,100.46,0.0,0.0,259135.0,26034543.607,-0.0049766099333089005,100.47
US.SGOV,iShares 0-3 Month Treasury Bond ETF,2026-09-04 15:40:00,100.465,100.4662,100.47,100.46,0.0,0.0,263412.0,26463808.216,0.0011944458269021086,100.465
US.SGOV,iShares 0-3 Month Treasury Bond ETF,2026-09-04 15:45:00,100.46,100.465,100.47,100.46,0.0,0.0,317945.0,31942778.209,-0.001194431560064184,100.4662
US.SGOV,iShares 0-3 Month Treasury Bond ETF,2026-09-04 15:50:00,100.4669,100.46,100.47,100.46,0.0,0.0,226933.0,22798982.324,-0.004976857612113336,100.465
US.SGOV,iShares 0-3 Month Treasury Bond ETF,2026-09-04 15:55:00,100.46,100.4676,100.47,100.46,0.0,0.0,519061.0,52147656.231,0.007565200079644346,100.46
US.SGOV,iShares 0-3 Month Treasury Bond ETF,2026-09-04 16:00:00,100.47,100.47,100.47,100.46,0.0,0.0,835601.0,83950170.429,0.002388829831701371,100.4676
US.SGOV,iShares 0-3 Month Treasury Bond ETF,2026-09-04 16:05:00,100.47,100.47,100.47,100.46,0.0,0.0,104793.0,10528566.374,0.0,100.47
US.SGOV,iShares 0-3 Month Treasury Bond ETF,2026-09-04 16:10:00,100.47,100.46,100.47,100.46,0.0,0.0,40053.0,4024067.608,-0.009953219866631946,100.47
US.SGOV,iShares 0-3 Month Treasury Bond ETF,2026-09-04 16:15:00,100.46,100.47,100.47,100.46,0.0,0.0,122455.0,12303029.764,0.009954210631102047,100.46
US.SGOV,iShares 0-3 Month Treasury Bond ETF,2026-09-04 16:20:00,100.47,100.46,100.47,100.46,0.0,0.0,36928.0,3710216.051,-0.009953219866631946,100.47
US.SGOV,iShares 0-3 Month Treasury Bond ETF,2026-09-04 16:25:00,100.47,100.4634,100.47,100.46,0.0,0.0,24323.0,2443748.333,0.0033844316145721495,100.46
US.SGOV,iShares 0-3 Month Treasury Bond ETF,2026-09-04 16:30:00,100.4634,100.4695,100.47,100.4634,0.0,0.0,16965.0,1704444.235,0.00607186298692215,100.4634
US.SGOV,iShares 0-3 Month Treasury Bond ETF,2026-09-04 16:35:00,100.4695,100.47,100.47,100.46,0.0,0.0,23121.0,2322955.604,0.0004976634700106872,100.4695
US.SGOV,iShares 0-3 Month Treasury Bond ETF,2026-09-04 16:40:00,100.47,100.47,100.47,100.46,0.0,0.0,12890.0,1295057.195,0.0,100.47
US.SGOV,iShares 0-3 Month Treasury Bond ETF,2026-09-04 16:45:00,100.47,100.47,100.47,100.4601,0.0,0.0,8634.0,867424.06,0.0,100.47
US.SGOV,iShares 0-3 Month Treasury Bond ETF,2026-09-04 16:50:00,100.47,100.47,100.47,100.4695,0.0,0.0,6850.0,688296.491,0.0,100.47
US.SGOV,iShares 0-3 Month Treasury Bond ETF,2026-09-04 16:55:00,100.47,100.4615,100.47,100.46,0.0,0.0,13054.0,1311524.182,-0.008460236886630789,100.47
US.SGOV,iShares 0-3 Month Treasury Bond ETF,2026-09-04 17:00:00,100.4615,100.47,100.47,100.46,0.0,0.0,4758.0,478043.467,0.008460952703272353,100.4615
US.SGOV,iShares 0-3 Month Treasury Bond ETF,2026-09-04 17:05:00,100.47,100.47,100.47,100.46,0.0,0.0,7788.0,782489.767,0.0,100.47
US.SGOV,iShares 0-3 Month Treasury Bond ETF,2026-09-04 17:10:00,100.4634,100.4634,100.47,100.4601,0.0,0.0,22103.0,2220707.267,-0.006569125111979631,100.47
US.SGOV,iShares 0-3 Month Treasury Bond ETF,2026-09-04 17:15:00,100.4634,100.47,100.47,100.4634,0.0,0.0,18654.0,1874235.925,0.006569556674376873,100.4634
US.SGOV,iShares 0-3 Month Treasury Bond ETF,2026-09-04 17:20:00,100.47,100.47,100.47,100.46,0.0,0.0,4937.0,496093.956,0.0,100.47
US.SGOV,iShares 0-3 Month Treasury Bond ETF,2026-09-04 17:25:00,100.47,100.4695,100.47,100.46,0.0,0.0,9140.0,918378.147,-0.000497660993333719,100.47
US.SGOV,iShares 0-3 Month Treasury Bond ETF,2026-09-04 17:30:00,100.4695,100.47,100.47,100.4615,0.0,0.0,10982.0,1103401.86,0.0004976634700106872,100.4695
US.SGOV,iShares 0-3 Month Treasury Bond ETF,2026-09-04 17:35:00,100.47,100.47,100.47,100.46,0.0,0.0,23465.0,2357556.527,0.0,100.47
US.SGOV,iShares 0-3 Month Treasury Bond ETF,2026-09-04 17:40:00,100.47,100.47,100.47,100.46,0.0,0.0,19910.0,2000386.254,0.0,100.47
US.SGOV,iShares 0-3 Month Treasury Bond ETF,2026-09-04 17:45:00,100.47,100.47,100.47,100.46,0.0,0.0,8916.0,895793.248,0.0,100.47
US.SGOV,iShares 0-3 Month Treasury Bond ETF,2026-09-04 17:50:00,100.47,100.47,100.47,100.46,0.0,0.0,50336.0,5057246.248,0.0,100.47
US.SGOV,iShares 0-3 Month Treasury Bond ETF,2026-09-04 17:55:00,100.47,100.47,100.47,100.46,0.0,0.0,5915.0,594365.945,0.0,100.47
US.SGOV,iShares 0-3 Month Treasury Bond ETF,2026-09-04 18:00:00,100.47,100.4695,100.47,100.46,0.0,0.0,43151.0,4335469.603,-0.000497660993333719,100.47
US.SGOV,iShares 0-3 Month Treasury Bond ETF,2026-09-04 18:05:00,100.47,100.47,100.47,100.46,0.0,0.0,7301.0,733555.361,0.0004976634700106872,100.4695
US.SGOV,iShares 0-3 Month Treasury Bond ETF,2026-09-04 18:10:00,100.47,100.47,100.47,100.46,0.0,0.0,12427.0,1248561.667,0.0,100.47
US.SGOV,iShares 0-3 Month Treasury Bond ETF,2026-09-04 18:15:00,100.47,100.47,100.47,100.4634,0.0,0.0,5075.0,509937.024,0.0,100.47
US.SGOV,iShares 0-3 Month Treasury Bond ETF,2026-09-04 18:20:00,100.47,100.4634,100.47,100.4634,0.0,0.0,9493.0,953767.526,-0.006569125111979631,100.47
US.SGOV,iShares 0-3 Month Treasury Bond ETF,2026-09-04 18:25:00,100.47,100.46,100.47,100.46,0.0,0.0,8335.0,837456.036,-0.0033843170746751376,100.4634
US.SGOV,iShares 0-3 Month Treasury Bond ETF,2026-09-04 18:30:00,100.46,100.46,100.47,100.46,0.0,0.0,7422.0,745747.354,0.0,100.46
US.SGOV,iShares 0-3 Month Treasury Bond ETF,2026-09-04 18:35:00,100.47,100.4699,100.47,100.4634,0.0,0.0,5153.0,517811.776,0.009854668524787773,100.46
US.SGOV,iShares 0-3 Month Treasury Bond ETF,2026-09-04 18:40:00,100.4699,100.47,100.47,100.46,0.0,0.0,2518.0,253073.457,9.953229773625699e-05,100.4699
US.SGOV,iShares 0-3 Month Treasury Bond ETF,2026-09-04 18:45:00,100.47,100.47,100.47,100.46,0.0,0.0,4438.0,445905.972,0.0,100.47
US.SGOV,iShares 0-3 Month Treasury Bond ETF,2026-09-04 18:50:00,100.47,100.46,100.47,100.46,0.0,0.0,7712.0,774905.298,-0.009953219866631946,100.47
US.SGOV,iShares 0-3 Month Treasury Bond ETF,2026-09-04 18:55:00,100.47,100.4695,100.47,100.46,0.0,0.0,6716.0,674804.271,0.009456500099544823,100.46
US.SGOV,iShares 0-3 Month Treasury Bond ETF,2026-09-04 19:00:00,100.4695,100.4699,100.47,100.46,0.0,0.0,16739.0,1681851.707,0.0003981307760057209,100.4695
US.SGOV,iShares 0-3 Month Treasury Bond ETF,2026-09-04 19:05:00,100.4699,100.47,100.47,100.46,0.0,0.0,6070.0,609866.266,9.953229773625699e-05,100.4699
US.SGOV,iShares 0-3 Month Treasury Bond ETF,2026-09-04 19:10:00,100.46,100.4615,100.47,100.46,0.0,0.0,7376.0,741126.304,-0.008460236886630789,100.47
US.SGOV,iShares 0-3 Month Treasury Bond ETF,2026-09-04 19:15:00,100.4615,100.4634,100.47,100.4615,0.0,0.0,7680.0,771695.828,0.001891271780723978,100.4615
US.SGOV,iShares 0-3 Month Treasury Bond ETF,2026-09-04 19:20:00,100.4634,100.47,100.47,100.4634,0.0,0.0,7956.0,799383.214,0.006569556674376873,100.4634
US.SGOV,iShares 0-3 Month Treasury Bond ETF,2026-09-04 19:25:00,100.47,100.4699,100.47,100.46,0.0,0.0,4944.0,496716.49,-9.953219866957265e-05,100.47
US.SGOV,iShares 0-3 Month Treasury Bond ETF,2026-09-04 19:30:00,100.4699,100.4699,100.47,100.46,0.0,0.0,4563.0,458526.463,0.0,100.4699
US.SGOV,iShares 0-3 Month Treasury Bond ETF,2026-09-04 19:35:00,100.4699,100.46,100.47,100.46,0.0,0.0,5296.0,532096.412,-0.009853697475564121,100.4699
US.SGOV,iShares 0-3 Month Treasury Bond ETF,2026-09-04 19:40:00,100.46,100.46,100.47,100.46,0.0,0.0,19668.0,1975962.219,0.0,100.46
US.SGOV,iShares 0-3 Month Treasury Bond ETF,2026-09-04 19:45:00,100.46,100.47,100.47,100.46,0.0,0.0,17318.0,1739888.047,0.009954210631102047,100.46
US.SGOV,iShares 0-3 Month Treasury Bond ETF,2026-09-04 19:50:00,100.47,100.4634,100.47,100.46,0.0,0.0,6370.0,639922.724,-0.006569125111979631,100.47
US.SGOV,iShares 0-3 Month Treasury Bond ETF,2026-09-04 19:55:00,100.4634,100.47,100.47,100.46,0.0,0.0,20541.0,2063705.806,0.006569556674376873,100.4634
US.SGOV,iShares 0-3 Month Treasury Bond ETF,2026-09-04 20:00:00,100.4634,100.47,100.47,100.46,0.0,0.0,32422.0,3257365.198,0.0,100.47
US.SGOV,iShares 0-3 Month Treasury Bond ETF,2026-09-08 04:05:00,100.47,100.475,100.48,100.46,0.0,0.0,176046.0,17688355.756,0.0049766099333089005,100.47
US.SGOV,iShares 0-3 Month Treasury Bond ETF,2026-09-08 04:10:00,100.475,100.4772,100.48,100.47,0.0,0.0,16687.0,1676621.845,0.002189599402838495,100.475
US.SGOV,iShares 0-3 Month Treasury Bond ETF,2026-09-08 04:15:00,100.4772,100.475,100.4798,100.47,0.0,0.0,9659.0,970492.356,-0.002189551460432793,100.4772
US.SGOV,iShares 0-3 Month Treasury Bond ETF,2026-09-08 04:20:00,100.475,100.4725,100.4774,100.47,0.0,0.0,4357.0,437765.932,-0.002488181139584699,100.475
US.SGOV,iShares 0-3 Month Treasury Bond ETF,2026-09-08 04:25:00,100.4725,100.475,100.475,100.47,0.0,0.0,4982.0,500551.501,0.0024882430515790156,100.4725
US.SGOV,iShares 0-3 Month Treasury Bond ETF,2026-09-08 04:30:00,100.475,100.475,100.475,100.47,0.0,0.0,1802.0,181053.332,0.0,100.475
US.SGOV,iShares 0-3 Month Treasury Bond ETF,2026-09-08 04:35:00,100.475,100.475,100.4772,100.47,0.0,0.0,12066.0,1212333.403,0.0,100.475
US.SGOV,iShares 0-3 Month Treasury Bond ETF,2026-09-08 04:40:00,100.475,100.475,100.4774,100.475,0.0,0.0,3352.0,336792.943,0.0,100.475
US.SGOV,iShares 0-3 Month Treasury Bond ETF,2026-09-08 04:45:00,100.475,100.475,100.4775,100.47,0.0,0.0,3994.0,401296.644,0.0,100.475
US.SGOV,iShares 0-3 Month Treasury Bond ETF,2026-09-08 04:50:00,100.475,100.475,100.475,100.47,0.0,0.0,1200.0,120666.48,0.0,100.475
US.SGOV,iShares 0-3 Month Treasury Bond ETF,2026-09-08 04:55:00,100.475,100.4772,100.4772,100.47,0.0,0.0,3727.0,374467.183,0.002189599402838495,100.475
US.SGOV,iShares 0-3 Month Treasury Bond ETF,2026-09-08 05:00:00,100.4772,100.47,100.4772,100.47,0.0,0.0,2307.0,231816.861,-0.007165804779589231,100.4772
US.SGOV,iShares 0-3 Month Treasury Bond ETF,2026-09-08 05:05:00,100.48,100.47,100.48,100.47,0.0,0.0,2682.0,269562.957,0.0,100.47
US.SGOV,iShares 0-3 Month Treasury Bond ETF,2026-09-08 05:10:00,100.47,100.4727,100.48,100.47,0.0,0.0,1102.0,110724.029,0.002687369363993596,100.47
US.SGOV,iShares 0-3 Month Treasury Bond ETF,2026-09-08 05:15:00,100.4727,100.4726,100.48,100.47,0.0,0.0,3408.0,342422.014,-9.952952394363808e-05,100.4727
US.SGOV,iShares 0-3 Month Treasury Bond ETF,2026-09-08 05:20:00,100.4726,100.475,100.4774,100.47,0.0,0.0,5499.0,552520.069,0.002388710952035089,100.4726
US.SGOV,iShares 0-3 Month Treasury Bond ETF,2026-09-08 05:25:00,100.475,100.47,100.475,100.47,0.0,0.0,1357.0,136338.152,-0.004976362279169398,100.475
US.SGOV,iShares 0-3 Month Treasury Bond ETF,2026-09-08 05:30:00,100.47,100.48,100.48,100.47,0.0,0.0,1440.0,144686.281,0.009953219866631946,100.47
US.SGOV,iShares 0-3 Month Treasury Bond ETF,2026-09-08 05:35:00,100.48,100.4725,100.48,100.47,0.0,0.0,20498.0,2059445.531,-0.007464171974529647,100.48
US.SGOV,iShares 0-3 Month Treasury Bond ETF,2026-09-08 05:40:00,100.4725,100.475,100.475,100.4701,0.0,0.0,5357.0,538224.617,0.0024882430515790156,100.4725
US.SGOV,iShares 0-3 Month Treasury Bond ETF,2026-09-08 05:45:00,100.475,100.475,100.48,100.47,0.0,0.0,2530.0,254287.438,0.0,100.475
US.SGOV,iShares 0-3 Month Treasury Bond ETF,2026-09-08 05:50:00,100.475,100.4725,100.475,100.47,0.0,0.0,2593.0,260523.276,-0.002488181139584699,100.475
US.SGOV,iShares 0-3 Month Treasury Bond ETF,2026-09-08 05:55:00,100.4725,100.47,100.475,100.47,0.0,0.0,879.0,88317.364,-0.0024882430515790156,100.4725
US.SGOV,iShares 0-3 Month Treasury Bond ETF,2026-09-08 06:00:00,100.4774,100.475,100.4774,100.475,0.0,0.0,919.0,92337.886,0.0049766099333089005,100.47
US.SGOV,iShares 0-3 Month Treasury Bond ETF,2026-09-08 06:05:00,100.475,100.4726,100.475,100.47,0.0,0.0,9702.0,974792.968,-0.0023886538939979166,100.475
US.SGOV,iShares 0-3 Month Treasury Bond ETF,2026-09-08 06:10:00,100.4726,100.47,100.4774,100.47,0.0,0.0,5116.0,514015.73,-0.0025877701980450848,100.4726
US.SGOV,iShares 0-3 Month Treasury Bond ETF,2026-09-08 06:15:00,100.47,100.47,100.47,100.47,0.0,0.0,440.0,44209.076,0.0,100.47
US.SGOV,iShares 0-3 Month Treasury Bond ETF,2026-09-08 06:20:00,100.4773,100.475,100.4773,100.475,0.0,0.0,725.0,72934.019,0.0049766099333089005,100.47
US.SGOV,iShares 0-3 Month Treasury Bond ETF,2026-09-08 06:25:00,100.475,100.4726,100.48,100.4726,0.0,0.0,3618.0,363541.984,-0.0023886538939979166,100.475
US.SGOV,iShares 0-3 Month Treasury Bond ETF,2026-09-08 06:30:00,100.4726,100.48,100.48,100.4726,0.0,0.0,3021.0,303546.457,0.007365192102129407,100.4726
US.SGOV,iShares 0-3 Month Treasury Bond ETF,2026-09-08 06:35:00,100.48,100.48,100.48,100.4727,0.0,0.0,5419.0,544491.977,0.0,100.48
US.SGOV,iShares 0-3 Month Treasury Bond ETF,2026-09-08 06:40:00,100.48,100.48,100.48,100.475,0.0,0.0,5140.0,516465.879,0.0,100.48
US.SGOV,iShares 0-3 Month Treasury Bond ETF,2026-09-08 06:45:00,100.48,100.47,100.48,100.47,0.0,0.0,2730.0,274315.782,-0.009952229299368148,100.48
US.SGOV,iShares 0-3 Month Treasury Bond ETF,2026-09-08 06:50:00,100.47,100.4726,100.48,100.47,0.0,0.0,2363.0,237428.12,0.002587837165324023,100.47
US.SGOV,iShares 0-3 Month Treasury Bond ETF,2026-09-08 06:55:00,100.475,100.4774,100.48,100.47,0.0,0.0,14710.0,1477994.262,0.004777421904084322,100.4726
US.SGOV,iShares 0-3 Month Treasury Bond ETF,2026-09-08 07:00:00,100.475,100.475,100.4774,100.4726,0.0,0.0,11553.0,1160786.91,-0.0023885968387006603,100.4774
US.SGOV,iShares 0-3 Month Treasury Bond ETF,2026-09-08 07:05:00,100.475,100.4726,100.48,100.47,0.0,0.0,26003.0,2612638.78,-0.0023886538939979166,100.475
US.SGOV,iShares 0-3 Month Treasury Bond ETF,2026-09-08 07:10:00,100.4703,100.48,100.48,100.47,0.0,0.0,13724.0,1378951.19,0.007365192102129407,100.4726
US.SGOV,iShares 0-3 Month Treasury Bond ETF,2026-09-08 07:15:00,100.48,100.4726,100.48,100.47,0.0,0.0,10456.0,1050577.864,-0.007364649681532712,100.48
US.SGOV,iShares 0-3 Month Treasury Bond ETF,2026-09-08 07:20:00,100.4701,100.475,100.4774,100.47,0.0,0.0,7022.0,705542.463,0.002388710952035089,100.4726
US.SGOV,iShares 0-3 Month Treasury Bond ETF,2026-09-08 07:25:00,100.475,100.475,100.48,100.47,0.0,0.0,4828.0,485124.676,0.0,100.475
US.SGOV,iShares 0-3 Month Treasury Bond ETF,2026-09-08 07:30:00,100.475,100.4725,100.48,100.47,0.0,0.0,5874.0,590263.78,-0.002488181139584699,100.475
US.SGOV,iShares 0-3 Month Treasury Bond ETF,2026-09-08 07:35:00,100.4725,100.48,100.48,100.47,0.0,0.0,106228.0,10673328.716,0.00746472915475119,100.4725
US.SGOV,iShares 0-3 Month Treasury Bond ETF,2026-09-08 07:40:00,100.48,100.4726,100.48,100.4703,0.0,0.0,6620.0,665160.86,-0.007364649681532712,100.48
US.SGOV,iShares 0-3 Month Treasury Bond ETF,2026-09-08 07:45:00,100.4726,100.48,100.48,100.47,0.0,0.0,11178.0,1123209.123,0.007365192102129407,100.4726
US.SGOV,iShares 0-3 Month Treasury Bond ETF,2026-09-08 07:50:00,100.48,100.48,100.48,100.47,0.0,0.0,12936.0,1299844.283,0.0,100.48
US.SGOV,iShares 0-3 Month Treasury Bond ETF,2026-09-08 07:55:00,100.48,100.48,100.48,100.47,0.0,0.0,10328.0,1037761.249,0.0,100.48
US.SGOV,iShares 0-3 Month Treasury Bond ETF,2026-09-08 08:00:00,100.48,100.479,100.48,100.47,0.0,0.0,32177.0,3233013.09,-0.0009952229299410578,100.48
US.SGOV,iShares 0-3 Month Treasury Bond ETF,2026-09-08 08:05:00,100.475,100.48,100.48,100.47,0.0,0.0,14519.0,1458790.053,0.0009952328347264353,100.479
US.SGOV,iShares 0-3 Month Treasury Bond ETF,2026-09-08 08:10:00,100.48,100.4726,100.48,100.47,0.0,0.0,6875.0,690796.821,-0.007364649681532712,100.48
US.SGOV,iShares 0-3 Month Treasury Bond ETF,2026-09-08 08:15:00,100.4726,100.475,100.475,100.47,0.0,0.0,5915.0,594340.999,0.002388710952035089,100.4726
US.SGOV,iShares 0-3 Month Treasury Bond ETF,2026-09-08 08:20:00,100.475,100.475,100.48,100.47,0.0,0.0,7426.0,746131.307,0.0,100.475
US.SGOV,iShares 0-3 Month Treasury Bond ETF,2026-09-08 08:25:00,100.475,100.48,100.48,100.47,0.0,0.0,10379.0,1042831.804,0.004976362279183542,100.475
US.SGOV,iShares 0-3 Month Treasury Bond ETF,2026-09-08 08:30:00,100.48,100.4727,100.48,100.47,0.0,0.0,11483.0,1153743.143,-0.007265127388535779,100.48
US.SGOV,iShares 0-3 Month Treasury Bond ETF,2026-09-08 08:35:00,100.4727,100.4726,100.48,100.47,0.0,0.0,14399.0,1446754.523,-9.952952394363808e-05,100.4727
US.SGOV,iShares 0-3 Month Treasury Bond ETF,2026-09-08 08:40:00,100.4726,100.4765,100.48,100.47,0.0,0.0,16874.0,1695445.556,0.003881655297067627,100.4726
US.SGOV,iShares 0-3 Month Treasury Bond ETF,2026-09-08 08:45:00,100.4765,100.47,100.4785,100.47,0.0,0.0,9312.0,935638.92,-0.006469174384062556,100.4765
US.SGOV,iShares 0-3 Month Treasury Bond ETF,2026-09-08 08:50:00,100.47,100.475,100.48,100.47,0.0,0.0,8211.0,824987.271,0.0049766099333089005,100.47
US.SGOV,iShares 0-3 Month Treasury Bond ETF,2026-09-08 08:55:00,100.475,100.48,100.48,100.47,0.0,0.0,11756.0,1181252.323,0.004976362279183542,100.475
US.SGOV,iShares 0-3 Month Treasury Bond ETF,2026-09-08 09:00:00,100.48,100.4727,100.48,100.47,0.0,0.0,19116.0,1920725.774,-0.007265127388535779,100.48
US.SGOV,iShares 0-3 Month Treasury Bond ETF,2026-09-08 09:05:00,100.4701,100.47,100.48,100.47,0.0,0.0,17315.0,1739722.245,-0.002687297146393364,100.4727
US.SGOV,iShares 0-3 Month Treasury Bond ETF,2026-09-08 09:10:00,100.47,100.475,100.48,100.47,0.0,0.0,6823.0,685571.242,0.0049766099333089005,100.47
US.SGOV,iShares 0-3 Month Treasury Bond ETF,2026-09-08 09:15:00,100.4727,100.4701,100.48,100.47,0.0,0.0,18466.0,1855378.536,-0.004876835033582615,100.475
US.SGOV,iShares 0-3 Month Treasury Bond ETF,2026-09-08 09:20:00,100.4701,100.475,100.48,100.47,0.0,0.0,9009.0,905231.417,0.004877072880381459,100.4701
US.SGOV,iShares 0-3 Month Treasury Bond ETF,2026-09-08 09:25:00,100.475,100.48,100.48,100.47,0.0,0.0,11548.0,1160314.815,0.004976362279183542,100.475
US.SGOV,iShares 0-3 Month Treasury Bond ETF,2026-09-08 09:30:00,100.48,100.475,100.48,100.47,0.0,0.0,28327.0,2846173.735,-0.004976114649691146,100.48
US.SGOV,iShares 0-3 Month Treasury Bond ETF,2026-09-08 09:35:00,100.48,100.47,100.48,100.47,0.0,0.0,1598510.0,160607460.446,-0.004976362279169398,100.475
US.SGOV,iShares 0-3 Month Treasury Bond ETF,2026-09-08 09:40:00,100.475,100.47,100.48,100.47,0.0,0.0,495792.0,49814667.963,0.0,100.47
US.SGOV,iShares 0-3 Month Treasury Bond ETF,2026-09-08 09:45:00,100.4797,100.47,100.48,100.47,0.0,0.0,282844.0,28419159.997,0.0,100.47
US.SGOV,iShares 0-3 Month Treasury Bond ETF,2026-09-08 09:50:00,100.48,100.475,100.48,100.47,0.0,0.0,409913.0,41186139.602,0.0049766099333089005,100.47
US.SGOV,iShares 0-3 Month Treasury Bond ETF,2026-09-08 09:55:00,100.4722,100.47,100.48,100.47,0.0,0.0,324513.0,32605938.008,-0.004976362279169398,100.475
US.SGOV,iShares 0-3 Month Treasury Bond ETF,2026-09-08 10:00:00,100.48,100.47,100.48,100.47,0.0,0.0,395821.0,39770161.692,0.0,100.47
US.SGOV,iShares 0-3 Month Treasury Bond ETF,2026-09-08 10:05:00,100.4722,100.475,100.48,100.47,0.0,0.0,369576.0,37133810.858,0.0049766099333089005,100.47
US.SGOV,iShares 0-3 Month Treasury Bond ETF,2026-09-08 10:10:00,100.475,100.47,100.48,100.47,0.0,0.0,422663.0,42467154.827,-0.004976362279169398,100.475
US.SGOV,iShares 0-3 Month Treasury Bond ETF,2026-09-08 10:15:00,100.475,100.47,100.48,100.47,0.0,0.0,362908.0,36463376.058,0.0,100.47
US.SGOV,iShares 0-3 Month Treasury Bond ETF,2026-09-08 10:20:00,100.4778,100.475,100.48,100.47,0.0,0.0,238292.0,23942467.653,0.0049766099333089005,100.47
US.SGOV,iShares 0-3 Month Treasury Bond ETF,2026-09-08 10:25:00,100.475,100.4722,100.48,100.47,0.0,0.0,204920.0,20589295.206,-0.0027867628763309027,100.475
US.SGOV,iShares 0-3 Month Treasury Bond ETF,2026-09-08 10:30:00,100.48,100.4791,100.48,100.47,0.0,0.0,315203.0,31670141.526,0.006867571328189969,100.4722
US.SGOV,iShares 0-3 Month Treasury Bond ETF,2026-09-08 10:35:00,100.4728,100.47,100.48,100.47,0.0,0.0,379337.0,38114875.317,-0.009056609782535533,100.4791
US.SGOV,iShares 0-3 Month Treasury Bond ETF,2026-09-08 10:40:00,100.475,100.47,100.48,100.47,0.0,0.0,307513.0,30897445.56,0.0,100.47
US.SGOV,iShares 0-3 Month Treasury Bond ETF,2026-09-08 10:45:00,100.475,100.48,100.48,100.47,0.0,0.0,440171.0,44227288.684,0.009953219866631946,100.47
US.SGOV,iShares 0-3 Month Treasury Bond ETF,2026-09-08 10:50:00,100.48,100.4778,100.48,100.47,0.0,0.0,334403.0,33599348.383,-0.0021894904458618415,100.48
US.SGOV,iShares 0-3 Month Treasury Bond ETF,2026-09-08 10:55:00,100.48,100.48,100.48,100.47,0.0,0.0,452906.0,45505991.064,0.0021895383855956023,100.4778
US.SGOV,iShares 0-3 Month Treasury Bond ETF,2026-09-08 11:00:00,100.48,100.4778,100.48,100.47,0.0,0.0,261086.0,26232748.279,-0.0021894904458618415,100.48
US.SGOV,iShares 0-3 Month Treasury Bond ETF,2026-09-08 11:05:00,100.475,100.475,100.48,100.47,0.0,0.0,336030.0,33762553.988,-0.0027866852180359098,100.4778
US.SGOV,iShares 0-3 Month Treasury Bond ETF,2026-09-08 11:10:00,100.47,100.47,100.48,100.47,0.0,0.0,214457.0,21547635.617,-0.004976362279169398,100.475
US.SGOV,iShares 0-3 Month Treasury Bond ETF,2026-09-08 11:15:00,100.47,100.47,100.48,100.47,0.0,0.0,164612.0,16539503.492,0.0,100.47
US.SGOV,iShares 0-3 Month Treasury Bond ETF,2026-09-08 11:20:00,100.4702,100.4705,100.48,100.47,0.0,0.0,161935.0,16270572.868,0.000497660993333719,100.47
US.SGOV,iShares 0-3 Month Treasury Bond ETF,2026-09-08 11:25:00,100.4772,100.4776,100.48,100.47,0.0,0.0,248238.0,24941997.756,0.007066750936836296,100.4705
US.SGOV,iShares 0-3 Month Treasury Bond ETF,2026-09-08 11:30:00,100.47,100.4729,100.48,100.47,0.0,0.0,600018.0,60285847.039,-0.004677659498236128,100.4776
US.SGOV,iShares 0-3 Month Treasury Bond ETF,2026-09-08 11:35:00,100.475,100.48,100.48,100.47,0.0,0.0,412710.0,41466918.073,0.007066582133100888,100.4729
US.SGOV,iShares 0-3 Month Treasury Bond ETF,2026-09-08 11:40:00,100.47,100.4722,100.48,100.47,0.0,0.0,284439.0,28579285.13,-0.007762738853506307,100.48
US.SGOV,iShares 0-3 Month Treasury Bond ETF,2026-09-08 11:45:00,100.48,100.47,100.48,100.47,0.0,0.0,257747.0,25897105.053,-0.0021896604234822948,100.4722
US.SGOV,iShares 0-3 Month Treasury Bond ETF,2026-09-08 11:50:00,100.4701,100.4799,100.48,100.47,0.0,0.0,195408.0,19633712.799,0.009853687667962373,100.47
US.SGOV,iShares 0-3 Month Treasury Bond ETF,2026-09-08 11:55:00,100.47,100.47,100.48,100.47,0.0,0.0,237182.0,23830881.015,-0.009852716812020908,100.4799
US.SGOV,iShares 0-3 Month Treasury Bond ETF,2026-09-08 12:00:00,100.4701,100.475,100.48,100.47,0.0,0.0,207029.0,20801288.749,0.0049766099333089005,100.47
US.SGOV,iShares 0-3 Month Treasury Bond ETF,2026-09-08 12:05:00,100.475,100.475,100.48,100.47,0.0,0.0,132482.0,13311114.381,0.0,100.475
US.SGOV,iShares 0-3 Month Treasury Bond ETF,2026-09-08 12:10:00,100.475,100.475,100.48,100.47,0.0,0.0,127714.0,12832169.243,0.0,100.475
US.SGOV,iShares 0-3 Month Treasury Bond ETF,2026-09-08 12:15:00,100.48,100.47,100.48,100.47,0.0,0.0,185880.0,18676604.492,-0.004976362279169398,100.475
US.SGOV,iShares 0-3 Month Treasury Bond ETF,2026-09-08 12:20:00,100.4778,100.47,100.48,100.47,0.0,0.0,304832.0,30627715.476,0.0,100.47
US.SGOV,iShares 0-3 Month Treasury Bond ETF,2026-09-08 12:25:00,100.475,100.4701,100.48,100.47,0.0,0.0,312212.0,31369466.62,9.953219866957265e-05,100.47
US.SGOV,iShares 0-3 Month Treasury Bond ETF,2026-09-08 12:30:00,100.47,100.475,100.48,100.47,0.0,0.0,132873.0,13350480.804,0.004877072880381459,100.4701
US.SGOV,iShares 0-3 Month Treasury Bond ETF,2026-09-08 12:35:00,100.47,100.475,100.48,100.47,0.0,0.0,151068.0,15178395.13,0.0,100.475
US.SGOV,iShares 0-3 Month Treasury Bond ETF,2026-09-08 12:40:00,100.47,100.475,100.48,100.47,0.0,0.0,228745.0,22982865.299,0.0,100.475
US.SGOV,iShares 0-3 Month Treasury Bond ETF,2026-09-08 12:45:00,100.475,100.47,100.48,100.47,0.0,0.0,135314.0,13595710.219,-0.004976362279169398,100.475
US.SGOV,iShares 0-3 Month Treasury Bond ETF,2026-09-08 12:50:00,100.4799,100.475,100.48,100.47,0.0,0.0,155180.0,15591762.087,0.0049766099333089005,100.47
US.SGOV,iShares 0-3 Month Treasury Bond ETF,2026-09-08 12:55:00,100.473877,100.47,100.48,100.47,0.0,0.0,278655.0,27998020.621,-0.004976362279169398,100.475
US.SGOV,iShares 0-3 Month Treasury Bond ETF,2026-09-08 13:00:00,100.475,100.475,100.48,100.47,0.0,0.0,218037.0,21907547.33,0.0049766099333089005,100.47
US.SGOV,iShares 0-3 Month Treasury Bond ETF,2026-09-08 13:05:00,100.4778,100.475,100.48,100.47,0.0,0.0,141056.0,14172793.197,0.0,100.475
US.SGOV,iShares 0-3 Month Treasury Bond ETF,2026-09-08 13:10:00,100.475,100.475,100.48,100.47,0.0,0.0,161409.0,16217919.213,0.0,100.475
US.SGOV,iShares 0-3 Month Treasury Bond ETF,2026-09-08 13:15:00,100.47,100.4722,100.48,100.47,0.0,0.0,203290.0,20425795.964,-0.0027867628763309027,100.475
US.SGOV,iShares 0-3 Month Treasury Bond ETF,2026-09-08 13:20:00,100.475,100.475,100.48,100.47,0.0,0.0,102738.0,10322761.086,0.0027868405389684654,100.4722
US.SGOV,iShares 0-3 Month Treasury Bond ETF,2026-09-08 13:25:00,100.4778,100.4722,100.48,100.47,0.0,0.0,222025.0,22307630.206,-0.0027867628763309027,100.475
US.SGOV,iShares 0-3 Month Treasury Bond ETF,2026-09-08 13:30:00,100.4799,100.4778,100.48,100.47,0.0,0.0,114079.0,11462266.111,0.005573681077951075,100.4722
US.SGOV,iShares 0-3 Month Treasury Bond ETF,2026-09-08 13:35:00,100.4701,100.4778,100.48,100.47,0.0,0.0,117129.0,11768542.187,0.0,100.4778
US.SGOV,iShares 0-3 Month Treasury Bond ETF,2026-09-08 13:40:00,100.4722,100.475,100.48,100.47,0.0,0.0,119754.0,12032336.464,-0.0027866852180359098,100.4778
US.SGOV,iShares 0-3 Month Treasury Bond ETF,2026-09-08 13:45:00,100.48,100.47,100.48,100.47,0.0,0.0,209463.0,21045940.36,-0.004976362279169398,100.475
US.SGOV,iShares 0-3 Month Treasury Bond ETF,2026-09-08 13:50:00,100.4776,100.4778,100.48,100.47,0.0,0.0,183882.0,18475957.138,0.00776351149597207,100.47
US.SGOV,iShares 0-3 Month Treasury Bond ETF,2026-09-08 13:55:00,100.47,100.4722,100.48,100.47,0.0,0.0,166562.0,16735274.131,-0.0055733704360576754,100.4778
US.SGOV,iShares 0-3 Month Treasury Bond ETF,2026-09-08 14:00:00,100.4723,100.475,100.48,100.47,0.0,0.0,92452.0,9289229.989,0.0027868405389684654,100.4722
US.SGOV,iShares 0-3 Month Treasury Bond ETF,2026-09-08 14:05:00,100.4791,100.4722,100.48,100.47,0.0,0.0,112301.0,11283662.673,-0.0027867628763309027,100.475
US.SGOV,iShares 0-3 Month Treasury Bond ETF,2026-09-08 14:10:00,100.47,100.475,100.48,100.47,0.0,0.0,128655.0,12926768.772,0.0027868405389684654,100.4722
US.SGOV,iShares 0-3 Month Treasury Bond ETF,2026-09-08 14:15:00,100.4778,100.4776,100.48,100.47,0.0,0.0,92866.0,9330793.5,0.0025877083851714817,100.475
US.SGOV,iShares 0-3 Month Treasury Bond ETF,2026-09-08 14:20:00,100.475,100.48,100.48,100.47,0.0,0.0,159891.0,16065202.041,0.0023885920842144095,100.4776
US.SGOV,iShares 0-3 Month Treasury Bond ETF,2026-09-08 14:25:00,100.475,100.48,100.48,100.47,0.0,0.0,171986.0,17280289.137,0.0,100.48
US.SGOV,iShares 0-3 Month Treasury Bond ETF,2026-09-08 14:30:00,100.4778,100.4762,100.48,100.47,0.0,0.0,205818.0,20680086.991,-0.003781847133756219,100.48
US.SGOV,iShares 0-3 Month Treasury Bond ETF,2026-09-08 14:35:00,100.4772,100.475,100.48,100.47,0.0,0.0,147401.0,14810146.346,-0.0011943126830148971,100.4762
US.SGOV,iShares 0-3 Month Treasury Bond ETF,2026-09-08 14:40:00,100.4746,100.47,100.48,100.47,0.0,0.0,504214.0,50662443.249,-0.004976362279169398,100.475
US.SGOV,iShares 0-3 Month Treasury Bond ETF,2026-09-08 14:45:00,100.47,100.4778,100.48,100.47,0.0,0.0,317981.0,31948612.049,0.00776351149597207,100.47
US.SGOV,iShares 0-3 Month Treasury Bond ETF,2026-09-08 14:50:00,100.47,100.48,100.48,100.47,0.0,0.0,146486.0,14718211.954,0.0021895383855956023,100.4778
US.SGOV,iShares 0-3 Month Treasury Bond ETF,2026-09-08 14:55:00,100.471,100.4715,100.48,100.47,0.0,0.0,134556.0,13519699.912,-0.008459394904456562,100.48
US.SGOV,iShares 0-3 Month Treasury Bond ETF,2026-09-08 15:00:00,100.48,100.4778,100.48,100.47,0.0,0.0,335706.0,33729322.427,0.006270434899445092,100.4715
US.SGOV,iShares 0-3 Month Treasury Bond ETF,2026-09-08 15:05:00,100.475,100.48,100.48,100.47,0.0,0.0,173305.0,17412968.768,0.0021895383855956023,100.4778
US.SGOV,iShares 0-3 Month Treasury Bond ETF,2026-09-08 15:10:00,100.475,100.4772,100.48,100.47,0.0,0.0,296701.0,29811623.6,-0.0027866242038293043,100.48
US.SGOV,iShares 0-3 Month Treasury Bond ETF,2026-09-08 15:15:00,100.475,100.48,100.48,100.47,0.0,0.0,173174.0,17399799.971,0.0027867018587377887,100.4772
US.SGOV,iShares 0-3 Month Treasury Bond ETF,2026-09-08 15:20:00,100.475,100.475,100.48,100.47,0.0,0.0,236903.0,23802592.221,-0.004976114649691146,100.48
US.SGOV,iShares 0-3 Month Treasury Bond ETF,2026-09-08 15:25:00,100.4799,100.475,100.48,100.47,0.0,0.0,182950.0,18381918.616,0.0,100.475
US.SGOV,iShares 0-3 Month Treasury Bond ETF,2026-09-08 15:30:00,100.48,100.475,100.48,100.47,0.0,0.0,320436.0,32195968.654,0.0,100.475
US.SGOV,iShares 0-3 Month Treasury Bond ETF,2026-09-08 15:35:00,100.4772,100.48,100.48,100.47,0.0,0.0,385769.0,38761595.344,0.004976362279183542,100.475
US.SGOV,iShares 0-3 Month Treasury Bond ETF,2026-09-08 15:40:00,100.475,100.48,100.48,100.47,0.0,0.0,237209.0,23833684.652,0.0,100.48
US.SGOV,iShares 0-3 Month Treasury Bond ETF,2026-09-08 15:45:00,100.4722,100.475,100.48,100.47,0.0,0.0,224449.0,22552106.699,-0.004976114649691146,100.48
US.SGOV,iShares 0-3 Month Treasury Bond ETF,2026-09-08 15:50:00,100.4722,100.48,100.48,100.47,0.0,0.0,300183.0,30161185.579,0.004976362279183542,100.475
US.SGOV,iShares 0-3 Month Treasury Bond ETF,2026-09-08 15:55:00,100.475,100.48,100.48,100.47,0.0,0.0,900417.0,90470251.004,0.0,100.48
US.SGOV,iShares 0-3 Month Treasury Bond ETF,2026-09-08 16:00:00,100.475,100.48,100.48,100.47,0.0,0.0,1212034.0,121783072.423,0.0,100.48
US.SGOV,iShares 0-3 Month Treasury Bond ETF,2026-09-08 16:05:00,100.475,100.47,100.48,100.47,0.0,0.0,45821.0,4604013.819,-0.009952229299368148,100.48
US.SGOV,iShares 0-3 Month Treasury Bond ETF,2026-09-08 16:10:00,100.47,100.475,100.48,100.47,0.0,0.0,2679678.0,269254004.984,0.0049766099333089005,100.47
US.SGOV,iShares 0-3 Month Treasury Bond ETF,2026-09-08 16:15:00,100.475,100.48,100.48,100.47,0.0,0.0,19359.0,1945108.774,0.004976362279183542,100.475
US.SGOV,iShares 0-3 Month Treasury Bond ETF,2026-09-08 16:20:00,100.48,100.475,100.48,100.47,0.0,0.0,118019.0,11858516.222,-0.004976114649691146,100.48
US.SGOV,iShares 0-3 Month Treasury Bond ETF,2026-09-08 16:25:00,100.475,100.479,100.48,100.47,0.0,0.0,21149.0,2125059.354,0.003981089823344005,100.475
US.SGOV,iShares 0-3 Month Treasury Bond ETF,2026-09-08 16:30:00,100.479,100.48,100.48,100.4703,0.0,0.0,14232.0,1430033.513,0.0009952328347264353,100.479
US.SGOV,iShares 0-3 Month Treasury Bond ETF,2026-09-08 16:35:00,100.48,100.479,100.48,100.47,0.0,0.0,18148.0,1823528.269,-0.0009952229299410578,100.48
US.SGOV,iShares 0-3 Month Treasury Bond ETF,2026-09-08 16:40:00,100.479,100.479,100.48,100.4715,0.0,0.0,3465.0,348174.819,0.0,100.479
US.SGOV,iShares 0-3 Month Treasury Bond ETF,2026-09-08 16:45:00,100.479,100.4715,100.48,100.47,0.0,0.0,3458.0,347490.444,-0.007464246260405836,100.479
US.SGOV,iShares 0-3 Month Treasury Bond ETF,2026-09-08 16:50:00,100.4715,100.48,100.48,100.4701,0.0,0.0,7937.0,797602.055,0.00846011057861976,100.4715
US.SGOV,iShares 0-3 Month Treasury Bond ETF,2026-09-08 16:55:00,100.48,100.4795,100.48,100.4702,0.0,0.0,6740.0,677277.279,-0.0004976114649705289,100.48
US.SGOV,iShares 0-3 Month Treasury Bond ETF,2026-09-08 17:00:00,100.4795,100.48,100.48,100.47,0.0,0.0,28213.0,2834695.239,0.0004976139411545514,100.4795
US.SGOV,iShares 0-3 Month Treasury Bond ETF,2026-09-08 17:05:00,100.48,100.4734,100.48,100.47,0.0,0.0,3336.0,335234.353,-0.006568471337585523,100.48
US.SGOV,iShares 0-3 Month Treasury Bond ETF,2026-09-08 17:10:00,100.4734,100.4797,100.48,100.4734,0.0,0.0,5381.0,540679.68,0.006270316322525142,100.4734
US.SGOV,iShares 0-3 Month Treasury Bond ETF,2026-09-08 17:15:00,100.4797,100.4735,100.48,100.47,0.0,0.0,5397.0,542288.283,-0.0061704005883702435,100.4797
US.SGOV,iShares 0-3 Month Treasury Bond ETF,2026-09-08 17:20:00,100.48,100.48,100.48,100.4734,0.0,0.0,14540.0,1461008.14,0.006469367544678562,100.4735
US.SGOV,iShares 0-3 Month Treasury Bond ETF,2026-09-08 17:25:00,100.48,100.47,100.48,100.47,0.0,0.0,4485.0,450666.068,-0.009952229299368148,100.48
US.SGOV,iShares 0-3 Month Treasury Bond ETF,2026-09-08 17:30:00,100.47,100.48,100.48,100.47,0.0,0.0,17214.0,1729564.673,0.009953219866631946,100.47
US.SGOV,iShares 0-3 Month Treasury Bond ETF,2026-09-08 17:35:00,100.48,100.475,100.48,100.4701,0.0,0.0,31553.0,3170466.592,-0.004976114649691146,100.48
US.SGOV,iShares 0-3 Month Treasury Bond ETF,2026-09-08 17:40:00,100.475,100.475,100.48,100.47,0.0,0.0,6999.0,703327.246,0.0,100.475
US.SGOV,iShares 0-3 Month Treasury Bond ETF,2026-09-08 17:45:00,100.475,100.48,100.48,100.4734,0.0,0.0,4979.0,500360.239,0.004976362279183542,100.475
US.SGOV,iShares 0-3 Month Treasury Bond ETF,2026-09-08 17:50:00,100.48,100.4766,100.48,100.4766,0.0,0.0,2320.0,233112.542,-0.003383757961782625,100.48
US.SGOV,iShares 0-3 Month Treasury Bond ETF,2026-09-08 17:55:00,100.4766,100.48,100.48,100.47,0.0,0.0,3329.0,334565.192,0.003383872463836536,100.4766
US.SGOV,iShares 0-3 Month Treasury Bond ETF,2026-09-08 18:00:00,100.48,100.4734,100.48,100.47,0.0,0.0,6714.0,674670.224,-0.006568471337585523,100.48
US.SGOV,iShares 0-3 Month Treasury Bond ETF,2026-09-08 18:05:00,100.48,100.48,100.48,100.47,0.0,0.0,198078.0,19902917.119,0.006568902814084061,100.4734
US.SGOV,iShares 0-3 Month Treasury Bond ETF,2026-09-08 18:10:00,100.48,100.48,100.48,100.47,0.0,0.0,15824.0,1590069.702,0.0,100.48
US.SGOV,iShares 0-3 Month Treasury Bond ETF,2026-09-08 18:15:00,100.48,100.4795,100.48,100.47,0.0,0.0,5306.0,533173.027,-0.0004976114649705289,100.48
US.SGOV,iShares 0-3 Month Treasury Bond ETF,2026-09-08 18:20:00,100.4795,100.4799,100.48,100.47,0.0,0.0,40708.0,4090300.804,0.00039809115292081245,100.4795
US.SGOV,iShares 0-3 Month Treasury Bond ETF,2026-09-08 18:25:00,100.4799,100.48,100.48,100.4701,0.0,0.0,1816.0,182564.853,9.952239204390098e-05,100.4799
US.SGOV,iShares 0-3 Month Treasury Bond ETF,2026-09-08 18:30:00,100.48,100.4799,100.48,100.47,0.0,0.0,12218.0,1227737.547,-9.952229299693437e-05,100.48
US.SGOV,iShares 0-3 Month Treasury Bond ETF,2026-09-08 18:35:00,100.4799,100.4799,100.48,100.4734,0.0,0.0,18573.0,1866227.819,0.0,100.4799
US.SGOV,iShares 0-3 Month Treasury Bond ETF,2026-09-08 18:40:00,100.4799,100.48,100.48,100.4734,0.0,0.0,1992.0,200208.799,9.952239204390098e-05,100.4799
US.SGOV,iShares 0-3 Month Treasury Bond ETF,2026-09-08 18:45:00,100.48,100.48,100.48,100.475,0.0,0.0,6084.0,611368.043,0.0,100.48
US.SGOV,iShares 0-3 Month Treasury Bond ETF,2026-09-08 18:50:00,100.48,100.48,100.48,100.47,0.0,0.0,3552.0,356957.063,0.0,100.48
US.SGOV,iShares 0-3 Month Treasury Bond ETF,2026-09-08 18:55:00,100.48,100.48,100.48,100.47,0.0,0.0,4914.0,493791.898,0.0,100.48
US.SGOV,iShares 0-3 Month Treasury Bond ETF,2026-09-08 19:00:00,100.48,100.48,100.48,100.4798,0.0,0.0,6152.0,618199.858,0.0,100.48
US.SGOV,iShares 0-3 Month Treasury Bond ETF,2026-09-08 19:05:00,100.48,100.48,100.48,100.4734,0.0,0.0,8912.0,895543.952,0.0,100.48
US.SGOV,iShares 0-3 Month Treasury Bond ETF,2026-09-08 19:10:00,100.48,100.48,100.48,100.48,0.0,0.0,6815.0,684777.662,0.0,100.48
US.SGOV,iShares 0-3 Month Treasury Bond ETF,2026-09-08 19:15:00,100.47,100.48,100.48,100.47,0.0,0.0,2098.0,210829.045,0.0,100.48
US.SGOV,iShares 0-3 Month Treasury Bond ETF,2026-09-08 19:20:00,100.48,100.48,100.48,100.4703,0.0,0.0,1918.0,192742.73,0.0,100.48
US.SGOV,iShares 0-3 Month Treasury Bond ETF,2026-09-08 19:25:00,100.48,100.4735,100.48,100.4715,0.0,0.0,7494.0,753009.595,-0.00646894904458859,100.48
US.SGOV,iShares 0-3 Month Treasury Bond ETF,2026-09-08 19:30:00,100.4735,100.48,100.48,100.4734,0.0,0.0,4214.0,423478.32,0.006469367544678562,100.4735
US.SGOV,iShares 0-3 Month Treasury Bond ETF,2026-09-08 19:35:00,100.48,100.4795,100.48,100.47,0.0,0.0,12131.0,1218940.959,-0.0004976114649705289,100.48
US.SGOV,iShares 0-3 Month Treasury Bond ETF,2026-09-08 19:40:00,100.48,100.4734,100.48,100.47,0.0,0.0,7341.0,737601.72,-0.0060708900820600695,100.4795
US.SGOV,iShares 0-3 Month Treasury Bond ETF,2026-09-08 19:45:00,100.4734,100.47,100.48,100.47,0.0,0.0,4458.0,447913.612,-0.0033839802375545984,100.4734
US.SGOV,iShares 0-3 Month Treasury Bond ETF,2026-09-08 19:50:00,100.47,100.47,100.48,100.47,0.0,0.0,10414.0,1046371.694,0.0,100.47
US.SGOV,iShares 0-3 Month Treasury Bond ETF,2026-09-08 19:55:00,100.48,100.4734,100.48,100.47,0.0,0.0,8731.0,877259.86,0.0033840947546523157,100.47
US.SGOV,iShares 0-3 Month Treasury Bond ETF,2026-09-08 20:00:00,100.48,100.4799,100.48,100.47,0.0,0.0,13481.0,1354565.809,0.0064693739835644205,100.4734
US.SGOV,iShares 0-3 Month Treasury Bond ETF,2026-09-09 04:05:00,100.48,100.4827,100.49,100.48,0.0,0.0,103135.0,10363852.753,0.0027866269771302265,100.4799
US.SGOV,iShares 0-3 Month Treasury Bond ETF,2026-09-09 04:10:00,100.4827,100.4828,100.485,100.48,0.0,0.0,5277.0,530239.488,9.951961880335585e-05,100.4827
US.SGOV,iShares 0-3 Month Treasury Bond ETF,2026-09-09 04:15:00,100.4828,100.48,100.485,100.48,0.0,0.0,1325.0,133139.327,-0.0027865465532344587,100.4828
US.SGOV,iShares 0-3 Month Treasury Bond ETF,2026-09-09 04:20:00,100.48,100.48,100.4872,100.48,0.0,0.0,2457.0,246890.362,0.0,100.48
US.SGOV,iShares 0-3 Month Treasury Bond ETF,2026-09-09 04:25:00,100.48,100.48,100.485,100.48,0.0,0.0,1613.0,162081.006,0.0,100.48
US.SGOV,iShares 0-3 Month Treasury Bond ETF,2026-09-09 04:30:00,100.48,100.4874,100.4874,100.48,0.0,0.0,1627.0,163485.926,0.007364649681518569,100.48
US.SGOV,iShares 0-3 Month Treasury Bond ETF,2026-09-09 04:35:00,100.4874,100.4826,100.4874,100.48,0.0,0.0,2345.0,235635.697,-0.004776718275115899,100.4874
US.SGOV,iShares 0-3 Month Treasury Bond ETF,2026-09-09 04:40:00,100.4826,100.48,100.4826,100.48,0.0,0.0,1288.0,129419.788,-0.0025875126638851362,100.4826
US.SGOV,iShares 0-3 Month Treasury Bond ETF,2026-09-09 04:45:00,100.48,100.4874,100.49,100.48,0.0,0.0,1223.0,122955.949,0.007364649681518569,100.48
US.SGOV,iShares 0-3 Month Treasury Bond ETF,2026-09-09 04:50:00,100.4874,100.485,100.49,100.48,0.0,0.0,588.0,59085.129,-0.0023883591375579495,100.4874
US.SGOV,iShares 0-3 Month Treasury Bond ETF,2026-09-09 04:55:00,100.485,100.485,100.485,100.48,0.0,0.0,4008.0,402739.687,0.0,100.485
US.SGOV,iShares 0-3 Month Treasury Bond ETF,2026-09-09 05:00:00,100.485,100.48,100.49,100.48,0.0,0.0,4323.0,434383.1,-0.004975867044828036,100.485
US.SGOV,iShares 0-3 Month Treasury Bond ETF,2026-09-09 05:05:00,100.48,100.4874,100.4874,100.48,0.0,0.0,522.0,52454.022,0.007364649681518569,100.48
US.SGOV,iShares 0-3 Month Treasury Bond ETF,2026-09-09 05:10:00,100.4874,100.48,100.4874,100.48,0.0,0.0,1168.0,117393.795,-0.0073641073408107485,100.4874
US.SGOV,iShares 0-3 Month Treasury Bond ETF,2026-09-09 05:15:00,100.48,100.485,100.485,100.48,0.0,0.0,354.0,35571.097,0.004976114649677003,100.48
US.SGOV,iShares 0-3 Month Treasury Bond ETF,2026-09-09 05:20:00,100.485,100.485,100.49,100.485,0.0,0.0,1610.0,161832.402,0.0,100.485
US.SGOV,iShares 0-3 Month Treasury Bond ETF,2026-09-09 05:25:00,100.48,100.48,100.48,100.48,0.0,0.0,1136.0,114145.959,-0.004975867044828036,100.485
US.SGOV,iShares 0-3 Month Treasury Bond ETF,2026-09-09 05:30:00,100.48,100.485,100.485,100.48,0.0,0.0,357.0,35873.21,0.004976114649677003,100.48
US.SGOV,iShares 0-3 Month Treasury Bond ETF,2026-09-09 05:35:00,100.485,100.484,100.49,100.48,0.0,0.0,3624.0,364145.744,-0.0009951734089712642,100.485
US.SGOV,iShares 0-3 Month Treasury Bond ETF,2026-09-09 05:40:00,100.485,100.485,100.4874,100.485,0.0,0.0,1773.0,178160.017,0.0009951833127709634,100.484
US.SGOV,iShares 0-3 Month Treasury Bond ETF,2026-09-09 05:45:00,100.485,100.4827,100.485,100.4827,0.0,0.0,142.0,14268.723,-0.0022888988406282508,100.485
US.SGOV,iShares 0-3 Month Treasury Bond ETF,2026-09-09 05:50:00,100.4827,100.4845,100.485,100.48,0.0,0.0,2911.0,292506.706,0.0017913531384038351,100.4827
US.SGOV,iShares 0-3 Month Treasury Bond ETF,2026-09-09 05:55:00,100.4845,100.485,100.49,100.48,0.0,0.0,6531.0,656256.033,0.0004975891804232369,100.4845
US.SGOV,iShares 0-3 Month Treasury Bond ETF,2026-09-09 06:00:00,100.49,100.49,100.49,100.48,0.0,0.0,13588.0,1365432.713,0.004975867044828036,100.485
US.SGOV,iShares 0-3 Month Treasury Bond ETF,2026-09-09 06:05:00,100.49,100.48,100.49,100.48,0.0,0.0,2342.0,235333.279,-0.009951238929237641,100.49
US.SGOV,iShares 0-3 Month Treasury Bond ETF,2026-09-09 06:10:00,100.48,100.485,100.485,100.48,0.0,0.0,954.0,95860.861,0.004976114649677003,100.48
US.SGOV,iShares 0-3 Month Treasury Bond ETF,2026-09-09 06:15:00,100.485,100.485,100.4874,100.485,0.0,0.0,3429.0,344563.588,0.0,100.485
US.SGOV,iShares 0-3 Month Treasury Bond ETF,2026-09-09 06:20:00,100.48,100.485,100.485,100.48,0.0,0.0,933.0,93750.845,0.0,100.485
US.SGOV,iShares 0-3 Month Treasury Bond ETF,2026-09-09 06:25:00,100.485,100.4825,100.485,100.48,0.0,0.0,1774.0,178253.513,-0.002487933522414018,100.485
US.SGOV,iShares 0-3 Month Treasury Bond ETF,2026-09-09 06:30:00,100.4825,100.485,100.49,100.48,0.0,0.0,2996.0,301044.747,0.0024879954220861605,100.4825
US.SGOV,iShares 0-3 Month Treasury Bond ETF,2026-09-09 06:35:00,100.485,100.49,100.49,100.485,0.0,0.0,3922.0,394121.006,0.004975867044828036,100.485
US.SGOV,iShares 0-3 Month Treasury Bond ETF,2026-09-09 06:40:00,100.49,100.49,100.49,100.48,0.0,0.0,822.0,82598.392,0.0,100.49
US.SGOV,iShares 0-3 Month Treasury Bond ETF,2026-09-09 06:45:00,100.49,100.485,100.49,100.4828,0.0,0.0,3035.0,304969.275,-0.0049756194646188205,100.49
US.SGOV,iShares 0-3 Month Treasury Bond ETF,2026-09-09 06:50:00,100.485,100.48,100.4875,100.48,0.0,0.0,3393.0,340934.874,-0.004975867044828036,100.485
US.SGOV,iShares 0-3 Month Treasury Bond ETF,2026-09-09 06:55:00,100.48,100.485,100.4873,100.48,0.0,0.0,760.0,76367.844,0.004976114649677003,100.48
US.SGOV,iShares 0-3 Month Treasury Bond ETF,2026-09-09 07:00:00,100.485,100.48,100.4874,100.48,0.0,0.0,1756.0,176542.574,-0.004975867044828036,100.485
US.SGOV,iShares 0-3 Month Treasury Bond ETF,2026-09-09 07:05:00,100.48,100.485,100.49,100.48,0.0,0.0,302419.0,30387190.452,0.004976114649677003,100.48
US.SGOV,iShares 0-3 Month Treasury Bond ETF,2026-09-09 07:10:00,100.485,100.48,100.49,100.48,0.0,0.0,30177.0,3032228.811,-0.004975867044828036,100.485
US.SGOV,iShares 0-3 Month Treasury Bond ETF,2026-09-09 07:15:00,100.48,100.48,100.49,100.48,0.0,0.0,7104.0,713902.942,0.0,100.48
US.SGOV,iShares 0-3 Month Treasury Bond ETF,2026-09-09 07:20:00,100.48,100.49,100.49,100.48,0.0,0.0,7561.0,759800.845,0.009952229299354007,100.48
US.SGOV,iShares 0-3 Month Treasury Bond ETF,2026-09-09 07:25:00,100.49,100.4895,100.49,100.48,0.0,0.0,4944.0,496846.42,-0.0004975619464505687,100.49
US.SGOV,iShares 0-3 Month Treasury Bond ETF,2026-09-09 07:30:00,100.4895,100.49,100.49,100.48,0.0,0.0,7473.0,750982.215,0.0004975644221417925,100.4895
US.SGOV,iShares 0-3 Month Treasury Bond ETF,2026-09-09 07:35:00,100.49,100.4801,100.49,100.48,0.0,0.0,8369.0,840993.044,-0.009851726539956012,100.49
US.SGOV,iShares 0-3 Month Treasury Bond ETF,2026-09-09 07:40:00,100.4801,100.4815,100.49,100.48,0.0,0.0,8659.0,870116.328,0.00139331071525988,100.4801
US.SGOV,iShares 0-3 Month Treasury Bond ETF,2026-09-09 07:45:00,100.4815,100.48,100.49,100.48,0.0,0.0,3049.0,306456.737,-0.0014928121096848192,100.4815
US.SGOV,iShares 0-3 Month Treasury Bond ETF,2026-09-09 07:50:00,100.48,100.4828,100.49,100.48,0.0,0.0,8934.0,897805.679,0.0027866242038151615,100.48
US.SGOV,iShares 0-3 Month Treasury Bond ETF,2026-09-09 07:55:00,100.4828,100.49,100.49,100.48,0.0,0.0,8906.0,895001.696,0.0071654054226170365,100.4828
US.SGOV,iShares 0-3 Month Treasury Bond ETF,2026-09-09 08:00:00,100.49,100.4827,100.49,100.48,0.0,0.0,2292.0,230370.406,-0.007264404418350831,100.49
US.SGOV,iShares 0-3 Month Treasury Bond ETF,2026-09-09 08:05:00,100.485,100.48,100.4865,100.48,0.0,0.0,124512.0,12511010.872,-0.00268702970759161,100.4827
US.SGOV,iShares 0-3 Month Treasury Bond ETF,2026-09-09 08:10:00,100.48,100.4828,100.49,100.48,0.0,0.0,5671.0,569924.231,0.0027866242038151615,100.48
US.SGOV,iShares 0-3 Month Treasury Bond ETF,2026-09-09 08:15:00,100.4865,100.49,100.49,100.48,0.0,0.0,10924.0,1097723.541,0.0071654054226170365,100.4828
US.SGOV,iShares 0-3 Month Treasury Bond ETF,2026-09-09 08:20:00,100.49,100.4803,100.49,100.48,0.0,0.0,45181.0,4539901.322,-0.009652701761364473,100.49
US.SGOV,iShares 0-3 Month Treasury Bond ETF,2026-09-09 08:25:00,100.4803,100.4827,100.4864,100.48,0.0,0.0,36843.0,3701994.097,0.002388527900488361,100.4803
US.SGOV,iShares 0-3 Month Treasury Bond ETF,2026-09-09 08:30:00,100.4827,100.48,100.49,100.48,0.0,0.0,32951.0,3310994.121,-0.00268702970759161,100.4827
US.SGOV,iShares 0-3 Month Treasury Bond ETF,2026-09-09 08:35:00,100.4827,100.4863,100.4885,100.48,0.0,0.0,8532.0,857372.018,0.00626990445859472,100.48
US.SGOV,iShares 0-3 Month Treasury Bond ETF,2026-09-09 08:40:00,100.4863,100.48,100.49,100.48,0.0,0.0,149570.0,15028877.826,-0.006269511366222038,100.4863
US.SGOV,iShares 0-3 Month Treasury Bond ETF,2026-09-09 08:45:00,100.48,100.4828,100.4863,100.48,0.0,0.0,5007.0,503160.434,0.0027866242038151615,100.48
US.SGOV,iShares 0-3 Month Treasury Bond ETF,2026-09-09 08:50:00,100.4828,100.48,100.49,100.48,0.0,0.0,39215.0,3940387.286,-0.0027865465532344587,100.4828
US.SGOV,iShares 0-3 Month Treasury Bond ETF,2026-09-09 08:55:00,100.48,100.4898,100.49,100.48,0.0,0.0,5877.0,590575.537,0.00975318471337428,100.48
US.SGOV,iShares 0-3 Month Treasury Bond ETF,2026-09-09 09:00:00,100.4898,100.4863,100.4898,100.48,0.0,0.0,7689.0,772661.194,-0.0034829405571535628,100.4898
US.SGOV,iShares 0-3 Month Treasury Bond ETF,2026-09-09 09:05:00,100.4863,100.4826,100.4866,100.48,0.0,0.0,7640.0,767682.601,-0.0036820939769848524,100.4863
US.SGOV,iShares 0-3 Month Treasury Bond ETF,2026-09-09 09:10:00,100.485,100.48,100.49,100.48,0.0,0.0,12862.0,1292439.662,-0.0025875126638851362,100.4826
US.SGOV,iShares 0-3 Month Treasury Bond ETF,2026-09-09 09:15:00,100.48,100.48,100.49,100.48,0.0,0.0,11441.0,1149654.92,0.0,100.48
US.SGOV,iShares 0-3 Month Treasury Bond ETF,2026-09-09 09:20:00,100.48,100.4803,100.4893,100.48,0.0,0.0,11839.0,1189669.959,0.0002985668789766601,100.48
US.SGOV,iShares 0-3 Month Treasury Bond ETF,2026-09-09 09:25:00,100.4803,100.4863,100.4899,100.48,0.0,0.0,4643.0,466641.928,0.005971319751235046,100.4803
US.SGOV,iShares 0-3 Month Treasury Bond ETF,2026-09-09 09:30:00,100.4863,100.4826,100.49,100.48,0.0,0.0,17715.0,1780122.766,-0.0036820939769848524,100.4863
US.SGOV,iShares 0-3 Month Treasury Bond ETF,2026-09-09 09:35:00,100.48,100.485,100.49,100.48,0.0,0.0,1229162.0,123511594.432,0.0023884732281951367,100.4826
US.SGOV,iShares 0-3 Month Treasury Bond ETF,2026-09-09 09:40:00,100.487,100.485,100.49,100.48,0.0,0.0,218234.0,21929084.767,0.0,100.485
US.SGOV,iShares 0-3 Month Treasury Bond ETF,2026-09-09 09:45:00,100.485,100.48,100.49,100.48,0.0,0.0,250789.0,25200630.322,-0.004975867044828036,100.485
US.SGOV,iShares 0-3 Month Treasury Bond ETF,2026-09-09 09:50:00,100.485,100.48,100.49,100.48,0.0,0.0,234544.0,23568050.223,0.0,100.48
US.SGOV,iShares 0-3 Month Treasury Bond ETF,2026-09-09 09:55:00,100.49,100.4873,100.49,100.48,0.0,0.0,318537.0,32007945.799,0.007265127388535779,100.48
US.SGOV,iShares 0-3 Month Treasury Bond ETF,2026-09-09 10:00:00,100.4871,100.4878,100.49,100.48,0.0,0.0,234426.0,23556339.541,0.0004975753154758627,100.4873
US.SGOV,iShares 0-3 Month Treasury Bond ETF,2026-09-09 10:05:00,100.49,100.4805,100.49,100.48,0.0,0.0,286446.0,28783427.046,-0.007264563459431433,100.4878
US.SGOV,iShares 0-3 Month Treasury Bond ETF,2026-09-09 10:10:00,100.49,100.4878,100.49,100.48,0.0,0.0,320132.0,32168341.159,0.007265091236594701,100.4805
US.SGOV,iShares 0-3 Month Treasury Bond ETF,2026-09-09 10:15:00,100.4823,100.4878,100.49,100.48,0.0,0.0,280184.0,28153995.863,0.0,100.4878
US.SGOV,iShares 0-3 Month Treasury Bond ETF,2026-09-09 10:20:00,100.4805,100.4878,100.49,100.48,0.0,0.0,225938.0,22703507.465,0.0,100.4878
US.SGOV,iShares 0-3 Month Treasury Bond ETF,2026-09-09 10:25:00,100.4824,100.48,100.49,100.48,0.0,0.0,187953.0,18886498.912,-0.007762136299121812,100.4878
US.SGOV,iShares 0-3 Month Treasury Bond ETF,2026-09-09 10:30:00,100.48,100.49,100.49,100.48,0.0,0.0,218562.0,21962255.187,0.009952229299354007,100.48
US.SGOV,iShares 0-3 Month Treasury Bond ETF,2026-09-09 10:35:00,100.49,100.49,100.49,100.48,0.0,0.0,172228.0,17306291.121,0.0,100.49
US.SGOV,iShares 0-3 Month Treasury Bond ETF,2026-09-09 10:40:00,100.4823,100.485,100.49,100.48,0.0,0.0,269364.0,27066866.079,-0.0049756194646188205,100.49
US.SGOV,iShares 0-3 Month Treasury Bond ETF,2026-09-09 10:45:00,100.49,100.486,100.49,100.48,0.0,0.0,295754.0,29718548.198,0.0009951734089712642,100.485
US.SGOV,iShares 0-3 Month Treasury Bond ETF,2026-09-09 10:50:00,100.485,100.48,100.49,100.48,0.0,0.0,231864.0,23298821.119,-0.005970981032183814,100.486
US.SGOV,iShares 0-3 Month Treasury Bond ETF,2026-09-09 10:55:00,100.48,100.485,100.49,100.48,0.0,0.0,147823.0,14854028.92,0.004976114649677003,100.48
US.SGOV,iShares 0-3 Month Treasury Bond ETF,2026-09-09 11:00:00,100.4871,100.485,100.49,100.48,0.0,0.0,193302.0,19423904.335,0.0,100.485
US.SGOV,iShares 0-3 Month Treasury Bond ETF,2026-09-09 11:05:00,100.485,100.485,100.49,100.48,0.0,0.0,234143.0,23527770.7,0.0,100.485
US.SGOV,iShares 0-3 Month Treasury Bond ETF,2026-09-09 11:10:00,100.4823,100.485,100.49,100.48,0.0,0.0,197480.0,19843916.539,0.0,100.485
US.SGOV,iShares 0-3 Month Treasury Bond ETF,2026-09-09 11:15:00,100.49,100.49,100.49,100.48,0.0,0.0,269410.0,27071721.832,0.004975867044828036,100.485
US.SGOV,iShares 0-3 Month Treasury Bond ETF,2026-09-09 11:20:00,100.49,100.485,100.49,100.48,0.0,0.0,274503.0,27583400.581,-0.0049756194646188205,100.49
US.SGOV,iShares 0-3 Month Treasury Bond ETF,2026-09-09 11:25:00,100.48,100.49,100.49,100.48,0.0,0.0,229234.0,23034746.912,0.004975867044828036,100.485
US.SGOV,iShares 0-3 Month Treasury Bond ETF,2026-09-09 11:30:00,100.49,100.48,100.49,100.48,0.0,0.0,208782.0,20979539.841,-0.009951238929237641,100.49
US.SGOV,iShares 0-3 Month Treasury Bond ETF,2026-09-09 11:35:00,100.48,100.49,100.49,100.48,0.0,0.0,210330.0,21134890.461,0.009952229299354007,100.48
US.SGOV,iShares 0-3 Month Treasury Bond ETF,2026-09-09 11:40:00,100.49,100.4899,100.49,100.48,0.0,0.0,219946.0,22101176.632,-9.951238928162883e-05,100.49
US.SGOV,iShares 0-3 Month Treasury Bond ETF,2026-09-09 11:45:00,100.49,100.49,100.49,100.48,0.0,0.0,182314.0,18319934.464,9.951248830888357e-05,100.4899
US.SGOV,iShares 0-3 Month Treasury Bond ETF,2026-09-09 11:50:00,100.49,100.4822,100.49,100.48,0.0,0.0,330255.0,33185145.841,-0.0077619663648014,100.49
US.SGOV,iShares 0-3 Month Treasury Bond ETF,2026-09-09 11:55:00,100.485,100.485,100.49,100.48,0.0,0.0,132017.0,13265913.833,0.0027865631922802986,100.4822
US.SGOV,iShares 0-3 Month Treasury Bond ETF,2026-09-09 12:00:00,100.4829,100.4899,100.49,100.48,0.0,0.0,169414.0,17023554.865,0.004876349703942224,100.485
US.SGOV,iShares 0-3 Month Treasury Bond ETF,2026-09-09 12:05:00,100.4867,100.4824,100.49,100.48,0.0,0.0,136815.0,13747914.483,-0.00746343662398648,100.4899
US.SGOV,iShares 0-3 Month Treasury Bond ETF,2026-09-09 12:10:00,100.49,100.485,100.49,100.48,0.0,0.0,139664.0,14034016.58,0.002587517814065992,100.4824
US.SGOV,iShares 0-3 Month Treasury Bond ETF,2026-09-09 12:15:00,100.4899,100.485,100.49,100.48,0.0,0.0,155485.0,15623878.301,0.0,100.485
US.SGOV,iShares 0-3 Month Treasury Bond ETF,2026-09-09 12:20:00,100.482,100.485,100.49,100.48,0.0,0.0,162451.0,16323905.643,0.0,100.485
US.SGOV,iShares 0-3 Month Treasury Bond ETF,2026-09-09 12:25:00,100.4815,100.485,100.49,100.48,0.0,0.0,111015.0,11155388.618,0.0,100.485
US.SGOV,iShares 0-3 Month Treasury Bond ETF,2026-09-09 12:30:00,100.4835,100.4823,100.49,100.48,0.0,0.0,205904.0,20690466.895,-0.002686968204213928,100.485
US.SGOV,iShares 0-3 Month Treasury Bond ETF,2026-09-09 12:35:00,100.485,100.485,100.49,100.48,0.0,0.0,82116.0,8251504.186,0.0026870404041352217,100.4823
US.SGOV,iShares 0-3 Month Treasury Bond ETF,2026-09-09 12:40:00,100.485,100.48,100.49,100.48,0.0,0.0,156366.0,15712302.322,-0.004975867044828036,100.485
US.SGOV,iShares 0-3 Month Treasury Bond ETF,2026-09-09 12:45:00,100.49,100.485,100.49,100.48,0.0,0.0,142850.0,14354603.085,0.004976114649677003,100.48
US.SGOV,iShares 0-3 Month Treasury Bond ETF,2026-09-09 12:50:00,100.485,100.4824,100.49,100.48,0.0,0.0,157803.0,15856750.876,-0.002587450863313973,100.485
US.SGOV,iShares 0-3 Month Treasury Bond ETF,2026-09-09 12:55:00,100.485,100.49,100.49,100.48,0.0,0.0,86988.0,8740930.052,0.007563513610340218,100.4824
US.SGOV,iShares 0-3 Month Treasury Bond ETF,2026-09-09 13:00:00,100.485,100.48,100.49,100.48,0.0,0.0,106796.0,10731477.898,-0.009951238929237641,100.49
US.SGOV,iShares 0-3 Month Treasury Bond ETF,2026-09-09 13:05:00,100.4878,100.4878,100.49,100.48,0.0,0.0,145111.0,14581538.288,0.007762738853492164,100.48
US.SGOV,iShares 0-3 Month Treasury Bond ETF,2026-09-09 13:10:00,100.485,100.4823,100.49,100.48,0.0,0.0,135109.0,13576475.045,-0.005473301236565872,100.4878
US.SGOV,iShares 0-3 Month Treasury Bond ETF,2026-09-09 13:15:00,100.4878,100.49,100.49,100.48,0.0,0.0,96500.0,9696801.037,0.007663041152521209,100.4823
US.SGOV,iShares 0-3 Month Treasury Bond ETF,2026-09-09 13:20:00,100.4873,100.48,100.49,100.48,0.0,0.0,138310.0,13898086.854,-0.009951238929237641,100.49
US.SGOV,iShares 0-3 Month Treasury Bond ETF,2026-09-09 13:25:00,100.485,100.485,100.49,100.48,0.0,0.0,111681.0,11222342.99,0.004976114649677003,100.48
US.SGOV,iShares 0-3 Month Treasury Bond ETF,2026-09-09 13:30:00,100.49,100.485,100.49,100.48,0.0,0.0,108312.0,10883740.63,0.0,100.485
US.SGOV,iShares 0-3 Month Treasury Bond ETF,2026-09-09 13:35:00,100.485,100.485,100.49,100.48,0.0,0.0,71021.0,7136616.436,0.0,100.485
US.SGOV,iShares 0-3 Month Treasury Bond ETF,2026-09-09 13:40:00,100.485,100.4899,100.49,100.48,0.0,0.0,133249.0,13389662.83,0.004876349703942224,100.485
US.SGOV,iShares 0-3 Month Treasury Bond ETF,2026-09-09 13:45:00,100.4899,100.49,100.49,100.48,0.0,0.0,112032.0,11257478.186,9.951248830888357e-05,100.4899
US.SGOV,iShares 0-3 Month Treasury Bond ETF,2026-09-09 13:50:00,100.49,100.4855,100.49,100.48,0.0,0.0,141008.0,14169180.846,-0.0044780575181541105,100.49
US.SGOV,iShares 0-3 Month Treasury Bond ETF,2026-09-09 13:55:00,100.4823,100.4878,100.49,100.48,0.0,0.0,70055.0,7039546.406,0.0022888874514144695,100.4855
US.SGOV,iShares 0-3 Month Treasury Bond ETF,2026-09-09 14:00:00,100.4823,100.485,100.49,100.48,0.0,0.0,80819.0,8121065.734,-0.002786407902246317,100.4878
US.SGOV,iShares 0-3 Month Treasury Bond ETF,2026-09-09 14:05:00,100.49,100.4828,100.49,100.48,0.0,0.0,119829.0,12041188.531,-0.002189381499728296,100.485
US.SGOV,iShares 0-3 Month Treasury Bond ETF,2026-09-09 14:10:00,100.485,100.485,100.49,100.48,0.0,0.0,130150.0,13077977.766,0.0021894294346912887,100.4828
US.SGOV,iShares 0-3 Month Treasury Bond ETF,2026-09-09 14:15:00,100.4878,100.485,100.49,100.48,0.0,0.0,127873.0,12849486.422,0.0,100.485
US.SGOV,iShares 0-3 Month Treasury Bond ETF,2026-09-09 14:20:00,100.4878,100.485,100.49,100.48,0.0,0.0,167035.0,16784817.127,0.0,100.485
US.SGOV,iShares 0-3 Month Treasury Bond ETF,2026-09-09 14:25:00,100.48,100.485,100.49,100.48,0.0,0.0,238501.0,23965276.027,0.0,100.485
US.SGOV,iShares 0-3 Month Treasury Bond ETF,2026-09-09 14:30:00,100.4876,100.4823,100.49,100.48,0.0,0.0,140369.0,14104976.397,-0.002686968204213928,100.485
US.SGOV,iShares 0-3 Month Treasury Bond ETF,2026-09-09 14:35:00,100.4878,100.485,100.49,100.48,0.0,0.0,124564.0,12516952.253,0.0026870404041352217,100.4823
US.SGOV,iShares 0-3 Month Treasury Bond ETF,2026-09-09 14:40:00,100.485,100.49,100.49,100.48,0.0,0.0,198472.0,19943616.49,0.004975867044828036,100.485
US.SGOV,iShares 0-3 Month Treasury Bond ETF,2026-09-09 14:45:00,100.485,100.4822,100.49,100.48,0.0,0.0,143416.0,14410979.958,-0.0077619663648014,100.49
US.SGOV,iShares 0-3 Month Treasury Bond ETF,2026-09-09 14:50:00,100.48,100.485,100.49,100.48,0.0,0.0,151817.0,15255494.793,0.0027865631922802986,100.4822
US.SGOV,iShares 0-3 Month Treasury Bond ETF,2026-09-09 14:55:00,100.485,100.485,100.49,100.48,0.0,0.0,119573.0,12015330.332,0.0,100.485
US.SGOV,iShares 0-3 Month Treasury Bond ETF,2026-09-09 15:00:00,100.485,100.485,100.49,100.48,0.0,0.0,181573.0,18245377.875,0.0,100.485
US.SGOV,iShares 0-3 Month Treasury Bond ETF,2026-09-09 15:05:00,100.48,100.4871,100.49,100.48,0.0,0.0,138896.0,13957216.041,0.0020898641588283414,100.485
US.SGOV,iShares 0-3 Month Treasury Bond ETF,2026-09-09 15:10:00,100.485,100.4878,100.49,100.48,0.0,0.0,366209.0,36798885.4,0.0006966068281349705,100.4871
US.SGOV,iShares 0-3 Month Treasury Bond ETF,2026-09-09 15:15:00,100.485,100.4829,100.49,100.48,0.0,0.0,686252.0,68959530.957,-0.00487621382893459,100.4878
US.SGOV,iShares 0-3 Month Treasury Bond ETF,2026-09-09 15:20:00,100.485,100.4801,100.49,100.48,0.0,0.0,1120089.0,112554491.116,-0.0027865437800936132,100.4829
US.SGOV,iShares 0-3 Month Treasury Bond ETF,2026-09-09 15:25:00,100.485,100.485,100.49,100.48,0.0,0.0,393525.0,39544145.178,0.004876587503402509,100.4801
US.SGOV,iShares 0-3 Month Treasury Bond ETF,2026-09-09 15:30:00,100.485,100.485,100.49,100.48,0.0,0.0,119356.0,11993619.444,0.0,100.485
US.SGOV,iShares 0-3 Month Treasury Bond ETF,2026-09-09 15:35:00,100.4874,100.48,100.49,100.48,0.0,0.0,190240.0,19116188.823,-0.004975867044828036,100.485
US.SGOV,iShares 0-3 Month Treasury Bond ETF,2026-09-09 15:40:00,100.48,100.485,100.49,100.48,0.0,0.0,214239.0,21527810.614,0.004976114649677003,100.48
US.SGOV,iShares 0-3 Month Treasury Bond ETF,2026-09-09 15:45:00,100.485,100.4879,100.49,100.48,0.0,0.0,246643.0,24783863.515,0.0028860028859996954,100.485
US.SGOV,iShares 0-3 Month Treasury Bond ETF,2026-09-09 15:50:00,100.485,100.485,100.49,100.48,0.0,0.0,364603.0,36637266.794,-0.0028859195982768016,100.4879
US.SGOV,iShares 0-3 Month Treasury Bond ETF,2026-09-09 15:55:00,100.485,100.485,100.49,100.48,0.0,0.0,256118.0,25735906.075,0.0,100.485
US.SGOV,iShares 0-3 Month Treasury Bond ETF,2026-09-09 16:00:00,100.485,100.49,100.49,100.48,0.0,0.0,715081.0,71856939.427,0.004975867044828036,100.485
US.SGOV,iShares 0-3 Month Treasury Bond ETF,2026-09-09 16:05:00,100.48,100.485,100.49,100.48,0.0,0.0,36603.0,3678133.201,-0.0049756194646188205,100.49
US.SGOV,iShares 0-3 Month Treasury Bond ETF,2026-09-09 16:10:00,100.485,100.485,100.4899,100.48,0.0,0.0,19839.0,1993572.906,0.0,100.485
US.SGOV,iShares 0-3 Month Treasury Bond ETF,2026-09-09 16:15:00,100.485,100.486,100.49,100.48,0.0,0.0,50493.0,5073663.634,0.0009951734089712642,100.485
US.SGOV,iShares 0-3 Month Treasury Bond ETF,2026-09-09 16:20:00,100.486,100.485,100.486,100.48,0.0,0.0,5782.0,581036.682,-0.0009951635053686832,100.486
US.SGOV,iShares 0-3 Month Treasury Bond ETF,2026-09-09 16:25:00,100.485,100.485,100.4898,100.48,0.0,0.0,9969.0,1001743.361,0.0,100.485
US.SGOV,iShares 0-3 Month Treasury Bond ETF,2026-09-09 16:30:00,100.4866,100.4866,100.49,100.4815,0.0,0.0,4488.0,451061.251,0.001592277454342709,100.485
US.SGOV,iShares 0-3 Month Treasury Bond ETF,2026-09-09 16:35:00,100.4866,100.49,100.49,100.48,0.0,0.0,3525.0,354247.457,0.0033835357152089745,100.4866
US.SGOV,iShares 0-3 Month Treasury Bond ETF,2026-09-09 16:40:00,100.485,100.485,100.49,100.4835,0.0,0.0,9397.0,944321.051,-0.0049756194646188205,100.49
US.SGOV,iShares 0-3 Month Treasury Bond ETF,2026-09-09 16:45:00,100.485,100.485,100.49,100.4835,0.0,0.0,10810.0,1086290.946,0.0,100.485
US.SGOV,iShares 0-3 Month Treasury Bond ETF,2026-09-09 16:50:00,100.485,100.485,100.49,100.48,0.0,0.0,10566.0,1061777.644,0.0,100.485
US.SGOV,iShares 0-3 Month Treasury Bond ETF,2026-09-09 16:55:00,100.485,100.485,100.49,100.48,0.0,0.0,9002.0,904655.801,0.0,100.485
US.SGOV,iShares 0-3 Month Treasury Bond ETF,2026-09-09 17:00:00,100.485,100.485,100.49,100.48,0.0,0.0,7380.0,741648.895,0.0,100.485
US.SGOV,iShares 0-3 Month Treasury Bond ETF,2026-09-09 17:05:00,100.485,100.4895,100.49,100.485,0.0,0.0,6555.0,658768.522,0.004478280340356547,100.485
US.SGOV,iShares 0-3 Month Treasury Bond ETF,2026-09-09 17:10:00,100.4895,100.49,100.49,100.48,0.0,0.0,3837.0,385601.585,0.0004975644221417925,100.4895
US.SGOV,iShares 0-3 Month Treasury Bond ETF,2026-09-09 17:15:00,100.49,100.48,100.49,100.48,0.0,0.0,9542.0,958891.506,-0.009951238929237641,100.49
US.SGOV,iShares 0-3 Month Treasury Bond ETF,2026-09-09 17:20:00,100.48,100.4895,100.49,100.48,0.0,0.0,7305.0,734152.447,0.009454617834397619,100.48
US.SGOV,iShares 0-3 Month Treasury Bond ETF,2026-09-09 17:25:00,100.49,100.4815,100.49,100.48,0.0,0.0,4863.0,488707.474,-0.007961030754466662,100.4895
US.SGOV,iShares 0-3 Month Treasury Bond ETF,2026-09-09 17:30:00,100.4815,100.4899,100.49,100.48,0.0,0.0,3268.0,328405.559,0.008359747814283072,100.4815
US.SGOV,iShares 0-3 Month Treasury Bond ETF,2026-09-09 17:35:00,100.4899,100.49,100.49,100.4834,0.0,0.0,1330.0,133656.594,9.951248830888357e-05,100.4899
US.SGOV,iShares 0-3 Month Treasury Bond ETF,2026-09-09 17:40:00,100.49,100.48,100.49,100.48,0.0,0.0,1790.0,179920.252,-0.009951238929237641,100.49
US.SGOV,iShares 0-3 Month Treasury Bond ETF,2026-09-09 17:45:00,100.48,100.485,100.49,100.48,0.0,0.0,6466.0,649743.112,0.004976114649677003,100.48
US.SGOV,iShares 0-3 Month Treasury Bond ETF,2026-09-09 17:50:00,100.485,100.4895,100.49,100.4834,0.0,0.0,2718.0,273198.536,0.004478280340356547,100.485
US.SGOV,iShares 0-3 Month Treasury Bond ETF,2026-09-09 17:55:00,100.4895,100.485,100.49,100.48,0.0,0.0,3908.0,392772.522,-0.004478079799389265,100.4895
US.SGOV,iShares 0-3 Month Treasury Bond ETF,2026-09-09 18:00:00,100.485,100.4834,100.49,100.4834,0.0,0.0,4017.0,403734.285,-0.001592277454342709,100.485
US.SGOV,iShares 0-3 Month Treasury Bond ETF,2026-09-09 18:05:00,100.49,100.4834,100.49,100.48,0.0,0.0,2543.0,255601.984,0.0,100.4834
US.SGOV,iShares 0-3 Month Treasury Bond ETF,2026-09-09 18:10:00,100.4834,100.4898,100.49,100.48,0.0,0.0,7515.0,755154.779,0.006369211232899459,100.4834
US.SGOV,iShares 0-3 Month Treasury Bond ETF,2026-09-09 18:15:00,100.4803,100.49,100.49,100.4801,0.0,0.0,4057.0,407705.535,0.00019902517468681243,100.4898
US.SGOV,iShares 0-3 Month Treasury Bond ETF,2026-09-09 18:20:00,100.49,100.49,100.49,100.4801,0.0,0.0,3186.0,320236.614,0.0,100.49
US.SGOV,iShares 0-3 Month Treasury Bond ETF,2026-09-09 18:25:00,100.49,100.49,100.49,100.4834,0.0,0.0,6120.0,614988.973,0.0,100.49
US.SGOV,iShares 0-3 Month Treasury Bond ETF,2026-09-09 18:30:00,100.49,100.48,100.49,100.48,0.0,0.0,8869.0,891328.56,-0.009951238929237641,100.49
US.SGOV,iShares 0-3 Month Treasury Bond ETF,2026-09-09 18:35:00,100.48,100.49,100.49,100.48,0.0,0.0,3672.0,369000.247,0.009952229299354007,100.48
US.SGOV,iShares 0-3 Month Treasury Bond ETF,2026-09-09 18:40:00,100.49,100.48,100.49,100.48,0.0,0.0,19017.0,1910961.175,-0.009951238929237641,100.49
US.SGOV,iShares 0-3 Month Treasury Bond ETF,2026-09-09 18:45:00,100.48,100.49,100.49,100.48,0.0,0.0,3836.0,385506.653,0.009952229299354007,100.48
US.SGOV,iShares 0-3 Month Treasury Bond ETF,2026-09-09 18:50:00,100.49,100.4802,100.49,100.48,0.0,0.0,1870.0,187908.773,-0.009752214150660242,100.49
US.SGOV,iShares 0-3 Month Treasury Bond ETF,2026-09-09 18:55:00,100.4802,100.4866,100.49,100.48,0.0,0.0,9481.0,952783.359,0.006369414073617783,100.4802
US.SGOV,iShares 0-3 Month Treasury Bond ETF,2026-09-09 19:00:00,100.49,100.49,100.49,100.48,0.0,0.0,8306.0,834677.167,0.0033835357152089745,100.4866
US.SGOV,iShares 0-3 Month Treasury Bond ETF,2026-09-09 19:05:00,100.49,100.4895,100.49,100.4834,0.0,0.0,4347.0,436916.511,-0.0004975619464505687,100.49
US.SGOV,iShares 0-3 Month Treasury Bond ETF,2026-09-09 19:10:00,100.4895,100.49,100.49,100.4895,0.0,0.0,2425.0,243785.873,0.0004975644221417925,100.4895
US.SGOV,iShares 0-3 Month Treasury Bond ETF,2026-09-09 19:15:00,100.49,100.4866,100.49,100.4834,0.0,0.0,881.0,88583.204,-0.0033834212359430604,100.49
US.SGOV,iShares 0-3 Month Treasury Bond ETF,2026-09-09 19:20:00,100.4866,100.4815,100.49,100.4815,0.0,0.0,1775.0,178400.683,-0.005075303572813462,100.4866
US.SGOV,iShares 0-3 Month Treasury Bond ETF,2026-09-09 19:25:00,100.4815,100.49,100.49,100.48,0.0,0.0,3654.0,367208.118,0.008459268621585022,100.4815
US.SGOV,iShares 0-3 Month Treasury Bond ETF,2026-09-09 19:30:00,100.49,100.4866,100.49,100.4802,0.0,0.0,9319.0,936510.93,-0.0033834212359430604,100.49
US.SGOV,iShares 0-3 Month Treasury Bond ETF,2026-09-09 19:35:00,100.4866,100.49,100.49,100.4866,0.0,0.0,13999.0,1406848.521,0.0033835357152089745,100.4866
US.SGOV,iShares 0-3 Month Treasury Bond ETF,2026-09-09 19:40:00,100.49,100.485,100.49,100.4815,0.0,0.0,4143.0,416392.223,-0.0049756194646188205,100.49
US.SGOV,iShares 0-3 Month Treasury Bond ETF,2026-09-09 19:45:00,100.485,100.4803,100.49,100.4803,0.0,0.0,7463.0,750012.4,-0.0046773150221423145,100.485
US.SGOV,iShares 0-3 Month Treasury Bond ETF,2026-09-09 19:50:00,100.4803,100.4834,100.49,100.4803,0.0,0.0,9671.0,971894.443,0.0030851818714747407,100.4803
US.SGOV,iShares 0-3 Month Treasury Bond ETF,2026-09-09 19:55:00,100.4834,100.49,100.49,100.48,0.0,0.0,3853.0,387179.801,0.006568249083920054,100.4834
US.SGOV,iShares 0-3 Month Treasury Bond ETF,2026-09-09 20:00:00,100.49,100.4834,100.49,100.48,0.0,0.0,18815.0,1890674.04,-0.006567817693294581,100.49
US.SGOV,iShares 0-3 Month Treasury Bond ETF,2026-09-10 04:05:00,100.49,100.4973,100.5,100.49,0.0,0.0,30375.0,3052611.942,0.013833130646447546,100.4834
US.SGOV,iShares 0-3 Month Treasury Bond ETF,2026-09-10 04:10:00,100.4973,100.4973,100.5,100.49,0.0,0.0,8926.0,897016.821,0.0,100.4973
US.SGOV,iShares 0-3 Month Treasury Bond ETF,2026-09-10 04:15:00,100.4972,100.4927,100.4972,100.4902,0.0,0.0,944.0,94883.865,-0.004577237398414071,100.4973
US.SGOV,iShares 0-3 Month Treasury Bond ETF,2026-09-10 04:20:00,100.4927,100.4927,100.4999,100.4927,0.0,0.0,328.0,33062.991,0.0,100.4927
US.SGOV,iShares 0-3 Month Treasury Bond ETF,2026-09-10 04:25:00,100.4973,100.4927,100.4999,100.4927,0.0,0.0,117.0,11758.064,0.0,100.4927
US.SGOV,iShares 0-3 Month Treasury Bond ETF,2026-09-10 04:30:00,100.4927,100.4973,100.5,100.4927,0.0,0.0,600.0,60298.399,0.004577446919026343,100.4927
US.SGOV,iShares 0-3 Month Treasury Bond ETF,2026-09-10 04:35:00,100.4927,100.4973,100.4973,100.4927,0.0,0.0,79.0,7939.232,0.0,100.4973
US.SGOV,iShares 0-3 Month Treasury Bond ETF,2026-09-10 04:40:00,100.4927,100.5,100.5,100.4927,0.0,0.0,720.0,72359.097,0.0026866393425538453,100.4973
US.SGOV,iShares 0-3 Month Treasury Bond ETF,2026-09-10 04:45:00,100.4974,100.4973,100.4974,100.4926,0.0,0.0,460.0,46228.051,-0.002686567164183448,100.5
US.SGOV,iShares 0-3 Month Treasury Bond ETF,2026-09-10 04:50:00,100.4973,100.4926,100.4973,100.4926,0.0,0.0,516.0,51854.235,-0.004676742559252541,100.4973
US.SGOV,iShares 0-3 Month Treasury Bond ETF,2026-09-10 04:55:00,100.4927,100.4927,100.4973,100.4927,0.0,0.0,168.0,16882.916,9.950981465632261e-05,100.4926
US.SGOV,iShares 0-3 Month Treasury Bond ETF,2026-09-10 05:00:00,100.4903,100.4927,100.4973,100.4903,0.0,0.0,89.0,8944.11,0.0,100.4927
US.SGOV,iShares 0-3 Month Treasury Bond ETF,2026-09-10 05:05:00,100.4927,100.4973,100.4973,100.4902,0.0,0.0,954.0,95893.647,0.004577446919026343,100.4927
US.SGOV,iShares 0-3 Month Treasury Bond ETF,2026-09-10 05:10:00,100.4973,100.4927,100.4997,100.4926,0.0,0.0,193.0,19395.128,-0.004577237398414071,100.4973
US.SGOV,iShares 0-3 Month Treasury Bond ETF,2026-09-10 05:15:00,100.4997,100.4925,100.4997,100.4925,0.0,0.0,562.0,56477.176,-0.00019901943125463686,100.4927
US.SGOV,iShares 0-3 Month Treasury Bond ETF,2026-09-10 05:20:00,100.4974,100.4933,100.4974,100.4902,0.0,0.0,933.0,93761.636,0.0007960793093993438,100.4925
US.SGOV,iShares 0-3 Month Treasury Bond ETF,2026-09-10 05:25:00,100.4927,100.49,100.4973,100.49,0.0,0.0,512.0,51450.931,-0.00328380100962957,100.4933
US.SGOV,iShares 0-3 Month Treasury Bond ETF,2026-09-10 05:30:00,100.4973,100.4901,100.4975,100.4901,0.0,0.0,3281.0,329799.308,9.951238929577038e-05,100.49
US.SGOV,iShares 0-3 Month Treasury Bond ETF,2026-09-10 05:35:00,100.4928,100.4973,100.4973,100.49,0.0,0.0,1159.0,116495.682,0.007164884899106907,100.4901
US.SGOV,iShares 0-3 Month Treasury Bond ETF,2026-09-10 05:40:00,100.4927,100.4973,100.4973,100.4927,0.0,0.0,66.0,6632.693,0.0,100.4973
US.SGOV,iShares 0-3 Month Treasury Bond ETF,2026-09-10 05:45:00,100.495,100.4903,100.495,100.4903,0.0,0.0,30.0,3075.609,-0.0069653612584525074,100.4973
US.SGOV,iShares 0-3 Month Treasury Bond ETF,2026-09-10 05:50:00,100.4927,100.49,100.4974,100.49,0.0,0.0,378.0,38054.608,-0.00029853627664556574,100.4903
US.SGOV,iShares 0-3 Month Treasury Bond ETF,2026-09-10 05:55:00,100.4927,100.4927,100.495,100.4927,0.0,0.0,106.0,10715.84,0.002686834510900951,100.49
US.SGOV,iShares 0-3 Month Treasury Bond ETF,2026-09-10 06:00:00,100.4973,100.4927,100.4973,100.4927,0.0,0.0,52.0,5225.827,0.0,100.4927
US.SGOV,iShares 0-3 Month Treasury Bond ETF,2026-09-10 06:05:00,100.4927,100.4973,100.4973,100.4927,0.0,0.0,125.0,12562.075,0.004577446919026343,100.4927
US.SGOV,iShares 0-3 Month Treasury Bond ETF,2026-09-10 06:10:00,100.495,100.4927,100.495,100.49,0.0,0.0,412.0,41482.311,-0.004577237398414071,100.4973
US.SGOV,iShares 0-3 Month Treasury Bond ETF,2026-09-10 06:15:00,100.4999,100.4973,100.4999,100.4927,0.0,0.0,75.0,7627.502,0.004577446919026343,100.4927
US.SGOV,iShares 0-3 Month Treasury Bond ETF,2026-09-10 06:20:00,100.4973,100.5,100.5,100.49,0.0,0.0,1259.0,126602.741,0.0026866393425538453,100.4973
US.SGOV,iShares 0-3 Month Treasury Bond ETF,2026-09-10 06:25:00,100.4973,100.4927,100.4973,100.4926,0.0,0.0,699.0,70244.342,-0.007263681592040547,100.5
US.SGOV,iShares 0-3 Month Treasury Bond ETF,2026-09-10 06:30:00,100.4927,100.4999,100.4999,100.4926,0.0,0.0,395.0,39695.783,0.00716469952543561,100.4927
US.SGOV,iShares 0-3 Month Treasury Bond ETF,2026-09-10 06:35:00,100.4927,100.4973,100.5,100.49,0.0,0.0,6236.0,626657.36,-0.002587067250814226,100.4999
US.SGOV,iShares 0-3 Month Treasury Bond ETF,2026-09-10 06:40:00,100.4973,100.4997,100.5,100.49,0.0,0.0,469.0,47132.895,0.0023881238600525763,100.4973
US.SGOV,iShares 0-3 Month Treasury Bond ETF,2026-09-10 06:45:00,100.4973,100.49,100.4973,100.49,0.0,0.0,10.0,1004.937,-0.009651770104795702,100.4997
US.SGOV,iShares 0-3 Month Treasury Bond ETF,2026-09-10 06:50:00,100.4927,100.4927,100.4927,100.4927,0.0,0.0,85.0,8541.88,0.002686834510900951,100.49
US.SGOV,iShares 0-3 Month Treasury Bond ETF,2026-09-10 06:55:00,100.49,100.4927,100.4973,100.49,0.0,0.0,107.0,10752.63,0.0,100.4927
US.SGOV,iShares 0-3 Month Treasury Bond ETF,2026-09-10 07:00:00,100.4973,100.4973,100.4973,100.49,0.0,0.0,239.0,24018.655,0.004577446919026343,100.4927
US.SGOV,iShares 0-3 Month Treasury Bond ETF,2026-09-10 07:05:00,100.495,100.4927,100.5,100.49,0.0,0.0,16965.0,1704932.616,-0.004577237398414071,100.4973
US.SGOV,iShares 0-3 Month Treasury Bond ETF,2026-09-10 07:10:00,100.4973,100.4973,100.5,100.4927,0.0,0.0,1055.0,106057.531,0.004577446919026343,100.4927
US.SGOV,iShares 0-3 Month Treasury Bond ETF,2026-09-10 07:15:00,100.4903,100.49,100.5,100.49,0.0,0.0,6848.0,688204.652,-0.007263876740967917,100.4973
US.SGOV,iShares 0-3 Month Treasury Bond ETF,2026-09-10 07:20:00,100.5,100.4964,100.5,100.49,0.0,0.0,9559.0,960631.139,0.006368792914717181,100.49
US.SGOV,iShares 0-3 Month Treasury Bond ETF,2026-09-10 07:25:00,100.4965,100.49,100.5,100.49,0.0,0.0,9267.0,931367.828,-0.0063683873253164245,100.4964
US.SGOV,iShares 0-3 Month Treasury Bond ETF,2026-09-10 07:30:00,100.5,100.4927,100.5,100.49,0.0,0.0,4972.0,499762.632,0.002686834510900951,100.49
US.SGOV,iShares 0-3 Month Treasury Bond ETF,2026-09-10 07:35:00,100.4925,100.4927,100.5,100.49,0.0,0.0,1638.0,164648.087,0.0,100.4927
US.SGOV,iShares 0-3 Month Treasury Bond ETF,2026-09-10 07:40:00,100.4964,100.5,100.5,100.49,0.0,0.0,1117.0,112352.246,0.007264209241069998,100.4927
US.SGOV,iShares 0-3 Month Treasury Bond ETF,2026-09-10 07:45:00,100.5,100.4964,100.5,100.49,0.0,0.0,3146.0,316169.906,-0.003582089552244598,100.5
US.SGOV,iShares 0-3 Month Treasury Bond ETF,2026-09-10 07:50:00,100.4964,100.495,100.5,100.49,0.0,0.0,3986.0,400655.881,-0.0013930847274028042,100.4964
US.SGOV,iShares 0-3 Month Treasury Bond ETF,2026-09-10 07:55:00,100.4964,100.5,100.5,100.49,0.0,0.0,1197.0,120325.953,0.004975371909045676,100.495
US.SGOV,iShares 0-3 Month Treasury Bond ETF,2026-09-10 08:00:00,100.4964,100.4926,100.5,100.49,0.0,0.0,2064.0,207495.22,-0.00736318407960604,100.5
US.SGOV,iShares 0-3 Month Treasury Bond ETF,2026-09-10 08:05:00,100.5,100.5,100.5,100.49,0.0,0.0,12390.0,1245154.601,0.007363726284327473,100.4926
US.SGOV,iShares 0-3 Month Treasury Bond ETF,2026-09-10 08:10:00,100.4997,100.4927,100.5,100.49,0.0,0.0,5990.0,602029.899,-0.007263681592040547,100.5
US.SGOV,iShares 0-3 Month Treasury Bond ETF,2026-09-10 08:15:00,100.49,100.4915,100.5,100.49,0.0,0.0,5226.0,525212.773,-0.0011941165875702447,100.4927
US.SGOV,iShares 0-3 Month Treasury Bond ETF,2026-09-10 08:20:00,100.4927,100.4903,100.5,100.49,0.0,0.0,1841.0,185095.62,-0.0011941308468847646,100.4915
US.SGOV,iShares 0-3 Month Treasury Bond ETF,2026-09-10 08:25:00,100.4915,100.4985,100.5,100.49,0.0,0.0,4667.0,469025.728,0.008159991561376775,100.4903
US.SGOV,iShares 0-3 Month Treasury Bond ETF,2026-09-10 08:30:00,100.4964,100.4902,100.5,100.49,0.0,0.0,6872.0,690649.405,-0.008258829733782619,100.4985
US.SGOV,iShares 0-3 Month Treasury Bond ETF,2026-09-10 08:35:00,100.4964,100.5,100.5,100.49,0.0,0.0,12240.0,1230149.48,0.00975219474137625,100.4902
US.SGOV,iShares 0-3 Month Treasury Bond ETF,2026-09-10 08:40:00,100.49,100.49,100.5,100.49,0.0,0.0,12942.0,1300577.503,-0.009950248756223995,100.5
US.SGOV,iShares 0-3 Month Treasury Bond ETF,2026-09-10 08:45:00,100.4927,100.4901,100.5,100.49,0.0,0.0,29523.0,2966888.628,9.951238929577038e-05,100.49
US.SGOV,iShares 0-3 Month Treasury Bond ETF,2026-09-10 08:50:00,100.4965,100.5,100.5,100.49,0.0,0.0,12896.0,1296064.914,0.009851716736277301,100.4901
US.SGOV,iShares 0-3 Month Treasury Bond ETF,2026-09-10 08:55:00,100.4927,100.4965,100.5,100.49,0.0,0.0,80873.0,8127043.245,-0.003482587064679106,100.5
US.SGOV,iShares 0-3 Month Treasury Bond ETF,2026-09-10 09:00:00,100.4927,100.49,100.5,100.49,0.0,0.0,4145.0,416595.101,-0.006467886941338867,100.4965
US.SGOV,iShares 0-3 Month Treasury Bond ETF,2026-09-10 09:05:00,100.4964,100.4927,100.5,100.49,0.0,0.0,32663.0,3282533.051,0.002686834510900951,100.49
US.SGOV,iShares 0-3 Month Treasury Bond ETF,2026-09-10 09:10:00,100.4927,100.4964,100.5,100.49,0.0,0.0,5921.0,595096.971,0.003681859478345123,100.4927
US.SGOV,iShares 0-3 Month Treasury Bond ETF,2026-09-10 09:15:00,100.49,100.4927,100.5,100.49,0.0,0.0,22720.0,2283257.66,-0.0036817239224439186,100.4964
US.SGOV,iShares 0-3 Month Treasury Bond ETF,2026-09-10 09:20:00,100.49,100.49,100.5,100.49,0.0,0.0,7520.0,755806.61,-0.002686762322043656,100.4927
US.SGOV,iShares 0-3 Month Treasury Bond ETF,2026-09-10 09:25:00,100.49,100.4966,100.5,100.49,0.0,0.0,11307.0,1136330.221,0.006567817693308721,100.49
US.SGOV,iShares 0-3 Month Treasury Bond ETF,2026-09-10 09:30:00,100.49,100.4927,100.5,100.49,0.0,0.0,6637.0,667082.382,-0.0038807283032476414,100.4966
US.SGOV,iShares 0-3 Month Treasury Bond ETF,2026-09-10 09:35:00,100.49,100.49,100.5,100.49,0.0,0.0,435061.0,43721269.429,-0.002686762322043656,100.4927
US.SGOV,iShares 0-3 Month Treasury Bond ETF,2026-09-10 09:40:00,100.49,100.49,100.5,100.49,0.0,0.0,292507.0,29395376.042,0.0,100.49
US.SGOV,iShares 0-3 Month Treasury Bond ETF,2026-09-10 09:45:00,100.495,100.495,100.5,100.49,0.0,0.0,321968.0,32356032.313,0.004975619464632962,100.49
