code,name,time_key,open,close,high,low,pe_ratio,turnover_rate,volume,turnover,change_rate,last_close
US.SPY,SPDR S&P 500 ETF,2025-09-08 10:30:00,648.62,648.77,649.06,647.75,0.0,0.0,12813830.0,8308486463.757,0.2363883567146611,647.24
US.SPY,SPDR S&P 500 ETF,2025-09-08 11:30:00,648.755,649.8,649.81,648.66,0.0,0.0,7135655.0,4633483290.963,0.15876196494905326,648.77
US.SPY,SPDR S&P 500 ETF,2025-09-08 12:30:00,649.79,648.63,649.84,648.38,0.0,0.0,6038369.0,3918999981.971,-0.18005540166204356,649.8
US.SPY,SPDR S&P 500 ETF,2025-09-08 13:30:00,648.63,648.48,648.805,647.78,0.0,0.0,4756629.0,3083777221.269,-0.023125664862861304,648.63
US.SPY,SPDR S&P 500 ETF,2025-09-08 14:30:00,648.4899,648.395,648.68,647.23,0.0,0.0,5100371.0,3304744224.985,-0.013107574636077654,648.48
US.SPY,SPDR S&P 500 ETF,2025-09-08 15:30:00,648.39,647.58,648.58,647.335,0.0,0.0,6386536.0,4138362905.902,-0.12569498530987144,648.395
US.SPY,SPDR S&P 500 ETF,2025-09-08 16:00:00,647.58,648.83,648.88,647.47,0.0,0.0,13742109.0,8907758157.509,0.19302634423546122,647.58
US.SPY,SPDR S&P 500 ETF,2025-09-09 10:30:00,648.97,648.755,649.73,648.43,0.0,0.0,10961245.0,7114071938.646,-0.011559268221266813,648.83
US.SPY,SPDR S&P 500 ETF,2025-09-09 11:30:00,648.74,648.77,648.835,647.22,0.0,0.0,8956292.0,5804537539.018,0.002312120908507273,648.755
US.SPY,SPDR S&P 500 ETF,2025-09-09 12:30:00,648.76,648.86,649.06,648.04,0.0,0.0,5762664.0,3737345803.271,0.013872404704291479,648.77
US.SPY,SPDR S&P 500 ETF,2025-09-09 13:30:00,648.855,649.565,649.8,648.765,0.0,0.0,5587913.0,3627951181.094,0.10865209752489612,648.86
US.SPY,SPDR S&P 500 ETF,2025-09-09 14:30:00,649.565,649.83,649.99,649.48,0.0,0.0,5078951.0,3300044839.102,0.04079653306443332,649.565
US.SPY,SPDR S&P 500 ETF,2025-09-09 15:30:00,649.84,650.065,650.14,649.55,0.0,0.0,5862674.0,3809807282.633,0.03616330424880563,649.83
US.SPY,SPDR S&P 500 ETF,2025-09-09 16:00:00,650.065,650.33,650.86,649.695,0.0,0.0,9533089.0,6197569139.549,0.04076515425380329,650.065
US.SPY,SPDR S&P 500 ETF,2025-09-10 10:30:00,653.62,653.94,654.55,652.68,0.0,0.0,15135123.0,9892898048.278,0.5551027939661424,650.33
US.SPY,SPDR S&P 500 ETF,2025-09-10 11:30:00,653.91,652.82,654.03,652.46,0.0,0.0,13613847.0,8892778315.067,-0.17126953543138582,653.94
US.SPY,SPDR S&P 500 ETF,2025-09-10 12:30:00,652.83,652.635,653.63,652.3401,0.0,0.0,6593778.0,4306112239.374,-0.02833859256763872,652.82
US.SPY,SPDR S&P 500 ETF,2025-09-10 13:30:00,652.64,652.29,653.46,652.11,0.0,0.0,5272631.0,3440694315.497,-0.052862626123334984,652.635
US.SPY,SPDR S&P 500 ETF,2025-09-10 14:30:00,652.29,651.69,652.72,651.4,0.0,0.0,6885997.0,4490248475.968,-0.0919836269143953,652.29
US.SPY,SPDR S&P 500 ETF,2025-09-10 15:30:00,651.69,650.84,652.1399,650.63,0.0,0.0,9118621.0,5940079486.577,-0.1304301124767946,651.69
US.SPY,SPDR S&P 500 ETF,2025-09-10 16:00:00,650.86,652.21,652.7,650.69,0.0,0.0,12061798.0,7862422301.029,0.2104972036137921,650.84
US.SPY,SPDR S&P 500 ETF,2025-09-11 10:30:00,654.18,655.96,656.25,653.59,0.0,0.0,13884632.0,9094019825.981,0.5749681850937581,652.21
US.SPY,SPDR S&P 500 ETF,2025-09-11 11:30:00,655.955,657.42,657.59,655.855,0.0,0.0,9967268.0,6543047532.682,0.22257454722847775,655.96
US.SPY,SPDR S&P 500 ETF,2025-09-11 12:30:00,657.42,657.35,657.8,656.64,0.0,0.0,7414783.0,4873775314.895,-0.010647683368308895,657.42
US.SPY,SPDR S&P 500 ETF,2025-09-11 13:30:00,657.36,657.12,657.555,656.855,0.0,0.0,4417884.0,2903550497.582,-0.03498897086788137,657.35
US.SPY,SPDR S&P 500 ETF,2025-09-11 14:30:00,657.115,657.33,657.66,657.01,0.0,0.0,6687438.0,4394102754.724,0.0319576333089902,657.12
US.SPY,SPDR S&P 500 ETF,2025-09-11 15:30:00,657.33,657.76,657.83,657.16,0.0,0.0,7191902.0,4725153694.275,0.06541615322592152,657.33
US.SPY,SPDR S&P 500 ETF,2025-09-11 16:00:00,657.75,657.63,658.33,657.465,0.0,0.0,12993492.0,8545164703.141,-0.01976404767696355,657.76
US.SPY,SPDR S&P 500 ETF,2025-09-12 10:30:00,657.6,657.97,658.2,657.145,0.0,0.0,12360479.0,8129092637.115,0.051700804403696884,657.63
US.SPY,SPDR S&P 500 ETF,2025-09-12 11:30:00,657.96,657.64,658.48,657.62,0.0,0.0,6657943.0,4380932000.59,-0.050154262352393106,657.97
US.SPY,SPDR S&P 500 ETF,2025-09-12 12:30:00,657.64,658.05,658.06,657.21,0.0,0.0,5222339.0,3434357191.34,0.06234413965086798,657.64
US.SPY,SPDR S&P 500 ETF,2025-09-12 13:30:00,658.05,658.1,658.28,657.65,0.0,0.0,4933029.0,3245866655.759,0.007598206823200093,658.05
US.SPY,SPDR S&P 500 ETF,2025-09-12 14:30:00,658.1,658.505,658.565,657.9,0.0,0.0,5524744.0,3636716903.906,0.06154079927062342,658.1
US.SPY,SPDR S&P 500 ETF,2025-09-12 15:30:00,658.505,658.17,659.11,658.07,0.0,0.0,10865332.0,7154991553.575,-0.05087281038109602,658.505
US.SPY,SPDR S&P 500 ETF,2025-09-12 16:00:00,658.17,657.41,658.33,656.9,0.0,0.0,18491503.0,12162559011.127,-0.1154716866463058,658.17
US.SPY,SPDR S&P 500 ETF,2025-09-15 10:30:00,659.64,660.68,660.735,659.475,0.0,0.0,12721096.0,8397932677.263,0.497406489101167,657.41
US.SPY,SPDR S&P 500 ETF,2025-09-15 11:30:00,660.66,660.3595,661.04,660.23,0.0,0.0,8066266.0,5329363100.218,-0.048510625416226395,660.68
US.SPY,SPDR S&P 500 ETF,2025-09-15 12:30:00,660.35,660.602,660.8901,660.24,0.0,0.0,5842420.0,3859098557.604,0.03672242165062363,660.3595
US.SPY,SPDR S&P 500 ETF,2025-09-15 13:30:00,660.605,659.75,660.8799,659.53,0.0,0.0,6631120.0,4376027040.271,-0.12897326983569163,660.602
US.SPY,SPDR S&P 500 ETF,2025-09-15 14:30:00,659.74,659.9,660.66,659.7,0.0,0.0,6130819.0,4047127074.214,0.022735884804846875,659.75
US.SPY,SPDR S&P 500 ETF,2025-09-15 15:30:00,659.9,660.07,660.16,659.34,0.0,0.0,7749150.0,5111516814.322,0.02576147901198254,659.9
US.SPY,SPDR S&P 500 ETF,2025-09-15 16:00:00,660.07,660.91,660.91,659.76,0.0,0.0,11689672.0,7717520817.076,0.12725923008164558,660.07
US.SPY,SPDR S&P 500 ETF,2025-09-16 10:30:00,661.47,659.945,661.78,659.63,0.0,0.0,14555632.0,9614478875.299,-0.1460108032863655,660.91
US.SPY,SPDR S&P 500 ETF,2025-09-16 11:30:00,659.94,659.63,660.3,659.39,0.0,0.0,7296758.0,4814950800.218,-0.04773125033147528,659.945
US.SPY,SPDR S&P 500 ETF,2025-09-16 12:30:00,659.62,659.905,659.96,659.21,0.0,0.0,5533034.0,3650004979.554,0.041690038354831836,659.63
US.SPY,SPDR S&P 500 ETF,2025-09-16 13:30:00,659.9,660.26,660.44,659.48,0.0,0.0,4755526.0,3139014273.53,0.0537956220971228,659.905
US.SPY,SPDR S&P 500 ETF,2025-09-16 14:30:00,660.27,660.19,660.405,659.9267,0.0,0.0,6623445.0,4373808674.872,-0.010601884106251527,660.26
US.SPY,SPDR S&P 500 ETF,2025-09-16 15:30:00,660.2,660.145,660.74,660.03,0.0,0.0,5749824.0,3797525592.936,-0.006816219573164204,660.19
US.SPY,SPDR S&P 500 ETF,2025-09-16 16:00:00,660.14,660.0,660.66,659.68,0.0,0.0,11568261.0,7637206471.568,-0.02196487135401795,660.145
US.SPY,SPDR S&P 500 ETF,2025-09-17 10:30:00,660.01,659.16,660.655,659.09,0.0,0.0,11770505.0,7766621594.622,-0.1272727272727321,660.0
US.SPY,SPDR S&P 500 ETF,2025-09-17 11:30:00,659.17,658.94,659.67,658.865,0.0,0.0,5950247.0,3923071716.123,-0.033375811639042664,659.16
US.SPY,SPDR S&P 500 ETF,2025-09-17 12:30:00,658.945,658.93,659.34,658.73,0.0,0.0,4063663.0,2678613168.579,-0.0015175888548433227,658.94
US.SPY,SPDR S&P 500 ETF,2025-09-17 13:30:00,658.93,658.645,658.985,658.13,0.0,0.0,4722259.0,3110171657.203,-0.04325193874917945,658.93
US.SPY,SPDR S&P 500 ETF,2025-09-17 14:30:00,658.65,660.35,661.72,657.13,0.0,0.0,15840699.0,10449227296.359,0.2588647905928142,658.645
US.SPY,SPDR S&P 500 ETF,2025-09-17 15:30:00,660.36,660.185,660.68,654.3,0.0,0.0,27740719.0,18249476095.647,-0.024986749451060393,660.35
US.SPY,SPDR S&P 500 ETF,2025-09-17 16:00:00,660.2,659.18,660.57,658.5,0.0,0.0,13727863.0,9051239661.926,-0.15223005672652296,660.185
US.SPY,SPDR S&P 500 ETF,2025-09-18 10:30:00,661.89,664.4,664.49,660.27,0.0,0.0,22156118.0,14672029041.889,0.7918929579174167,659.18
US.SPY,SPDR S&P 500 ETF,2025-09-18 11:30:00,664.38,663.325,664.89,662.6,0.0,0.0,12625530.0,8374841900.707,-0.16180012040938166,664.4
US.SPY,SPDR S&P 500 ETF,2025-09-18 12:30:00,663.31,663.46,663.94,662.1751,0.0,0.0,7237539.0,4796342706.215,0.02035201447254225,663.325
US.SPY,SPDR S&P 500 ETF,2025-09-18 13:30:00,663.46,663.32,664.23,663.265,0.0,0.0,8317470.0,5518779987.676,-0.021101498206370594,663.46
US.SPY,SPDR S&P 500 ETF,2025-09-18 14:30:00,663.32,662.775,663.45,662.52,0.0,0.0,6144441.0,4072344428.456,-0.08216245552675522,663.32
US.SPY,SPDR S&P 500 ETF,2025-09-18 15:30:00,662.78,662.71,663.51,662.34,0.0,0.0,10496913.0,6953300052.626,-0.009807249820820171,662.775
US.SPY,SPDR S&P 500 ETF,2025-09-18 16:00:00,662.7,662.26,663.04,661.955,0.0,0.0,15895088.0,10526126574.866,-0.06790300433070959,662.71
US.SPY,SPDR S&P 500 ETF,2025-09-19 10:30:00,662.33,661.92,662.7,661.32,0.0,0.0,14209419.0,9406184575.144,-0.05133935312415545,662.26
US.SPY,SPDR S&P 500 ETF,2025-09-19 11:30:00,661.9,660.76,662.21,660.63,0.0,0.0,19745609.0,13074157531.627,-0.1752477640802466,661.92
US.SPY,SPDR S&P 500 ETF,2025-09-19 12:30:00,660.74,662.49,662.68,660.37,0.0,0.0,7518905.0,4974576183.873,0.26181972274351023,660.76
US.SPY,SPDR S&P 500 ETF,2025-09-19 13:30:00,662.48,662.48,662.76,662.13,0.0,0.0,4839772.0,3206075369.435,-0.0015094567465155557,662.49
US.SPY,SPDR S&P 500 ETF,2025-09-19 14:30:00,662.48,662.53,662.89,662.325,0.0,0.0,6925206.0,4587405020.164,0.007547397657280903,662.48
US.SPY,SPDR S&P 500 ETF,2025-09-19 15:30:00,662.52,663.8,664.0499,662.42,0.0,0.0,12608726.0,8355380877.245,0.19168943293133622,662.53
US.SPY,SPDR S&P 500 ETF,2025-09-19 16:00:00,663.79,663.7,664.55,663.385,0.0,0.0,17317850.0,11493510643.586,-0.01506477854774165,663.8
US.SPY,SPDR S&P 500 ETF,2025-09-22 10:30:00,662.2,664.08,664.14,662.17,0.0,0.0,12995426.0,8617200659.291,0.05725478378785528,663.7
US.SPY,SPDR S&P 500 ETF,2025-09-22 11:30:00,664.07,664.94,665.32,663.895,0.0,0.0,8130298.0,5404565325.249,0.1295024695819801,664.08
US.SPY,SPDR S&P 500 ETF,2025-09-22 12:30:00,664.94,665.845,665.93,664.48,0.0,0.0,9505466.0,6322444879.877,0.13610250548921296,664.94
US.SPY,SPDR S&P 500 ETF,2025-09-22 13:30:00,665.845,666.51,666.53,665.79,0.0,0.0,6543437.0,4359378782.045,0.09987309358784155,665.845
US.SPY,SPDR S&P 500 ETF,2025-09-22 14:30:00,666.505,666.565,666.78,666.03,0.0,0.0,6971222.0,4644690188.285,0.008251939205722893,666.51
US.SPY,SPDR S&P 500 ETF,2025-09-22 15:30:00,666.57,667.142,667.24,666.46,0.0,0.0,5742946.0,3829809581.31,0.08656320088813516,666.565
US.SPY,SPDR S&P 500 ETF,2025-09-22 16:00:00,667.14,666.84,667.29,666.71,0.0,0.0,12484385.0,8325708466.324,-0.045267724112710774,667.142
US.SPY,SPDR S&P 500 ETF,2025-09-23 10:30:00,666.72,666.62,667.34,666.36,0.0,0.0,12561199.0,8376964977.814,-0.032991422230224235,666.84
US.SPY,SPDR S&P 500 ETF,2025-09-23 11:30:00,666.63,666.15,666.76,666.02,0.0,0.0,6214338.0,4140901162.271,-0.07050493534547828,666.62
US.SPY,SPDR S&P 500 ETF,2025-09-23 12:30:00,666.15,665.24,666.24,664.97,0.0,0.0,9082154.0,6044482980.956,-0.13660586954889561,666.15
US.SPY,SPDR S&P 500 ETF,2025-09-23 13:30:00,665.235,663.708,665.84,663.69,0.0,0.0,8996570.0,5982450070.527,-0.2302928266490348,665.24
US.SPY,SPDR S&P 500 ETF,2025-09-23 14:30:00,663.7001,662.675,663.85,662.035,0.0,0.0,12461076.0,8260728343.13,-0.15564073357561087,663.708
US.SPY,SPDR S&P 500 ETF,2025-09-23 15:30:00,662.65,662.3699,663.3199,661.98,0.0,0.0,8850546.0,5866579360.41,-0.04604066850264834,662.675
US.SPY,SPDR S&P 500 ETF,2025-09-23 16:00:00,662.37,663.21,663.54,662.29,0.0,0.0,13261804.0,8795811206.714,0.12683245419213746,662.3699
US.SPY,SPDR S&P 500 ETF,2025-09-24 10:30:00,664.51,663.21,664.61,662.42,0.0,0.0,12897286.0,8555784454.679,0.0,663.21
US.SPY,SPDR S&P 500 ETF,2025-09-24 11:30:00,663.19,662.66,663.655,662.4,0.0,0.0,6498429.0,4308495300.62,-0.08292999200857469,663.21
US.SPY,SPDR S&P 500 ETF,2025-09-24 12:30:00,662.65,660.91,662.685,659.67,0.0,0.0,12123999.0,8012992173.804,-0.26408716385476716,662.66
US.SPY,SPDR S&P 500 ETF,2025-09-24 13:30:00,660.92,661.37,661.68,660.4,0.0,0.0,5689987.0,3761555597.267,0.06960100467537735,660.91
US.SPY,SPDR S&P 500 ETF,2025-09-24 14:30:00,661.38,660.385,661.8,659.96,0.0,0.0,7758092.0,5125920619.256,-0.14893327486883495,661.37
US.SPY,SPDR S&P 500 ETF,2025-09-24 15:30:00,660.39,660.795,661.15,660.26,0.0,0.0,5940476.0,3925457004.474,0.06208499587361436,660.385
US.SPY,SPDR S&P 500 ETF,2025-09-24 16:00:00,660.81,661.1,661.38,660.485,0.0,0.0,10401224.0,6876222688.047,0.0461565235814532,660.795
US.SPY,SPDR S&P 500 ETF,2025-09-25 10:30:00,657.94,658.48,659.15,655.08,0.0,0.0,21950111.0,14419632260.409,-0.3963091816669194,661.1
US.SPY,SPDR S&P 500 ETF,2025-09-25 11:30:00,658.48,657.46,659.1,657.19,0.0,0.0,9814872.0,6462658730.365,-0.15490219900376348,658.48
US.SPY,SPDR S&P 500 ETF,2025-09-25 12:30:00,657.46,658.01,659.4056,657.46,0.0,0.0,8274301.0,5449745183.15,0.08365527940862631,657.46
US.SPY,SPDR S&P 500 ETF,2025-09-25 13:30:00,658.03,657.295,658.98,656.57,0.0,0.0,10272968.0,6757075147.972,-0.10866096259935744,658.01
US.SPY,SPDR S&P 500 ETF,2025-09-25 14:30:00,657.28,656.99,657.465,654.405,0.0,0.0,12372100.0,8121724760.337,-0.04640230033697959,657.295
US.SPY,SPDR S&P 500 ETF,2025-09-25 15:30:00,656.98,657.45,658.155,656.66,0.0,0.0,8568069.0,5634304893.844,0.07001628639705876,656.99
US.SPY,SPDR S&P 500 ETF,2025-09-25 16:00:00,657.45,658.05,658.26,657.04,0.0,0.0,9703323.0,6384093765.527,0.09126169290438954,657.45
US.SPY,SPDR S&P 500 ETF,2025-09-26 10:30:00,659.51,658.781,662.37,657.88,0.0,0.0,19237556.0,12700427263.781,0.11108578375503299,658.05
US.SPY,SPDR S&P 500 ETF,2025-09-26 11:30:00,658.79,659.93,659.96,658.05,0.0,0.0,7552043.0,4975896999.889,0.17441304469922495,658.781
US.SPY,SPDR S&P 500 ETF,2025-09-26 12:30:00,659.915,660.4534,660.76,658.5,0.0,0.0,6363654.0,4196713668.569,0.0793114421226551,659.93
US.SPY,SPDR S&P 500 ETF,2025-09-26 13:30:00,660.4499,661.625,661.74,660.07,0.0,0.0,5508730.0,3641276320.484,0.17739328770205623,660.4534
US.SPY,SPDR S&P 500 ETF,2025-09-26 14:30:00,661.63,661.725,662.02,660.76,0.0,0.0,6617115.0,4374769786.532,0.015114301908184052,661.625
US.SPY,SPDR S&P 500 ETF,2025-09-26 15:30:00,661.74,661.6,662.14,661.3,0.0,0.0,5979878.0,3955153557.264,-0.0188900222902263,661.725
US.SPY,SPDR S&P 500 ETF,2025-09-26 16:00:00,661.602,661.82,661.95,661.15,0.0,0.0,9357652.0,6190967532.811,0.03325272067715044,661.6
US.SPY,SPDR S&P 500 ETF,2025-09-29 10:30:00,664.36,664.76,665.28,663.725,0.0,0.0,13801725.0,9168103020.91,0.4442295488199119,661.82
US.SPY,SPDR S&P 500 ETF,2025-09-29 11:30:00,664.76,663.53,665.17,663.21,0.0,0.0,8384978.0,5568317266.905,-0.1850291834647118,664.76
US.SPY,SPDR S&P 500 ETF,2025-09-29 12:30:00,663.54,663.47,663.8,662.84,0.0,0.0,8758070.0,5807955486.294,-0.00904254517504038,663.53
US.SPY,SPDR S&P 500 ETF,2025-09-29 13:30:00,663.48,662.56,663.7,662.4,0.0,0.0,6030628.0,3996272647.541,-0.13715767103261364,663.47
US.SPY,SPDR S&P 500 ETF,2025-09-29 14:30:00,662.57,663.46,663.595,662.19,0.0,0.0,6651102.0,4408826172.611,0.13583675440716178,662.56
US.SPY,SPDR S&P 500 ETF,2025-09-29 15:30:00,663.47,662.645,663.58,661.86,0.0,0.0,10539411.0,6983770018.431,-0.12284086455853474,663.46
US.SPY,SPDR S&P 500 ETF,2025-09-29 16:00:00,662.64,663.68,663.76,662.61,0.0,0.0,13189543.0,8748048245.444,0.15619222962520932,662.645
US.SPY,SPDR S&P 500 ETF,2025-09-30 10:30:00,662.93,662.8571,663.5512,661.9693,0.0,0.0,12322500.0,8167205045.639,-0.12399047733847701,663.68
US.SPY,SPDR S&P 500 ETF,2025-09-30 11:30:00,662.85,662.23,663.63,661.61,0.0,0.0,8070670.0,5348532507.61,-0.09460560956500695,662.8571
US.SPY,SPDR S&P 500 ETF,2025-09-30 12:30:00,662.225,663.405,664.0527,661.89,0.0,0.0,6960740.0,4613837206.402,0.1774308019872181,662.23
US.SPY,SPDR S&P 500 ETF,2025-09-30 13:30:00,663.41,662.13,663.665,661.78,0.0,0.0,5151325.0,3413833547.697,-0.19219029099870777,663.405
US.SPY,SPDR S&P 500 ETF,2025-09-30 14:30:00,662.12,663.88,664.03,661.812,0.0,0.0,7590620.0,5033173804.082,0.264298551643937,662.13
US.SPY,SPDR S&P 500 ETF,2025-09-30 15:30:00,663.87,665.37,665.51,663.6,0.0,0.0,9881494.0,6567513560.191,0.22443815147315918,663.88
US.SPY,SPDR S&P 500 ETF,2025-09-30 16:00:00,665.38,666.18,666.65,664.85,0.0,0.0,21620371.0,14398590442.62,0.12173677803326652,665.37
US.SPY,SPDR S&P 500 ETF,2025-10-01 10:30:00,663.17,665.53,665.71,663.06,0.0,0.0,16585167.0,11019442762.348,-0.09757122699570346,666.18
US.SPY,SPDR S&P 500 ETF,2025-10-01 11:30:00,665.53,666.31,666.44,665.26,0.0,0.0,8646724.0,5756898066.449,0.11719982570281921,665.53
US.SPY,SPDR S&P 500 ETF,2025-10-01 12:30:00,666.31,666.9,667.18,666.31,0.0,0.0,7258066.0,4840403114.509,0.08854737284447659,666.31
US.SPY,SPDR S&P 500 ETF,2025-10-01 13:30:00,666.9,667.97,668.09,666.43,0.0,0.0,6257262.0,4175008460.933,0.16044384465437847,666.9
US.SPY,SPDR S&P 500 ETF,2025-10-01 14:30:00,667.98,668.77,668.935,667.605,0.0,0.0,6268766.0,4188759396.273,0.11976585774809564,667.97
US.SPY,SPDR S&P 500 ETF,2025-10-01 15:30:00,668.775,669.125,669.37,668.725,0.0,0.0,6834344.0,4572201773.099,0.05308252463478,668.77
US.SPY,SPDR S&P 500 ETF,2025-10-01 16:00:00,669.12,668.45,669.26,668.45,0.0,0.0,12485404.0,8349558375.469,-0.10087801232952803,669.125
US.SPY,SPDR S&P 500 ETF,2025-10-02 10:30:00,670.45,668.7113,670.565,668.29,0.0,0.0,12936671.0,8659149305.186,0.03909043309148113,668.45
US.SPY,SPDR S&P 500 ETF,2025-10-02 11:30:00,668.72,667.67,669.02,667.02,0.0,0.0,7790665.0,5203311354.423,-0.155717422451227,668.7113
US.SPY,SPDR S&P 500 ETF,2025-10-02 12:30:00,667.6488,668.1389,668.42,666.78,0.0,0.0,4921688.0,3286444093.913,0.07022930489614271,667.67
US.SPY,SPDR S&P 500 ETF,2025-10-02 13:30:00,668.13,668.5099,668.71,667.55,0.0,0.0,4611518.0,3081677020.059,0.055527376118944864,668.1389
US.SPY,SPDR S&P 500 ETF,2025-10-02 14:30:00,668.51,669.58,669.67,668.3319,0.0,0.0,5242128.0,3507311475.01,0.1600724237591732,668.5099
US.SPY,SPDR S&P 500 ETF,2025-10-02 15:30:00,669.58,669.475,669.73,669.22,0.0,0.0,5322787.0,3562933405.738,-0.01568147196750473,669.58
US.SPY,SPDR S&P 500 ETF,2025-10-02 16:00:00,669.48,669.22,669.49,668.82,0.0,0.0,11779646.0,7881632846.603,-0.03808954777997617,669.475
US.SPY,SPDR S&P 500 ETF,2025-10-03 10:30:00,669.99,671.395,671.57,669.93,0.0,0.0,11157394.0,7483852915.105,0.32500522996921105,669.22
US.SPY,SPDR S&P 500 ETF,2025-10-03 11:30:00,671.39,671.7713,672.28,671.32,0.0,0.0,6953559.0,4671606958.828,0.05604748322522729,671.395
US.SPY,SPDR S&P 500 ETF,2025-10-03 12:30:00,671.77,672.46,672.675,671.35,0.0,0.0,5755756.0,3868503383.246,0.10252000941392403,671.7713
US.SPY,SPDR S&P 500 ETF,2025-10-03 13:30:00,672.45,670.33,672.545,670.32,0.0,0.0,8819500.0,5919505224.936,-0.31674746453320574,672.46
US.SPY,SPDR S&P 500 ETF,2025-10-03 14:30:00,670.33,670.52,670.95,668.16,0.0,0.0,14522889.0,9722286858.902,0.028344248355278875,670.33
US.SPY,SPDR S&P 500 ETF,2025-10-03 15:30:00,670.537,669.62,670.685,669.28,0.0,0.0,7959880.0,5331385854.801,-0.13422418421523255,670.52
US.SPY,SPDR S&P 500 ETF,2025-10-03 16:00:00,669.61,669.21,670.24,668.77,0.0,0.0,9152839.0,6127548103.771,-0.06122875660822081,669.62
US.SPY,SPDR S&P 500 ETF,2025-10-06 10:30:00,671.62,670.515,671.65,669.455,0.0,0.0,14557768.0,9759460798.454,0.1950060519119484,669.21
US.SPY,SPDR S&P 500 ETF,2025-10-06 11:30:00,670.515,671.15,671.375,670.145,0.0,0.0,6383336.0,4281082547.264,0.09470332505611223,670.515
US.SPY,SPDR S&P 500 ETF,2025-10-06 12:30:00,671.15,671.8207,671.925,671.045,0.0,0.0,5241005.0,3519615156.799,0.0999329509051644,671.15
US.SPY,SPDR S&P 500 ETF,2025-10-06 13:30:00,671.83,672.06,672.32,671.33,0.0,0.0,4672150.0,3137593964.246,0.03561962291426231,671.8207
US.SPY,SPDR S&P 500 ETF,2025-10-06 14:30:00,672.08,672.24,672.47,671.79,0.0,0.0,5141476.0,3455888523.45,0.026783322917606118,672.06
US.SPY,SPDR S&P 500 ETF,2025-10-06 15:30:00,672.2484,671.755,672.51,671.65,0.0,0.0,5150916.0,3461530391.095,-0.07214685231465155,672.24
US.SPY,SPDR S&P 500 ETF,2025-10-06 16:00:00,671.75,671.61,672.09,671.54,0.0,0.0,8569134.0,5756183262.639,-0.021585250574983707,671.755
US.SPY,SPDR S&P 500 ETF,2025-10-07 10:30:00,672.54,671.27,672.99,671.26,0.0,0.0,11060073.0,7435650427.073,-0.050624618454167124,671.61
US.SPY,SPDR S&P 500 ETF,2025-10-07 11:30:00,671.275,669.29,671.69,668.81,0.0,0.0,16047880.0,10755067565.421,-0.2949632785615353,671.27
US.SPY,SPDR S&P 500 ETF,2025-10-07 12:30:00,669.28,668.4,669.4,667.67,0.0,0.0,14096923.0,9422524074.338,-0.13297673654170636,669.29
US.SPY,SPDR S&P 500 ETF,2025-10-07 13:30:00,668.4,668.99,669.54,668.13,0.0,0.0,6479362.0,4333673993.133,0.08827049670856252,668.4
US.SPY,SPDR S&P 500 ETF,2025-10-07 14:30:00,668.92,668.625,669.19,667.81,0.0,0.0,5017850.0,3355052526.936,-0.05455985889176357,668.99
US.SPY,SPDR S&P 500 ETF,2025-10-07 15:30:00,668.63,668.57,669.14,668.53,0.0,0.0,4651274.0,3110637786.527,-0.008225836604965411,668.625
US.SPY,SPDR S&P 500 ETF,2025-10-07 16:00:00,668.57,669.12,669.4,668.55,0.0,0.0,8952736.0,5989834532.698,0.08226513304514928,668.57
US.SPY,SPDR S&P 500 ETF,2025-10-08 10:30:00,670.25,671.89,671.96,669.42,0.0,0.0,13576951.0,9105007117.029,0.41397656623624784,669.12
US.SPY,SPDR S&P 500 ETF,2025-10-08 11:30:00,671.885,672.545,672.73,671.34,0.0,0.0,8297307.0,5574868300.422,0.09748619565702314,671.89
US.SPY,SPDR S&P 500 ETF,2025-10-08 12:30:00,672.54,672.64,673.0985,672.36,0.0,0.0,5306939.0,3570167614.492,0.014125448854727534,672.545
US.SPY,SPDR S&P 500 ETF,2025-10-08 13:30:00,672.64,672.895,673.03,672.23,0.0,0.0,3676009.0,2472096950.043,0.037910323501426535,672.64
US.SPY,SPDR S&P 500 ETF,2025-10-08 14:30:00,672.895,672.8,673.14,672.47,0.0,0.0,6051007.0,4070984181.247,-0.01411810163547467,672.895
US.SPY,SPDR S&P 500 ETF,2025-10-08 15:30:00,672.81,672.895,673.01,672.15,0.0,0.0,6435245.0,4327781899.695,0.014120095124855422,672.8
US.SPY,SPDR S&P 500 ETF,2025-10-08 16:00:00,672.89,673.11,673.2056,672.66,0.0,0.0,11046881.0,7433706253.433,0.03195149317501718,672.895
US.SPY,SPDR S&P 500 ETF,2025-10-09 10:30:00,673.53,671.225,673.94,671.12,0.0,0.0,14603922.0,9819059109.047,-0.2800433807252887,673.11
US.SPY,SPDR S&P 500 ETF,2025-10-09 11:30:00,671.23,670.75,671.851,669.97,0.0,0.0,9564943.0,6418073421.936,-0.07076613654140157,671.225
US.SPY,SPDR S&P 500 ETF,2025-10-09 12:30:00,670.75,670.965,671.58,669.99,0.0,0.0,5923566.0,3974038493.615,0.032053671263515736,670.75
US.SPY,SPDR S&P 500 ETF,2025-10-09 13:30:00,670.97,669.4688,671.125,669.34,0.0,0.0,6897227.0,4621597873.422,-0.22299225742028933,670.965
US.SPY,SPDR S&P 500 ETF,2025-10-09 14:30:00,669.46,669.82,670.38,669.21,0.0,0.0,5446759.0,3648857819.559,0.05245950222027712,669.4688
US.SPY,SPDR S&P 500 ETF,2025-10-09 15:30:00,669.81,670.51,670.67,669.5185,0.0,0.0,6268630.0,4200416449.965,0.1030127496939388,669.82
US.SPY,SPDR S&P 500 ETF,2025-10-09 16:00:00,670.51,671.16,671.26,670.44,0.0,0.0,11338679.0,7608138789.044,0.09694113436040883,670.51
US.SPY,SPDR S&P 500 ETF,2025-10-10 10:30:00,672.13,672.57,673.95,671.8,0.0,0.0,12428316.0,8361872936.214,0.2100840336134576,671.16
US.SPY,SPDR S&P 500 ETF,2025-10-10 11:30:00,672.59,662.44,673.065,661.93,0.0,0.0,36483135.0,24325888521.216,-1.5061629272789443,672.57
US.SPY,SPDR S&P 500 ETF,2025-10-10 12:30:00,662.44,661.57,664.09,659.47,0.0,0.0,29203230.0,19321693524.822,-0.13133264899462663,662.44
US.SPY,SPDR S&P 500 ETF,2025-10-10 13:30:00,661.58,659.77,662.7556,657.74,0.0,0.0,14381700.0,9489478614.693,-0.2720800519975313,661.57
US.SPY,SPDR S&P 500 ETF,2025-10-10 14:30:00,659.74,659.1,660.93,658.64,0.0,0.0,10824148.0,7148010096.142,-0.10155054033980919,659.77
US.SPY,SPDR S&P 500 ETF,2025-10-10 15:30:00,659.11,655.99,659.51,655.51,0.0,0.0,15751080.0,10364632421.176,-0.47185556061295914,659.1
US.SPY,SPDR S&P 500 ETF,2025-10-10 16:00:00,656.01,653.02,656.81,652.84,0.0,0.0,24250205.0,15887785218.837,-0.45275080412811586,655.99
US.SPY,SPDR S&P 500 ETF,2025-10-13 10:30:00,660.65,660.85,663.23,659.8,0.0,0.0,21307532.0,14093898921.44,1.199044439680261,653.02
US.SPY,SPDR S&P 500 ETF,2025-10-13 11:30:00,660.88,662.72,662.85,659.7679,0.0,0.0,10044201.0,6640970723.096,0.2829689036846492,660.85
US.SPY,SPDR S&P 500 ETF,2025-10-13 12:30:00,662.72,663.49,665.13,662.23,0.0,0.0,8366135.0,5547330026.427,0.11618783196523144,662.72
US.SPY,SPDR S&P 500 ETF,2025-10-13 13:30:00,663.485,663.12,664.61,662.915,0.0,0.0,6822826.0,4528664769.116,-0.05576572367330398,663.49
US.SPY,SPDR S&P 500 ETF,2025-10-13 14:30:00,663.13,663.94,664.05,662.37,0.0,0.0,4946794.0,3281028104.797,0.12365785981421915,663.12
US.SPY,SPDR S&P 500 ETF,2025-10-13 15:30:00,663.935,662.8193,664.27,661.68,0.0,0.0,8823259.0,5846480879.167,-0.1687953730758888,663.94
US.SPY,SPDR S&P 500 ETF,2025-10-13 16:00:00,662.8,663.04,663.65,662.63,0.0,0.0,10642665.0,7054103083.68,0.03329715957274709,662.8193
US.SPY,SPDR S&P 500 ETF,2025-10-14 10:30:00,657.17,659.79,659.91,653.17,0.0,0.0,20816908.0,13669013717.028,-0.49016650579150584,663.04
US.SPY,SPDR S&P 500 ETF,2025-10-14 11:30:00,659.78,659.675,661.11,659.0408,0.0,0.0,9588888.0,6328242794.995,-0.01742978826596479,659.79
US.SPY,SPDR S&P 500 ETF,2025-10-14 12:30:00,659.68,663.635,663.96,659.64,0.0,0.0,9877039.0,6538312164.737,0.6002956001061185,659.675
US.SPY,SPDR S&P 500 ETF,2025-10-14 13:30:00,663.64,665.35,665.64,663.57,0.0,0.0,8813777.0,5856956003.562,0.25842518854491275,663.635
US.SPY,SPDR S&P 500 ETF,2025-10-14 14:30:00,665.34,665.12,665.83,664.39,0.0,0.0,5560944.0,3698276760.58,-0.03456827233787002,665.35
US.SPY,SPDR S&P 500 ETF,2025-10-14 15:30:00,665.11,664.79,665.36,664.452,0.0,0.0,5388880.0,3583564624.092,-0.04961510704835833,665.12
US.SPY,SPDR S&P 500 ETF,2025-10-14 16:00:00,664.79,662.23,664.8,660.28,0.0,0.0,20416881.0,13519320133.299,-0.3850840114923428,664.79
US.SPY,SPDR S&P 500 ETF,2025-10-15 10:30:00,666.82,669.61,670.23,666.05,0.0,0.0,15931492.0,10639409215.506,1.1144164414176336,662.23
US.SPY,SPDR S&P 500 ETF,2025-10-15 11:30:00,669.63,667.71,669.895,667.65,0.0,0.0,5999124.0,4011705230.965,-0.2837472558653511,669.61
US.SPY,SPDR S&P 500 ETF,2025-10-15 12:30:00,667.69,665.59,667.84,663.915,0.0,0.0,11444735.0,7613275237.802,-0.3175031076365495,667.71
US.SPY,SPDR S&P 500 ETF,2025-10-15 13:30:00,665.58,660.86,665.76,658.93,0.0,0.0,12875155.0,8522136897.435,-0.7106476960290897,665.59
US.SPY,SPDR S&P 500 ETF,2025-10-15 14:30:00,660.89,664.311,664.91,660.7,0.0,0.0,7542429.0,5004021932.254,0.522198347607666,660.86
US.SPY,SPDR S&P 500 ETF,2025-10-15 15:30:00,664.32,665.36,665.8365,664.19,0.0,0.0,6421436.0,4270201537.099,0.15790796780423297,664.311
US.SPY,SPDR S&P 500 ETF,2025-10-15 16:00:00,665.37,665.17,665.46,663.25,0.0,0.0,14923685.0,9913742380.583,-0.028555969700621405,665.36
US.SPY,SPDR S&P 500 ETF,2025-10-16 10:30:00,666.82,666.93,668.08,665.42,0.0,0.0,15032785.0,10022172985.088,0.2645940135604419,665.17
US.SPY,SPDR S&P 500 ETF,2025-10-16 11:30:00,666.95,665.815,668.71,665.47,0.0,0.0,10033343.0,6695777693.17,-0.16718396233486205,666.93
US.SPY,SPDR S&P 500 ETF,2025-10-16 12:30:00,665.81,662.47,666.78,662.29,0.0,0.0,12944754.0,8603381315.127,-0.5023918055315707,665.815
US.SPY,SPDR S&P 500 ETF,2025-10-16 13:30:00,662.48,663.502,664.26,659.33,0.0,0.0,19064671.0,12616013820.59,0.15578063912326978,662.47
US.SPY,SPDR S&P 500 ETF,2025-10-16 14:30:00,663.49,658.385,664.0,657.45,0.0,0.0,13512485.0,8920755655.305,-0.7712109383242194,663.502
US.SPY,SPDR S&P 500 ETF,2025-10-16 15:30:00,658.39,658.91,660.9299,657.11,0.0,0.0,14584445.0,9623611524.791,0.07974057732177635,658.385
US.SPY,SPDR S&P 500 ETF,2025-10-16 16:00:00,658.92,660.64,661.25,658.14,0.0,0.0,15571357.0,10280111011.77,0.2625548253934556,658.91
US.SPY,SPDR S&P 500 ETF,2025-10-17 10:30:00,659.5,662.31,663.715,658.23,0.0,0.0,20938785.0,13835078059.02,0.252785178009197,660.64
US.SPY,SPDR S&P 500 ETF,2025-10-17 11:30:00,662.31,659.42,662.4,658.51,0.0,0.0,14665866.0,9680540721.589,-0.4363515574277886,662.31
US.SPY,SPDR S&P 500 ETF,2025-10-17 12:30:00,659.44,663.11,663.36,658.14,0.0,0.0,10457298.0,6915621038.984,0.5595826635528275,659.42
US.SPY,SPDR S&P 500 ETF,2025-10-17 13:30:00,663.13,661.19,663.635,660.55,0.0,0.0,6961255.0,4608235691.537,-0.289544721086993,663.11
US.SPY,SPDR S&P 500 ETF,2025-10-17 14:30:00,661.16,664.63,665.04,660.71,0.0,0.0,8819164.0,5846261755.816,0.5202740513316808,661.19
US.SPY,SPDR S&P 500 ETF,2025-10-17 15:30:00,664.65,665.13,665.755,664.03,0.0,0.0,8491643.0,5644606333.254,0.07522982712185727,664.63
US.SPY,SPDR S&P 500 ETF,2025-10-17 16:00:00,665.13,664.39,665.13,664.03,0.0,0.0,11472833.0,7620665405.921,-0.11125644610828095,665.13
US.SPY,SPDR S&P 500 ETF,2025-10-20 10:30:00,667.32,670.265,670.39,667.27,0.0,0.0,12374056.0,8278645314.001,0.8842697813031504,664.39
US.SPY,SPDR S&P 500 ETF,2025-10-20 11:30:00,670.26,670.92,671.46,669.81,0.0,0.0,8249817.0,5527094934.169,0.09772254257643957,670.265
US.SPY,SPDR S&P 500 ETF,2025-10-20 12:30:00,670.93,670.81,671.31,670.16,0.0,0.0,7691937.0,5149003400.939,-0.016395397364814532,670.92
US.SPY,SPDR S&P 500 ETF,2025-10-20 13:30:00,670.805,671.6099,672.01,670.3,0.0,0.0,4774129.0,3204553403.155,0.11924389916669301,670.81
US.SPY,SPDR S&P 500 ETF,2025-10-20 14:30:00,671.61,671.8414,672.21,671.545,0.0,0.0,4078092.0,2740222643.92,0.03446941446217257,671.6099
US.SPY,SPDR S&P 500 ETF,2025-10-20 15:30:00,671.85,671.71,672.03,671.175,0.0,0.0,5444833.0,3656760917.477,-0.019558187393629668,671.8414
US.SPY,SPDR S&P 500 ETF,2025-10-20 16:00:00,671.72,671.3,672.1,671.2,0.0,0.0,10236048.0,6872501363.187,-0.06103824567150732,671.71
US.SPY,SPDR S&P 500 ETF,2025-10-21 10:30:00,671.44,670.6,671.9,669.981,0.0,0.0,11003993.0,7383747753.677,-0.10427528675702843,671.3
US.SPY,SPDR S&P 500 ETF,2025-10-21 11:30:00,670.59,671.9,672.7313,670.26,0.0,0.0,9463510.0,6358890665.016,0.19385624813599084,670.6
US.SPY,SPDR S&P 500 ETF,2025-10-21 12:30:00,671.9,672.63,672.69,671.4,0.0,0.0,5766090.0,3876323832.731,0.10864712010716152,671.9
US.SPY,SPDR S&P 500 ETF,2025-10-21 13:30:00,672.65,671.61,672.99,670.76,0.0,0.0,7703708.0,5176089150.737,-0.15164354845903122,672.63
US.SPY,SPDR S&P 500 ETF,2025-10-21 14:30:00,671.625,672.28,672.52,671.25,0.0,0.0,4485443.0,3014301090.983,0.09976027754201978,671.61
US.SPY,SPDR S&P 500 ETF,2025-10-21 15:30:00,672.28,671.905,672.43,671.69,0.0,0.0,4864967.0,3269045932.267,-0.0557803296245612,672.28
US.SPY,SPDR S&P 500 ETF,2025-10-21 16:00:00,671.9,671.29,672.4,671.16,0.0,0.0,7481392.0,5026413576.926,-0.0915307967644249,671.905
US.SPY,SPDR S&P 500 ETF,2025-10-22 10:30:00,672.0,669.43,672.0,669.32,0.0,0.0,9543420.0,6403541397.745,-0.27707846087384197,671.29
US.SPY,SPDR S&P 500 ETF,2025-10-22 11:30:00,669.45,667.85,670.41,667.6,0.0,0.0,11308239.0,7566446983.692,-0.23602169009454718,669.43
US.SPY,SPDR S&P 500 ETF,2025-10-22 12:30:00,667.86,667.62,669.765,667.15,0.0,0.0,6656920.0,4449932307.97,-0.034438871003970674,667.85
US.SPY,SPDR S&P 500 ETF,2025-10-22 13:30:00,667.59,665.42,668.22,664.01,0.0,0.0,15215973.0,10143249926.975,-0.32952877385339646,667.62
US.SPY,SPDR S&P 500 ETF,2025-10-22 14:30:00,665.41,665.66,666.2,663.3,0.0,0.0,9837281.0,6543668159.25,0.03606744612425372,665.42
US.SPY,SPDR S&P 500 ETF,2025-10-22 15:30:00,665.65,667.43,667.64,665.05,0.0,0.0,10281634.0,6858113165.855,0.26590151128203315,665.66
US.SPY,SPDR S&P 500 ETF,2025-10-22 16:00:00,667.4201,667.8,668.36,667.29,0.0,0.0,11900909.0,7951045478.65,0.055436525178671106,667.43
US.SPY,SPDR S&P 500 ETF,2025-10-23 10:30:00,668.12,669.4,670.74,667.8,0.0,0.0,12275590.0,8216508156.461,0.23959269242288453,667.8
US.SPY,SPDR S&P 500 ETF,2025-10-23 11:30:00,669.4,670.04,670.39,668.99,0.0,0.0,6176978.0,4136920011.426,0.0956080071705985,669.4
US.SPY,SPDR S&P 500 ETF,2025-10-23 12:30:00,670.03,670.54,671.08,668.73,0.0,0.0,5479671.0,3671966538.019,0.0746224106023521,670.04
US.SPY,SPDR S&P 500 ETF,2025-10-23 13:30:00,670.54,671.01,671.65,670.4,0.0,0.0,6176807.0,4145372625.876,0.07009276105825564,670.54
US.SPY,SPDR S&P 500 ETF,2025-10-23 14:30:00,671.015,672.49,672.55,670.9903,0.0,0.0,6679684.0,4487886826.773,0.22056303184751616,671.01
US.SPY,SPDR S&P 500 ETF,2025-10-23 15:30:00,672.485,672.451,672.7101,672.27,0.0,0.0,7558630.0,5080169116.016,-0.0057993427411541084,672.49
US.SPY,SPDR S&P 500 ETF,2025-10-23 16:00:00,672.45,671.76,672.45,671.3,0.0,0.0,13691287.0,9191030721.96,-0.10275841659838872,672.451
US.SPY,SPDR S&P 500 ETF,2025-10-24 10:30:00,676.46,676.78,677.94,675.65,0.0,0.0,12990008.0,8794632014.926,0.7472906990591851,671.76
US.SPY,SPDR S&P 500 ETF,2025-10-24 11:30:00,676.76,678.15,678.38,675.91,0.0,0.0,9123067.0,6176983542.067,0.20242914979757154,676.78
US.SPY,SPDR S&P 500 ETF,2025-10-24 12:30:00,678.19,677.885,678.46,677.47,0.0,0.0,6316607.0,4282976637.63,-0.03907690039076699,678.15
US.SPY,SPDR S&P 500 ETF,2025-10-24 13:30:00,677.89,678.06,678.2452,677.21,0.0,0.0,4618654.0,3128984665.289,0.02581558818973049,677.885
US.SPY,SPDR S&P 500 ETF,2025-10-24 14:30:00,678.052,678.17,678.43,677.87,0.0,0.0,3849105.0,2608394851.189,0.01622275314869092,678.06
US.SPY,SPDR S&P 500 ETF,2025-10-24 15:30:00,678.16,678.242,678.47,677.75,0.0,0.0,5141529.0,3487020626.321,0.010616806995296569,678.17
US.SPY,SPDR S&P 500 ETF,2025-10-24 16:00:00,678.24,677.25,678.27,676.765,0.0,0.0,16777400.0,11359890491.435,-0.14626047929794408,678.242
US.SPY,SPDR S&P 500 ETF,2025-10-27 10:30:00,682.73,683.03,683.61,682.115,0.0,0.0,12946732.0,8840948210.592,0.8534514581026168,677.25
US.SPY,SPDR S&P 500 ETF,2025-10-27 11:30:00,683.03,683.36,683.37,682.55,0.0,0.0,6305573.0,4305769454.356,0.048314129686842594,683.03
US.SPY,SPDR S&P 500 ETF,2025-10-27 12:30:00,683.36,683.5,683.78,683.2,0.0,0.0,5122351.0,3501059506.665,0.020487005385153703,683.36
US.SPY,SPDR S&P 500 ETF,2025-10-27 13:30:00,683.51,683.4399,683.88,683.17,0.0,0.0,4548785.0,3109457847.626,-0.00879297732260922,683.5
US.SPY,SPDR S&P 500 ETF,2025-10-27 14:30:00,683.44,683.85,683.99,683.315,0.0,0.0,5052250.0,3453235074.754,0.06000527625034136,683.4399
US.SPY,SPDR S&P 500 ETF,2025-10-27 15:30:00,683.855,684.23,684.3,683.855,0.0,0.0,6131834.0,4194762542.411,0.05556774146377063,683.85
US.SPY,SPDR S&P 500 ETF,2025-10-27 16:00:00,684.23,685.24,685.54,684.185,0.0,0.0,14644148.0,10028180626.672,0.14761118337401033,684.23
US.SPY,SPDR S&P 500 ETF,2025-10-28 10:30:00,687.05,686.13,687.225,685.12,0.0,0.0,10833053.0,7431988078.067,0.12988150137178017,685.24
US.SPY,SPDR S&P 500 ETF,2025-10-28 11:30:00,686.12,685.53,686.37,685.37,0.0,0.0,6552354.0,4494512720.285,-0.0874469852651863,686.13
US.SPY,SPDR S&P 500 ETF,2025-10-28 12:30:00,685.52,686.182,686.2245,684.83,0.0,0.0,4795610.0,3287451708.096,0.09510889384856151,685.53
US.SPY,SPDR S&P 500 ETF,2025-10-28 13:30:00,686.18,687.01,688.32,686.06,0.0,0.0,6949115.0,4773126014.718,0.12066769457665379,686.182
US.SPY,SPDR S&P 500 ETF,2025-10-28 14:30:00,687.02,688.051,688.4,686.875,0.0,0.0,5511839.0,3790402178.157,0.1515261786582515,687.01
US.SPY,SPDR S&P 500 ETF,2025-10-28 15:30:00,688.055,688.69,688.905,687.78,0.0,0.0,7446526.0,5123421726.183,0.09287102264221837,688.051
US.SPY,SPDR S&P 500 ETF,2025-10-28 16:00:00,688.7,687.06,688.71,686.905,0.0,0.0,12514669.0,8600426649.855,-0.23668123538894262,688.69
US.SPY,SPDR S&P 500 ETF,2025-10-29 10:30:00,688.72,688.98,689.7,688.15,0.0,0.0,12938091.0,8913669049.779,0.2794515762815581,687.06
US.SPY,SPDR S&P 500 ETF,2025-10-29 11:30:00,688.98,688.31,689.1101,687.81,0.0,0.0,11165518.0,7687096136.649,-0.09724520305380022,688.98
US.SPY,SPDR S&P 500 ETF,2025-10-29 12:30:00,688.32,688.47,688.53,687.59,0.0,0.0,7200206.0,4954768777.827,0.023245340035751606,688.31
US.SPY,SPDR S&P 500 ETF,2025-10-29 13:30:00,688.47,687.93,688.81,687.74,0.0,0.0,3626043.0,2496123783.213,-0.07843479018694748,688.47
US.SPY,SPDR S&P 500 ETF,2025-10-29 14:30:00,687.89,688.01,688.94,687.33,0.0,0.0,6769082.0,4656611276.236,0.011629090169063848,687.93
US.SPY,SPDR S&P 500 ETF,2025-10-29 15:30:00,688.0,685.43,688.72,682.87,0.0,0.0,23454811.0,16077104451.208,-0.374994549497833,688.01
US.SPY,SPDR S&P 500 ETF,2025-10-29 16:00:00,685.39,687.39,687.39,684.05,0.0,0.0,12516185.0,8588436682.37,0.28595188421867096,685.43
US.SPY,SPDR S&P 500 ETF,2025-10-30 10:30:00,683.9,683.47,685.94,681.39,0.0,0.0,17249235.0,11794202517.982,-0.5702730618717117,687.39
US.SPY,SPDR S&P 500 ETF,2025-10-30 11:30:00,683.46,684.8,685.72,683.41,0.0,0.0,6813070.0,4664899083.962,0.19459522729599357,683.47
US.SPY,SPDR S&P 500 ETF,2025-10-30 12:30:00,684.8,684.93,685.15,683.01,0.0,0.0,6261816.0,4284062663.64,0.01898364485981242,684.8
US.SPY,SPDR S&P 500 ETF,2025-10-30 13:30:00,684.95,684.4,684.95,683.07,0.0,0.0,5035425.0,3444066157.112,-0.07738017023637055,684.93
US.SPY,SPDR S&P 500 ETF,2025-10-30 14:30:00,684.4,682.94,684.64,682.54,0.0,0.0,6153612.0,4206800419.109,-0.21332554061950945,684.4
US.SPY,SPDR S&P 500 ETF,2025-10-30 15:30:00,682.93,681.28,683.49,680.34,0.0,0.0,9536522.0,6505795632.911,-0.24306674085572402,682.94
US.SPY,SPDR S&P 500 ETF,2025-10-30 16:00:00,681.29,679.83,681.985,679.83,0.0,0.0,14684761.0,10002841671.501,-0.2128346641615682,681.28
US.SPY,SPDR S&P 500 ETF,2025-10-31 10:30:00,685.04,683.25,685.08,682.21,0.0,0.0,12617010.0,8625061450.509,0.5030669432063838,679.83
US.SPY,SPDR S&P 500 ETF,2025-10-31 11:30:00,683.24,683.74,684.75,683.09,0.0,0.0,6748984.0,4617367081.906,0.07171606293450554,683.25
US.SPY,SPDR S&P 500 ETF,2025-10-31 12:30:00,683.75,681.77,684.18,680.51,0.0,0.0,11407575.0,7780759382.226,-0.2881212156667779,683.74
US.SPY,SPDR S&P 500 ETF,2025-10-31 13:30:00,681.76,679.79,682.45,679.24,0.0,0.0,7940713.0,5403969006.365,-0.2904205230502982,681.77
US.SPY,SPDR S&P 500 ETF,2025-10-31 14:30:00,679.8,682.31,682.44,679.43,0.0,0.0,7245071.0,4935199295.219,0.37070271701554625,679.79
US.SPY,SPDR S&P 500 ETF,2025-10-31 15:30:00,682.32,684.11,684.28,681.73,0.0,0.0,8229690.0,5618246736.706,0.2638097052659449,682.31
US.SPY,SPDR S&P 500 ETF,2025-10-31 16:00:00,684.09,682.06,684.8,681.89,0.0,0.0,21293936.0,14539995232.972,-0.29965941149816083,684.11
US.SPY,SPDR S&P 500 ETF,2025-11-03 10:30:00,685.67,680.46,685.8,680.24,0.0,0.0,13591425.0,9282488092.934,-0.23458346773009842,682.06
US.SPY,SPDR S&P 500 ETF,2025-11-03 11:30:00,680.45,682.0501,682.9,679.94,0.0,0.0,6734273.0,4590420132.809,0.2336801575404883,680.46
US.SPY,SPDR S&P 500 ETF,2025-11-03 12:30:00,682.06,682.748,683.9,681.95,0.0,0.0,4962814.0,3389747222.906,0.10232386154624186,682.0501
US.SPY,SPDR S&P 500 ETF,2025-11-03 13:30:00,682.75,683.63,684.21,682.73,0.0,0.0,3456009.0,2362947421.299,0.12918382770801937,682.748
US.SPY,SPDR S&P 500 ETF,2025-11-03 14:30:00,683.64,683.26,684.23,683.08,0.0,0.0,4071769.0,2783335647.503,-0.054122844228603854,683.63
US.SPY,SPDR S&P 500 ETF,2025-11-03 15:30:00,683.25,683.13,683.655,682.58,0.0,0.0,6422220.0,4387441195.813,-0.019026432104908154,683.26
US.SPY,SPDR S&P 500 ETF,2025-11-03 16:00:00,683.14,683.34,683.41,682.45,0.0,0.0,10751506.0,7340426847.072,0.03074085459576309,683.13
US.SPY,SPDR S&P 500 ETF,2025-11-04 10:30:00,676.11,679.32,679.645,674.67,0.0,0.0,15198116.0,10292962115.391,-0.5882869435420115,683.34
US.SPY,SPDR S&P 500 ETF,2025-11-04 11:30:00,679.32,678.2,679.96,677.56,0.0,0.0,7140906.0,4845274194.466,-0.16487075310604787,679.32
US.SPY,SPDR S&P 500 ETF,2025-11-04 12:30:00,678.21,676.93,678.63,675.68,0.0,0.0,7361740.0,4988971168.715,-0.1872603951636826,678.2
US.SPY,SPDR S&P 500 ETF,2025-11-04 13:30:00,676.93,675.25,677.25,674.98,0.0,0.0,6018755.0,4070687595.232,-0.24817927998462916,676.93
US.SPY,SPDR S&P 500 ETF,2025-11-04 14:30:00,675.25,676.295,676.68,674.71,0.0,0.0,8127024.0,5494971197.969,0.15475749722324458,675.25
US.SPY,SPDR S&P 500 ETF,2025-11-04 15:30:00,676.29,675.96,676.375,674.58,0.0,0.0,9265368.0,6262458883.127,-0.04953459658875531,676.295
US.SPY,SPDR S&P 500 ETF,2025-11-04 16:00:00,675.97,675.24,676.535,674.615,0.0,0.0,15814163.0,10701784730.747,-0.10651517841292787,675.96
US.SPY,SPDR S&P 500 ETF,2025-11-05 10:30:00,674.98,677.44,678.09,674.17,0.0,0.0,15175929.0,10262459650.995,0.32581008234110026,675.24
US.SPY,SPDR S&P 500 ETF,2025-11-05 11:30:00,677.435,678.29,678.3985,676.76,0.0,0.0,7754224.0,5252746217.876,0.12547236655643437,677.44
US.SPY,SPDR S&P 500 ETF,2025-11-05 12:30:00,678.27,680.0459,680.1,678.085,0.0,0.0,6475126.0,4398378457.136,0.2588715741054707,678.29
US.SPY,SPDR S&P 500 ETF,2025-11-05 13:30:00,680.05,680.41,680.8599,679.94,0.0,0.0,6079929.0,4131142425.658,0.05354050366306269,680.0459
US.SPY,SPDR S&P 500 ETF,2025-11-05 14:30:00,680.4,680.21,680.86,679.74,0.0,0.0,4969906.0,3379372956.466,-0.029394041827711496,680.41
US.SPY,SPDR S&P 500 ETF,2025-11-05 15:30:00,680.21,679.76,680.52,679.67,0.0,0.0,6145856.0,4179531146.467,-0.06615604004646293,680.21
US.SPY,SPDR S&P 500 ETF,2025-11-05 16:00:00,679.76,677.58,679.865,677.4,0.0,0.0,15435404.0,10467100866.322,-0.3207014240320039,679.76
US.SPY,SPDR S&P 500 ETF,2025-11-06 10:30:00,676.47,674.5399,677.38,672.52,0.0,0.0,15213145.0,10268342549.112,-0.4486702677174728,677.58
US.SPY,SPDR S&P 500 ETF,2025-11-06 11:30:00,674.54,671.41,674.67,670.22,0.0,0.0,13018591.0,8746301519.87,-0.4640051685600837,674.5399
US.SPY,SPDR S&P 500 ETF,2025-11-06 12:30:00,671.41,669.585,671.41,668.72,0.0,0.0,8873590.0,5947366696.203,-0.2718160289539822,671.41
US.SPY,SPDR S&P 500 ETF,2025-11-06 13:30:00,669.58,670.96,671.58,669.13,0.0,0.0,7639737.0,5122654315.665,0.20535107566627087,669.585
US.SPY,SPDR S&P 500 ETF,2025-11-06 14:30:00,670.94,673.4,673.525,670.91,0.0,0.0,6920108.0,4653938694.337,0.3636580422081705,670.96
US.SPY,SPDR S&P 500 ETF,2025-11-06 15:30:00,673.39,672.32,673.7,672.03,0.0,0.0,7663841.0,5156866068.281,-0.16038016038014957,673.4
US.SPY,SPDR S&P 500 ETF,2025-11-06 16:00:00,672.31,670.31,672.72,669.53,0.0,0.0,16040884.0,10773062356.607,-0.2989647786768361,672.32
US.SPY,SPDR S&P 500 ETF,2025-11-07 10:30:00,667.91,665.93,667.98,663.97,0.0,0.0,19569013.0,13030400279.411,-0.6534290104578473,670.31
US.SPY,SPDR S&P 500 ETF,2025-11-07 11:30:00,665.915,662.825,666.31,662.25,0.0,0.0,14548914.0,9660968121.4,-0.46626522307147966,665.93
US.SPY,SPDR S&P 500 ETF,2025-11-07 12:30:00,662.82,663.575,664.275,661.205,0.0,0.0,10680771.0,7080742507.229,0.11315203862256251,662.825
US.SPY,SPDR S&P 500 ETF,2025-11-07 13:30:00,663.52,665.31,665.575,662.01,0.0,0.0,7730415.0,5131552972.557,0.26146253249442786,663.575
US.SPY,SPDR S&P 500 ETF,2025-11-07 14:30:00,665.3,666.45,666.68,664.22,0.0,0.0,8683896.0,5785390007.487,0.17134869459351282,665.31
US.SPY,SPDR S&P 500 ETF,2025-11-07 15:30:00,666.48,668.665,670.03,666.48,0.0,0.0,16350858.0,10938063630.899,0.33235801635530315,666.45
US.SPY,SPDR S&P 500 ETF,2025-11-07 16:00:00,668.66,670.97,671.08,668.66,0.0,0.0,12593189.0,8437943686.772,0.3447167116568183,668.665
US.SPY,SPDR S&P 500 ETF,2025-11-10 10:30:00,677.235,678.86,679.22,677.03,0.0,0.0,15582119.0,10571701217.574,1.175909504150705,670.97
US.SPY,SPDR S&P 500 ETF,2025-11-10 11:30:00,678.87,675.555,678.99,675.24,0.0,0.0,10399213.0,7036475750.628,-0.48684559408420935,678.86
US.SPY,SPDR S&P 500 ETF,2025-11-10 12:30:00,675.55,677.465,677.85,675.03,0.0,0.0,6587135.0,4455226517.663,0.2827304956665382,675.555
US.SPY,SPDR S&P 500 ETF,2025-11-10 13:30:00,677.465,679.475,680.05,677.465,0.0,0.0,6811763.0,4624821107.487,0.2966942941701772,677.465
US.SPY,SPDR S&P 500 ETF,2025-11-10 14:30:00,679.5,680.7815,680.9555,679.495,0.0,0.0,5329440.0,3623075656.685,0.19228080503330192,679.475
US.SPY,SPDR S&P 500 ETF,2025-11-10 15:30:00,680.78,681.31,682.08,680.54,0.0,0.0,8583825.0,5842748530.132,0.07763136924253883,680.7815
US.SPY,SPDR S&P 500 ETF,2025-11-10 16:00:00,681.3,681.44,682.18,681.03,0.0,0.0,12856305.0,8756791151.073,0.019080888288753893,681.31
US.SPY,SPDR S&P 500 ETF,2025-11-11 10:30:00,679.95,679.455,680.845,678.82,0.0,0.0,9058051.0,6158779681.985,-0.29129490490725723,681.44
US.SPY,SPDR S&P 500 ETF,2025-11-11 11:30:00,679.45,679.32,680.74,678.73,0.0,0.0,5909629.0,4015502267.633,-0.01986886548777931,679.455
US.SPY,SPDR S&P 500 ETF,2025-11-11 12:30:00,679.36,681.0306,681.39,678.76,0.0,0.0,5143118.0,3498611817.522,0.25181063416357524,679.32
US.SPY,SPDR S&P 500 ETF,2025-11-11 13:30:00,681.05,682.91,683.24,680.95,0.0,0.0,5550894.0,3786550205.835,0.27596410499027774,681.0306
US.SPY,SPDR S&P 500 ETF,2025-11-11 14:30:00,682.91,683.13,683.32,682.16,0.0,0.0,6015381.0,4107055188.082,0.03221507958589379,682.91
US.SPY,SPDR S&P 500 ETF,2025-11-11 15:30:00,683.14,682.9,683.55,682.71,0.0,0.0,8298060.0,5668320096.905,-0.03366855503345164,683.13
US.SPY,SPDR S&P 500 ETF,2025-11-11 16:00:00,682.9,683.0,683.57,682.29,0.0,0.0,12059490.0,8233010158.283,0.014643432420562708,682.9
US.SPY,SPDR S&P 500 ETF,2025-11-12 10:30:00,684.79,683.195,684.96,682.81,0.0,0.0,11363363.0,7770867824.549,0.028550512445102493,683.0
US.SPY,SPDR S&P 500 ETF,2025-11-12 11:30:00,683.2,682.41,683.2599,681.14,0.0,0.0,7131738.0,4865626209.841,-0.1149013092894535,683.195
US.SPY,SPDR S&P 500 ETF,2025-11-12 12:30:00,682.4,682.47,683.01,680.945,0.0,0.0,6594287.0,4498217404.661,0.0087923682243899,682.41
US.SPY,SPDR S&P 500 ETF,2025-11-12 13:30:00,682.47,683.495,683.93,682.38,0.0,0.0,5314215.0,3631441590.354,0.15018975193048445,682.47
US.SPY,SPDR S&P 500 ETF,2025-11-12 14:30:00,683.5,682.73,684.1499,682.48,0.0,0.0,5227355.0,3572121002.23,-0.11192473975668972,683.495
US.SPY,SPDR S&P 500 ETF,2025-11-12 15:30:00,682.74,683.34,683.4099,682.092,0.0,0.0,7436504.0,5077171761.358,0.08934717970500983,682.73
US.SPY,SPDR S&P 500 ETF,2025-11-12 16:00:00,683.34,683.38,684.07,682.6616,0.0,0.0,12292477.0,8399769883.247,0.0058536014282734245,683.34
US.SPY,SPDR S&P 500 ETF,2025-11-13 10:30:00,680.5,678.94,680.86,677.53,0.0,0.0,13865399.0,9418106623.62,-0.6497117270040009,683.38
US.SPY,SPDR S&P 500 ETF,2025-11-13 11:30:00,678.95,675.73,679.03,674.96,0.0,0.0,13069959.0,8841597329.681,-0.47279582879194576,678.94
US.SPY,SPDR S&P 500 ETF,2025-11-13 12:30:00,675.72,675.92,676.62,674.22,0.0,0.0,10409918.0,7030038438.862,0.028117739333748816,675.73
US.SPY,SPDR S&P 500 ETF,2025-11-13 13:30:00,675.9,672.83,676.5,672.595,0.0,0.0,9175821.0,6191253182.028,-0.4571546928630486,675.92
US.SPY,SPDR S&P 500 ETF,2025-11-13 14:30:00,672.82,673.54,673.55,671.52,0.0,0.0,12030494.0,8106276879.361,0.10552442667537455,672.83
US.SPY,SPDR S&P 500 ETF,2025-11-13 15:30:00,673.51,671.63,673.63,670.52,0.0,0.0,12889574.0,8665883053.361,-0.28357632805772015,673.54
US.SPY,SPDR S&P 500 ETF,2025-11-13 16:00:00,671.62,672.04,673.02,670.76,0.0,0.0,16794305.0,11298503987.567,0.061045516132389586,671.63
US.SPY,SPDR S&P 500 ETF,2025-11-14 10:30:00,665.38,669.79,669.96,663.265,0.0,0.0,22938690.0,15303947806.613,-0.3348014999107196,672.04
US.SPY,SPDR S&P 500 ETF,2025-11-14 11:30:00,669.78,674.395,674.87,669.16,0.0,0.0,16892603.0,11349532247.254,0.687528926977115,669.79
US.SPY,SPDR S&P 500 ETF,2025-11-14 12:30:00,674.4,675.05,675.64,672.76,0.0,0.0,8106652.0,5468254525.428,0.09712408899828331,674.395
US.SPY,SPDR S&P 500 ETF,2025-11-14 13:30:00,675.055,673.13,675.66,672.14,0.0,0.0,9745090.0,6565413755.202,-0.28442337604621276,675.05
US.SPY,SPDR S&P 500 ETF,2025-11-14 14:30:00,673.11,674.0199,674.44,671.49,0.0,0.0,9663145.0,6502461215.175,0.1322032891120603,673.13
US.SPY,SPDR S&P 500 ETF,2025-11-14 15:30:00,674.02,672.645,675.12,672.21,0.0,0.0,9331407.0,6287943619.873,-0.20398507521810932,674.0199
US.SPY,SPDR S&P 500 ETF,2025-11-14 16:00:00,672.64,671.93,673.11,671.17,0.0,0.0,11594232.0,7790020233.523,-0.10629678359313337,672.645
US.SPY,SPDR S&P 500 ETF,2025-11-17 10:30:00,669.7,672.06,673.71,668.92,0.0,0.0,13207365.0,8871569299.327,0.019347253434136808,671.93
US.SPY,SPDR S&P 500 ETF,2025-11-17 11:30:00,672.04,670.475,672.37,667.77,0.0,0.0,11859278.0,7945517500.052,-0.23584203791327008,672.06
US.SPY,SPDR S&P 500 ETF,2025-11-17 12:30:00,670.48,672.3101,673.0,670.372,0.0,0.0,6729350.0,4521144465.027,0.27370148029382324,670.475
US.SPY,SPDR S&P 500 ETF,2025-11-17 13:30:00,672.33,668.71,672.59,668.22,0.0,0.0,7123860.0,4771808018.203,-0.5354820640058803,672.3101
US.SPY,SPDR S&P 500 ETF,2025-11-17 14:30:00,668.7,665.8395,669.91,664.97,0.0,0.0,10600848.0,7071035297.258,-0.429259320183636,668.71
US.SPY,SPDR S&P 500 ETF,2025-11-17 15:30:00,665.83,663.76,666.1415,662.17,0.0,0.0,15146153.0,10052894450.256,-0.31231250173653746,665.8395
US.SPY,SPDR S&P 500 ETF,2025-11-17 16:00:00,663.77,665.67,665.78,663.095,0.0,0.0,16043055.0,10668817121.584,0.28775461010003134,663.76
US.SPY,SPDR S&P 500 ETF,2025-11-18 10:30:00,662.095,659.085,664.26,656.8,0.0,0.0,28106903.0,18559158753.64,-0.9892288972013044,665.67
US.SPY,SPDR S&P 500 ETF,2025-11-18 11:30:00,659.08,661.575,661.87,655.86,0.0,0.0,17955093.0,11824392642.953,0.3777964905892274,659.085
US.SPY,SPDR S&P 500 ETF,2025-11-18 12:30:00,661.56,658.62,662.37,658.56,0.0,0.0,10239073.0,6768054129.57,-0.44666137626120106,661.575
US.SPY,SPDR S&P 500 ETF,2025-11-18 13:30:00,658.61,663.33,664.46,657.91,0.0,0.0,11883562.0,7875182316.614,0.7151316388813027,658.62
US.SPY,SPDR S&P 500 ETF,2025-11-18 14:30:00,663.35,662.93,665.12,662.57,0.0,0.0,9178732.0,6091897626.446,-0.06030181056187583,663.33
US.SPY,SPDR S&P 500 ETF,2025-11-18 15:30:00,662.93,662.42,664.96,661.5,0.0,0.0,11299178.0,7496280802.446,-0.0769311993724814,662.93
US.SPY,SPDR S&P 500 ETF,2025-11-18 16:00:00,662.42,660.08,662.78,660.0,0.0,0.0,17879341.0,11836105852.476,-0.35325020379818217,662.42
US.SPY,SPDR S&P 500 ETF,2025-11-19 10:30:00,660.78,666.25,667.34,660.11,0.0,0.0,17766516.0,11802503173.321,0.9347351836141011,660.08
US.SPY,SPDR S&P 500 ETF,2025-11-19 11:30:00,666.27,662.01,666.5545,661.28,0.0,0.0,12743870.0,8453482120.976,-0.6363977485928719,666.25
US.SPY,SPDR S&P 500 ETF,2025-11-19 12:30:00,662.02,661.17,662.98,660.23,0.0,0.0,9632018.0,6370754542.926,-0.1268863008111708,662.01
US.SPY,SPDR S&P 500 ETF,2025-11-19 13:30:00,661.18,661.0201,662.62,658.745,0.0,0.0,11136653.0,7361474687.827,-0.022671930063372862,661.17
US.SPY,SPDR S&P 500 ETF,2025-11-19 14:30:00,661.01,659.8,663.33,659.48,0.0,0.0,9746101.0,6448503691.911,-0.18457835094575825,661.0201
US.SPY,SPDR S&P 500 ETF,2025-11-19 15:30:00,659.79,663.5,664.4,659.33,0.0,0.0,10552435.0,6981352945.452,0.5607759927250752,659.8
US.SPY,SPDR S&P 500 ETF,2025-11-19 16:00:00,663.5,662.63,664.76,661.74,0.0,0.0,11533112.0,7643223297.949,-0.13112283345893058,663.5
US.SPY,SPDR S&P 500 ETF,2025-11-20 10:30:00,672.91,674.83,675.41,672.47,0.0,0.0,20179751.0,13596695493.468,1.8411481520607347,662.63
US.SPY,SPDR S&P 500 ETF,2025-11-20 11:30:00,674.83,667.9,675.56,667.42,0.0,0.0,18452759.0,12382969572.081,-1.0269252997051204,674.83
US.SPY,SPDR S&P 500 ETF,2025-11-20 12:30:00,667.89,658.57,668.17,656.6,0.0,0.0,35358991.0,23400192794.155,-1.3969157059439927,667.9
US.SPY,SPDR S&P 500 ETF,2025-11-20 13:30:00,658.55,659.58,661.97,655.45,0.0,0.0,23036995.0,15165572193.125,0.15336258863901953,658.57
US.SPY,SPDR S&P 500 ETF,2025-11-20 14:30:00,659.55,657.01,660.0,653.86,0.0,0.0,15966030.0,10478065111.426,-0.3896418933260635,659.58
US.SPY,SPDR S&P 500 ETF,2025-11-20 15:30:00,656.98,656.2,658.25,655.21,0.0,0.0,16777500.0,11022224528.861,-0.1232857947367537,657.01
US.SPY,SPDR S&P 500 ETF,2025-11-20 16:00:00,656.2,652.53,656.56,651.89,0.0,0.0,22219022.0,14524796787.632,-0.5592807071015046,656.2
US.SPY,SPDR S&P 500 ETF,2025-11-21 10:30:00,655.05,653.08,656.47,652.34,0.0,0.0,23081405.0,15105655546.588,0.08428731246074024,652.53
US.SPY,SPDR S&P 500 ETF,2025-11-21 11:30:00,653.09,655.93,655.97,650.85,0.0,0.0,15869771.0,10360611712.089,0.4363937036810052,653.08
US.SPY,SPDR S&P 500 ETF,2025-11-21 12:30:00,655.92,660.38,661.19,655.22,0.0,0.0,17590457.0,11575480251.333,0.6784260515603869,655.93
US.SPY,SPDR S&P 500 ETF,2025-11-21 13:30:00,660.3825,658.36,661.5118,656.88,0.0,0.0,10519402.0,6930481312.698,-0.30588449074774854,660.38
US.SPY,SPDR S&P 500 ETF,2025-11-21 14:30:00,658.35,664.23,664.55,658.0,0.0,0.0,13617203.0,9010631994.499,0.8916094537942774,658.36
US.SPY,SPDR S&P 500 ETF,2025-11-21 15:30:00,664.21,659.63,664.52,659.62,0.0,0.0,13077476.0,8655496609.452,-0.6925312015416382,664.23
US.SPY,SPDR S&P 500 ETF,2025-11-21 16:00:00,659.6,659.03,661.25,658.23,0.0,0.0,17775053.0,11713623175.401,-0.09096008368328043,659.63
US.SPY,SPDR S&P 500 ETF,2025-11-24 10:30:00,662.69,665.545,665.78,661.59,0.0,0.0,15256349.0,10133697855.707,0.9885741165045578,659.03
US.SPY,SPDR S&P 500 ETF,2025-11-24 11:30:00,665.51,667.97,668.39,664.95,0.0,0.0,9552310.0,6372395397.809,0.3643630408161835,665.545
US.SPY,SPDR S&P 500 ETF,2025-11-24 12:30:00,667.96,668.1856,668.4897,666.9,0.0,0.0,5776817.0,3857654762.012,0.03227689866311285,667.97
US.SPY,SPDR S&P 500 ETF,2025-11-24 13:30:00,668.18,669.19,669.75,667.94,0.0,0.0,5577346.0,3731724272.48,0.1503175165702512,668.1856
US.SPY,SPDR S&P 500 ETF,2025-11-24 14:30:00,669.18,668.8999,669.81,668.69,0.0,0.0,4802933.0,3214467728.797,-0.043350916779995544,669.19
US.SPY,SPDR S&P 500 ETF,2025-11-24 15:30:00,668.9,668.94,669.49,667.87,0.0,0.0,7769700.0,5195834316.333,0.005994917924199451,668.8999
US.SPY,SPDR S&P 500 ETF,2025-11-24 16:00:00,668.93,668.73,670.06,668.56,0.0,0.0,16070487.0,10742218276.697,-0.031392950040367795,668.94
US.SPY,SPDR S&P 500 ETF,2025-11-25 10:30:00,668.63,668.58,669.98,664.48,0.0,0.0,18390124.0,12278513343.004,-0.022430577363057924,668.73
US.SPY,SPDR S&P 500 ETF,2025-11-25 11:30:00,668.54,670.42,671.07,668.44,0.0,0.0,10317366.0,6909639309.415,0.2752101468784465,668.58
US.SPY,SPDR S&P 500 ETF,2025-11-25 12:30:00,670.41,673.32,673.88,670.22,0.0,0.0,8602228.0,5779574288.41,0.4325646609588155,670.42
US.SPY,SPDR S&P 500 ETF,2025-11-25 13:30:00,673.31,674.025,674.375,673.15,0.0,0.0,8248618.0,5554722802.566,0.10470504366422016,673.32
US.SPY,SPDR S&P 500 ETF,2025-11-25 14:30:00,674.03,673.32,674.4,672.7,0.0,0.0,6288303.0,4235503600.352,-0.10459552687213786,674.025
US.SPY,SPDR S&P 500 ETF,2025-11-25 15:30:00,673.32,674.5,674.79,672.44,0.0,0.0,8435457.0,5685138058.794,0.17525099506920186,673.32
US.SPY,SPDR S&P 500 ETF,2025-11-25 16:00:00,674.51,675.02,676.21,674.455,0.0,0.0,11682336.0,7886962575.467,0.07709414381022711,674.5
US.SPY,SPDR S&P 500 ETF,2025-11-26 10:30:00,677.63,678.13,679.48,676.72,0.0,0.0,13456825.0,9122604852.882,0.4607270895677185,675.02
US.SPY,SPDR S&P 500 ETF,2025-11-26 11:30:00,678.15,680.53,680.87,678.0606,0.0,0.0,7740360.0,5258483942.254,0.35391444118384047,678.13
US.SPY,SPDR S&P 500 ETF,2025-11-26 12:30:00,680.53,680.94,681.69,680.29,0.0,0.0,6971945.0,4745471240.164,0.060247160301541716,680.53
US.SPY,SPDR S&P 500 ETF,2025-11-26 13:30:00,680.94,681.11,681.7,679.75,0.0,0.0,6534225.0,4447385120.979,0.024965488883008643,680.94
US.SPY,SPDR S&P 500 ETF,2025-11-26 14:30:00,681.115,681.24,681.29,679.59,0.0,0.0,7179461.0,4881270445.531,0.01908649116882669,681.11
US.SPY,SPDR S&P 500 ETF,2025-11-26 15:30:00,681.25,681.2,681.59,680.49,0.0,0.0,8892751.0,6052207538.515,-0.005871645822318658,681.24
US.SPY,SPDR S&P 500 ETF,2025-11-26 16:00:00,681.2,679.68,681.4,679.62,0.0,0.0,13363236.0,9085261509.989,-0.22313564298298522,681.2
US.SPY,SPDR S&P 500 ETF,2025-11-28 10:30:00,680.86,681.69,682.32,680.5,0.0,0.0,8885486.0,6054805586.54,0.2957274011299589,679.68
US.SPY,SPDR S&P 500 ETF,2025-11-28 11:30:00,681.69,682.15,682.94,681.61,0.0,0.0,8375573.0,5714035417.147,0.0674793527849789,681.69
US.SPY,SPDR S&P 500 ETF,2025-11-28 12:30:00,682.16,682.315,683.0,681.8,0.0,0.0,9614422.0,6559805726.99,0.024188228395525514,682.15
US.SPY,SPDR S&P 500 ETF,2025-11-28 13:00:00,682.315,683.39,683.665,681.88,0.0,0.0,12349738.0,8429260642.912,0.1575518638751796,682.315
US.SPY,SPDR S&P 500 ETF,2025-12-01 10:30:00,678.81,679.83,681.86,678.74,0.0,0.0,12638742.0,8601885848.638,-0.5209324104830252,683.39
US.SPY,SPDR S&P 500 ETF,2025-12-01 11:30:00,679.84,681.0799,681.83,678.84,0.0,0.0,6028135.0,4103887929.592,0.18385478722620527,679.83
US.SPY,SPDR S&P 500 ETF,2025-12-01 12:30:00,681.08,682.01,682.51,681.07,0.0,0.0,3969353.0,2706723540.493,0.1365625384040901,681.0799
US.SPY,SPDR S&P 500 ETF,2025-12-01 13:30:00,682.0,682.48,682.79,681.73,0.0,0.0,3158749.0,2155394471.822,0.06891394554332447,682.01
US.SPY,SPDR S&P 500 ETF,2025-12-01 14:30:00,682.5,680.6,682.99,680.48,0.0,0.0,6003127.0,4093775430.865,-0.27546594772007904,682.48
US.SPY,SPDR S&P 500 ETF,2025-12-01 15:30:00,680.605,680.73,681.095,679.82,0.0,0.0,6447268.0,4387931908.044,0.01910079341757206,680.6
US.SPY,SPDR S&P 500 ETF,2025-12-01 16:00:00,680.72,680.27,681.07,679.375,0.0,0.0,16047237.0,10923388380.548,-0.06757451559355931,680.73
US.SPY,SPDR S&P 500 ETF,2025-12-02 10:30:00,681.92,681.58,683.28,681.42,0.0,0.0,9553167.0,6519486008.09,0.1925705969688593,680.27
US.SPY,SPDR S&P 500 ETF,2025-12-02 11:30:00,681.59,680.01,683.82,679.67,0.0,0.0,10830469.0,7385341553.772,-0.23034713459902725,681.58
US.SPY,SPDR S&P 500 ETF,2025-12-02 12:30:00,679.97,682.44,682.65,679.3275,0.0,0.0,6538228.0,4452140525.889,0.35734768606344963,680.01
US.SPY,SPDR S&P 500 ETF,2025-12-02 13:30:00,682.44,681.04,682.84,679.93,0.0,0.0,5105694.0,3478253178.612,-0.20514623996250084,682.44
US.SPY,SPDR S&P 500 ETF,2025-12-02 14:30:00,681.03,681.39,681.94,680.22,0.0,0.0,5297182.0,3608550220.798,0.05139198872313268,681.04
US.SPY,SPDR S&P 500 ETF,2025-12-02 15:30:00,681.37,682.505,682.7,681.3,0.0,0.0,7600415.0,5181878266.118,0.1636360968021264,681.39
US.SPY,SPDR S&P 500 ETF,2025-12-02 16:00:00,682.5,681.53,682.88,681.36,0.0,0.0,10561956.0,7201297509.241,-0.14285609629233817,682.505
US.SPY,SPDR S&P 500 ETF,2025-12-03 10:30:00,680.57,681.68,682.34,679.69,0.0,0.0,11013717.0,7501149661.316,0.022009302598561657,681.53
US.SPY,SPDR S&P 500 ETF,2025-12-03 11:30:00,681.65,682.385,682.99,681.3299,0.0,0.0,6854259.0,4677396620.781,0.10342095998122887,681.68
US.SPY,SPDR S&P 500 ETF,2025-12-03 12:30:00,682.385,683.56,683.7,681.61,0.0,0.0,5419345.0,3700588662.539,0.17219018589212168,682.385
US.SPY,SPDR S&P 500 ETF,2025-12-03 13:30:00,683.55,683.91,684.185,683.25,0.0,0.0,6141604.0,4196948046.009,0.05120252794195429,683.56
US.SPY,SPDR S&P 500 ETF,2025-12-03 14:30:00,683.93,684.33,684.5,683.7866,0.0,0.0,3990140.0,2729870167.709,0.06141158924420945,683.91
US.SPY,SPDR S&P 500 ETF,2025-12-03 15:30:00,684.33,684.5227,684.91,684.165,0.0,0.0,5891722.0,4032283050.103,0.028158929171590498,684.33
US.SPY,SPDR S&P 500 ETF,2025-12-03 16:00:00,684.525,683.89,684.62,683.55,0.0,0.0,12197831.0,8339960698.973,-0.09242936720725256,684.5227
US.SPY,SPDR S&P 500 ETF,2025-12-04 10:30:00,685.3,683.595,685.37,682.17,0.0,0.0,10774195.0,7366796855.778,-0.043135591981160584,683.89
US.SPY,SPDR S&P 500 ETF,2025-12-04 11:30:00,683.59,683.3513,684.56,682.21,0.0,0.0,8154255.0,5573625756.12,-0.03564976338328832,683.595
US.SPY,SPDR S&P 500 ETF,2025-12-04 12:30:00,683.31,684.02,684.58,682.86,0.0,0.0,7353323.0,5028711949.131,0.09785596368953192,683.3513
US.SPY,SPDR S&P 500 ETF,2025-12-04 13:30:00,684.03,684.6774,684.77,683.465,0.0,0.0,4336094.0,2966107040.485,0.09610830092688115,684.02
US.SPY,SPDR S&P 500 ETF,2025-12-04 14:30:00,684.67,682.18,684.75,681.34,0.0,0.0,8069598.0,5515215594.025,-0.36475572291419056,684.6774
US.SPY,SPDR S&P 500 ETF,2025-12-04 15:30:00,682.19,682.7501,683.96,681.99,0.0,0.0,8650063.0,5909733638.647,0.0835703186842219,682.18
US.SPY,SPDR S&P 500 ETF,2025-12-04 16:00:00,682.76,684.39,684.58,682.7,0.0,0.0,8961396.0,6126385163.212,0.2401903712646855,682.7501
US.SPY,SPDR S&P 500 ETF,2025-12-05 10:30:00,685.47,687.885,688.3,685.32,0.0,0.0,12983622.0,8916770771.097,0.5106737386577835,684.39
US.SPY,SPDR S&P 500 ETF,2025-12-05 11:30:00,687.88,685.9562,688.39,685.7,0.0,0.0,8794459.0,6040820135.3,-0.28039570567755134,687.885
US.SPY,SPDR S&P 500 ETF,2025-12-05 12:30:00,685.95,685.39,686.64,685.02,0.0,0.0,6340985.0,4347525970.042,-0.08254171330472423,685.9562
US.SPY,SPDR S&P 500 ETF,2025-12-05 13:30:00,685.41,686.55,686.705,684.58,0.0,0.0,5634618.0,3864228324.961,0.16924670625482838,685.39
US.SPY,SPDR S&P 500 ETF,2025-12-05 14:30:00,686.56,685.93,686.97,685.6399,0.0,0.0,4635922.0,3180826052.964,-0.0903066054912249,686.55
US.SPY,SPDR S&P 500 ETF,2025-12-05 15:30:00,685.94,686.005,686.38,685.57,0.0,0.0,6056848.0,4153837240.211,0.01093406032686214,685.93
US.SPY,SPDR S&P 500 ETF,2025-12-05 16:00:00,686.0,685.69,686.03,684.6,0.0,0.0,11800427.0,8087443036.465,-0.04591803266739177,686.005
US.SPY,SPDR S&P 500 ETF,2025-12-08 10:30:00,686.59,684.555,686.64,683.8724,0.0,0.0,9732997.0,6672428816.62,-0.16552669573715592,685.69
US.SPY,SPDR S&P 500 ETF,2025-12-08 11:30:00,684.54,684.09,685.05,682.91,0.0,0.0,6963306.0,4763053035.91,-0.06792733965859839,684.555
US.SPY,SPDR S&P 500 ETF,2025-12-08 12:30:00,684.08,682.69,684.12,682.19,0.0,0.0,4548989.0,3107700159.809,-0.20465143475273387,684.09
US.SPY,SPDR S&P 500 ETF,2025-12-08 13:30:00,682.69,682.83,684.4,682.6,0.0,0.0,5260525.0,3595679098.847,0.020507111573332897,682.69
US.SPY,SPDR S&P 500 ETF,2025-12-08 14:30:00,682.83,682.245,683.145,681.57,0.0,0.0,6499904.0,4436686223.963,-0.08567286147357854,682.83
US.SPY,SPDR S&P 500 ETF,2025-12-08 15:30:00,682.23,682.64,682.82,682.15,0.0,0.0,5556453.0,3792745291.494,0.057897089755143946,682.245
US.SPY,SPDR S&P 500 ETF,2025-12-08 16:00:00,682.64,683.63,683.76,682.06,0.0,0.0,11267845.0,7698495372.101,0.1450251962967317,682.64
US.SPY,SPDR S&P 500 ETF,2025-12-09 10:30:00,683.15,684.215,684.94,682.82,0.0,0.0,9708870.0,6640442774.733,0.0855726050641482,683.63
US.SPY,SPDR S&P 500 ETF,2025-12-09 11:30:00,684.2,684.81,685.34,683.585,0.0,0.0,5885784.0,4028857240.679,0.08696096987056898,684.215
US.SPY,SPDR S&P 500 ETF,2025-12-09 12:30:00,684.81,684.65,685.385,684.27,0.0,0.0,5114450.0,3502895949.849,-0.023364144799282748,684.81
US.SPY,SPDR S&P 500 ETF,2025-12-09 13:30:00,684.65,684.24,684.8599,683.62,0.0,0.0,5488070.0,3754717990.427,-0.059884612575763996,684.65
US.SPY,SPDR S&P 500 ETF,2025-12-09 14:30:00,684.24,683.73,684.345,683.35,0.0,0.0,4541283.0,3105726074.381,-0.07453525078919544,684.24
US.SPY,SPDR S&P 500 ETF,2025-12-09 15:30:00,683.73,683.325,683.8526,683.2,0.0,0.0,5717925.0,3908561520.564,-0.05923390812162297,683.73
US.SPY,SPDR S&P 500 ETF,2025-12-09 16:00:00,683.32,683.04,683.61,682.59,0.0,0.0,11767079.0,8038167023.744,-0.041707825705203504,683.325
US.SPY,SPDR S&P 500 ETF,2025-12-10 10:30:00,682.56,682.99,683.46,681.31,0.0,0.0,10141680.0,6924270366.199,-0.007320215507137873,683.04
US.SPY,SPDR S&P 500 ETF,2025-12-10 11:30:00,682.99,683.72,683.87,681.45,0.0,0.0,7777586.0,5309112108.305,0.1068829704680915,682.99
US.SPY,SPDR S&P 500 ETF,2025-12-10 12:30:00,683.72,683.14,683.84,682.95,0.0,0.0,4298084.0,2937403357.487,-0.08483004738782556,683.72
US.SPY,SPDR S&P 500 ETF,2025-12-10 13:30:00,683.12,682.89,684.22,682.7,0.0,0.0,4107752.0,2807698965.559,-0.03659571976461633,683.14
US.SPY,SPDR S&P 500 ETF,2025-12-10 14:30:00,682.88,684.21,685.74,682.445,0.0,0.0,11729115.0,8023719458.894,0.19329613847033197,682.89
US.SPY,SPDR S&P 500 ETF,2025-12-10 15:30:00,684.21,688.12,688.83,683.36,0.0,0.0,21784538.0,14960237888.407,0.5714619780476707,684.21
US.SPY,SPDR S&P 500 ETF,2025-12-10 16:00:00,688.1,687.57,688.97,687.22,0.0,0.0,15601334.0,10728612448.469,-0.07992791954890928,688.12
US.SPY,SPDR S&P 500 ETF,2025-12-11 10:30:00,685.14,686.26,686.7995,682.165,0.0,0.0,18104248.0,12392619162.891,-0.19052605552890017,687.57
US.SPY,SPDR S&P 500 ETF,2025-12-11 11:30:00,686.27,684.605,686.45,684.07,0.0,0.0,8977779.0,6154037741.442,-0.24116224171596376,686.26
US.SPY,SPDR S&P 500 ETF,2025-12-11 12:30:00,684.61,687.355,687.91,684.54,0.0,0.0,9752570.0,6693426589.74,0.4016914863315343,684.605
US.SPY,SPDR S&P 500 ETF,2025-12-11 13:30:00,687.35,687.625,688.19,686.98,0.0,0.0,6488323.0,4461578502.682,0.039281011995254536,687.355
US.SPY,SPDR S&P 500 ETF,2025-12-11 14:30:00,687.62,688.68,688.79,687.3,0.0,0.0,6966839.0,4794590939.128,0.15342664970004724,687.625
US.SPY,SPDR S&P 500 ETF,2025-12-11 15:30:00,688.68,688.435,689.25,688.41,0.0,0.0,8089375.0,5571478891.344,-0.035575303479120135,688.68
US.SPY,SPDR S&P 500 ETF,2025-12-11 16:00:00,688.44,689.17,689.18,687.99,0.0,0.0,13967329.0,9617550384.393,0.10676389201595121,688.435
US.SPY,SPDR S&P 500 ETF,2025-12-12 10:30:00,688.17,683.75,688.88,683.63,0.0,0.0,17935684.0,12321095239.028,-0.7864532698753514,689.17
US.SPY,SPDR S&P 500 ETF,2025-12-12 11:30:00,683.75,681.27,685.61,679.7,0.0,0.0,22746495.0,15522923228.023,-0.3627056672760538,683.75
US.SPY,SPDR S&P 500 ETF,2025-12-12 12:30:00,681.27,681.46,683.02,679.1744,0.0,0.0,11918363.0,8122586190.144,0.027889089494628354,681.27
US.SPY,SPDR S&P 500 ETF,2025-12-12 13:30:00,681.44,683.88,684.34,680.945,0.0,0.0,8285415.0,5661922556.375,0.3551198896486894,681.46
US.SPY,SPDR S&P 500 ETF,2025-12-12 14:30:00,683.88,681.475,683.9,681.21,0.0,0.0,9756685.0,6661881578.503,-0.3516698836053069,683.88
US.SPY,SPDR S&P 500 ETF,2025-12-12 15:30:00,681.49,681.36,682.515,681.1,0.0,0.0,10408461.0,7106000535.889,-0.01687516049745172,681.475
US.SPY,SPDR S&P 500 ETF,2025-12-12 16:00:00,681.3699,681.76,681.87,680.07,0.0,0.0,17196545.0,11724948313.111,0.05870611717740655,681.36
US.SPY,SPDR S&P 500 ETF,2025-12-15 10:30:00,685.74,679.82,685.76,679.25,0.0,0.0,20958495.0,14303793955.594,-0.28455761558318776,681.76
US.SPY,SPDR S&P 500 ETF,2025-12-15 11:30:00,679.82,682.79,683.06,679.59,0.0,0.0,12484020.0,8506805607.736,0.4368803506810499,679.82
US.SPY,SPDR S&P 500 ETF,2025-12-15 12:30:00,682.79,680.65,682.92,680.14,0.0,0.0,10154047.0,6915341606.164,-0.3134199387805894,682.79
US.SPY,SPDR S&P 500 ETF,2025-12-15 13:30:00,680.65,679.98,681.45,679.42,0.0,0.0,7961395.0,5417928373.178,-0.09843531918018938,680.65
US.SPY,SPDR S&P 500 ETF,2025-12-15 14:30:00,679.98,680.8355,681.5497,679.62,0.0,0.0,7210052.0,4908343566.773,0.12581252389776262,679.98
US.SPY,SPDR S&P 500 ETF,2025-12-15 15:30:00,680.835,681.07,681.78,680.44,0.0,0.0,9337361.0,6360195440.084,0.03444297484488183,680.8355
US.SPY,SPDR S&P 500 ETF,2025-12-15 16:00:00,681.09,680.73,681.6,680.55,0.0,0.0,15144424.0,10314757441.488,-0.04992144713466043,681.07
US.SPY,SPDR S&P 500 ETF,2025-12-16 10:30:00,679.23,677.69,681.08,676.44,0.0,0.0,18117311.0,12305738962.168,-0.4465794074008731,680.73
US.SPY,SPDR S&P 500 ETF,2025-12-16 11:30:00,677.71,677.135,679.415,676.81,0.0,0.0,11548259.0,7833227155.997,-0.08189585208577131,677.69
US.SPY,SPDR S&P 500 ETF,2025-12-16 12:30:00,677.14,677.38,678.94,676.61,0.0,0.0,7290953.0,4941826911.772,0.03618185443080103,677.135
US.SPY,SPDR S&P 500 ETF,2025-12-16 13:30:00,677.3748,675.59,678.28,674.98,0.0,0.0,9623311.0,6507353954.037,-0.2642534471050169,677.38
US.SPY,SPDR S&P 500 ETF,2025-12-16 14:30:00,675.59,677.05,678.61,675.56,0.0,0.0,12513420.0,8477281069.446,0.21610740241861526,675.59
US.SPY,SPDR S&P 500 ETF,2025-12-16 15:30:00,677.04,679.2,679.26,676.93,0.0,0.0,12746535.0,8652281646.632,0.3175540949708428,677.05
US.SPY,SPDR S&P 500 ETF,2025-12-16 16:00:00,679.195,678.87,680.56,678.82,0.0,0.0,18034370.0,12259765843.275,-0.048586572438168565,679.2
US.SPY,SPDR S&P 500 ETF,2025-12-17 10:30:00,679.89,678.93,680.435,677.6,0.0,0.0,15021092.0,10197985962.236,0.008838216447912772,678.87
US.SPY,SPDR S&P 500 ETF,2025-12-17 11:30:00,678.92,674.635,679.17,673.43,0.0,0.0,16945797.0,11447967606.721,-0.6326130823501627,678.93
US.SPY,SPDR S&P 500 ETF,2025-12-17 12:30:00,674.63,674.15,675.05,673.07,0.0,0.0,10352005.0,6981210693.891,-0.0718907260963356,674.635
US.SPY,SPDR S&P 500 ETF,2025-12-17 13:30:00,674.16,673.37,675.07,673.0,0.0,0.0,7383734.0,4977647737.606,-0.11570125343024146,674.15
US.SPY,SPDR S&P 500 ETF,2025-12-17 14:30:00,673.36,672.47,673.62,672.055,0.0,0.0,12013116.0,8090057991.394,-0.1336560880348066,673.37
US.SPY,SPDR S&P 500 ETF,2025-12-17 15:30:00,672.46,672.52,673.32,672.22,0.0,0.0,11349719.0,7643651200.011,0.007435275923082743,672.47
US.SPY,SPDR S&P 500 ETF,2025-12-17 16:00:00,672.53,671.4,673.0,671.195,0.0,0.0,18890907.0,12715752060.071,-0.16653779813239825,672.52
US.SPY,SPDR S&P 500 ETF,2025-12-18 10:30:00,677.6,679.01,679.11,675.69,0.0,0.0,19406784.0,13142074556.797,1.1334524873398888,671.4
US.SPY,SPDR S&P 500 ETF,2025-12-18 11:30:00,679.01,679.745,680.74,678.68,0.0,0.0,11747651.0,7986226578.25,0.10824582848559133,679.01
US.SPY,SPDR S&P 500 ETF,2025-12-18 12:30:00,679.74,675.78,680.71,674.9,0.0,0.0,15704315.0,10632425810.208,-0.5833069754099011,679.745
US.SPY,SPDR S&P 500 ETF,2025-12-18 13:30:00,675.79,678.825,679.09,675.48,0.0,0.0,10765979.0,7295788539.194,0.4505904288377982,675.78
US.SPY,SPDR S&P 500 ETF,2025-12-18 14:30:00,678.83,677.15,679.7,676.59,0.0,0.0,10761217.0,7294211274.266,-0.24674989872206654,678.825
US.SPY,SPDR S&P 500 ETF,2025-12-18 15:30:00,677.16,677.63,677.85,675.32,0.0,0.0,12943643.0,8757139280.131,0.0708853282138401,677.15
US.SPY,SPDR S&P 500 ETF,2025-12-18 16:00:00,677.62,676.47,678.55,676.41,0.0,0.0,17347694.0,11741876343.547,-0.17118486489676787,677.63
US.SPY,SPDR S&P 500 ETF,2025-12-19 10:30:00,676.59,679.19,680.52,676.47,0.0,0.0,19391126.0,13162196741.624,0.4020873061628789,676.47
US.SPY,SPDR S&P 500 ETF,2025-12-19 11:30:00,679.19,680.17,680.275,678.56,0.0,0.0,16047323.0,10890727261.53,0.14428952134158401,679.19
US.SPY,SPDR S&P 500 ETF,2025-12-19 12:30:00,680.19,680.68,680.835,679.34,0.0,0.0,10167041.0,6905977014.401,0.07498125468632709,680.17
US.SPY,SPDR S&P 500 ETF,2025-12-19 13:30:00,680.69,680.75,681.09,680.31,0.0,0.0,5717183.0,3891818451.264,0.010283833813252928,680.68
US.SPY,SPDR S&P 500 ETF,2025-12-19 14:30:00,680.77,680.64,680.86,680.17,0.0,0.0,5548158.0,3775606246.704,-0.016158648549396054,680.75
US.SPY,SPDR S&P 500 ETF,2025-12-19 15:30:00,680.64,680.485,681.0,680.34,0.0,0.0,8902112.0,6054714526.22,-0.022772684532200976,680.64
US.SPY,SPDR S&P 500 ETF,2025-12-19 16:00:00,680.49,680.59,680.72,679.61,0.0,0.0,21722121.0,14773040019.4,0.015430171127948181,680.485
US.SPY,SPDR S&P 500 ETF,2025-12-22 10:30:00,683.94,683.77,684.53,682.89,0.0,0.0,12116192.0,8282601136.797,0.46724165797322176,680.59
US.SPY,SPDR S&P 500 ETF,2025-12-22 11:30:00,683.77,684.67,684.975,682.68,0.0,0.0,8262077.0,5649841791.484,0.1316232066338063,683.77
US.SPY,SPDR S&P 500 ETF,2025-12-22 12:30:00,684.67,684.65,685.08,684.36,0.0,0.0,5587186.0,3825655230.65,-0.0029211152818119403,684.67
US.SPY,SPDR S&P 500 ETF,2025-12-22 13:30:00,684.645,684.715,685.36,684.35,0.0,0.0,5624645.0,3852107167.162,0.00949390199372739,684.65
US.SPY,SPDR S&P 500 ETF,2025-12-22 14:30:00,684.71,684.72,684.91,684.205,0.0,0.0,4674466.0,3199762602.708,0.0007302308259634231,684.715
US.SPY,SPDR S&P 500 ETF,2025-12-22 15:30:00,684.73,684.925,685.04,684.665,0.0,0.0,7868608.0,5383181108.274,0.02993924523891915,684.72
US.SPY,SPDR S&P 500 ETF,2025-12-22 16:00:00,684.925,684.83,685.1499,684.61,0.0,0.0,11861479.0,8122998936.586,-0.013870131766239165,684.925
US.SPY,SPDR S&P 500 ETF,2025-12-23 10:30:00,683.92,685.24,686.25,683.87,0.0,0.0,11375825.0,7794510380.755,0.05986887256690976,684.83
US.SPY,SPDR S&P 500 ETF,2025-12-23 11:30:00,685.24,686.492,686.74,685.2303,0.0,0.0,7944936.0,5451929255.318,0.1827097075477136,685.24
US.SPY,SPDR S&P 500 ETF,2025-12-23 12:30:00,686.495,687.07,687.22,686.36,0.0,0.0,6122130.0,4204521941.23,0.08419617417247226,686.492
US.SPY,SPDR S&P 500 ETF,2025-12-23 13:30:00,687.06,687.545,687.7299,686.79,0.0,0.0,7740010.0,5318559248.059,0.06913414935885849,687.07
US.SPY,SPDR S&P 500 ETF,2025-12-23 14:30:00,687.55,687.875,687.92,687.495,0.0,0.0,5558688.0,3822315203.769,0.04799685838745696,687.545
US.SPY,SPDR S&P 500 ETF,2025-12-23 15:30:00,687.87,687.85,688.03,687.71,0.0,0.0,6907632.0,4750107949.072,-0.003634381246589462,687.875
US.SPY,SPDR S&P 500 ETF,2025-12-23 16:00:00,687.84,687.96,688.2,687.64,0.0,0.0,11206573.0,7708730310.96,0.015991858690123373,687.85
US.SPY,SPDR S&P 500 ETF,2025-12-24 10:30:00,687.95,689.165,689.215,687.8,0.0,0.0,8192141.0,5641271170.194,0.17515553229837885,687.96
US.SPY,SPDR S&P 500 ETF,2025-12-24 11:30:00,689.16,689.965,689.98,689.0125,0.0,0.0,8440311.0,5819791245.968,0.11608250564089416,689.165
US.SPY,SPDR S&P 500 ETF,2025-12-24 12:30:00,689.965,690.535,690.64,689.8892,0.0,0.0,9161069.0,6323906761.447,0.08261288616088298,689.965
US.SPY,SPDR S&P 500 ETF,2025-12-24 13:00:00,690.535,690.38,690.83,690.17,0.0,0.0,9582928.0,6615736527.203,-0.022446364051057908,690.535
US.SPY,SPDR S&P 500 ETF,2025-12-26 10:30:00,690.64,690.735,691.66,689.65,0.0,0.0,9724386.0,6716558504.249,0.051420956574642684,690.38
US.SPY,SPDR S&P 500 ETF,2025-12-26 11:30:00,690.73,690.2641,691.0001,689.77,0.0,0.0,4972002.0,3433208995.464,-0.06817375694007524,690.735
US.SPY,SPDR S&P 500 ETF,2025-12-26 12:30:00,690.27,690.14,690.33,689.39,0.0,0.0,4563206.0,3148335688.255,-0.0179786258621879,690.2641
US.SPY,SPDR S&P 500 ETF,2025-12-26 13:30:00,690.13,689.6971,690.2,689.27,0.0,0.0,3437156.0,2370704774.932,-0.06417538470455396,690.14
US.SPY,SPDR S&P 500 ETF,2025-12-26 14:30:00,689.69,690.0418,690.46,689.65,0.0,0.0,3251620.0,2244003401.293,0.04997846155942789,689.6971
US.SPY,SPDR S&P 500 ETF,2025-12-26 15:30:00,690.04,690.2,690.34,690.0375,0.0,0.0,3663081.0,2528201110.088,0.022926147372532932,690.0418
US.SPY,SPDR S&P 500 ETF,2025-12-26 16:00:00,690.2,690.31,690.5,690.005,0.0,0.0,8476268.0,5851007746.283,0.01593740944652274,690.2
US.SPY,SPDR S&P 500 ETF,2025-12-29 10:30:00,687.54,687.95,689.2,686.82,0.0,0.0,11042886.0,7595698548.073,-0.34187538931782824,690.31
US.SPY,SPDR S&P 500 ETF,2025-12-29 11:30:00,687.94,687.1699,688.4,686.89,0.0,0.0,6092217.0,4188226573.907,-0.11339486881314939,687.95
US.SPY,SPDR S&P 500 ETF,2025-12-29 12:30:00,687.16,686.27,687.49,686.07,0.0,0.0,4581156.0,3146988365.531,-0.13095742406645028,687.1699
US.SPY,SPDR S&P 500 ETF,2025-12-29 13:30:00,686.27,687.33,687.545,686.18,0.0,0.0,4434020.0,3045549193.693,0.15445815786790318,686.27
US.SPY,SPDR S&P 500 ETF,2025-12-29 14:30:00,687.33,687.46,687.89,686.87,0.0,0.0,6619852.0,4553076574.474,0.01891376776802925,687.33
US.SPY,SPDR S&P 500 ETF,2025-12-29 15:30:00,687.45,688.18,688.62,687.43,0.0,0.0,8718647.0,6000999608.528,0.10473336630493607,687.46
US.SPY,SPDR S&P 500 ETF,2025-12-29 16:00:00,688.18,687.85,688.405,687.4,0.0,0.0,11663756.0,8025319751.694,-0.04795257054839246,688.18
US.SPY,SPDR S&P 500 ETF,2025-12-30 10:30:00,687.445,686.94,688.53,686.75,0.0,0.0,7981753.0,5487364189.17,-0.13229628552736325,687.85
US.SPY,SPDR S&P 500 ETF,2025-12-30 11:30:00,686.94,688.2472,688.555,686.58,0.0,0.0,5508732.0,3787510981.68,0.1902931842664521,686.94
US.SPY,SPDR S&P 500 ETF,2025-12-30 12:30:00,688.24,687.38,688.27,686.87,0.0,0.0,4807725.0,3304904074.516,-0.12600123908967958,688.2472
US.SPY,SPDR S&P 500 ETF,2025-12-30 13:30:00,687.38,687.7692,687.79,687.195,0.0,0.0,3040909.0,2090829115.335,0.05662079199277835,687.38
US.SPY,SPDR S&P 500 ETF,2025-12-30 14:30:00,687.76,687.81,687.93,687.42,0.0,0.0,3828776.0,2633164633.084,0.0059322226118863975,687.7692
US.SPY,SPDR S&P 500 ETF,2025-12-30 15:30:00,687.81,687.51,687.94,687.04,0.0,0.0,5273226.0,3625686780.85,-0.04361669647140265,687.81
US.SPY,SPDR S&P 500 ETF,2025-12-30 16:00:00,687.51,687.01,687.815,686.7,0.0,0.0,10221897.0,7026473621.641,-0.07272621489141975,687.51
US.SPY,SPDR S&P 500 ETF,2025-12-31 10:30:00,687.14,685.55,687.36,684.915,0.0,0.0,12023083.0,8247376316.157,-0.21251510167247,687.01
US.SPY,SPDR S&P 500 ETF,2025-12-31 11:30:00,685.54,685.12,685.655,684.18,0.0,0.0,8652854.0,5927109464.235,-0.06272336080518562,685.55
US.SPY,SPDR S&P 500 ETF,2025-12-31 12:30:00,685.125,685.0,685.43,684.61,0.0,0.0,4271607.0,2926365743.155,-0.017515179822513507,685.12
US.SPY,SPDR S&P 500 ETF,2025-12-31 13:30:00,684.99,685.3698,685.39,684.65,0.0,0.0,3510200.0,2404578688.995,0.053985401459862005,685.0
US.SPY,SPDR S&P 500 ETF,2025-12-31 14:30:00,685.3688,685.035,686.24,685.01,0.0,0.0,5504412.0,3774268597.124,-0.048849540788066026,685.3698
US.SPY,SPDR S&P 500 ETF,2025-12-31 15:30:00,685.04,682.72,685.14,682.545,0.0,0.0,11346687.0,7759026076.984,-0.33793893742654624,685.035
US.SPY,SPDR S&P 500 ETF,2025-12-31 16:00:00,682.72,681.92,683.72,681.71,0.0,0.0,17007705.0,11614862713.733,-0.11717834544177236,682.72
US.SPY,SPDR S&P 500 ETF,2026-01-02 10:30:00,685.71,682.45,686.87,681.58,0.0,0.0,20475843.0,14019958034.515,0.07772172688879728,681.92
US.SPY,SPDR S&P 500 ETF,2026-01-02 11:30:00,682.45,681.81,684.59,680.42,0.0,0.0,15081259.0,10290785577.245,-0.09377976408529563,682.45
US.SPY,SPDR S&P 500 ETF,2026-01-02 12:30:00,681.81,682.45,682.65,680.28,0.0,0.0,9496234.0,6472954801.136,0.09386779308019831,681.81
US.SPY,SPDR S&P 500 ETF,2026-01-02 13:30:00,682.45,680.98,682.8009,680.64,0.0,0.0,5768521.0,3931440145.884,-0.2154003956333837,682.45
US.SPY,SPDR S&P 500 ETF,2026-01-02 14:30:00,680.98,682.95,683.12,679.82,0.0,0.0,8908894.0,6070887352.749,0.2892889659020863,680.98
US.SPY,SPDR S&P 500 ETF,2026-01-02 15:30:00,682.94,683.24,683.95,682.85,0.0,0.0,10091661.0,6896521112.23,0.04246284501061039,682.95
US.SPY,SPDR S&P 500 ETF,2026-01-02 16:00:00,683.24,683.17,683.42,682.07,0.0,0.0,11923332.0,8140884804.012,-0.01024530179732598,683.24
US.SPY,SPDR S&P 500 ETF,2026-01-05 10:30:00,686.54,688.5256,688.61,686.375,0.0,0.0,16352024.0,11238919396.156,0.7839337207430208,683.17
US.SPY,SPDR S&P 500 ETF,2026-01-05 11:30:00,688.52,688.64,688.87,687.96,0.0,0.0,8881663.0,6112616478.984,0.016615213726248135,688.5256
US.SPY,SPDR S&P 500 ETF,2026-01-05 12:30:00,688.63,688.35,689.43,688.21,0.0,0.0,9198931.0,6334809720.75,-0.042111988847578365,688.64
US.SPY,SPDR S&P 500 ETF,2026-01-05 13:30:00,688.3599,688.38,688.79,687.65,0.0,0.0,5357930.0,3687937499.005,0.004358247984306343,688.35
US.SPY,SPDR S&P 500 ETF,2026-01-05 14:30:00,688.36,688.185,688.775,688.13,0.0,0.0,4605216.0,3169804676.886,-0.028327377320673176,688.38
US.SPY,SPDR S&P 500 ETF,2026-01-05 15:30:00,688.19,687.966,688.2999,687.29,0.0,0.0,7410436.0,5096010294.264,-0.03182283833561285,688.185
US.SPY,SPDR S&P 500 ETF,2026-01-05 16:00:00,687.965,687.72,688.12,687.16,0.0,0.0,12747598.0,8764016106.921,-0.03575758104324645,687.966
US.SPY,SPDR S&P 500 ETF,2026-01-06 10:30:00,687.93,690.6599,690.86,687.78,0.0,0.0,14832875.0,10227449820.78,0.4274850229744614,687.72
US.SPY,SPDR S&P 500 ETF,2026-01-06 11:30:00,690.65,689.045,690.65,688.3,0.0,0.0,10892642.0,7508810028.672,-0.233819858370239,690.6599
US.SPY,SPDR S&P 500 ETF,2026-01-06 12:30:00,689.05,690.39,690.62,688.62,0.0,0.0,7721210.0,5324081699.261,0.19519770116611068,689.045
US.SPY,SPDR S&P 500 ETF,2026-01-06 13:30:00,690.39,690.8702,691.2,690.37,0.0,0.0,5873840.0,4057917495.539,0.06955488926548299,690.39
US.SPY,SPDR S&P 500 ETF,2026-01-06 14:30:00,690.88,691.94,692.16,690.65,0.0,0.0,6059935.0,4191372564.075,0.1548481900073415,690.8702
US.SPY,SPDR S&P 500 ETF,2026-01-06 15:30:00,691.948,691.96,692.24,691.82,0.0,0.0,6389918.0,4421949471.83,0.0028904240252018683,691.94
US.SPY,SPDR S&P 500 ETF,2026-01-06 16:00:00,691.96,691.81,692.315,691.78,0.0,0.0,11990687.0,8295954178.615,-0.021677553615829084,691.96
US.SPY,SPDR S&P 500 ETF,2026-01-07 10:30:00,692.19,691.672,693.09,691.1,0.0,0.0,12721400.0,8804317518.018,-0.019947673494155906,691.81
US.SPY,SPDR S&P 500 ETF,2026-01-07 11:30:00,691.67,692.25,692.825,690.96,0.0,0.0,8989610.0,6222436393.432,0.08356562069882466,691.672
US.SPY,SPDR S&P 500 ETF,2026-01-07 12:30:00,692.25,693.6596,693.96,692.1683,0.0,0.0,7032473.0,4875022103.008,0.20362585771035824,692.25
US.SPY,SPDR S&P 500 ETF,2026-01-07 13:30:00,693.66,692.13,693.79,692.04,0.0,0.0,7415071.0,5138064686.692,-0.22051161693717775,693.6596
US.SPY,SPDR S&P 500 ETF,2026-01-07 14:30:00,692.13,691.68,693.145,691.45,0.0,0.0,8556843.0,5923989459.056,-0.0650166876164948,692.13
US.SPY,SPDR S&P 500 ETF,2026-01-07 15:30:00,691.68,690.36,692.16,690.1175,0.0,0.0,11097842.0,7672293911.834,-0.19083969465647938,691.68
US.SPY,SPDR S&P 500 ETF,2026-01-07 16:00:00,690.36,689.58,690.37,689.32,0.0,0.0,14428457.0,9954234310.8,-0.11298452981052967,690.36
US.SPY,SPDR S&P 500 ETF,2026-01-08 10:30:00,688.82,689.63,690.02,687.49,0.0,0.0,16443006.0,11325943981.079,0.0072507903361400455,689.58
US.SPY,SPDR S&P 500 ETF,2026-01-08 11:30:00,689.65,689.08,689.975,688.51,0.0,0.0,9738292.0,6712536461.541,-0.07975291098124422,689.63
US.SPY,SPDR S&P 500 ETF,2026-01-08 12:30:00,689.08,689.35,690.085,688.44,0.0,0.0,6230840.0,4295952913.113,0.03918267835374438,689.08
US.SPY,SPDR S&P 500 ETF,2026-01-08 13:30:00,689.34,689.5,690.615,688.79,0.0,0.0,6160920.0,4249561206.984,0.021759628635667983,689.35
US.SPY,SPDR S&P 500 ETF,2026-01-08 14:30:00,689.5,688.92,689.805,688.28,0.0,0.0,5131818.0,3536159086.171,-0.0841189267585266,689.5
US.SPY,SPDR S&P 500 ETF,2026-01-08 15:30:00,688.93,689.575,689.65,688.57,0.0,0.0,5882481.0,4053152638.046,0.09507635139059491,688.92
US.SPY,SPDR S&P 500 ETF,2026-01-08 16:00:00,689.57,689.51,690.055,689.255,0.0,0.0,9295186.0,6410192564.197,-0.00942609578364276,689.575
US.SPY,SPDR S&P 500 ETF,2026-01-09 10:30:00,690.63,693.13,693.34,689.18,0.0,0.0,17859168.0,12345017804.854,0.5250105147133478,689.51
US.SPY,SPDR S&P 500 ETF,2026-01-09 11:30:00,693.13,692.8599,693.65,691.28,0.0,0.0,11465777.0,7941788561.715,-0.03896815893121878,693.13
US.SPY,SPDR S&P 500 ETF,2026-01-09 12:30:00,692.85,694.22,694.38,692.545,0.0,0.0,6532720.0,4531628993.483,0.19630231162172737,692.8599
US.SPY,SPDR S&P 500 ETF,2026-01-09 13:30:00,694.23,693.87,694.5,693.36,0.0,0.0,5096511.0,3536726780.519,-0.050416294546400675,694.22
US.SPY,SPDR S&P 500 ETF,2026-01-09 14:30:00,693.87,694.81,694.8899,693.855,0.0,0.0,5156674.0,3581690374.698,0.13547206249008328,693.87
US.SPY,SPDR S&P 500 ETF,2026-01-09 15:30:00,694.805,695.025,695.31,694.71,0.0,0.0,6801744.0,4724976059.568,0.030943711230412896,694.81
US.SPY,SPDR S&P 500 ETF,2026-01-09 16:00:00,695.02,694.07,695.12,693.9,0.0,0.0,13076007.0,9077152150.939,-0.13740512931188478,695.025
US.SPY,SPDR S&P 500 ETF,2026-01-12 10:30:00,690.68,693.57,693.9,690.63,0.0,0.0,15632660.0,10831151498.027,-0.07203884334433126,694.07
US.SPY,SPDR S&P 500 ETF,2026-01-12 11:30:00,693.565,694.23,694.68,692.96,0.0,0.0,8829215.0,6125892205.407,0.09515982525195267,693.57
US.SPY,SPDR S&P 500 ETF,2026-01-12 12:30:00,694.24,694.535,694.86,694.07,0.0,0.0,5580715.0,3875650852.237,0.04393356668538524,694.23
US.SPY,SPDR S&P 500 ETF,2026-01-12 13:30:00,694.53,695.125,695.2,694.1,0.0,0.0,4640846.0,3224234597.342,0.08494892266048966,694.535
US.SPY,SPDR S&P 500 ETF,2026-01-12 14:30:00,695.125,695.32,695.46,694.93,0.0,0.0,5526086.0,3841427670.765,0.0280525085416364,695.125
US.SPY,SPDR S&P 500 ETF,2026-01-12 15:30:00,695.32,695.32,696.09,695.18,0.0,0.0,8009540.0,5570188153.276,0.0,695.32
US.SPY,SPDR S&P 500 ETF,2026-01-12 16:00:00,695.32,695.16,695.74,695.14,0.0,0.0,9953523.0,6920850254.56,-0.023010987746660796,695.32
US.SPY,SPDR S&P 500 ETF,2026-01-13 10:30:00,695.49,692.73,696.09,692.09,0.0,0.0,16929675.0,11756553224.675,-0.34955981356809224,695.16
US.SPY,SPDR S&P 500 ETF,2026-01-13 11:30:00,692.72,693.4801,694.2801,692.41,0.0,0.0,8468105.0,5872132845.125,0.10828172592495992,692.73
US.SPY,SPDR S&P 500 ETF,2026-01-13 12:30:00,693.48,694.56,695.2,693.25,0.0,0.0,7316899.0,5082013626.669,0.1557218440730963,693.4801
US.SPY,SPDR S&P 500 ETF,2026-01-13 13:30:00,694.55,692.92,694.715,692.42,0.0,0.0,7905172.0,5481538076.755,-0.23612070951393493,694.56
US.SPY,SPDR S&P 500 ETF,2026-01-13 14:30:00,692.91,693.01,693.65,692.23,0.0,0.0,6934521.0,4804546020.062,0.0129885123823864,692.92
US.SPY,SPDR S&P 500 ETF,2026-01-13 15:30:00,693.005,692.0,693.205,691.94,0.0,0.0,8109469.0,5617247183.97,-0.14574104269779528,693.01
US.SPY,SPDR S&P 500 ETF,2026-01-13 16:00:00,692.0,693.77,693.96,691.35,0.0,0.0,13736917.0,9519183492.086,0.2557803468208066,692.0
US.SPY,SPDR S&P 500 ETF,2026-01-14 10:30:00,691.0,688.76,691.72,687.67,0.0,0.0,19103357.0,13176491173.474,-0.7221413436729739,693.77
US.SPY,SPDR S&P 500 ETF,2026-01-14 11:30:00,688.75,689.15,689.33,686.51,0.0,0.0,11915345.0,8196283917.204,0.056623497299492766,688.76
US.SPY,SPDR S&P 500 ETF,2026-01-14 12:30:00,689.16,687.0999,689.47,686.04,0.0,0.0,9202634.0,6324495567.437,-0.29748240586228386,689.15
US.SPY,SPDR S&P 500 ETF,2026-01-14 13:30:00,687.09,687.6,687.65,686.19,0.0,0.0,6027883.0,4140391119.73,0.07278417592550587,687.0999
US.SPY,SPDR S&P 500 ETF,2026-01-14 14:30:00,687.59,688.125,688.315,686.26,0.0,0.0,7396419.0,5085685997.149,0.0763525305410089,687.6
US.SPY,SPDR S&P 500 ETF,2026-01-14 15:30:00,688.13,689.15,689.69,687.32,0.0,0.0,12640388.0,8711903847.989,0.14895549500453803,688.125
US.SPY,SPDR S&P 500 ETF,2026-01-14 16:00:00,689.15,690.36,690.64,688.62,0.0,0.0,19036694.0,13144492217.278,0.17557861133280656,689.15
US.SPY,SPDR S&P 500 ETF,2026-01-15 10:30:00,694.57,693.94,694.72,693.18,0.0,0.0,14782245.0,10259147653.199,0.5185700214380963,690.36
US.SPY,SPDR S&P 500 ETF,2026-01-15 11:30:00,693.94,694.815,695.16,692.99,0.0,0.0,11678204.0,8107761183.401,0.1260915929331066,693.94
US.SPY,SPDR S&P 500 ETF,2026-01-15 12:30:00,694.81,694.45,695.45,694.39,0.0,0.0,5724900.0,3978716700.832,-0.05253196894137419,694.815
US.SPY,SPDR S&P 500 ETF,2026-01-15 13:30:00,694.45,694.885,695.0199,693.88,0.0,0.0,5880426.0,4083871276.67,0.06263949888400107,694.45
US.SPY,SPDR S&P 500 ETF,2026-01-15 14:30:00,694.88,693.61,695.25,693.52,0.0,0.0,5756852.0,3997879120.78,-0.18348359800542208,694.885
US.SPY,SPDR S&P 500 ETF,2026-01-15 15:30:00,693.61,691.83,693.7376,691.2907,0.0,0.0,11933081.0,8265006407.678,-0.2566283646429511,693.61
US.SPY,SPDR S&P 500 ETF,2026-01-15 16:00:00,691.835,692.24,692.28,691.25,0.0,0.0,12727455.0,8802181379.642,0.05926311377071942,691.83
US.SPY,SPDR S&P 500 ETF,2026-01-16 10:30:00,693.66,691.65,694.25,691.5,0.0,0.0,15103160.0,10463592833.125,-0.0852305558765792,692.24
US.SPY,SPDR S&P 500 ETF,2026-01-16 11:30:00,691.65,692.715,692.82,690.1,0.0,0.0,17868565.0,12366991340.55,0.1539796139666095,691.65
US.SPY,SPDR S&P 500 ETF,2026-01-16 12:30:00,692.72,692.52,693.47,692.13,0.0,0.0,6174487.0,4277978162.988,-0.028150105021552876,692.715
US.SPY,SPDR S&P 500 ETF,2026-01-16 13:30:00,692.52,693.0,693.2,691.82,0.0,0.0,4286971.0,2968826338.151,0.06931207762952957,692.52
US.SPY,SPDR S&P 500 ETF,2026-01-16 14:30:00,693.0,692.04,693.71,691.96,0.0,0.0,6259040.0,4335957679.081,-0.13852813852814377,693.0
US.SPY,SPDR S&P 500 ETF,2026-01-16 15:30:00,692.05,692.155,693.0,692.01,0.0,0.0,6434440.0,4456340384.925,0.016617536558581746,692.04
US.SPY,SPDR S&P 500 ETF,2026-01-16 16:00:00,692.15,691.66,692.4885,691.47,0.0,0.0,13340911.0,9231514855.472,-0.07151577320109001,692.155
US.SPY,SPDR S&P 500 ETF,2026-01-20 10:30:00,681.49,683.8788,684.01,680.91,0.0,0.0,25329502.0,17280099129.66,-1.1250036144926716,691.66
US.SPY,SPDR S&P 500 ETF,2026-01-20 11:30:00,683.85,683.84,684.77,682.58,0.0,0.0,13056023.0,8933876557.965,-0.005673519927788928,683.8788
US.SPY,SPDR S&P 500 ETF,2026-01-20 12:30:00,683.83,682.395,684.345,682.12,0.0,0.0,9075527.0,6203375318.459,-0.21130673841835076,683.84
US.SPY,SPDR S&P 500 ETF,2026-01-20 13:30:00,682.39,680.29,682.39,680.225,0.0,0.0,8949341.0,6101734270.785,-0.3084723657119437,682.395
US.SPY,SPDR S&P 500 ETF,2026-01-20 14:30:00,680.28,678.04,680.42,677.69,0.0,0.0,11395002.0,7738471560.894,-0.33074130150377046,680.29
US.SPY,SPDR S&P 500 ETF,2026-01-20 15:30:00,678.04,677.39,678.48,676.93,0.0,0.0,13591550.0,9213262938.361,-0.09586455076396339,678.04
US.SPY,SPDR S&P 500 ETF,2026-01-20 16:00:00,677.4,677.58,677.74,676.57,0.0,0.0,19082757.0,12953465282.183,0.02804883449712198,677.39
US.SPY,SPDR S&P 500 ETF,2026-01-21 10:30:00,679.65,683.02,683.42,678.97,0.0,0.0,20118794.0,13701399715.649,0.8028572271908764,677.58
US.SPY,SPDR S&P 500 ETF,2026-01-21 11:30:00,683.02,684.25,685.13,682.94,0.0,0.0,10931762.0,7478513973.72,0.1800825744487743,683.02
US.SPY,SPDR S&P 500 ETF,2026-01-21 12:30:00,684.25,679.85,684.3,678.13,0.0,0.0,17656941.0,12017576035.32,-0.643039824625499,684.25
US.SPY,SPDR S&P 500 ETF,2026-01-21 13:30:00,679.865,680.57,680.97,678.63,0.0,0.0,9830866.0,6683043349.603,0.10590571449584868,679.85
US.SPY,SPDR S&P 500 ETF,2026-01-21 14:30:00,680.57,684.4,685.02,679.72,0.0,0.0,11425861.0,7786939218.68,0.5627635658345103,680.57
US.SPY,SPDR S&P 500 ETF,2026-01-21 15:30:00,684.41,685.355,688.735,684.33,0.0,0.0,26279049.0,18041270941.091,0.1395382817066103,684.4
US.SPY,SPDR S&P 500 ETF,2026-01-21 16:00:00,685.35,685.4,686.16,684.63,0.0,0.0,18028236.0,12343181676.586,0.006565940279119445,685.355
US.SPY,SPDR S&P 500 ETF,2026-01-22 10:30:00,689.85,688.44,690.67,686.92,0.0,0.0,19038818.0,13110696782.222,0.4435366209512806,685.4
US.SPY,SPDR S&P 500 ETF,2026-01-22 11:30:00,688.46,689.8,690.0469,688.05,0.0,0.0,7734972.0,5330843306.616,0.19754807971644586,688.44
US.SPY,SPDR S&P 500 ETF,2026-01-22 12:30:00,689.8,690.23,690.558,689.405,0.0,0.0,5491471.0,3788794075.256,0.06233690924906694,689.8
US.SPY,SPDR S&P 500 ETF,2026-01-22 13:30:00,690.24,690.45,691.125,690.24,0.0,0.0,4945048.0,3415686648.633,0.031873433493187386,690.23
US.SPY,SPDR S&P 500 ETF,2026-01-22 14:30:00,690.44,690.66,690.96,689.83,0.0,0.0,6287811.0,4338769301.493,0.030414946773831945,690.45
US.SPY,SPDR S&P 500 ETF,2026-01-22 15:30:00,690.66,688.16,690.735,688.13,0.0,0.0,10201841.0,7031691716.669,-0.3619726059131845,690.66
US.SPY,SPDR S&P 500 ETF,2026-01-22 16:00:00,688.16,688.98,689.045,687.595,0.0,0.0,12144833.0,8360972725.52,0.11915833527087452,688.16
US.SPY,SPDR S&P 500 ETF,2026-01-23 10:30:00,688.15,689.325,689.8501,687.16,0.0,0.0,12294097.0,8463596244.929,0.05007402246800012,688.98
US.SPY,SPDR S&P 500 ETF,2026-01-23 11:30:00,689.32,690.07,690.96,689.21,0.0,0.0,7187192.0,4961096010.837,0.10807674174010873,689.325
US.SPY,SPDR S&P 500 ETF,2026-01-23 12:30:00,690.06,690.19,690.615,689.35,0.0,0.0,5703870.0,3935689916.668,0.017389540191575428,690.07
US.SPY,SPDR S&P 500 ETF,2026-01-23 13:30:00,690.198,688.92,690.28,687.73,0.0,0.0,7621077.0,5248744009.514,-0.18400730233705145,690.19
US.SPY,SPDR S&P 500 ETF,2026-01-23 14:30:00,688.94,689.5479,690.1995,688.37,0.0,0.0,5739670.0,3956742670.6,0.09114265807351621,688.92
US.SPY,SPDR S&P 500 ETF,2026-01-23 15:30:00,689.55,688.845,689.86,688.51,0.0,0.0,7050879.0,4860118120.591,-0.10193635569044582,689.5479
US.SPY,SPDR S&P 500 ETF,2026-01-23 16:00:00,688.84,689.23,689.61,688.55,0.0,0.0,10155553.0,6998441041.948,0.05589065754995549,688.845
US.SPY,SPDR S&P 500 ETF,2026-01-26 10:30:00,690.49,692.55,693.4,689.92,0.0,0.0,12939699.0,8955504498.064,0.4816969661796405,689.23
US.SPY,SPDR S&P 500 ETF,2026-01-26 11:30:00,692.54,693.11,693.3388,692.23,0.0,0.0,6812688.0,4719097555.785,0.08086058768320831,692.55
US.SPY,SPDR S&P 500 ETF,2026-01-26 12:30:00,693.11,693.506848,693.7099,692.775,0.0,0.0,4272280.0,2961880919.322,0.05725613538976168,693.11
US.SPY,SPDR S&P 500 ETF,2026-01-26 13:30:00,693.5,693.79,693.87,692.9,0.0,0.0,4213355.0,2920283519.88,0.040829012837660224,693.506848
US.SPY,SPDR S&P 500 ETF,2026-01-26 14:30:00,693.78,693.82,694.13,693.33,0.0,0.0,4543004.0,3151544061.128,0.004324075008300264,693.79
US.SPY,SPDR S&P 500 ETF,2026-01-26 15:30:00,693.825,693.57,694.0,693.42,0.0,0.0,6435835.0,4461556536.392,-0.03603240033438067,693.82
US.SPY,SPDR S&P 500 ETF,2026-01-26 16:00:00,693.575,692.73,693.87,692.62,0.0,0.0,12989035.0,8998051080.354,-0.12111250486613201,693.57
US.SPY,SPDR S&P 500 ETF,2026-01-27 10:30:00,694.18,694.78,695.48,693.57,0.0,0.0,10319741.0,7168884663.054,0.2959305934491006,692.73
US.SPY,SPDR S&P 500 ETF,2026-01-27 11:30:00,694.77,696.19,696.48,694.715,0.0,0.0,6980256.0,4857348964.912,0.20294193845535016,694.78
US.SPY,SPDR S&P 500 ETF,2026-01-27 12:30:00,696.19,695.985,696.53,695.38,0.0,0.0,6567808.0,4570311720.692,-0.02944598457318274,696.19
US.SPY,SPDR S&P 500 ETF,2026-01-27 13:30:00,695.98,695.795,696.08,694.91,0.0,0.0,4603892.0,3201785321.366,-0.027299438924697307,695.985
US.SPY,SPDR S&P 500 ETF,2026-01-27 14:30:00,695.8,696.17,696.21,695.71,0.0,0.0,3684277.0,2563275854.621,0.053895184644902595,695.795
US.SPY,SPDR S&P 500 ETF,2026-01-27 15:30:00,696.17,695.9999,696.4,695.94,0.0,0.0,4962002.0,3453970544.799,-0.02443368717410029,696.17
US.SPY,SPDR S&P 500 ETF,2026-01-27 16:00:00,695.99,695.49,696.18,695.4,0.0,0.0,10858373.0,7554224296.52,-0.07326150477895414,695.9999
US.SPY,SPDR S&P 500 ETF,2026-01-28 10:30:00,697.05,696.5139,697.84,696.03,0.0,0.0,12329077.0,8594527729.843,0.14721994564983334,695.49
US.SPY,SPDR S&P 500 ETF,2026-01-28 11:30:00,696.52,696.1242,696.79,695.45,0.0,0.0,5688315.0,3959142132.865,-0.05595006790245846,696.5139
US.SPY,SPDR S&P 500 ETF,2026-01-28 12:30:00,696.12,694.855,696.12,694.495,0.0,0.0,6106614.0,4244895685.259,-0.18232378647372915,696.1242
US.SPY,SPDR S&P 500 ETF,2026-01-28 13:30:00,694.835,695.15,695.435,694.52,0.0,0.0,3770220.0,2620187183.066,0.042454900662722304,694.855
US.SPY,SPDR S&P 500 ETF,2026-01-28 14:30:00,695.16,694.18,695.6499,694.046,0.0,0.0,5281039.0,3669979753.65,-0.1395382291591782,695.15
US.SPY,SPDR S&P 500 ETF,2026-01-28 15:30:00,694.18,695.45,696.285,693.94,0.0,0.0,9923146.0,6899881142.188,0.1829496672332962,694.18
US.SPY,SPDR S&P 500 ETF,2026-01-28 16:00:00,695.44,695.42,696.135,694.75,0.0,0.0,11653020.0,8105200461.213,-0.0043137536846770295,695.45
US.SPY,SPDR S&P 500 ETF,2026-01-29 10:30:00,696.39,688.97,697.06,688.86,0.0,0.0,21626760.0,14972576921.639,-0.9274970521411423,695.42
US.SPY,SPDR S&P 500 ETF,2026-01-29 11:30:00,688.97,687.91,689.31,684.83,0.0,0.0,19319525.0,13271371448.494,-0.1538528528092746,688.97
US.SPY,SPDR S&P 500 ETF,2026-01-29 12:30:00,687.91,691.0301,691.36,687.82,0.0,0.0,9854698.0,6793571651.306,0.4535622392464101,687.91
US.SPY,SPDR S&P 500 ETF,2026-01-29 13:30:00,691.02,690.97,691.675,688.71,0.0,0.0,8639765.0,5964043640.499,-0.008697160948549179,691.0301
US.SPY,SPDR S&P 500 ETF,2026-01-29 14:30:00,690.98,692.07,692.21,690.19,0.0,0.0,8207263.0,5673716046.161,0.1591964918882184,690.97
US.SPY,SPDR S&P 500 ETF,2026-01-29 15:30:00,692.07,691.57,692.225,691.045,0.0,0.0,7986449.0,5524838200.318,-0.07224702703483751,692.07
US.SPY,SPDR S&P 500 ETF,2026-01-29 16:00:00,691.58,694.04,694.79,691.39,0.0,0.0,14885797.0,10322860638.907,0.35715834984165207,691.57
US.SPY,SPDR S&P 500 ETF,2026-01-30 10:30:00,691.79,691.385,694.05,691.222,0.0,0.0,13397212.0,9279587595.628,-0.3825427929225942,694.04
US.SPY,SPDR S&P 500 ETF,2026-01-30 11:30:00,691.38,691.06,694.21,690.255,0.0,0.0,8920922.0,6174644759.494,-0.04700709445533899,691.385
US.SPY,SPDR S&P 500 ETF,2026-01-30 12:30:00,691.05,691.07,692.43,688.73,0.0,0.0,8647345.0,5972232282.668,0.0014470523543693157,691.06
US.SPY,SPDR S&P 500 ETF,2026-01-30 13:30:00,691.065,689.47,691.53,687.12,0.0,0.0,8090878.0,5578702343.298,-0.23152502640832662,691.07
US.SPY,SPDR S&P 500 ETF,2026-01-30 14:30:00,689.47,691.34,692.7,687.85,0.0,0.0,9885571.0,6834531674.698,0.27122282332806424,689.47
US.SPY,SPDR S&P 500 ETF,2026-01-30 15:30:00,691.33,690.04,692.28,689.3,0.0,0.0,12821639.0,8867023223.427,-0.18804061677323286,691.34
US.SPY,SPDR S&P 500 ETF,2026-01-30 16:00:00,690.07,691.97,692.8262,689.97,0.0,0.0,22835098.0,15806829377.996,0.2796939307866303,690.04
US.SPY,SPDR S&P 500 ETF,2026-02-02 10:30:00,689.58,694.685,695.67,689.425,0.0,0.0,20379490.0,14123280760.847,0.3923580502044768,691.97
US.SPY,SPDR S&P 500 ETF,2026-02-02 11:30:00,694.685,695.55,695.75,693.92,0.0,0.0,9246599.0,6425846312.524,0.12451686735714881,694.685
US.SPY,SPDR S&P 500 ETF,2026-02-02 12:30:00,695.56,696.225,696.52,694.49,0.0,0.0,6169593.0,4291402280.064,0.09704550355834494,695.55
US.SPY,SPDR S&P 500 ETF,2026-02-02 13:30:00,696.2275,696.0601,696.93,695.685,0.0,0.0,4684380.0,3261387880.547,-0.023684871988220578,696.225
US.SPY,SPDR S&P 500 ETF,2026-02-02 14:30:00,696.07,696.79,696.88,696.025,0.0,0.0,4978832.0,3466286758.125,0.10486163479273264,696.0601
US.SPY,SPDR S&P 500 ETF,2026-02-02 15:30:00,696.785,695.8086,696.79,695.0103,0.0,0.0,12164043.0,8465432222.926,-0.14084587895922843,696.79
US.SPY,SPDR S&P 500 ETF,2026-02-02 16:00:00,695.81,695.41,695.96,695.08,0.0,0.0,15188924.0,10559589385.029,-0.05728586855637996,695.8086
US.SPY,SPDR S&P 500 ETF,2026-02-03 10:30:00,696.21,692.205,696.96,690.8,0.0,0.0,21505668.0,14926383136.24,-0.4608791935692509,695.41
US.SPY,SPDR S&P 500 ETF,2026-02-03 11:30:00,692.19,690.8,693.43,690.67,0.0,0.0,11004974.0,7616938994.287,-0.2029745523363868,692.205
US.SPY,SPDR S&P 500 ETF,2026-02-03 12:30:00,690.81,688.83,691.4499,688.61,0.0,0.0,12025864.0,8301704155.2,-0.2851766068326453,690.8
US.SPY,SPDR S&P 500 ETF,2026-02-03 13:30:00,688.82,686.365,688.94,686.24,0.0,0.0,12570338.0,8647653869.239,-0.35785317131948835,688.83
US.SPY,SPDR S&P 500 ETF,2026-02-03 14:30:00,686.365,686.2135,687.22,684.03,0.0,0.0,14153452.0,9710467704.846,-0.022072803828874648,686.365
US.SPY,SPDR S&P 500 ETF,2026-02-03 15:30:00,686.21,687.53,687.805,685.13,0.0,0.0,12507175.0,8590510782.579,0.19184991260009007,686.2135
US.SPY,SPDR S&P 500 ETF,2026-02-03 16:00:00,687.53,689.53,689.75,687.49,0.0,0.0,14284141.0,9845423146.239,0.2908963972481201,687.53
US.SPY,SPDR S&P 500 ETF,2026-02-04 10:30:00,690.35,689.9,691.45,686.51,0.0,0.0,19278227.0,13290048268.799,0.053659739242673206,689.53
US.SPY,SPDR S&P 500 ETF,2026-02-04 11:30:00,689.9,688.3499,690.27,686.39,0.0,0.0,15328249.0,10551175716.64,-0.22468473691838373,689.9
US.SPY,SPDR S&P 500 ETF,2026-02-04 12:30:00,688.35,683.7,688.48,683.22,0.0,0.0,12211179.0,8377167716.471,-0.675514008210069,688.3499
US.SPY,SPDR S&P 500 ETF,2026-02-04 13:30:00,683.7,684.8,685.01,681.76,0.0,0.0,14609367.0,9982177443.421,0.16088927892349114,683.7
US.SPY,SPDR S&P 500 ETF,2026-02-04 14:30:00,684.81,685.34,685.51,683.11,0.0,0.0,10448444.0,7150963404.661,0.07885514018692719,684.8
US.SPY,SPDR S&P 500 ETF,2026-02-04 15:30:00,685.34,687.54,688.49,685.3,0.0,0.0,13360759.0,9182507242.84,0.3210085505004715,685.34
US.SPY,SPDR S&P 500 ETF,2026-02-04 16:00:00,687.53,686.19,688.44,685.641,0.0,0.0,11715007.0,8049358807.567,-0.1963522122349113,687.54
US.SPY,SPDR S&P 500 ETF,2026-02-05 10:30:00,680.94,676.64,683.69,676.175,0.0,0.0,24671102.0,16772471414.5,-1.3917428117576862,686.19
US.SPY,SPDR S&P 500 ETF,2026-02-05 11:30:00,676.65,679.66,679.79,675.79,0.0,0.0,17667830.0,11967204147.482,0.4463230078032605,676.64
US.SPY,SPDR S&P 500 ETF,2026-02-05 12:30:00,679.66,681.5,681.94,678.95,0.0,0.0,11900079.0,8095475631.257,0.2707235970926687,679.66
US.SPY,SPDR S&P 500 ETF,2026-02-05 13:30:00,681.52,679.15,682.615,678.85,0.0,0.0,7798767.0,5308455205.025,-0.3448275862068999,681.5
US.SPY,SPDR S&P 500 ETF,2026-02-05 14:30:00,679.16,680.245,681.47,677.685,0.0,0.0,10370564.0,7050891103.893,0.16123095045277586,679.15
US.SPY,SPDR S&P 500 ETF,2026-02-05 15:30:00,680.24,677.77,680.895,677.64,0.0,0.0,11271477.0,7658298116.265,-0.36383949900403867,680.245
US.SPY,SPDR S&P 500 ETF,2026-02-05 16:00:00,677.79,677.62,678.3499,676.1855,0.0,0.0,15154738.0,10278390391.217,-0.0221314015078828,677.77
US.SPY,SPDR S&P 500 ETF,2026-02-06 10:30:00,681.46,685.65,686.51,680.85,0.0,0.0,23275792.0,15929336357.789,1.1850299577934496,677.62
US.SPY,SPDR S&P 500 ETF,2026-02-06 11:30:00,685.65,687.105,687.72,684.33,0.0,0.0,13428228.0,9216286152.878,0.21220739444323505,685.65
US.SPY,SPDR S&P 500 ETF,2026-02-06 12:30:00,687.105,688.48,688.51,686.94,0.0,0.0,7490705.0,5151715505.057,0.20011497514935855,687.105
US.SPY,SPDR S&P 500 ETF,2026-02-06 13:30:00,688.5,688.945,689.54,687.8524,0.0,0.0,6863926.0,4727111977.629,0.06754008831048569,688.48
US.SPY,SPDR S&P 500 ETF,2026-02-06 14:30:00,688.95,689.478,689.66,688.74,0.0,0.0,5748122.0,3961767081.378,0.07736466626507221,688.945
US.SPY,SPDR S&P 500 ETF,2026-02-06 15:30:00,689.48,689.775,690.14,688.9,0.0,0.0,7713671.0,5317587406.845,0.043076066241421115,689.478
US.SPY,SPDR S&P 500 ETF,2026-02-06 16:00:00,689.77,690.62,692.31,689.6,0.0,0.0,16171645.0,11159763308.069,0.12250371497952628,689.775
US.SPY,SPDR S&P 500 ETF,2026-02-09 10:30:00,689.42,691.94,692.93,688.34,0.0,0.0,16694552.0,11533552477.662,0.19113260548493383,690.62
US.SPY,SPDR S&P 500 ETF,2026-02-09 11:30:00,691.96,694.6897,694.76,691.9387,0.0,0.0,10279739.0,7131013434.916,0.3973899471052348,691.94
US.SPY,SPDR S&P 500 ETF,2026-02-09 12:30:00,694.68,695.14,695.66,694.27,0.0,0.0,6352520.0,4415679697.056,0.06482030754162184,694.6897
US.SPY,SPDR S&P 500 ETF,2026-02-09 13:30:00,695.15,694.23,695.51,693.55,0.0,0.0,5765652.0,4005004310.432,-0.13090888166412065,695.14
US.SPY,SPDR S&P 500 ETF,2026-02-09 14:30:00,694.23,695.74,695.87,694.0,0.0,0.0,5804175.0,4034045091.894,0.21750716621292523,694.23
US.SPY,SPDR S&P 500 ETF,2026-02-09 15:30:00,695.74,694.575,695.85,694.33,0.0,0.0,7071746.0,4915968157.852,-0.1674476097392652,695.74
US.SPY,SPDR S&P 500 ETF,2026-02-09 16:00:00,694.57,693.95,695.02,693.88,0.0,0.0,12436561.0,8634365869.111,-0.08998308318036209,694.575
US.SPY,SPDR S&P 500 ETF,2026-02-10 10:30:00,694.95,695.92,696.435,693.455,0.0,0.0,13998887.0,9730418070.441,0.28388212407232705,693.95
US.SPY,SPDR S&P 500 ETF,2026-02-10 11:30:00,695.905,694.78,696.54,694.09,0.0,0.0,7253312.0,5043354852.726,-0.16381193240602174,695.92
US.SPY,SPDR S&P 500 ETF,2026-02-10 12:30:00,694.77,695.25,695.6701,694.2,0.0,0.0,5719080.0,3974174580.674,0.06764731281845006,694.78
US.SPY,SPDR S&P 500 ETF,2026-02-10 13:30:00,695.25,693.44,695.8,693.37,0.0,0.0,4954490.0,3441768795.369,-0.26033800791081557,695.25
US.SPY,SPDR S&P 500 ETF,2026-02-10 14:30:00,693.43,693.87,693.905,692.85,0.0,0.0,7091303.0,4917794897.696,0.0620096908167902,693.44
US.SPY,SPDR S&P 500 ETF,2026-02-10 15:30:00,693.87,693.2975,694.13,693.11,0.0,0.0,5480966.0,3801570210.743,-0.0825082508250812,693.87
US.SPY,SPDR S&P 500 ETF,2026-02-10 16:00:00,693.3,692.12,693.54,691.66,0.0,0.0,14801411.0,10251917487.61,-0.16984050858397862,693.2975
US.SPY,SPDR S&P 500 ETF,2026-02-11 10:30:00,696.39,689.72,697.14,689.18,0.0,0.0,19574108.0,13572294758.413,-0.3467606773391865,692.12
US.SPY,SPDR S&P 500 ETF,2026-02-11 11:30:00,689.7301,691.84,693.45,689.56,0.0,0.0,11511666.0,7961468900.316,0.30737110711593174,689.72
US.SPY,SPDR S&P 500 ETF,2026-02-11 12:30:00,691.82,693.597,693.84,691.39,0.0,0.0,7979488.0,5526022979.692,0.2539604532839888,691.84
US.SPY,SPDR S&P 500 ETF,2026-02-11 13:30:00,693.6,692.79,693.99,691.41,0.0,0.0,6455626.0,4471262626.332,-0.11634998421273685,693.597
US.SPY,SPDR S&P 500 ETF,2026-02-11 14:30:00,692.7897,693.74,693.955,692.03,0.0,0.0,6825396.0,4729080824.686,0.13712669062775812,692.79
US.SPY,SPDR S&P 500 ETF,2026-02-11 15:30:00,693.75,692.255,693.86,692.23,0.0,0.0,8320582.0,5766002195.951,-0.21405713956237404,693.74
US.SPY,SPDR S&P 500 ETF,2026-02-11 16:00:00,692.25,691.96,692.99,691.77,0.0,0.0,10212834.0,7070967490.753,-0.04261435453697829,692.255
US.SPY,SPDR S&P 500 ETF,2026-02-12 10:30:00,694.24,693.065,695.35,692.16,0.0,0.0,14610763.0,10134458076.071,0.1596913116365134,691.96
US.SPY,SPDR S&P 500 ETF,2026-02-12 11:30:00,693.08,683.595,693.48,683.575,0.0,0.0,22863646.0,15723786425.716,-1.3663942054497091,693.065
US.SPY,SPDR S&P 500 ETF,2026-02-12 12:30:00,683.6,684.12,685.84,683.38,0.0,0.0,16958530.0,11612229504.04,0.07679985956596774,683.595
US.SPY,SPDR S&P 500 ETF,2026-02-12 13:30:00,684.1,683.17,685.575,682.22,0.0,0.0,10426306.0,7131691282.256,-0.13886452669123042,684.12
US.SPY,SPDR S&P 500 ETF,2026-02-12 14:30:00,683.165,684.15,685.42,682.8,0.0,0.0,10704462.0,7329296741.085,0.14344892193744138,683.17
US.SPY,SPDR S&P 500 ETF,2026-02-12 15:30:00,684.13,683.22,685.965,683.11,0.0,0.0,11772012.0,8065722247.227,-0.13593510195131916,684.15
US.SPY,SPDR S&P 500 ETF,2026-02-12 16:00:00,683.2,681.27,683.4,680.37,0.0,0.0,20404380.0,13926864144.55,-0.285413190480379,683.22
US.SPY,SPDR S&P 500 ETF,2026-02-13 10:30:00,681.69,682.94,683.37,677.52,0.0,0.0,21384024.0,14564064333.811,0.24513041818956843,681.27
US.SPY,SPDR S&P 500 ETF,2026-02-13 11:30:00,682.94,683.82,684.57,680.79,0.0,0.0,12236057.0,8356596424.74,0.1288546578030274,682.94
US.SPY,SPDR S&P 500 ETF,2026-02-13 12:30:00,683.81,685.365,686.05,682.87,0.0,0.0,8299958.0,5683416984.443,0.2259366499956069,683.82
US.SPY,SPDR S&P 500 ETF,2026-02-13 13:30:00,685.38,685.39,686.28,684.09,0.0,0.0,7946771.0,5445918608.181,0.0036476913761247314,685.365
US.SPY,SPDR S&P 500 ETF,2026-02-13 14:30:00,685.39,684.34,686.06,684.1,0.0,0.0,7013286.0,4802792034.098,-0.1531974496272129,685.39
US.SPY,SPDR S&P 500 ETF,2026-02-13 15:30:00,684.35,680.63,684.93,680.34,0.0,0.0,10363905.0,7076752696.441,-0.5421281818978922,684.34
US.SPY,SPDR S&P 500 ETF,2026-02-13 16:00:00,680.64,681.75,681.84,679.81,0.0,0.0,15205049.0,10354874957.386,0.1645534284412977,680.63
US.SPY,SPDR S&P 500 ETF,2026-02-17 10:30:00,680.14,677.34,682.8,676.27,0.0,0.0,19409418.0,13184215892.34,-0.6468646864686423,681.75
US.SPY,SPDR S&P 500 ETF,2026-02-17 11:30:00,677.33,681.6,683.24,675.78,0.0,0.0,15279496.0,10385459374.936,0.6289308176100615,677.34
US.SPY,SPDR S&P 500 ETF,2026-02-17 12:30:00,681.575,682.2,683.03,680.4313,0.0,0.0,8223965.0,5606808963.517,0.08802816901408783,681.6
US.SPY,SPDR S&P 500 ETF,2026-02-17 13:30:00,682.21,682.39,682.54,679.15,0.0,0.0,7052494.0,4801453942.636,0.02785107006742024,682.2
US.SPY,SPDR S&P 500 ETF,2026-02-17 14:30:00,682.4,683.99,684.715,682.03,0.0,0.0,7434445.0,5083217795.194,0.23447002447281212,682.39
US.SPY,SPDR S&P 500 ETF,2026-02-17 15:30:00,683.97,682.87,684.94,682.67,0.0,0.0,6973847.0,4767987482.268,-0.16374508399245669,683.99
US.SPY,SPDR S&P 500 ETF,2026-02-17 16:00:00,682.88,682.85,683.29,681.93,0.0,0.0,10696362.0,7300323262.723,-0.002928815147829281,682.87
US.SPY,SPDR S&P 500 ETF,2026-02-18 10:30:00,684.02,687.84,688.465,682.83,0.0,0.0,16912081.0,11600681835.094,0.7307607820165496,682.85
US.SPY,SPDR S&P 500 ETF,2026-02-18 11:30:00,687.84,688.22,688.96,687.29,0.0,0.0,6691890.0,4604887013.197,0.05524540590835012,687.84
US.SPY,SPDR S&P 500 ETF,2026-02-18 12:30:00,688.22,688.2,688.89,687.38,0.0,0.0,5400275.0,3716648326.252,-0.0029060474848132587,688.22
US.SPY,SPDR S&P 500 ETF,2026-02-18 13:30:00,688.19,687.805,689.15,687.475,0.0,0.0,4391499.0,3021945843.733,-0.05739610578321643,688.2
US.SPY,SPDR S&P 500 ETF,2026-02-18 14:30:00,687.81,686.42,688.02,686.04,0.0,0.0,8388821.0,5761234636.482,-0.2013652125238972,687.805
US.SPY,SPDR S&P 500 ETF,2026-02-18 15:30:00,686.43,684.21,686.63,683.92,0.0,0.0,10136225.0,6941967281.218,-0.32196031584160173,686.42
US.SPY,SPDR S&P 500 ETF,2026-02-18 16:00:00,684.21,686.29,687.18,684.12,0.0,0.0,14097401.0,9667895008.453,0.3040002338463231,684.21
US.SPY,SPDR S&P 500 ETF,2026-02-19 10:30:00,683.84,683.9,686.18,682.47,0.0,0.0,14163135.0,9693307796.275,-0.34824928237333874,686.29
US.SPY,SPDR S&P 500 ETF,2026-02-19 11:30:00,683.89,684.15,685.86,683.71,0.0,0.0,5914969.0,4052011944.325,0.03655505190817371,683.9
US.SPY,SPDR S&P 500 ETF,2026-02-19 12:30:00,684.16,683.93,685.27,682.7,0.0,0.0,6600886.0,4513444928.662,-0.03215669078418874,684.15
US.SPY,SPDR S&P 500 ETF,2026-02-19 13:30:00,683.915,682.4,684.26,681.5475,0.0,0.0,6134553.0,4187951444.688,-0.22370710452823722,683.93
US.SPY,SPDR S&P 500 ETF,2026-02-19 14:30:00,682.34,683.275,684.0599,682.01,0.0,0.0,5199733.0,3552905737.323,0.12822391559202814,682.4
US.SPY,SPDR S&P 500 ETF,2026-02-19 15:30:00,683.25,682.9,683.565,681.88,0.0,0.0,7894248.0,5392207510.077,-0.054882733891917605,683.275
US.SPY,SPDR S&P 500 ETF,2026-02-19 16:00:00,682.89,684.48,684.6,682.8001,0.0,0.0,8420843.0,5758780587.983,0.23136623224484418,682.9
US.SPY,SPDR S&P 500 ETF,2026-02-20 10:30:00,682.32,686.8,689.4,681.73,0.0,0.0,18595582.0,12749980219.407,0.33894343151004214,684.48
US.SPY,SPDR S&P 500 ETF,2026-02-20 11:30:00,686.8,686.12,689.24,685.51,0.0,0.0,16948389.0,11628695270.664,-0.09900990099009173,686.8
US.SPY,SPDR S&P 500 ETF,2026-02-20 12:30:00,686.13,685.2292,689.15,684.08,0.0,0.0,12243593.0,8409900426.614,-0.12983151635282647,686.12
US.SPY,SPDR S&P 500 ETF,2026-02-20 13:30:00,685.235,686.56,687.8,684.9701,0.0,0.0,9145890.0,6279260862.418,0.19421238908090224,685.2292
US.SPY,SPDR S&P 500 ETF,2026-02-20 14:30:00,686.54,688.58,690.06,685.76,0.0,0.0,13196887.0,9084802466.82,0.2942204614309158,686.56
US.SPY,SPDR S&P 500 ETF,2026-02-20 15:30:00,688.58,688.36,689.32,687.81,0.0,0.0,8027027.0,5525976456.958,-0.03194980975340952,688.58
US.SPY,SPDR S&P 500 ETF,2026-02-20 16:00:00,688.36,689.43,689.5,688.27,0.0,0.0,12377756.0,8526854513.454,0.15544191992561104,688.36
US.SPY,SPDR S&P 500 ETF,2026-02-23 10:30:00,687.83,684.51,690.0,684.2799,0.0,0.0,18959739.0,13023154658.686,-0.7136330011748777,689.43
US.SPY,SPDR S&P 500 ETF,2026-02-23 11:30:00,684.5,682.87,685.005,680.371,0.0,0.0,15429583.0,10531926702.485,-0.2395874421118737,684.51
US.SPY,SPDR S&P 500 ETF,2026-02-23 12:30:00,682.88,681.69,683.085,681.59,0.0,0.0,7103232.0,4846408636.134,-0.1728000937220774,682.87
US.SPY,SPDR S&P 500 ETF,2026-02-23 13:30:00,681.7,683.8099,683.95,680.59,0.0,0.0,7681698.0,5243261256.693,0.31097713036716335,681.69
US.SPY,SPDR S&P 500 ETF,2026-02-23 14:30:00,683.81,681.27,683.91,681.17,0.0,0.0,7494621.0,5114380734.873,-0.3714336396709069,683.8099
US.SPY,SPDR S&P 500 ETF,2026-02-23 15:30:00,681.255,681.35,681.66,680.54,0.0,0.0,8358629.0,5694014576.422,0.011742774524056677,681.27
US.SPY,SPDR S&P 500 ETF,2026-02-23 16:00:00,681.34,682.39,682.47,680.9,0.0,0.0,16785759.0,11453256318.183,0.15263814485946484,681.35
US.SPY,SPDR S&P 500 ETF,2026-02-24 10:30:00,681.9,686.335,686.39,680.0,0.0,0.0,17481261.0,11946108617.461,0.5781151540907765,682.39
US.SPY,SPDR S&P 500 ETF,2026-02-24 11:30:00,686.32,686.09,686.87,685.18,0.0,0.0,8937282.0,6129824784.795,-0.03569685357733535,686.335
US.SPY,SPDR S&P 500 ETF,2026-02-24 12:30:00,686.1,687.5301,687.8,685.15,0.0,0.0,6783790.0,4657234884.194,0.2098995758573825,686.09
US.SPY,SPDR S&P 500 ETF,2026-02-24 13:30:00,687.53,687.03,688.1,686.94,0.0,0.0,4424413.0,3041444147.034,-0.07273863355218556,687.5301
US.SPY,SPDR S&P 500 ETF,2026-02-24 14:30:00,687.04,686.89,687.875,686.65,0.0,0.0,6251183.0,4293525750.409,-0.020377567209581293,687.03
US.SPY,SPDR S&P 500 ETF,2026-02-24 15:30:00,686.89,686.54,687.69,686.46,0.0,0.0,6145256.0,4221026139.271,-0.050954301270949166,686.89
US.SPY,SPDR S&P 500 ETF,2026-02-24 16:00:00,686.53,687.35,688.35,686.5101,0.0,0.0,14189872.0,9747267912.174,0.11798292888980381,686.54
US.SPY,SPDR S&P 500 ETF,2026-02-25 10:30:00,690.18,691.15,691.99,690.1,0.0,0.0,10584017.0,7313477543.394,0.5528478940859758,687.35
US.SPY,SPDR S&P 500 ETF,2026-02-25 11:30:00,691.145,691.47,691.58,690.1701,0.0,0.0,5213823.0,3602119617.219,0.04629964551834624,691.15
US.SPY,SPDR S&P 500 ETF,2026-02-25 12:30:00,691.48,691.97,692.39,691.4,0.0,0.0,5491498.0,3799646977.716,0.07230971697976774,691.47
US.SPY,SPDR S&P 500 ETF,2026-02-25 13:30:00,691.97,692.31,692.69,691.84,0.0,0.0,4916350.0,3400156355.901,0.04913507811031087,691.97
US.SPY,SPDR S&P 500 ETF,2026-02-25 14:30:00,692.31,692.87,693.08,692.21,0.0,0.0,5219300.0,3614137260.686,0.08088861926016658,692.31
US.SPY,SPDR S&P 500 ETF,2026-02-25 15:30:00,692.86,692.92,693.33,692.81,0.0,0.0,6562869.0,4547361161.359,0.0072163609335018876,692.87
US.SPY,SPDR S&P 500 ETF,2026-02-25 16:00:00,692.92,693.15,693.68,692.74,0.0,0.0,11374358.0,7880982125.124,0.03319286497720057,692.92
US.SPY,SPDR S&P 500 ETF,2026-02-26 10:30:00,693.28,685.69,693.3,684.74,0.0,0.0,18835553.0,12980666369.89,-1.0762461227728375,693.15
US.SPY,SPDR S&P 500 ETF,2026-02-26 11:30:00,685.67,688.74,689.1,684.35,0.0,0.0,11200058.0,7697291072.529,0.4448074202627943,685.69
US.SPY,SPDR S&P 500 ETF,2026-02-26 12:30:00,688.74,686.285,688.92,686.03,0.0,0.0,6534271.0,4488520509.585,-0.3564480065046376,688.74
US.SPY,SPDR S&P 500 ETF,2026-02-26 13:30:00,686.25,685.67,687.09,684.73,0.0,0.0,5523888.0,3788200110.184,-0.08961291591685804,686.285
US.SPY,SPDR S&P 500 ETF,2026-02-26 14:30:00,685.66,688.61,689.32,685.41,0.0,0.0,8421656.0,5792979958.831,0.4287776918926094,685.67
US.SPY,SPDR S&P 500 ETF,2026-02-26 15:30:00,688.62,688.665,689.81,688.47,0.0,0.0,7054373.0,4863291880.706,0.007987104456797022,688.61
US.SPY,SPDR S&P 500 ETF,2026-02-26 16:00:00,688.665,689.3,689.5167,688.62,0.0,0.0,9325910.0,6430361092.074,0.09220738675553294,688.665
US.SPY,SPDR S&P 500 ETF,2026-02-27 10:30:00,683.09,684.5294,685.49,681.64,0.0,0.0,15395682.0,10526228609.144,-0.6920934281154715,689.3
US.SPY,SPDR S&P 500 ETF,2026-02-27 11:30:00,684.51,685.385,686.05,683.74,0.0,0.0,7064068.0,4840424401.403,0.1249909792041045,684.5294
US.SPY,SPDR S&P 500 ETF,2026-02-27 12:30:00,685.39,684.14,686.2899,683.29,0.0,0.0,7516319.0,5149993110.795,-0.18164972971395707,685.385
US.SPY,SPDR S&P 500 ETF,2026-02-27 13:30:00,684.13,683.8,685.12,683.06,0.0,0.0,7423191.0,5081137669.105,-0.04969743035051771,684.14
US.SPY,SPDR S&P 500 ETF,2026-02-27 14:30:00,683.8,683.6,684.98,683.3,0.0,0.0,5679864.0,3884844403.687,-0.029248318221692278,683.8
US.SPY,SPDR S&P 500 ETF,2026-02-27 15:30:00,683.6,685.5901,686.1,682.99,0.0,0.0,10095149.0,6911551766.976,0.29112053832650436,683.6
US.SPY,SPDR S&P 500 ETF,2026-02-27 16:00:00,685.58,685.99,686.86,684.49,0.0,0.0,18745206.0,12854574024.663,0.05832931368174692,685.5901
US.SPY,SPDR S&P 500 ETF,2026-03-02 10:30:00,678.7,683.43,685.36,678.02,0.0,0.0,19410134.0,13253231599.103,-0.37318328255514793,685.99
US.SPY,SPDR S&P 500 ETF,2026-03-02 11:30:00,683.42,683.22,685.67,682.42,0.0,0.0,10851328.0,7424438452.475,-0.030727360519720047,683.43
US.SPY,SPDR S&P 500 ETF,2026-03-02 12:30:00,683.22,686.4837,687.19,682.92,0.0,0.0,8854900.0,6073618483.331,0.4776938614209144,683.22
US.SPY,SPDR S&P 500 ETF,2026-03-02 13:30:00,686.48,686.72,687.42,686.08,0.0,0.0,4555673.0,3128716233.362,0.034421793263267345,686.4837
US.SPY,SPDR S&P 500 ETF,2026-03-02 14:30:00,686.75,688.2,688.28,685.19,0.0,0.0,7037603.0,4831891775.039,0.215517241379313,686.72
US.SPY,SPDR S&P 500 ETF,2026-03-02 15:30:00,688.21,685.35,688.62,684.89,0.0,0.0,13168860.0,9043234958.616,-0.4141238012205787,688.2
US.SPY,SPDR S&P 500 ETF,2026-03-02 16:00:00,685.35,686.38,687.31,685.2,0.0,0.0,13699381.0,9403976584.376,0.15028817392572738,685.35
US.SPY,SPDR S&P 500 ETF,2026-03-03 10:30:00,675.06,669.85,677.1,669.66,0.0,0.0,28379551.0,19125662498.591,-2.4082869547480947,686.38
US.SPY,SPDR S&P 500 ETF,2026-03-03 11:30:00,669.85,676.02,676.58,669.78,0.0,0.0,17255094.0,11616794727.177,0.921101739195336,669.85
US.SPY,SPDR S&P 500 ETF,2026-03-03 12:30:00,676.0,678.32,678.49,674.66,0.0,0.0,10591532.0,7170480885.41,0.3402266205141961,676.02
US.SPY,SPDR S&P 500 ETF,2026-03-03 13:30:00,678.32,679.82,680.43,676.08,0.0,0.0,7612924.0,5163697191.553,0.22113456775563153,678.32
US.SPY,SPDR S&P 500 ETF,2026-03-03 14:30:00,679.82,680.5,681.91,679.665,0.0,0.0,9366098.0,6379133282.886,0.10002647759700362,679.82
US.SPY,SPDR S&P 500 ETF,2026-03-03 15:30:00,680.5,681.05,682.61,679.275,0.0,0.0,11498107.0,7832963806.524,0.080822924320346,680.5
US.SPY,SPDR S&P 500 ETF,2026-03-03 16:00:00,681.04,680.33,681.51,679.21,0.0,0.0,10209359.0,6949424567.967,-0.10571911019747648,681.05
US.SPY,SPDR S&P 500 ETF,2026-03-04 10:30:00,681.63,686.15,686.27,679.62,0.0,0.0,14316968.0,9773723031.309,0.8554671997412926,680.33
US.SPY,SPDR S&P 500 ETF,2026-03-04 11:30:00,686.14,685.19,686.64,683.88,0.0,0.0,12765032.0,8746026150.442,-0.13991109815636854,686.15
US.SPY,SPDR S&P 500 ETF,2026-03-04 12:30:00,685.18,685.325,686.4,684.85,0.0,0.0,7721928.0,5293983380.058,0.019702564252249873,685.19
US.SPY,SPDR S&P 500 ETF,2026-03-04 13:30:00,685.35,686.105,686.49,684.58,0.0,0.0,6920882.0,4742340934.035,0.11381461350453766,685.325
US.SPY,SPDR S&P 500 ETF,2026-03-04 14:30:00,686.11,686.6,686.96,686.1,0.0,0.0,5156830.0,3540777409.245,0.07214639158729415,686.105
US.SPY,SPDR S&P 500 ETF,2026-03-04 15:30:00,686.61,686.23,687.09,685.475,0.0,0.0,6916749.0,4746231950.05,-0.053888727060880354,686.6
US.SPY,SPDR S&P 500 ETF,2026-03-04 16:00:00,686.24,685.13,686.63,685.08,0.0,0.0,12092755.0,8283570318.381,-0.16029611063346438,686.23
US.SPY,SPDR S&P 500 ETF,2026-03-05 10:30:00,682.08,680.82,685.53,680.33,0.0,0.0,17443736.0,11922020809.76,-0.6290776932844782,685.13
US.SPY,SPDR S&P 500 ETF,2026-03-05 11:30:00,680.83,679.535,682.58,679.01,0.0,0.0,16037698.0,10920794951.708,-0.18874298639876647,680.82
US.SPY,SPDR S&P 500 ETF,2026-03-05 12:30:00,679.53,678.51,682.42,678.49,0.0,0.0,10979677.0,7471261979.909,-0.15083844099273433,679.535
US.SPY,SPDR S&P 500 ETF,2026-03-05 13:30:00,678.51,676.3,678.805,675.9,0.0,0.0,12820089.0,8683257828.043,-0.32571369618723917,678.51
US.SPY,SPDR S&P 500 ETF,2026-03-05 14:30:00,676.28,676.67,677.96,675.82,0.0,0.0,8137438.0,5510236794.61,0.05470944846961475,676.3
US.SPY,SPDR S&P 500 ETF,2026-03-05 15:30:00,676.67,679.46,680.46,675.61,0.0,0.0,12710348.0,8619272950.076,0.4123132398362684,676.67
US.SPY,SPDR S&P 500 ETF,2026-03-05 16:00:00,679.47,681.31,681.75,679.17,0.0,0.0,18277305.0,12453027156.732,0.27227504194506064,679.46
US.SPY,SPDR S&P 500 ETF,2026-03-06 10:30:00,673.41,674.17,674.36,669.76,0.0,0.0,21048670.0,14149733623.426,-1.0479810952429858,681.31
US.SPY,SPDR S&P 500 ETF,2026-03-06 11:30:00,674.13,674.42,676.01,672.46,0.0,0.0,12079796.0,8151449487.299,0.037082634943708566,674.17
US.SPY,SPDR S&P 500 ETF,2026-03-06 12:30:00,674.43,673.81,676.0,673.35,0.0,0.0,7881933.0,5318594052.029,-0.09044808872809432,674.42
US.SPY,SPDR S&P 500 ETF,2026-03-06 13:30:00,673.8,674.64,676.11,672.03,0.0,0.0,9397535.0,6337848191.572,0.1231801249610485,673.81
US.SPY,SPDR S&P 500 ETF,2026-03-06 14:30:00,674.67,674.92,675.43,673.69,0.0,0.0,7628759.0,5154206619.706,0.041503616743740764,674.64
US.SPY,SPDR S&P 500 ETF,2026-03-06 15:30:00,674.91,672.23,675.97,671.98,0.0,0.0,12129262.0,8183316560.795,-0.39856575594143623,674.92
US.SPY,SPDR S&P 500 ETF,2026-03-06 16:00:00,672.23,672.38,673.4,671.14,0.0,0.0,18251707.0,12280390263.986,0.022313791410674508,672.23
US.SPY,SPDR S&P 500 ETF,2026-03-09 10:30:00,666.39,664.06,667.63,662.39,0.0,0.0,18633402.0,12381915585.724,-1.237395520390263,672.38
US.SPY,SPDR S&P 500 ETF,2026-03-09 11:30:00,664.03,669.77,669.92,663.98,0.0,0.0,11571639.0,7725901647.78,0.8598620606571751,664.06
US.SPY,SPDR S&P 500 ETF,2026-03-09 12:30:00,669.77,670.87,671.6,668.37,0.0,0.0,8881604.0,5947255911.282,0.16423548382280823,669.77
US.SPY,SPDR S&P 500 ETF,2026-03-09 13:30:00,670.87,668.845,672.25,668.71,0.0,0.0,8912584.0,5977613797.381,-0.3018468555755925,670.87
US.SPY,SPDR S&P 500 ETF,2026-03-09 14:30:00,668.84,670.06,670.87,668.09,0.0,0.0,8198931.0,5486907680.121,0.18165643759016187,668.845
US.SPY,SPDR S&P 500 ETF,2026-03-09 15:30:00,670.06,677.39,677.515,669.9,0.0,0.0,16906816.0,11378626361.436,1.09393188669672,670.06
US.SPY,SPDR S&P 500 ETF,2026-03-09 16:00:00,678.48,678.27,679.92,675.88,0.0,0.0,17146858.0,11622290689.769,0.1299103913550533,677.39
US.SPY,SPDR S&P 500 ETF,2026-03-10 10:30:00,677.72,677.62,678.785,674.76,0.0,0.0,11794175.0,7981448117.251,-0.09583204328659344,678.27
US.SPY,SPDR S&P 500 ETF,2026-03-10 11:30:00,677.64,681.11,681.685,677.63,0.0,0.0,9424905.0,6413042095.471,0.5150379268616642,677.62
US.SPY,SPDR S&P 500 ETF,2026-03-10 12:30:00,681.1,680.6,681.9499,679.68,0.0,0.0,7273898.0,4952093062.42,-0.07487777304693674,681.11
US.SPY,SPDR S&P 500 ETF,2026-03-10 13:30:00,680.61,683.265,683.36,680.61,0.0,0.0,9095326.0,6199825276.613,0.3915662650602356,680.6
US.SPY,SPDR S&P 500 ETF,2026-03-10 14:30:00,683.25,679.35,683.25,677.38,0.0,0.0,15216093.0,10350697053.317,-0.5729841276810554,683.265
US.SPY,SPDR S&P 500 ETF,2026-03-10 15:30:00,679.315,677.41,680.37,677.41,0.0,0.0,9512094.0,6456697820.493,-0.2855670861853322,679.35
US.SPY,SPDR S&P 500 ETF,2026-03-10 16:00:00,677.42,677.18,678.32,676.23,0.0,0.0,11399198.0,7718170115.075,-0.0339528498250717,677.41
US.SPY,SPDR S&P 500 ETF,2026-03-11 10:30:00,677.58,676.14,680.08,675.195,0.0,0.0,12635584.0,8563422982.214,-0.15357807377653854,677.18
US.SPY,SPDR S&P 500 ETF,2026-03-11 11:30:00,676.14,674.67,678.64,674.59,0.0,0.0,8502480.0,5752119698.385,-0.21741059543881847,676.14
US.SPY,SPDR S&P 500 ETF,2026-03-11 12:30:00,674.68,674.705,675.29,673.51,0.0,0.0,7589917.0,5118023078.049,0.005187721404550648,674.67
US.SPY,SPDR S&P 500 ETF,2026-03-11 13:30:00,674.7,676.46,676.77,674.65,0.0,0.0,5606267.0,3789451046.83,0.2601136793116985,674.705
US.SPY,SPDR S&P 500 ETF,2026-03-11 14:30:00,676.46,675.27,676.6399,673.34,0.0,0.0,8582724.0,5790438911.535,-0.17591579694291673,676.46
US.SPY,SPDR S&P 500 ETF,2026-03-11 15:30:00,675.27,674.975,675.79,674.32,0.0,0.0,8044658.0,5431944645.803,-0.04368622921201284,675.27
US.SPY,SPDR S&P 500 ETF,2026-03-11 16:00:00,674.99,676.33,676.6,674.75,0.0,0.0,8313372.0,5620580810.47,0.20074817585836782,674.975
US.SPY,SPDR S&P 500 ETF,2026-03-12 10:30:00,671.16,668.06,671.65,668.05,0.0,0.0,18379579.0,12316635658.037,-1.2227758638534583,676.33
US.SPY,SPDR S&P 500 ETF,2026-03-12 11:30:00,668.06,668.18,670.551,666.92,0.0,0.0,13644958.0,9117706630.235,0.01796245846181549,668.06
US.SPY,SPDR S&P 500 ETF,2026-03-12 12:30:00,668.18,668.84,671.31,667.24,0.0,0.0,14866191.0,9950227248.237,0.09877577898172378,668.18
US.SPY,SPDR S&P 500 ETF,2026-03-12 13:30:00,668.77,668.56,670.3099,667.99,0.0,0.0,8626710.0,5773487248.73,-0.041863524908810235,668.84
US.SPY,SPDR S&P 500 ETF,2026-03-12 14:30:00,668.56,668.19,669.75,667.2701,0.0,0.0,9820253.0,6567675405.017,-0.055342826373084075,668.56
US.SPY,SPDR S&P 500 ETF,2026-03-12 15:30:00,668.18,667.98,668.48,666.87,0.0,0.0,13028655.0,8705098064.293,-0.03142818659363899,668.19
US.SPY,SPDR S&P 500 ETF,2026-03-12 16:00:00,667.99,666.06,668.65,665.87,0.0,0.0,13853737.0,9243240058.739,-0.2874337555016726,667.98
US.SPY,SPDR S&P 500 ETF,2026-03-13 10:30:00,669.27,668.8401,672.335,667.73,0.0,0.0,15875863.0,10638143910.961,0.4173948292946674,666.06
US.SPY,SPDR S&P 500 ETF,2026-03-13 11:30:00,668.87,664.59,670.23,664.43,0.0,0.0,13840096.0,9222740138.05,-0.6354433593320697,668.8401
US.SPY,SPDR S&P 500 ETF,2026-03-13 12:30:00,664.57,664.32,665.33,663.1,0.0,0.0,10926854.0,7256970471.169,-0.040626551708569464,664.59
US.SPY,SPDR S&P 500 ETF,2026-03-13 13:30:00,664.31,664.37,665.23,663.13,0.0,0.0,8764505.0,5821954596.159,0.007526493256255196,664.32
US.SPY,SPDR S&P 500 ETF,2026-03-13 14:30:00,664.35,663.34,664.52,662.08,0.0,0.0,9446383.0,6266481582.763,-0.15503409244848093,664.37
US.SPY,SPDR S&P 500 ETF,2026-03-13 15:30:00,663.33,662.37,664.81,662.16,0.0,0.0,9506190.0,6310921976.015,-0.14622968613381182,663.34
US.SPY,SPDR S&P 500 ETF,2026-03-13 16:00:00,662.37,662.29,663.0,661.36,0.0,0.0,12408420.0,8220435728.864,-0.012077841689696231,662.37
US.SPY,SPDR S&P 500 ETF,2026-03-16 10:30:00,668.38,670.27,671.4,667.69,0.0,0.0,14884859.0,9969189121.526,1.204910235697356,662.29
US.SPY,SPDR S&P 500 ETF,2026-03-16 11:30:00,670.27,670.06,670.35,667.575,0.0,0.0,10490130.0,7013003279.611,-0.0313306577946255,670.27
US.SPY,SPDR S&P 500 ETF,2026-03-16 12:30:00,670.04,667.45,670.64,667.15,0.0,0.0,11534593.0,7691647714.879,-0.389517356654613,670.06
US.SPY,SPDR S&P 500 ETF,2026-03-16 13:30:00,667.42,669.2,669.75,667.12,0.0,0.0,6039148.0,4037749521.749,0.26219192448872575,667.45
US.SPY,SPDR S&P 500 ETF,2026-03-16 14:30:00,669.2,669.8,670.08,667.98,0.0,0.0,8464611.0,5661718672.906,0.08965929468020159,669.2
US.SPY,SPDR S&P 500 ETF,2026-03-16 15:30:00,669.8,669.27,672.07,668.69,0.0,0.0,11605943.0,7769674328.985,-0.07912809793967943,669.8
US.SPY,SPDR S&P 500 ETF,2026-03-16 16:00:00,669.27,669.03,669.43,668.42,0.0,0.0,12116260.0,8100513651.713,-0.03585996682953204,669.27
US.SPY,SPDR S&P 500 ETF,2026-03-17 10:30:00,672.39,672.56,674.44,671.56,0.0,0.0,13594554.0,9152259368.772,0.5276295532337821,669.03
US.SPY,SPDR S&P 500 ETF,2026-03-17 11:30:00,672.57,671.635,673.47,671.6,0.0,0.0,7875729.0,5295742838.681,-0.13753419769239245,672.56
US.SPY,SPDR S&P 500 ETF,2026-03-17 12:30:00,671.63,671.21,672.19,669.7,0.0,0.0,9875040.0,6622295247.072,-0.06327841759288222,671.635
US.SPY,SPDR S&P 500 ETF,2026-03-17 13:30:00,671.2,671.53,671.94,670.72,0.0,0.0,5139031.0,3450117580.159,0.04767509423279395,671.21
US.SPY,SPDR S&P 500 ETF,2026-03-17 14:30:00,671.53,670.9,672.3,670.86,0.0,0.0,8248742.0,5535905037.254,-0.09381561508793286,671.53
US.SPY,SPDR S&P 500 ETF,2026-03-17 15:30:00,670.9,671.04,671.605,670.59,0.0,0.0,8333361.0,5590563771.153,0.02086749142942113,670.9
US.SPY,SPDR S&P 500 ETF,2026-03-17 16:00:00,671.04,670.79,671.28,670.47,0.0,0.0,11385761.0,7635644474.423,-0.03725560324272771,671.04
US.SPY,SPDR S&P 500 ETF,2026-03-18 10:30:00,668.36,665.96,669.72,665.72,0.0,0.0,12622717.0,8436356010.65,-0.720046512321282,670.79
US.SPY,SPDR S&P 500 ETF,2026-03-18 11:30:00,665.97,666.9342,668.0,665.66,0.0,0.0,7695800.0,5131338495.413,0.14628506216589526,665.96
US.SPY,SPDR S&P 500 ETF,2026-03-18 12:30:00,666.91,667.07,667.62,666.4918,0.0,0.0,4723061.0,3150753392.233,0.020361828798105937,666.9342
US.SPY,SPDR S&P 500 ETF,2026-03-18 13:30:00,667.07,665.84,667.296,665.43,0.0,0.0,5487389.0,3657172918.645,-0.18438844499078327,667.07
US.SPY,SPDR S&P 500 ETF,2026-03-18 14:30:00,665.84,666.12,667.44,665.29,0.0,0.0,7206774.0,4801645251.214,0.04205214465937353,665.84
US.SPY,SPDR S&P 500 ETF,2026-03-18 15:30:00,666.11,662.91,666.3,662.68,0.0,0.0,14728277.0,9782668904.093,-0.48189515402630706,666.12
US.SPY,SPDR S&P 500 ETF,2026-03-18 16:00:00,662.9,661.43,663.2192,661.19,0.0,0.0,16005324.0,10598837691.617,-0.22325805916338842,662.91
US.SPY,SPDR S&P 500 ETF,2026-03-19 10:30:00,656.97,656.33,659.47,655.17,0.0,0.0,20108719.0,13215847552.279,-0.7710566499856235,661.43
US.SPY,SPDR S&P 500 ETF,2026-03-19 11:30:00,656.34,657.72,659.71,656.26,0.0,0.0,12199458.0,8030039493.41,0.2117837063672217,656.33
US.SPY,SPDR S&P 500 ETF,2026-03-19 12:30:00,657.72,657.95,659.04,656.18,0.0,0.0,11890813.0,7819809506.176,0.03496928784285383,657.72
US.SPY,SPDR S&P 500 ETF,2026-03-19 13:30:00,657.98,657.12,658.71,655.61,0.0,0.0,9398196.0,6181319343.515,-0.1261494034501164,657.95
US.SPY,SPDR S&P 500 ETF,2026-03-19 14:30:00,657.1,657.175,658.62,656.16,0.0,0.0,9145049.0,6017559558.2,0.008369856342821703,657.12
US.SPY,SPDR S&P 500 ETF,2026-03-19 15:30:00,657.18,660.25,662.98,656.32,0.0,0.0,21828962.0,14413083648.044,0.46791189561380847,657.175
US.SPY,SPDR S&P 500 ETF,2026-03-19 16:00:00,660.24,659.8,660.74,658.97,0.0,0.0,13320221.0,8790975429.022,-0.0681560015145847,660.25
US.SPY,SPDR S&P 500 ETF,2026-03-20 10:30:00,656.51,651.86,656.69,651.48,0.0,0.0,18445136.0,12062969278.541,-1.2033949681721645,659.8
US.SPY,SPDR S&P 500 ETF,2026-03-20 11:30:00,651.86,651.92,654.16,651.2,0.0,0.0,25281588.0,16551600273.396,0.009204430399157092,651.86
US.SPY,SPDR S&P 500 ETF,2026-03-20 12:30:00,651.94,653.1,653.99,651.73,0.0,0.0,15368324.0,10039949995.559,0.18100380414775796,651.92
US.SPY,SPDR S&P 500 ETF,2026-03-20 13:30:00,653.1,652.16,653.4,651.75,0.0,0.0,9188811.0,6000562773.329,-0.14392895421835164,653.1
US.SPY,SPDR S&P 500 ETF,2026-03-20 14:30:00,652.19,649.43,652.37,648.66,0.0,0.0,15146937.0,9855940634.305,-0.4186089303238497,652.16
US.SPY,SPDR S&P 500 ETF,2026-03-20 15:30:00,649.43,647.12,649.655,646.78,0.0,0.0,21369012.0,13868702914.53,-0.35569653388355105,649.43
US.SPY,SPDR S&P 500 ETF,2026-03-20 16:00:00,647.13,648.57,648.57,644.72,0.0,0.0,30160734.0,19541091853.476,0.2240697243169807,647.12
US.SPY,SPDR S&P 500 ETF,2026-03-23 10:30:00,658.07,660.99,662.27,656.07,0.0,0.0,26172166.0,17242853610.534,1.914982191590724,648.57
US.SPY,SPDR S&P 500 ETF,2026-03-23 11:30:00,660.98,660.89,662.615,659.95,0.0,0.0,12846577.0,8481513607.859,-0.015128821918640635,660.99
US.SPY,SPDR S&P 500 ETF,2026-03-23 12:30:00,660.9,654.1088,661.33,653.94,0.0,0.0,19734948.0,12963682194.638,-1.026070904386511,660.89
US.SPY,SPDR S&P 500 ETF,2026-03-23 13:30:00,654.12,655.28,656.74,653.99,0.0,0.0,9109987.0,5968192212.162,0.1790527814333027,654.1088
US.SPY,SPDR S&P 500 ETF,2026-03-23 14:30:00,655.28,657.39,658.31,655.26,0.0,0.0,10872571.0,7144224548.551,0.32199975582957113,655.28
US.SPY,SPDR S&P 500 ETF,2026-03-23 15:30:00,657.41,657.33,659.65,657.03,0.0,0.0,11688621.0,7685993869.483,-0.009127002236107247,657.39
US.SPY,SPDR S&P 500 ETF,2026-03-23 16:00:00,657.32,655.38,658.35,655.27,0.0,0.0,15454297.0,10133247052.735,-0.29665464835015065,657.33
US.SPY,SPDR S&P 500 ETF,2026-03-24 10:30:00,651.32,652.49,653.5857,649.88,0.0,0.0,14982527.0,9765548309.509,-0.44096554670572596,655.38
US.SPY,SPDR S&P 500 ETF,2026-03-24 11:30:00,652.51,656.04,656.83,651.22,0.0,0.0,16039168.0,10498787316.668,0.54406964091403,652.49
US.SPY,SPDR S&P 500 ETF,2026-03-24 12:30:00,656.06,655.96,657.03,654.3,0.0,0.0,7836036.0,5137489638.914,-0.0121943783915504,656.04
US.SPY,SPDR S&P 500 ETF,2026-03-24 13:30:00,655.97,653.405,656.12,652.55,0.0,0.0,8564931.0,5601315828.287,-0.3895054576498664,655.96
US.SPY,SPDR S&P 500 ETF,2026-03-24 14:30:00,653.4,654.59,654.98,652.38,0.0,0.0,10053583.0,6572384457.019,0.18135765719577585,653.405
US.SPY,SPDR S&P 500 ETF,2026-03-24 15:30:00,654.59,654.45,656.59,654.28,0.0,0.0,9964430.0,6529095043.578,-0.021387433355227903,654.59
US.SPY,SPDR S&P 500 ETF,2026-03-24 16:00:00,654.45,653.18,654.775,652.56,0.0,0.0,11282632.0,7374109119.363,-0.19405607762244562,654.45
US.SPY,SPDR S&P 500 ETF,2026-03-25 10:30:00,658.67,658.14,660.89,655.67,0.0,0.0,19360862.0,12743732644.787,0.7593618910560698,653.18
US.SPY,SPDR S&P 500 ETF,2026-03-25 11:30:00,658.16,657.84,659.25,654.24,0.0,0.0,14600351.0,9594719949.309,-0.045583006655112064,658.14
US.SPY,SPDR S&P 500 ETF,2026-03-25 12:30:00,657.85,657.5,658.24,656.01,0.0,0.0,9562831.0,6282745909.904,-0.051684300133775965,657.84
US.SPY,SPDR S&P 500 ETF,2026-03-25 13:30:00,657.46,658.02,658.32,656.915,0.0,0.0,8739079.0,5747874316.821,0.07908745247148012,657.5
US.SPY,SPDR S&P 500 ETF,2026-03-25 14:30:00,658.04,657.515,659.38,657.33,0.0,0.0,8869251.0,5836780524.935,-0.07674538767818538,658.02
US.SPY,SPDR S&P 500 ETF,2026-03-25 15:30:00,657.51,656.51,657.81,655.58,0.0,0.0,11506288.0,7555651381.702,-0.15284822399488915,657.515
US.SPY,SPDR S&P 500 ETF,2026-03-25 16:00:00,656.51,656.82,657.06,655.755,0.0,0.0,10119926.0,6642440485.546,0.04721938736653807,656.51
US.SPY,SPDR S&P 500 ETF,2026-03-26 10:30:00,652.06,653.62,654.84,650.73,0.0,0.0,17197829.0,11233995681.67,-0.48719588319479384,656.82
US.SPY,SPDR S&P 500 ETF,2026-03-26 11:30:00,653.62,651.71,654.85,650.82,0.0,0.0,14886770.0,9719033550.409,-0.2922187203573893,653.62
US.SPY,SPDR S&P 500 ETF,2026-03-26 12:30:00,651.71,649.47,652.35,649.29,0.0,0.0,9686046.0,6308446617.348,-0.34371115987172346,651.71
US.SPY,SPDR S&P 500 ETF,2026-03-26 13:30:00,649.4913,648.62,650.1,647.98,0.0,0.0,7006555.0,4549270435.64,-0.13087594500131225,649.47
US.SPY,SPDR S&P 500 ETF,2026-03-26 14:30:00,648.62,646.6,649.06,646.44,0.0,0.0,10326720.0,6685669377.63,-0.3114304215102806,648.62
US.SPY,SPDR S&P 500 ETF,2026-03-26 15:30:00,646.61,646.21,647.65,645.85,0.0,0.0,12005782.0,7770448679.494,-0.06031549644293015,646.6
US.SPY,SPDR S&P 500 ETF,2026-03-26 16:00:00,646.21,645.09,646.27,644.82,0.0,0.0,14817408.0,9573255247.216,-0.17331827115024598,646.21
US.SPY,SPDR S&P 500 ETF,2026-03-27 10:30:00,642.5,639.1,642.66,638.594,0.0,0.0,16970450.0,10866727688.94,-0.9285526050628607,645.09
US.SPY,SPDR S&P 500 ETF,2026-03-27 11:30:00,639.1,640.96,641.49,638.3,0.0,0.0,11137105.0,7128295158.931,0.29103426693788353,639.1
US.SPY,SPDR S&P 500 ETF,2026-03-27 12:30:00,640.99,638.89,642.14,638.58,0.0,0.0,9043236.0,5790213396.241,-0.3229530703944162,640.96
US.SPY,SPDR S&P 500 ETF,2026-03-27 13:30:00,638.88,636.62,639.93,636.59,0.0,0.0,10698552.0,6831932108.8,-0.35530372990655384,638.89
US.SPY,SPDR S&P 500 ETF,2026-03-27 14:30:00,636.62,635.77,637.25,635.13,0.0,0.0,10651697.0,6781737198.699,-0.13351764003644603,636.62
US.SPY,SPDR S&P 500 ETF,2026-03-27 15:30:00,635.765,634.859,636.73,634.52,0.0,0.0,13494264.0,8588049831.904,-0.1432908127152814,635.77
US.SPY,SPDR S&P 500 ETF,2026-03-27 16:00:00,634.86,634.09,635.35,633.105,0.0,0.0,18283583.0,11613704802.469,-0.12112925862278166,634.859
US.SPY,SPDR S&P 500 ETF,2026-03-30 10:30:00,640.11,635.86,640.37,634.68,0.0,0.0,16266761.0,10358263322.501,0.27914018514721595,634.09
US.SPY,SPDR S&P 500 ETF,2026-03-30 11:30:00,635.85,636.46,638.8,634.73,0.0,0.0,14736039.0,9377561048.867,0.09436039379738036,635.86
US.SPY,SPDR S&P 500 ETF,2026-03-30 12:30:00,636.45,635.26,638.475,635.165,0.0,0.0,8532944.0,5435077785.269,-0.1885428777927985,636.46
US.SPY,SPDR S&P 500 ETF,2026-03-30 13:30:00,635.27,633.4,636.01,633.24,0.0,0.0,8188533.0,5197949874.837,-0.2927935018732509,635.26
US.SPY,SPDR S&P 500 ETF,2026-03-30 14:30:00,633.4,632.28,634.63,632.26,0.0,0.0,11286688.0,7148697099.325,-0.17682349226397295,633.4
US.SPY,SPDR S&P 500 ETF,2026-03-30 15:30:00,632.29,629.58,633.17,629.28,0.0,0.0,15584613.0,9838870606.872,-0.4270260011387252,632.28
US.SPY,SPDR S&P 500 ETF,2026-03-30 16:00:00,629.585,631.97,632.6402,629.35,0.0,0.0,15180146.0,9588386946.945,0.3796181581371686,629.58
US.SPY,SPDR S&P 500 ETF,2026-03-31 10:30:00,638.94,642.5,642.95,638.31,0.0,0.0,19734455.0,12647578988.137,1.666218333148721,631.97
US.SPY,SPDR S&P 500 ETF,2026-03-31 11:30:00,642.48,640.68,642.65,637.98,0.0,0.0,18534613.0,11860382886.765,-0.2832684824902802,642.5
US.SPY,SPDR S&P 500 ETF,2026-03-31 12:30:00,640.68,642.12,642.63,639.52,0.0,0.0,9790422.0,6271752476.473,0.22476119123432206,640.68
US.SPY,SPDR S&P 500 ETF,2026-03-31 13:30:00,642.11,647.0,649.46,641.65,0.0,0.0,25313868.0,16352969171.423,0.7599825577773617,642.12
US.SPY,SPDR S&P 500 ETF,2026-03-31 14:30:00,647.03,647.7,648.41,646.14,0.0,0.0,13705931.0,8857390677.678,0.10819165378671491,647.0
US.SPY,SPDR S&P 500 ETF,2026-03-31 15:30:00,647.71,649.402,649.91,647.2,0.0,0.0,14282708.0,9254818705.075,0.2627759765323449,647.7
US.SPY,SPDR S&P 500 ETF,2026-03-31 16:00:00,649.42,650.34,651.54,649.32,0.0,0.0,28790921.0,18668872660.188,0.14444057763911847,649.402
US.SPY,SPDR S&P 500 ETF,2026-04-01 10:30:00,653.9,655.03,656.05,653.0,0.0,0.0,19675398.0,12876302640.776,0.7211612387366517,650.34
US.SPY,SPDR S&P 500 ETF,2026-04-01 11:30:00,655.03,656.33,657.07,653.58,0.0,0.0,12063213.0,7913417093.847,0.19846419247974417,655.03
US.SPY,SPDR S&P 500 ETF,2026-04-01 12:30:00,656.33,657.175,658.095,655.93,0.0,0.0,8311879.0,5463283391.097,0.12874620998581712,656.33
US.SPY,SPDR S&P 500 ETF,2026-04-01 13:30:00,657.185,658.3,658.52,656.84,0.0,0.0,6733818.0,4429993936.703,0.17118727888309812,657.175
US.SPY,SPDR S&P 500 ETF,2026-04-01 14:30:00,658.31,654.23,658.44,653.83,0.0,0.0,11322656.0,7429455939.155,-0.6182591523621354,658.3
US.SPY,SPDR S&P 500 ETF,2026-04-01 15:30:00,654.225,656.1,656.3401,653.667,0.0,0.0,12261080.0,8029464129.728,0.2858321996851267,654.23
US.SPY,SPDR S&P 500 ETF,2026-04-01 16:00:00,656.1,655.24,656.75,654.72,0.0,0.0,15317426.0,10037200793.661,-0.1310775796372525,656.1
US.SPY,SPDR S&P 500 ETF,2026-04-02 10:30:00,646.42,650.34,651.1,645.11,0.0,0.0,14061778.0,9117006360.009,-0.7478175935535036,655.24
US.SPY,SPDR S&P 500 ETF,2026-04-02 11:30:00,650.35,655.29,658.2,650.1,0.0,0.0,14918716.0,9770324439.41,0.7611403265983842,650.34
US.SPY,SPDR S&P 500 ETF,2026-04-02 12:30:00,655.32,652.72,655.8894,652.17,0.0,0.0,6214626.0,4063891437.249,-0.39219276961344385,655.29
US.SPY,SPDR S&P 500 ETF,2026-04-02 13:30:00,652.71,654.63,655.04,652.52,0.0,0.0,4455964.0,2913981543.296,0.292621644809408,652.72
US.SPY,SPDR S&P 500 ETF,2026-04-02 14:30:00,654.65,653.5,654.75,652.55,0.0,0.0,4439240.0,2902599493.71,-0.1726165925790134,654.63
US.SPY,SPDR S&P 500 ETF,2026-04-02 15:30:00,653.51,654.3799,655.27,653.39,0.0,0.0,7422662.0,4857996502.032,0.13464422341239796,653.5
US.SPY,SPDR S&P 500 ETF,2026-04-02 16:00:00,654.37,655.83,656.1,654.09,0.0,0.0,8923110.0,5847868257.853,0.22159910474023123,654.3799
US.SPY,SPDR S&P 500 ETF,2026-04-06 10:30:00,655.86,658.37,659.72,655.52,0.0,0.0,8133225.0,5345715704.09,0.3872954881600359,655.83
US.SPY,SPDR S&P 500 ETF,2026-04-06 11:30:00,658.43,656.925,659.06,656.62,0.0,0.0,4891936.0,3216792908.563,-0.2194814466029816,658.37
US.SPY,SPDR S&P 500 ETF,2026-04-06 12:30:00,656.93,657.7932,658.04,656.34,0.0,0.0,2714226.0,1784341944.808,0.13216120561707984,656.925
US.SPY,SPDR S&P 500 ETF,2026-04-06 13:30:00,657.78,657.3901,658.51,655.52,0.0,0.0,4074649.0,2678128085.782,-0.06128065781160324,657.7932
US.SPY,SPDR S&P 500 ETF,2026-04-06 14:30:00,657.41,658.24,658.65,656.22,0.0,0.0,4823575.0,3170075341.563,0.12928396700833308,657.3901
US.SPY,SPDR S&P 500 ETF,2026-04-06 15:30:00,658.23,657.8801,658.5224,657.73,0.0,0.0,3631278.0,2389699141.042,-0.054676105979587795,658.24
US.SPY,SPDR S&P 500 ETF,2026-04-06 16:00:00,657.88,658.93,658.94,657.81,0.0,0.0,5848017.0,3850451357.392,0.15958835052161932,657.8801
US.SPY,SPDR S&P 500 ETF,2026-04-07 10:30:00,656.65,654.4,657.58,651.92,0.0,0.0,9713545.0,6355615603.972,-0.6874781843291355,658.93
US.SPY,SPDR S&P 500 ETF,2026-04-07 11:30:00,654.45,653.255,655.34,651.06,0.0,0.0,9286132.0,6064867084.887,-0.17496943765280898,654.4
US.SPY,SPDR S&P 500 ETF,2026-04-07 12:30:00,653.26,655.92,657.0,652.57,0.0,0.0,7061756.0,4622262212.097,0.40795707648620577,653.255
US.SPY,SPDR S&P 500 ETF,2026-04-07 13:30:00,655.89,655.82,656.88,655.34,0.0,0.0,3164210.0,2076239700.247,-0.015245761678239579,655.92
US.SPY,SPDR S&P 500 ETF,2026-04-07 14:30:00,655.83,656.15,658.4,655.57,0.0,0.0,4701884.0,3088139811.134,0.05031868500502077,655.82
US.SPY,SPDR S&P 500 ETF,2026-04-07 15:30:00,656.13,656.66,658.17,653.4122,0.0,0.0,9780673.0,6410983493.911,0.07772612969595229,656.15
US.SPY,SPDR S&P 500 ETF,2026-04-07 16:00:00,656.65,659.22,659.61,655.89,0.0,0.0,12559921.0,8265178882.97,0.389851673621061,656.66
US.SPY,SPDR S&P 500 ETF,2026-04-08 10:30:00,676.39,674.13,677.08,673.97,0.0,0.0,20028557.0,13520510339.308,2.2617639027942062,659.22
US.SPY,SPDR S&P 500 ETF,2026-04-08 11:30:00,674.13,673.03,674.35,671.46,0.0,0.0,11198494.0,7531897605.311,-0.16317327518431501,674.13
US.SPY,SPDR S&P 500 ETF,2026-04-08 12:30:00,673.09,675.02,675.675,673.005,0.0,0.0,6922425.0,4660914798.353,0.29567775582069283,673.03
US.SPY,SPDR S&P 500 ETF,2026-04-08 13:30:00,675.03,675.01,676.435,674.77,0.0,0.0,5334512.0,3602430963.327,-0.0014814375870331109,675.02
US.SPY,SPDR S&P 500 ETF,2026-04-08 14:30:00,675.0101,674.88,676.605,674.34,0.0,0.0,10198978.0,6873571062.228,-0.019258973941126127,675.01
US.SPY,SPDR S&P 500 ETF,2026-04-08 15:30:00,674.9,673.54,675.32,672.78,0.0,0.0,12165474.0,8171202961.69,-0.19855381697487431,674.88
US.SPY,SPDR S&P 500 ETF,2026-04-08 16:00:00,673.54,676.01,676.15,673.49,0.0,0.0,16929142.0,11403006262.051,0.36671912581287336,673.54
US.SPY,SPDR S&P 500 ETF,2026-04-09 10:30:00,674.84,674.295,675.7899,673.93,0.0,0.0,8828268.0,5957762516.516,-0.25369447197527134,676.01
US.SPY,SPDR S&P 500 ETF,2026-04-09 11:30:00,674.29,675.93,676.55,673.77,0.0,0.0,8410286.0,5678087901.074,0.24247547438435565,674.295
US.SPY,SPDR S&P 500 ETF,2026-04-09 12:30:00,675.92,679.9,680.75,675.73,0.0,0.0,9325135.0,6328558908.365,0.5873389256283975,675.93
US.SPY,SPDR S&P 500 ETF,2026-04-09 13:30:00,679.92,680.2901,681.016,678.97,0.0,0.0,5846636.0,3974884091.598,0.05737608471835196,679.9
US.SPY,SPDR S&P 500 ETF,2026-04-09 14:30:00,680.2999,678.85,681.16,678.58,0.0,0.0,5617009.0,3818623532.516,-0.21168910145833805,680.2901
US.SPY,SPDR S&P 500 ETF,2026-04-09 15:30:00,678.86,679.92,680.24,678.44,0.0,0.0,5001489.0,3398046958.672,0.15761950357220833,678.85
US.SPY,SPDR S&P 500 ETF,2026-04-09 16:00:00,679.91,679.91,680.67,679.83,0.0,0.0,7938522.0,5397660552.803,-0.0014707612660299601,679.92
US.SPY,SPDR S&P 500 ETF,2026-04-10 10:30:00,681.32,681.52,681.93,680.028,0.0,0.0,7492199.0,5101181706.661,0.2367960465355729,679.91
US.SPY,SPDR S&P 500 ETF,2026-04-10 11:30:00,681.54,681.24,682.03,680.42,0.0,0.0,4978879.0,3392067509.823,-0.04108463434675031,681.52
US.SPY,SPDR S&P 500 ETF,2026-04-10 12:30:00,681.23,679.52,681.45,679.11,0.0,0.0,5204230.0,3538760587.048,-0.2524807703599359,681.24
US.SPY,SPDR S&P 500 ETF,2026-04-10 13:30:00,679.52,678.6701,679.71,678.5,0.0,0.0,3544508.0,2406910799.505,-0.1250735813515326,679.52
US.SPY,SPDR S&P 500 ETF,2026-04-10 14:30:00,678.65,679.4,679.7,678.45,0.0,0.0,3445326.0,2340064838.176,0.10754857183187083,678.6701
US.SPY,SPDR S&P 500 ETF,2026-04-10 15:30:00,679.415,679.6401,679.99,678.87,0.0,0.0,4557653.0,3097249785.227,0.03534000588754548,679.4
US.SPY,SPDR S&P 500 ETF,2026-04-10 16:00:00,679.65,679.46,679.65,678.66,0.0,0.0,7962018.0,5407386051.844,-0.02649931927205662,679.6401
US.SPY,SPDR S&P 500 ETF,2026-04-13 10:30:00,677.41,679.5688,680.02,676.58,0.0,0.0,8085830.0,5485519413.882,0.01601271598033347,679.46
US.SPY,SPDR S&P 500 ETF,2026-04-13 11:30:00,679.57,679.51,680.66,679.31,0.0,0.0,4312501.0,2931995661.086,-0.008652545555360882,679.5688
US.SPY,SPDR S&P 500 ETF,2026-04-13 12:30:00,679.53,681.39,681.62,679.015,0.0,0.0,3789140.0,2576478326.292,0.27666995334873595,679.51
US.SPY,SPDR S&P 500 ETF,2026-04-13 13:30:00,681.38,682.48,682.83,680.7,0.0,0.0,5673718.0,3869269861.709,0.15996712602181304,681.39
US.SPY,SPDR S&P 500 ETF,2026-04-13 14:30:00,682.49,682.375,682.7,681.87,0.0,0.0,3436537.0,2344864361.403,-0.01538506622904967,682.48
US.SPY,SPDR S&P 500 ETF,2026-04-13 15:30:00,682.37,683.805,683.84,682.27,0.0,0.0,5021728.0,3430580995.846,0.20956219087744274,682.375
US.SPY,SPDR S&P 500 ETF,2026-04-13 16:00:00,683.8,686.1,686.3,683.66,0.0,0.0,13240030.0,9065819103.776,0.3356219974992978,683.805
US.SPY,SPDR S&P 500 ETF,2026-04-14 10:30:00,687.69,690.98,691.05,687.66,0.0,0.0,11687248.0,8058315300.879,0.711266579215857,686.1
US.SPY,SPDR S&P 500 ETF,2026-04-14 11:30:00,690.99,692.25,692.47,690.61,0.0,0.0,7777296.0,5370378563.288,0.18379692610494974,690.98
US.SPY,SPDR S&P 500 ETF,2026-04-14 12:30:00,692.25,693.595,693.72,692.24,0.0,0.0,7047117.0,4880355158.115,0.1942939689418602,692.25
US.SPY,SPDR S&P 500 ETF,2026-04-14 13:30:00,693.59,693.74,694.06,692.83,0.0,0.0,6256247.0,4336421753.61,0.020905571695295066,693.595
US.SPY,SPDR S&P 500 ETF,2026-04-14 14:30:00,693.74,692.6,694.1,692.13,0.0,0.0,7027116.0,4872316448.822,-0.16432669299737457,693.74
US.SPY,SPDR S&P 500 ETF,2026-04-14 15:30:00,692.6,694.24,694.2699,692.32,0.0,0.0,6930070.0,4799441471.118,0.23678891134853974,692.6
US.SPY,SPDR S&P 500 ETF,2026-04-14 16:00:00,694.23,694.46,694.58,693.41,0.0,0.0,7645200.0,5306555955.449,0.0316893293385612,694.24
US.SPY,SPDR S&P 500 ETF,2026-04-15 10:30:00,695.26,696.92,696.94,694.2,0.0,0.0,9449177.0,6573193472.011,0.35423206520172834,694.46
US.SPY,SPDR S&P 500 ETF,2026-04-15 11:30:00,696.92,697.37,697.56,695.93,0.0,0.0,7427589.0,5174554093.56,0.0645698215003222,696.92
US.SPY,SPDR S&P 500 ETF,2026-04-15 12:30:00,697.37,697.3599,697.8,696.8,0.0,0.0,5378244.0,3748642555.562,-0.0014482986076208902,697.37
US.SPY,SPDR S&P 500 ETF,2026-04-15 13:30:00,697.36,697.42,697.62,695.7,0.0,0.0,5210890.0,3631217622.908,0.008618218512409492,697.3599
US.SPY,SPDR S&P 500 ETF,2026-04-15 14:30:00,697.42,698.5,698.65,697.19,0.0,0.0,5873292.0,4099148999.125,0.15485647099309469,697.42
US.SPY,SPDR S&P 500 ETF,2026-04-15 15:30:00,698.49,700.0,700.03,698.48,0.0,0.0,8410625.0,5882568107.384,0.21474588403722264,698.5
US.SPY,SPDR S&P 500 ETF,2026-04-15 16:00:00,699.995,699.94,700.28,699.26,0.0,0.0,9354746.0,6547004415.378,-0.008571428571420776,700.0
US.SPY,SPDR S&P 500 ETF,2026-04-16 10:30:00,701.06,699.14,701.3,698.53,0.0,0.0,9182514.0,6426700265.638,-0.1142955110438135,699.94
US.SPY,SPDR S&P 500 ETF,2026-04-16 11:30:00,699.1499,700.78,702.03,698.87,0.0,0.0,6218130.0,4355257406.598,0.2345739050833862,699.14
US.SPY,SPDR S&P 500 ETF,2026-04-16 12:30:00,700.77,702.01,702.78,700.66,0.0,0.0,5441344.0,3819013141.688,0.1755187077256797,700.78
US.SPY,SPDR S&P 500 ETF,2026-04-16 13:30:00,702.015,700.7,702.0699,699.83,0.0,0.0,7359747.0,5157061905.031,-0.1866070283899012,702.01
US.SPY,SPDR S&P 500 ETF,2026-04-16 14:30:00,700.72,699.79,701.53,699.4737,0.0,0.0,4011860.0,2810800197.078,-0.12987012987014154,700.7
US.SPY,SPDR S&P 500 ETF,2026-04-16 15:30:00,699.8,700.9101,701.195,699.775,0.0,0.0,4240168.0,2971085410.364,0.1600623044056207,699.79
US.SPY,SPDR S&P 500 ETF,2026-04-16 16:00:00,700.91,701.66,701.94,700.83,0.0,0.0,7396052.0,5188824783.978,0.10698946983356515,700.9101
US.SPY,SPDR S&P 500 ETF,2026-04-17 10:30:00,706.14,709.225,709.46,705.76,0.0,0.0,12286318.0,8692319762.113,1.0781575121853968,701.66
US.SPY,SPDR S&P 500 ETF,2026-04-17 11:30:00,709.24,710.62,711.335,709.23,0.0,0.0,9799979.0,6952875218.958,0.19669357397158616,709.225
US.SPY,SPDR S&P 500 ETF,2026-04-17 12:30:00,710.63,711.51,711.64,710.4193,0.0,0.0,11173292.0,7912256749.202,0.12524274577129638,710.62
US.SPY,SPDR S&P 500 ETF,2026-04-17 13:30:00,711.515,709.88,712.39,709.03,0.0,0.0,6985154.0,4961514681.135,-0.22909024469086806,711.51
US.SPY,SPDR S&P 500 ETF,2026-04-17 14:30:00,709.88,709.81,710.7,709.14,0.0,0.0,6292965.0,4462405767.586,-0.009860821547310817,709.88
US.SPY,SPDR S&P 500 ETF,2026-04-17 15:30:00,709.81,709.26,710.39,708.99,0.0,0.0,5722710.0,4058412979.735,-0.07748552429522754,709.81
US.SPY,SPDR S&P 500 ETF,2026-04-17 16:00:00,709.27,710.14,710.4,709.26,0.0,0.0,10206842.0,7243277822.354,0.1240729774694746,709.26
US.SPY,SPDR S&P 500 ETF,2026-04-20 10:30:00,708.78,708.95,709.91,708.23,0.0,0.0,7365911.0,5223415766.241,-0.1675725913200131,710.14
US.SPY,SPDR S&P 500 ETF,2026-04-20 11:30:00,708.93,708.27,709.0,706.14,0.0,0.0,7954192.0,5629684555.363,-0.09591649622682327,708.95
US.SPY,SPDR S&P 500 ETF,2026-04-20 12:30:00,708.26,707.65,708.26,707.02,0.0,0.0,3084091.0,2183627119.403,-0.08753723862368935,708.27
US.SPY,SPDR S&P 500 ETF,2026-04-20 13:30:00,707.66,707.98,708.39,707.26,0.0,0.0,3289526.0,2331110854.827,0.04663322263831568,707.65
US.SPY,SPDR S&P 500 ETF,2026-04-20 14:30:00,707.9882,708.32,708.61,707.481,0.0,0.0,3170598.0,2245114744.457,0.04802395547897283,707.98
US.SPY,SPDR S&P 500 ETF,2026-04-20 15:30:00,708.32,708.02,708.61,707.86,0.0,0.0,4140029.0,2932947011.87,-0.04235373842332112,708.32
US.SPY,SPDR S&P 500 ETF,2026-04-20 16:00:00,708.02,708.72,708.8,707.6,0.0,0.0,7978266.0,5653267817.789,0.09886726363662686,708.02
US.SPY,SPDR S&P 500 ETF,2026-04-21 10:30:00,710.28,710.57,711.275,708.75,0.0,0.0,5714874.0,4058595402.303,0.26103397674681433,708.72
US.SPY,SPDR S&P 500 ETF,2026-04-21 11:30:00,710.56,706.69,710.78,706.15,0.0,0.0,7365609.0,5215623452.319,-0.5460405026950188,710.57
US.SPY,SPDR S&P 500 ETF,2026-04-21 12:30:00,706.66,706.36,707.885,706.04,0.0,0.0,4344452.0,3071053203.828,-0.046696571339631364,706.69
US.SPY,SPDR S&P 500 ETF,2026-04-21 13:30:00,706.3314,704.69,707.14,703.84,0.0,0.0,6334744.0,4468257321.041,-0.23642335353077173,706.36
US.SPY,SPDR S&P 500 ETF,2026-04-21 14:30:00,704.68,705.099,707.41,704.64,0.0,0.0,6887552.0,4862266111.9,0.058039705402374346,704.69
US.SPY,SPDR S&P 500 ETF,2026-04-21 15:30:00,705.095,707.725,707.78,705.0203,0.0,0.0,6470599.0,4571903030.647,0.3724299708267883,705.099
US.SPY,SPDR S&P 500 ETF,2026-04-21 16:00:00,707.72,704.08,707.87,702.64,0.0,0.0,12885473.0,9080772729.479,-0.5150305556536765,707.725
US.SPY,SPDR S&P 500 ETF,2026-04-22 10:30:00,709.15,710.52,710.7,708.22,0.0,0.0,6585185.0,4668503862.236,0.9146687876377599,704.08
US.SPY,SPDR S&P 500 ETF,2026-04-22 11:30:00,710.51,710.2,710.65,709.2901,0.0,0.0,4474966.0,3177145796.854,-0.0450374373698047,710.52
US.SPY,SPDR S&P 500 ETF,2026-04-22 12:30:00,710.19,709.155,710.44,709.08,0.0,0.0,3261133.0,2314548015.022,-0.14714165023937942,710.2
US.SPY,SPDR S&P 500 ETF,2026-04-22 13:30:00,709.15,710.04,710.42,708.8,0.0,0.0,3453450.0,2450297310.382,0.12479641263193392,709.155
US.SPY,SPDR S&P 500 ETF,2026-04-22 14:30:00,710.05,709.45,710.42,709.2,0.0,0.0,3572578.0,2534598677.803,-0.0830939102022306,710.04
US.SPY,SPDR S&P 500 ETF,2026-04-22 15:30:00,709.46,710.45,710.58,709.19,0.0,0.0,4606464.0,3270236154.747,0.14095426034251884,709.45
US.SPY,SPDR S&P 500 ETF,2026-04-22 16:00:00,710.455,711.21,711.45,710.13,0.0,0.0,8081141.0,5738968962.361,0.10697445281159698,710.45
US.SPY,SPDR S&P 500 ETF,2026-04-23 10:30:00,709.5,710.53,711.285,709.13,0.0,0.0,7030060.0,4992991075.005,-0.0956117039974218,711.21
US.SPY,SPDR S&P 500 ETF,2026-04-23 11:30:00,710.51,711.99,712.28,710.4,0.0,0.0,4299306.0,3058959788.033,0.20548041602747755,710.53
US.SPY,SPDR S&P 500 ETF,2026-04-23 12:30:00,711.99,710.73,712.3598,710.305,0.0,0.0,3890943.0,2767121933.226,-0.17696877765137023,711.99
US.SPY,SPDR S&P 500 ETF,2026-04-23 13:30:00,710.7489,706.05,711.27,705.88,0.0,0.0,8057531.0,5709651438.588,-0.6584779030011486,710.73
US.SPY,SPDR S&P 500 ETF,2026-04-23 14:30:00,706.0406,708.5101,708.59,702.2803,0.0,0.0,14411312.0,10171879104.667,0.3484314142057944,706.05
US.SPY,SPDR S&P 500 ETF,2026-04-23 15:30:00,708.51,708.405,709.48,706.74,0.0,0.0,5213805.0,3692298188.348,-0.014833945204167602,708.5101
US.SPY,SPDR S&P 500 ETF,2026-04-23 16:00:00,708.42,708.45,708.91,706.47,0.0,0.0,7548065.0,5346037501.706,0.006352298473341205,708.405
US.SPY,SPDR S&P 500 ETF,2026-04-24 10:30:00,710.75,709.86,711.16,709.01,0.0,0.0,7661014.0,5439385261.556,0.1990260427694217,708.45
US.SPY,SPDR S&P 500 ETF,2026-04-24 11:30:00,709.89,711.85,712.15,709.45,0.0,0.0,5273785.0,3748728987.526,0.2803369678528173,709.86
US.SPY,SPDR S&P 500 ETF,2026-04-24 12:30:00,711.87,713.3012,714.14,711.54,0.0,0.0,5849618.0,4170765600.797,0.20386317342136287,711.85
US.SPY,SPDR S&P 500 ETF,2026-04-24 13:30:00,713.321,713.02,713.8913,712.72,0.0,0.0,3734035.0,2662663258.884,-0.03942233659497735,713.3012
US.SPY,SPDR S&P 500 ETF,2026-04-24 14:30:00,713.0,713.02,714.46,712.73,0.0,0.0,3977438.0,2836281372.199,0.0,713.02
US.SPY,SPDR S&P 500 ETF,2026-04-24 15:30:00,713.03,713.74,714.47,713.0,0.0,0.0,3928310.0,2801990390.952,0.10097893467224303,713.02
US.SPY,SPDR S&P 500 ETF,2026-04-24 16:00:00,713.75,713.94,714.43,713.44,0.0,0.0,8546533.0,6096034535.902,0.028021408355990346,713.74
US.SPY,SPDR S&P 500 ETF,2026-04-27 10:30:00,713.17,713.445,714.4093,712.6,0.0,0.0,7010974.0,5003274008.418,-0.06933355744180246,713.94
US.SPY,SPDR S&P 500 ETF,2026-04-27 11:30:00,713.4592,713.0,714.45,712.295,0.0,0.0,3807940.0,2716203467.05,-0.06237341350770557,713.445
US.SPY,SPDR S&P 500 ETF,2026-04-27 12:30:00,712.99,713.86,714.12,712.76,0.0,0.0,2823322.0,2014573857.842,0.1206171107994409,713.0
US.SPY,SPDR S&P 500 ETF,2026-04-27 13:30:00,713.87,714.6,714.755,713.86,0.0,0.0,3352797.0,2394334427.826,0.10366178242232499,713.86
US.SPY,SPDR S&P 500 ETF,2026-04-27 14:30:00,714.6,715.1,715.24,714.58,0.0,0.0,3263797.0,2333336415.756,0.06996921354603974,714.6
US.SPY,SPDR S&P 500 ETF,2026-04-27 15:30:00,715.09,715.14,715.22,714.71,0.0,0.0,2920246.0,2087776200.274,0.005593623269467714,715.1
US.SPY,SPDR S&P 500 ETF,2026-04-27 16:00:00,715.13,715.17,715.63,714.88,0.0,0.0,6695170.0,4787438855.925,0.004194982800566702,715.14
US.SPY,SPDR S&P 500 ETF,2026-04-28 10:30:00,711.815,711.25,712.88,710.78,0.0,0.0,7398808.0,5266074486.509,-0.5481214256750087,715.17
US.SPY,SPDR S&P 500 ETF,2026-04-28 11:30:00,711.26,709.9,711.58,709.25,0.0,0.0,5094389.0,3618236587.538,-0.18980667838313148,711.25
US.SPY,SPDR S&P 500 ETF,2026-04-28 12:30:00,709.905,710.32,710.59,709.38,0.0,0.0,2919476.0,2072784418.322,0.059163262431338605,709.9
US.SPY,SPDR S&P 500 ETF,2026-04-28 13:30:00,710.3201,710.12,710.44,709.36,0.0,0.0,2696001.0,1913708026.042,-0.02815632391035667,710.32
US.SPY,SPDR S&P 500 ETF,2026-04-28 14:30:00,710.12,711.35,711.65,710.115,0.0,0.0,4765863.0,3388211010.684,0.1732101616628201,710.12
US.SPY,SPDR S&P 500 ETF,2026-04-28 15:30:00,711.36,711.59,712.19,710.83,0.0,0.0,3515250.0,2501739351.158,0.03373866591691981,711.35
US.SPY,SPDR S&P 500 ETF,2026-04-28 16:00:00,711.59,711.69,711.99,711.2,0.0,0.0,9183512.0,6544044434.168,0.014053036158465232,711.59
US.SPY,SPDR S&P 500 ETF,2026-04-29 10:30:00,711.0,711.48,711.65,709.66,0.0,0.0,5955349.0,4231693119.296,-0.02950722927117655,711.69
US.SPY,SPDR S&P 500 ETF,2026-04-29 11:30:00,711.48,710.867,712.2,710.105,0.0,0.0,3546272.0,2522085668.422,-0.0861584303142824,711.48
US.SPY,SPDR S&P 500 ETF,2026-04-29 12:30:00,710.88,709.75,711.1,709.21,0.0,0.0,3668893.0,2605575193.642,-0.15713206549185177,710.867
US.SPY,SPDR S&P 500 ETF,2026-04-29 13:30:00,709.745,709.91,710.19,708.91,0.0,0.0,3428789.0,2433272724.741,0.02254314899612091,709.75
US.SPY,SPDR S&P 500 ETF,2026-04-29 14:30:00,709.92,709.22,710.74,708.46,0.0,0.0,4647438.0,3298311852.239,-0.09719541913762884,709.91
US.SPY,SPDR S&P 500 ETF,2026-04-29 15:30:00,709.23,710.87,711.5,708.37,0.0,0.0,5537424.0,3931718595.122,0.23264995347000608,709.22
US.SPY,SPDR S&P 500 ETF,2026-04-29 16:00:00,710.86,711.58,711.66,710.08,0.0,0.0,7678335.0,5459187168.926,0.09987761475375755,710.87
US.SPY,SPDR S&P 500 ETF,2026-04-30 10:30:00,714.63,712.01,714.73,710.445,0.0,0.0,10341111.0,7364304595.2,0.060428904690962355,711.58
US.SPY,SPDR S&P 500 ETF,2026-04-30 11:30:00,712.01,714.43,714.59,711.18,0.0,0.0,5968112.0,4257150609.124,0.3398828668136626,712.01
US.SPY,SPDR S&P 500 ETF,2026-04-30 12:30:00,714.41,715.18,715.39,713.47,0.0,0.0,3905602.0,2789289373.85,0.10497879428355472,714.43
US.SPY,SPDR S&P 500 ETF,2026-04-30 13:30:00,715.18,715.81,715.89,713.9,0.0,0.0,3039126.0,2172438138.834,0.08808971168097479,715.18
US.SPY,SPDR S&P 500 ETF,2026-04-30 14:30:00,715.82,717.88,718.11,715.82,0.0,0.0,5141510.0,3682407261.4,0.28918288372613543,715.81
US.SPY,SPDR S&P 500 ETF,2026-04-30 15:30:00,717.9,719.12,719.43,717.87,0.0,0.0,9400328.0,6734782113.883,0.1727308185212026,717.88
US.SPY,SPDR S&P 500 ETF,2026-04-30 16:00:00,719.11,718.66,719.79,718.35,0.0,0.0,17447361.0,12518541401.833,-0.06396707086439488,719.12
US.SPY,SPDR S&P 500 ETF,2026-05-01 10:30:00,721.25,724.2588,724.87,720.74,0.0,0.0,8185119.0,5916935207.711,0.7790610302507421,718.66
US.SPY,SPDR S&P 500 ETF,2026-05-01 11:30:00,724.27,723.29,724.27,722.04,0.0,0.0,4787462.0,3461257504.142,-0.13376433948748534,724.2588
US.SPY,SPDR S&P 500 ETF,2026-05-01 12:30:00,723.295,722.14,724.38,721.87,0.0,0.0,5478074.0,3961634865.741,-0.15899570020323484,723.29
US.SPY,SPDR S&P 500 ETF,2026-05-01 13:30:00,722.1201,722.98,722.98,721.49,0.0,0.0,3829505.0,2765238208.061,0.11632093499875812,722.14
US.SPY,SPDR S&P 500 ETF,2026-05-01 14:30:00,722.96,722.18,723.22,721.5,0.0,0.0,3579839.0,2586344365.358,-0.11065313010042714,722.98
US.SPY,SPDR S&P 500 ETF,2026-05-01 15:30:00,722.14,722.42,722.59,720.78,0.0,0.0,4369364.0,3152713412.611,0.03323271206624513,722.18
US.SPY,SPDR S&P 500 ETF,2026-05-01 16:00:00,722.43,720.65,722.5,720.47,0.0,0.0,6728753.0,4852399121.556,-0.24500982807784694,722.42
US.SPY,SPDR S&P 500 ETF,2026-05-04 10:30:00,720.07,721.24,721.719,719.25,0.0,0.0,6882698.0,4958328627.677,0.08187053354610863,720.65
US.SPY,SPDR S&P 500 ETF,2026-05-04 11:30:00,721.22,718.44,722.12,717.45,0.0,0.0,8592937.0,6186107252.795,-0.3882202872830063,721.24
US.SPY,SPDR S&P 500 ETF,2026-05-04 12:30:00,718.45,717.0,718.74,714.99,0.0,0.0,9025369.0,6473874326.548,-0.2004342742609062,718.44
US.SPY,SPDR S&P 500 ETF,2026-05-04 13:30:00,716.99,718.57,718.64,716.3,0.0,0.0,3805348.0,2729759283.82,0.21896792189679917,717.0
US.SPY,SPDR S&P 500 ETF,2026-05-04 14:30:00,718.56,717.76,718.995,717.17,0.0,0.0,3711005.0,2665588482.529,-0.11272388215484352,718.57
US.SPY,SPDR S&P 500 ETF,2026-05-04 15:30:00,717.76,717.74,718.22,716.83,0.0,0.0,5891321.0,4228196806.897,-0.0027864467231361197,717.76
US.SPY,SPDR S&P 500 ETF,2026-05-04 16:00:00,717.75,718.01,718.26,717.35,0.0,0.0,8154765.0,5856159449.028,0.03761807897009806,717.74
US.SPY,SPDR S&P 500 ETF,2026-05-05 10:30:00,721.77,723.29,723.67,721.4898,0.0,0.0,7355942.0,5314047711.358,0.7353658027046939,718.01
US.SPY,SPDR S&P 500 ETF,2026-05-05 11:30:00,723.298,723.48,723.65,722.38,0.0,0.0,4788828.0,3462990959.899,0.02626885481619469,723.29
US.SPY,SPDR S&P 500 ETF,2026-05-05 12:30:00,723.49,723.58,723.87,722.91,0.0,0.0,2333872.0,1688218224.915,0.013822082158459491,723.48
US.SPY,SPDR S&P 500 ETF,2026-05-05 13:30:00,723.56,723.855,723.86,723.12,0.0,0.0,2085889.0,1509147445.204,0.03800547278807834,723.58
US.SPY,SPDR S&P 500 ETF,2026-05-05 14:30:00,723.86,724.475,724.7,723.72,0.0,0.0,2997124.0,2169582236.634,0.08565251327959392,723.855
US.SPY,SPDR S&P 500 ETF,2026-05-05 15:30:00,724.475,724.72,725.04,724.1,0.0,0.0,3370581.0,2442385828.2,0.03381759204941572,724.475
US.SPY,SPDR S&P 500 ETF,2026-05-05 16:00:00,724.72,723.77,724.87,723.27,0.0,0.0,7998409.0,5786096044.216,-0.13108510873165435,724.72
US.SPY,SPDR S&P 500 ETF,2026-05-06 10:30:00,728.16,730.02,730.68,727.82,0.0,0.0,7323990.0,5341601999.422,0.863533995606339,723.77
US.SPY,SPDR S&P 500 ETF,2026-05-06 11:30:00,730.04,732.05,732.56,730.01,0.0,0.0,5603162.0,4099061596.537,0.2780745732993579,730.02
US.SPY,SPDR S&P 500 ETF,2026-05-06 12:30:00,732.05,731.77,732.141509,730.94,0.0,0.0,3361147.0,2459376537.108,-0.038248753500440234,732.05
US.SPY,SPDR S&P 500 ETF,2026-05-06 13:30:00,731.7701,731.68,731.84,730.5289,0.0,0.0,2933287.0,2144384769.583,-0.012298946390263583,731.77
US.SPY,SPDR S&P 500 ETF,2026-05-06 14:30:00,731.68,733.045,733.18,731.545,0.0,0.0,3725846.0,2726294567.867,0.18655696479335354,731.68
US.SPY,SPDR S&P 500 ETF,2026-05-06 15:30:00,733.04,733.86,733.99,732.72,0.0,0.0,8121373.0,5942568965.987,0.11118007762143586,733.045
US.SPY,SPDR S&P 500 ETF,2026-05-06 16:00:00,733.85,733.83,734.59,733.55,0.0,0.0,12022677.0,8817048878.908,-0.004087973182892202,733.86
US.SPY,SPDR S&P 500 ETF,2026-05-07 10:30:00,735.05,734.55,735.13,733.55,0.0,0.0,7072460.0,5194011195.391,0.09811536731939462,733.83
US.SPY,SPDR S&P 500 ETF,2026-05-07 11:30:00,734.63,734.9088,736.13,734.3,0.0,0.0,6755148.0,4967530784.162,0.04884623238718774,734.55
US.SPY,SPDR S&P 500 ETF,2026-05-07 12:30:00,734.91,733.365,735.62,731.73,0.0,0.0,6045657.0,4435434222.374,-0.21006688176819122,734.9088
US.SPY,SPDR S&P 500 ETF,2026-05-07 13:30:00,733.36,730.625,733.82,729.76,0.0,0.0,5351873.0,3917728893.468,-0.3736202300355224,733.365
US.SPY,SPDR S&P 500 ETF,2026-05-07 14:30:00,730.63,731.29,732.2,730.15,0.0,0.0,5162779.0,3775086735.853,0.09101796407185131,730.625
US.SPY,SPDR S&P 500 ETF,2026-05-07 15:30:00,731.29,730.5,731.94,729.75,0.0,0.0,5365421.0,3922729724.185,-0.10802827879500111,731.29
US.SPY,SPDR S&P 500 ETF,2026-05-07 16:00:00,730.5,731.58,731.9,730.4,0.0,0.0,8501676.0,6218427404.967,0.14784394250513908,730.5
US.SPY,SPDR S&P 500 ETF,2026-05-08 10:30:00,734.93,736.8,737.5498,734.57,0.0,0.0,7421618.0,5462467114.679,0.7135241532026454,731.58
US.SPY,SPDR S&P 500 ETF,2026-05-08 11:30:00,736.8199,736.91,737.45,736.0491,0.0,0.0,4255240.0,3134794770.371,0.014929424538546912,736.8
US.SPY,SPDR S&P 500 ETF,2026-05-08 12:30:00,736.89,737.55,737.75,736.31,0.0,0.0,4088246.0,3013571414.175,0.08684914032921068,736.91
US.SPY,SPDR S&P 500 ETF,2026-05-08 13:30:00,737.56,737.69,737.84,736.81,0.0,0.0,4320986.0,3181507624.338,0.018981763948220466,737.55
US.SPY,SPDR S&P 500 ETF,2026-05-08 14:30:00,737.68,737.73,738.08,737.07,0.0,0.0,3678730.0,2713391641.788,0.0054223318738174054,737.69
US.SPY,SPDR S&P 500 ETF,2026-05-08 15:30:00,737.73,736.64,737.95,736.105,0.0,0.0,5372256.0,3957162501.291,-0.1477505320374706,737.73
US.SPY,SPDR S&P 500 ETF,2026-05-08 16:00:00,736.64,737.62,737.62,736.52,0.0,0.0,10932875.0,8048410954.025,0.13303649000869058,736.64
US.SPY,SPDR S&P 500 ETF,2026-05-11 10:30:00,736.45,738.4674,739.59,736.45,0.0,0.0,7789633.0,5751563590.01,0.11488300208779498,737.62
US.SPY,SPDR S&P 500 ETF,2026-05-11 11:30:00,738.46,740.0707,740.1073,737.59,0.0,0.0,5938228.0,4389235174.787,0.21711181834160723,738.4674
US.SPY,SPDR S&P 500 ETF,2026-05-11 12:30:00,740.075,740.335,740.4392,739.67,0.0,0.0,3973313.0,2940529141.24,0.035712804195605685,740.0707
US.SPY,SPDR S&P 500 ETF,2026-05-11 13:30:00,740.32,739.81,740.43,738.84,0.0,0.0,4664563.0,3449579865.161,-0.07091384305754704,740.335
US.SPY,SPDR S&P 500 ETF,2026-05-11 14:30:00,739.79,740.34,740.79,739.78,0.0,0.0,4240405.0,3139155186.918,0.07164001567971323,739.81
US.SPY,SPDR S&P 500 ETF,2026-05-11 15:30:00,740.34,738.49,740.35,738.16,0.0,0.0,6107607.0,4513737969.888,-0.24988518788664973,740.34
US.SPY,SPDR S&P 500 ETF,2026-05-11 16:00:00,738.485,739.3,739.3,738.13,0.0,0.0,7118708.0,5258387098.75,0.10968327262386023,738.49
US.SPY,SPDR S&P 500 ETF,2026-05-12 10:30:00,736.89,734.92,737.22,734.57,0.0,0.0,7053849.0,5190435783.588,-0.5924523197619364,739.3
US.SPY,SPDR S&P 500 ETF,2026-05-12 11:30:00,734.92,732.32,735.19,731.83,0.0,0.0,7781824.0,5710153955.974,-0.35378000326564923,734.92
US.SPY,SPDR S&P 500 ETF,2026-05-12 12:30:00,732.34,732.74,733.73,732.11,0.0,0.0,5323470.0,3904848542.337,0.05735197727768722,732.32
US.SPY,SPDR S&P 500 ETF,2026-05-12 13:30:00,732.73,734.35,735.01,731.83,0.0,0.0,5778727.0,4237506844.296,0.21972323061386217,732.74
US.SPY,SPDR S&P 500 ETF,2026-05-12 14:30:00,734.34,736.185,736.48,734.13,0.0,0.0,5693168.0,4187406611.276,0.24988084700754715,734.35
US.SPY,SPDR S&P 500 ETF,2026-05-12 15:30:00,736.19,737.08,737.42,735.77,0.0,0.0,4645743.0,3422225143.222,0.12157270251364748,736.185
US.SPY,SPDR S&P 500 ETF,2026-05-12 16:00:00,737.08,738.18,738.84,737.07,0.0,0.0,9147615.0,6753349608.649,0.1492375318825513,737.08
US.SPY,SPDR S&P 500 ETF,2026-05-13 10:30:00,738.47,738.305,738.75,735.47,0.0,0.0,6093207.0,4492030952.603,0.016933539245170555,738.18
US.SPY,SPDR S&P 500 ETF,2026-05-13 11:30:00,738.3,739.29,739.38,737.77,0.0,0.0,4659469.0,3441741833.779,0.1334136975911058,738.305
US.SPY,SPDR S&P 500 ETF,2026-05-13 12:30:00,739.27,741.725,741.98,738.94,0.0,0.0,4250480.0,3146428552.769,0.3293700712846189,739.29
US.SPY,SPDR S&P 500 ETF,2026-05-13 13:30:00,741.73,742.62,742.895,741.37,0.0,0.0,3992651.0,2962711364.872,0.1206646668239552,741.725
US.SPY,SPDR S&P 500 ETF,2026-05-13 14:30:00,742.62,743.53,743.91,742.091,0.0,0.0,3515638.0,2611392606.064,0.12253911825697776,742.62
US.SPY,SPDR S&P 500 ETF,2026-05-13 15:30:00,743.54,743.49,743.71,742.55,0.0,0.0,4997271.0,3709367440.207,-0.005379742579312687,743.53
US.SPY,SPDR S&P 500 ETF,2026-05-13 16:00:00,743.49,742.31,743.61,742.22,0.0,0.0,10280135.0,7628126602.043,-0.15871094433012733,743.49
US.SPY,SPDR S&P 500 ETF,2026-05-14 10:30:00,743.65,745.96,746.37,743.56,0.0,0.0,6886361.0,5130671643.207,0.4917083159327089,742.31
US.SPY,SPDR S&P 500 ETF,2026-05-14 11:30:00,745.95,748.5105,748.81,745.76,0.0,0.0,4444572.0,3321426909.356,0.3419084133197413,745.96
US.SPY,SPDR S&P 500 ETF,2026-05-14 12:30:00,748.51,748.0,749.53,747.85,0.0,0.0,4225277.0,3160856876.462,-0.06820211606917727,748.5105
US.SPY,SPDR S&P 500 ETF,2026-05-14 13:30:00,748.01,746.91,748.34,746.307,0.0,0.0,4817508.0,3597123221.954,-0.14572192513369409,748.0
US.SPY,SPDR S&P 500 ETF,2026-05-14 14:30:00,746.92,747.56,748.3,746.65,0.0,0.0,5604658.0,4186945065.212,0.08702521053406398,746.91
US.SPY,SPDR S&P 500 ETF,2026-05-14 15:30:00,747.55,748.085,748.69,747.36,0.0,0.0,4496772.0,3362503450.298,0.07022847664402736,747.56
US.SPY,SPDR S&P 500 ETF,2026-05-14 16:00:00,748.08,748.17,748.68,747.78,0.0,0.0,8057793.0,6024160974.986,0.011362345188036478,748.085
US.SPY,SPDR S&P 500 ETF,2026-05-15 10:30:00,741.79,741.13,742.68,737.96,0.0,0.0,11189331.0,8283899140.048,-0.9409626154483559,748.17
US.SPY,SPDR S&P 500 ETF,2026-05-15 11:30:00,741.15,741.22,742.28,740.14,0.0,0.0,4989790.0,3698312387.379,0.012143618528467588,741.13
US.SPY,SPDR S&P 500 ETF,2026-05-15 12:30:00,741.26,741.31,741.95,739.11,0.0,0.0,8269377.0,6129817169.034,0.012142144032799727,741.22
US.SPY,SPDR S&P 500 ETF,2026-05-15 13:30:00,741.32,742.5228,742.95,740.265,0.0,0.0,2993637.0,2220097288.94,0.16360227165423585,741.31
US.SPY,SPDR S&P 500 ETF,2026-05-15 14:30:00,742.54,741.71,743.46,741.51,0.0,0.0,4394513.0,3263407707.103,-0.10946465212919047,742.5228
US.SPY,SPDR S&P 500 ETF,2026-05-15 15:30:00,741.72,740.16,741.87,740.06,0.0,0.0,5199308.0,3851253133.587,-0.20897655417886615,741.71
US.SPY,SPDR S&P 500 ETF,2026-05-15 16:00:00,740.14,739.17,740.82,738.54,0.0,0.0,14026960.0,10405352610.81,-0.13375486381323082,740.16
US.SPY,SPDR S&P 500 ETF,2026-05-18 10:30:00,739.83,739.5,741.415,737.56,0.0,0.0,7089176.0,5243409586.708,0.044644669020663844,739.17
US.SPY,SPDR S&P 500 ETF,2026-05-18 11:30:00,739.49,735.62,739.84,735.52,0.0,0.0,5924191.0,4369623081.689,-0.5246788370520615,739.5
US.SPY,SPDR S&P 500 ETF,2026-05-18 12:30:00,735.59,734.83,737.93,734.47,0.0,0.0,3813210.0,2808217931.179,-0.10739240368668113,735.62
US.SPY,SPDR S&P 500 ETF,2026-05-18 13:30:00,734.82,737.36,737.42,734.225,0.0,0.0,3845485.0,2831808264.803,0.34429732046867606,734.83
US.SPY,SPDR S&P 500 ETF,2026-05-18 14:30:00,737.35,734.71,737.42,733.71,0.0,0.0,4621143.0,3400803197.005,-0.3593902571335545,737.36
US.SPY,SPDR S&P 500 ETF,2026-05-18 15:30:00,734.735,735.52,738.02,733.39,0.0,0.0,7902862.0,5813584965.011,0.11024758067808324,734.71
US.SPY,SPDR S&P 500 ETF,2026-05-18 16:00:00,735.53,738.65,738.75,735.28,0.0,0.0,7379323.0,5446157277.872,0.42554927126386716,735.52
US.SPY,SPDR S&P 500 ETF,2026-05-19 10:30:00,734.78,732.42,736.3,731.74,0.0,0.0,9913711.0,7274893707.519,-0.8434305828200119,738.65
US.SPY,SPDR S&P 500 ETF,2026-05-19 11:30:00,732.42,732.23,733.96,731.53,0.0,0.0,5428456.0,3977812191.493,-0.025941399743308606,732.42
US.SPY,SPDR S&P 500 ETF,2026-05-19 12:30:00,732.225,734.49,734.74,732.04,0.0,0.0,3810033.0,2794904567.35,0.308646190404653,732.23
US.SPY,SPDR S&P 500 ETF,2026-05-19 13:30:00,734.495,736.98,737.65,734.3482,0.0,0.0,5454801.0,4015717725.41,0.33901074214761384,734.49
US.SPY,SPDR S&P 500 ETF,2026-05-19 14:30:00,736.97,735.88,737.57,735.82,0.0,0.0,5552518.0,4091842307.545,-0.14925778175798837,736.98
US.SPY,SPDR S&P 500 ETF,2026-05-19 15:30:00,735.89,734.77,736.37,733.9,0.0,0.0,5381834.0,3958588070.101,-0.15083981083872555,735.88
US.SPY,SPDR S&P 500 ETF,2026-05-19 16:00:00,734.79,733.73,735.01,732.575,0.0,0.0,12282019.0,9026982817.101,-0.14154089034663414,734.77
US.SPY,SPDR S&P 500 ETF,2026-05-20 10:30:00,735.71,737.89,738.54,733.89,0.0,0.0,8585520.0,6319783166.045,0.5669660501819427,733.73
US.SPY,SPDR S&P 500 ETF,2026-05-20 11:30:00,737.9,739.295,741.87,737.44,0.0,0.0,7293505.0,5392132789.196,0.19040778435809846,737.89
US.SPY,SPDR S&P 500 ETF,2026-05-20 12:30:00,739.295,738.93,740.92,738.55,0.0,0.0,3635362.0,2689066990.493,-0.04937136055296048,739.295
US.SPY,SPDR S&P 500 ETF,2026-05-20 13:30:00,738.95,740.155,740.35,738.5112,0.0,0.0,3746707.0,2768754897.907,0.16578024982068976,738.93
US.SPY,SPDR S&P 500 ETF,2026-05-20 14:30:00,740.16,740.08,740.72,739.3,0.0,0.0,3741841.0,2765877817.566,-0.010133012679767317,740.155
US.SPY,SPDR S&P 500 ETF,2026-05-20 15:30:00,740.13,740.82,740.96,739.68,0.0,0.0,4013897.0,2970322507.544,0.09998919035780038,740.08
US.SPY,SPDR S&P 500 ETF,2026-05-20 16:00:00,740.83,741.25,741.61,740.55,0.0,0.0,7732568.0,5726812770.656,0.05804378931453659,740.82
US.SPY,SPDR S&P 500 ETF,2026-05-21 10:30:00,738.64,738.505,740.615,737.4147,0.0,0.0,7419280.0,5480136312.612,-0.3703204047217544,741.25
US.SPY,SPDR S&P 500 ETF,2026-05-21 11:30:00,738.5,738.8,739.37,737.03,0.0,0.0,4123965.0,3045705996.224,0.03994556570367961,738.505
US.SPY,SPDR S&P 500 ETF,2026-05-21 12:30:00,738.81,738.8,739.96,737.82,0.0,0.0,3296789.0,2436862275.625,0.0,738.8
US.SPY,SPDR S&P 500 ETF,2026-05-21 13:30:00,738.81,742.15,743.05,738.09,0.0,0.0,5735215.0,4247297484.115,0.45343800757986236,738.8
US.SPY,SPDR S&P 500 ETF,2026-05-21 14:30:00,742.16,743.34,744.87,741.97,0.0,0.0,5612844.0,4172457995.995,0.1603449437445334,742.15
US.SPY,SPDR S&P 500 ETF,2026-05-21 15:30:00,743.35,742.68,743.72,740.08,0.0,0.0,5847662.0,4339965609.752,-0.08878844135928132,743.34
US.SPY,SPDR S&P 500 ETF,2026-05-21 16:00:00,742.66,742.72,743.16,741.92,0.0,0.0,6790116.0,5041825728.689,0.005385899714557725,742.68
US.SPY,SPDR S&P 500 ETF,2026-05-22 10:30:00,746.24,745.69,748.16,744.48,0.0,0.0,6310178.0,4711593899.149,0.3998815165876814,742.72
US.SPY,SPDR S&P 500 ETF,2026-05-22 11:30:00,745.7,747.88,747.88,745.46,0.0,0.0,2839096.0,2119746809.436,0.29368772546231553,745.69
US.SPY,SPDR S&P 500 ETF,2026-05-22 12:30:00,747.89,747.38,748.04,746.85,0.0,0.0,2730291.0,2040236429.317,-0.06685564529068835,747.88
US.SPY,SPDR S&P 500 ETF,2026-05-22 13:30:00,747.38,748.735,748.78,746.63,0.0,0.0,3144069.0,2350355412.022,0.18130000802804708,747.38
US.SPY,SPDR S&P 500 ETF,2026-05-22 14:30:00,748.78,747.31,748.94,746.83,0.0,0.0,4070540.0,3041808517.939,-0.19032100810033833,748.735
US.SPY,SPDR S&P 500 ETF,2026-05-22 15:30:00,747.3,745.58,747.47,745.5,0.0,0.0,4166778.0,3110057725.849,-0.23149696912926426,747.31
US.SPY,SPDR S&P 500 ETF,2026-05-22 16:00:00,745.575,745.64,746.21,744.955,0.0,0.0,7952792.0,5926179944.09,0.008047426164857619,745.58
US.SPY,SPDR S&P 500 ETF,2026-05-26 10:30:00,750.01,751.54,751.8691,749.131,0.0,0.0,6166574.0,4628672584.423,0.7912665629526283,745.64
US.SPY,SPDR S&P 500 ETF,2026-05-26 11:30:00,751.545,749.85,752.13,749.73,0.0,0.0,4815218.0,3613458874.075,-0.22487159698751108,751.54
US.SPY,SPDR S&P 500 ETF,2026-05-26 12:30:00,749.85,749.74,750.0,748.37,0.0,0.0,5388801.0,4034406423.739,-0.014669600586785842,749.85
US.SPY,SPDR S&P 500 ETF,2026-05-26 13:30:00,749.74,748.65,750.03,748.52,0.0,0.0,3372048.0,2524722585.598,-0.14538373302745378,749.74
US.SPY,SPDR S&P 500 ETF,2026-05-26 14:30:00,748.65,749.655,750.0,748.5,0.0,0.0,3751414.0,2807688535.742,0.13424163494289662,748.65
US.SPY,SPDR S&P 500 ETF,2026-05-26 15:30:00,749.64,749.51,750.0,748.85,0.0,0.0,4752594.0,3559337893.578,-0.01934223075948027,749.655
US.SPY,SPDR S&P 500 ETF,2026-05-26 16:00:00,749.5,750.59,750.87,749.495,0.0,0.0,8007742.0,6006739269.411,0.14409414150578925,749.51
US.SPY,SPDR S&P 500 ETF,2026-05-27 10:30:00,750.88,750.045,751.38,749.23,0.0,0.0,8680939.0,6514041002.683,-0.07260954715624679,750.59
US.SPY,SPDR S&P 500 ETF,2026-05-27 11:30:00,750.04,749.525,751.02,748.91,0.0,0.0,3644562.0,2733270206.014,-0.06932917358291595,750.045
US.SPY,SPDR S&P 500 ETF,2026-05-27 12:30:00,749.54,749.6701,750.2,748.37,0.0,0.0,4262132.0,3194095504.406,0.019358927320645796,749.525
US.SPY,SPDR S&P 500 ETF,2026-05-27 13:30:00,749.65,749.16,750.615,748.22,0.0,0.0,3317723.0,2487217491.637,-0.06804326329675939,749.6701
US.SPY,SPDR S&P 500 ETF,2026-05-27 14:30:00,749.16,750.72,750.81,749.145,0.0,0.0,3128240.0,2345809509.862,0.2082332212077606,749.16
US.SPY,SPDR S&P 500 ETF,2026-05-27 15:30:00,750.71,750.5601,751.13,750.31,0.0,0.0,3437293.0,2580445603.456,-0.02129955242966662,750.72
US.SPY,SPDR S&P 500 ETF,2026-05-27 16:00:00,750.56,750.46,750.88,750.1,0.0,0.0,8275938.0,6210296369.63,-0.013336706814017643,750.5601
US.SPY,SPDR S&P 500 ETF,2026-05-28 10:30:00,750.25,752.72,754.07,749.23,0.0,0.0,8418684.0,6323548309.036,0.3011486288409763,750.46
US.SPY,SPDR S&P 500 ETF,2026-05-28 11:30:00,752.74,753.94,754.14,751.73,0.0,0.0,5104450.0,3841093049.696,0.16207886066532406,752.72
US.SPY,SPDR S&P 500 ETF,2026-05-28 12:30:00,753.95,754.38,754.8501,753.69,0.0,0.0,2825973.0,2130773376.837,0.058360081704106545,753.94
US.SPY,SPDR S&P 500 ETF,2026-05-28 13:30:00,754.3999,754.265,754.87,754.07,0.0,0.0,2438187.0,1838893092.971,-0.015244306582890466,754.38
US.SPY,SPDR S&P 500 ETF,2026-05-28 14:30:00,754.27,754.78,754.93,754.1,0.0,0.0,4404886.0,3318805473.49,0.06827839022094176,754.265
US.SPY,SPDR S&P 500 ETF,2026-05-28 15:30:00,754.76,754.76,754.78,754.11,0.0,0.0,4749668.0,3579122740.55,-0.0026497787434725103,754.78
US.SPY,SPDR S&P 500 ETF,2026-05-28 16:00:00,754.76,754.6,755.15,754.45,0.0,0.0,7867615.0,5932920012.665,-0.021198791668870655,754.76
US.SPY,SPDR S&P 500 ETF,2026-05-29 10:30:00,755.9,756.6,758.08,755.5,0.0,0.0,9409482.0,7121888570.757,0.26504108136761195,754.6
US.SPY,SPDR S&P 500 ETF,2026-05-29 11:30:00,756.6,756.78,757.42,754.69,0.0,0.0,7071125.0,5346571757.757,0.023790642347336768,756.6
US.SPY,SPDR S&P 500 ETF,2026-05-29 12:30:00,756.81,756.75,757.465,756.3,0.0,0.0,3126709.0,2366670511.183,-0.00396416395781769,756.78
US.SPY,SPDR S&P 500 ETF,2026-05-29 13:30:00,756.76,756.61,757.82,756.22,0.0,0.0,3027818.0,2291537332.18,-0.018500165180044447,756.75
US.SPY,SPDR S&P 500 ETF,2026-05-29 14:30:00,756.6,756.29,756.68,755.13,0.0,0.0,4188166.0,3164791034.539,-0.04229391628448606,756.61
US.SPY,SPDR S&P 500 ETF,2026-05-29 15:30:00,756.29,756.86,756.88,755.36,0.0,0.0,5161019.0,3901667250.593,0.07536791442436765,756.29
US.SPY,SPDR S&P 500 ETF,2026-05-29 16:00:00,756.86,756.48,757.63,756.17,0.0,0.0,12862602.0,9732716049.621,-0.050207435985518516,756.86
US.SPY,SPDR S&P 500 ETF,2026-06-01 10:30:00,755.36,755.855,756.77,754.69,0.0,0.0,8538028.0,6454522180.073,-0.0826195008460237,756.48
US.SPY,SPDR S&P 500 ETF,2026-06-01 11:30:00,755.84,756.16,756.405,755.28,0.0,0.0,4511078.0,3409625885.688,0.04035165474858934,755.855
US.SPY,SPDR S&P 500 ETF,2026-06-01 12:30:00,756.14,756.78,757.42,755.871,0.0,0.0,4775011.0,3613956038.823,0.08199322894625537,756.16
US.SPY,SPDR S&P 500 ETF,2026-06-01 13:30:00,756.78,758.52,758.55,756.78,0.0,0.0,3951553.0,2992944676.428,0.22992150955363633,756.78
US.SPY,SPDR S&P 500 ETF,2026-06-01 14:30:00,758.53,759.8205,760.28,757.73,0.0,0.0,5792879.0,4396904187.291,0.17145230185098037,758.52
US.SPY,SPDR S&P 500 ETF,2026-06-01 15:30:00,759.82,759.68,759.87,759.37,0.0,0.0,3335750.0,2533089043.626,-0.018491209436977313,759.8205
US.SPY,SPDR S&P 500 ETF,2026-06-01 16:00:00,759.67,758.54,759.6792,758.04,0.0,0.0,7877089.0,5975181828.81,-0.15006318449873451,759.68
US.SPY,SPDR S&P 500 ETF,2026-06-02 10:30:00,757.03,757.735,758.47,756.75,0.0,0.0,5812787.0,4403988924.291,-0.10612492419647614,758.54
US.SPY,SPDR S&P 500 ETF,2026-06-02 11:30:00,757.74,759.89,760.4,757.72,0.0,0.0,4552943.0,3457831769.87,0.2844002190739471,757.735
US.SPY,SPDR S&P 500 ETF,2026-06-02 12:30:00,759.87,759.35,760.04,759.23,0.0,0.0,2412034.0,1832550356.067,-0.07106291700114012,759.89
US.SPY,SPDR S&P 500 ETF,2026-06-02 13:30:00,759.359,759.025,759.97,758.925,0.0,0.0,2329803.0,1769465452.0,-0.04279976295516501,759.35
US.SPY,SPDR S&P 500 ETF,2026-06-02 14:30:00,759.0112,758.9564,759.35,758.78,0.0,0.0,2596934.0,1970849836.141,-0.009037910477249986,759.025
US.SPY,SPDR S&P 500 ETF,2026-06-02 15:30:00,758.9553,759.33,759.575,758.625,0.0,0.0,4066441.0,3087207627.529,0.04922548910583142,758.9564
US.SPY,SPDR S&P 500 ETF,2026-06-02 16:00:00,759.33,759.57,759.69,759.12,0.0,0.0,5847956.0,4441312841.666,0.03160681126782941,759.33
US.SPY,SPDR S&P 500 ETF,2026-06-03 10:30:00,758.15,756.81,758.8,754.74,0.0,0.0,8164672.0,6178581936.464,-0.36336348197007573,759.57
US.SPY,SPDR S&P 500 ETF,2026-06-03 11:30:00,756.8,756.12,757.01,755.33,0.0,0.0,3518198.0,2660923564.782,-0.09117215681610193,756.81
US.SPY,SPDR S&P 500 ETF,2026-06-03 12:30:00,756.125,754.31,756.29,753.88,0.0,0.0,3816501.0,2883435879.676,-0.239379992593776,756.12
US.SPY,SPDR S&P 500 ETF,2026-06-03 13:30:00,754.31,754.6325,755.18,753.57,0.0,0.0,4526809.0,3418217974.715,0.04275430525912484,754.31
US.SPY,SPDR S&P 500 ETF,2026-06-03 14:30:00,754.6325,755.98,756.04,754.2,0.0,0.0,4092276.0,3090960531.67,0.17856373797841574,754.6325
US.SPY,SPDR S&P 500 ETF,2026-06-03 15:30:00,755.98,754.83,756.05,754.61,0.0,0.0,5677772.0,4289044640.173,-0.1521204264663056,755.98
US.SPY,SPDR S&P 500 ETF,2026-06-03 16:00:00,754.83,754.24,755.48,753.9,0.0,0.0,12881286.0,9732341886.648,-0.07816329504657099,754.83
US.SPY,SPDR S&P 500 ETF,2026-06-04 10:30:00,752.1,754.02,754.29,751.47,0.0,0.0,7295153.0,5492139686.081,-0.02916843445057638,754.24
US.SPY,SPDR S&P 500 ETF,2026-06-04 11:30:00,754.02,755.865,755.97,753.38,0.0,0.0,6937028.0,5233645717.364,0.24468846980186565,754.02
US.SPY,SPDR S&P 500 ETF,2026-06-04 12:30:00,755.86,756.5,756.67,754.8,0.0,0.0,4145339.0,3132702471.001,0.0840097107287665,755.865
US.SPY,SPDR S&P 500 ETF,2026-06-04 13:30:00,756.52,757.11,757.18,756.05,0.0,0.0,3337841.0,2524309521.548,0.0806345009914096,756.5
US.SPY,SPDR S&P 500 ETF,2026-06-04 14:30:00,757.11,757.81,757.93,757.02,0.0,0.0,4271709.0,3234762159.091,0.09245684246673955,757.11
US.SPY,SPDR S&P 500 ETF,2026-06-04 15:30:00,757.8,758.29,758.3,757.5,0.0,0.0,5271913.0,3992788866.564,0.06334041514364,757.81
US.SPY,SPDR S&P 500 ETF,2026-06-04 16:00:00,758.29,757.09,758.31,756.8,0.0,0.0,11940975.0,9034252554.483,-0.1582508011446718,758.29
US.SPY,SPDR S&P 500 ETF,2026-06-05 10:30:00,752.31,749.22,752.82,748.225,0.0,0.0,10797555.0,8101857594.099,-1.0395065315880547,757.09
US.SPY,SPDR S&P 500 ETF,2026-06-05 11:30:00,749.21,748.148,750.7399,747.54,0.0,0.0,5242757.0,3927558455.534,-0.14308213875764164,749.22
US.SPY,SPDR S&P 500 ETF,2026-06-05 12:30:00,748.11,744.7401,748.42,744.62,0.0,0.0,7243726.0,5404441913.372,-0.45551147633891165,748.148
US.SPY,SPDR S&P 500 ETF,2026-06-05 13:30:00,744.74,744.03,744.81,742.46,0.0,0.0,10436633.0,7780020803.669,-0.09534869949933021,744.7401
US.SPY,SPDR S&P 500 ETF,2026-06-05 14:30:00,744.02,740.9,745.295,740.5,0.0,0.0,10296240.0,7678520928.643,-0.42068196174885364,744.03
US.SPY,SPDR S&P 500 ETF,2026-06-05 15:30:00,740.9,738.45,741.14,735.525,0.0,0.0,16037822.0,11883258940.9,-0.33067890403562317,740.9
US.SPY,SPDR S&P 500 ETF,2026-06-05 16:00:00,738.45,737.55,739.8,736.96,0.0,0.0,17111698.0,12655279224.393,-0.1218769043266424,738.45
US.SPY,SPDR S&P 500 ETF,2026-06-08 10:30:00,743.36,742.48,744.51,740.6,0.0,0.0,9106426.0,6760931728.173,0.6684292590332945,737.55
US.SPY,SPDR S&P 500 ETF,2026-06-08 11:30:00,742.44,743.23,745.34,741.97,0.0,0.0,5704224.0,4243475862.492,0.10101282189419244,742.48
US.SPY,SPDR S&P 500 ETF,2026-06-08 12:30:00,743.25,742.14,744.35,741.87,0.0,0.0,4320198.0,3207941676.845,-0.14665715861846695,743.23
US.SPY,SPDR S&P 500 ETF,2026-06-08 13:30:00,742.16,742.03,742.97,740.08,0.0,0.0,4948932.0,3667648806.228,-0.014822001239660123,742.14
US.SPY,SPDR S&P 500 ETF,2026-06-08 14:30:00,742.01,741.96,742.39,740.4,0.0,0.0,4306642.0,3192018645.512,-0.009433580852517599,742.03
US.SPY,SPDR S&P 500 ETF,2026-06-08 15:30:00,741.97,739.2,742.45,738.19,0.0,0.0,5549574.0,4105172672.661,-0.37198770823224847,741.96
US.SPY,SPDR S&P 500 ETF,2026-06-08 16:00:00,739.21,739.22,740.18,738.77,0.0,0.0,7412394.0,5479556962.224,0.002705627705625245,739.2
US.SPY,SPDR S&P 500 ETF,2026-06-09 10:30:00,743.63,741.21,746.9,739.42,0.0,0.0,10464402.0,7778183539.003,0.26920267308785056,739.22
US.SPY,SPDR S&P 500 ETF,2026-06-09 11:30:00,741.17,731.0,741.71,730.77,0.0,0.0,10042931.0,7397028648.456,-1.3774773680873216,741.21
US.SPY,SPDR S&P 500 ETF,2026-06-09 12:30:00,731.0,727.36,732.75,725.3,0.0,0.0,12828988.0,9357203108.22,-0.49794801641586683,731.0
US.SPY,SPDR S&P 500 ETF,2026-06-09 13:30:00,727.34,730.76,731.28,722.59,0.0,0.0,13861743.0,10069840256.111,0.46744390673118913,727.36
US.SPY,SPDR S&P 500 ETF,2026-06-09 14:30:00,730.78,735.1,735.18,730.21,0.0,0.0,8001038.0,5863177144.102,0.5939022387651256,730.76
US.SPY,SPDR S&P 500 ETF,2026-06-09 15:30:00,735.12,734.6,737.69,733.2,0.0,0.0,7765366.0,5712083454.143,-0.06801795674057952,735.1
US.SPY,SPDR S&P 500 ETF,2026-06-09 16:00:00,734.58,737.05,737.47,732.53,0.0,0.0,12008178.0,8832953473.479,0.3335148380070694,734.6
US.SPY,SPDR S&P 500 ETF,2026-06-10 10:30:00,733.39,737.25,738.38,731.5,0.0,0.0,8319104.0,6118789619.179,0.02713520113968462,737.05
US.SPY,SPDR S&P 500 ETF,2026-06-10 11:30:00,737.22,731.43,737.95,729.51,0.0,0.0,6871934.0,5039686972.363,-0.7894201424211665,737.25
US.SPY,SPDR S&P 500 ETF,2026-06-10 12:30:00,731.49,730.68,732.77,728.49,0.0,0.0,5799097.0,4237215908.272,-0.10253886222878472,731.43
US.SPY,SPDR S&P 500 ETF,2026-06-10 13:30:00,730.68,729.59,732.31,728.67,0.0,0.0,3892795.0,2842836275.782,-0.14917610992499017,730.68
US.SPY,SPDR S&P 500 ETF,2026-06-10 14:30:00,729.59,729.55,731.77,727.86,0.0,0.0,4781246.0,3489929034.531,-0.0054825312847047395,729.59
US.SPY,SPDR S&P 500 ETF,2026-06-10 15:30:00,729.575,725.99,729.5801,725.48,0.0,0.0,8269120.0,6019892090.378,-0.48797203755739094,729.55
US.SPY,SPDR S&P 500 ETF,2026-06-10 16:00:00,725.99,725.43,727.89,725.33,0.0,0.0,11648093.0,8483473220.757,-0.07713604870591319,725.99
US.SPY,SPDR S&P 500 ETF,2026-06-11 10:30:00,728.76,728.815,731.575,726.35,0.0,0.0,11127174.0,8111354954.757,0.46661979791297636,725.43
US.SPY,SPDR S&P 500 ETF,2026-06-11 11:30:00,728.845,727.18,730.07,724.405,0.0,0.0,6835583.0,4971256221.75,-0.22433676584594234,728.815
US.SPY,SPDR S&P 500 ETF,2026-06-11 12:30:00,727.18,727.88,730.31,726.73,0.0,0.0,5826791.0,4243887361.558,0.09626227343986984,727.18
US.SPY,SPDR S&P 500 ETF,2026-06-11 13:30:00,727.88,732.52,732.68,725.26,0.0,0.0,8769721.0,6382706271.978,0.6374677144584253,727.88
US.SPY,SPDR S&P 500 ETF,2026-06-11 14:30:00,732.54,734.52,736.62,732.21,0.0,0.0,13610299.0,9993750313.163,0.27303008791568834,732.52
US.SPY,SPDR S&P 500 ETF,2026-06-11 15:30:00,734.55,737.92,738.24,734.05,0.0,0.0,8611728.0,6340260331.072,0.46288732777868236,734.52
US.SPY,SPDR S&P 500 ETF,2026-06-11 16:00:00,737.93,737.76,740.0,737.32,0.0,0.0,18487449.0,13608240669.72,-0.021682567215954057,737.92
US.SPY,SPDR S&P 500 ETF,2026-06-12 10:30:00,740.71,739.59,741.15,735.03,0.0,0.0,9625125.0,7106913104.058,0.24804814573845707,737.76
US.SPY,SPDR S&P 500 ETF,2026-06-12 11:30:00,739.59,744.15,744.44,737.17,0.0,0.0,6742504.0,4997276827.63,0.6165578225773665,739.59
US.SPY,SPDR S&P 500 ETF,2026-06-12 12:30:00,744.16,740.61,744.19,738.17,0.0,0.0,8594649.0,6366576301.513,-0.47571054222938436,744.15
US.SPY,SPDR S&P 500 ETF,2026-06-12 13:30:00,740.62,742.09,743.0,740.26,0.0,0.0,3743702.0,2776454164.019,0.19983527092532075,740.61
US.SPY,SPDR S&P 500 ETF,2026-06-12 14:30:00,742.12,741.26,742.24,740.42,0.0,0.0,4510128.0,3343404561.129,-0.11184627201552924,742.09
US.SPY,SPDR S&P 500 ETF,2026-06-12 15:30:00,741.25,741.42,742.335,740.95,0.0,0.0,5458879.0,4048206027.969,0.02158486900682192,741.26
US.SPY,SPDR S&P 500 ETF,2026-06-12 16:00:00,741.41,741.75,742.0,740.07,0.0,0.0,7972231.0,5908591347.936,0.044509185077289654,741.42
US.SPY,SPDR S&P 500 ETF,2026-06-15 10:30:00,751.85,753.65,754.09,751.76,0.0,0.0,8350423.0,6285862879.974,1.6043141220087602,741.75
US.SPY,SPDR S&P 500 ETF,2026-06-15 11:30:00,753.65,755.14,755.23,752.95,0.0,0.0,4785065.0,3605741916.377,0.19770450474358245,753.65
US.SPY,SPDR S&P 500 ETF,2026-06-15 12:30:00,755.12,756.5,756.68,754.5,0.0,0.0,4889664.0,3694137956.465,0.1800990544799658,755.14
US.SPY,SPDR S&P 500 ETF,2026-06-15 13:30:00,756.48,756.13,756.62,755.09,0.0,0.0,3999477.0,3016149262.632,-0.04890945142101844,756.5
US.SPY,SPDR S&P 500 ETF,2026-06-15 14:30:00,756.12,754.72,756.3,754.65,0.0,0.0,3588623.0,2707137320.719,-0.186475870551356,756.13
US.SPY,SPDR S&P 500 ETF,2026-06-15 15:30:00,754.72,754.37,755.47,754.36,0.0,0.0,6696218.0,5036598118.478,-0.04637481450074501,754.72
US.SPY,SPDR S&P 500 ETF,2026-06-15 16:00:00,754.37,754.83,754.94,753.4,0.0,0.0,13420830.0,10104068969.589,0.06097803465143582,754.37
US.SPY,SPDR S&P 500 ETF,2026-06-16 10:30:00,754.55,753.06,755.44,753.06,0.0,0.0,6353704.0,4794433449.965,-0.23448988513971297,754.83
US.SPY,SPDR S&P 500 ETF,2026-06-16 11:30:00,753.065,752.6499,753.96,752.27,0.0,0.0,5589702.0,4210154757.094,-0.05445781212651623,753.06
US.SPY,SPDR S&P 500 ETF,2026-06-16 12:30:00,752.66,753.36,753.97,751.71,0.0,0.0,6515111.0,4908438328.629,0.09434665440067304,752.6499
US.SPY,SPDR S&P 500 ETF,2026-06-16 13:30:00,753.35,752.19,753.42,751.89,0.0,0.0,4395806.0,3310417086.77,-0.1553042370181532,753.36
US.SPY,SPDR S&P 500 ETF,2026-06-16 14:30:00,752.18,752.135,752.68,751.45,0.0,0.0,4084590.0,3072794963.901,-0.007311982344894728,752.19
US.SPY,SPDR S&P 500 ETF,2026-06-16 15:30:00,752.14,751.22,752.25,750.08,0.0,0.0,6570125.0,4937572566.173,-0.12165369248871062,752.135
US.SPY,SPDR S&P 500 ETF,2026-06-16 16:00:00,751.22,750.33,751.32,749.88,0.0,0.0,13723397.0,10308495652.243,-0.11847394904288841,751.22
US.SPY,SPDR S&P 500 ETF,2026-06-17 10:30:00,751.29,751.69,752.15,749.61,0.0,0.0,7895509.0,5928304258.901,0.1812535817573619,750.33
US.SPY,SPDR S&P 500 ETF,2026-06-17 11:30:00,751.6888,750.0,751.73,747.85,0.0,0.0,7054738.0,5289220599.414,-0.22482672378241753,751.69
US.SPY,SPDR S&P 500 ETF,2026-06-17 12:30:00,750.01,750.76,751.03,749.76,0.0,0.0,3054246.0,2292192538.184,0.10133333333333212,750.0
US.SPY,SPDR S&P 500 ETF,2026-06-17 13:30:00,750.76,749.66,750.861,748.42,0.0,0.0,3812757.0,2858721634.412,-0.14651819489584192,750.76
US.SPY,SPDR S&P 500 ETF,2026-06-17 14:30:00,749.66,746.225,750.91,743.4662,0.0,0.0,10117795.0,7560481331.676,-0.45820772083343725,749.66
US.SPY,SPDR S&P 500 ETF,2026-06-17 15:30:00,746.21,742.06,750.34,741.78,0.0,0.0,17841150.0,13317683981.513,-0.5581426513451141,746.225
US.SPY,SPDR S&P 500 ETF,2026-06-17 16:00:00,742.05,740.96,742.36,739.22,0.0,0.0,20903180.0,15518062036.856,-0.14823599169877222,742.06
US.SPY,SPDR S&P 500 ETF,2026-06-18 10:30:00,747.76,745.37,748.2,743.86,0.0,0.0,10606568.0,7908080113.403,0.5951738285467458,740.96
US.SPY,SPDR S&P 500 ETF,2026-06-18 11:30:00,745.33,745.38,747.31,744.43,0.0,0.0,4916202.0,3668379839.93,0.0013416155734723566,745.37
US.SPY,SPDR S&P 500 ETF,2026-06-18 12:30:00,745.38,746.65,746.88,744.331,0.0,0.0,19576936.0,14625555121.406,0.1703828919477289,745.38
US.SPY,SPDR S&P 500 ETF,2026-06-18 13:30:00,746.65,747.55,748.13,746.21,0.0,0.0,5417485.0,4042122528.772,0.12053840487510578,746.65
US.SPY,SPDR S&P 500 ETF,2026-06-18 14:30:00,747.57,746.5,747.96,746.42,0.0,0.0,5215040.0,3879626606.335,-0.14045883218513203,747.55
US.SPY,SPDR S&P 500 ETF,2026-06-18 15:30:00,746.51,746.01,746.97,745.2,0.0,0.0,5149199.0,3837438609.063,-0.06563965170797174,746.5
US.SPY,SPDR S&P 500 ETF,2026-06-18 16:00:00,746.01,746.74,748.23,745.61,0.0,0.0,14435699.0,10775991315.351,0.09785391616734605,746.01
US.SPY,SPDR S&P 500 ETF,2026-06-22 10:30:00,747.7,746.51,750.18,746.44,0.0,0.0,7049970.0,5278929031.448,-0.03080054637491204,746.74
US.SPY,SPDR S&P 500 ETF,2026-06-22 11:30:00,746.51,744.39,746.61,743.15,0.0,0.0,5594900.0,4166997006.44,-0.28398815822962914,746.51
US.SPY,SPDR S&P 500 ETF,2026-06-22 12:30:00,744.38,744.785,746.28,743.59,0.0,0.0,4444264.0,3310194184.23,0.05306358226198388,744.39
US.SPY,SPDR S&P 500 ETF,2026-06-22 13:30:00,744.79,744.7,745.31,743.96,0.0,0.0,3066600.0,2284178925.015,-0.011412689568120022,744.785
US.SPY,SPDR S&P 500 ETF,2026-06-22 14:30:00,744.73,745.1299,745.74,743.98,0.0,0.0,4790145.0,3569320801.668,0.05772794413857594,744.7
US.SPY,SPDR S&P 500 ETF,2026-06-22 15:30:00,745.13,743.405,745.5301,743.2801,0.0,0.0,5927463.0,4411879271.574,-0.23148983821479285,745.1299
US.SPY,SPDR S&P 500 ETF,2026-06-22 16:00:00,743.405,744.39,744.87,743.13,0.0,0.0,11007911.0,8193711527.811,0.13249843624942173,743.405
US.SPY,SPDR S&P 500 ETF,2026-06-23 10:30:00,733.81,738.9,739.63,732.3,0.0,0.0,10733019.0,7899672023.39,-0.7375166243501403,744.39
US.SPY,SPDR S&P 500 ETF,2026-06-23 11:30:00,738.9,734.59,739.11,734.26,0.0,0.0,5096721.0,3754466085.702,-0.583299499255643,738.9
US.SPY,SPDR S&P 500 ETF,2026-06-23 12:30:00,734.6,737.38,737.6699,734.21,0.0,0.0,4521702.0,3330305818.946,0.3798037000231372,734.59
US.SPY,SPDR S&P 500 ETF,2026-06-23 13:30:00,737.38,737.53,738.1,736.51,0.0,0.0,3215694.0,2372780241.846,0.02034229298326199,737.38
US.SPY,SPDR S&P 500 ETF,2026-06-23 14:30:00,737.56,735.4,738.03,735.22,0.0,0.0,4092115.0,3012852613.289,-0.28880181145173695,737.53
US.SPY,SPDR S&P 500 ETF,2026-06-23 15:30:00,735.39,735.01,735.6,733.32,0.0,0.0,10216043.0,7513564574.845,-0.05303236333967723,735.4
US.SPY,SPDR S&P 500 ETF,2026-06-23 16:00:00,735.02,733.58,735.56,733.5,0.0,0.0,17501330.0,12882400799.001,-0.194555176120046,735.01
US.SPY,SPDR S&P 500 ETF,2026-06-24 10:30:00,735.17,736.49,737.7,734.11,0.0,0.0,8845799.0,6509578160.789,0.3966847514926754,733.58
US.SPY,SPDR S&P 500 ETF,2026-06-24 11:30:00,736.46,739.64,739.945,736.16,0.0,0.0,5014617.0,3702405352.893,0.42770438159377283,736.49
US.SPY,SPDR S&P 500 ETF,2026-06-24 12:30:00,739.63,738.08,739.93,737.81,0.0,0.0,2726115.0,2013626348.242,-0.2109134173381571,739.64
US.SPY,SPDR S&P 500 ETF,2026-06-24 13:30:00,738.09,732.16,738.1,732.06,0.0,0.0,4766268.0,3504394647.429,-0.802081075222208,738.08
US.SPY,SPDR S&P 500 ETF,2026-06-24 14:30:00,732.16,734.34,734.66,731.28,0.0,0.0,6051559.0,4434889289.596,0.29774912587413455,732.16
US.SPY,SPDR S&P 500 ETF,2026-06-24 15:30:00,734.352,731.98,734.57,730.84,0.0,0.0,7266381.0,5320411216.271,-0.3213770188196222,734.34
US.SPY,SPDR S&P 500 ETF,2026-06-24 16:00:00,731.97,733.24,733.35,730.93,0.0,0.0,9640611.0,7060889598.232,0.17213585070630222,731.98
US.SPY,SPDR S&P 500 ETF,2026-06-25 10:30:00,738.91,735.475,739.37,729.6,0.0,0.0,11747560.0,8623445840.599,0.3048115214663703,733.24
US.SPY,SPDR S&P 500 ETF,2026-06-25 11:30:00,735.44,734.29,737.82,731.85,0.0,0.0,6646342.0,4885227478.678,-0.161120364390368,735.475
US.SPY,SPDR S&P 500 ETF,2026-06-25 12:30:00,734.29,734.19,736.27,733.67,0.0,0.0,3749163.0,2754123202.229,-0.013618597556811211,734.29
US.SPY,SPDR S&P 500 ETF,2026-06-25 13:30:00,734.225,733.26,734.25,731.5,0.0,0.0,3237576.0,2372582009.031,-0.12667020798431788,734.19
US.SPY,SPDR S&P 500 ETF,2026-06-25 14:30:00,733.27,735.84,736.06,731.38,0.0,0.0,5415744.0,3971180854.081,0.3518533671549029,733.26
US.SPY,SPDR S&P 500 ETF,2026-06-25 15:30:00,735.83,732.3924,735.85,731.87,0.0,0.0,5845559.0,4285847751.294,-0.4685257664709827,735.84
US.SPY,SPDR S&P 500 ETF,2026-06-25 16:00:00,732.39,734.3,734.3,731.33,0.0,0.0,9514584.0,6971022074.569,0.2604614684696349,732.3924
US.SPY,SPDR S&P 500 ETF,2026-06-26 10:30:00,728.945,733.49,734.2425,726.86,0.0,0.0,8970408.0,6553554081.358,-0.11030913795450707,734.3
US.SPY,SPDR S&P 500 ETF,2026-06-26 11:30:00,733.49,734.67,734.67,731.6005,0.0,0.0,5018602.0,3677847026.188,0.16087472221842833,733.49
US.SPY,SPDR S&P 500 ETF,2026-06-26 12:30:00,734.67,733.42,736.53,732.74,0.0,0.0,5853070.0,4300180408.108,-0.17014441858249282,734.67
US.SPY,SPDR S&P 500 ETF,2026-06-26 13:30:00,733.4,734.72,735.86,733.4,0.0,0.0,4890122.0,3590194927.37,0.17725177933517877,733.42
US.SPY,SPDR S&P 500 ETF,2026-06-26 14:30:00,734.72,732.83,735.39,732.74,0.0,0.0,4676459.0,3431055959.332,-0.2572408536585347,734.72
US.SPY,SPDR S&P 500 ETF,2026-06-26 15:30:00,732.83,732.19,733.67,731.28,0.0,0.0,8226735.0,6024973024.62,-0.08733266924115911,732.83
US.SPY,SPDR S&P 500 ETF,2026-06-26 16:00:00,733.4,728.99,733.86,716.58,0.0,0.0,14541508.0,10635793879.404,-0.4370450292956808,732.19
US.SPY,SPDR S&P 500 ETF,2026-06-29 10:30:00,736.525,736.07,739.895,732.09,0.0,0.0,11073014.0,8150524904.08,0.9712067380896913,728.99
US.SPY,SPDR S&P 500 ETF,2026-06-29 11:30:00,736.08,737.77,738.32,735.88,0.0,0.0,5826395.0,4292515966.854,0.23095629491759365,736.07
US.SPY,SPDR S&P 500 ETF,2026-06-29 12:30:00,737.76,738.33,739.13,737.21,0.0,0.0,5700497.0,4201593582.963,0.0759044146549818,737.77
US.SPY,SPDR S&P 500 ETF,2026-06-29 13:30:00,738.34,740.14,740.375,737.97,0.0,0.0,3776823.0,2788236183.903,0.24514783362452364,738.33
US.SPY,SPDR S&P 500 ETF,2026-06-29 14:30:00,740.135,740.215,740.82,739.98,0.0,0.0,3762136.0,2778585738.723,0.010133218039836448,740.14
US.SPY,SPDR S&P 500 ETF,2026-06-29 15:30:00,740.215,740.87,741.19,740.15,0.0,0.0,6235732.0,4610047119.755,0.08848780421904079,740.215
US.SPY,SPDR S&P 500 ETF,2026-06-29 16:00:00,740.87,741.0,741.56,740.23,0.0,0.0,11434244.0,8461824049.822,0.017546938059308036,740.87
US.SPY,SPDR S&P 500 ETF,2026-06-30 10:30:00,741.29,744.48,744.575,740.89,0.0,0.0,9644028.0,7161240480.431,0.46963562753036686,741.0
US.SPY,SPDR S&P 500 ETF,2026-06-30 11:30:00,744.47,745.26,745.38,742.93,0.0,0.0,4248346.0,3162565895.334,0.10477111540940962,744.48
US.SPY,SPDR S&P 500 ETF,2026-06-30 12:30:00,745.275,746.29,746.62,744.794,0.0,0.0,3690439.0,2751306450.523,0.1382068003112971,745.26
US.SPY,SPDR S&P 500 ETF,2026-06-30 13:30:00,746.29,746.49,747.14,746.12,0.0,0.0,3161988.0,2360179941.427,0.026799233541926797,746.29
US.SPY,SPDR S&P 500 ETF,2026-06-30 14:30:00,746.51,746.8,747.08,746.15,0.0,0.0,3194147.0,2383865456.292,0.041527682889247734,746.49
US.SPY,SPDR S&P 500 ETF,2026-06-30 15:30:00,746.77,747.42,748.02,746.56,0.0,0.0,5919545.0,4418635296.1,0.08302088912694223,746.8
US.SPY,SPDR S&P 500 ETF,2026-06-30 16:00:00,747.43,746.77,747.86,746.03,0.0,0.0,14954188.0,11158127037.015,-0.08696582911883242,747.42
US.SPY,SPDR S&P 500 ETF,2026-07-01 10:30:00,745.0,746.82,747.02,742.375,0.0,0.0,9451433.0,7039144657.02,0.00669550196179121,746.77
US.SPY,SPDR S&P 500 ETF,2026-07-01 11:30:00,746.82,749.29,749.32,745.69,0.0,0.0,6143885.0,4591970230.679,0.3307356524999215,746.82
US.SPY,SPDR S&P 500 ETF,2026-07-01 12:30:00,749.28,748.9701,749.435,748.34,0.0,0.0,3184961.0,2384477712.34,-0.04269375008340715,749.29
US.SPY,SPDR S&P 500 ETF,2026-07-01 13:30:00,748.98,747.93,749.21,747.04,0.0,0.0,3260835.0,2439300064.704,-0.13887069724145892,748.9701
US.SPY,SPDR S&P 500 ETF,2026-07-01 14:30:00,747.94,747.14,748.18,746.71,0.0,0.0,2883100.0,2154855103.68,-0.10562485794124635,747.93
US.SPY,SPDR S&P 500 ETF,2026-07-01 15:30:00,747.13,746.94,747.69,746.45,0.0,0.0,4150433.0,3100928665.47,-0.026768744813546564,747.14
US.SPY,SPDR S&P 500 ETF,2026-07-01 16:00:00,746.94,745.76,747.31,745.16,0.0,0.0,9083547.0,6778633837.613,-0.15797788309637503,746.94
US.SPY,SPDR S&P 500 ETF,2026-07-02 10:30:00,747.4,747.94,751.31,747.1,0.0,0.0,7642698.0,5727760058.755,0.29231924479726235,745.76
US.SPY,SPDR S&P 500 ETF,2026-07-02 11:30:00,747.95,744.91,749.38,744.2,0.0,0.0,6196963.0,4626466153.711,-0.4051127095756459,747.94
US.SPY,SPDR S&P 500 ETF,2026-07-02 12:30:00,744.88,743.54,746.71,743.37,0.0,0.0,3984923.0,2968476177.82,-0.18391483534923744,744.91
US.SPY,SPDR S&P 500 ETF,2026-07-02 13:30:00,743.56,741.53,743.57,740.37,0.0,0.0,6497220.0,4825270623.883,-0.27032842886730923,743.54
US.SPY,SPDR S&P 500 ETF,2026-07-02 14:30:00,741.54,742.72,742.9,740.03,0.0,0.0,4153446.0,3079722610.961,0.1604790096152623,741.53
US.SPY,SPDR S&P 500 ETF,2026-07-02 15:30:00,742.71,742.31,743.51,741.27,0.0,0.0,4680568.0,3477376662.795,-0.05520249892288909,742.72
US.SPY,SPDR S&P 500 ETF,2026-07-02 16:00:00,742.33,744.78,745.58,742.17,0.0,0.0,12467727.0,9282767321.223,0.3327450795489792,742.31
US.SPY,SPDR S&P 500 ETF,2026-07-06 10:30:00,748.74,749.93,749.98,747.41,0.0,0.0,8919707.0,6679099946.985,0.691479363033376,744.78
US.SPY,SPDR S&P 500 ETF,2026-07-06 11:30:00,749.9301,750.76,750.81,749.1,0.0,0.0,5030625.0,3771187379.204,0.11067699651968065,749.93
US.SPY,SPDR S&P 500 ETF,2026-07-06 12:30:00,750.78,750.65,751.12,750.35,0.0,0.0,3879922.0,2912417721.962,-0.014651819489585705,750.76
US.SPY,SPDR S&P 500 ETF,2026-07-06 13:30:00,750.65,750.7,751.53,750.37,0.0,0.0,4013073.0,3012200766.176,0.006660893891969389,750.65
US.SPY,SPDR S&P 500 ETF,2026-07-06 14:30:00,750.7,751.33,751.6064,749.63,0.0,0.0,3584604.0,2690264875.118,0.08392167310510129,750.7
US.SPY,SPDR S&P 500 ETF,2026-07-06 15:30:00,751.33,752.29,752.41,751.01,0.0,0.0,5684543.0,4272042539.07,0.12777341514380133,751.33
US.SPY,SPDR S&P 500 ETF,2026-07-06 16:00:00,752.28,751.28,752.29,750.77,0.0,0.0,11990843.0,9005016156.676,-0.1342567360991095,752.29
US.SPY,SPDR S&P 500 ETF,2026-07-07 10:30:00,750.22,746.7,750.96,746.09,0.0,0.0,8284153.0,6202570950.957,-0.6096262378873293,751.28
US.SPY,SPDR S&P 500 ETF,2026-07-07 11:30:00,746.68,746.369,747.01,745.21,0.0,0.0,5459253.0,4074726102.263,-0.04432837819740421,746.7
US.SPY,SPDR S&P 500 ETF,2026-07-07 12:30:00,746.36,748.77,748.99,745.43,0.0,0.0,4095838.0,3061346847.213,0.3216907454623589,746.369
US.SPY,SPDR S&P 500 ETF,2026-07-07 13:30:00,748.765,748.84,749.34,748.24,0.0,0.0,3694651.0,2766800000.379,0.009348665144176453,748.77
US.SPY,SPDR S&P 500 ETF,2026-07-07 14:30:00,748.85,748.99,749.3,748.65,0.0,0.0,2979482.0,2232493376.906,0.020030981250998513,748.84
US.SPY,SPDR S&P 500 ETF,2026-07-07 15:30:00,749.0,746.7,749.07,746.0,0.0,0.0,6990410.0,5225172627.539,-0.30574507002763235,748.99
US.SPY,SPDR S&P 500 ETF,2026-07-07 16:00:00,746.67,747.71,747.97,746.38,0.0,0.0,8027633.0,6001839890.568,0.1352618186688082,746.7
US.SPY,SPDR S&P 500 ETF,2026-07-08 10:30:00,743.16,743.11,744.925,742.64,0.0,0.0,8115505.0,6036342348.883,-0.6152117799681724,747.71
US.SPY,SPDR S&P 500 ETF,2026-07-08 11:30:00,743.09,739.94,743.69,739.55,0.0,0.0,6093017.0,4519548457.419,-0.42658556606692943,743.11
US.SPY,SPDR S&P 500 ETF,2026-07-08 12:30:00,739.96,743.1,743.47,739.51,0.0,0.0,4581095.0,3396706053.652,0.4270616536475887,739.94
US.SPY,SPDR S&P 500 ETF,2026-07-08 13:30:00,743.09,745.72,745.78,742.45,0.0,0.0,4225236.0,3144358839.232,0.35257704212084573,743.1
US.SPY,SPDR S&P 500 ETF,2026-07-08 14:30:00,745.73,744.67,746.09,743.95,0.0,0.0,3662618.0,2729101477.968,-0.14080351874699193,745.72
US.SPY,SPDR S&P 500 ETF,2026-07-08 15:30:00,744.67,745.19,745.725,744.26,0.0,0.0,3206171.0,2388799985.895,0.06982958894545174,744.67
US.SPY,SPDR S&P 500 ETF,2026-07-08 16:00:00,745.2,745.4,746.15,744.41,0.0,0.0,6438076.0,4800169202.901,0.02818073243064489,745.19
US.SPY,SPDR S&P 500 ETF,2026-07-09 10:30:00,747.35,747.8799,749.23,745.59,0.0,0.0,9306417.0,6956631230.4,0.3326938556479801,745.4
US.SPY,SPDR S&P 500 ETF,2026-07-09 11:30:00,747.86,749.8,749.98,747.1,0.0,0.0,3421116.0,2561390212.774,0.2567390833742067,747.8799
US.SPY,SPDR S&P 500 ETF,2026-07-09 12:30:00,749.78,750.64,750.82,749.485,0.0,0.0,3862382.0,2898247751.28,0.11202987463323978,749.8
US.SPY,SPDR S&P 500 ETF,2026-07-09 13:30:00,750.64,751.755,751.79,750.24,0.0,0.0,3165908.0,2377166761.897,0.14853991260790914,750.64
US.SPY,SPDR S&P 500 ETF,2026-07-09 14:30:00,751.76,751.4505,751.97,751.18,0.0,0.0,3200197.0,2405379477.682,-0.04050521779036545,751.755
US.SPY,SPDR S&P 500 ETF,2026-07-09 15:30:00,751.45,751.1,751.5895,750.6601,0.0,0.0,4392979.0,3297475410.677,-0.04664312552856255,751.4505
US.SPY,SPDR S&P 500 ETF,2026-07-09 16:00:00,751.09,751.71,751.72,750.83,0.0,0.0,7311465.0,5490850936.269,0.08121421914525544,751.1
US.SPY,SPDR S&P 500 ETF,2026-07-10 10:30:00,752.05,752.5859,753.35,751.8,0.0,0.0,4923658.0,3705856226.224,0.11652099878942695,751.71
US.SPY,SPDR S&P 500 ETF,2026-07-10 11:30:00,752.61,753.25,753.42,748.1,0.0,0.0,6282746.0,4719718238.609,0.08824241857307745,752.5859
US.SPY,SPDR S&P 500 ETF,2026-07-10 12:30:00,753.25,753.21,753.69,751.38,0.0,0.0,3197102.0,2406820051.252,-0.005310321938262678,753.25
US.SPY,SPDR S&P 500 ETF,2026-07-10 13:30:00,753.21,754.01,754.14,753.03,0.0,0.0,4678730.0,3526281943.258,0.10621207896867467,753.21
US.SPY,SPDR S&P 500 ETF,2026-07-10 14:30:00,754.02,754.43,754.72,753.875,0.0,0.0,3171636.0,2392102379.271,0.05570217901618799,754.01
US.SPY,SPDR S&P 500 ETF,2026-07-10 15:30:00,754.42,754.96,755.18,754.31,0.0,0.0,4725997.0,3565704094.789,0.07025171321396106,754.43
US.SPY,SPDR S&P 500 ETF,2026-07-10 16:00:00,754.96,754.95,755.42,754.57,0.0,0.0,8855034.0,6683885644.513,-0.0013245734873358727,754.96
US.SPY,SPDR S&P 500 ETF,2026-07-13 10:30:00,752.47,753.09,753.9105,750.3,0.0,0.0,7662900.0,5767038222.338,-0.24637393204848182,754.95
US.SPY,SPDR S&P 500 ETF,2026-07-13 11:30:00,753.09,752.38,753.3,751.0,0.0,0.0,3387253.0,2548166804.242,-0.09427824031656726,753.09
US.SPY,SPDR S&P 500 ETF,2026-07-13 12:30:00,752.39,750.29,752.525,749.93,0.0,0.0,3287633.0,2470437700.93,-0.27778516175337353,752.38
US.SPY,SPDR S&P 500 ETF,2026-07-13 13:30:00,750.27,749.81,750.66,748.93,0.0,0.0,4300830.0,3225863698.562,-0.0639752628983484,750.29
US.SPY,SPDR S&P 500 ETF,2026-07-13 14:30:00,749.81,749.24,750.26,749.04,0.0,0.0,3610627.0,2707765202.671,-0.07601925821207191,749.81
US.SPY,SPDR S&P 500 ETF,2026-07-13 15:30:00,749.24,748.38,750.07,748.17,0.0,0.0,6716455.0,5036847538.264,-0.11478298008648945,749.24
US.SPY,SPDR S&P 500 ETF,2026-07-13 16:00:00,748.39,749.17,749.61,748.0,0.0,0.0,10606202.0,7955622924.857,0.10556134584034363,748.38
US.SPY,SPDR S&P 500 ETF,2026-07-14 10:30:00,750.91,750.71,751.79,748.66,0.0,0.0,6367914.0,4779064245.217,0.20556082064152026,749.17
US.SPY,SPDR S&P 500 ETF,2026-07-14 11:30:00,750.71,752.66,753.34,750.47,0.0,0.0,4864817.0,3657846994.811,0.25975409945250916,750.71
US.SPY,SPDR S&P 500 ETF,2026-07-14 12:30:00,752.64,750.78,752.9,750.0,0.0,0.0,3844369.0,2887122836.516,-0.24978077750910047,752.66
US.SPY,SPDR S&P 500 ETF,2026-07-14 13:30:00,750.78,752.3,752.61,750.62,0.0,0.0,2406920.0,1809217671.877,0.20245611230986202,750.78
US.SPY,SPDR S&P 500 ETF,2026-07-14 14:30:00,752.32,752.5,752.77,751.76,0.0,0.0,2004893.0,1508302018.705,0.02658513890735684,752.3
US.SPY,SPDR S&P 500 ETF,2026-07-14 15:30:00,752.485,752.15,752.6,751.66,0.0,0.0,4910034.0,3691182195.1,-0.04651162790697977,752.5
US.SPY,SPDR S&P 500 ETF,2026-07-14 16:00:00,752.16,751.83,752.52,751.71,0.0,0.0,6395054.0,4808780161.13,-0.04254470517847987,752.15
US.SPY,SPDR S&P 500 ETF,2026-07-15 10:30:00,754.24,754.62,755.58,753.18,0.0,0.0,7641378.0,5765097957.684,0.37109452934838505,751.83
US.SPY,SPDR S&P 500 ETF,2026-07-15 11:30:00,754.64,753.605,754.87,752.2,0.0,0.0,4601752.0,3467079862.589,-0.1345047838647248,754.62
US.SPY,SPDR S&P 500 ETF,2026-07-15 12:30:00,753.6,750.83,753.84,750.44,0.0,0.0,4048676.0,3044940230.018,-0.3682300409365619,753.605
US.SPY,SPDR S&P 500 ETF,2026-07-15 13:30:00,750.81,752.81,752.85,750.2,0.0,0.0,4397062.0,3304837941.897,0.26370816296630456,750.83
US.SPY,SPDR S&P 500 ETF,2026-07-15 14:30:00,752.81,754.635,754.84,752.81,0.0,0.0,4367823.0,3293506146.587,0.24242504748874824,752.81
US.SPY,SPDR S&P 500 ETF,2026-07-15 15:30:00,754.635,753.63,754.92,753.05,0.0,0.0,4335414.0,3267369064.933,-0.13317696634796894,754.635
US.SPY,SPDR S&P 500 ETF,2026-07-15 16:00:00,753.63,754.81,754.81,753.09,0.0,0.0,7298332.0,5503384072.978,0.15657550787521066,753.63
US.SPY,SPDR S&P 500 ETF,2026-07-16 10:30:00,752.76,754.35,754.388,750.67,0.0,0.0,6862287.0,5164112895.689,-0.060942488838240445,754.81
US.SPY,SPDR S&P 500 ETF,2026-07-16 11:30:00,754.34,753.8001,754.57,752.98,0.0,0.0,4013604.0,3026226144.377,-0.07289719626167954,754.35
US.SPY,SPDR S&P 500 ETF,2026-07-16 12:30:00,753.82,751.93,754.405,751.45,0.0,0.0,3794877.0,2857443321.773,-0.24808964604808265,753.8001
US.SPY,SPDR S&P 500 ETF,2026-07-16 13:30:00,751.94,752.705,752.97,751.59,0.0,0.0,3556650.0,2676508798.372,0.10306810474380475,751.93
US.SPY,SPDR S&P 500 ETF,2026-07-16 14:30:00,752.71,750.91,752.81,750.46,0.0,0.0,4322507.0,3249038047.336,-0.23847323984829016,752.705
US.SPY,SPDR S&P 500 ETF,2026-07-16 15:30:00,750.92,749.1,750.93,748.86,0.0,0.0,5430908.0,4074395732.725,-0.24104087041056124,750.91
US.SPY,SPDR S&P 500 ETF,2026-07-16 16:00:00,749.08,750.72,751.04,747.88,0.0,0.0,11979706.0,8986546319.157,0.21625951141369704,749.1
US.SPY,SPDR S&P 500 ETF,2026-07-17 10:30:00,742.08,746.335,747.29,740.8,0.0,0.0,14134992.0,10516395966.014,-0.5841059249786859,750.72
US.SPY,SPDR S&P 500 ETF,2026-07-17 11:30:00,746.34,745.445,746.79,743.96,0.0,0.0,5960251.0,4448598822.335,-0.11924939872845122,746.335
US.SPY,SPDR S&P 500 ETF,2026-07-17 12:30:00,745.44,745.94,747.1,744.4401,0.0,0.0,7379425.0,5497675290.61,0.0664032893104125,745.445
US.SPY,SPDR S&P 500 ETF,2026-07-17 13:30:00,745.95,746.87,747.27,745.54,0.0,0.0,4659613.0,3479728374.665,0.12467490682896076,745.94
US.SPY,SPDR S&P 500 ETF,2026-07-17 14:30:00,746.88,743.71,746.99,743.24,0.0,0.0,5101760.0,3805704952.563,-0.42309906677199083,746.87
US.SPY,SPDR S&P 500 ETF,2026-07-17 15:30:00,743.69,743.16,744.66,742.13,0.0,0.0,5530948.0,4114637885.081,-0.07395355716610887,743.71
US.SPY,SPDR S&P 500 ETF,2026-07-17 16:00:00,743.17,743.29,744.4,742.6,0.0,0.0,11386062.0,8471683157.604,0.017492868292157203,743.16
US.SPY,SPDR S&P 500 ETF,2026-07-20 10:30:00,747.06,745.68,748.73,744.26,0.0,0.0,7387474.0,5514682379.547,0.3215434083601268,743.29
US.SPY,SPDR S&P 500 ETF,2026-07-20 11:30:00,745.69,745.87,745.97,743.69,0.0,0.0,4645658.0,3459632013.551,0.025480098701863345,745.68
US.SPY,SPDR S&P 500 ETF,2026-07-20 12:30:00,745.89,746.5,747.005,745.1,0.0,0.0,3578712.0,2670303039.234,0.08446512126778065,745.87
US.SPY,SPDR S&P 500 ETF,2026-07-20 13:30:00,746.49,744.12,746.78,743.56,0.0,0.0,4785624.0,3564140845.193,-0.31882116543871336,746.5
US.SPY,SPDR S&P 500 ETF,2026-07-20 14:30:00,744.13,744.47,745.38,743.59,0.0,0.0,3870621.0,2881417151.556,0.047035424393918016,744.12
US.SPY,SPDR S&P 500 ETF,2026-07-20 15:30:00,744.48,742.73,744.49,741.5103,0.0,0.0,6660851.0,4946887040.582,-0.23372331994573442,744.47
US.SPY,SPDR S&P 500 ETF,2026-07-20 16:00:00,742.74,742.09,743.34,741.61,0.0,0.0,10266821.0,7623781262.149,-0.08616859424016618,742.73
US.SPY,SPDR S&P 500 ETF,2026-07-21 10:30:00,746.29,746.87,746.99,744.18,0.0,0.0,5501592.0,4100508730.288,0.6441267231737353,742.09
US.SPY,SPDR S&P 500 ETF,2026-07-21 11:30:00,746.85,748.0,748.01,745.77,0.0,0.0,3492218.0,2607501356.196,0.15129808400390904,746.87
US.SPY,SPDR S&P 500 ETF,2026-07-21 12:30:00,747.98,748.66,748.75,747.41,0.0,0.0,2834826.0,2120434326.734,0.0882352941176428,748.0
US.SPY,SPDR S&P 500 ETF,2026-07-21 13:30:00,748.64,748.36,749.04,748.24,0.0,0.0,3082517.0,2307030830.199,-0.04007159458231434,748.66
US.SPY,SPDR S&P 500 ETF,2026-07-21 14:30:00,748.36,748.21,748.93,748.065,0.0,0.0,2761373.0,2065870066.742,-0.020043829173122196,748.36
US.SPY,SPDR S&P 500 ETF,2026-07-21 15:30:00,748.22,748.26,748.64,747.94,0.0,0.0,2884608.0,2157708996.343,0.006682615843139564,748.21
US.SPY,SPDR S&P 500 ETF,2026-07-21 16:00:00,748.25,748.28,748.7,748.09,0.0,0.0,6080826.0,4549066391.144,0.0026728677197741173,748.26
US.SPY,SPDR S&P 500 ETF,2026-07-22 10:30:00,746.62,747.3,749.38,746.37,0.0,0.0,4983731.0,3718645891.187,-0.1309670176939138,748.28
US.SPY,SPDR S&P 500 ETF,2026-07-22 11:30:00,747.29,749.41,749.68,746.68,0.0,0.0,3721947.0,2768421098.102,0.2823497925866471,747.3
US.SPY,SPDR S&P 500 ETF,2026-07-22 12:30:00,749.42,749.85,750.02,748.7507,0.0,0.0,2441699.0,1817693601.822,0.05871285411190865,749.41
US.SPY,SPDR S&P 500 ETF,2026-07-22 13:30:00,749.86,749.0445,750.0048,748.95,0.0,0.0,3203767.0,2399406885.743,-0.10742148429686628,749.85
US.SPY,SPDR S&P 500 ETF,2026-07-22 14:30:00,749.05,748.49,749.41,748.01,0.0,0.0,3029925.0,2264723810.287,-0.07402764455248811,749.0445
US.SPY,SPDR S&P 500 ETF,2026-07-22 15:30:00,748.49,748.0,748.6,747.65,0.0,0.0,2829038.0,2115591024.066,-0.06546513647477041,748.49
US.SPY,SPDR S&P 500 ETF,2026-07-22 16:00:00,748.0,747.41,748.3,747.295,0.0,0.0,7104101.0,5312377039.529,-0.07887700534759784,748.0
US.SPY,SPDR S&P 500 ETF,2026-07-23 10:30:00,739.37,739.8,742.56,738.47,0.0,0.0,9454706.0,7000682565.282,-1.0181827912390808,747.41
US.SPY,SPDR S&P 500 ETF,2026-07-23 11:30:00,739.74,735.9299,740.64,735.81,0.0,0.0,7779319.0,5752797083.32,-0.5231278723979427,739.8
US.SPY,SPDR S&P 500 ETF,2026-07-23 12:30:00,735.91,739.45,739.66,735.21,0.0,0.0,6403349.0,4725156720.798,0.47832001390350776,735.9299
US.SPY,SPDR S&P 500 ETF,2026-07-23 13:30:00,739.45,738.75,739.72,737.75,0.0,0.0,5214831.0,3857655531.128,-0.09466495368179666,739.45
US.SPY,SPDR S&P 500 ETF,2026-07-23 14:30:00,738.74,737.42,738.8,736.8001,0.0,0.0,3164657.0,2341163963.761,-0.18003384094755207,738.75
US.SPY,SPDR S&P 500 ETF,2026-07-23 15:30:00,737.415,737.48,737.9,736.47,0.0,0.0,4479513.0,3304548010.227,0.008136475821114035,737.42
US.SPY,SPDR S&P 500 ETF,2026-07-23 16:00:00,737.49,738.18,738.65,735.72,0.0,0.0,12876226.0,9515896232.985,0.09491782828007969,737.48
US.SPY,SPDR S&P 500 ETF,2026-07-24 10:30:00,738.51,739.18,739.95,737.333,0.0,0.0,7362366.0,5439023522.925,0.13546831396136444,738.18
US.SPY,SPDR S&P 500 ETF,2026-07-24 11:30:00,739.19,742.61,743.13,737.43,0.0,0.0,6354685.0,4704408908.718,0.4640277063773457,739.18
US.SPY,SPDR S&P 500 ETF,2026-07-24 12:30:00,742.6,743.19,743.72,742.0,0.0,0.0,3825779.0,2842401679.652,0.07810290731340017,742.61
US.SPY,SPDR S&P 500 ETF,2026-07-24 13:30:00,743.17,741.71,743.19,740.2301,0.0,0.0,3257022.0,2414961270.006,-0.19914153850294244,743.19
US.SPY,SPDR S&P 500 ETF,2026-07-24 14:30:00,741.75,739.035,742.1692,739.0,0.0,0.0,3267707.0,2419036671.235,-0.36065308543771396,741.71
US.SPY,SPDR S&P 500 ETF,2026-07-24 15:30:00,739.05,737.65,739.16,737.29,0.0,0.0,7423042.0,5479002443.562,-0.1874065504340107,739.035
US.SPY,SPDR S&P 500 ETF,2026-07-24 16:00:00,737.72,738.93,739.1,737.64,0.0,0.0,9387929.0,6931655320.522,0.1735240290110449,737.65
US.SPY,SPDR S&P 500 ETF,2026-07-27 10:30:00,744.91,738.315,745.53,738.2,0.0,0.0,8506826.0,6314357306.91,-0.08322845195077958,738.93
US.SPY,SPDR S&P 500 ETF,2026-07-27 11:30:00,738.33,738.29,740.31,736.54,0.0,0.0,6765098.0,4996349374.347,-0.003386088593634282,738.315
US.SPY,SPDR S&P 500 ETF,2026-07-27 12:30:00,738.27,738.72,739.68,736.335,0.0,0.0,3780285.0,2789106633.894,0.058242695959590904,738.29
US.SPY,SPDR S&P 500 ETF,2026-07-27 13:30:00,738.72,736.2,739.35,735.87,0.0,0.0,2634164.0,1941792079.94,-0.3411306042884965,738.72
US.SPY,SPDR S&P 500 ETF,2026-07-27 14:30:00,736.22,737.62,737.97,736.18,0.0,0.0,2363234.0,1742573287.161,0.19288236892148317,736.2
US.SPY,SPDR S&P 500 ETF,2026-07-27 15:30:00,737.64,739.65,739.77,736.62,0.0,0.0,4218983.0,3115473529.802,0.27520945744420877,737.62
US.SPY,SPDR S&P 500 ETF,2026-07-27 16:00:00,739.65,739.09,739.85,738.5,0.0,0.0,9177035.0,6781267693.626,-0.07571148516189352,739.65
US.SPY,SPDR S&P 500 ETF,2026-07-28 10:30:00,739.19,737.7,739.49,735.98,0.0,0.0,8867789.0,6541441420.615,-0.18806911201612608,739.09
US.SPY,SPDR S&P 500 ETF,2026-07-28 11:30:00,737.72,741.2,741.9,737.15,0.0,0.0,6809780.0,5033838306.183,0.47444760742849396,737.7
US.SPY,SPDR S&P 500 ETF,2026-07-28 12:30:00,741.17,741.21,742.45,740.991,0.0,0.0,3292928.0,2442386154.58,0.0013491635186172295,741.2
US.SPY,SPDR S&P 500 ETF,2026-07-28 13:30:00,741.23,741.31,742.7901,740.92,0.0,0.0,3096995.0,2295635121.053,0.013491453164408067,741.21
US.SPY,SPDR S&P 500 ETF,2026-07-28 14:30:00,741.3,740.59,741.92,740.42,0.0,0.0,2872318.0,2128123905.033,-0.09712535916147275,741.31
US.SPY,SPDR S&P 500 ETF,2026-07-28 15:30:00,740.59,741.7,741.96,740.5,0.0,0.0,5298208.0,3928026238.32,0.1498805006818906,740.59
US.SPY,SPDR S&P 500 ETF,2026-07-28 16:00:00,741.71,740.86,741.73,740.43,0.0,0.0,9557724.0,7075360814.548,-0.11325333692868164,741.7
US.SPY,SPDR S&P 500 ETF,2026-07-29 10:30:00,739.97,734.92,740.39,734.26,0.0,0.0,7620375.0,5619954205.037,-0.8017709148827111,740.86
US.SPY,SPDR S&P 500 ETF,2026-07-29 11:30:00,734.91,734.42,735.84,733.79,0.0,0.0,4828661.0,3548450037.127,-0.06803461601262722,734.92
US.SPY,SPDR S&P 500 ETF,2026-07-29 12:30:00,734.44,733.85,734.99,731.73,0.0,0.0,4118997.0,3022251681.171,-0.07761226546117159,734.42
US.SPY,SPDR S&P 500 ETF,2026-07-29 13:30:00,733.84,735.74,737.24,732.88,0.0,0.0,4400336.0,3233906973.681,0.2575458199904594,733.85
US.SPY,SPDR S&P 500 ETF,2026-07-29 14:30:00,735.75,737.31,739.55,735.27,0.0,0.0,6290280.0,4639948449.72,0.2133905999401876,735.74
US.SPY,SPDR S&P 500 ETF,2026-07-29 15:30:00,737.36,735.15,742.68,734.2806,0.0,0.0,10607584.0,7838375287.984,-0.29295682955608476,737.31
US.SPY,SPDR S&P 500 ETF,2026-07-29 16:00:00,735.21,729.46,735.74,729.1,0.0,0.0,21188441.0,15525351397.271,-0.7739917023736572,735.15
US.SPY,SPDR S&P 500 ETF,2026-07-30 10:30:00,736.05,738.64,739.3,734.63,0.0,0.0,11846854.0,8732404351.661,1.2584651660132082,729.46
US.SPY,SPDR S&P 500 ETF,2026-07-30 11:30:00,738.66,734.8,739.11,734.59,0.0,0.0,8195582.0,6031956181.374,-0.5198743636954446,738.64
US.SPY,SPDR S&P 500 ETF,2026-07-30 12:30:00,734.84,738.76,739.22,734.68,0.0,0.0,5874560.0,4319208530.023,0.5389221556886277,734.8
US.SPY,SPDR S&P 500 ETF,2026-07-30 13:30:00,738.77,739.76,740.24,737.755,0.0,0.0,4081338.0,3010669551.985,0.1353619578753587,738.76
US.SPY,SPDR S&P 500 ETF,2026-07-30 14:30:00,739.765,740.38,740.44,739.19,0.0,0.0,4214961.0,3109504502.394,0.08381096571861206,739.76
US.SPY,SPDR S&P 500 ETF,2026-07-30 15:30:00,740.4,741.78,742.45,740.03,0.0,0.0,5746402.0,4255051788.569,0.1890920878467783,740.38
US.SPY,SPDR S&P 500 ETF,2026-07-30 16:00:00,741.77,741.69,742.1,741.0,0.0,0.0,14001173.0,10349029536.919,-0.01213297743265094,741.78
US.SPY,SPDR S&P 500 ETF,2026-07-31 10:30:00,744.68,740.49,746.301,737.68,0.0,0.0,12937271.0,9594385015.305,-0.16179266270275255,741.69
US.SPY,SPDR S&P 500 ETF,2026-07-31 11:30:00,740.48,740.3,743.1,740.09,0.0,0.0,5651381.0,4191078499.796,-0.025658685465037284,740.49
US.SPY,SPDR S&P 500 ETF,2026-07-31 12:30:00,740.29,744.42,744.43,739.81,0.0,0.0,4601728.0,3416521423.51,0.5565311360259361,740.3
US.SPY,SPDR S&P 500 ETF,2026-07-31 13:30:00,744.43,746.29,746.4,743.99,0.0,0.0,4075505.0,3033558038.697,0.2512022782837652,744.42
US.SPY,SPDR S&P 500 ETF,2026-07-31 14:30:00,746.3,746.01,746.5,745.19,0.0,0.0,5323745.0,3963364052.736,-0.03751892695868533,746.29
US.SPY,SPDR S&P 500 ETF,2026-07-31 15:30:00,746.04,747.49,747.92,745.67,0.0,0.0,7846145.0,5846764606.59,0.19838876154475385,746.01
US.SPY,SPDR S&P 500 ETF,2026-07-31 16:00:00,747.49,747.03,748.895,746.34,0.0,0.0,12583507.0,9396680414.459,-0.06153928480649057,747.49
US.SPY,SPDR S&P 500 ETF,2026-08-03 10:30:00,749.44,754.5,754.78,748.8,0.0,0.0,10878337.0,8186053623.059,0.9999598409702458,747.03
US.SPY,SPDR S&P 500 ETF,2026-08-03 11:30:00,754.5,755.11,755.7,754.31,0.0,0.0,7562739.0,5703555330.167,0.08084824387011447,754.5
US.SPY,SPDR S&P 500 ETF,2026-08-03 12:30:00,755.12,756.57,756.6,755.075,0.0,0.0,6572886.0,4961216080.871,0.19334931334508038,755.11
US.SPY,SPDR S&P 500 ETF,2026-08-03 13:30:00,756.57,757.085,757.155,755.98,0.0,0.0,4934647.0,3726581783.371,0.06807037022350693,756.57
US.SPY,SPDR S&P 500 ETF,2026-08-03 14:30:00,757.084,757.57,758.33,757.01,0.0,0.0,6913594.0,5232556814.17,0.06406149903907932,757.085
US.SPY,SPDR S&P 500 ETF,2026-08-03 15:30:00,757.58,758.34,758.58,757.34,0.0,0.0,5426635.0,4108047953.907,0.10164077246986837,757.57
US.SPY,SPDR S&P 500 ETF,2026-08-03 16:00:00,758.35,757.67,758.51,757.43,0.0,0.0,9689776.0,7338490997.659,-0.08835087164069846,758.34
US.SPY,SPDR S&P 500 ETF,2026-08-04 10:30:00,760.63,764.49,765.3828,760.52,0.0,0.0,9856235.0,7522206724.345,0.9001280240738119,757.67
US.SPY,SPDR S&P 500 ETF,2026-08-04 11:30:00,764.47,767.35,767.87,764.1,0.0,0.0,7776517.0,5954088644.506,0.37410561289225674,764.49
US.SPY,SPDR S&P 500 ETF,2026-08-04 12:30:00,767.34,769.24,769.34,767.16,0.0,0.0,7545251.0,5779624573.208,0.24630220890076054,767.35
US.SPY,SPDR S&P 500 ETF,2026-08-04 13:30:00,769.22,771.28,771.605,769.0,0.0,0.0,6796789.0,5229961387.635,0.2651968176381836,769.24
US.SPY,SPDR S&P 500 ETF,2026-08-04 14:30:00,771.29,772.37,773.085,770.965,0.0,0.0,7066731.0,5440747815.513,0.14132351415828648,771.28
US.SPY,SPDR S&P 500 ETF,2026-08-04 15:30:00,772.3799,772.32,773.12,771.41,0.0,0.0,7609400.0,5874084926.605,-0.006473581314649006,772.37
US.SPY,SPDR S&P 500 ETF,2026-08-04 16:00:00,772.31,771.33,773.41,770.96,0.0,0.0,13006068.0,10022598115.858,-0.1281852082038545,772.32
US.SPY,SPDR S&P 500 ETF,2026-08-05 10:30:00,775.85,774.7809,776.85,774.39,0.0,0.0,9113195.0,7070280367.548,0.44739605616272327,771.33
US.SPY,SPDR S&P 500 ETF,2026-08-05 11:30:00,774.78,771.71,775.0201,771.0,0.0,0.0,6670390.0,5158544785.339,-0.3963572153107979,774.7809
US.SPY,SPDR S&P 500 ETF,2026-08-05 12:30:00,771.7,772.1,772.52,769.91,0.0,0.0,5449125.0,4201909461.288,0.05053711886589345,771.71
US.SPY,SPDR S&P 500 ETF,2026-08-05 13:30:00,772.09,771.34,772.22,771.01,0.0,0.0,3698955.0,2854305163.963,-0.0984328454863348,772.1
US.SPY,SPDR S&P 500 ETF,2026-08-05 14:30:00,771.33,771.94,772.25,771.07,0.0,0.0,3202415.0,2471654004.02,0.07778670884435174,771.34
US.SPY,SPDR S&P 500 ETF,2026-08-05 15:30:00,771.93,771.7999,771.989,771.2,0.0,0.0,4325007.0,3337318284.93,-0.018149078943969083,771.94
US.SPY,SPDR S&P 500 ETF,2026-08-05 16:00:00,771.78,769.79,771.89,769.51,0.0,0.0,6784174.0,5230768887.868,-0.26041724027173574,771.7999
US.SPY,SPDR S&P 500 ETF,2026-08-06 10:30:00,770.21,770.45,771.82,769.0576,0.0,0.0,4978386.0,3836707340.009,0.08573766871485494,769.79
US.SPY,SPDR S&P 500 ETF,2026-08-06 11:30:00,770.45,769.24,771.21,768.62,0.0,0.0,4891127.0,3766166862.129,-0.1570510740476392,770.45
US.SPY,SPDR S&P 500 ETF,2026-08-06 12:30:00,769.24,768.26,769.78,767.46,0.0,0.0,5611736.0,4312197806.491,-0.12739847121834774,769.24
US.SPY,SPDR S&P 500 ETF,2026-08-06 13:30:00,768.27,767.83,769.18,767.81,0.0,0.0,2874004.0,2208546041.925,-0.0559706349412894,768.26
US.SPY,SPDR S&P 500 ETF,2026-08-06 14:30:00,767.83,769.43,769.73,767.72,0.0,0.0,3794022.0,2916899541.98,0.20837945899481775,767.83
US.SPY,SPDR S&P 500 ETF,2026-08-06 15:30:00,769.43,768.66,769.79,768.515,0.0,0.0,3873225.0,2979180903.026,-0.10007408081306707,769.43
US.SPY,SPDR S&P 500 ETF,2026-08-06 16:00:00,768.655,768.56,769.0,767.7,0.0,0.0,7116865.0,5469886704.913,-0.013009653162649642,768.66
US.SPY,SPDR S&P 500 ETF,2026-08-07 10:30:00,771.02,773.19,773.29,769.61,0.0,0.0,6695001.0,5163194536.263,0.6024253148745848,768.56
US.SPY,SPDR S&P 500 ETF,2026-08-07 11:30:00,773.16,773.65,773.89,771.71,0.0,0.0,4737466.0,3660935825.185,0.05949378548609302,773.19
US.SPY,SPDR S&P 500 ETF,2026-08-07 12:30:00,773.66,771.725,773.915,771.334,0.0,0.0,3896699.0,3010034264.25,-0.24882052607767785,773.65
US.SPY,SPDR S&P 500 ETF,2026-08-07 13:30:00,771.735,772.09,772.86,771.0615,0.0,0.0,4035330.0,3115179599.104,0.04729664064271717,771.725
US.SPY,SPDR S&P 500 ETF,2026-08-07 14:30:00,772.11,771.48,772.46,771.45,0.0,0.0,2849392.0,2199197140.99,-0.07900633345853639,772.09
US.SPY,SPDR S&P 500 ETF,2026-08-07 15:30:00,771.475,773.075,773.45,770.89,0.0,0.0,4911339.0,3788508110.006,0.2067454762275143,771.48
US.SPY,SPDR S&P 500 ETF,2026-08-07 16:00:00,773.08,773.26,773.83,772.52,0.0,0.0,8061062.0,6227511692.074,0.023930407787076988,773.075
US.SPY,SPDR S&P 500 ETF,2026-08-10 10:30:00,772.6,774.355,774.46,772.5,0.0,0.0,6709685.0,5189718577.215,0.14160825595530963,773.26
US.SPY,SPDR S&P 500 ETF,2026-08-10 11:30:00,774.355,773.74,775.05,773.31,0.0,0.0,5129406.0,3971301631.424,-0.07942093742534227,774.355
US.SPY,SPDR S&P 500 ETF,2026-08-10 12:30:00,773.76,773.37,774.435,773.16,0.0,0.0,2918620.0,2258317898.183,-0.04781968102980388,773.74
US.SPY,SPDR S&P 500 ETF,2026-08-10 13:30:00,773.37,773.1095,773.488,771.62,0.0,0.0,3738608.0,2888911834.019,-0.033683747753336574,773.37
US.SPY,SPDR S&P 500 ETF,2026-08-10 14:30:00,773.11,772.53,773.26,772.49,0.0,0.0,2938157.0,2270447081.134,-0.07495704036750975,773.1095
US.SPY,SPDR S&P 500 ETF,2026-08-10 15:30:00,772.52,772.93,773.44,772.32,0.0,0.0,4277594.0,3306728182.494,0.0517779244818942,772.53
US.SPY,SPDR S&P 500 ETF,2026-08-10 16:00:00,772.945,773.03,773.29,772.315,0.0,0.0,6253026.0,4832944903.202,0.012937782205377297,772.93
US.SPY,SPDR S&P 500 ETF,2026-08-11 10:30:00,774.53,773.87,774.61,772.58,0.0,0.0,4650436.0,3596989296.957,0.1086633119025176,773.03
US.SPY,SPDR S&P 500 ETF,2026-08-11 11:30:00,773.88,772.401,774.035,772.2,0.0,0.0,3830306.0,2979936922.007,-0.18982516443330932,773.87
US.SPY,SPDR S&P 500 ETF,2026-08-11 12:30:00,772.41,771.819,772.56,771.38,0.0,0.0,4880945.0,3768691425.784,-0.07534946226118217,772.401
US.SPY,SPDR S&P 500 ETF,2026-08-11 13:30:00,771.8175,770.85,772.01,770.26,0.0,0.0,3393058.0,2617046273.436,-0.12554757009090697,771.819
US.SPY,SPDR S&P 500 ETF,2026-08-11 14:30:00,770.85,769.5,771.355,769.2,0.0,0.0,2782362.0,2144562470.591,-0.17513134851138648,770.85
US.SPY,SPDR S&P 500 ETF,2026-08-11 15:30:00,769.52,770.63,770.69,769.515,0.0,0.0,3974154.0,3061721134.353,0.14684860298895328,769.5
US.SPY,SPDR S&P 500 ETF,2026-08-11 16:00:00,770.63,770.56,771.095,769.79,0.0,0.0,6085320.0,4690006717.705,-0.009083477155061446,770.63
US.SPY,SPDR S&P 500 ETF,2026-08-12 10:30:00,774.71,772.795,774.9,771.88,0.0,0.0,6154760.0,4757128571.182,0.2900487956810649,770.56
US.SPY,SPDR S&P 500 ETF,2026-08-12 11:30:00,772.79,772.37,773.2,771.28,0.0,0.0,3987008.0,3078969930.334,-0.054995179834232175,772.795
US.SPY,SPDR S&P 500 ETF,2026-08-12 12:30:00,772.4,772.45,772.67,771.56,0.0,0.0,2831138.0,2185818418.525,0.010357730103453129,772.37
US.SPY,SPDR S&P 500 ETF,2026-08-12 13:30:00,772.45,772.78,773.29,772.18,0.0,0.0,2563069.0,1980796558.672,0.04272121172890507,772.45
US.SPY,SPDR S&P 500 ETF,2026-08-12 14:30:00,772.83,773.09,773.31,772.6414,0.0,0.0,2417705.0,1868167872.735,0.04011490980616206,772.78
US.SPY,SPDR S&P 500 ETF,2026-08-12 15:30:00,773.09,772.98,773.63,772.8,0.0,0.0,3292278.0,2544736879.202,-0.01422861503835435,773.09
US.SPY,SPDR S&P 500 ETF,2026-08-12 16:00:00,772.98,772.49,773.02,772.0,0.0,0.0,4610679.0,3561936196.642,-0.06339103210949948,772.98
US.SPY,SPDR S&P 500 ETF,2026-08-13 10:30:00,774.87,779.19,779.25,774.111,0.0,0.0,5898160.0,4583388031.433,0.8673251433675576,772.49
US.SPY,SPDR S&P 500 ETF,2026-08-13 11:30:00,779.19,776.17,779.37,775.92,0.0,0.0,5091632.0,3958697975.043,-0.38758197615473705,779.19
US.SPY,SPDR S&P 500 ETF,2026-08-13 12:30:00,776.18,776.52,776.52,775.38,0.0,0.0,3764636.0,2920282354.082,0.04509321411546732,776.17
US.SPY,SPDR S&P 500 ETF,2026-08-13 13:30:00,776.525,777.11,777.48,776.205,0.0,0.0,2006579.0,1558758154.386,0.07598001339309121,776.52
US.SPY,SPDR S&P 500 ETF,2026-08-13 14:30:00,777.1,776.98,777.24,776.62,0.0,0.0,2391786.0,1856524226.646,-0.01672864845388625,777.11
US.SPY,SPDR S&P 500 ETF,2026-08-13 15:30:00,776.99,778.0301,778.43,776.99,0.0,0.0,3430443.0,2668445208.75,0.13515148395067175,776.98
US.SPY,SPDR S&P 500 ETF,2026-08-13 16:00:00,778.03,777.88,778.24,777.35,0.0,0.0,7762076.0,6030381466.314,-0.019292312726712266,778.0301
US.SPY,SPDR S&P 500 ETF,2026-08-14 10:30:00,778.54,777.41,778.8,777.13,0.0,0.0,4463958.0,3473347021.14,-0.06042063043143252,777.88
US.SPY,SPDR S&P 500 ETF,2026-08-14 11:30:00,777.4,776.3,777.48,775.86,0.0,0.0,3552977.0,2759808408.255,-0.14278180110881178,777.41
US.SPY,SPDR S&P 500 ETF,2026-08-14 12:30:00,776.29,776.71,776.82,775.81,0.0,0.0,3796854.0,2947818954.292,0.0528146335179804,776.3
US.SPY,SPDR S&P 500 ETF,2026-08-14 13:30:00,776.7,775.77,776.735,775.63,0.0,0.0,2305778.0,1789416922.534,-0.12102329054602806,776.71
US.SPY,SPDR S&P 500 ETF,2026-08-14 14:30:00,775.78,775.925,776.33,775.4301,0.0,0.0,2784577.0,2161099462.764,0.01998014875542657,775.77
US.SPY,SPDR S&P 500 ETF,2026-08-14 15:30:00,775.93,776.155,776.4919,775.82,0.0,0.0,3082813.0,2392932605.111,0.029642040145634974,775.925
US.SPY,SPDR S&P 500 ETF,2026-08-14 16:00:00,776.155,776.34,776.42,775.92,0.0,0.0,4863123.0,3775524149.659,0.02383544523968268,776.155
US.SPY,SPDR S&P 500 ETF,2026-08-17 10:30:00,776.18,775.46,776.775,775.0,0.0,0.0,4316937.0,3348276342.237,-0.11335239714557994,776.34
US.SPY,SPDR S&P 500 ETF,2026-08-17 11:30:00,775.45,775.715,775.86,774.89,0.0,0.0,3043217.0,2359567507.998,0.03288370773476329,775.46
US.SPY,SPDR S&P 500 ETF,2026-08-17 12:30:00,775.715,775.29,775.82,774.71,0.0,0.0,2480436.0,1923087189.385,-0.05478816317849573,775.715
US.SPY,SPDR S&P 500 ETF,2026-08-17 13:30:00,775.3,773.58,775.41,773.47,0.0,0.0,2932143.0,2270903719.039,-0.22056262817783315,775.29
US.SPY,SPDR S&P 500 ETF,2026-08-17 14:30:00,773.57,773.59,773.86,773.1,0.0,0.0,3486505.0,2696914032.519,0.0012926911243815642,773.58
US.SPY,SPDR S&P 500 ETF,2026-08-17 15:30:00,773.58,773.12,773.82,773.12,0.0,0.0,3522121.0,2725203592.987,-0.06075569746248365,773.59
US.SPY,SPDR S&P 500 ETF,2026-08-17 16:00:00,773.13,772.67,773.36,772.51,0.0,0.0,9514922.0,7360048317.107,-0.05820571192053568,773.12
US.SPY,SPDR S&P 500 ETF,2026-08-18 10:30:00,768.7,768.66,769.5,767.63,0.0,0.0,7739669.0,5949242876.05,-0.518979642020525,772.67
US.SPY,SPDR S&P 500 ETF,2026-08-18 11:30:00,768.64,767.84,769.25,767.33,0.0,0.0,4725595.0,3631749799.033,-0.10667915593369454,768.66
US.SPY,SPDR S&P 500 ETF,2026-08-18 12:30:00,767.855,768.21,768.87,767.6,0.0,0.0,2955351.0,2272555009.106,0.04818712231715,767.84
US.SPY,SPDR S&P 500 ETF,2026-08-18 13:30:00,768.19,768.3,768.87,768.07,0.0,0.0,2213190.0,1701806828.673,0.011715546530234981,768.21
US.SPY,SPDR S&P 500 ETF,2026-08-18 14:30:00,768.29,768.36,768.565,767.45,0.0,0.0,3706669.0,2851153579.286,0.007809449433822612,768.3
US.SPY,SPDR S&P 500 ETF,2026-08-18 15:30:00,768.355,768.02,768.43,767.56,0.0,0.0,3197232.0,2455903058.525,-0.04425009110313288,768.36
US.SPY,SPDR S&P 500 ETF,2026-08-18 16:00:00,768.015,767.45,768.22,766.92,0.0,0.0,11165991.0,8582898695.829,-0.0742168172703753,768.02
US.SPY,SPDR S&P 500 ETF,2026-08-19 10:30:00,770.36,770.03,770.63,768.1,0.0,0.0,6093445.0,4690060059.106,0.3361782526548866,767.45
US.SPY,SPDR S&P 500 ETF,2026-08-19 11:30:00,769.98,771.1087,772.47,769.8102,0.0,0.0,3915848.0,3019692495.559,0.1400854512161898,770.03
US.SPY,SPDR S&P 500 ETF,2026-08-19 12:30:00,771.13,770.67,771.99,770.07,0.0,0.0,3117931.0,2402178743.915,-0.05689210872605119,771.1087
US.SPY,SPDR S&P 500 ETF,2026-08-19 13:30:00,770.68,769.57,770.755,769.02,0.0,0.0,3446365.0,2652102194.589,-0.14273294665679334,770.67
US.SPY,SPDR S&P 500 ETF,2026-08-19 14:30:00,769.58,769.58,770.55,768.96,0.0,0.0,2804712.0,2157946130.363,0.0012994269527126714,769.57
US.SPY,SPDR S&P 500 ETF,2026-08-19 15:30:00,769.58,769.63,770.09,769.43,0.0,0.0,3816862.0,2936775858.062,0.006497050339140118,769.58
US.SPY,SPDR S&P 500 ETF,2026-08-19 16:00:00,769.65,769.06,770.38,768.2,0.0,0.0,8633133.0,6635474395.725,-0.07406156204930292,769.63
US.SPY,SPDR S&P 500 ETF,2026-08-20 10:30:00,765.96,766.22,767.75,765.36,0.0,0.0,6305654.0,4834029250.853,-0.36928198059968254,769.06
US.SPY,SPDR S&P 500 ETF,2026-08-20 11:30:00,766.205,766.75,768.15,765.93,0.0,0.0,5454686.0,4183988686.473,0.06917073425386608,766.22
US.SPY,SPDR S&P 500 ETF,2026-08-20 12:30:00,766.74,765.745,766.87,765.23,0.0,0.0,3494081.0,2676793761.068,-0.13107270948809852,766.75
US.SPY,SPDR S&P 500 ETF,2026-08-20 13:30:00,765.74,764.78,766.64,764.71,0.0,0.0,3195096.0,2447053104.717,-0.12602106445357553,765.745
US.SPY,SPDR S&P 500 ETF,2026-08-20 14:30:00,764.78,763.56,765.01,763.15,0.0,0.0,4007640.0,3062158968.494,-0.15952300007845752,764.78
US.SPY,SPDR S&P 500 ETF,2026-08-20 15:30:00,763.565,763.49,763.85,763.17,0.0,0.0,4737091.0,3617519138.217,-0.00916758342500083,763.56
US.SPY,SPDR S&P 500 ETF,2026-08-20 16:00:00,763.48,762.6,763.65,762.04,0.0,0.0,11961054.0,9137305109.284,-0.11656996162359512,763.49
US.SPY,SPDR S&P 500 ETF,2026-08-21 10:30:00,766.05,764.65,766.15,764.17,0.0,0.0,7162987.0,5479747995.909,0.2688172043010693,762.6
US.SPY,SPDR S&P 500 ETF,2026-08-21 11:30:00,764.65,765.955,766.41,764.215,0.0,0.0,3933038.0,3010699106.866,0.1706663179232412,764.65
US.SPY,SPDR S&P 500 ETF,2026-08-21 12:30:00,765.96,766.515,767.85,765.82,0.0,0.0,7924013.0,6071199104.292,0.07311134466123277,765.955
US.SPY,SPDR S&P 500 ETF,2026-08-21 13:30:00,766.51,765.8,766.57,765.705,0.0,0.0,2942523.0,2253003053.353,-0.09327932264861508,766.515
US.SPY,SPDR S&P 500 ETF,2026-08-21 14:30:00,765.82,765.285,765.9,765.26,0.0,0.0,1961482.0,1501615238.111,-0.06724993470879947,765.8
US.SPY,SPDR S&P 500 ETF,2026-08-21 15:30:00,765.27,766.05,766.365,765.06,0.0,0.0,3759853.0,2877236604.581,0.09996275897214586,765.285
US.SPY,SPDR S&P 500 ETF,2026-08-21 16:00:00,766.05,765.72,766.8,765.34,0.0,0.0,7602622.0,5820964678.345,-0.04307812805951664,766.05
US.SPY,SPDR S&P 500 ETF,2026-08-24 10:30:00,764.78,762.92,764.81,762.08,0.0,0.0,6680981.0,5100384995.085,-0.3656689129185692,765.72
US.SPY,SPDR S&P 500 ETF,2026-08-24 11:30:00,762.92,763.7401,764.11,762.37,0.0,0.0,5579934.0,4261371298.072,0.10749488806166112,762.92
US.SPY,SPDR S&P 500 ETF,2026-08-24 12:30:00,763.74,764.89,765.22,763.4,0.0,0.0,2992827.0,2287922852.761,0.15056168976854853,763.7401
US.SPY,SPDR S&P 500 ETF,2026-08-24 13:30:00,764.91,763.4,765.0,763.335,0.0,0.0,2448687.0,1871528140.574,-0.19479925218005323,764.89
US.SPY,SPDR S&P 500 ETF,2026-08-24 14:30:00,763.38,764.8,764.84,763.05,0.0,0.0,2635352.0,2012997082.295,0.18339009693476255,763.4
US.SPY,SPDR S&P 500 ETF,2026-08-24 15:30:00,764.8,763.96,765.11,763.81,0.0,0.0,2375451.0,1815351086.705,-0.1098326359832529,764.8
US.SPY,SPDR S&P 500 ETF,2026-08-24 16:00:00,763.96,763.47,764.24,763.35,0.0,0.0,5597298.0,4275496661.092,-0.06413948374260552,763.96
US.SPY,SPDR S&P 500 ETF,2026-08-25 10:30:00,766.16,764.7,766.78,764.68,0.0,0.0,4717336.0,3612570680.942,0.16110652677905066,763.47
US.SPY,SPDR S&P 500 ETF,2026-08-25 11:30:00,764.7,765.31,765.39,763.0501,0.0,0.0,3872341.0,2960157961.708,0.07976984438340524,764.7
US.SPY,SPDR S&P 500 ETF,2026-08-25 12:30:00,765.32,765.76,765.85,764.6,0.0,0.0,2818368.0,2156435520.113,0.0587997020815154,765.31
US.SPY,SPDR S&P 500 ETF,2026-08-25 13:30:00,765.75,764.82,765.95,764.63,0.0,0.0,1879347.0,1438287664.043,-0.12275386544086148,765.76
US.SPY,SPDR S&P 500 ETF,2026-08-25 14:30:00,764.82,764.97,765.16,764.72,0.0,0.0,2815319.0,2153317521.332,0.019612457833212683,764.82
US.SPY,SPDR S&P 500 ETF,2026-08-25 15:30:00,764.97,765.15,765.87,764.87,0.0,0.0,3501429.0,2678991168.399,0.023530334522915926,764.97
US.SPY,SPDR S&P 500 ETF,2026-08-25 16:00:00,765.17,765.91,766.22,765.01,0.0,0.0,5024038.0,3846293530.104,0.09932692936025497,765.15
US.SPY,SPDR S&P 500 ETF,2026-08-26 10:30:00,764.73,765.08,766.96,764.68,0.0,0.0,3952937.0,3027501127.701,-0.10836782389574849,765.91
US.SPY,SPDR S&P 500 ETF,2026-08-26 11:30:00,765.07,765.85,766.47,764.92,0.0,0.0,2619233.0,2005746448.109,0.10064307000574865,765.08
US.SPY,SPDR S&P 500 ETF,2026-08-26 12:30:00,765.84,764.8,766.31,764.73,0.0,0.0,2611461.0,1998804820.439,-0.13710256577659702,765.85
US.SPY,SPDR S&P 500 ETF,2026-08-26 13:30:00,764.795,765.65,765.72,763.93,0.0,0.0,2778993.0,2125470820.989,0.11114016736401972,764.8
US.SPY,SPDR S&P 500 ETF,2026-08-26 14:30:00,765.65,765.61,765.98,765.35,0.0,0.0,2266637.0,1735389404.115,-0.005224319205898729,765.65
US.SPY,SPDR S&P 500 ETF,2026-08-26 15:30:00,765.61,766.89,767.35,765.52,0.0,0.0,3674012.0,2816239601.319,0.16718694896879255,765.61
US.SPY,SPDR S&P 500 ETF,2026-08-26 16:00:00,766.9,766.08,767.21,765.49,0.0,0.0,6010266.0,4606093054.705,-0.10562140593826305,766.89
US.SPY,SPDR S&P 500 ETF,2026-08-27 10:30:00,768.5,769.675,769.88,767.16,0.0,0.0,7284128.0,5597326578.129,0.46927213868002204,766.08
US.SPY,SPDR S&P 500 ETF,2026-08-27 11:30:00,769.6999,770.315,771.1,769.06,0.0,0.0,2911785.0,2242764436.994,0.08315197973171795,769.675
US.SPY,SPDR S&P 500 ETF,2026-08-27 12:30:00,770.31,770.91,770.97,769.39,0.0,0.0,2969718.0,2286518754.714,0.07724112862918592,770.315
US.SPY,SPDR S&P 500 ETF,2026-08-27 13:30:00,770.91,771.75,772.355,770.82,0.0,0.0,2858832.0,2205651249.399,0.10896213565786304,770.91
US.SPY,SPDR S&P 500 ETF,2026-08-27 14:30:00,771.75,769.46,772.06,769.26,0.0,0.0,3207465.0,2472447422.996,-0.2967282150955573,771.75
US.SPY,SPDR S&P 500 ETF,2026-08-27 15:30:00,769.47,769.94,770.28,769.16,0.0,0.0,4031736.0,3101732572.187,0.062381410339721124,769.46
US.SPY,SPDR S&P 500 ETF,2026-08-27 16:00:00,769.945,771.1,771.36,769.87,0.0,0.0,6611703.0,5092581732.551,0.1506610904745783,769.94
US.SPY,SPDR S&P 500 ETF,2026-08-28 10:30:00,771.76,771.3,773.13,769.77,0.0,0.0,6360591.0,4907337310.542,0.025936973155223936,771.1
US.SPY,SPDR S&P 500 ETF,2026-08-28 11:30:00,771.3,774.95,775.3,770.9,0.0,0.0,5087165.0,3937472426.122,0.47322701931804634,771.3
US.SPY,SPDR S&P 500 ETF,2026-08-28 12:30:00,774.97,769.6,775.0,769.13,0.0,0.0,5024392.0,3877169482.589,-0.6903671204593874,774.95
US.SPY,SPDR S&P 500 ETF,2026-08-28 13:30:00,769.6,768.82,770.7,768.3076,0.0,0.0,3734068.0,2873438187.688,-0.1013513513513478,769.6
US.SPY,SPDR S&P 500 ETF,2026-08-28 14:30:00,768.84,769.06,769.8,768.6,0.0,0.0,2077760.0,1598442104.986,0.031216669701607056,768.82
US.SPY,SPDR S&P 500 ETF,2026-08-28 15:30:00,769.05,769.515,769.59,768.31,0.0,0.0,3311861.0,2548419056.153,0.05916313421580123,769.06
US.SPY,SPDR S&P 500 ETF,2026-08-28 16:00:00,769.51,769.35,769.88,769.02,0.0,0.0,6959261.0,5356305174.473,-0.021442077152487426,769.515
US.SPY,SPDR S&P 500 ETF,2026-08-31 10:30:00,767.33,764.93,767.62,764.715,0.0,0.0,5539545.0,4244275321.729,-0.574510950802635,769.35
US.SPY,SPDR S&P 500 ETF,2026-08-31 11:30:00,764.885,765.94,766.46,764.8,0.0,0.0,2886318.0,2210119782.119,0.1320382257200142,764.93
US.SPY,SPDR S&P 500 ETF,2026-08-31 12:30:00,765.95,765.9,766.34,764.98,0.0,0.0,2406316.0,1842226755.229,-0.005222341175559091,765.94
US.SPY,SPDR S&P 500 ETF,2026-08-31 13:30:00,765.8949,765.42,766.06,765.19,0.0,0.0,1973204.0,1511162880.512,-0.06267136701919548,765.9
US.SPY,SPDR S&P 500 ETF,2026-08-31 14:30:00,765.425,766.3,766.84,765.17,0.0,0.0,2261205.0,1732867433.965,0.11496955919625766,765.42
US.SPY,SPDR S&P 500 ETF,2026-08-31 15:30:00,766.3,766.635,766.75,765.05,0.0,0.0,3819417.0,2925799060.847,0.043716560093962735,766.3
US.SPY,SPDR S&P 500 ETF,2026-08-31 16:00:00,766.62,767.05,767.995,766.18,0.0,0.0,12520985.0,9607688895.371,0.054132670697263185,766.635
US.SPY,SPDR S&P 500 ETF,2026-09-01 10:30:00,762.01,763.7695,764.0,761.17,0.0,0.0,5706470.0,4350076707.821,-0.42767746561501346,767.05
US.SPY,SPDR S&P 500 ETF,2026-09-01 11:30:00,763.76,763.59,764.55,762.67,0.0,0.0,3818342.0,2915916184.218,-0.02350185494445141,763.7695
US.SPY,SPDR S&P 500 ETF,2026-09-01 12:30:00,763.59,762.5399,764.67,762.29,0.0,0.0,3818373.0,2916437622.252,-0.13752144475438954,763.59
US.SPY,SPDR S&P 500 ETF,2026-09-01 13:30:00,762.54,761.68,762.63,760.73,0.0,0.0,3533074.0,2692175534.209,-0.1127678695895177,762.5399
US.SPY,SPDR S&P 500 ETF,2026-09-01 14:30:00,761.68,761.21,762.23,761.07,0.0,0.0,3338837.0,2545089074.259,-0.061705703182427483,761.68
US.SPY,SPDR S&P 500 ETF,2026-09-01 15:30:00,761.2199,761.36,761.61,759.48,0.0,0.0,5374337.0,4088692867.809,0.019705468924472516,761.21
US.SPY,SPDR S&P 500 ETF,2026-09-01 16:00:00,761.3999,761.78,761.78,760.58,0.0,0.0,8212864.0,6254256695.792,0.05516444257643678,761.36
US.SPY,SPDR S&P 500 ETF,2026-09-02 10:30:00,762.45,765.27,765.585,761.73,0.0,0.0,5454617.0,4163478030.434,0.4581375200189043,761.78
US.SPY,SPDR S&P 500 ETF,2026-09-02 11:30:00,765.275,766.295,766.4,764.93,0.0,0.0,3099583.0,2373088413.863,0.13393965528505983,765.27
US.SPY,SPDR S&P 500 ETF,2026-09-02 12:30:00,766.325,764.85,766.43,764.69,0.0,0.0,1997535.0,1529346743.567,-0.18856967616909107,766.295
US.SPY,SPDR S&P 500 ETF,2026-09-02 13:30:00,764.85,764.71,765.48,764.46,0.0,0.0,1605694.0,1228222611.824,-0.018304242661958077,764.85
US.SPY,SPDR S&P 500 ETF,2026-09-02 14:30:00,764.75,765.32,766.0899,764.35,0.0,0.0,2589829.0,1981600096.844,0.07976880124491816,764.71
US.SPY,SPDR S&P 500 ETF,2026-09-02 15:30:00,765.34,765.48,765.5252,764.59,0.0,0.0,3799596.0,2905484946.496,0.02090628756598131,765.32
US.SPY,SPDR S&P 500 ETF,2026-09-02 16:00:00,765.47,765.16,765.485,764.75,0.0,0.0,4682000.0,3581402685.175,-0.041803835501913834,765.48
US.SPY,SPDR S&P 500 ETF,2026-09-03 10:30:00,767.9,768.67,770.045,767.53,0.0,0.0,8495643.0,6532388243.63,0.45872758638715966,765.16
US.SPY,SPDR S&P 500 ETF,2026-09-03 11:30:00,768.67,772.94,772.95,767.45,0.0,0.0,5999641.0,4619903423.513,0.5555049631181256,768.67
US.SPY,SPDR S&P 500 ETF,2026-09-03 12:30:00,772.94,772.435,773.32,772.21,0.0,0.0,4057779.0,3135752651.472,-0.06533495484773838,772.94
US.SPY,SPDR S&P 500 ETF,2026-09-03 13:30:00,772.45,772.6687,773.23,772.12,0.0,0.0,2306063.0,1780903773.147,0.03025497291034183,772.435
US.SPY,SPDR S&P 500 ETF,2026-09-03 14:30:00,772.65,773.73,774.03,772.6475,0.0,0.0,2980505.0,2303207216.504,0.13735511740026143,772.6687
US.SPY,SPDR S&P 500 ETF,2026-09-03 15:30:00,773.759,773.41,773.9,773.13,0.0,0.0,4266240.0,3295761351.912,-0.04135809649361535,773.73
US.SPY,SPDR S&P 500 ETF,2026-09-03 16:00:00,773.415,773.17,773.55,772.69,0.0,0.0,8554782.0,6602741979.794,-0.031031406369197337,773.41
US.SPY,SPDR S&P 500 ETF,2026-09-04 10:30:00,772.01,771.21,772.87,770.76,0.0,0.0,5694351.0,4395966409.886,-0.2535018171941388,773.17
US.SPY,SPDR S&P 500 ETF,2026-09-04 11:30:00,771.205,769.43,771.29,769.05,0.0,0.0,4134096.0,3185299322.567,-0.23080613581256548,771.21
US.SPY,SPDR S&P 500 ETF,2026-09-04 12:30:00,769.48,770.66,771.15,769.0,0.0,0.0,2571822.0,1980891188.962,0.1598585966234769,769.43
US.SPY,SPDR S&P 500 ETF,2026-09-04 13:30:00,770.66,769.852,771.32,769.8,0.0,0.0,2037225.0,1569990755.994,-0.10484519762281586,770.66
US.SPY,SPDR S&P 500 ETF,2026-09-04 14:30:00,769.85,769.88,769.99,769.13,0.0,0.0,2722996.0,2096362136.357,0.0036370627081594915,769.852
US.SPY,SPDR S&P 500 ETF,2026-09-04 15:30:00,769.89,770.01,770.38,769.59,0.0,0.0,3724378.0,2869116848.689,0.0168857484283259,769.88
US.SPY,SPDR S&P 500 ETF,2026-09-04 16:00:00,770.0,770.19,770.48,769.63,0.0,0.0,6564680.0,5057657674.363,0.02337631978806297,770.01
