code,name,time_key,open,close,high,low,pe_ratio,turnover_rate,volume,turnover,change_rate,last_close
US.TSLA,Tesla,2025-09-10 09:35:00,350.55,351.13,352.2,348.33,0.0,0.0,2630127.0,921322848.866,1.1989509179467874,346.97
US.TSLA,Tesla,2025-09-10 09:40:00,351.15,347.82,351.31,346.96,0.0,0.0,2012577.0,701913248.947,-0.942670805684505,351.13
US.TSLA,Tesla,2025-09-10 09:45:00,347.8564,346.8801,347.8648,346.07,0.0,0.0,1579630.0,548044399.185,-0.27022597895462197,347.82
US.TSLA,Tesla,2025-09-10 09:50:00,346.94,347.85,348.03,346.2,0.0,0.0,1244265.0,432243712.366,0.2796066998366281,346.8801
US.TSLA,Tesla,2025-09-10 09:55:00,347.84,348.1211,348.5,346.66,0.0,0.0,1137653.0,395505413.953,0.07793589190742845,347.85
US.TSLA,Tesla,2025-09-10 10:00:00,348.145,347.72,349.2,347.58,0.0,0.0,1102021.0,383960847.774,-0.11521852596696532,348.1211
US.TSLA,Tesla,2025-09-10 10:05:00,347.72,349.83,350.28,347.6,0.0,0.0,1295807.0,452536366.88,0.606810077073495,347.72
US.TSLA,Tesla,2025-09-10 10:10:00,349.87,350.39,351.4299,349.7,0.0,0.0,1588457.0,556889071.287,0.16007775205099686,349.83
US.TSLA,Tesla,2025-09-10 10:15:00,350.37,349.125,350.51,349.0,0.0,0.0,980958.0,343034571.953,-0.361026284996714,350.39
US.TSLA,Tesla,2025-09-10 10:20:00,349.17,349.8996,350.08,349.14,0.0,0.0,764952.0,267449631.385,0.22186895810956558,349.125
US.TSLA,Tesla,2025-09-10 10:25:00,349.86,349.821,350.57,349.5,0.0,0.0,768404.0,268969341.669,-0.02246358669743962,349.8996
US.TSLA,Tesla,2025-09-10 10:30:00,349.79,349.16,350.35,348.85,0.0,0.0,782038.0,273459393.202,-0.188953779218515,349.821
US.TSLA,Tesla,2025-09-10 10:35:00,349.13,350.08,350.55,349.07,0.0,0.0,751867.0,263041479.216,0.2634895176996102,349.16
US.TSLA,Tesla,2025-09-10 10:40:00,350.0868,350.9,351.26,350.07,0.0,0.0,948350.0,332737960.587,0.2342321755027403,350.08
US.TSLA,Tesla,2025-09-10 10:45:00,350.9,351.965,351.99,350.32,0.0,0.0,1296563.0,455726114.65,0.30350527215730916,350.9
US.TSLA,Tesla,2025-09-10 10:50:00,351.979,353.25,353.33,351.45,0.0,0.0,1957005.0,689894992.761,0.365093120054558,351.965
US.TSLA,Tesla,2025-09-10 10:55:00,353.2271,353.85,353.85,352.65,0.0,0.0,1471037.0,519812459.558,0.1698513800424693,353.25
US.TSLA,Tesla,2025-09-10 11:00:00,353.73,355.39,355.5,353.7051,0.0,0.0,1951222.0,691797979.008,0.43521266073193826,353.85
US.TSLA,Tesla,2025-09-10 11:05:00,355.42,355.0301,355.87,354.3001,0.0,0.0,1940002.0,688985820.411,-0.10126902839133964,355.39
US.TSLA,Tesla,2025-09-10 11:10:00,355.0252,355.055,355.239,354.0502,0.0,0.0,1146134.0,406487245.237,0.007013489842129545,355.0301
US.TSLA,Tesla,2025-09-10 11:15:00,355.055,356.02,356.06,354.63,0.0,0.0,1197983.0,425557130.098,0.2717888777794919,355.055
US.TSLA,Tesla,2025-09-10 11:20:00,356.02,354.825,356.33,354.75,0.0,0.0,1296686.0,461226006.354,-0.33565530026402823,356.02
US.TSLA,Tesla,2025-09-10 11:25:00,354.81,354.7,355.0,354.1701,0.0,0.0,881106.0,312479865.579,-0.035228633833579936,354.825
US.TSLA,Tesla,2025-09-10 11:30:00,354.74,354.6703,354.9,354.02,0.0,0.0,724883.0,257027571.475,-0.008373273188607607,354.7
US.TSLA,Tesla,2025-09-10 11:35:00,354.72,353.85,354.79,353.5,0.0,0.0,845854.0,299376671.597,-0.23128522461564296,354.6703
US.TSLA,Tesla,2025-09-10 11:40:00,353.835,354.68,354.75,353.6226,0.0,0.0,659431.0,233519988.792,0.23456266779708465,353.85
US.TSLA,Tesla,2025-09-10 11:45:00,354.7199,355.15,355.1799,354.37,0.0,0.0,614668.0,218087715.836,0.1325138152700943,354.68
US.TSLA,Tesla,2025-09-10 11:50:00,355.15,354.77,355.1551,354.5401,0.0,0.0,478570.0,169819726.533,-0.10699704350274404,355.15
US.TSLA,Tesla,2025-09-10 11:55:00,354.79,355.17,355.8,354.68,0.0,0.0,735101.0,261184542.209,0.11274910505398826,354.77
US.TSLA,Tesla,2025-09-10 12:00:00,355.19,354.85,355.3997,354.8144,0.0,0.0,591483.0,210027252.901,-0.09009769969310279,355.17
US.TSLA,Tesla,2025-09-10 12:05:00,354.8773,354.65,355.0859,354.2,0.0,0.0,567208.0,201176873.945,-0.056361843032279965,354.85
US.TSLA,Tesla,2025-09-10 12:10:00,354.66,354.4401,354.93,354.24,0.0,0.0,417187.0,147935108.777,-0.05918511208233601,354.65
US.TSLA,Tesla,2025-09-10 12:15:00,354.52,354.295,354.72,354.01,0.0,0.0,401395.0,142233699.858,-0.040937805852090864,354.4401
US.TSLA,Tesla,2025-09-10 12:20:00,354.2855,354.2099,354.85,354.03,0.0,0.0,438123.0,155297728.169,-0.024019531746146933,354.295
US.TSLA,Tesla,2025-09-10 12:25:00,354.1996,353.82,354.24,353.58,0.0,0.0,523676.0,185280288.187,-0.11007597472572378,354.2099
US.TSLA,Tesla,2025-09-10 12:30:00,353.83,354.233,354.4,353.51,0.0,0.0,607105.0,214885412.724,0.1167260188796594,353.82
US.TSLA,Tesla,2025-09-10 12:35:00,354.24,354.37,354.68,354.03,0.0,0.0,456643.0,161792788.326,0.03867510932070148,354.233
US.TSLA,Tesla,2025-09-10 12:40:00,354.355,353.9432,354.69,353.87,0.0,0.0,411459.0,145809436.484,-0.12043908908768075,354.37
US.TSLA,Tesla,2025-09-10 12:45:00,353.96,352.73,354.05,352.69,0.0,0.0,721848.0,255094012.661,-0.3427668620275717,353.9432
US.TSLA,Tesla,2025-09-10 12:50:00,352.755,353.175,353.38,352.72,0.0,0.0,516452.0,182341143.208,0.12615881835964993,352.73
US.TSLA,Tesla,2025-09-10 12:55:00,353.175,353.96,354.14,353.06,0.0,0.0,453761.0,160495612.12,0.22226941318042562,353.175
US.TSLA,Tesla,2025-09-10 13:00:00,353.97,354.23,354.3,353.9101,0.0,0.0,698264.0,247195806.386,0.07627980562776547,353.96
US.TSLA,Tesla,2025-09-10 13:05:00,354.27,355.0041,355.3815,354.12,0.0,0.0,792338.0,281091108.386,0.21853033339919709,354.23
US.TSLA,Tesla,2025-09-10 13:10:00,355.0101,354.6448,355.18,354.5456,0.0,0.0,394614.0,140044071.173,-0.10121009870027384,355.0041
US.TSLA,Tesla,2025-09-10 13:15:00,354.69,354.75,354.97,354.44,0.0,0.0,553450.0,196386465.099,0.02966348301174156,354.6448
US.TSLA,Tesla,2025-09-10 13:20:00,354.76,354.4192,354.88,354.33,0.0,0.0,282291.0,100113832.25,-0.09324876673714183,354.75
US.TSLA,Tesla,2025-09-10 13:25:00,354.43,354.6659,354.8,354.316322,0.0,0.0,338415.0,119974740.741,0.06960683845571362,354.4192
US.TSLA,Tesla,2025-09-10 13:30:00,354.64,354.26,354.9,354.1,0.0,0.0,396403.0,140517146.117,-0.11444573611391198,354.6659
US.TSLA,Tesla,2025-09-10 13:35:00,354.29,354.64,354.7,353.8401,0.0,0.0,438206.0,155201841.431,0.10726584994072022,354.26
US.TSLA,Tesla,2025-09-10 13:40:00,354.62,354.45,354.89,354.15,0.0,0.0,439535.0,155863736.118,-0.05357545680126261,354.64
US.TSLA,Tesla,2025-09-10 13:45:00,354.43,354.97,355.1,354.37,0.0,0.0,470010.0,166795426.498,0.14670616448019147,354.45
US.TSLA,Tesla,2025-09-10 13:50:00,354.96,355.611,355.67,354.83,0.0,0.0,601585.0,213752889.63,0.1805786404484781,354.97
US.TSLA,Tesla,2025-09-10 13:55:00,355.64,355.1,356.28,355.0055,0.0,0.0,1065175.0,378982212.63,-0.14369634235160536,355.611
US.TSLA,Tesla,2025-09-10 14:00:00,355.071,354.67,355.071,354.3346,0.0,0.0,558636.0,198097928.427,-0.1210926499577603,355.1
US.TSLA,Tesla,2025-09-10 14:05:00,354.66,354.67,354.878,354.46,0.0,0.0,350430.0,124281003.059,0.0,354.67
US.TSLA,Tesla,2025-09-10 14:10:00,354.67,354.22,354.68,353.9,0.0,0.0,498305.0,176496790.314,-0.1268785067809481,354.67
US.TSLA,Tesla,2025-09-10 14:15:00,354.2,354.19,354.45,353.77,0.0,0.0,443409.0,157002729.267,-0.00846931285642526,354.22
US.TSLA,Tesla,2025-09-10 14:20:00,354.19,353.5679,354.27,353.43,0.0,0.0,444034.0,157131491.301,-0.1756401931166857,354.19
US.TSLA,Tesla,2025-09-10 14:25:00,353.57,354.12,354.2,353.459,0.0,0.0,523936.0,185410622.911,0.15615105330546009,353.5679
US.TSLA,Tesla,2025-09-10 14:30:00,354.15,353.6542,354.27,353.21,0.0,0.0,564024.0,199464486.539,-0.13153733197786105,354.12
US.TSLA,Tesla,2025-09-10 14:35:00,353.6399,354.175,354.38,353.42,0.0,0.0,456566.0,161573071.262,0.1472624953980494,353.6542
US.TSLA,Tesla,2025-09-10 14:40:00,354.15,353.8227,354.4432,353.78,0.0,0.0,466279.0,165117150.074,-0.09947060069175233,354.175
US.TSLA,Tesla,2025-09-10 14:45:00,353.85,352.72,353.8799,352.5701,0.0,0.0,696673.0,245962252.363,-0.3116532658871153,353.8227
US.TSLA,Tesla,2025-09-10 14:50:00,352.7068,351.77,352.96,351.49,0.0,0.0,853901.0,300580110.003,-0.2693354502154812,352.72
US.TSLA,Tesla,2025-09-10 14:55:00,351.75,351.6599,351.81,351.0,0.0,0.0,731635.0,257073616.403,-0.03129886005059799,351.77
US.TSLA,Tesla,2025-09-10 15:00:00,351.66,351.3099,351.66,351.11,0.0,0.0,608953.0,214002562.34,-0.09952798143887487,351.6599
US.TSLA,Tesla,2025-09-10 15:05:00,351.305,350.62,351.57,350.31,0.0,0.0,731716.0,256675582.787,-0.19637932207433462,351.3099
US.TSLA,Tesla,2025-09-10 15:10:00,350.58,349.604,350.77,349.43,0.0,0.0,936401.0,327765675.572,-0.2897724031715303,350.62
US.TSLA,Tesla,2025-09-10 15:15:00,349.6,348.0716,349.61,347.99,0.0,0.0,1247302.0,434772755.476,-0.4383245042962882,349.604
US.TSLA,Tesla,2025-09-10 15:20:00,348.09,348.435,348.5499,347.6301,0.0,0.0,1174438.0,408923647.891,0.10440380657313404,348.0716
US.TSLA,Tesla,2025-09-10 15:25:00,348.42,347.68,348.45,347.2,0.0,0.0,1020473.0,354756135.495,-0.2166831690272204,348.435
US.TSLA,Tesla,2025-09-10 15:30:00,347.695,347.45,348.2,347.16,0.0,0.0,811953.0,282244444.777,-0.06615278416935635,347.68
US.TSLA,Tesla,2025-09-10 15:35:00,347.48,348.37,348.64,347.39,0.0,0.0,836182.0,291077580.259,0.2647863001870818,347.45
US.TSLA,Tesla,2025-09-10 15:40:00,348.41,348.32,349.0,348.24,0.0,0.0,826058.0,287947560.624,-0.014352556190260749,348.37
US.TSLA,Tesla,2025-09-10 15:45:00,348.34,349.47,349.5,348.11,0.0,0.0,962111.0,335731296.201,0.33015617822692755,348.32
US.TSLA,Tesla,2025-09-10 15:50:00,349.432,349.4318,349.7299,349.07,0.0,0.0,690560.0,241270072.127,-0.01093083812631057,349.47
US.TSLA,Tesla,2025-09-10 15:55:00,349.5,349.3,350.26,348.77,0.0,0.0,1211504.0,423809302.126,-0.03771837594632153,349.4318
US.TSLA,Tesla,2025-09-10 16:00:00,349.34,347.79,349.4,347.62,0.0,0.0,4226350.0,1471032720.953,-0.43229315774405697,349.3
US.TSLA,Tesla,2025-09-11 09:35:00,350.17,350.1726,350.45,348.2501,0.0,0.0,2034447.0,710860567.268,0.6850685758647368,347.79
US.TSLA,Tesla,2025-09-11 09:40:00,350.25,349.38,351.43,348.8,0.0,0.0,1620112.0,567051773.372,-0.22634552217963172,350.1726
US.TSLA,Tesla,2025-09-11 09:45:00,349.34,349.0,349.8199,347.6,0.0,0.0,1425384.0,497026144.34,-0.10876409639933467,349.38
US.TSLA,Tesla,2025-09-11 09:50:00,348.9801,349.22,350.3,348.31,0.0,0.0,1258153.0,439705322.861,0.06303724928367543,349.0
US.TSLA,Tesla,2025-09-11 09:55:00,349.215,350.89,351.47,349.2104,0.0,0.0,1329418.0,466146877.291,0.4782085791191681,349.22
US.TSLA,Tesla,2025-09-11 10:00:00,350.89,351.485,352.22,350.21,0.0,0.0,1681705.0,590968221.16,0.16956881073841584,350.89
US.TSLA,Tesla,2025-09-11 10:05:00,351.4974,351.3601,351.72,350.65,0.0,0.0,1022816.0,359245338.547,-0.03553494459223725,351.485
US.TSLA,Tesla,2025-09-11 10:10:00,351.395,353.56,353.69,351.34,0.0,0.0,1703529.0,600895508.428,0.6261097944815059,351.3601
US.TSLA,Tesla,2025-09-11 10:15:00,353.61,354.646,355.65,353.53,0.0,0.0,2487836.0,882399592.207,0.30716144360222103,353.56
US.TSLA,Tesla,2025-09-11 10:20:00,354.66,354.22,355.3899,353.66,0.0,0.0,1962464.0,695718338.278,-0.1201197814158309,354.646
US.TSLA,Tesla,2025-09-11 10:25:00,354.18,357.0709,357.35,353.84,0.0,0.0,2540926.0,905163282.053,0.8048388007452902,354.22
US.TSLA,Tesla,2025-09-11 10:30:00,357.12,358.88,359.2799,356.76,0.0,0.0,3011238.0,1078885149.975,0.50665007985809,357.0709
US.TSLA,Tesla,2025-09-11 10:35:00,358.85,358.49,359.0,357.86,0.0,0.0,1930642.0,691933595.499,-0.10867142220240368,358.88
US.TSLA,Tesla,2025-09-11 10:40:00,358.4485,357.51,358.915,357.02,0.0,0.0,1537483.0,550221972.814,-0.2733688526876672,358.49
US.TSLA,Tesla,2025-09-11 10:45:00,357.5008,357.895,358.88,357.35,0.0,0.0,1258894.0,450978738.723,0.10768929540432182,357.51
US.TSLA,Tesla,2025-09-11 10:50:00,357.895,358.3502,358.59,357.42,0.0,0.0,1196508.0,428310382.205,0.12718814177342258,357.895
US.TSLA,Tesla,2025-09-11 10:55:00,358.4,359.74,359.95,358.38,0.0,0.0,2208403.0,793648764.55,0.3878329075859415,358.3502
US.TSLA,Tesla,2025-09-11 11:00:00,359.74,358.81,360.55,358.01,0.0,0.0,2194837.0,788314613.732,-0.25852004225274,359.74
US.TSLA,Tesla,2025-09-11 11:05:00,358.8101,359.02,359.75,358.38,0.0,0.0,937729.0,336697143.226,0.058526796912009016,358.81
US.TSLA,Tesla,2025-09-11 11:10:00,359.03,359.9101,360.38,358.8,0.0,0.0,1432326.0,515364976.981,0.2479249066904401,359.02
US.TSLA,Tesla,2025-09-11 11:15:00,359.94,362.035,362.69,359.51,0.0,0.0,2773820.0,1002454894.531,0.5903974353595592,359.9101
US.TSLA,Tesla,2025-09-11 11:20:00,362.0501,363.15,363.3,361.82,0.0,0.0,2083944.0,755845122.058,0.3079812725288859,362.035
US.TSLA,Tesla,2025-09-11 11:25:00,363.14,362.4501,363.24,361.8801,0.0,0.0,1446682.0,524533763.847,-0.19273027674513477,363.15
US.TSLA,Tesla,2025-09-11 11:30:00,362.45,361.63,363.0,361.47,0.0,0.0,1336329.0,484011477.458,-0.22626562939285297,362.4501
US.TSLA,Tesla,2025-09-11 11:35:00,361.61,361.14,361.77,360.83,0.0,0.0,1114358.0,402628097.801,-0.1354976080524318,361.63
US.TSLA,Tesla,2025-09-11 11:40:00,361.14,361.67,362.04,360.95,0.0,0.0,953320.0,344725168.731,0.14675749017002537,361.14
US.TSLA,Tesla,2025-09-11 11:45:00,361.66,362.4408,362.7,361.53,0.0,0.0,774261.0,280480128.617,0.21312245970083457,361.67
US.TSLA,Tesla,2025-09-11 11:50:00,362.42,362.51,362.8,362.07,0.0,0.0,731952.0,265345217.593,0.01909277321978282,362.4408
US.TSLA,Tesla,2025-09-11 11:55:00,362.52,362.25,363.57,362.2,0.0,0.0,1376921.0,499784838.213,-0.07172215938870401,362.51
US.TSLA,Tesla,2025-09-11 12:00:00,362.285,362.4238,362.7496,361.85,0.0,0.0,850618.0,308193136.116,0.0479779158040106,362.25
US.TSLA,Tesla,2025-09-11 12:05:00,362.435,361.72,362.54,361.59,0.0,0.0,825551.0,298788856.625,-0.19419254475009673,362.4238
US.TSLA,Tesla,2025-09-11 12:10:00,361.714,362.2751,362.5386,361.52,0.0,0.0,750207.0,271575953.711,0.15346124073868783,361.72
US.TSLA,Tesla,2025-09-11 12:15:00,362.27,362.565,362.7399,362.02,0.0,0.0,590137.0,213846862.572,0.08002206058323873,362.2751
US.TSLA,Tesla,2025-09-11 12:20:00,362.5763,362.75,362.8,362.2,0.0,0.0,534034.0,193592750.797,0.051025333388496484,362.565
US.TSLA,Tesla,2025-09-11 12:25:00,362.7483,361.81,362.88,361.66,0.0,0.0,635839.0,230321894.232,-0.25913163335630535,362.75
US.TSLA,Tesla,2025-09-11 12:30:00,361.79,360.409,361.87,360.32,0.0,0.0,919527.0,332047752.604,-0.3872198115032781,361.81
US.TSLA,Tesla,2025-09-11 12:35:00,360.41,360.952,361.0999,360.3001,0.0,0.0,801387.0,289066823.637,0.15066216437436533,360.409
US.TSLA,Tesla,2025-09-11 12:40:00,360.94,360.55,360.94,360.24,0.0,0.0,670854.0,241877350.646,-0.11137214920543086,360.952
US.TSLA,Tesla,2025-09-11 12:45:00,360.5493,360.5927,360.9164,360.27,0.0,0.0,492766.0,177705599.378,0.011843017611972815,360.55
US.TSLA,Tesla,2025-09-11 12:50:00,360.56,361.19,361.3398,360.18,0.0,0.0,548211.0,197740475.009,0.16564395230408668,360.5927
US.TSLA,Tesla,2025-09-11 12:55:00,361.2194,361.345,361.73,360.95,0.0,0.0,883413.0,319038825.738,0.04291370192974046,361.19
US.TSLA,Tesla,2025-09-11 13:00:00,361.3426,361.82,361.84,361.11,0.0,0.0,547946.0,198040403.459,0.13145332023411582,361.345
US.TSLA,Tesla,2025-09-11 13:05:00,361.8,362.0568,362.33,361.66,0.0,0.0,712938.0,258119592.337,0.06544690730197793,361.82
US.TSLA,Tesla,2025-09-11 13:10:00,362.1,362.43,362.58,361.93,0.0,0.0,464027.0,168096246.881,0.10307774912665557,362.0568
US.TSLA,Tesla,2025-09-11 13:15:00,362.4699,363.0901,363.25,362.14,0.0,0.0,884212.0,320829018.937,0.18213172198769415,362.43
US.TSLA,Tesla,2025-09-11 13:20:00,363.105,363.61,363.8916,362.68,0.0,0.0,1031052.0,374657653.652,0.1431875999924005,363.0901
US.TSLA,Tesla,2025-09-11 13:25:00,363.68,364.09,364.27,363.2604,0.0,0.0,1118608.0,406939261.344,0.13200957069386468,363.61
US.TSLA,Tesla,2025-09-11 13:30:00,364.08,364.0891,364.32,363.63,0.0,0.0,1080439.0,393306283.033,-0.0002471916284439164,364.09
US.TSLA,Tesla,2025-09-11 13:35:00,364.085,363.99,364.18,363.66,0.0,0.0,711015.0,258763275.17,-0.027218612147401407,364.0891
US.TSLA,Tesla,2025-09-11 13:40:00,363.98,365.13,365.81,363.96,0.0,0.0,1794087.0,654690321.978,0.3131954174565198,363.99
US.TSLA,Tesla,2025-09-11 13:45:00,365.12,366.2,366.66,365.02,0.0,0.0,1755274.0,642739614.869,0.29304631227233946,365.13
US.TSLA,Tesla,2025-09-11 13:50:00,366.19,365.83,366.26,365.46,0.0,0.0,1159806.0,424348511.601,-0.10103768432550644,366.2
US.TSLA,Tesla,2025-09-11 13:55:00,365.87,366.44,366.57,365.53,0.0,0.0,1072643.0,392651171.55,0.1667441161195128,365.83
US.TSLA,Tesla,2025-09-11 14:00:00,366.41,366.09,366.45,365.891,0.0,0.0,679573.0,248857084.211,-0.09551359021941457,366.44
US.TSLA,Tesla,2025-09-11 14:05:00,366.05,366.355,366.3699,365.48,0.0,0.0,1004465.0,367562187.602,0.07238657160808631,366.09
US.TSLA,Tesla,2025-09-11 14:10:00,366.355,366.3725,366.5,365.88,0.0,0.0,727252.0,266304294.355,0.004776787542133745,366.355
US.TSLA,Tesla,2025-09-11 14:15:00,366.3616,367.43,367.45,366.25,0.0,0.0,1490596.0,546885697.052,0.2886406594381414,366.3725
US.TSLA,Tesla,2025-09-11 14:20:00,367.43,366.82,367.64,366.77,0.0,0.0,1181154.0,433814306.082,-0.16601801703726252,367.43
US.TSLA,Tesla,2025-09-11 14:25:00,366.8301,365.28,366.84,365.22,0.0,0.0,1284112.0,469820598.083,-0.41982443705360134,366.82
US.TSLA,Tesla,2025-09-11 14:30:00,365.285,365.26,365.69,364.778,0.0,0.0,918683.0,335473750.535,-0.005475251861580654,365.28
US.TSLA,Tesla,2025-09-11 14:35:00,365.22,365.25,365.59,364.92,0.0,0.0,696166.0,254316533.576,-0.0027377758309124747,365.26
US.TSLA,Tesla,2025-09-11 14:40:00,365.28,366.36,366.36,364.95,0.0,0.0,851582.0,311421595.234,0.30390143737166697,365.25
US.TSLA,Tesla,2025-09-11 14:45:00,366.355,366.34,366.55,366.02,0.0,0.0,756006.0,276907301.843,-0.0054591112566979615,366.36
US.TSLA,Tesla,2025-09-11 14:50:00,366.33,366.13,366.52,366.02,0.0,0.0,600155.0,219791286.101,-0.057323797565097874,366.34
US.TSLA,Tesla,2025-09-11 14:55:00,366.13,366.651,366.83,366.13,0.0,0.0,697745.0,255730379.626,0.14229918335018027,366.13
US.TSLA,Tesla,2025-09-11 15:00:00,366.6541,367.3799,367.38,366.47,0.0,0.0,923815.0,339129459.741,0.19879940324723241,366.651
US.TSLA,Tesla,2025-09-11 15:05:00,367.32,366.7501,367.55,366.655,0.0,0.0,868348.0,318800761.13,-0.1714301735070551,367.3799
US.TSLA,Tesla,2025-09-11 15:10:00,366.78,366.6352,367.2299,366.48,0.0,0.0,769406.0,282242653.243,-0.031329234811381744,366.7501
US.TSLA,Tesla,2025-09-11 15:15:00,366.625,366.12,366.75,365.77,0.0,0.0,910648.0,333518873.52,-0.14052115017870434,366.6352
US.TSLA,Tesla,2025-09-11 15:20:00,366.1,366.955,367.07,365.88,0.0,0.0,884054.0,324002619.64,0.22806730033868117,366.12
US.TSLA,Tesla,2025-09-11 15:25:00,366.94,367.14,368.35,366.86,0.0,0.0,1815764.0,667805750.313,0.05041490100966121,366.955
US.TSLA,Tesla,2025-09-11 15:30:00,367.1145,367.065,367.32,366.39,0.0,0.0,1213817.0,445336485.148,-0.02042817453832016,367.14
US.TSLA,Tesla,2025-09-11 15:35:00,367.07,366.62,367.36,366.5,0.0,0.0,790596.0,290113660.608,-0.12123193439853791,367.065
US.TSLA,Tesla,2025-09-11 15:40:00,366.63,366.205,366.765,366.15,0.0,0.0,871994.0,319498899.116,-0.11319622497409319,366.62
US.TSLA,Tesla,2025-09-11 15:45:00,366.2,366.05,366.66,365.82,0.0,0.0,896878.0,328368936.519,-0.042326019579189994,366.205
US.TSLA,Tesla,2025-09-11 15:50:00,366.05,366.7399,366.74,366.01,0.0,0.0,906655.0,332109175.952,0.1884715202841049,366.05
US.TSLA,Tesla,2025-09-11 15:55:00,366.72,367.88,368.1,366.62,0.0,0.0,1745246.0,641002745.277,0.31087427356554825,366.7399
US.TSLA,Tesla,2025-09-11 16:00:00,367.91,368.81,368.99,367.3,0.0,0.0,7206191.0,2656031770.757,0.2527998260302291,367.88
US.TSLA,Tesla,2025-09-12 09:35:00,370.94,374.34,374.71,370.24,0.0,0.0,5202684.0,1939794526.775,1.4994170440063914,368.81
US.TSLA,Tesla,2025-09-12 09:40:00,374.3022,376.98,377.5165,373.57,0.0,0.0,4583960.0,1723883551.508,0.7052412245552288,374.34
US.TSLA,Tesla,2025-09-12 09:45:00,377.02,378.14,379.55,376.86,0.0,0.0,3901714.0,1476393647.684,0.3077086317576445,376.98
US.TSLA,Tesla,2025-09-12 09:50:00,378.16,381.17,381.29,377.68,0.0,0.0,3901741.0,1480937734.561,0.8012905273179324,378.14
US.TSLA,Tesla,2025-09-12 09:55:00,381.188,384.115,384.22,380.42,0.0,0.0,4460279.0,1704961267.844,0.772621140173674,381.17
US.TSLA,Tesla,2025-09-12 10:00:00,384.115,384.56,386.99,383.3401,0.0,0.0,5992034.0,2307875117.586,0.11585072178904576,384.115
US.TSLA,Tesla,2025-09-12 10:05:00,384.585,385.965,387.5,383.9,0.0,0.0,4471150.0,1726202265.408,0.36535261077594466,384.56
US.TSLA,Tesla,2025-09-12 10:10:00,385.99,387.865,387.9,384.87,0.0,0.0,3604101.0,1392984502.071,0.49227261539259626,385.965
US.TSLA,Tesla,2025-09-12 10:15:00,387.857,386.72,388.49,386.13,0.0,0.0,3254096.0,1260614796.235,-0.2952058061438856,387.865
US.TSLA,Tesla,2025-09-12 10:20:00,386.6678,386.38,387.2,385.18,0.0,0.0,2893701.0,1117582656.262,-0.08791890773687211,386.72
US.TSLA,Tesla,2025-09-12 10:25:00,386.4,388.23,388.27,386.11,0.0,0.0,2630102.0,1018534977.157,0.47880325068585916,386.38
US.TSLA,Tesla,2025-09-12 10:30:00,388.23,391.765,392.4288,388.14,0.0,0.0,5360579.0,2095177581.758,0.9105427195219247,388.23
US.TSLA,Tesla,2025-09-12 10:35:00,391.8,393.0101,394.19,391.32,0.0,0.0,4205281.0,1652043794.716,0.31781807971616566,391.765
US.TSLA,Tesla,2025-09-12 10:40:00,393.04,389.9806,393.7499,389.44,0.0,0.0,3584325.0,1403165952.335,-0.7708453294202977,393.0101
US.TSLA,Tesla,2025-09-12 10:45:00,390.02,387.875,390.612,386.9,0.0,0.0,3456104.0,1342326811.354,-0.5399242936699881,389.9806
US.TSLA,Tesla,2025-09-12 10:50:00,387.9,389.17,390.35,387.6,0.0,0.0,2700217.0,1050134344.083,0.3338704479535974,387.875
US.TSLA,Tesla,2025-09-12 10:55:00,389.19,389.3436,389.72,388.11,0.0,0.0,1833018.0,712990007.942,0.0446077549656872,389.17
US.TSLA,Tesla,2025-09-12 11:00:00,389.4,389.6101,389.86,388.5,0.0,0.0,1516221.0,590118782.805,0.0684485374871984,389.3436
US.TSLA,Tesla,2025-09-12 11:05:00,389.65,390.04,390.61,389.02,0.0,0.0,1676177.0,653634216.716,0.11034108202021249,389.6101
US.TSLA,Tesla,2025-09-12 11:10:00,390.04,390.54,390.8,388.91,0.0,0.0,1563866.0,609637077.992,0.12819198030971182,390.04
US.TSLA,Tesla,2025-09-12 11:15:00,390.53,389.2701,391.75,389.02,0.0,0.0,1952224.0,762540606.933,-0.3251651559379338,390.54
US.TSLA,Tesla,2025-09-12 11:20:00,389.2388,388.165,389.97,388.13,0.0,0.0,1376297.0,535594785.996,-0.2838902859479814,389.2701
US.TSLA,Tesla,2025-09-12 11:25:00,388.1634,389.02,389.36,387.2,0.0,0.0,1725377.0,669954817.396,0.22026715443173944,388.165
US.TSLA,Tesla,2025-09-12 11:30:00,389.0201,388.225,389.2,387.93,0.0,0.0,1087765.0,422676435.113,-0.20435967302451263,389.02
US.TSLA,Tesla,2025-09-12 11:35:00,388.225,388.795,389.25,387.8,0.0,0.0,1116445.0,433969269.28,0.14682207482773987,388.225
US.TSLA,Tesla,2025-09-12 11:40:00,388.74,390.1554,390.48,388.61,0.0,0.0,1433569.0,558362701.404,0.34990161910517625,388.795
US.TSLA,Tesla,2025-09-12 11:45:00,390.17,389.745,390.219,389.09,0.0,0.0,1054548.0,410916034.823,-0.10518885551756593,390.1554
US.TSLA,Tesla,2025-09-12 11:50:00,389.745,389.8875,390.25,389.42,0.0,0.0,913675.0,356194685.796,0.03656236770195489,389.745
US.TSLA,Tesla,2025-09-12 11:55:00,389.92,390.858,390.8705,389.37,0.0,0.0,1039450.0,405480254.282,0.24891795710301445,389.8875
US.TSLA,Tesla,2025-09-12 12:00:00,390.87,391.74,392.67,390.8,0.0,0.0,1902140.0,745310228.447,0.22565739987412436,390.858
US.TSLA,Tesla,2025-09-12 12:05:00,391.74,389.8903,391.9,389.785,0.0,0.0,1350921.0,527377508.123,-0.47217542247408595,391.74
US.TSLA,Tesla,2025-09-12 12:10:00,389.935,390.6436,390.919,389.4301,0.0,0.0,1166320.0,455128661.942,0.19320819215045038,389.8903
US.TSLA,Tesla,2025-09-12 12:15:00,390.67,391.51,391.692,390.38,0.0,0.0,1071269.0,418979268.65,0.22178783935024116,390.6436
US.TSLA,Tesla,2025-09-12 12:20:00,391.55,391.96,392.33,391.26,0.0,0.0,1180110.0,462402190.331,0.11493959285841707,391.51
US.TSLA,Tesla,2025-09-12 12:25:00,391.9001,391.78,392.0795,391.21,0.0,0.0,890317.0,348726775.362,-0.045923053372794884,391.96
US.TSLA,Tesla,2025-09-12 12:30:00,391.7854,391.665,392.12,391.315,0.0,0.0,756242.0,296265194.679,-0.02935320843329222,391.78
US.TSLA,Tesla,2025-09-12 12:35:00,391.665,392.435,392.76,391.4,0.0,0.0,1069383.0,419342257.796,0.19659658126204327,391.665
US.TSLA,Tesla,2025-09-12 12:40:00,392.45,392.155,392.83,391.81,0.0,0.0,1206857.0,473501188.709,-0.0713493954412908,392.435
US.TSLA,Tesla,2025-09-12 12:45:00,392.13,393.17,393.44,391.98,0.0,0.0,1325834.0,520858504.695,0.25882622942460076,392.155
US.TSLA,Tesla,2025-09-12 12:50:00,393.1201,394.6,394.82,393.1201,0.0,0.0,2081258.0,819988063.538,0.3637103542996685,393.17
US.TSLA,Tesla,2025-09-12 12:55:00,394.615,395.42,395.99,394.37,0.0,0.0,2553161.0,1009302439.372,0.20780537252914172,394.6
US.TSLA,Tesla,2025-09-12 13:00:00,395.4242,393.61,395.4242,393.51,0.0,0.0,2392742.0,943857083.563,-0.45774113600728394,395.42
US.TSLA,Tesla,2025-09-12 13:05:00,393.5694,392.655,393.66,391.77,0.0,0.0,1581563.0,620823612.606,-0.24262594954397523,393.61
US.TSLA,Tesla,2025-09-12 13:10:00,392.6732,391.44,392.73,391.4,0.0,0.0,1255000.0,491906769.487,-0.30943194407303487,392.655
US.TSLA,Tesla,2025-09-12 13:15:00,391.4362,393.09,393.23,391.08,0.0,0.0,2411405.0,945553478.026,0.42152053954628477,391.44
US.TSLA,Tesla,2025-09-12 13:20:00,393.11,393.385,393.9598,393.03,0.0,0.0,1265048.0,497795835.062,0.07504642702689357,393.09
US.TSLA,Tesla,2025-09-12 13:25:00,393.4,394.13,394.19,392.97,0.0,0.0,992575.0,390703922.282,0.1893819032245776,393.385
US.TSLA,Tesla,2025-09-12 13:30:00,394.16,393.6,394.42,393.56,0.0,0.0,875138.0,344779779.285,-0.13447339710247194,394.13
US.TSLA,Tesla,2025-09-12 13:35:00,393.57,393.7832,394.27,393.31,0.0,0.0,1136020.0,447441995.12,0.04654471544715431,393.6
US.TSLA,Tesla,2025-09-12 13:40:00,393.78,394.065,394.57,393.35,0.0,0.0,1026870.0,404675262.617,0.07156222002360071,393.7832
US.TSLA,Tesla,2025-09-12 13:45:00,394.07,393.8482,394.26,393.2,0.0,0.0,754806.0,297168877.6,-0.05501630441677842,394.065
US.TSLA,Tesla,2025-09-12 13:50:00,393.859,394.629,394.98,393.78,0.0,0.0,935291.0,368829961.858,0.19824897003464767,393.8482
US.TSLA,Tesla,2025-09-12 13:55:00,394.65,394.515,394.88,394.21,0.0,0.0,744369.0,293719649.22,-0.028887892172149727,394.629
US.TSLA,Tesla,2025-09-12 14:00:00,394.45,394.8862,395.37,394.45,0.0,0.0,1132679.0,447338711.948,0.09409021203249243,394.515
US.TSLA,Tesla,2025-09-12 14:05:00,394.9,395.19,395.27,394.2314,0.0,0.0,1277252.0,504006405.724,0.07693355706024263,394.8862
US.TSLA,Tesla,2025-09-12 14:10:00,395.1725,395.0104,395.5,394.8101,0.0,0.0,827133.0,326825613.117,-0.04544649409144805,395.19
US.TSLA,Tesla,2025-09-12 14:15:00,395.0301,394.9401,395.31,394.73,0.0,0.0,755391.0,298374821.279,-0.017796999775203784,395.0104
US.TSLA,Tesla,2025-09-12 14:20:00,394.9748,394.9,395.4399,394.11,0.0,0.0,1186758.0,468612124.967,-0.01015343845813463,394.9401
US.TSLA,Tesla,2025-09-12 14:25:00,394.93,394.855,395.4,394.4,0.0,0.0,1885099.0,744592238.593,-0.011395289946811616,394.9
US.TSLA,Tesla,2025-09-12 14:30:00,394.88,394.96,395.37,394.55,0.0,0.0,766391.0,302679529.696,0.026592040115982155,394.855
US.TSLA,Tesla,2025-09-12 14:35:00,394.98,393.46,394.99,393.4,0.0,0.0,1134819.0,447196968.782,-0.37978529471338873,394.96
US.TSLA,Tesla,2025-09-12 14:40:00,393.442,393.9349,394.1036,392.8606,0.0,0.0,1179781.0,463993596.276,0.12069841915316624,393.46
US.TSLA,Tesla,2025-09-12 14:45:00,393.9,393.0808,394.1,393.0,0.0,0.0,946061.0,372392081.534,-0.21681247332998843,393.9349
US.TSLA,Tesla,2025-09-12 14:50:00,393.07,392.89,393.75,392.71,0.0,0.0,950125.0,373561238.578,-0.048539638669714794,393.0808
US.TSLA,Tesla,2025-09-12 14:55:00,392.88,393.32,393.5484,392.61,0.0,0.0,1035526.0,407034802.904,0.10944539183995695,392.89
US.TSLA,Tesla,2025-09-12 15:00:00,393.35,393.725,394.2991,393.05,0.0,0.0,1048187.0,412783529.542,0.10296959218957327,393.32
US.TSLA,Tesla,2025-09-12 15:05:00,393.75,395.13,395.3481,393.67,0.0,0.0,1423710.0,561951113.983,0.3568480538446816,393.725
US.TSLA,Tesla,2025-09-12 15:10:00,395.1,395.2,395.7999,394.8501,0.0,0.0,1362655.0,538672874.066,0.017715688507578056,395.13
US.TSLA,Tesla,2025-09-12 15:15:00,395.21,395.9003,395.93,394.7101,0.0,0.0,3349065.0,1324134096.156,0.17720141700405542,395.2
US.TSLA,Tesla,2025-09-12 15:20:00,395.9003,396.075,396.6899,395.5501,0.0,0.0,2128315.0,843232354.238,0.04412727143676653,395.9003
US.TSLA,Tesla,2025-09-12 15:25:00,396.075,394.92,396.18,394.54,0.0,0.0,1493356.0,590595942.652,-0.2916114372277909,396.075
US.TSLA,Tesla,2025-09-12 15:30:00,394.9,393.98,395.159,393.92,0.0,0.0,1277562.0,503888666.773,-0.23802289071204238,394.92
US.TSLA,Tesla,2025-09-12 15:35:00,393.96,393.4351,393.96,392.8101,0.0,0.0,1870569.0,735638492.841,-0.13830651302097594,393.98
US.TSLA,Tesla,2025-09-12 15:40:00,393.45,392.4,393.5,391.8801,0.0,0.0,1839087.0,722252934.924,-0.2630929472230617,393.4351
US.TSLA,Tesla,2025-09-12 15:45:00,392.32,393.2701,393.6299,392.21,0.0,0.0,1587747.0,623821862.315,0.22173802242610507,392.4
US.TSLA,Tesla,2025-09-12 15:50:00,393.32,394.4474,394.5,393.05,0.0,0.0,2077579.0,818229874.109,0.2993616855184268,393.2701
US.TSLA,Tesla,2025-09-12 15:55:00,394.46,396.235,396.38,394.46,0.0,0.0,2752288.0,1088789115.108,0.45319097045638973,394.4474
US.TSLA,Tesla,2025-09-12 16:00:00,396.21,395.94,396.5,394.54,0.0,0.0,8825892.0,3492138061.507,-0.07445076785241482,396.235
US.TSLA,Tesla,2025-09-15 09:35:00,423.13,424.0,425.7,418.93,0.0,0.0,10201399.0,4310135140.718,7.086932363489417,395.94
US.TSLA,Tesla,2025-09-15 09:40:00,423.9456,418.997,425.23,417.57,0.0,0.0,6072834.0,2557292732.946,-1.179952830188676,424.0
US.TSLA,Tesla,2025-09-15 09:45:00,418.9,416.61,420.95,416.13,0.0,0.0,5120237.0,2144311668.478,-0.5696938164235067,418.997
US.TSLA,Tesla,2025-09-15 09:50:00,416.6399,416.46,418.23,414.77,0.0,0.0,4262868.0,1774932978.095,-0.03600489666595476,416.61
US.TSLA,Tesla,2025-09-15 09:55:00,416.45,419.505,420.3599,415.05,0.0,0.0,3720979.0,1557035807.342,0.731162656677716,416.46
US.TSLA,Tesla,2025-09-15 10:00:00,419.44,418.9125,419.5399,417.11,0.0,0.0,2526870.0,1057360187.075,-0.14123788751027347,419.505
US.TSLA,Tesla,2025-09-15 10:05:00,418.88,418.1383,419.63,416.63,0.0,0.0,2335092.0,976479741.786,-0.18481186405275746,418.9125
US.TSLA,Tesla,2025-09-15 10:10:00,418.0899,421.76,422.5825,417.52,0.0,0.0,3103474.0,1305540641.776,0.8661488316186237,418.1383
US.TSLA,Tesla,2025-09-15 10:15:00,421.76,422.01,422.85,421.0,0.0,0.0,2247675.0,948454937.145,0.05927541729893778,421.76
US.TSLA,Tesla,2025-09-15 10:20:00,422.0412,419.687,423.05,419.52,0.0,0.0,2362645.0,995899747.034,-0.5504608895523754,422.01
US.TSLA,Tesla,2025-09-15 10:25:00,419.73,416.33,419.77,415.88,0.0,0.0,2646925.0,1105131155.526,-0.7998818166872044,419.687
US.TSLA,Tesla,2025-09-15 10:30:00,416.33,416.56,417.63,414.26,0.0,0.0,2878658.0,1197772069.236,0.05524463766723949,416.33
US.TSLA,Tesla,2025-09-15 10:35:00,416.55,415.894,418.32,415.8032,0.0,0.0,2335014.0,974117285.854,-0.15988092951795585,416.56
US.TSLA,Tesla,2025-09-15 10:40:00,415.855,417.7051,417.92,415.61,0.0,0.0,1349019.0,562246380.414,0.4354715384208501,415.894
US.TSLA,Tesla,2025-09-15 10:45:00,417.78,418.28,418.85,416.64,0.0,0.0,1504192.0,628297429.332,0.13763298556803757,417.7051
US.TSLA,Tesla,2025-09-15 10:50:00,418.345,418.723,418.98,418.05,0.0,0.0,1097853.0,459500224.277,0.1059099168021518,418.28
US.TSLA,Tesla,2025-09-15 10:55:00,418.6674,420.6536,420.96,418.6501,0.0,0.0,1757661.0,737930001.286,0.4610685345681918,418.723
US.TSLA,Tesla,2025-09-15 11:00:00,420.71,421.64,421.95,420.03,0.0,0.0,1921592.0,809072278.596,0.23449222828474625,420.6536
US.TSLA,Tesla,2025-09-15 11:05:00,421.65,421.6644,422.5786,421.03,0.0,0.0,1657921.0,699616389.18,0.005786927236508441,421.64
US.TSLA,Tesla,2025-09-15 11:10:00,421.78,419.315,421.81,419.04,0.0,0.0,1662553.0,698187127.039,-0.5571729555542282,421.6644
US.TSLA,Tesla,2025-09-15 11:15:00,419.315,421.04,421.212,418.86,0.0,0.0,1366742.0,574174279.982,0.41138523544352645,419.315
US.TSLA,Tesla,2025-09-15 11:20:00,421.0658,422.972,424.1273,421.02,0.0,0.0,2054420.0,868225306.505,0.45886376591296774,421.04
US.TSLA,Tesla,2025-09-15 11:25:00,422.945,421.3305,423.39,421.27,0.0,0.0,1424986.0,601858605.642,-0.3880871547052779,422.972
US.TSLA,Tesla,2025-09-15 11:30:00,421.34,422.4,423.0,421.32,0.0,0.0,1469218.0,620312084.156,0.2538387323016029,421.3305
US.TSLA,Tesla,2025-09-15 11:35:00,422.41,421.2,422.73,421.02,0.0,0.0,1046872.0,441925807.629,-0.2840909090909064,422.4
US.TSLA,Tesla,2025-09-15 11:40:00,421.2116,420.9887,422.12,420.85,0.0,0.0,925885.0,390204403.842,-0.05016619183285714,421.2
US.TSLA,Tesla,2025-09-15 11:45:00,420.965,421.3291,421.8599,420.54,0.0,0.0,849787.0,357998283.664,0.08085727716681904,420.9887
US.TSLA,Tesla,2025-09-15 11:50:00,421.33,421.4087,422.07,421.0,0.0,0.0,813701.0,343016549.498,0.018892594886046953,421.3291
US.TSLA,Tesla,2025-09-15 11:55:00,421.4001,420.88,421.81,420.01,0.0,0.0,975139.0,410392709.023,-0.12546015305332206,421.4087
US.TSLA,Tesla,2025-09-15 12:00:00,420.9299,419.565,421.11,419.5101,0.0,0.0,865519.0,363840857.961,-0.31244060064626444,420.88
US.TSLA,Tesla,2025-09-15 12:05:00,419.531,419.3648,420.19,418.77,0.0,0.0,1348995.0,565922307.99,-0.047716086899525764,419.565
US.TSLA,Tesla,2025-09-15 12:10:00,419.319,419.645,419.89,418.67,0.0,0.0,859407.0,360439547.992,0.06681533595570714,419.3648
US.TSLA,Tesla,2025-09-15 12:15:00,419.6,421.0,421.06,419.08,0.0,0.0,938910.0,394533009.025,0.3228919682112305,419.645
US.TSLA,Tesla,2025-09-15 12:20:00,420.9994,420.69,421.2,420.4,0.0,0.0,992206.0,417479882.949,-0.07363420427553498,421.0
US.TSLA,Tesla,2025-09-15 12:25:00,420.685,419.1,420.94,418.9101,0.0,0.0,901877.0,378622918.341,-0.3779505098766253,420.69
US.TSLA,Tesla,2025-09-15 12:30:00,419.1,418.5,419.2,417.4,0.0,0.0,1489338.0,622860282.551,-0.14316392269148717,419.1
US.TSLA,Tesla,2025-09-15 12:35:00,418.51,419.86,420.18,418.51,0.0,0.0,1038303.0,435567818.968,0.32497013142174763,418.5
US.TSLA,Tesla,2025-09-15 12:40:00,419.86,418.97,420.02,418.5401,0.0,0.0,699679.0,293273745.871,-0.21197542037821807,419.86
US.TSLA,Tesla,2025-09-15 12:45:00,418.96,417.6528,418.9604,417.6,0.0,0.0,900832.0,376678218.246,-0.3143900517936878,418.97
US.TSLA,Tesla,2025-09-15 12:50:00,417.6664,417.39,417.84,416.69,0.0,0.0,1148254.0,479113344.602,-0.06292307869120643,417.6528
US.TSLA,Tesla,2025-09-15 12:55:00,417.3815,417.3816,417.59,416.61,0.0,0.0,845749.0,352813133.941,-0.0020125062890808676,417.39
US.TSLA,Tesla,2025-09-15 13:00:00,417.39,416.36,417.79,415.79,0.0,0.0,1157775.0,482313403.326,-0.24476402409688833,417.3816
US.TSLA,Tesla,2025-09-15 13:05:00,416.35,416.7569,417.2,416.0,0.0,0.0,828968.0,345373996.604,0.0953261600537899,416.36
US.TSLA,Tesla,2025-09-15 13:10:00,416.79,417.615,417.87,416.7501,0.0,0.0,834539.0,348287491.127,0.20589941042368728,416.7569
US.TSLA,Tesla,2025-09-15 13:15:00,417.57,418.044,418.08,417.23,0.0,0.0,604949.0,252610268.305,0.10272619517976453,417.615
US.TSLA,Tesla,2025-09-15 13:20:00,418.01,417.085,418.08,416.59,0.0,0.0,811952.0,338684856.984,-0.2294016897742829,418.044
US.TSLA,Tesla,2025-09-15 13:25:00,417.0895,417.7192,417.9608,416.6,0.0,0.0,696280.0,290599962.688,0.1520553364422171,417.085
US.TSLA,Tesla,2025-09-15 13:30:00,417.755,417.525,418.39,417.49,0.0,0.0,721717.0,301668782.719,-0.046490561123363125,417.7192
US.TSLA,Tesla,2025-09-15 13:35:00,417.5,417.1184,418.2,416.94,0.0,0.0,782710.0,326773087.963,-0.09738339021614731,417.525
US.TSLA,Tesla,2025-09-15 13:40:00,417.1236,417.6225,417.78,416.5101,0.0,0.0,785150.0,327548161.289,0.12085297603749774,417.1184
US.TSLA,Tesla,2025-09-15 13:45:00,417.69,417.71,417.88,417.3081,0.0,0.0,643500.0,268747642.373,0.02095193625821819,417.6225
US.TSLA,Tesla,2025-09-15 13:50:00,417.73,417.67,418.12,417.3,0.0,0.0,741999.0,309961481.584,-0.009576021641800202,417.71
US.TSLA,Tesla,2025-09-15 13:55:00,417.65,416.8809,417.9,416.68,0.0,0.0,680628.0,284065554.365,-0.1889290588263507,417.67
US.TSLA,Tesla,2025-09-15 14:00:00,416.94,416.2751,417.12,416.22,0.0,0.0,843682.0,351598725.439,-0.14531728366542768,416.8809
US.TSLA,Tesla,2025-09-15 14:05:00,416.27,413.16,416.48,411.8101,0.0,0.0,2746284.0,1136294952.985,-0.7483272480145903,416.2751
US.TSLA,Tesla,2025-09-15 14:10:00,413.1809,410.4902,413.7499,410.4,0.0,0.0,2203314.0,907597093.321,-0.6461903378836309,413.16
US.TSLA,Tesla,2025-09-15 14:15:00,410.5474,411.285,412.07,410.3701,0.0,0.0,1764910.0,725675318.268,0.19362216199071483,410.4902
US.TSLA,Tesla,2025-09-15 14:20:00,411.305,409.6899,411.85,409.25,0.0,0.0,1923100.0,788699576.643,-0.3878332543127034,411.285
US.TSLA,Tesla,2025-09-15 14:25:00,409.6501,408.055,410.27,408.03,0.0,0.0,1662723.0,680358299.847,-0.3990579216133998,409.6899
US.TSLA,Tesla,2025-09-15 14:30:00,408.055,406.6793,409.15,406.6,0.0,0.0,1864186.0,760588606.786,-0.3371359253041857,408.055
US.TSLA,Tesla,2025-09-15 14:35:00,406.66,407.2715,407.7623,406.58,0.0,0.0,1754043.0,714217732.773,0.14561842709968054,406.6793
US.TSLA,Tesla,2025-09-15 14:40:00,407.31,404.3306,407.8,403.86,0.0,0.0,2404595.0,975984787.408,-0.7220981581082887,407.2715
US.TSLA,Tesla,2025-09-15 14:45:00,404.3184,406.0985,406.2799,402.43,0.0,0.0,3371141.0,1363489212.373,0.4372412080609277,404.3306
US.TSLA,Tesla,2025-09-15 14:50:00,406.13,406.0838,407.2,405.32,0.0,0.0,2232809.0,907410408.827,-0.0036198114496864236,406.0985
US.TSLA,Tesla,2025-09-15 14:55:00,406.1156,406.7528,406.85,405.21,0.0,0.0,1289746.0,523806398.075,0.16474432124600458,406.0838
US.TSLA,Tesla,2025-09-15 15:00:00,406.745,407.155,407.5,406.5,0.0,0.0,1452253.0,591150391.933,0.09888069608863012,406.7528
US.TSLA,Tesla,2025-09-15 15:05:00,407.11,407.55,407.89,406.6,0.0,0.0,1223516.0,498310525.04,0.09701465044025953,407.155
US.TSLA,Tesla,2025-09-15 15:10:00,407.558,408.8801,409.1799,407.55,0.0,0.0,1728701.0,706265138.364,0.32636486320697233,407.55
US.TSLA,Tesla,2025-09-15 15:15:00,408.86,409.39,409.85,408.57,0.0,0.0,1624251.0,664866731.186,0.12470648485948793,408.8801
US.TSLA,Tesla,2025-09-15 15:20:00,409.385,408.16,409.41,407.8,0.0,0.0,1467968.0,599506644.292,-0.300447006521889,409.39
US.TSLA,Tesla,2025-09-15 15:25:00,408.1558,407.97,408.24,406.78,0.0,0.0,1340099.0,546094192.51,-0.046550372402978664,408.16
US.TSLA,Tesla,2025-09-15 15:30:00,407.97,407.73,408.4368,407.44,0.0,0.0,1013672.0,413524728.641,-0.05882785498933968,407.97
US.TSLA,Tesla,2025-09-15 15:35:00,407.71,407.24,408.19,406.41,0.0,0.0,1251160.0,509456287.733,-0.12017756848895324,407.73
US.TSLA,Tesla,2025-09-15 15:40:00,407.2461,409.0914,409.15,407.22,0.0,0.0,1384144.0,565215632.511,0.45462135350162364,407.24
US.TSLA,Tesla,2025-09-15 15:45:00,409.09,409.08,409.6,408.74,0.0,0.0,1265350.0,517685820.372,-0.0027866633226798164,409.0914
US.TSLA,Tesla,2025-09-15 15:50:00,409.1,409.24,409.4499,408.55,0.0,0.0,1182121.0,483573680.927,0.039112154101893275,409.08
US.TSLA,Tesla,2025-09-15 15:55:00,409.2,411.0,411.24,408.85,0.0,0.0,2736890.0,1123276727.739,0.43006548724464644,409.24
US.TSLA,Tesla,2025-09-15 16:00:00,410.99,410.04,410.99,409.0601,0.0,0.0,6948691.0,2848849551.086,-0.23357664233576145,411.0
US.TSLA,Tesla,2025-09-16 09:35:00,414.495,413.6207,417.0,413.17,0.0,0.0,4137346.0,1717695593.879,0.8732562676811967,410.04
US.TSLA,Tesla,2025-09-16 09:40:00,413.61,412.5,414.4,411.43,0.0,0.0,3139627.0,1295618872.642,-0.27094872186039026,413.6207
US.TSLA,Tesla,2025-09-16 09:45:00,412.465,412.7779,413.59,411.65,0.0,0.0,2081687.0,859437809.514,0.06736969696969412,412.5
US.TSLA,Tesla,2025-09-16 09:50:00,412.827,413.1999,415.6599,412.815,0.0,0.0,2394677.0,992280845.56,0.102234155462302,412.7779
US.TSLA,Tesla,2025-09-16 09:55:00,413.145,416.61,417.94,412.94,0.0,0.0,3108753.0,1292442642.639,0.8252906159948248,413.1999
US.TSLA,Tesla,2025-09-16 10:00:00,416.575,415.99,417.84,414.85,0.0,0.0,2165155.0,901305821.107,-0.14882023955258022,416.61
US.TSLA,Tesla,2025-09-16 10:05:00,416.0,419.024,419.58,415.615,0.0,0.0,2778697.0,1162073282.354,0.7293444553955604,415.99
US.TSLA,Tesla,2025-09-16 10:10:00,418.99,416.93,419.41,416.74,0.0,0.0,2021835.0,845832248.061,-0.49973271220741394,419.024
US.TSLA,Tesla,2025-09-16 10:15:00,416.865,414.75,417.01,414.3225,0.0,0.0,1980790.0,823357147.357,-0.5228695464466473,416.93
US.TSLA,Tesla,2025-09-16 10:20:00,414.7495,413.945,415.16,413.25,0.0,0.0,1582973.0,655592554.939,-0.19409282700422106,414.75
US.TSLA,Tesla,2025-09-16 10:25:00,413.97,414.93,415.3,413.39,0.0,0.0,1147303.0,475554502.88,0.23795431760258337,413.945
US.TSLA,Tesla,2025-09-16 10:30:00,414.9999,416.2086,417.42,414.8,0.0,0.0,1601472.0,666925307.344,0.3081483623743723,414.93
US.TSLA,Tesla,2025-09-16 10:35:00,416.17,417.7,417.79,416.0113,0.0,0.0,1157054.0,482389541.823,0.35832993359579757,416.2086
US.TSLA,Tesla,2025-09-16 10:40:00,417.715,417.6,418.7,417.0,0.0,0.0,1413785.0,590953237.97,-0.02394062724442564,417.7
US.TSLA,Tesla,2025-09-16 10:45:00,417.6084,418.77,418.85,417.21,0.0,0.0,1157724.0,483981893.325,0.28017241379309366,417.6
US.TSLA,Tesla,2025-09-16 10:50:00,418.72,420.9818,421.08,417.75,0.0,0.0,2429985.0,1019789549.464,0.5281658189459703,418.77
US.TSLA,Tesla,2025-09-16 10:55:00,420.967,419.895,421.15,419.69,0.0,0.0,1578332.0,663535936.712,-0.25815842870167766,420.9818
US.TSLA,Tesla,2025-09-16 11:00:00,419.89,418.475,420.19,418.09,0.0,0.0,1279481.0,536519797.526,-0.3381797830409886,419.895
US.TSLA,Tesla,2025-09-16 11:05:00,418.51,417.2701,418.54,416.82,0.0,0.0,1302359.0,543718757.752,-0.28792639942649123,418.475
US.TSLA,Tesla,2025-09-16 11:10:00,417.31,416.839,417.85,416.56,0.0,0.0,849878.0,354679100.638,-0.10331437598812254,417.2701
US.TSLA,Tesla,2025-09-16 11:15:00,416.8599,419.615,419.65,416.74,0.0,0.0,1333032.0,557666568.01,0.6659645570592028,416.839
US.TSLA,Tesla,2025-09-16 11:20:00,419.6115,419.935,420.85,419.11,0.0,0.0,2131470.0,894242902.301,0.07626038154021976,419.615
US.TSLA,Tesla,2025-09-16 11:25:00,419.96,419.48,420.98,419.3916,0.0,0.0,1391987.0,584995621.31,-0.10835010180146548,419.935
US.TSLA,Tesla,2025-09-16 11:30:00,419.48,418.5801,420.45,418.54,0.0,0.0,1090205.0,457303671.577,-0.21452751025078723,419.48
US.TSLA,Tesla,2025-09-16 11:35:00,418.6,418.325,419.2,417.85,0.0,0.0,906577.0,379311725.966,-0.06094412992878238,418.5801
US.TSLA,Tesla,2025-09-16 11:40:00,418.39,419.133,419.16,417.95,0.0,0.0,797825.0,333855219.925,0.1931512579931854,418.325
US.TSLA,Tesla,2025-09-16 11:45:00,419.1414,417.88,419.3699,417.45,0.0,0.0,1010187.0,422382475.372,-0.29895045248166713,419.133
US.TSLA,Tesla,2025-09-16 11:50:00,417.8699,418.0748,418.45,417.0601,0.0,0.0,746780.0,311947620.105,0.04661625346989244,417.88
US.TSLA,Tesla,2025-09-16 11:55:00,418.09,418.8094,418.9999,417.62,0.0,0.0,673062.0,281581872.157,0.17571018391924134,418.0748
US.TSLA,Tesla,2025-09-16 12:00:00,418.78,419.63,419.66,418.4,0.0,0.0,896565.0,375632624.653,0.19593638538199315,418.8094
US.TSLA,Tesla,2025-09-16 12:05:00,419.6085,418.385,420.63,418.17,0.0,0.0,1325756.0,556214760.038,-0.29668994113862324,419.63
US.TSLA,Tesla,2025-09-16 12:10:00,418.38,419.9501,420.2,418.1,0.0,0.0,926958.0,388501599.311,0.37408128876513963,418.385
US.TSLA,Tesla,2025-09-16 12:15:00,419.97,419.8595,420.26,419.0833,0.0,0.0,1535478.0,644275989.505,-0.02157399176711588,419.9501
US.TSLA,Tesla,2025-09-16 12:20:00,419.8105,420.45,420.555,419.435,0.0,0.0,821415.0,344999976.157,0.14064228628861872,419.8595
US.TSLA,Tesla,2025-09-16 12:25:00,420.43,419.88,420.4859,419.668,0.0,0.0,633804.0,266198889.951,-0.13556903317873545,420.45
US.TSLA,Tesla,2025-09-16 12:30:00,419.87,420.1328,420.45,419.7201,0.0,0.0,690223.0,289938695.984,0.060207678384295346,419.88
US.TSLA,Tesla,2025-09-16 12:35:00,420.14,421.0599,421.66,420.05,0.0,0.0,1486000.0,625486860.027,0.22066832201628933,420.1328
US.TSLA,Tesla,2025-09-16 12:40:00,421.05,422.045,422.12,420.43,0.0,0.0,1251099.0,527326869.175,0.23395721131363695,421.0599
US.TSLA,Tesla,2025-09-16 12:45:00,422.01,420.57,422.0669,420.28,0.0,0.0,1058503.0,445615462.085,-0.34948879858783366,422.045
US.TSLA,Tesla,2025-09-16 12:50:00,420.5658,419.545,420.98,419.31,0.0,0.0,979527.0,411629406.495,-0.2437168604512869,420.57
US.TSLA,Tesla,2025-09-16 12:55:00,419.545,418.815,419.81,418.6,0.0,0.0,907032.0,380284229.196,-0.17399802166633332,419.545
US.TSLA,Tesla,2025-09-16 13:00:00,418.825,418.69,419.15,418.0901,0.0,0.0,758951.0,317696721.132,-0.029846113439107962,418.815
US.TSLA,Tesla,2025-09-16 13:05:00,418.6501,420.08,420.08,418.5,0.0,0.0,834820.0,350196852.793,0.3319878669182417,418.69
US.TSLA,Tesla,2025-09-16 13:10:00,420.0675,420.12,420.2899,419.65,0.0,0.0,570415.0,239573201.143,0.009521995810326716,420.08
US.TSLA,Tesla,2025-09-16 13:15:00,420.14,419.74,420.7799,419.7,0.0,0.0,1160611.0,487849773.96,-0.09045034751975517,420.12
US.TSLA,Tesla,2025-09-16 13:20:00,419.745,418.99,419.7768,418.79,0.0,0.0,628543.0,263475262.544,-0.1786820412636394,419.74
US.TSLA,Tesla,2025-09-16 13:25:00,418.99,418.57,419.15,418.4538,0.0,0.0,671791.0,281330231.303,-0.10024105587245899,418.99
US.TSLA,Tesla,2025-09-16 13:30:00,418.5798,418.7751,419.23,418.3801,0.0,0.0,465375.0,194880565.567,0.04900016723606944,418.57
US.TSLA,Tesla,2025-09-16 13:35:00,418.775,418.58,419.4947,418.25,0.0,0.0,700517.0,293529481.6,-0.046588252262377804,418.7751
US.TSLA,Tesla,2025-09-16 13:40:00,418.61,418.3,418.9843,418.01,0.0,0.0,598907.0,250649733.354,-0.06689282813320578,418.58
US.TSLA,Tesla,2025-09-16 13:45:00,418.2958,418.7456,419.1,417.86,0.0,0.0,726567.0,303988019.8,0.10652641644752882,418.3
US.TSLA,Tesla,2025-09-16 13:50:00,418.74,417.785,419.05,417.7,0.0,0.0,568110.0,237680399.404,-0.229399425331275,418.7456
US.TSLA,Tesla,2025-09-16 13:55:00,417.78,418.0921,418.34,417.5,0.0,0.0,515610.0,215445561.078,0.07350670799573734,417.785
US.TSLA,Tesla,2025-09-16 14:00:00,418.1142,417.94,418.28,417.6,0.0,0.0,426887.0,178413003.942,-0.036379544124373206,418.0921
US.TSLA,Tesla,2025-09-16 14:05:00,417.95,418.605,418.7,417.6301,0.0,0.0,548583.0,229394758.124,0.15911374838494052,417.94
US.TSLA,Tesla,2025-09-16 14:10:00,418.615,418.93,419.0779,418.2,0.0,0.0,518462.0,217084526.321,0.07763882418986601,418.605
US.TSLA,Tesla,2025-09-16 14:15:00,418.92,419.0301,419.27,418.6101,0.0,0.0,537895.0,225371556.553,0.023894206669371407,418.93
US.TSLA,Tesla,2025-09-16 14:20:00,419.01,419.68,419.77,419.0,0.0,0.0,607156.0,254614131.942,0.15509625680828235,419.0301
US.TSLA,Tesla,2025-09-16 14:25:00,419.68,419.4,419.76,419.0701,0.0,0.0,452912.0,189981395.708,-0.06671749904689991,419.68
US.TSLA,Tesla,2025-09-16 14:30:00,419.4,418.875,420.14,418.8,0.0,0.0,685373.0,287566382.505,-0.12517882689555968,419.4
US.TSLA,Tesla,2025-09-16 14:35:00,418.8601,418.79,419.04,418.41,0.0,0.0,575826.0,241092908.496,-0.020292450014916034,418.875
US.TSLA,Tesla,2025-09-16 14:40:00,418.82,418.875,418.98,418.35,0.0,0.0,438009.0,183397957.061,0.020296568685971378,418.79
US.TSLA,Tesla,2025-09-16 14:45:00,418.875,418.9601,419.29,418.67,0.0,0.0,485026.0,203238297.027,0.020316323485529402,418.875
US.TSLA,Tesla,2025-09-16 14:50:00,418.9742,419.0403,419.43,418.66,0.0,0.0,470319.0,197077313.737,0.019142634346323364,418.9601
US.TSLA,Tesla,2025-09-16 14:55:00,419.055,419.7,419.85,419.0403,0.0,0.0,625013.0,262233147.263,0.15743115876921304,419.0403
US.TSLA,Tesla,2025-09-16 15:00:00,419.71,420.1172,420.27,419.47,0.0,0.0,725602.0,304683301.971,0.09940433643079263,419.7
US.TSLA,Tesla,2025-09-16 15:05:00,420.1001,419.96,420.4999,419.45,0.0,0.0,715533.0,300497474.459,-0.03741812998849981,420.1172
US.TSLA,Tesla,2025-09-16 15:10:00,419.9576,419.86,420.53,419.71,0.0,0.0,673409.0,282870443.486,-0.023811791599191803,419.96
US.TSLA,Tesla,2025-09-16 15:15:00,419.85,420.21,420.3,419.51,0.0,0.0,690683.0,290059071.796,0.08336112037344968,419.86
US.TSLA,Tesla,2025-09-16 15:20:00,420.205,420.465,420.95,420.0,0.0,0.0,830263.0,349086365.872,0.06068394374241343,420.21
US.TSLA,Tesla,2025-09-16 15:25:00,420.47,420.235,420.67,420.122,0.0,0.0,608463.0,255808751.013,-0.0547013425612028,420.465
US.TSLA,Tesla,2025-09-16 15:30:00,420.25,420.553,420.85,419.71,0.0,0.0,762664.0,320505343.698,0.07567194545908447,420.235
US.TSLA,Tesla,2025-09-16 15:35:00,420.55,422.32,422.55,420.5,0.0,0.0,1755534.0,740327017.241,0.420161073634,420.553
US.TSLA,Tesla,2025-09-16 15:40:00,422.32,422.81,423.25,421.85,0.0,0.0,1831706.0,774015806.259,0.11602576245501256,422.32
US.TSLA,Tesla,2025-09-16 15:45:00,422.81,422.33,423.17,422.2401,0.0,0.0,1374771.0,581137478.714,-0.11352617014735182,422.81
US.TSLA,Tesla,2025-09-16 15:50:00,422.29,422.5099,422.91,421.87,0.0,0.0,1270407.0,536570423.736,0.042597021286679124,422.33
US.TSLA,Tesla,2025-09-16 15:55:00,422.52,421.64,423.03,420.9,0.0,0.0,1589662.0,670299958.433,-0.20588866675077427,422.5099
US.TSLA,Tesla,2025-09-16 16:00:00,421.76,421.62,421.9,421.16,0.0,0.0,6082506.0,2564274246.353,-0.004743382980737551,421.64
US.TSLA,Tesla,2025-09-17 09:35:00,415.75,413.9699,417.2,413.12,0.0,0.0,3505401.0,1455317141.179,-1.814453773540157,421.62
US.TSLA,Tesla,2025-09-17 09:40:00,413.9,410.6158,414.4199,410.2,0.0,0.0,2793729.0,1152492101.997,-0.8102279900060407,413.9699
US.TSLA,Tesla,2025-09-17 09:45:00,410.62,412.89,413.68,409.67,0.0,0.0,2903824.0,1196167999.781,0.5538510695399466,410.6158
US.TSLA,Tesla,2025-09-17 09:50:00,412.83,414.885,415.22,412.08,0.0,0.0,2063915.0,854156638.483,0.48317953934462077,412.89
US.TSLA,Tesla,2025-09-17 09:55:00,414.885,414.4184,415.8,414.26,0.0,0.0,1753925.0,728183448.096,-0.1124648999120169,414.885
US.TSLA,Tesla,2025-09-17 10:00:00,414.43,416.19,416.3,414.32,0.0,0.0,1501921.0,624368061.932,0.42749067126362583,414.4184
US.TSLA,Tesla,2025-09-17 10:05:00,416.2042,416.047,416.43,414.87,0.0,0.0,1401531.0,582464616.621,-0.0343593070472554,416.19
US.TSLA,Tesla,2025-09-17 10:10:00,416.01,414.8591,416.1884,414.65,0.0,0.0,1073265.0,445555172.366,-0.2855206262753999,416.047
US.TSLA,Tesla,2025-09-17 10:15:00,414.78,415.8315,416.33,414.73,0.0,0.0,1022895.0,424988854.029,0.23439283361507396,414.8591
US.TSLA,Tesla,2025-09-17 10:20:00,415.8099,415.14,416.4958,414.95,0.0,0.0,930736.0,386944817.303,-0.16629331832725974,415.8315
US.TSLA,Tesla,2025-09-17 10:25:00,415.1895,413.84,415.43,413.75,0.0,0.0,1116275.0,462959986.973,-0.3131473719709041,415.14
US.TSLA,Tesla,2025-09-17 10:30:00,413.825,412.6201,414.1699,412.25,0.0,0.0,1390607.0,574349376.127,-0.2947757587473409,413.84
US.TSLA,Tesla,2025-09-17 10:35:00,412.66,414.48,414.89,411.92,0.0,0.0,1466952.0,606533319.48,0.4507536108880878,412.6201
US.TSLA,Tesla,2025-09-17 10:40:00,414.47,414.07,414.8073,413.52,0.0,0.0,823180.0,340890899.578,-0.09891912758155398,414.48
US.TSLA,Tesla,2025-09-17 10:45:00,414.0828,413.37,414.45,412.7,0.0,0.0,782469.0,323485771.905,-0.16905354167169528,414.07
US.TSLA,Tesla,2025-09-17 10:50:00,413.395,414.3301,414.43,413.2,0.0,0.0,745764.0,308692827.724,0.23226165420809716,413.37
US.TSLA,Tesla,2025-09-17 10:55:00,414.36,414.84,415.0737,413.66,0.0,0.0,858644.0,355937740.676,0.1230661252947732,414.3301
US.TSLA,Tesla,2025-09-17 11:00:00,414.8,414.206,414.93,413.4,0.0,0.0,819607.0,339453311.597,-0.15283000674958003,414.84
US.TSLA,Tesla,2025-09-17 11:05:00,414.23,414.8901,415.53,414.1184,0.0,0.0,969874.0,402578002.335,0.16515936514681118,414.206
US.TSLA,Tesla,2025-09-17 11:10:00,414.94,416.66,416.86,414.8201,0.0,0.0,1031853.0,429131903.818,0.4265948982634213,414.8901
US.TSLA,Tesla,2025-09-17 11:15:00,416.67,418.37,418.61,416.67,0.0,0.0,1537086.0,642117198.899,0.41040656650505913,416.66
US.TSLA,Tesla,2025-09-17 11:20:00,418.3736,418.175,418.48,417.86,0.0,0.0,828267.0,346372129.849,-0.04660946052537065,418.37
US.TSLA,Tesla,2025-09-17 11:25:00,418.1402,417.01,418.18,416.88,0.0,0.0,975677.0,407266747.173,-0.2785914987744414,418.175
US.TSLA,Tesla,2025-09-17 11:30:00,417.025,417.2,417.7156,416.84,0.0,0.0,809849.0,337881914.015,0.04556245653581394,417.01
US.TSLA,Tesla,2025-09-17 11:35:00,417.17,417.6496,417.8336,416.81,0.0,0.0,712892.0,297539875.195,0.10776605944391951,417.2
US.TSLA,Tesla,2025-09-17 11:40:00,417.61,419.05,419.4,417.5708,0.0,0.0,1369894.0,573554160.771,0.33530500208787234,417.6496
US.TSLA,Tesla,2025-09-17 11:45:00,419.025,419.2801,419.48,418.24,0.0,0.0,806086.0,337580174.624,0.0549099152845706,419.05
US.TSLA,Tesla,2025-09-17 11:50:00,419.2785,418.92,419.47,418.73,0.0,0.0,642461.0,269243756.975,-0.0858853067436276,419.2801
US.TSLA,Tesla,2025-09-17 11:55:00,418.93,417.88,418.95,417.6,0.0,0.0,644417.0,269526452.007,-0.24825742385181426,418.92
US.TSLA,Tesla,2025-09-17 12:00:00,417.88,418.105,418.46,417.7501,0.0,0.0,470207.0,196612315.314,0.0538432085766303,417.88
US.TSLA,Tesla,2025-09-17 12:05:00,418.11,418.11,418.88,418.051537,0.0,0.0,537440.0,224956893.444,0.0011958718503714263,418.105
US.TSLA,Tesla,2025-09-17 12:10:00,418.1101,418.9,419.06,418.1101,0.0,0.0,566868.0,237362321.506,0.18894549281288742,418.11
US.TSLA,Tesla,2025-09-17 12:15:00,418.92,418.89,419.22,418.43,0.0,0.0,478754.0,200542555.57,-0.0023872045834306293,418.9
US.TSLA,Tesla,2025-09-17 12:20:00,418.89,419.08,419.21,418.2666,0.0,0.0,489154.0,204864009.505,0.04535796987275842,418.89
US.TSLA,Tesla,2025-09-17 12:25:00,419.1199,419.36,419.9596,419.09,0.0,0.0,698301.0,292936684.718,0.06681301899399389,419.08
US.TSLA,Tesla,2025-09-17 12:30:00,419.4099,419.5365,419.6399,418.9001,0.0,0.0,448751.0,188124769.465,0.04208794353299692,419.36
US.TSLA,Tesla,2025-09-17 12:35:00,419.555,418.34,419.555,418.33,0.0,0.0,579280.0,242571782.598,-0.2851956861917889,419.5365
US.TSLA,Tesla,2025-09-17 12:40:00,418.39,417.19,418.62,417.01,0.0,0.0,756361.0,316143905.407,-0.2748960175933397,418.34
US.TSLA,Tesla,2025-09-17 12:45:00,417.19,417.7611,417.96,416.61,0.0,0.0,766971.0,320007965.953,0.1368920635681587,417.19
US.TSLA,Tesla,2025-09-17 12:50:00,417.75,418.47,418.5899,417.4,0.0,0.0,529534.0,221317529.469,0.16969028471057462,417.7611
US.TSLA,Tesla,2025-09-17 12:55:00,418.49,419.95,420.43,418.49,0.0,0.0,1209301.0,507517990.068,0.3536693191865513,418.47
US.TSLA,Tesla,2025-09-17 13:00:00,419.9528,419.008,419.97,418.9,0.0,0.0,653887.0,274146803.557,-0.22431241814501898,419.95
US.TSLA,Tesla,2025-09-17 13:05:00,419.0513,419.7,419.83,418.87,0.0,0.0,463040.0,194118821.263,0.16515197800519496,419.008
US.TSLA,Tesla,2025-09-17 13:10:00,419.7,418.838,419.85,418.7,0.0,0.0,434124.0,181958182.074,-0.2053847986657056,419.7
US.TSLA,Tesla,2025-09-17 13:15:00,418.84,419.0742,419.27,418.63,0.0,0.0,358624.0,150244248.637,0.056394118967237124,418.838
US.TSLA,Tesla,2025-09-17 13:20:00,419.07,419.2307,419.2799,418.81,0.0,0.0,313332.0,131305923.509,0.037344222097183286,419.0742
US.TSLA,Tesla,2025-09-17 13:25:00,419.2005,419.68,419.68,418.93,0.0,0.0,366949.0,153841983.202,0.10717249476242885,419.2307
US.TSLA,Tesla,2025-09-17 13:30:00,419.675,419.7326,419.91,419.2703,0.0,0.0,435079.0,182579832.384,0.012533358749519634,419.68
US.TSLA,Tesla,2025-09-17 13:35:00,419.77,419.1283,420.25,419.0705,0.0,0.0,618476.0,259525933.573,-0.14397261494579325,419.7326
US.TSLA,Tesla,2025-09-17 13:40:00,419.1,420.11,420.16,419.02,0.0,0.0,486098.0,203922499.856,0.2342242220341574,419.1283
US.TSLA,Tesla,2025-09-17 13:45:00,420.11,419.56,420.48,419.45,0.0,0.0,636630.0,267414970.235,-0.1309180928804388,420.11
US.TSLA,Tesla,2025-09-17 13:50:00,419.5426,419.31,419.81,419.14,0.0,0.0,367325.0,154068183.585,-0.059586233196682235,419.56
US.TSLA,Tesla,2025-09-17 13:55:00,419.2885,420.16,420.19,419.19,0.0,0.0,404387.0,169689804.441,0.20271398249505682,419.31
US.TSLA,Tesla,2025-09-17 14:00:00,420.16,420.6799,420.6799,419.8107,0.0,0.0,524552.0,220410130.312,0.1237385757806431,420.16
US.TSLA,Tesla,2025-09-17 14:05:00,420.6026,424.29,424.58,417.6,0.0,0.0,3619171.0,1526741238.491,0.8581584240178923,420.6799
US.TSLA,Tesla,2025-09-17 14:10:00,424.26,418.63,424.69,418.5,0.0,0.0,2209463.0,931345276.553,-1.3339932593273527,424.29
US.TSLA,Tesla,2025-09-17 14:15:00,418.59,412.225,418.82,412.1208,0.0,0.0,3327099.0,1379659298.882,-1.5299906838974686,418.63
US.TSLA,Tesla,2025-09-17 14:20:00,412.16,416.45,416.91,411.77,0.0,0.0,2765733.0,1146968072.741,1.0249257080477812,412.225
US.TSLA,Tesla,2025-09-17 14:25:00,416.38,418.41,419.21,414.88,0.0,0.0,1982620.0,827789169.031,0.4706447352623452,416.45
US.TSLA,Tesla,2025-09-17 14:30:00,418.44,418.945,419.0819,416.81,0.0,0.0,1467303.0,613574665.12,0.12786501278649365,418.41
US.TSLA,Tesla,2025-09-17 14:35:00,418.91,416.8399,419.35,415.83,0.0,0.0,1326161.0,553521218.231,-0.5024764587236972,418.945
US.TSLA,Tesla,2025-09-17 14:40:00,416.83,415.6361,418.55,415.55,0.0,0.0,1304974.0,544191616.013,-0.2887919318664075,416.8399
US.TSLA,Tesla,2025-09-17 14:45:00,415.675,415.79,417.55,415.05,0.0,0.0,1269688.0,528465519.83,0.03702758254156015,415.6361
US.TSLA,Tesla,2025-09-17 14:50:00,415.87,416.9,417.92,414.9,0.0,0.0,1502882.0,625478706.482,0.2669616873902587,415.79
US.TSLA,Tesla,2025-09-17 14:55:00,416.7,415.4186,417.25,414.45,0.0,0.0,1589274.0,660259530.671,-0.35533701127367495,416.9
US.TSLA,Tesla,2025-09-17 15:00:00,415.35,419.7381,419.7381,415.2828,0.0,0.0,1804303.0,753632528.254,1.0397945590303246,415.4186
US.TSLA,Tesla,2025-09-17 15:05:00,419.65,422.285,422.32,419.4301,0.0,0.0,2094274.0,881632432.511,0.6067831345308065,419.7381
US.TSLA,Tesla,2025-09-17 15:10:00,422.22,423.866,424.4293,421.9106,0.0,0.0,2132973.0,903028332.56,0.3743917022863612,422.285
US.TSLA,Tesla,2025-09-17 15:15:00,423.92,422.02,424.6041,421.0909,0.0,0.0,1739770.0,735120472.151,-0.4355149976643571,423.866
US.TSLA,Tesla,2025-09-17 15:20:00,422.05,422.955,424.22,421.9902,0.0,0.0,1473956.0,623642398.591,0.22155348087768406,422.02
US.TSLA,Tesla,2025-09-17 15:25:00,422.83,425.8499,426.15,422.6,0.0,0.0,2189984.0,929872500.148,0.6844463358986197,422.955
US.TSLA,Tesla,2025-09-17 15:30:00,425.8791,427.135,427.93,425.79,0.0,0.0,2275889.0,972242092.614,0.30177299560244114,425.8499
US.TSLA,Tesla,2025-09-17 15:35:00,427.1,426.14,427.95,425.6,0.0,0.0,1798289.0,767476017.967,-0.2329474287988586,427.135
US.TSLA,Tesla,2025-09-17 15:40:00,426.17,426.955,427.7,425.86,0.0,0.0,1507097.0,643482152.469,0.1912517013188149,426.14
US.TSLA,Tesla,2025-09-17 15:45:00,426.95,427.35,428.088,426.36,0.0,0.0,1602297.0,684795074.125,0.09251560468902781,426.955
US.TSLA,Tesla,2025-09-17 15:50:00,427.325,427.4709,427.6,426.3508,0.0,0.0,1185694.0,506289538.085,0.02829062829061639,427.35
US.TSLA,Tesla,2025-09-17 15:55:00,427.55,426.78,428.312095,425.95,0.0,0.0,1937750.0,826971850.379,-0.16162503693233837,427.4709
US.TSLA,Tesla,2025-09-17 16:00:00,426.68,425.86,427.27,425.3,0.0,0.0,4532965.0,1930630669.375,-0.21556773981910096,426.78
US.TSLA,Tesla,2025-09-18 09:35:00,428.865,429.89,431.55,426.55,0.0,0.0,4070599.0,1746740341.5,0.9463203869816308,425.86
US.TSLA,Tesla,2025-09-18 09:40:00,429.81,423.79,430.09,423.67,0.0,0.0,3000041.0,1279867661.707,-1.4189676428853815,429.89
US.TSLA,Tesla,2025-09-18 09:45:00,423.74,425.61,426.23,421.95,0.0,0.0,3070577.0,1302584776.827,0.42945798626678144,423.79
US.TSLA,Tesla,2025-09-18 09:50:00,425.64,427.05,427.24,424.5,0.0,0.0,1797774.0,765774327.778,0.3383379149925983,425.61
US.TSLA,Tesla,2025-09-18 09:55:00,427.02,428.0,428.63,426.88,0.0,0.0,1977944.0,846231331.255,0.22245638683994579,427.05
US.TSLA,Tesla,2025-09-18 10:00:00,427.995,427.99,428.99,427.07,0.0,0.0,1685193.0,721310969.421,-0.002336448598128716,428.0
US.TSLA,Tesla,2025-09-18 10:05:00,427.89,427.965,428.78,426.3,0.0,0.0,1556886.0,665635861.729,-0.005841257973325103,427.99
US.TSLA,Tesla,2025-09-18 10:10:00,427.96,428.9013,429.5,427.65,0.0,0.0,1179487.0,505550083.701,0.21877957309593474,427.965
US.TSLA,Tesla,2025-09-18 10:15:00,428.96,428.21,429.47,427.95,0.0,0.0,1097786.0,470538752.509,-0.1611792736464106,428.9013
US.TSLA,Tesla,2025-09-18 10:20:00,428.2383,428.9406,429.239,426.921,0.0,0.0,1289069.0,552014809.981,0.1706172205226497,428.21
US.TSLA,Tesla,2025-09-18 10:25:00,428.98,429.3598,429.42,428.0,0.0,0.0,865639.0,371112555.38,0.09772914944399978,428.9406
US.TSLA,Tesla,2025-09-18 10:30:00,429.39,428.94,429.68,427.8,0.0,0.0,894660.0,383517782.238,-0.09777347576554891,429.3598
US.TSLA,Tesla,2025-09-18 10:35:00,428.915,428.0801,429.7,428.0101,0.0,0.0,945999.0,405816553.361,-0.20047092833496105,428.94
US.TSLA,Tesla,2025-09-18 10:40:00,428.12,428.0783,428.181,427.21,0.0,0.0,1100111.0,470552995.129,-0.00042048205464419164,428.0801
US.TSLA,Tesla,2025-09-18 10:45:00,428.0301,430.395,430.79,427.72,0.0,0.0,1456940.0,625579867.928,0.5411860400305198,428.0783
US.TSLA,Tesla,2025-09-18 10:50:00,430.34,431.52,432.2199,429.15,0.0,0.0,1955726.0,843191331.814,0.261387794932562,430.395
US.TSLA,Tesla,2025-09-18 10:55:00,431.49,428.9756,431.75,428.88,0.0,0.0,1360440.0,584983443.467,-0.5896366332962543,431.52
US.TSLA,Tesla,2025-09-18 11:00:00,429.0099,429.17,430.19,428.95,0.0,0.0,836092.0,359108652.112,0.04531726280003574,428.9756
US.TSLA,Tesla,2025-09-18 11:05:00,429.21,429.5901,430.29,428.9042,0.0,0.0,786421.0,337960514.37,0.09788661835636013,429.17
US.TSLA,Tesla,2025-09-18 11:10:00,429.66,429.56,429.89,428.45,0.0,0.0,842485.0,361616982.507,-0.007006679157644567,429.5901
US.TSLA,Tesla,2025-09-18 11:15:00,429.56,428.19,429.99,427.9,0.0,0.0,898760.0,385343917.201,-0.31893099916193424,429.56
US.TSLA,Tesla,2025-09-18 11:20:00,428.21,428.63,428.65,426.661,0.0,0.0,1255910.0,537142614.128,0.10275812139470743,428.19
US.TSLA,Tesla,2025-09-18 11:25:00,428.6581,427.3,428.85,427.11,0.0,0.0,746965.0,319645093.222,-0.3102909269066524,428.63
US.TSLA,Tesla,2025-09-18 11:30:00,427.285,424.72,427.29,424.5866,0.0,0.0,1526070.0,649783683.065,-0.6037912473671856,427.3
US.TSLA,Tesla,2025-09-18 11:35:00,424.8,426.03,426.83,424.7,0.0,0.0,1218290.0,518967556.166,0.308438500659245,424.72
US.TSLA,Tesla,2025-09-18 11:40:00,425.997,426.5739,426.72,425.15,0.0,0.0,750312.0,319609181.668,0.12766706569960046,426.03
US.TSLA,Tesla,2025-09-18 11:45:00,426.5709,424.49,426.78,423.93,0.0,0.0,1136622.0,482904540.238,-0.4885202774947017,426.5739
US.TSLA,Tesla,2025-09-18 11:50:00,424.48,425.31,425.3945,424.465,0.0,0.0,692773.0,294394072.542,0.19317298405144837,424.49
US.TSLA,Tesla,2025-09-18 11:55:00,425.315,424.44,425.32,423.9,0.0,0.0,752234.0,319335465.833,-0.20455667630669502,425.31
US.TSLA,Tesla,2025-09-18 12:00:00,424.5,425.145,425.64,424.18,0.0,0.0,753734.0,320396075.054,0.1661012157195326,424.44
US.TSLA,Tesla,2025-09-18 12:05:00,425.1671,424.92,425.83,424.52,0.0,0.0,710078.0,301962138.479,-0.052923120347167646,425.145
US.TSLA,Tesla,2025-09-18 12:10:00,424.89,421.095,425.159,420.83,0.0,0.0,1912604.0,808149743.099,-0.9001694436599804,424.92
US.TSLA,Tesla,2025-09-18 12:15:00,421.15,422.0116,422.8,420.9,0.0,0.0,1321659.0,557839887.833,0.21767059689617776,421.095
US.TSLA,Tesla,2025-09-18 12:20:00,421.94,422.52,422.73,421.66,0.0,0.0,957516.0,404345407.867,0.12047062213455617,422.0116
US.TSLA,Tesla,2025-09-18 12:25:00,422.54,423.98,424.3,422.32,0.0,0.0,925863.0,392072964.282,0.3455457729811693,422.52
US.TSLA,Tesla,2025-09-18 12:30:00,424.02,422.1951,424.05,422.1,0.0,0.0,990088.0,419240983.224,-0.4209868390018381,423.98
US.TSLA,Tesla,2025-09-18 12:35:00,422.2,423.08,423.1048,421.8,0.0,0.0,689931.0,291515639.462,0.20959504267102086,422.1951
US.TSLA,Tesla,2025-09-18 12:40:00,423.05,424.38,424.81,422.94,0.0,0.0,744602.0,315692050.952,0.3072704925782385,423.08
US.TSLA,Tesla,2025-09-18 12:45:00,424.37,425.17,425.3399,424.14,0.0,0.0,1221772.0,518302595.204,0.1861539186578115,424.38
US.TSLA,Tesla,2025-09-18 12:50:00,425.1066,424.92,425.81,424.735,0.0,0.0,744634.0,316639146.259,-0.0588000094080015,425.17
US.TSLA,Tesla,2025-09-18 12:55:00,424.8917,424.87,425.46,424.55,0.0,0.0,587215.0,249577056.514,-0.011766920832159316,424.92
US.TSLA,Tesla,2025-09-18 13:00:00,424.86,425.08,425.24,424.68,0.0,0.0,411924.0,175048637.747,0.04942688351730636,424.87
US.TSLA,Tesla,2025-09-18 13:05:00,425.09,425.68,425.85,425.07,0.0,0.0,531738.0,226248757.816,0.1411499011950745,425.08
US.TSLA,Tesla,2025-09-18 13:10:00,425.65,425.09,426.32,425.0491,0.0,0.0,676613.0,288138191.297,-0.13860176658523582,425.68
US.TSLA,Tesla,2025-09-18 13:15:00,425.0999,424.4,425.7121,424.05,0.0,0.0,741262.0,314847646.945,-0.16231856783269372,425.09
US.TSLA,Tesla,2025-09-18 13:20:00,424.3401,423.2,424.4506,422.7702,0.0,0.0,840178.0,355701293.404,-0.28275212064090216,424.4
US.TSLA,Tesla,2025-09-18 13:25:00,423.23,423.9,424.49,422.9,0.0,0.0,715116.0,302979148.422,0.16540642722116933,423.2
US.TSLA,Tesla,2025-09-18 13:30:00,423.9342,423.41,423.97,423.27,0.0,0.0,646909.0,274119540.084,-0.11559330030666486,423.9
US.TSLA,Tesla,2025-09-18 13:35:00,423.383146,423.42,423.8,422.56,0.0,0.0,588974.0,249256350.098,0.002361777001013416,423.41
US.TSLA,Tesla,2025-09-18 13:40:00,423.42,423.0815,423.5699,422.03,0.0,0.0,693846.0,293370454.219,-0.07994426337915318,423.42
US.TSLA,Tesla,2025-09-18 13:45:00,423.0653,422.69,423.36,422.6,0.0,0.0,406128.0,171772905.124,-0.09253536257198855,423.0815
US.TSLA,Tesla,2025-09-18 13:50:00,422.72,422.64,423.3099,421.93,0.0,0.0,679394.0,287058985.724,-0.011828999976344689,422.69
US.TSLA,Tesla,2025-09-18 13:55:00,422.6102,423.725,423.77,422.09,0.0,0.0,696790.0,294691148.63,0.2567196668559617,422.64
US.TSLA,Tesla,2025-09-18 14:00:00,423.72,423.5491,423.98,423.16,0.0,0.0,484259.0,205121300.027,-0.04151277361496556,423.725
US.TSLA,Tesla,2025-09-18 14:05:00,423.55,424.045,424.3,423.3301,0.0,0.0,496892.0,210628730.2,0.11708205731047618,423.5491
US.TSLA,Tesla,2025-09-18 14:10:00,424.07,424.6296,424.85,424.04,0.0,0.0,584268.0,247929165.24,0.1378627268332291,424.045
US.TSLA,Tesla,2025-09-18 14:15:00,424.62,423.345,424.62,423.08,0.0,0.0,553719.0,234623393.68,-0.3025224807691114,424.6296
US.TSLA,Tesla,2025-09-18 14:20:00,423.389,423.01,423.74,422.73,0.0,0.0,532925.0,225507378.889,-0.07913167747346404,423.345
US.TSLA,Tesla,2025-09-18 14:25:00,423.0,423.58,423.65,422.6,0.0,0.0,866841.0,366760626.342,0.1347485875038399,423.01
US.TSLA,Tesla,2025-09-18 14:30:00,423.5405,423.2,423.6,423.0,0.0,0.0,360901.0,152778981.642,-0.08971150668114534,423.58
US.TSLA,Tesla,2025-09-18 14:35:00,423.24,423.51,423.818,423.22,0.0,0.0,409312.0,173362386.239,0.07325141776937673,423.2
US.TSLA,Tesla,2025-09-18 14:40:00,423.53,423.0829,423.76,423.0,0.0,0.0,373805.0,158254529.457,-0.10084767774078435,423.51
US.TSLA,Tesla,2025-09-18 14:45:00,423.11,423.1489,423.35,422.5972,0.0,0.0,423700.0,179250535.158,0.015599779617666166,423.0829
US.TSLA,Tesla,2025-09-18 14:50:00,423.119,423.46,423.74,422.93,0.0,0.0,490338.0,207605503.294,0.07352021947828613,423.1489
US.TSLA,Tesla,2025-09-18 14:55:00,423.46,423.585,423.94,423.35,0.0,0.0,383426.0,162445379.975,0.029518726680205925,423.46
US.TSLA,Tesla,2025-09-18 15:00:00,423.6,424.32,424.76,423.45,0.0,0.0,590396.0,250528310.38,0.17351889231205395,423.585
US.TSLA,Tesla,2025-09-18 15:05:00,424.35,423.61,424.4185,422.98,0.0,0.0,716486.0,303454576.571,-0.16732654600301178,424.32
US.TSLA,Tesla,2025-09-18 15:10:00,423.58,423.45,423.93,422.91,0.0,0.0,669488.0,283491438.21,-0.037770590873686886,423.61
US.TSLA,Tesla,2025-09-18 15:15:00,423.4311,422.67,423.67,422.47,0.0,0.0,617629.0,261294117.519,-0.18420120439248383,423.45
US.TSLA,Tesla,2025-09-18 15:20:00,422.64,421.82,422.69,420.0,0.0,0.0,1695828.0,714391452.513,-0.20110251496439838,422.67
US.TSLA,Tesla,2025-09-18 15:25:00,421.85,422.15,422.4,421.6,0.0,0.0,737131.0,311066942.988,0.07823242141197291,421.82
US.TSLA,Tesla,2025-09-18 15:30:00,422.1818,422.46,422.7,421.43,0.0,0.0,883137.0,372832606.965,0.07343361364443973,422.15
US.TSLA,Tesla,2025-09-18 15:35:00,422.41,421.0974,422.49,420.8204,0.0,0.0,727368.0,306618765.622,-0.3225394120153355,422.46
US.TSLA,Tesla,2025-09-18 15:40:00,421.13,420.3401,421.54,420.32,0.0,0.0,766951.0,322800398.064,-0.17983962855149105,421.0974
US.TSLA,Tesla,2025-09-18 15:45:00,420.43,419.52,420.895,418.68,0.0,0.0,1494958.0,627261498.255,-0.19510391704241992,420.3401
US.TSLA,Tesla,2025-09-18 15:50:00,419.5259,418.945,419.74,418.52,0.0,0.0,1246733.0,522552304.262,-0.13706140350876922,419.52
US.TSLA,Tesla,2025-09-18 15:55:00,418.86,418.7601,419.1893,417.5,0.0,0.0,1741291.0,728402470.634,-0.044134671615598836,418.945
US.TSLA,Tesla,2025-09-18 16:00:00,418.73,416.85,419.1,416.56,0.0,0.0,5690941.0,2373664612.836,-0.4561322819437668,418.7601
US.TSLA,Tesla,2025-09-19 09:35:00,421.82,424.7001,425.51,421.72,0.0,0.0,5897912.0,2498388028.072,1.8831953940266277,416.85
US.TSLA,Tesla,2025-09-19 09:40:00,424.79,426.02,426.29,423.1017,0.0,0.0,2449431.0,1040821093.569,0.31078400970472136,424.7001
US.TSLA,Tesla,2025-09-19 09:45:00,426.02,425.7255,428.16,425.57,0.0,0.0,2695665.0,1150884033.623,-0.06912820994318833,426.02
US.TSLA,Tesla,2025-09-19 09:50:00,425.72,426.38,426.41,424.345,0.0,0.0,1838612.0,781605881.67,0.1537375609400857,425.7255
US.TSLA,Tesla,2025-09-19 09:55:00,426.43,428.14,428.43,425.78,0.0,0.0,2181642.0,932500497.365,0.4127773347717976,426.38
US.TSLA,Tesla,2025-09-19 10:00:00,428.14,427.78,428.625,426.71,0.0,0.0,1771507.0,757566673.242,-0.0840846452095141,428.14
US.TSLA,Tesla,2025-09-19 10:05:00,427.74,428.165,428.41,427.21,0.0,0.0,1309853.0,560422844.955,0.08999953246997236,427.78
US.TSLA,Tesla,2025-09-19 10:10:00,428.1602,427.495,429.47,427.01,0.0,0.0,1989899.0,852825239.422,-0.15648173017411882,428.165
US.TSLA,Tesla,2025-09-19 10:15:00,427.465,427.615,428.33,426.3,0.0,0.0,1445840.0,617775684.7,0.028070503748582918,427.495
US.TSLA,Tesla,2025-09-19 10:20:00,427.61,426.7427,428.37,426.6204,0.0,0.0,1079751.0,461637294.225,-0.2039919086093789,427.615
US.TSLA,Tesla,2025-09-19 10:25:00,426.7066,426.45,427.45,425.9,0.0,0.0,1130374.0,482228614.948,-0.06858933966533576,426.7427
US.TSLA,Tesla,2025-09-19 10:30:00,426.43,426.7701,427.46,425.9,0.0,0.0,900794.0,384321781.795,0.07506155469574978,426.45
US.TSLA,Tesla,2025-09-19 10:35:00,426.68,426.52,427.3789,426.35,0.0,0.0,781899.0,333726502.652,-0.05860298085550785,426.7701
US.TSLA,Tesla,2025-09-19 10:40:00,426.5281,426.7066,427.41,425.9,0.0,0.0,969899.0,413906386.379,0.043749413861014386,426.52
US.TSLA,Tesla,2025-09-19 10:45:00,426.71,425.28,427.35,425.24,0.0,0.0,844244.0,360033680.947,-0.33432808398089175,426.7066
US.TSLA,Tesla,2025-09-19 10:50:00,425.25,425.4201,425.6883,424.45,0.0,0.0,1297362.0,551527039.235,0.0329430022573406,425.28
US.TSLA,Tesla,2025-09-19 10:55:00,425.4541,425.4,425.56,424.3101,0.0,0.0,1112330.0,472682297.111,-0.0047247414967025655,425.4201
US.TSLA,Tesla,2025-09-19 11:00:00,425.45,424.786937,425.95,424.5,0.0,0.0,925042.0,393235252.563,-0.1441144804889408,425.4
US.TSLA,Tesla,2025-09-19 11:05:00,424.61,423.657,424.7858,423.37,0.0,0.0,1057935.0,448503927.545,-0.26600088222582063,424.786937
US.TSLA,Tesla,2025-09-19 11:10:00,423.61,423.66,424.25,423.4,0.0,0.0,828525.0,351109107.557,0.0007081200121897541,423.657
US.TSLA,Tesla,2025-09-19 11:15:00,423.72,422.9136,424.0,422.57,0.0,0.0,1097103.0,464073554.571,-0.176179011471475,423.66
US.TSLA,Tesla,2025-09-19 11:20:00,422.895,424.49,424.58,422.87,0.0,0.0,946400.0,400981643.631,0.37274753046485976,422.9136
US.TSLA,Tesla,2025-09-19 11:25:00,424.44,423.9139,425.11,423.7,0.0,0.0,938932.0,398618984.007,-0.13571580013663379,424.49
US.TSLA,Tesla,2025-09-19 11:30:00,423.92,423.8245,424.0599,422.965,0.0,0.0,793395.0,335976828.008,-0.02108918815825853,423.9139
US.TSLA,Tesla,2025-09-19 11:35:00,423.82,423.58,423.93,422.96,0.0,0.0,579542.0,245404453.043,-0.05768897267619413,423.8245
US.TSLA,Tesla,2025-09-19 11:40:00,423.605,423.8074,424.53,423.46,0.0,0.0,1034566.0,438552268.003,0.053685254261293905,423.58
US.TSLA,Tesla,2025-09-19 11:45:00,423.84,424.897,424.96,423.6548,0.0,0.0,1341859.0,569334615.774,0.2570979175918161,423.8074
US.TSLA,Tesla,2025-09-19 11:50:00,424.9,424.09,424.93,424.02,0.0,0.0,734168.0,311694220.949,-0.18992838264332682,424.897
US.TSLA,Tesla,2025-09-19 11:55:00,424.09,423.865,424.1199,423.49,0.0,0.0,470678.0,199462780.405,-0.053054776108836785,424.09
US.TSLA,Tesla,2025-09-19 12:00:00,423.8429,423.8517,424.15,423.12,0.0,0.0,704072.0,298267432.326,-0.0031377915138110454,423.865
US.TSLA,Tesla,2025-09-19 12:05:00,423.8538,424.8866,424.95,423.54,0.0,0.0,590092.0,250377389.416,0.2441655890491871,423.8517
US.TSLA,Tesla,2025-09-19 12:10:00,424.8884,423.4136,424.9273,423.3,0.0,0.0,1067295.0,452732390.947,-0.3466807378721789,424.8866
US.TSLA,Tesla,2025-09-19 12:15:00,423.42,423.26,423.92,422.91,0.0,0.0,621102.0,262969483.621,-0.036276586297649176,423.4136
US.TSLA,Tesla,2025-09-19 12:20:00,423.23,422.43,423.48,422.33,0.0,0.0,617757.0,261236435.396,-0.19609696167839724,423.26
US.TSLA,Tesla,2025-09-19 12:25:00,422.44,422.5611,423.34,421.87,0.0,0.0,959803.0,405490320.029,0.03103472764718499,422.43
US.TSLA,Tesla,2025-09-19 12:30:00,422.59,422.7455,423.25,422.31,0.0,0.0,553943.0,234201347.458,0.043638659592655914,422.5611
US.TSLA,Tesla,2025-09-19 12:35:00,422.745,422.9306,423.45,422.4528,0.0,0.0,499568.0,211275470.821,0.04378520883132618,422.7455
US.TSLA,Tesla,2025-09-19 12:40:00,422.9522,422.515,423.15,422.2601,0.0,0.0,834219.0,352605554.842,-0.09826671326218543,422.9306
US.TSLA,Tesla,2025-09-19 12:45:00,422.5072,422.875,423.1,422.15,0.0,0.0,497483.0,210277044.07,0.08520407559495252,422.515
US.TSLA,Tesla,2025-09-19 12:50:00,422.92,424.505,424.6792,422.91,0.0,0.0,835969.0,354251420.4,0.38545669524090936,422.875
US.TSLA,Tesla,2025-09-19 12:55:00,424.55,424.62,424.88,423.89,0.0,0.0,817632.0,347049133.357,0.027090375849520995,424.505
US.TSLA,Tesla,2025-09-19 13:00:00,424.6,423.83,424.64,423.638,0.0,0.0,722122.0,306192028.702,-0.18604870236918197,424.62
US.TSLA,Tesla,2025-09-19 13:05:00,423.86,424.16,424.6,423.7501,0.0,0.0,446961.0,189567523.396,0.07786140669609064,423.83
US.TSLA,Tesla,2025-09-19 13:10:00,424.17,424.7601,424.84,423.7,0.0,0.0,499876.0,212131361.192,0.14147963032817748,424.16
US.TSLA,Tesla,2025-09-19 13:15:00,424.7724,424.25,424.79,424.05,0.0,0.0,391046.0,165946355.884,-0.12009131742836075,424.7601
US.TSLA,Tesla,2025-09-19 13:20:00,424.25,424.03,424.4,423.72,0.0,0.0,381955.0,161987402.039,-0.05185621685327691,424.25
US.TSLA,Tesla,2025-09-19 13:25:00,424.0,424.46,424.47,423.44,0.0,0.0,363442.0,154072145.906,0.10140791925099801,424.03
US.TSLA,Tesla,2025-09-19 13:30:00,424.4799,423.5373,424.48,423.5,0.0,0.0,375189.0,159050931.649,-0.21738208547329865,424.46
US.TSLA,Tesla,2025-09-19 13:35:00,423.555,423.8325,424.24,423.51,0.0,0.0,396325.0,167971637.767,0.06969870186166974,423.5373
US.TSLA,Tesla,2025-09-19 13:40:00,423.795,423.6403,423.94,423.14,0.0,0.0,519966.0,220197405.311,-0.045348103319107685,423.8325
US.TSLA,Tesla,2025-09-19 13:45:00,423.69,423.935,424.14,423.0,0.0,0.0,455650.0,193045977.494,0.06956373130695487,423.6403
US.TSLA,Tesla,2025-09-19 13:50:00,423.94,423.6901,424.03,423.14,0.0,0.0,425450.0,180158134.7,-0.05776828995011727,423.935
US.TSLA,Tesla,2025-09-19 13:55:00,423.69,423.84,424.08,423.51,0.0,0.0,357145.0,151376241.39,0.03537963242473741,423.6901
US.TSLA,Tesla,2025-09-19 14:00:00,423.855,424.0004,424.1,423.3,0.0,0.0,420570.0,178219853.324,0.03784446961118306,423.84
US.TSLA,Tesla,2025-09-19 14:05:00,424.0001,425.21,425.78,423.76,0.0,0.0,1200273.0,509845635.952,0.285282749733247,424.0004
US.TSLA,Tesla,2025-09-19 14:10:00,425.25,425.62,426.19,425.17,0.0,0.0,1004077.0,427409291.23,0.09642294395710944,425.21
US.TSLA,Tesla,2025-09-19 14:15:00,425.5711,425.7802,425.97,425.33,0.0,0.0,557925.0,237487398.691,0.037639208683796534,425.62
US.TSLA,Tesla,2025-09-19 14:20:00,425.79,425.1716,425.7972,424.8,0.0,0.0,638072.0,271338586.192,-0.14293760019840454,425.7802
US.TSLA,Tesla,2025-09-19 14:25:00,425.2002,425.63,425.96,425.05,0.0,0.0,461283.0,196305754.13,0.10781529151993766,425.1716
US.TSLA,Tesla,2025-09-19 14:30:00,425.66,425.6999,425.78,425.32,0.0,0.0,348879.0,148466854.169,0.016422714564297225,425.63
US.TSLA,Tesla,2025-09-19 14:35:00,425.66,425.6698,425.99,425.46,0.0,0.0,373233.0,158886032.993,-0.0070707087316685905,425.6999
US.TSLA,Tesla,2025-09-19 14:40:00,425.6588,425.82,426.25,425.2672,0.0,0.0,553806.0,235779197.594,0.03528556641790982,425.6698
US.TSLA,Tesla,2025-09-19 14:45:00,425.835,425.955,426.25,425.6301,0.0,0.0,509732.0,217124811.207,0.03170353670564814,425.82
US.TSLA,Tesla,2025-09-19 14:50:00,425.965,425.525,426.1,425.32,0.0,0.0,483327.0,205750908.396,-0.10094963082954932,425.955
US.TSLA,Tesla,2025-09-19 14:55:00,425.55,424.25,425.6,424.22,0.0,0.0,636959.0,270581350.93,-0.2996298689853657,425.525
US.TSLA,Tesla,2025-09-19 15:00:00,424.28,424.25,424.6836,424.15,0.0,0.0,492778.0,209134427.322,0.0,424.25
US.TSLA,Tesla,2025-09-19 15:05:00,424.24,424.27,424.4085,423.63,0.0,0.0,596425.0,252928837.567,0.0047142015321112105,424.25
US.TSLA,Tesla,2025-09-19 15:10:00,424.2304,424.9127,424.99,424.06,0.0,0.0,477759.0,202813317.533,0.15148372498644513,424.27
US.TSLA,Tesla,2025-09-19 15:15:00,424.9594,425.7,425.9,424.9,0.0,0.0,608129.0,258725640.294,0.18528511856671173,424.9127
US.TSLA,Tesla,2025-09-19 15:20:00,425.722,425.86,426.71,425.66,0.0,0.0,982716.0,418779700.138,0.037585153864229504,425.7
US.TSLA,Tesla,2025-09-19 15:25:00,425.8441,425.7,426.28,425.63,0.0,0.0,590443.0,251527425.868,-0.03757103273376814,425.86
US.TSLA,Tesla,2025-09-19 15:30:00,425.73,425.98,426.01,425.6301,0.0,0.0,431764.0,183857050.831,0.0657740192623983,425.7
US.TSLA,Tesla,2025-09-19 15:35:00,425.99,425.985,426.13,425.2,0.0,0.0,721921.0,307365977.105,0.0011737640264790489,425.98
US.TSLA,Tesla,2025-09-19 15:40:00,426.0,425.34,426.24,425.27,0.0,0.0,661666.0,281732060.084,-0.1514137821754378,425.985
US.TSLA,Tesla,2025-09-19 15:45:00,425.34,425.5801,426.15,425.3381,0.0,0.0,813341.0,346222844.485,0.05644895848028421,425.34
US.TSLA,Tesla,2025-09-19 15:50:00,425.59,425.89,425.955,425.24,0.0,0.0,551512.0,234766092.707,0.07281825442495327,425.5801
US.TSLA,Tesla,2025-09-19 15:55:00,425.89,426.4897,427.0,425.42,0.0,0.0,1567399.0,668169626.701,0.14081100753716716,425.89
US.TSLA,Tesla,2025-09-19 16:00:00,426.47,426.07,426.54,425.84,0.0,0.0,8574543.0,3653530192.268,-0.09840800375719141,426.4897
US.TSLA,Tesla,2025-09-22 09:35:00,431.11,435.11,435.55,429.13,0.0,0.0,4954331.0,2146199900.2,2.1217170887412915,426.07
US.TSLA,Tesla,2025-09-22 09:40:00,435.13,436.6,439.8,435.0301,0.0,0.0,4521071.0,1979196527.722,0.34244214106777804,435.11
US.TSLA,Tesla,2025-09-22 09:45:00,436.65,438.5762,438.6729,435.82,0.0,0.0,2645039.0,1156652097.177,0.45263398992211373,436.6
US.TSLA,Tesla,2025-09-22 09:50:00,438.47,439.9401,440.41,437.9,0.0,0.0,3057818.0,1342993722.518,0.3109835873446852,438.5762
US.TSLA,Tesla,2025-09-22 09:55:00,440.0,440.8211,441.15,439.0696,0.0,0.0,2388684.0,1051690289.424,0.2002545346514284,439.9401
US.TSLA,Tesla,2025-09-22 10:00:00,440.82,440.915,441.21,439.2801,0.0,0.0,2051784.0,903563803.126,0.02130115822496228,440.8211
US.TSLA,Tesla,2025-09-22 10:05:00,440.915,443.236,443.85,440.34,0.0,0.0,2742252.0,1213477234.114,0.5264053162174046,440.915
US.TSLA,Tesla,2025-09-22 10:10:00,443.26,442.8599,444.44,441.98,0.0,0.0,2389816.0,1059606705.416,-0.08485321589401766,443.236
US.TSLA,Tesla,2025-09-22 10:15:00,442.8177,442.93,443.19,441.43,0.0,0.0,1796046.0,794554128.885,0.01582893371019253,442.8599
US.TSLA,Tesla,2025-09-22 10:20:00,442.895,440.945,443.15,440.69,0.0,0.0,1382657.0,611103982.745,-0.44815207820649167,442.93
US.TSLA,Tesla,2025-09-22 10:25:00,440.9498,442.84,442.98,440.86,0.0,0.0,1285788.0,568610278.166,0.4297588134574566,440.945
US.TSLA,Tesla,2025-09-22 10:30:00,442.8799,444.26,444.9159,442.4401,0.0,0.0,1974027.0,876356997.422,0.3206575738415717,442.84
US.TSLA,Tesla,2025-09-22 10:35:00,444.3005,442.905,444.98,442.64,0.0,0.0,1602197.0,711352603.384,-0.30500157565390046,444.26
US.TSLA,Tesla,2025-09-22 10:40:00,442.94,443.235,443.48,442.5127,0.0,0.0,981721.0,434889349.198,0.07450807735294046,442.905
US.TSLA,Tesla,2025-09-22 10:45:00,443.24,442.7114,443.49,442.44,0.0,0.0,1022169.0,452714870.139,-0.11813146524980826,443.235
US.TSLA,Tesla,2025-09-22 10:50:00,442.73,442.5,442.89,441.8601,0.0,0.0,949379.0,419962362.061,-0.04775119863640873,442.7114
US.TSLA,Tesla,2025-09-22 10:55:00,442.5274,441.4193,442.93,441.2,0.0,0.0,988830.0,436955165.986,-0.24422598870056023,442.5
US.TSLA,Tesla,2025-09-22 11:00:00,441.33,441.41,441.8999,440.95,0.0,0.0,896519.0,395711172.963,-0.0021068403669699284,441.4193
US.TSLA,Tesla,2025-09-22 11:05:00,441.4,440.15,442.01,439.91,0.0,0.0,1303394.0,574592025.506,-0.2854489023810171,441.41
US.TSLA,Tesla,2025-09-22 11:10:00,440.145,441.67,441.9,439.98,0.0,0.0,1143650.0,504106283.478,0.3453368169942153,440.15
US.TSLA,Tesla,2025-09-22 11:15:00,441.63,441.43,442.08,441.03,0.0,0.0,806626.0,356141171.853,-0.05433921253424708,441.67
US.TSLA,Tesla,2025-09-22 11:20:00,441.4295,441.05,442.0894,441.05,0.0,0.0,781276.0,344981486.425,-0.08608386380626497,441.43
US.TSLA,Tesla,2025-09-22 11:25:00,441.0484,441.21,441.3699,440.393302,0.0,0.0,747691.0,329611586.164,0.03627706609227257,441.05
US.TSLA,Tesla,2025-09-22 11:30:00,441.185,442.54,442.63,441.09,0.0,0.0,846835.0,374220984.311,0.3014437569411484,441.21
US.TSLA,Tesla,2025-09-22 11:35:00,442.55,441.815,442.77,441.7101,0.0,0.0,798568.0,353279022.723,-0.16382699868938913,442.54
US.TSLA,Tesla,2025-09-22 11:40:00,441.82,441.63,442.15,441.0101,0.0,0.0,680191.0,300301493.567,-0.04187272953611857,441.815
US.TSLA,Tesla,2025-09-22 11:45:00,441.68,441.13,441.71,440.77,0.0,0.0,655453.0,289157426.124,-0.11321694631252406,441.63
US.TSLA,Tesla,2025-09-22 11:50:00,441.15,441.43,441.7593,440.92,0.0,0.0,560193.0,247259268.36,0.06800716342121628,441.13
US.TSLA,Tesla,2025-09-22 11:55:00,441.47,441.2435,441.88,441.06,0.0,0.0,508457.0,224467099.717,-0.042249054210185905,441.43
US.TSLA,Tesla,2025-09-22 12:00:00,441.25,440.709,441.42,440.5,0.0,0.0,588526.0,259465145.238,-0.12113492889979796,441.2435
US.TSLA,Tesla,2025-09-22 12:05:00,440.71,440.82,440.98,439.9,0.0,0.0,799859.0,352270427.266,0.02518668781440588,440.709
US.TSLA,Tesla,2025-09-22 12:10:00,440.82,441.16,441.2,440.06,0.0,0.0,694784.0,306136763.197,0.07712898688807945,440.82
US.TSLA,Tesla,2025-09-22 12:15:00,441.15,439.035,441.57,438.75,0.0,0.0,1113785.0,490412994.119,-0.4816846495602502,441.16
US.TSLA,Tesla,2025-09-22 12:20:00,439.0316,437.9418,439.4,437.91,0.0,0.0,1252376.0,549460857.549,-0.2490006491509844,439.035
US.TSLA,Tesla,2025-09-22 12:25:00,437.945,438.355,438.92,437.78,0.0,0.0,906545.0,397360789.655,0.09435043651919446,437.9418
US.TSLA,Tesla,2025-09-22 12:30:00,438.365,438.1497,438.79,437.92,0.0,0.0,781639.0,342649150.042,-0.04683418690331408,438.355
US.TSLA,Tesla,2025-09-22 12:35:00,438.13,437.14,438.51,437.01,0.0,0.0,860363.0,376547671.958,-0.23044635201165475,438.1497
US.TSLA,Tesla,2025-09-22 12:40:00,437.142,436.525,437.47,436.36,0.0,0.0,1116511.0,487835485.312,-0.14068719403395002,437.14
US.TSLA,Tesla,2025-09-22 12:45:00,436.5,435.845,436.9,435.46,0.0,0.0,1000353.0,436313699.074,-0.15577572876695492,436.525
US.TSLA,Tesla,2025-09-22 12:50:00,435.8213,436.99,437.53,435.7023,0.0,0.0,1030774.0,450137892.322,0.26270807282405023,435.845
US.TSLA,Tesla,2025-09-22 12:55:00,437.02,435.2464,437.75,435.23,0.0,0.0,875912.0,382616735.685,-0.3990022654980697,436.99
US.TSLA,Tesla,2025-09-22 13:00:00,435.27,433.27,435.63,433.14,0.0,0.0,1611277.0,699925283.527,-0.45408761565862743,435.2464
US.TSLA,Tesla,2025-09-22 13:05:00,433.26,433.1027,433.33,431.8,0.0,0.0,1599835.0,692241544.369,-0.03861333579522116,433.27
US.TSLA,Tesla,2025-09-22 13:10:00,433.0501,432.79,433.83,432.24,0.0,0.0,1087998.0,471120369.986,-0.072199965504719,433.1027
US.TSLA,Tesla,2025-09-22 13:15:00,432.8,430.44,433.0,430.15,0.0,0.0,1457452.0,628582484.238,-0.5429885163705314,432.79
US.TSLA,Tesla,2025-09-22 13:20:00,430.38,430.3105,431.06,429.9,0.0,0.0,1389381.0,598020231.467,-0.030085493913206782,430.44
US.TSLA,Tesla,2025-09-22 13:25:00,430.28,432.25,432.39,430.06,0.0,0.0,1242460.0,535769731.935,0.45072104910291744,430.3105
US.TSLA,Tesla,2025-09-22 13:30:00,432.246,433.0,433.4,432.17,0.0,0.0,1406025.0,608600408.683,0.1735106998264893,432.25
US.TSLA,Tesla,2025-09-22 13:35:00,432.99,433.235,433.38,432.6,0.0,0.0,854795.0,370107116.03,0.054272517321019315,433.0
US.TSLA,Tesla,2025-09-22 13:40:00,433.21,434.035,434.17,433.15,0.0,0.0,992379.0,430554998.698,0.18465728761526914,433.235
US.TSLA,Tesla,2025-09-22 13:45:00,434.025,434.475,434.55,433.58,0.0,0.0,820533.0,356201952.895,0.10137431313142896,434.035
US.TSLA,Tesla,2025-09-22 13:50:00,434.4741,434.14,435.05,434.1,0.0,0.0,932949.0,405555085.513,-0.07710455147017352,434.475
US.TSLA,Tesla,2025-09-22 13:55:00,434.13,433.92,434.85,433.72,0.0,0.0,784618.0,340751932.045,-0.050674897498495984,434.14
US.TSLA,Tesla,2025-09-22 14:00:00,433.92,433.72,434.17,433.36,0.0,0.0,624362.0,270776987.433,-0.046091445427725995,433.92
US.TSLA,Tesla,2025-09-22 14:05:00,433.695,432.9801,433.8241,432.9704,0.0,0.0,597788.0,259045724.096,-0.1705939315687619,433.72
US.TSLA,Tesla,2025-09-22 14:10:00,432.9802,433.305,433.8689,432.9318,0.0,0.0,555853.0,240964227.105,0.07503809066513999,432.9801
US.TSLA,Tesla,2025-09-22 14:15:00,433.3,432.8361,433.7,432.72,0.0,0.0,566025.0,245227461.388,-0.10821476788867408,433.305
US.TSLA,Tesla,2025-09-22 14:20:00,432.82,434.01,434.3,432.72,0.0,0.0,663445.0,287692241.636,0.27121120442587926,432.8361
US.TSLA,Tesla,2025-09-22 14:25:00,433.99,433.1499,434.3,433.04,0.0,0.0,581312.0,252100139.224,-0.19817515725443852,434.01
US.TSLA,Tesla,2025-09-22 14:30:00,433.1105,433.24,433.58,432.82,0.0,0.0,511081.0,221393936.474,0.02080111296343523,433.1499
US.TSLA,Tesla,2025-09-22 14:35:00,433.2116,434.015,434.1199,432.91,0.0,0.0,542991.0,235416620.126,0.17888468285476347,433.24
US.TSLA,Tesla,2025-09-22 14:40:00,434.02,434.24,434.64,433.76,0.0,0.0,601414.0,261140501.147,0.051841526214537,434.015
US.TSLA,Tesla,2025-09-22 14:45:00,434.23,433.5508,434.23,433.52,0.0,0.0,526084.0,228277424.444,-0.15871407516581337,434.24
US.TSLA,Tesla,2025-09-22 14:50:00,433.55,433.3086,433.99,433.28,0.0,0.0,398984.0,173024314.101,-0.05586427242204799,433.5508
US.TSLA,Tesla,2025-09-22 14:55:00,433.305,433.39,433.6,433.05,0.0,0.0,385505.0,167066567.635,0.0187856876138562,433.3086
US.TSLA,Tesla,2025-09-22 15:00:00,433.39,433.4875,434.05,433.34,0.0,0.0,488495.0,211866187.979,0.02249705807702647,433.39
US.TSLA,Tesla,2025-09-22 15:05:00,433.495,433.54,434.11,433.22,0.0,0.0,490733.0,212792972.539,0.012111075867241639,433.4875
US.TSLA,Tesla,2025-09-22 15:10:00,433.53,434.01,434.22,433.49,0.0,0.0,534631.0,231997143.014,0.1084098353093072,433.54
US.TSLA,Tesla,2025-09-22 15:15:00,434.0105,433.85,434.205,433.33,0.0,0.0,651734.0,282758803.999,-0.03686551001128273,434.01
US.TSLA,Tesla,2025-09-22 15:20:00,433.83,434.42,434.48,433.7901,0.0,0.0,623542.0,270746373.389,0.13138181399100912,433.85
US.TSLA,Tesla,2025-09-22 15:25:00,434.38,435.04,435.1276,434.23,0.0,0.0,776185.0,337399523.709,0.14271902766907707,434.42
US.TSLA,Tesla,2025-09-22 15:30:00,435.06,435.775,436.0,434.94,0.0,0.0,1052845.0,458668156.983,0.16894998161087643,435.04
US.TSLA,Tesla,2025-09-22 15:35:00,435.8,435.4628,436.3,435.39,0.0,0.0,908089.0,395818539.385,-0.07164247604841067,435.775
US.TSLA,Tesla,2025-09-22 15:40:00,435.47,434.2,435.6058,434.12,0.0,0.0,867907.0,377325170.983,-0.28999032753200205,435.4628
US.TSLA,Tesla,2025-09-22 15:45:00,434.17,434.03,434.73,433.645,0.0,0.0,923774.0,401013639.953,-0.039152464302168566,434.2
US.TSLA,Tesla,2025-09-22 15:50:00,434.05,434.53,434.5799,433.6801,0.0,0.0,752880.0,326850446.837,0.11519941017901988,434.03
US.TSLA,Tesla,2025-09-22 15:55:00,434.53,434.38,435.32,433.33,0.0,0.0,1260343.0,547182624.486,-0.034520056152619445,434.53
US.TSLA,Tesla,2025-09-22 16:00:00,434.37,434.21,434.7,433.87,0.0,0.0,4260631.0,1849982462.742,-0.03913624015839033,434.38
US.TSLA,Tesla,2025-09-23 09:35:00,439.88,435.0222,440.97,434.8901,0.0,0.0,3370927.0,1476121037.892,0.18705234794224418,434.21
US.TSLA,Tesla,2025-09-23 09:40:00,434.96,435.0367,436.5,434.51,0.0,0.0,2101092.0,914942939.668,0.0033331632270716715,435.0222
US.TSLA,Tesla,2025-09-23 09:45:00,435.1307,436.51,436.66,433.83,0.0,0.0,1884294.0,820127312.926,0.3386610830764381,435.0367
US.TSLA,Tesla,2025-09-23 09:50:00,436.4633,436.31,438.99,435.8019,0.0,0.0,2091374.0,915171118.135,-0.045817965224161795,436.51
US.TSLA,Tesla,2025-09-23 09:55:00,436.31,436.095,437.92,435.61,0.0,0.0,1428144.0,623648182.011,-0.049276890284425064,436.31
US.TSLA,Tesla,2025-09-23 10:00:00,436.1147,437.5633,437.65,435.8,0.0,0.0,1201062.0,524615029.324,0.33669269310585975,436.095
US.TSLA,Tesla,2025-09-23 10:05:00,437.5601,437.45,438.24,436.4,0.0,0.0,987932.0,432090010.401,-0.0258933964525905,437.5633
US.TSLA,Tesla,2025-09-23 10:10:00,437.455,436.7439,437.455,436.1,0.0,0.0,755303.0,329873130.179,-0.16141273288375638,437.45
US.TSLA,Tesla,2025-09-23 10:15:00,436.7469,435.39,437.14,434.97,0.0,0.0,1087319.0,473874594.134,-0.30999860559014336,436.7439
US.TSLA,Tesla,2025-09-23 10:20:00,435.43,434.0,435.43,433.64,0.0,0.0,1357231.0,589709766.181,-0.3192540021589808,435.39
US.TSLA,Tesla,2025-09-23 10:25:00,434.0099,431.5264,434.9,431.4,0.0,0.0,1691317.0,732603796.629,-0.5699539170506858,434.0
US.TSLA,Tesla,2025-09-23 10:30:00,431.48,433.49,433.7699,431.1917,0.0,0.0,1544398.0,667717158.427,0.4550358911992372,431.5264
US.TSLA,Tesla,2025-09-23 10:35:00,433.59,434.6486,434.88,433.35,0.0,0.0,1128682.0,490221132.407,0.2672726014440883,433.49
US.TSLA,Tesla,2025-09-23 10:40:00,434.63,433.5642,435.1799,433.24,0.0,0.0,1029009.0,446777009.725,-0.24948889746796832,434.6486
US.TSLA,Tesla,2025-09-23 10:45:00,433.53,433.68,434.4099,433.07,0.0,0.0,728629.0,316023252.398,0.0267088472710567,433.5642
US.TSLA,Tesla,2025-09-23 10:50:00,433.6027,432.18,433.68,431.87,0.0,0.0,1108017.0,479291245.46,-0.34587714443829554,433.68
US.TSLA,Tesla,2025-09-23 10:55:00,432.19,432.45,433.15,431.6301,0.0,0.0,802431.0,346938144.041,0.062473969179504325,432.18
US.TSLA,Tesla,2025-09-23 11:00:00,432.4394,432.105,433.19,432.05,0.0,0.0,697339.0,301762231.313,-0.0797780090183768,432.45
US.TSLA,Tesla,2025-09-23 11:05:00,432.18,432.0399,432.6,431.35,0.0,0.0,879452.0,379879179.202,-0.015065782622286127,432.105
US.TSLA,Tesla,2025-09-23 11:10:00,432.01,432.835,433.0174,430.875,0.0,0.0,1080283.0,466720872.871,0.18403392834781945,432.0399
US.TSLA,Tesla,2025-09-23 11:15:00,432.8,432.8039,433.33,432.5,0.0,0.0,626723.0,271326402.505,-0.007185186040865645,432.835
US.TSLA,Tesla,2025-09-23 11:20:00,432.84,433.29,433.33,432.3101,0.0,0.0,509886.0,220729572.338,0.11231414504352243,432.8039
US.TSLA,Tesla,2025-09-23 11:25:00,433.32,433.677,433.97,433.2262,0.0,0.0,603140.0,261500167.222,0.08931662397008941,433.29
US.TSLA,Tesla,2025-09-23 11:30:00,433.67,432.5,433.85,432.31,0.0,0.0,633153.0,274095214.427,-0.2714001434247195,433.677
US.TSLA,Tesla,2025-09-23 11:35:00,432.51,433.49,433.7378,432.4,0.0,0.0,558846.0,242035357.965,0.22890173410404835,432.5
US.TSLA,Tesla,2025-09-23 11:40:00,433.4745,433.18,433.6,432.8,0.0,0.0,418512.0,181260613.243,-0.0715126069805537,433.49
US.TSLA,Tesla,2025-09-23 11:45:00,433.15,433.54,433.7899,432.69,0.0,0.0,545591.0,236432414.264,0.08310632993213299,433.18
US.TSLA,Tesla,2025-09-23 11:50:00,433.57,434.535,434.74,433.35,0.0,0.0,730965.0,317301838.342,0.22950592794205943,433.54
US.TSLA,Tesla,2025-09-23 11:55:00,434.55,434.225,434.62,433.76,0.0,0.0,594018.0,257935673.21,-0.07134062848792438,434.535
US.TSLA,Tesla,2025-09-23 12:00:00,434.2564,433.24,434.38,433.0111,0.0,0.0,515887.0,223761436.423,-0.22684092348437182,434.225
US.TSLA,Tesla,2025-09-23 12:05:00,433.29,433.96,434.2,433.2189,0.0,0.0,427584.0,185488362.438,0.16618964084571378,433.24
US.TSLA,Tesla,2025-09-23 12:10:00,433.9441,433.1416,434.39,433.1,0.0,0.0,453861.0,196909519.289,-0.18858881002857336,433.96
US.TSLA,Tesla,2025-09-23 12:15:00,433.17,433.3321,433.5625,432.76,0.0,0.0,544725.0,235910855.489,0.04398099836174654,433.1416
US.TSLA,Tesla,2025-09-23 12:20:00,433.3564,434.95,435.4687,433.32,0.0,0.0,902706.0,392333153.97,0.3733626011089331,433.3321
US.TSLA,Tesla,2025-09-23 12:25:00,434.9396,434.545,434.962,433.87,0.0,0.0,612282.0,265992242.706,-0.09311415105183876,434.95
US.TSLA,Tesla,2025-09-23 12:30:00,434.52,434.13,434.89,433.9,0.0,0.0,432797.0,187988619.806,-0.09550219194790423,434.545
US.TSLA,Tesla,2025-09-23 12:35:00,434.1799,435.12,435.3,434.15,0.0,0.0,562826.0,244757196.203,0.22804229147951283,434.13
US.TSLA,Tesla,2025-09-23 12:40:00,435.11,435.28,435.73,434.25,0.0,0.0,732436.0,318693094.046,0.0367714653428866,435.12
US.TSLA,Tesla,2025-09-23 12:45:00,435.34,434.95,436.04,434.7001,0.0,0.0,783557.0,341224090.605,-0.07581326961955158,435.28
US.TSLA,Tesla,2025-09-23 12:50:00,434.96,435.3,435.4,434.74,0.0,0.0,475541.0,206907637.112,0.08046901942752563,434.95
US.TSLA,Tesla,2025-09-23 12:55:00,435.27,435.51,435.8,435.06,0.0,0.0,470399.0,204795500.17,0.04824259131632886,435.3
US.TSLA,Tesla,2025-09-23 13:00:00,435.515,434.985,435.56,434.71,0.0,0.0,529906.0,230567504.161,-0.12054832265619096,435.51
US.TSLA,Tesla,2025-09-23 13:05:00,435.02,433.055,435.07,432.92,0.0,0.0,809409.0,351037066.28,-0.44369346069404847,434.985
US.TSLA,Tesla,2025-09-23 13:10:00,433.06,434.225,434.3,433.0,0.0,0.0,685924.0,297430764.119,0.27017353453949633,433.055
US.TSLA,Tesla,2025-09-23 13:15:00,434.18,434.999,435.1,433.64,0.0,0.0,624321.0,271179291.285,0.17824860383441782,434.225
US.TSLA,Tesla,2025-09-23 13:20:00,435.0104,435.12,435.55,434.81,0.0,0.0,647455.0,281764912.564,0.02781615589920457,434.999
US.TSLA,Tesla,2025-09-23 13:25:00,435.17,435.15,435.85,435.0,0.0,0.0,607317.0,264423449.374,0.006894649751786339,435.12
US.TSLA,Tesla,2025-09-23 13:30:00,435.07,433.665,435.21,433.62,0.0,0.0,682093.0,296230128.43,-0.3412616339193283,435.15
US.TSLA,Tesla,2025-09-23 13:35:00,433.62,433.755,434.78,433.33,0.0,0.0,738058.0,320359198.689,0.020753346477113667,433.665
US.TSLA,Tesla,2025-09-23 13:40:00,433.79,428.029,433.91,427.84,0.0,0.0,2370545.0,1020254153.258,-1.3201000564834986,433.755
US.TSLA,Tesla,2025-09-23 13:45:00,427.98,425.5412,428.5851,424.71,0.0,0.0,2655093.0,1131815803.147,-0.5812223003581516,428.029
US.TSLA,Tesla,2025-09-23 13:50:00,425.53,428.5455,428.62,424.81,0.0,0.0,1746527.0,745397129.028,0.7059950951870232,425.5412
US.TSLA,Tesla,2025-09-23 13:55:00,428.47,427.73,429.77,427.5301,0.0,0.0,1652000.0,708307834.141,-0.19029484617152342,428.5455
US.TSLA,Tesla,2025-09-23 14:00:00,427.6717,428.2,428.9,427.5993,0.0,0.0,788512.0,337626578.286,0.10988240245013686,427.73
US.TSLA,Tesla,2025-09-23 14:05:00,428.24,428.44,429.2996,427.54,0.0,0.0,945507.0,405044979.4,0.05604857543204323,428.2
US.TSLA,Tesla,2025-09-23 14:10:00,428.48,427.1654,428.7,426.94,0.0,0.0,741513.0,317188380.525,-0.29749789935580734,428.44
US.TSLA,Tesla,2025-09-23 14:15:00,427.1808,425.99,427.23,425.5,0.0,0.0,950369.0,405088037.11,-0.2751627355586309,427.1654
US.TSLA,Tesla,2025-09-23 14:20:00,425.9623,424.4339,426.16,424.25,0.0,0.0,1287462.0,547210208.852,-0.365290265029699,425.99
US.TSLA,Tesla,2025-09-23 14:25:00,424.4,424.68,425.22,423.72,0.0,0.0,1335787.0,567093267.363,0.05798311586327404,424.4339
US.TSLA,Tesla,2025-09-23 14:30:00,424.7,425.64,426.43,424.68,0.0,0.0,932354.0,396973733.253,0.22605255721954873,424.68
US.TSLA,Tesla,2025-09-23 14:35:00,425.57,426.525,426.65,425.34,0.0,0.0,773650.0,329710049.056,0.2079221877643057,425.64
US.TSLA,Tesla,2025-09-23 14:40:00,426.5373,426.13,426.78,425.77,0.0,0.0,765353.0,326320468.825,-0.0926088740402044,426.525
US.TSLA,Tesla,2025-09-23 14:45:00,426.15,427.21,427.3298,425.6001,0.0,0.0,778287.0,332009431.132,0.2534437847605154,426.13
US.TSLA,Tesla,2025-09-23 14:50:00,427.2399,427.03,427.58,426.87,0.0,0.0,686309.0,293190674.523,-0.042133845181528254,427.21
US.TSLA,Tesla,2025-09-23 14:55:00,427.07,426.59,427.36,426.27,0.0,0.0,554171.0,236501000.746,-0.10303725733554966,427.03
US.TSLA,Tesla,2025-09-23 15:00:00,426.595,425.6829,426.95,425.64,0.0,0.0,679587.0,289600077.754,-0.21263977120887906,426.59
US.TSLA,Tesla,2025-09-23 15:05:00,425.74,426.6762,427.42,425.63,0.0,0.0,701332.0,299279496.62,0.23334270650758498,425.6829
US.TSLA,Tesla,2025-09-23 15:10:00,426.65,427.01,427.41,426.3511,0.0,0.0,602221.0,257099651.231,0.07823262698973989,426.6762
US.TSLA,Tesla,2025-09-23 15:15:00,427.01,427.67,427.77,426.98,0.0,0.0,634949.0,271442075.935,0.1545631249853692,427.01
US.TSLA,Tesla,2025-09-23 15:20:00,427.7,428.9108,429.15,427.7,0.0,0.0,1031604.0,442084373.691,0.29013024060606984,427.67
US.TSLA,Tesla,2025-09-23 15:25:00,428.87,427.93,428.9599,427.11,0.0,0.0,864434.0,370036460.07,-0.22867225539669037,428.9108
US.TSLA,Tesla,2025-09-23 15:30:00,427.93,428.18,428.36,427.54,0.0,0.0,567037.0,242698725.228,0.05842076975206225,427.93
US.TSLA,Tesla,2025-09-23 15:35:00,428.22,428.7209,429.06,427.86,0.0,0.0,720903.0,308905500.236,0.12632537717781425,428.18
US.TSLA,Tesla,2025-09-23 15:40:00,428.72,429.2,429.46,428.36,0.0,0.0,806107.0,345802862.274,0.11175102496752941,428.7209
US.TSLA,Tesla,2025-09-23 15:45:00,429.21,428.9463,429.4299,428.24,0.0,0.0,711519.0,305119425.775,-0.05910997204100204,429.2
US.TSLA,Tesla,2025-09-23 15:50:00,428.93,429.12,429.22,428.14,0.0,0.0,812562.0,348454431.803,0.04049457939140555,428.9463
US.TSLA,Tesla,2025-09-23 15:55:00,429.14,428.93,429.35,428.22,0.0,0.0,1225104.0,525527343.17,-0.044276659209544586,429.12
US.TSLA,Tesla,2025-09-23 16:00:00,428.92,425.85,428.94,425.55,0.0,0.0,5543316.0,2362331754.381,-0.7180658848763164,428.93
US.TSLA,Tesla,2025-09-24 09:35:00,429.83,433.175,433.25,429.0301,0.0,0.0,2934459.0,1264767588.007,1.7200892332981068,425.85
US.TSLA,Tesla,2025-09-24 09:40:00,433.175,433.82,436.0499,433.07,0.0,0.0,3155563.0,1371433445.532,0.14890055981993,433.175
US.TSLA,Tesla,2025-09-24 09:45:00,433.79,434.1194,435.29,432.76,0.0,0.0,1962690.0,851663009.699,0.06901479876446256,433.82
US.TSLA,Tesla,2025-09-24 09:50:00,434.0674,434.5,435.1,433.4,0.0,0.0,1410393.0,612362165.921,0.08767173270764111,434.1194
US.TSLA,Tesla,2025-09-24 09:55:00,434.495,436.22,437.7402,434.4301,0.0,0.0,2685506.0,1171160633.216,0.3958573072497186,434.5
US.TSLA,Tesla,2025-09-24 10:00:00,436.2,437.41,438.6,435.9501,0.0,0.0,2153427.0,942281539.635,0.2727981293842551,436.22
US.TSLA,Tesla,2025-09-24 10:05:00,437.37,435.345,437.43,435.1,0.0,0.0,1724670.0,752402639.052,-0.47209711712123587,437.41
US.TSLA,Tesla,2025-09-24 10:10:00,435.36,435.5926,435.9599,434.42,0.0,0.0,1457861.0,634325722.542,0.056874432921011416,435.345
US.TSLA,Tesla,2025-09-24 10:15:00,435.66,438.245,438.43,435.6301,0.0,0.0,1814471.0,792974565.368,0.6089175986919888,435.5926
US.TSLA,Tesla,2025-09-24 10:20:00,438.2402,437.95,438.7,436.48,0.0,0.0,1562532.0,683982223.244,-0.06731394539584386,438.245
US.TSLA,Tesla,2025-09-24 10:25:00,437.95,438.94,439.54,437.87,0.0,0.0,1813481.0,795703325.6,0.22605320242036972,437.95
US.TSLA,Tesla,2025-09-24 10:30:00,438.94,440.4545,440.54,438.83,0.0,0.0,2119970.0,932571313.969,0.34503576798651253,438.94
US.TSLA,Tesla,2025-09-24 10:35:00,440.46,438.9359,440.4641,438.39,0.0,0.0,1529119.0,671918730.994,-0.34478022133954633,440.4545
US.TSLA,Tesla,2025-09-24 10:40:00,438.94,438.6,440.4,438.086,0.0,0.0,1793195.0,787534030.001,-0.07652598021715266,438.9359
US.TSLA,Tesla,2025-09-24 10:45:00,438.61,439.5651,439.7,437.89,0.0,0.0,1168475.0,512635403.479,0.22004103967167118,438.6
US.TSLA,Tesla,2025-09-24 10:50:00,439.565,439.705,440.2599,438.57,0.0,0.0,952078.0,418371731.557,0.03182691255516224,439.5651
US.TSLA,Tesla,2025-09-24 10:55:00,439.705,438.97,440.29,438.8,0.0,0.0,985430.0,433130129.008,-0.16715752606860437,439.705
US.TSLA,Tesla,2025-09-24 11:00:00,438.98,438.24,439.629,438.02,0.0,0.0,882380.0,387045357.208,-0.16629838029934121,438.97
US.TSLA,Tesla,2025-09-24 11:05:00,438.28,438.405,438.6,437.75,0.0,0.0,817271.0,358031816.089,0.03765060240963025,438.24
US.TSLA,Tesla,2025-09-24 11:10:00,438.37,439.75,439.88,438.32,0.0,0.0,917162.0,402772725.987,0.3067939462369333,438.405
US.TSLA,Tesla,2025-09-24 11:15:00,439.765,439.095,439.88,438.58,0.0,0.0,761685.0,334579777.403,-0.1489482660602553,439.75
US.TSLA,Tesla,2025-09-24 11:20:00,439.095,438.8618,439.51,438.4,0.0,0.0,632581.0,277641561.706,-0.05310923604231675,439.095
US.TSLA,Tesla,2025-09-24 11:25:00,438.8,439.535,439.77,438.72,0.0,0.0,646616.0,284021280.102,0.1533968096562536,438.8618
US.TSLA,Tesla,2025-09-24 11:30:00,439.5301,439.33,439.63,438.7405,0.0,0.0,527714.0,231764576.574,-0.04664019930154388,439.535
US.TSLA,Tesla,2025-09-24 11:35:00,439.3429,439.015,440.215,438.82,0.0,0.0,891202.0,391715866.104,-0.07170008877153797,439.33
US.TSLA,Tesla,2025-09-24 11:40:00,439.0399,438.73,440.51,438.67,0.0,0.0,1145774.0,503737986.939,-0.0649180551917288,439.015
US.TSLA,Tesla,2025-09-24 11:45:00,438.76,438.255,439.2,438.2,0.0,0.0,655867.0,287755555.35,-0.10826704351196013,438.73
US.TSLA,Tesla,2025-09-24 11:50:00,438.255,436.1184,438.28,435.7901,0.0,0.0,1418072.0,619199293.249,-0.48752438648731616,438.255
US.TSLA,Tesla,2025-09-24 11:55:00,436.131,435.96,436.49,434.94,0.0,0.0,1236057.0,538617399.815,-0.03632041207159082,436.1184
US.TSLA,Tesla,2025-09-24 12:00:00,435.98,435.05,436.2499,434.5,0.0,0.0,1066094.0,464053266.741,-0.20873474630699335,435.96
US.TSLA,Tesla,2025-09-24 12:05:00,435.08,434.845,435.74,434.62,0.0,0.0,1169288.0,508657365.165,-0.047121020572344345,435.05
US.TSLA,Tesla,2025-09-24 12:10:00,434.845,434.0,435.06,433.5,0.0,0.0,1169111.0,507617685.176,-0.19432211477653583,434.845
US.TSLA,Tesla,2025-09-24 12:15:00,433.97,434.345,434.6399,433.28,0.0,0.0,1026726.0,445478662.969,0.07949308755760998,434.0
US.TSLA,Tesla,2025-09-24 12:20:00,434.33,436.5,436.65,434.01,0.0,0.0,1254967.0,546533658.524,0.49614937434527223,434.345
US.TSLA,Tesla,2025-09-24 12:25:00,436.5199,437.14,437.61,436.38,0.0,0.0,995984.0,435364276.28,0.14662084765177236,436.5
US.TSLA,Tesla,2025-09-24 12:30:00,437.12,437.12,437.775,436.36,0.0,0.0,920707.0,402492556.403,-0.004575193301912845,437.14
US.TSLA,Tesla,2025-09-24 12:35:00,437.13,436.925,437.4499,436.67,0.0,0.0,555873.0,242941157.701,-0.04461017569545964,437.12
US.TSLA,Tesla,2025-09-24 12:40:00,436.96,437.29,437.57,436.71,0.0,0.0,560947.0,245193084.645,0.08353836470790389,436.925
US.TSLA,Tesla,2025-09-24 12:45:00,437.2859,437.362,437.75,436.76,0.0,0.0,499762.0,218563679.931,0.016465046079261525,437.29
US.TSLA,Tesla,2025-09-24 12:50:00,437.33,438.225,438.39,436.8444,0.0,0.0,720860.0,315515477.64,0.1973193830282465,437.362
US.TSLA,Tesla,2025-09-24 12:55:00,438.161,438.3144,438.55,437.8301,0.0,0.0,512820.0,224737311.374,0.020400479205877134,438.225
US.TSLA,Tesla,2025-09-24 13:00:00,438.28,438.2601,438.51,437.9,0.0,0.0,386474.0,169368038.944,-0.01238836780173208,438.3144
US.TSLA,Tesla,2025-09-24 13:05:00,438.32,438.69,438.95,438.22,0.0,0.0,512118.0,224651816.571,0.09809243415039952,438.2601
US.TSLA,Tesla,2025-09-24 13:10:00,438.76,439.19,439.3,438.21,0.0,0.0,618593.0,271426494.431,0.11397570038067883,438.69
US.TSLA,Tesla,2025-09-24 13:15:00,439.2,439.43,440.09,439.06,0.0,0.0,944807.0,415422361.451,0.05464605296113507,439.19
US.TSLA,Tesla,2025-09-24 13:20:00,439.43,438.92,439.6888,438.6501,0.0,0.0,575589.0,252723554.04,-0.11605944063900756,439.43
US.TSLA,Tesla,2025-09-24 13:25:00,438.912,439.36,439.37,438.18,0.0,0.0,571973.0,250925238.965,0.10024605850724452,438.92
US.TSLA,Tesla,2025-09-24 13:30:00,439.39,439.5069,439.68,438.8401,0.0,0.0,596587.0,262129381.272,0.033434996358330214,439.36
US.TSLA,Tesla,2025-09-24 13:35:00,439.5,440.17,440.4196,439.4978,0.0,0.0,732737.0,322419718.169,0.15087362678493618,439.5069
US.TSLA,Tesla,2025-09-24 13:40:00,440.17,439.71,440.4,439.4337,0.0,0.0,640116.0,281605295.092,-0.10450507758366911,440.17
US.TSLA,Tesla,2025-09-24 13:45:00,439.7,440.02,440.43,439.625,0.0,0.0,732998.0,322527129.529,0.07050101203065709,439.71
US.TSLA,Tesla,2025-09-24 13:50:00,440.035,438.7599,440.0682,438.46,0.0,0.0,690665.0,303347654.02,-0.28637334666605285,440.02
US.TSLA,Tesla,2025-09-24 13:55:00,438.7534,439.9565,440.0,438.68,0.0,0.0,617611.0,271351391.318,0.2727231909752896,438.7599
US.TSLA,Tesla,2025-09-24 14:00:00,439.97,439.39,440.5,439.0507,0.0,0.0,945296.0,415880093.249,-0.12876272995171548,439.9565
US.TSLA,Tesla,2025-09-24 14:05:00,439.34,438.9049,439.42,438.7,0.0,0.0,495896.0,217716902.162,-0.11040305878604167,439.39
US.TSLA,Tesla,2025-09-24 14:10:00,438.925,439.3383,439.42,438.66,0.0,0.0,452748.0,198792024.937,0.09874576474311542,438.9049
US.TSLA,Tesla,2025-09-24 14:15:00,439.34,438.84,439.34,437.7142,0.0,0.0,968859.0,424667595.701,-0.11342056906944577,439.3383
US.TSLA,Tesla,2025-09-24 14:20:00,438.8352,439.86,439.93,438.7106,0.0,0.0,587111.0,257854013.304,0.23243095433416247,438.84
US.TSLA,Tesla,2025-09-24 14:25:00,439.84,439.5516,440.51,439.4,0.0,0.0,799107.0,351466461.62,-0.07011321784204201,439.86
US.TSLA,Tesla,2025-09-24 14:30:00,439.58,439.3,439.65,439.11,0.0,0.0,440885.0,193735574.757,-0.05724015109943776,439.5516
US.TSLA,Tesla,2025-09-24 14:35:00,439.26,439.4202,439.8886,439.02,0.0,0.0,511358.0,224703349.087,0.02736171181425249,439.3
US.TSLA,Tesla,2025-09-24 14:40:00,439.3907,439.97,440.045,439.1,0.0,0.0,484817.0,213132922.542,0.12511941872494817,439.4202
US.TSLA,Tesla,2025-09-24 14:45:00,439.9429,440.1005,440.48,439.9,0.0,0.0,638307.0,280980136.535,0.029661113257718395,439.97
US.TSLA,Tesla,2025-09-24 14:50:00,440.12,442.36,442.56,440.11,0.0,0.0,2009398.0,887471176.623,0.5134054607981592,440.1005
US.TSLA,Tesla,2025-09-24 14:55:00,442.33,443.14,443.34,441.91,0.0,0.0,1535102.0,679700586.042,0.17632697350573576,442.36
US.TSLA,Tesla,2025-09-24 15:00:00,443.17,442.59,443.48,442.4201,0.0,0.0,1011844.0,448129493.269,-0.12411427539829657,443.14
US.TSLA,Tesla,2025-09-24 15:05:00,442.5604,441.7296,442.8,441.0,0.0,0.0,1100218.0,486058015.54,-0.19440113875143364,442.59
US.TSLA,Tesla,2025-09-24 15:10:00,441.7296,442.28,442.76,441.68,0.0,0.0,841680.0,372271804.715,0.12460111344133783,441.7296
US.TSLA,Tesla,2025-09-24 15:15:00,442.26,442.5467,443.0,442.14,0.0,0.0,807935.0,357634681.127,0.060301166681743325,442.28
US.TSLA,Tesla,2025-09-24 15:20:00,442.53,442.6735,442.84,442.04,0.0,0.0,876022.0,387593201.376,0.02865234335721019,442.5467
US.TSLA,Tesla,2025-09-24 15:25:00,442.67,443.537,443.63,442.11,0.0,0.0,1059359.0,469392569.435,0.19506475991898944,442.6735
US.TSLA,Tesla,2025-09-24 15:30:00,443.533,443.495,443.95,442.91,0.0,0.0,1111854.0,492957852.823,-0.009469334012714423,443.537
US.TSLA,Tesla,2025-09-24 15:35:00,443.47,443.74,443.85,442.9501,0.0,0.0,914046.0,405358926.186,0.05524301288627934,443.495
US.TSLA,Tesla,2025-09-24 15:40:00,443.7401,443.7,444.05,443.33,0.0,0.0,1223631.0,543014527.883,-0.009014287645923392,443.74
US.TSLA,Tesla,2025-09-24 15:45:00,443.71,442.8735,444.21,442.8192,0.0,0.0,1289002.0,571607805.907,-0.18627450980392382,443.7
US.TSLA,Tesla,2025-09-24 15:50:00,442.8504,443.545,443.7788,442.2301,0.0,0.0,1271843.0,563390644.529,0.15162343197324685,442.8735
US.TSLA,Tesla,2025-09-24 15:55:00,443.58,443.02,444.01,442.56,0.0,0.0,2062541.0,913780644.086,-0.11836454023831497,443.545
US.TSLA,Tesla,2025-09-24 16:00:00,443.06,442.79,443.4,442.17,0.0,0.0,5368238.0,2376764523.89,-0.05191639203646818,443.02
US.TSLA,Tesla,2025-09-25 09:35:00,435.24,426.7999,435.35,426.63,0.0,0.0,4881743.0,2101364654.916,-3.6112152487635316,442.79
US.TSLA,Tesla,2025-09-25 09:40:00,426.71,425.85,428.4108,425.59,0.0,0.0,3299164.0,1409563200.114,-0.22256331362775786,426.7999
US.TSLA,Tesla,2025-09-25 09:45:00,425.87,424.85,425.88,423.4129,0.0,0.0,3320412.0,1410512215.417,-0.23482446870963952,425.85
US.TSLA,Tesla,2025-09-25 09:50:00,424.855,427.005,428.65,424.7226,0.0,0.0,2798177.0,1194865832.239,0.5072378486524591,424.85
US.TSLA,Tesla,2025-09-25 09:55:00,427.06,426.105,428.52,425.144,0.0,0.0,2126661.0,907244634.337,-0.21077036568657917,427.005
US.TSLA,Tesla,2025-09-25 10:00:00,426.1157,425.17,426.88,424.02,0.0,0.0,1790473.0,761576989.425,-0.21942948334330795,426.105
US.TSLA,Tesla,2025-09-25 10:05:00,425.18,427.4501,428.85,425.125,0.0,0.0,2161880.0,923772608.101,0.536279605804738,425.17
US.TSLA,Tesla,2025-09-25 10:10:00,427.45,429.74,430.2899,427.45,0.0,0.0,2496877.0,1071723666.794,0.5357116538281284,427.4501
US.TSLA,Tesla,2025-09-25 10:15:00,429.77,429.32,431.1,428.84,0.0,0.0,1757130.0,755717289.199,-0.09773351328710753,429.74
US.TSLA,Tesla,2025-09-25 10:20:00,429.31,429.896,430.5766,429.16,0.0,0.0,1186238.0,510000116.292,0.13416565731855537,429.32
US.TSLA,Tesla,2025-09-25 10:25:00,429.929,430.4011,431.25,429.5,0.0,0.0,1341823.0,577885512.378,0.11749353331967972,429.896
US.TSLA,Tesla,2025-09-25 10:30:00,430.5,429.1599,430.99,428.1301,0.0,0.0,1506431.0,647060058.97,-0.28838216259205474,430.4011
US.TSLA,Tesla,2025-09-25 10:35:00,429.16,430.19,430.3599,428.63,0.0,0.0,1205345.0,517949143.633,0.24002708547560114,429.1599
US.TSLA,Tesla,2025-09-25 10:40:00,430.19,429.715,430.2999,428.7,0.0,0.0,942590.0,404892111.775,-0.11041632766917472,430.19
US.TSLA,Tesla,2025-09-25 10:45:00,429.73,429.1,430.25,429.1,0.0,0.0,770745.0,331205630.729,-0.14311811316801887,429.715
US.TSLA,Tesla,2025-09-25 10:50:00,429.17,428.97,429.49,427.84,0.0,0.0,1219202.0,522675424.96,-0.03029596830575517,429.1
US.TSLA,Tesla,2025-09-25 10:55:00,429.0078,427.885,429.0814,427.6,0.0,0.0,962329.0,412011966.48,-0.25293144042707794,428.97
US.TSLA,Tesla,2025-09-25 11:00:00,427.87,429.0,429.58,427.87,0.0,0.0,963351.0,413342816.159,0.26058403543008263,427.885
US.TSLA,Tesla,2025-09-25 11:05:00,429.0567,427.83,429.42,427.74,0.0,0.0,753958.0,323184069.057,-0.2727272727272764,429.0
US.TSLA,Tesla,2025-09-25 11:10:00,427.87,426.515,428.19,426.13,0.0,0.0,1200388.0,512488366.967,-0.3073650749129322,427.83
US.TSLA,Tesla,2025-09-25 11:15:00,426.515,427.825,427.825,426.19,0.0,0.0,965206.0,412329098.422,0.3071404288243092,426.515
US.TSLA,Tesla,2025-09-25 11:20:00,427.79,427.405,429.1,427.3001,0.0,0.0,1075435.0,460652234.175,-0.09817098112546391,427.825
US.TSLA,Tesla,2025-09-25 11:25:00,427.38,426.961,427.94,426.8009,0.0,0.0,761124.0,325263986.248,-0.10388273417483652,427.405
US.TSLA,Tesla,2025-09-25 11:30:00,427.0,426.84,427.0999,425.9381,0.0,0.0,950992.0,405590505.441,-0.028339824948891756,426.961
US.TSLA,Tesla,2025-09-25 11:35:00,426.83,427.425,427.95,426.75,0.0,0.0,746759.0,319151863.818,0.13705369693562844,426.84
US.TSLA,Tesla,2025-09-25 11:40:00,427.4101,428.01,428.1999,426.75,0.0,0.0,729698.0,311907579.34,0.13686611686260267,427.425
US.TSLA,Tesla,2025-09-25 11:45:00,427.96,428.79,429.37,427.96,0.0,0.0,1119373.0,480031354.103,0.18223873273989616,428.01
US.TSLA,Tesla,2025-09-25 11:50:00,428.76,429.1401,429.25,428.1,0.0,0.0,695389.0,298159086.269,0.08164835933673771,428.79
US.TSLA,Tesla,2025-09-25 11:55:00,429.17,428.93,429.3467,428.16,0.0,0.0,624443.0,267721997.934,-0.04895837047155725,429.1401
US.TSLA,Tesla,2025-09-25 12:00:00,428.95,429.4123,429.49,428.7,0.0,0.0,600550.0,257664960.957,0.1124425896999532,428.93
US.TSLA,Tesla,2025-09-25 12:05:00,429.41,429.15,430.17,428.82,0.0,0.0,798676.0,343026927.575,-0.06108348549867781,429.4123
US.TSLA,Tesla,2025-09-25 12:10:00,429.18,428.88,429.5,428.58,0.0,0.0,637046.0,273317585.867,-0.06291506466270111,429.15
US.TSLA,Tesla,2025-09-25 12:15:00,428.86,429.0902,429.45,428.43,0.0,0.0,463427.0,198819634.277,0.049011378474162044,428.88
US.TSLA,Tesla,2025-09-25 12:20:00,429.0999,429.23,429.47,428.76,0.0,0.0,384886.0,165160257.998,0.032580562315344556,429.0902
US.TSLA,Tesla,2025-09-25 12:25:00,429.21,428.8299,429.77,428.24,0.0,0.0,684593.0,293685349.405,-0.09321342869790299,429.23
US.TSLA,Tesla,2025-09-25 12:30:00,428.8,428.66,429.1199,428.3201,0.0,0.0,411140.0,176274442.01,-0.03961943884975935,428.8299
US.TSLA,Tesla,2025-09-25 12:35:00,428.72,429.1785,429.37,428.71,0.0,0.0,467788.0,200713933.663,0.12095833527736677,428.66
US.TSLA,Tesla,2025-09-25 12:40:00,429.1718,428.94,429.5,428.69,0.0,0.0,468668.0,201101136.176,-0.055571283277234935,429.1785
US.TSLA,Tesla,2025-09-25 12:45:00,428.91,427.93,428.9199,427.5,0.0,0.0,747300.0,319875269.604,-0.2354641674826295,428.94
US.TSLA,Tesla,2025-09-25 12:50:00,427.94,428.17,428.52,427.78,0.0,0.0,444888.0,190488291.797,0.05608393896198189,427.93
US.TSLA,Tesla,2025-09-25 12:55:00,428.2699,428.88,429.1,428.2184,0.0,0.0,422698.0,181160398.74,0.16582198659410502,428.17
US.TSLA,Tesla,2025-09-25 13:00:00,428.92,428.865,429.45,428.7601,0.0,0.0,440103.0,188850785.086,-0.003497481813091391,428.88
US.TSLA,Tesla,2025-09-25 13:05:00,428.83,428.36,429.3699,428.22,0.0,0.0,473361.0,202987901.008,-0.11775267275249682,428.865
US.TSLA,Tesla,2025-09-25 13:10:00,428.3915,429.09,429.15,428.2106,0.0,0.0,430353.0,184527679.338,0.17041740592024499,428.36
US.TSLA,Tesla,2025-09-25 13:15:00,429.08,428.95,429.69,428.7,0.0,0.0,538011.0,230929519.214,-0.03262718776946244,429.09
US.TSLA,Tesla,2025-09-25 13:20:00,428.93,428.81,429.28,427.85,0.0,0.0,594749.0,254912608.757,-0.03263783657768653,428.95
US.TSLA,Tesla,2025-09-25 13:25:00,428.85,426.353,428.9099,425.9,0.0,0.0,1087139.0,464110824.208,-0.57298104055409,428.81
US.TSLA,Tesla,2025-09-25 13:30:00,426.261,426.9371,427.18,426.261,0.0,0.0,539046.0,230099191.558,0.13699915328377615,426.353
US.TSLA,Tesla,2025-09-25 13:35:00,426.91,426.345,427.6,426.1,0.0,0.0,697354.0,297624987.288,-0.13868553470756217,426.9371
US.TSLA,Tesla,2025-09-25 13:40:00,426.42,426.1429,426.5867,424.85,0.0,0.0,1244433.0,529731729.654,-0.047402924861328244,426.345
US.TSLA,Tesla,2025-09-25 13:45:00,426.13,424.605,426.215,424.01,0.0,0.0,957181.0,406692340.34,-0.3608883311208468,426.1429
US.TSLA,Tesla,2025-09-25 13:50:00,424.5601,422.46,424.7434,422.3505,0.0,0.0,1471805.0,623862567.926,-0.5051753983113808,424.605
US.TSLA,Tesla,2025-09-25 13:55:00,422.46,422.91,423.9192,422.34,0.0,0.0,1208337.0,511510189.532,0.1065189603749575,422.46
US.TSLA,Tesla,2025-09-25 14:00:00,422.925,421.9,423.25,421.2,0.0,0.0,1483073.0,625721405.119,-0.23882149866402963,422.91
US.TSLA,Tesla,2025-09-25 14:05:00,421.86,419.28,422.2297,419.13,0.0,0.0,2125209.0,893448600.171,-0.6210002370229923,421.9
US.TSLA,Tesla,2025-09-25 14:10:00,419.315,421.9796,422.05,419.08,0.0,0.0,1612344.0,678710264.132,0.643865674489609,419.28
US.TSLA,Tesla,2025-09-25 14:15:00,421.9775,422.4273,423.31,421.77,0.0,0.0,1428175.0,603588521.885,0.10609517616491355,421.9796
US.TSLA,Tesla,2025-09-25 14:20:00,422.4905,423.67,423.75,422.45,0.0,0.0,1019729.0,431503525.03,0.2941807975005435,422.4273
US.TSLA,Tesla,2025-09-25 14:25:00,423.67,423.6,424.07,423.02,0.0,0.0,827166.0,350406121.627,-0.016522293294307638,423.67
US.TSLA,Tesla,2025-09-25 14:30:00,423.67,424.03,424.41,423.6,0.0,0.0,789613.0,334855334.112,0.10151085930121577,423.6
US.TSLA,Tesla,2025-09-25 14:35:00,423.98,423.28,424.5699,423.07,0.0,0.0,902587.0,382480784.109,-0.1768742777633658,424.03
US.TSLA,Tesla,2025-09-25 14:40:00,423.22,424.0,424.27,423.0,0.0,0.0,678860.0,287628854.906,0.17010017010017656,423.28
US.TSLA,Tesla,2025-09-25 14:45:00,424.02,425.75,426.18,423.9944,0.0,0.0,1245601.0,530014141.577,0.41273584905660377,424.0
US.TSLA,Tesla,2025-09-25 14:50:00,425.71,425.5,425.9899,424.78,0.0,0.0,790301.0,336068698.897,-0.05871990604815032,425.75
US.TSLA,Tesla,2025-09-25 14:55:00,425.53,426.44,426.6,425.3901,0.0,0.0,690180.0,293998050.349,0.22091656874265517,425.5
US.TSLA,Tesla,2025-09-25 15:00:00,426.46,426.4001,427.0299,425.9601,0.0,0.0,835378.0,356291934.786,-0.009356533158237671,426.44
US.TSLA,Tesla,2025-09-25 15:05:00,426.43,426.02,426.435,425.46,0.0,0.0,643382.0,274042166.026,-0.08914163012626573,426.4001
US.TSLA,Tesla,2025-09-25 15:10:00,426.05,425.07,426.22,424.61,0.0,0.0,777870.0,330800823.939,-0.2229942256232075,426.02
US.TSLA,Tesla,2025-09-25 15:15:00,425.1,425.76,426.09,424.8,0.0,0.0,794873.0,338333860.957,0.16232620509563078,425.07
US.TSLA,Tesla,2025-09-25 15:20:00,425.73,424.84,426.0299,424.51,0.0,0.0,827554.0,351807643.106,-0.21608417888012402,425.76
US.TSLA,Tesla,2025-09-25 15:25:00,424.83,424.945,425.11,424.5,0.0,0.0,646803.0,274774643.272,0.02471518689389375,424.84
US.TSLA,Tesla,2025-09-25 15:30:00,424.94,425.8,425.935,424.87,0.0,0.0,777235.0,330654583.501,0.20120250855993554,424.945
US.TSLA,Tesla,2025-09-25 15:35:00,425.805,426.02,426.55,425.5941,0.0,0.0,985456.0,419936632.874,0.05166744950680376,425.8
US.TSLA,Tesla,2025-09-25 15:40:00,426.02,424.9,426.3,424.6701,0.0,0.0,875604.0,372500243.622,-0.26289845547157514,426.02
US.TSLA,Tesla,2025-09-25 15:45:00,424.9306,425.0341,425.2,424.44,0.0,0.0,800462.0,340103981.163,0.031560367145221535,424.9
US.TSLA,Tesla,2025-09-25 15:50:00,424.99,424.08,425.1648,423.7,0.0,0.0,986379.0,418426421.714,-0.2244761067406214,425.0341
US.TSLA,Tesla,2025-09-25 15:55:00,424.11,423.3901,425.1599,423.01,0.0,0.0,1305990.0,554196974.734,-0.1626815695151778,424.08
US.TSLA,Tesla,2025-09-25 16:00:00,423.44,423.39,424.08,422.9,0.0,0.0,5354622.0,2267566327.867,-2.3618880089955187e-05,423.3901
US.TSLA,Tesla,2025-09-26 09:35:00,428.3,432.69,433.19,426.3,0.0,0.0,3833138.0,1650767157.418,2.1965563664706327,423.39
US.TSLA,Tesla,2025-09-26 09:40:00,432.77,429.415,434.6,429.34,0.0,0.0,3133278.0,1356883588.473,-0.7568929256511538,432.69
US.TSLA,Tesla,2025-09-26 09:45:00,429.4899,426.605,431.1,426.3301,0.0,0.0,2941729.0,1262274069.115,-0.6543786313938735,429.415
US.TSLA,Tesla,2025-09-26 09:50:00,426.62,426.9878,428.41,424.81,0.0,0.0,2511262.0,1071405808.875,0.0897317190375112,426.605
US.TSLA,Tesla,2025-09-26 09:55:00,427.06,425.82,428.6899,425.3401,0.0,0.0,1796258.0,766244078.861,-0.2734972755661871,426.9878
US.TSLA,Tesla,2025-09-26 10:00:00,425.85,426.92,427.1,425.34,0.0,0.0,1389278.0,592197061.286,0.2583251138978965,425.82
US.TSLA,Tesla,2025-09-26 10:05:00,426.86,424.34,428.16,424.23,0.0,0.0,1894743.0,807298964.603,-0.6043286798463509,426.92
US.TSLA,Tesla,2025-09-26 10:10:00,424.31,425.165,425.35,422.22,0.0,0.0,2081029.0,882298703.487,0.19441956921337736,424.34
US.TSLA,Tesla,2025-09-26 10:15:00,425.23,423.915,425.36,423.5,0.0,0.0,1259887.0,534591822.689,-0.2940035045217739,425.165
US.TSLA,Tesla,2025-09-26 10:20:00,423.9,424.175,424.3999,423.02,0.0,0.0,1001154.0,424308343.148,0.06133305025771461,423.915
US.TSLA,Tesla,2025-09-26 10:25:00,424.15,422.725,424.2499,422.6701,0.0,0.0,1150891.0,487314304.178,-0.3418400424353129,424.175
US.TSLA,Tesla,2025-09-26 10:30:00,422.77,423.31,423.5999,421.02,0.0,0.0,2088700.0,881720300.52,0.13838784079483812,422.725
US.TSLA,Tesla,2025-09-26 10:35:00,423.31,423.9001,423.99,422.413,0.0,0.0,1142731.0,483539777.616,0.13940138432827165,423.31
US.TSLA,Tesla,2025-09-26 10:40:00,423.9656,425.5863,426.3799,423.5701,0.0,0.0,1628682.0,692554255.617,0.3977824020329283,423.9001
US.TSLA,Tesla,2025-09-26 10:45:00,425.5,426.883,427.56,425.43,0.0,0.0,1380379.0,589074434.92,0.30468555966204436,425.5863
US.TSLA,Tesla,2025-09-26 10:50:00,426.94,425.8716,427.32,425.63,0.0,0.0,1125918.0,479902845.813,-0.23692674573594655,426.883
US.TSLA,Tesla,2025-09-26 10:55:00,425.865,426.34,426.5899,425.0,0.0,0.0,1013504.0,431503124.539,0.10998620241405488,425.8716
US.TSLA,Tesla,2025-09-26 11:00:00,426.28,426.4217,427.47,426.15,0.0,0.0,1012395.0,432151124.504,0.019163109255526597,426.34
US.TSLA,Tesla,2025-09-26 11:05:00,426.51,427.62,427.95,425.63,0.0,0.0,1089112.0,465169310.524,0.28101290342400903,426.4217
US.TSLA,Tesla,2025-09-26 11:10:00,427.5466,427.8326,428.39,427.2929,0.0,0.0,970227.0,415078728.927,0.04971703849212127,427.62
US.TSLA,Tesla,2025-09-26 11:15:00,427.88,427.455,428.28,427.1,0.0,0.0,740562.0,316758501.591,-0.08825881898668532,427.8326
US.TSLA,Tesla,2025-09-26 11:20:00,427.4613,427.9684,428.12,426.5,0.0,0.0,733468.0,313621293.332,0.12010621001040814,427.455
US.TSLA,Tesla,2025-09-26 11:25:00,427.99,427.9245,428.27,427.12,0.0,0.0,555648.0,237661163.346,-0.01025776669491275,427.9684
US.TSLA,Tesla,2025-09-26 11:30:00,428.0,429.6127,429.67,428.0,0.0,0.0,1248811.0,535801103.157,0.3945088444340052,427.9245
US.TSLA,Tesla,2025-09-26 11:35:00,429.63,429.33,429.67,428.6,0.0,0.0,855386.0,367070381.908,-0.06580345506546569,429.6127
US.TSLA,Tesla,2025-09-26 11:40:00,429.3848,429.315,430.39,429.12,0.0,0.0,1156941.0,497292301.783,-0.003493815945772799,429.33
US.TSLA,Tesla,2025-09-26 11:45:00,429.35,429.405,429.7128,428.9,0.0,0.0,592679.0,254454939.959,0.02096362810523159,429.315
US.TSLA,Tesla,2025-09-26 11:50:00,429.4038,429.5,429.61,428.8,0.0,0.0,463861.0,199109705.964,0.022123636194275167,429.405
US.TSLA,Tesla,2025-09-26 11:55:00,429.48,428.88,429.56,428.3201,0.0,0.0,618737.0,265387567.451,-0.14435389988358663,429.5
US.TSLA,Tesla,2025-09-26 12:00:00,428.935,428.4,429.758,428.3501,0.0,0.0,631314.0,270879646.36,-0.11191941801903053,428.88
US.TSLA,Tesla,2025-09-26 12:05:00,428.41,428.0,428.46,427.2,0.0,0.0,1160515.0,496384338.09,-0.09337068160597042,428.4
US.TSLA,Tesla,2025-09-26 12:10:00,428.02,427.98,428.7872,427.9001,0.0,0.0,538607.0,230694106.227,-0.004672897196257432,428.0
US.TSLA,Tesla,2025-09-26 12:15:00,428.06,428.8101,429.07,427.8501,0.0,0.0,507320.0,217372261.206,0.1939576615729611,427.98
US.TSLA,Tesla,2025-09-26 12:20:00,428.8345,429.325,429.36,428.35,0.0,0.0,514450.0,220617051.474,0.12007646275122986,428.8101
US.TSLA,Tesla,2025-09-26 12:25:00,429.345,430.77,430.77,429.1367,0.0,0.0,1052891.0,452659986.108,0.33657485587841224,429.325
US.TSLA,Tesla,2025-09-26 12:30:00,430.7601,431.25,431.43,430.76,0.0,0.0,1115645.0,480957492.475,0.11142837244933915,430.77
US.TSLA,Tesla,2025-09-26 12:35:00,431.32,430.925,431.68,430.36,0.0,0.0,991091.0,427218649.388,-0.07536231884057708,431.25
US.TSLA,Tesla,2025-09-26 12:40:00,430.925,431.04,431.28,430.5401,0.0,0.0,619807.0,267078979.6,0.02668677844172631,430.925
US.TSLA,Tesla,2025-09-26 12:45:00,431.06,430.91,431.35,430.63,0.0,0.0,524071.0,225885468.247,-0.030159613956940296,431.04
US.TSLA,Tesla,2025-09-26 12:50:00,430.88,430.935,431.0999,430.41,0.0,0.0,481069.0,207230917.814,0.005801675523886023,430.91
US.TSLA,Tesla,2025-09-26 12:55:00,430.9794,430.91,431.31,430.41,0.0,0.0,539773.0,232598153.807,-0.005801338949024159,430.935
US.TSLA,Tesla,2025-09-26 13:00:00,430.8601,431.43,432.06,430.68,0.0,0.0,858574.0,370537705.831,0.1206748508969348,430.91
US.TSLA,Tesla,2025-09-26 13:05:00,431.42,431.67,432.01,431.21,0.0,0.0,677260.0,292309302.738,0.05562895487101247,431.43
US.TSLA,Tesla,2025-09-26 13:10:00,431.7,431.935,432.05,431.21,0.0,0.0,579722.0,250184817.108,0.061389487339862936,431.67
US.TSLA,Tesla,2025-09-26 13:15:00,431.9361,431.8001,432.3,431.6,0.0,0.0,654530.0,282737215.524,-0.031231551043563503,431.935
US.TSLA,Tesla,2025-09-26 13:20:00,431.86,432.26,432.3,431.67,0.0,0.0,498451.0,215289253.324,0.10650761776109006,431.8001
US.TSLA,Tesla,2025-09-26 13:25:00,432.24,432.0,432.25,431.75,0.0,0.0,435158.0,187982900.744,-0.0601489844075304,432.26
US.TSLA,Tesla,2025-09-26 13:30:00,432.07,433.09,433.27,431.89,0.0,0.0,934308.0,404250685.197,0.25231481481480905,432.0
US.TSLA,Tesla,2025-09-26 13:35:00,433.0906,433.2072,433.34,432.7405,0.0,0.0,801853.0,347275070.594,0.027061349834913134,433.09
US.TSLA,Tesla,2025-09-26 13:40:00,433.1973,433.7,433.99,433.1505,0.0,0.0,943261.0,408944193.664,0.11375618872446912,433.2072
US.TSLA,Tesla,2025-09-26 13:45:00,433.7,433.27,433.83,433.21,0.0,0.0,671179.0,291008022.31,-0.09914687572054573,433.7
US.TSLA,Tesla,2025-09-26 13:50:00,433.29,433.08,433.6,432.9,0.0,0.0,655540.0,284014752.069,-0.04385256306690926,433.27
US.TSLA,Tesla,2025-09-26 13:55:00,433.09,433.59,434.1,433.06,0.0,0.0,729770.0,316481774.561,0.11776115267386879,433.08
US.TSLA,Tesla,2025-09-26 14:00:00,433.5998,435.99,436.1097,433.51,0.0,0.0,1793879.0,780572955.218,0.5535183006988248,433.59
US.TSLA,Tesla,2025-09-26 14:05:00,435.9874,436.844,437.72,435.67,0.0,0.0,2032705.0,887986653.163,0.19587605220302873,435.99
US.TSLA,Tesla,2025-09-26 14:10:00,436.83,436.2684,437.15,436.2,0.0,0.0,947477.0,413585352.682,-0.13176328391828857,436.844
US.TSLA,Tesla,2025-09-26 14:15:00,436.2501,437.1958,437.36,436.2,0.0,0.0,963506.0,420990128.836,0.2125755612829245,436.2684
US.TSLA,Tesla,2025-09-26 14:20:00,437.16,438.41,438.72,437.16,0.0,0.0,1671937.0,732683801.327,0.2777245344076968,437.1958
US.TSLA,Tesla,2025-09-26 14:25:00,438.44,438.66,438.93,438.03,0.0,0.0,1049561.0,460177301.47,0.05702424670970096,438.41
US.TSLA,Tesla,2025-09-26 14:30:00,438.6664,439.8,439.87,438.6589,0.0,0.0,1604307.0,704778024.574,0.2598823690329609,438.66
US.TSLA,Tesla,2025-09-26 14:35:00,439.79,439.2601,440.25,439.15,0.0,0.0,1470401.0,646535335.506,-0.12276034561163908,439.8
US.TSLA,Tesla,2025-09-26 14:40:00,439.3299,439.32,440.2,438.8,0.0,0.0,1091070.0,479421264.546,0.013636567491554667,439.2601
US.TSLA,Tesla,2025-09-26 14:45:00,439.28,439.17,439.6,438.91,0.0,0.0,1058784.0,465146789.505,-0.034143676591090154,439.32
US.TSLA,Tesla,2025-09-26 14:50:00,439.2,438.3959,439.2899,437.629,0.0,0.0,1452127.0,636452857.712,-0.1762643167793867,439.17
