time_key,open,high,low,close,volume
2025-09-09 04:05:00,93.116285997,93.116285997,93.116285997,93.116285997,13.0
2025-09-09 04:10:00,93.116285997,93.116285997,93.116285997,93.116285997,15.0
2025-09-09 04:15:00,93.116285997,93.116285997,93.116285997,93.116285997,145.0
2025-09-09 04:20:00,93.116285997,93.116285997,93.116285997,93.116285997,3.0
2025-09-09 04:25:00,93.116285997,93.116285997,93.116285997,93.116285997,0.0
2025-09-09 04:30:00,93.116285997,93.116285997,93.116285997,93.116285997,8.0
2025-09-09 04:35:00,93.116285997,93.116285997,93.116285997,93.116285997,10.0
2025-09-09 04:40:00,93.116285997,93.116285997,93.116285997,93.116285997,0.0
2025-09-09 04:45:00,93.116285997,93.116285997,93.116285997,93.116285997,12.0
2025-09-09 04:50:00,93.116285997,93.116285997,93.116285997,93.116285997,25.0
2025-09-09 04:55:00,93.116285997,93.116285997,93.116285997,93.116285997,12.0
2025-09-09 05:00:00,93.116285997,93.116285997,93.116285997,93.116285997,0.0
2025-09-09 05:05:00,93.116285997,93.116285997,93.116285997,93.116285997,1.0
2025-09-09 05:10:00,93.116285997,93.116285997,93.116285997,93.116285997,0.0
2025-09-09 05:15:00,93.116285997,93.116285997,93.116285997,93.116285997,9.0
2025-09-09 05:20:00,93.116285997,93.116285997,93.116285997,93.116285997,12.0
2025-09-09 05:25:00,93.116285997,93.116285997,93.116285997,93.116285997,0.0
2025-09-09 05:30:00,93.116285997,93.116285997,93.116285997,93.116285997,0.0
2025-09-09 05:35:00,93.116285997,93.116285997,93.116285997,93.116285997,0.0
2025-09-09 05:40:00,93.116285997,93.116285997,93.116285997,93.116285997,0.0
2025-09-09 05:45:00,93.116285997,93.116285997,93.116285997,93.116285997,25.0
2025-09-09 05:50:00,93.116285997,93.116285997,93.116285997,93.116285997,5.0
2025-09-09 05:55:00,93.116285997,93.116285997,93.116285997,93.116285997,0.0
2025-09-09 06:00:00,93.116285997,93.116285997,93.116285997,93.116285997,0.0
2025-09-09 06:05:00,93.116285997,93.116285997,93.116285997,93.116285997,0.0
2025-09-09 06:10:00,93.116285997,93.116285997,93.116285997,93.116285997,0.0
2025-09-09 06:15:00,93.116285997,93.116285997,93.116285997,93.116285997,0.0
2025-09-09 06:20:00,93.116285997,93.116285997,93.116285997,93.116285997,0.0
2025-09-09 06:25:00,93.116285997,93.116285997,93.116285997,93.116285997,0.0
2025-09-09 06:30:00,93.116285997,93.116285997,93.116285997,93.116285997,0.0
2025-09-09 06:35:00,93.116285997,93.116285997,93.116285997,93.116285997,0.0
2025-09-09 06:40:00,93.116285997,93.116285997,93.116285997,93.116285997,0.0
2025-09-09 06:45:00,93.116285997,93.116285997,93.116285997,93.116285997,297.0
2025-09-09 06:50:00,93.116285997,93.116285997,93.116285997,93.116285997,11.0
2025-09-09 06:55:00,93.116285997,93.116285997,93.116285997,93.116285997,992.0
2025-09-09 07:00:00,93.116285997,93.116285997,93.116285997,93.116285997,5.0
2025-09-09 07:05:00,93.116285997,93.116285997,93.116285997,93.116285997,3.0
2025-09-09 07:10:00,93.116285997,93.116285997,93.116285997,93.116285997,0.0
2025-09-09 07:15:00,93.116285997,93.116285997,93.116285997,93.116285997,5.0
2025-09-09 07:20:00,93.116285997,93.116285997,93.116285997,93.116285997,428.0
2025-09-09 07:25:00,93.116285997,93.116285997,93.116285997,93.116285997,101.0
2025-09-09 07:30:00,93.116285997,93.256025305,93.116285997,93.256025305,1102.0
2025-09-09 07:35:00,93.256025305,93.256025305,93.256025305,93.256025305,0.0
2025-09-09 07:40:00,93.256025305,93.256025305,93.256025305,93.256025305,0.0
2025-09-09 07:45:00,93.256025305,93.256025305,93.256025305,93.256025305,5.0
2025-09-09 07:50:00,93.3059322,93.3059322,93.285969442,93.285969442,703.0
2025-09-09 07:55:00,93.285969442,93.285969442,93.285969442,93.285969442,0.0
2025-09-09 08:00:00,93.285969442,93.285969442,93.285969442,93.285969442,0.0
2025-09-09 08:05:00,93.285969442,93.315913579,93.116285997,93.116285997,1515.0
2025-09-09 08:10:00,93.116285997,93.116285997,93.116285997,93.116285997,18.0
2025-09-09 08:15:00,93.116285997,93.116285997,93.116285997,93.116285997,72.0
2025-09-09 08:20:00,93.116285997,93.116285997,93.116285997,93.116285997,4.0
2025-09-09 08:25:00,93.116285997,93.315913579,93.116285997,93.315913579,248.0
2025-09-09 08:30:00,93.315913579,93.315913579,93.315913579,93.315913579,3.0
2025-09-09 08:35:00,93.315913579,93.315913579,93.315913579,93.315913579,51.0
2025-09-09 08:40:00,93.315913579,93.315913579,93.315913579,93.315913579,66.0
2025-09-09 08:45:00,93.315913579,93.315913579,93.315913579,93.315913579,13.0
2025-09-09 08:50:00,93.315913579,93.315913579,93.315913579,93.315913579,5.0
2025-09-09 08:55:00,93.315913579,93.315913579,93.315913579,93.315913579,268.0
2025-09-09 09:00:00,93.315913579,93.315913579,93.315913579,93.315913579,15.0
2025-09-09 09:05:00,93.315913579,93.315913579,93.026453584,93.026453584,760.0
2025-09-09 09:10:00,93.026453584,93.026453584,93.026453584,93.026453584,23.0
2025-09-09 09:15:00,93.026453584,93.026453584,93.026453584,93.026453584,1.0
2025-09-09 09:20:00,93.026453584,93.026453584,93.026453584,93.026453584,67.0
2025-09-09 09:25:00,93.026453584,93.026453584,93.026453584,93.026453584,24.0
2025-09-09 09:30:00,93.026453584,93.026453584,92.936621172,92.966565309,3132.0
2025-09-09 09:35:00,92.826826002,93.605373574,92.527384627,93.495578404,203462.0
2025-09-09 09:40:00,93.495578404,93.650289781,93.266006684,93.325894959,100432.0
2025-09-09 09:45:00,93.325894959,93.635317712,93.046416343,93.495578404,44158.0
2025-09-09 09:50:00,93.465634266,93.664563153,93.086341859,93.249437594,84916.0
2025-09-09 09:55:00,93.214702395,93.485597025,93.126267376,93.325894959,47902.0
2025-09-09 10:00:00,93.332283041,93.505559783,93.315913579,93.505559783,43042.0
2025-09-09 10:05:00,93.510550473,93.77505702,93.365820475,93.495578404,131986.0
2025-09-09 10:10:00,93.5454853,93.944740465,93.5454853,93.784439516,133794.0
2025-09-09 10:15:00,93.819973226,93.971590375,93.645299091,93.899824259,53961.0
2025-09-09 10:20:00,93.864889432,93.924777707,93.745112882,93.765075641,36583.0
2025-09-09 10:25:00,93.765075641,93.934759086,93.710178055,93.859898742,35002.0
2025-09-09 10:30:00,93.88485219,94.00462874,93.625336333,93.954721844,60983.0
2025-09-09 10:35:00,93.934759086,94.054535636,93.505559783,93.54049461,143281.0
2025-09-09 10:40:00,93.5454853,93.610364264,93.415727371,93.520531852,66279.0
2025-09-09 10:45:00,93.495578404,93.77505702,93.485597025,93.765075641,78441.0
2025-09-09 10:50:00,93.745112882,94.154349427,93.745112882,94.154349427,57976.0
2025-09-09 10:55:00,94.134386669,94.46377218,94.074498394,94.408874595,50366.0
2025-09-09 11:00:00,94.408874595,94.543623214,94.334014252,94.543623214,129581.0
2025-09-09 11:05:00,94.528651145,94.58853942,94.428837353,94.428837353,54090.0
2025-09-09 11:10:00,94.428837353,94.513679076,94.334014252,94.508688387,65288.0
2025-09-09 11:15:00,94.498707007,94.803139071,94.493716318,94.733269417,118569.0
2025-09-09 11:20:00,94.763013927,94.942878379,94.763013927,94.899758821,170287.0
2025-09-09 11:25:00,94.902952863,94.92790631,94.553604593,94.628464936,197427.0
2025-09-09 11:30:00,94.628464936,94.863027346,94.533641834,94.803139071,102338.0
2025-09-09 11:35:00,94.803139071,94.902952863,94.628464936,94.638446315,77684.0
2025-09-09 11:40:00,94.638446315,94.902952863,94.608502178,94.892971483,56767.0
2025-09-09 11:45:00,94.882990104,95.002766654,94.773194934,94.833083209,110069.0
2025-09-09 11:50:00,94.833083209,94.942878379,94.775690279,94.778185623,39886.0
2025-09-09 11:55:00,94.773194934,95.05267355,94.753232176,95.017738723,78761.0
2025-09-09 12:00:00,95.022729412,95.102580445,94.843064588,94.853045967,45058.0
2025-09-09 12:05:00,94.843064588,94.997775964,94.82310183,94.982803896,45390.0
2025-09-09 12:10:00,94.962841137,95.002766654,94.873008725,94.903052676,42055.0
2025-09-09 12:15:00,94.902952863,94.962841137,94.863027346,94.894568504,42571.0
2025-09-09 12:20:00,94.912934242,95.16246872,94.912934242,95.137515272,95670.0
2025-09-09 12:25:00,95.147496652,95.187422168,95.032710791,95.066447853,46489.0
2025-09-09 12:30:00,95.067645618,95.067645618,94.932897,94.962841137,31483.0
2025-09-09 12:35:00,94.952859758,94.952859758,94.81312045,94.853045967,80836.0
2025-09-09 12:40:00,94.833083209,94.942878379,94.758222865,94.922915621,84467.0
2025-09-09 12:45:00,94.942878379,94.942878379,94.843064588,94.853045967,32675.0
2025-09-09 12:50:00,94.803139071,94.803139071,94.667492129,94.743250796,36059.0
2025-09-09 12:55:00,94.748241486,94.912934242,94.713306659,94.912934242,25658.0
2025-09-09 13:00:00,94.952859758,95.062654929,94.952859758,95.012748033,18092.0
2025-09-09 13:05:00,95.007757344,95.022729412,94.882990104,94.882990104,21030.0
2025-09-09 13:10:00,94.897962173,94.992785275,94.853045967,94.982803896,33738.0
2025-09-09 13:15:00,94.982803896,95.062654929,94.882990104,94.917924931,33542.0
2025-09-09 13:20:00,94.917924931,94.962841137,94.773194934,94.773194934,61282.0
2025-09-09 13:25:00,94.773194934,94.873008725,94.773194934,94.81312045,23478.0
2025-09-09 13:30:00,94.81811114,94.81811114,94.673278334,94.693343901,15764.0
2025-09-09 13:35:00,94.693343901,94.723288038,94.623474247,94.623474247,34804.0
2025-09-09 13:40:00,94.613492868,94.643437005,94.553604593,94.643437005,23828.0
2025-09-09 13:45:00,94.633455626,94.653418384,94.443809422,94.448800112,19130.0
2025-09-09 13:50:00,94.46377218,94.518669766,94.441314077,94.483734939,19445.0
2025-09-09 13:55:00,94.493716318,94.523660455,94.393902526,94.443809422,22323.0
2025-09-09 14:00:00,94.441214264,94.46377218,94.343995631,94.35397701,28478.0
2025-09-09 14:05:00,94.363958389,94.58853942,94.334014252,94.548613903,43976.0
2025-09-09 14:10:00,94.573567351,94.58354873,94.443809422,94.513679076,34182.0
2025-09-09 14:15:00,94.518669766,94.658409074,94.488725628,94.543623214,50568.0
2025-09-09 14:20:00,94.546118558,94.573567351,94.433828043,94.523660455,58175.0
2025-09-09 14:25:00,94.533641834,94.643437005,94.493716318,94.578558041,56396.0
2025-09-09 14:30:00,94.563585972,94.563585972,94.403883906,94.428837353,30177.0
2025-09-09 14:35:00,94.413865285,94.464271249,94.363958389,94.464271249,30931.0
2025-09-09 14:40:00,94.46377218,94.527253752,94.294388176,94.314550562,48361.0
2025-09-09 14:45:00,94.314051493,94.393902526,94.204256323,94.214237702,58661.0
2025-09-09 14:50:00,94.244181839,94.383921147,94.244181839,94.324032873,33524.0
2025-09-09 14:55:00,94.294088735,94.294088735,94.219228392,94.264144598,41085.0
2025-09-09 15:00:00,94.224219081,94.274125977,94.099451842,94.12440529,29116.0
2025-09-09 15:05:00,94.12440529,94.174312185,94.04016245,94.134386669,49682.0
2025-09-09 15:10:00,94.134386669,94.164330806,94.014610119,94.134386669,39117.0
2025-09-09 15:15:00,94.139377358,94.214237702,94.1194146,94.134386669,52033.0
2025-09-09 15:20:00,94.144368048,94.189284254,94.12440529,94.139377358,46846.0
2025-09-09 15:25:00,94.129395979,94.22841126,94.114423911,94.164630248,44949.0
2025-09-09 15:30:00,94.174312185,94.314051493,94.034572877,94.249172529,116681.0
2025-09-09 15:35:00,94.264144598,94.533641834,94.23420046,94.483734939,84469.0
2025-09-09 15:40:00,94.464770318,94.464770318,94.304070114,94.35397701,55145.0
2025-09-09 15:45:00,94.34898632,94.34898632,94.164330806,94.224219081,61665.0
2025-09-09 15:50:00,94.224219081,94.264144598,94.135384807,94.224219081,92751.0
2025-09-09 15:55:00,94.23420046,94.31475019,94.169321496,94.274125977,159840.0
2025-09-09 16:00:00,94.284107356,94.47375356,94.12440529,94.363958389,1186211.0
2025-09-09 16:05:00,94.363958389,94.493716318,94.363958389,94.493716318,178787.0
2025-09-09 16:10:00,94.493716318,94.493716318,94.493716318,94.493716318,536.0
2025-09-09 16:15:00,94.493716318,94.663399763,94.493716318,94.663399763,547.0
2025-09-09 16:20:00,94.663399763,94.81312045,94.663399763,94.763213555,1466.0
2025-09-09 16:25:00,94.763213555,94.763213555,94.763213555,94.763213555,523.0
2025-09-09 16:30:00,94.763213555,95.05267355,94.763213555,94.972822517,832.0
2025-09-09 16:35:00,94.972822517,95.252301133,94.972822517,95.252301133,383.0
2025-09-09 16:40:00,95.252301133,96.320308701,95.142505962,95.821239744,8008.0
2025-09-09 16:45:00,95.821239744,96.333284493,95.821239744,96.333284493,227.0
2025-09-09 16:50:00,96.333284493,96.360234217,96.070774222,96.120681118,1374.0
2025-09-09 16:55:00,96.120681118,96.120681118,95.841202502,95.841202502,496.0
2025-09-09 17:00:00,95.841202502,95.841202502,95.841202502,95.841202502,50.0
2025-09-09 17:05:00,95.841202502,95.841202502,95.841202502,95.841202502,190.0
2025-09-09 17:10:00,95.841202502,95.841202502,95.841202502,95.841202502,9.0
2025-09-09 17:15:00,95.841202502,95.841202502,95.841202502,95.841202502,64.0
2025-09-09 17:20:00,95.841202502,95.841202502,95.841202502,95.841202502,83.0
2025-09-09 17:25:00,95.841202502,96.100718359,95.841202502,96.100718359,359.0
2025-09-09 17:30:00,96.100718359,96.100718359,96.100718359,96.100718359,110.0
2025-09-09 17:35:00,96.100718359,96.100718359,96.100718359,96.100718359,111671.0
2025-09-09 17:40:00,96.100718359,96.218598447,95.771332848,95.771332848,709.0
2025-09-09 17:45:00,95.771332848,95.771332848,95.771332848,95.771332848,30.0
2025-09-09 17:50:00,95.771332848,95.771332848,95.771332848,95.771332848,56.0
2025-09-09 17:55:00,95.771332848,95.771332848,95.771332848,95.771332848,605745.0
2025-09-09 18:00:00,95.771332848,95.771332848,95.771332848,95.771332848,225697.0
2025-09-09 18:05:00,95.771332848,95.771332848,95.771332848,95.771332848,85.0
2025-09-09 18:10:00,95.771332848,95.771332848,95.771332848,95.771332848,2.0
2025-09-09 18:15:00,95.771332848,95.771332848,95.771332848,95.771332848,0.0
2025-09-09 18:20:00,95.771332848,95.771332848,95.771332848,95.771332848,14.0
2025-09-09 18:25:00,95.771332848,95.771332848,95.771332848,95.771332848,187.0
2025-09-09 18:30:00,95.771332848,95.771332848,95.771332848,95.771332848,2.0
2025-09-09 18:35:00,95.771332848,95.771332848,95.771332848,95.771332848,3.0
2025-09-09 18:40:00,95.771332848,95.771332848,95.771332848,95.771332848,42.0
2025-09-09 18:45:00,95.721425952,95.721425952,95.362096303,95.362096303,1000.0
2025-09-09 18:50:00,95.362096303,95.362096303,95.362096303,95.362096303,145.0
2025-09-09 18:55:00,95.362096303,95.362096303,95.362096303,95.362096303,59.0
2025-09-09 19:00:00,95.362096303,95.362096303,95.362096303,95.362096303,50.0
2025-09-09 19:05:00,95.362096303,95.362096303,95.362096303,95.362096303,28.0
2025-09-09 19:10:00,95.362096303,95.362096303,95.362096303,95.362096303,1.0
2025-09-09 19:15:00,95.362096303,95.362096303,95.362096303,95.362096303,72.0
2025-09-09 19:20:00,95.362096303,95.362096303,95.362096303,95.362096303,86.0
2025-09-09 19:25:00,95.362096303,95.362096303,95.362096303,95.362096303,42.0
2025-09-09 19:30:00,95.362096303,95.39204044,95.362096303,95.362096303,605.0
2025-09-09 19:35:00,95.362096303,95.362096303,95.362096303,95.362096303,16.0
2025-09-09 19:40:00,95.362096303,95.671519056,95.362096303,95.671519056,109.0
2025-09-09 19:45:00,95.671519056,95.671519056,95.621612161,95.621612161,395.0
2025-09-09 19:50:00,95.621612161,95.871146639,95.621612161,95.871146639,660.0
2025-09-09 19:55:00,95.871146639,96.200532151,95.871146639,96.200532151,1226.0
2025-09-09 20:00:00,96.200532151,96.260420426,96.200532151,96.260420426,820.0
2025-09-10 04:05:00,94.363958389,94.363958389,94.363958389,94.363958389,113.0
2025-09-10 04:10:00,94.363958389,94.363958389,94.363958389,94.363958389,74.0
2025-09-10 04:15:00,94.363958389,94.363958389,94.363958389,94.363958389,65.0
2025-09-10 04:20:00,94.363958389,94.363958389,94.363958389,94.363958389,36.0
2025-09-10 04:25:00,94.363958389,94.363958389,94.363958389,94.363958389,52.0
2025-09-10 04:30:00,94.363958389,94.363958389,94.363958389,94.363958389,5.0
2025-09-10 04:35:00,94.363958389,94.363958389,94.363958389,94.363958389,161.0
2025-09-10 04:40:00,94.363958389,94.363958389,94.363958389,94.363958389,24.0
2025-09-10 04:45:00,94.363958389,95.821239744,94.363958389,95.322170787,4087.0
2025-09-10 04:50:00,95.322170787,95.811258364,95.322170787,95.811258364,183.0
2025-09-10 04:55:00,95.811258364,95.811258364,95.811258364,95.811258364,2.0
2025-09-10 05:00:00,95.811258364,95.811258364,95.811258364,95.811258364,0.0
2025-09-10 05:05:00,95.811258364,95.811258364,95.811258364,95.811258364,40.0
2025-09-10 05:10:00,95.811258364,95.811258364,95.811258364,95.811258364,30.0
2025-09-10 05:15:00,95.811258364,95.811258364,95.811258364,95.811258364,43.0
2025-09-10 05:20:00,95.811258364,95.811258364,95.811258364,95.811258364,31.0
2025-09-10 05:25:00,95.811258364,95.811258364,95.811258364,95.811258364,6.0
2025-09-10 05:30:00,95.811258364,95.811258364,95.811258364,95.811258364,0.0
2025-09-10 05:35:00,95.811258364,95.811258364,95.811258364,95.811258364,0.0
2025-09-10 05:40:00,95.811258364,95.811258364,95.811258364,95.811258364,0.0
2025-09-10 05:45:00,95.811258364,95.811258364,95.811258364,95.811258364,20.0
2025-09-10 05:50:00,95.811258364,95.811258364,95.811258364,95.811258364,0.0
2025-09-10 05:55:00,95.811258364,95.811258364,95.811258364,95.811258364,23.0
2025-09-10 06:00:00,95.811258364,95.811258364,95.811258364,95.811258364,16.0
2025-09-10 06:05:00,95.811258364,95.811258364,95.711444573,95.711444573,345.0
2025-09-10 06:10:00,95.711444573,95.711444573,95.711444573,95.711444573,15.0
2025-09-10 06:15:00,95.711444573,95.711444573,95.711444573,95.711444573,5.0
2025-09-10 06:20:00,95.711444573,95.711444573,95.461910094,95.461910094,335.0
2025-09-10 06:25:00,95.461910094,95.461910094,95.461910094,95.461910094,9.0
2025-09-10 06:30:00,95.461910094,95.461910094,95.461910094,95.461910094,32.0
2025-09-10 06:35:00,95.461910094,95.461910094,95.461910094,95.461910094,115.0
2025-09-10 06:40:00,95.461910094,95.461910094,95.461910094,95.461910094,10.0
2025-09-10 06:45:00,95.461910094,95.461910094,95.461910094,95.461910094,27.0
2025-09-10 06:50:00,95.461910094,95.461910094,95.461910094,95.461910094,20.0
2025-09-10 06:55:00,95.461910094,95.461910094,95.461910094,95.461910094,18.0
2025-09-10 07:00:00,95.461910094,95.461910094,95.461910094,95.461910094,20.0
2025-09-10 07:05:00,95.461910094,95.461910094,95.352114924,95.352114924,475.0
2025-09-10 07:10:00,95.352114924,95.352114924,95.352114924,95.352114924,0.0
2025-09-10 07:15:00,95.352114924,95.352114924,95.352114924,95.352114924,10.0
2025-09-10 07:20:00,95.352114924,95.352114924,95.352114924,95.352114924,16.0
2025-09-10 07:25:00,95.352114924,95.352114924,95.352114924,95.352114924,140.0
2025-09-10 07:30:00,95.372077682,95.40202182,95.352114924,95.40202182,447.0
2025-09-10 07:35:00,95.40202182,95.40202182,95.40202182,95.40202182,0.0
2025-09-10 07:40:00,95.40202182,95.40202182,95.40202182,95.40202182,75.0
2025-09-10 07:45:00,95.40202182,95.451928715,95.40202182,95.451928715,595.0
2025-09-10 07:50:00,95.451928715,95.451928715,95.451928715,95.451928715,108.0
2025-09-10 07:55:00,95.451928715,95.451928715,95.451928715,95.451928715,22.0
2025-09-10 08:00:00,95.451928715,95.451928715,95.451928715,95.451928715,0.0
2025-09-10 08:05:00,95.451928715,95.561624072,95.451928715,95.561624072,244650.0
2025-09-10 08:10:00,95.805668792,95.805668792,95.521798369,95.521798369,290.0
2025-09-10 08:15:00,95.521798369,95.541761128,95.521798369,95.531779748,659.0
2025-09-10 08:20:00,95.531779748,95.531779748,95.521798369,95.521798369,283.0
2025-09-10 08:25:00,95.521798369,95.621612161,95.521798369,95.621612161,968.0
2025-09-10 08:30:00,95.621612161,95.621612161,95.621612161,95.621612161,301.0
2025-09-10 08:35:00,95.621612161,95.821239744,95.621612161,95.821239744,904.0
2025-09-10 08:40:00,95.851183881,96.180569393,95.851183881,96.180569393,842.0
2025-09-10 08:45:00,96.180569393,96.180569393,96.180569393,96.180569393,174.0
2025-09-10 08:50:00,96.180569393,96.180569393,96.180569393,96.180569393,140.0
2025-09-10 08:55:00,96.180569393,96.310327321,95.960979051,96.250439047,2047.0
2025-09-10 09:00:00,96.250439047,96.250439047,96.250439047,96.250439047,334.0
2025-09-10 09:05:00,96.250439047,96.250439047,96.250439047,96.250439047,120.0
2025-09-10 09:10:00,96.250439047,96.250439047,96.21051353,96.220494909,1403.0
2025-09-10 09:15:00,96.220494909,96.220494909,96.220494909,96.220494909,192.0
2025-09-10 09:20:00,96.220494909,96.519936283,96.220494909,96.519936283,906.0
2025-09-10 09:25:00,96.519936283,96.519936283,95.891109397,96.360234217,7103.0
2025-09-10 09:30:00,96.370215596,96.370215596,95.841202502,95.970960431,7551.0
2025-09-10 09:35:00,95.706453883,95.901090777,94.513679076,95.032710791,245194.0
2025-09-10 09:40:00,95.032710791,95.082617687,94.324032873,94.343995631,108156.0
2025-09-10 09:45:00,94.432829905,94.713206845,94.187687233,94.633455626,67622.0
2025-09-10 09:50:00,94.593530109,94.693343901,94.264144598,94.264144598,105426.0
2025-09-10 09:55:00,94.264144598,94.587541282,94.23420046,94.378930458,76711.0
2025-09-10 10:00:00,94.383921147,94.932897,94.35397701,94.81811114,274864.0
2025-09-10 10:05:00,94.833083209,95.481773039,94.793157692,95.471891474,84431.0
2025-09-10 10:10:00,95.491854232,95.771332848,95.382059061,95.601649402,100991.0
2025-09-10 10:15:00,95.651556298,95.85617457,95.423980854,95.481872853,107102.0
2025-09-10 10:20:00,95.51181699,95.661537677,95.40202182,95.641574919,68840.0
2025-09-10 10:25:00,95.621612161,95.950997672,95.606640092,95.891109397,96659.0
2025-09-10 10:30:00,95.941016293,95.990923189,95.501835611,95.641574919,81660.0
2025-09-10 10:35:00,95.641574919,95.950997672,95.62660285,95.841202502,59111.0
2025-09-10 10:40:00,95.846193191,95.970960431,95.766342158,95.960979051,108096.0
2025-09-10 10:45:00,95.960979051,96.000904568,95.761351469,95.841202502,49215.0
2025-09-10 10:50:00,95.841202502,95.886118708,95.551742507,95.711444573,46488.0
2025-09-10 10:55:00,95.711444573,95.716435263,95.521798369,95.611630782,50535.0
2025-09-10 11:00:00,95.611630782,95.671519056,95.372077682,95.526789059,43560.0
2025-09-10 11:05:00,95.526789059,95.666528367,95.390942489,95.471891474,42556.0
2025-09-10 11:10:00,95.451928715,95.491854232,95.272263891,95.332152166,36818.0
2025-09-10 11:15:00,95.342133545,95.412003199,95.172849355,95.227347685,35023.0
2025-09-10 11:20:00,95.232338374,95.28224527,95.132524583,95.142505962,91702.0
2025-09-10 11:25:00,95.16246872,95.332152166,95.062654929,95.132524583,108103.0
2025-09-10 11:30:00,95.086610239,95.362096303,95.082617687,95.212375616,78043.0
2025-09-10 11:35:00,95.182431479,95.232338374,95.072636308,95.172450099,33918.0
2025-09-10 11:40:00,95.172450099,95.40202182,95.132524583,95.39204044,49851.0
2025-09-10 11:45:00,95.393637461,95.491854232,94.783176313,94.783176313,116946.0
2025-09-10 11:50:00,94.778185623,94.942878379,94.778185623,94.853045967,101093.0
2025-09-10 11:55:00,94.848055277,94.922915621,94.704323418,94.753232176,43850.0
2025-09-10 12:00:00,94.758222865,94.758222865,94.543623214,94.663399763,42868.0
2025-09-10 12:05:00,94.653418384,94.798148382,94.58354873,94.673381142,46957.0
2025-09-10 12:10:00,94.643437005,94.833083209,94.643437005,94.783176313,26207.0
2025-09-10 12:15:00,94.793157692,94.81312045,94.608502178,94.613492868,47275.0
2025-09-10 12:20:00,94.613492868,94.633455626,94.388911837,94.423846664,64819.0
2025-09-10 12:25:00,94.418855974,94.58354873,94.264144598,94.493716318,54341.0
2025-09-10 12:30:00,94.503697697,94.548613903,94.304070114,94.47375356,39933.0
2025-09-10 12:35:00,94.503697697,94.503697697,94.254163219,94.34898632,55295.0
2025-09-10 12:40:00,94.35397701,94.483734939,94.294088735,94.403883906,632282.0
2025-09-10 12:45:00,94.373939768,94.523660455,94.314051493,94.493716318,55723.0
2025-09-10 12:50:00,94.513679076,94.633455626,94.324032873,94.324032873,65719.0
2025-09-10 12:55:00,94.304070114,94.334014252,94.064217573,94.084479773,54736.0
2025-09-10 13:00:00,94.094461152,94.34898632,94.081784801,94.314051493,49324.0
2025-09-10 13:05:00,94.304070114,94.453790801,94.284107356,94.363958389,60197.0
2025-09-10 13:10:00,94.373939768,94.403883906,94.214237702,94.35397701,23657.0
2025-09-10 13:15:00,94.343995631,94.393902526,94.294088735,94.334014252,46270.0
2025-09-10 13:20:00,94.324032873,94.339004941,94.209247012,94.254163219,38798.0
2025-09-10 13:25:00,94.254163219,94.314051493,94.104442531,94.179302875,38976.0
2025-09-10 13:30:00,94.179302875,94.211442916,94.064517015,94.189284254,40778.0
2025-09-10 13:35:00,94.169321496,94.393902526,94.169321496,94.334014252,46331.0
2025-09-10 13:40:00,94.35397701,94.373939768,94.264144598,94.373939768,36770.0
2025-09-10 13:45:00,94.383921147,94.493716318,94.383921147,94.47375356,33585.0
2025-09-10 13:50:00,94.47375356,94.47375356,94.294088735,94.393902526,78263.0
2025-09-10 13:55:00,94.418855974,94.501202352,94.363958389,94.373939768,52210.0
2025-09-10 14:00:00,94.368949079,94.368949079,94.161635834,94.284107356,261219.0
2025-09-10 14:05:00,94.294088735,94.413865285,94.294088735,94.378930458,28801.0
2025-09-10 14:10:00,94.373939768,94.413865285,94.204256323,94.204256323,48045.0
2025-09-10 14:15:00,94.204256323,94.204256323,94.084479773,94.169321496,38306.0
2025-09-10 14:20:00,94.164330806,94.209247012,94.044554257,94.044554257,291125.0
2025-09-10 14:25:00,94.034572877,94.034572877,93.795019778,93.834945295,60470.0
2025-09-10 14:30:00,93.834945295,93.894833569,93.77505702,93.785038399,39680.0
2025-09-10 14:35:00,93.785038399,93.984665982,93.745112882,93.962906575,48786.0
2025-09-10 14:40:00,93.984665982,94.059526325,93.834945295,94.029582188,47024.0
2025-09-10 14:45:00,94.034572877,94.194274944,94.034572877,94.12440529,45171.0
2025-09-10 14:50:00,94.148759855,94.224219081,94.064517015,94.224219081,41688.0
2025-09-10 14:55:00,94.219228392,94.294088735,94.219228392,94.294088735,48498.0
2025-09-10 15:00:00,94.274125977,94.343995631,94.204256323,94.343995631,42955.0
2025-09-10 15:05:00,94.35397701,94.393902526,94.194274944,94.279116666,60039.0
2025-09-10 15:10:00,94.274125977,94.35397701,94.23420046,94.259153908,44468.0
2025-09-10 15:15:00,94.264144598,94.443809422,94.264144598,94.423846664,79822.0
2025-09-10 15:20:00,94.433828043,94.603511488,94.423846664,94.593530109,63228.0
2025-09-10 15:25:00,94.573567351,94.573567351,94.363958389,94.443809422,68970.0
2025-09-10 15:30:00,94.448800112,94.553604593,94.443809422,94.533641834,58443.0
2025-09-10 15:35:00,94.533641834,94.788167003,94.533641834,94.753232176,68444.0
2025-09-10 15:40:00,94.753232176,94.763213555,94.613492868,94.613492868,62187.0
2025-09-10 15:45:00,94.613492868,94.803139071,94.603511488,94.783176313,81851.0
2025-09-10 15:50:00,94.793157692,94.922915621,94.743250796,94.917924931,187316.0
2025-09-10 15:55:00,94.942878379,95.072636308,94.828092519,94.907943552,244308.0
2025-09-10 16:00:00,94.902952863,94.912934242,94.743250796,94.843064588,1462345.0
2025-09-10 16:05:00,94.843064588,94.843064588,94.843064588,94.843064588,243667.0
2025-09-10 16:10:00,94.843064588,94.843064588,94.843064588,94.843064588,7427.0
2025-09-10 16:15:00,94.843064588,95.312189407,94.843064588,95.312189407,322.0
2025-09-10 16:20:00,95.312189407,95.312189407,94.843064588,94.843064588,2677.0
2025-09-10 16:25:00,94.843064588,94.843064588,94.843064588,94.843064588,12939.0
2025-09-10 16:30:00,94.843064588,94.843064588,94.843064588,94.843064588,5520.0
2025-09-10 16:35:00,94.843064588,94.843064588,94.843064588,94.843064588,32.0
2025-09-10 16:40:00,94.673381142,94.843064588,94.673381142,94.843064588,4029.0
2025-09-10 16:45:00,94.843064588,94.843064588,94.431133071,94.431133071,166.0
2025-09-10 16:50:00,94.431133071,94.431133071,94.431133071,94.431133071,0.0
2025-09-10 16:55:00,94.431133071,94.431133071,94.431133071,94.431133071,0.0
2025-09-10 17:00:00,94.431133071,94.431133071,94.431133071,94.431133071,11.0
2025-09-10 17:05:00,94.431133071,94.431133071,94.431133071,94.431133071,2.0
2025-09-10 17:10:00,94.431133071,94.431133071,94.431133071,94.431133071,10.0
2025-09-10 17:15:00,94.431133071,94.431133071,94.431133071,94.431133071,0.0
2025-09-10 17:20:00,94.431133071,94.431133071,94.431133071,94.431133071,1.0
2025-09-10 17:25:00,94.543623214,94.543623214,94.543623214,94.543623214,100.0
2025-09-10 17:30:00,94.543623214,94.543623214,94.543623214,94.543623214,0.0
2025-09-10 17:35:00,94.543623214,94.543623214,94.543623214,94.543623214,39.0
2025-09-10 17:40:00,94.543623214,94.543623214,94.543623214,94.543623214,2.0
2025-09-10 17:45:00,94.543623214,94.543623214,94.543623214,94.543623214,0.0
2025-09-10 17:50:00,94.543623214,94.543623214,94.543623214,94.543623214,2.0
2025-09-10 17:55:00,94.843064588,94.843064588,94.843064588,94.843064588,76800.0
2025-09-10 18:00:00,94.843064588,94.843064588,94.843064588,94.843064588,10.0
2025-09-10 18:05:00,94.843064588,94.843064588,94.843064588,94.843064588,31.0
2025-09-10 18:10:00,94.843064588,94.843064588,94.843064588,94.843064588,0.0
2025-09-10 18:15:00,94.843064588,94.843064588,94.843064588,94.843064588,18.0
2025-09-10 18:20:00,94.843064588,94.843064588,94.843064588,94.843064588,0.0
2025-09-10 18:25:00,94.843064588,94.843064588,94.843064588,94.843064588,7.0
2025-09-10 18:30:00,94.843064588,94.843064588,94.843064588,94.843064588,0.0
2025-09-10 18:35:00,94.843064588,94.843064588,94.843064588,94.843064588,5.0
2025-09-10 18:40:00,94.793157692,94.793157692,94.793157692,94.793157692,400.0
2025-09-10 18:45:00,94.793157692,94.793157692,94.793157692,94.793157692,53.0
2025-09-10 18:50:00,94.793157692,94.793157692,94.793157692,94.793157692,1.0
2025-09-10 18:55:00,94.793157692,94.793157692,94.793157692,94.793157692,0.0
2025-09-10 19:00:00,94.793157692,94.793157692,94.793157692,94.793157692,3.0
2025-09-10 19:05:00,94.793157692,94.793157692,94.793157692,94.793157692,64.0
2025-09-10 19:10:00,94.793157692,94.793157692,94.793157692,94.793157692,0.0
2025-09-10 19:15:00,94.793157692,94.793157692,94.793157692,94.793157692,0.0
2025-09-10 19:20:00,94.793157692,94.793157692,94.793157692,94.793157692,0.0
2025-09-10 19:25:00,94.793157692,94.793157692,94.793157692,94.793157692,0.0
2025-09-10 19:30:00,94.793157692,94.793157692,94.793157692,94.793157692,57.0
2025-09-10 19:35:00,94.82310183,94.82310183,94.82310183,94.82310183,176.0
2025-09-10 19:40:00,94.82310183,94.82310183,94.82310183,94.82310183,0.0
2025-09-10 19:45:00,94.82310183,94.82310183,94.82310183,94.82310183,5.0
2025-09-10 19:50:00,94.82310183,94.82310183,94.82310183,94.82310183,30.0
2025-09-10 19:55:00,94.82310183,94.82310183,94.82310183,94.82310183,35.0
2025-09-10 20:00:00,94.82310183,94.82310183,94.82310183,94.82310183,12.0
2025-09-11 04:05:00,94.843064588,94.843064588,94.843064588,94.843064588,11.0
2025-09-11 04:10:00,94.843064588,94.843064588,94.843064588,94.843064588,7.0
2025-09-11 04:15:00,94.843064588,94.843064588,94.843064588,94.843064588,22.0
2025-09-11 04:20:00,94.843064588,94.843064588,94.843064588,94.843064588,34.0
2025-09-11 04:25:00,94.843064588,94.843064588,94.843064588,94.843064588,0.0
2025-09-11 04:30:00,94.843064588,94.843064588,94.843064588,94.843064588,0.0
2025-09-11 04:35:00,94.843064588,94.843064588,94.843064588,94.843064588,20.0
2025-09-11 04:40:00,94.843064588,94.843064588,94.843064588,94.843064588,0.0
2025-09-11 04:45:00,95.302208028,95.322170787,95.212375616,95.212375616,936.0
2025-09-11 04:50:00,95.212375616,95.212375616,95.212375616,95.212375616,0.0
2025-09-11 04:55:00,95.212375616,95.212375616,95.212375616,95.212375616,10.0
2025-09-11 05:00:00,95.212375616,95.212375616,95.212375616,95.212375616,17.0
2025-09-11 05:05:00,95.212375616,95.212375616,95.212375616,95.212375616,0.0
2025-09-11 05:10:00,95.212375616,95.212375616,95.212375616,95.212375616,0.0
2025-09-11 05:15:00,95.212375616,95.212375616,95.212375616,95.212375616,0.0
2025-09-11 05:20:00,95.212375616,95.212375616,95.212375616,95.212375616,0.0
2025-09-11 05:25:00,95.212375616,95.212375616,95.212375616,95.212375616,0.0
2025-09-11 05:30:00,95.212375616,95.212375616,95.212375616,95.212375616,6.0
2025-09-11 05:35:00,95.212375616,95.212375616,95.212375616,95.212375616,0.0
2025-09-11 05:40:00,95.212375616,95.212375616,95.212375616,95.212375616,0.0
2025-09-11 05:45:00,95.212375616,95.212375616,95.212375616,95.212375616,8.0
2025-09-11 05:50:00,95.212375616,95.212375616,95.212375616,95.212375616,50.0
2025-09-11 05:55:00,95.212375616,95.212375616,95.212375616,95.212375616,20.0
2025-09-11 06:00:00,95.212375616,95.212375616,95.212375616,95.212375616,0.0
2025-09-11 06:05:00,95.212375616,95.212375616,95.212375616,95.212375616,0.0
2025-09-11 06:10:00,95.212375616,95.212375616,95.212375616,95.212375616,0.0
2025-09-11 06:15:00,95.132524583,95.132524583,95.132524583,95.132524583,100.0
2025-09-11 06:20:00,95.132524583,95.132524583,95.132524583,95.132524583,0.0
2025-09-11 06:25:00,95.132524583,95.132524583,95.132524583,95.132524583,0.0
2025-09-11 06:30:00,95.132524583,95.132524583,95.132524583,95.132524583,0.0
2025-09-11 06:35:00,95.132524583,95.132524583,95.132524583,95.132524583,0.0
2025-09-11 06:40:00,95.132524583,95.132524583,95.132524583,95.132524583,0.0
2025-09-11 06:45:00,95.132524583,95.312189407,95.132524583,95.312189407,538.0
2025-09-11 06:50:00,95.312189407,95.312189407,95.312189407,95.312189407,25.0
2025-09-11 06:55:00,95.312189407,95.312189407,95.312189407,95.312189407,15.0
2025-09-11 07:00:00,95.312189407,95.312189407,95.312189407,95.312189407,0.0
2025-09-11 07:05:00,95.312189407,95.312189407,95.312189407,95.312189407,17.0
2025-09-11 07:10:00,95.312189407,95.312189407,95.312189407,95.312189407,13.0
2025-09-11 07:15:00,95.312189407,95.312189407,95.312189407,95.312189407,0.0
2025-09-11 07:20:00,95.312189407,95.312189407,95.312189407,95.312189407,105.0
2025-09-11 07:25:00,95.312189407,95.601649402,95.312189407,95.601649402,367.0
2025-09-11 07:30:00,95.601649402,95.601649402,95.431965957,95.431965957,318.0
2025-09-11 07:35:00,95.431965957,95.431965957,95.431965957,95.431965957,0.0
2025-09-11 07:40:00,95.431965957,95.431965957,95.431965957,95.431965957,5.0
2025-09-11 07:45:00,95.431965957,95.431965957,95.431965957,95.431965957,0.0
2025-09-11 07:50:00,95.431965957,95.431965957,95.431965957,95.431965957,0.0
2025-09-11 07:55:00,95.431965957,95.431965957,95.431965957,95.431965957,2.0
2025-09-11 08:00:00,95.431965957,95.431965957,95.431965957,95.431965957,0.0
2025-09-11 08:05:00,95.431965957,95.611630782,95.431965957,95.501835611,4942.0
2025-09-11 08:10:00,95.501835611,95.621612161,95.501835611,95.621612161,242.0
2025-09-11 08:15:00,95.639578643,95.639578643,95.639578643,95.639578643,246.0
2025-09-11 08:20:00,95.639578643,95.639578643,95.639578643,95.639578643,120.0
2025-09-11 08:25:00,95.639578643,95.639578643,95.639578643,95.639578643,60.0
2025-09-11 08:30:00,95.639578643,95.639578643,95.639578643,95.639578643,35.0
2025-09-11 08:35:00,95.639578643,95.639578643,95.122543204,95.322170787,1867.0
2025-09-11 08:40:00,95.322170787,95.322170787,95.022729412,95.022729412,29513.0
2025-09-11 08:45:00,95.022729412,95.082617687,95.022729412,95.082617687,11556.0
2025-09-11 08:50:00,95.082617687,95.581686644,95.082617687,95.581686644,501.0
2025-09-11 08:55:00,95.581686644,95.581686644,95.581686644,95.581686644,141.0
2025-09-11 09:00:00,95.581686644,95.581686644,95.581686644,95.581686644,8.0
2025-09-11 09:05:00,95.581686644,95.581686644,95.581686644,95.581686644,25.0
2025-09-11 09:10:00,95.581686644,95.771332848,95.581686644,95.771332848,6085.0
2025-09-11 09:15:00,95.801276985,95.801276985,95.801276985,95.801276985,750.0
2025-09-11 09:20:00,95.801276985,96.310327321,95.771332848,96.310327321,67153.0
2025-09-11 09:25:00,96.310327321,96.320308701,96.310327321,96.320308701,769.0
2025-09-11 09:30:00,96.320308701,96.809396278,96.320308701,96.799414899,3090.0
2025-09-11 09:35:00,96.689619729,97.557999714,96.5598618,97.333418683,241385.0
2025-09-11 09:40:00,97.471960226,97.59792523,96.819377658,97.078893515,158916.0
2025-09-11 09:45:00,97.078893515,97.25855834,96.889247311,97.218632823,199893.0
2025-09-11 09:50:00,97.188688686,97.228614202,96.629731454,96.864293864,137927.0
2025-09-11 09:55:00,96.864293864,96.864293864,95.791295606,95.881128018,125696.0
2025-09-11 10:00:00,95.861764143,96.263414839,95.86116526,95.881128018,85658.0
2025-09-11 10:05:00,95.881128018,95.891109397,95.252301133,95.439751433,129301.0
2025-09-11 10:10:00,95.412003199,95.831221123,95.262282512,95.322170787,135785.0
2025-09-11 10:15:00,95.327161476,95.441947336,95.002766654,95.083615825,148980.0
2025-09-11 10:20:00,95.072636308,95.192412858,94.912934242,95.092599066,92861.0
2025-09-11 10:25:00,95.102580445,95.16246872,94.972822517,95.05267355,117956.0
2025-09-11 10:30:00,95.012748033,95.05267355,94.678371832,94.743250796,85089.0
2025-09-11 10:35:00,94.733269417,95.04768286,94.453790801,95.007757344,108781.0
2025-09-11 10:40:00,94.992785275,95.092599066,94.803139071,95.062654929,59732.0
2025-09-11 10:45:00,95.092599066,95.27725458,95.072636308,95.252301133,72036.0
2025-09-11 10:50:00,95.272263891,95.297217339,95.032710791,95.292226649,56631.0
2025-09-11 10:55:00,95.312189407,95.372077682,95.042692171,95.152487341,104563.0
2025-09-11 11:00:00,95.132524583,95.157478031,94.922915621,94.932897,82117.0
2025-09-11 11:05:00,94.932897,94.972822517,94.289098046,94.344095445,105315.0
2025-09-11 11:10:00,94.343995631,94.733269417,94.343995631,94.46377218,195894.0
2025-09-11 11:15:00,94.47375356,94.503697697,94.236196736,94.304070114,87731.0
2025-09-11 11:20:00,94.304070114,94.912934242,94.294088735,94.843064588,86297.0
2025-09-11 11:25:00,94.843064588,94.932897,94.643437005,94.685857866,50221.0
2025-09-11 11:30:00,94.70332528,94.992785275,94.70332528,94.932897,48258.0
2025-09-11 11:35:00,94.962841137,95.062654929,94.902952863,94.902952863,46868.0
2025-09-11 11:40:00,94.892971483,94.892971483,94.723288038,94.848055277,38984.0
2025-09-11 11:45:00,94.863027346,94.952859758,94.723288038,94.843064588,115653.0
2025-09-11 11:50:00,94.833083209,94.922915621,94.70332528,94.81312045,56349.0
2025-09-11 11:55:00,94.82310183,94.863027346,94.663399763,94.683362522,56936.0
2025-09-11 12:00:00,94.683362522,95.302208028,94.683362522,95.28224527,98023.0
2025-09-11 12:05:00,95.302208028,95.417193516,95.042692171,95.407112323,63429.0
2025-09-11 12:10:00,95.39204044,95.407012509,95.152487341,95.202394237,36412.0
2025-09-11 12:15:00,95.202394237,95.257291822,95.082617687,95.142505962,30329.0
2025-09-11 12:20:00,95.112561825,95.182431479,94.922915621,95.022729412,30410.0
2025-09-11 12:25:00,95.017738723,95.182431479,95.017738723,95.107571135,36253.0
2025-09-11 12:30:00,95.092599066,95.192412858,95.077626998,95.122543204,23396.0
2025-09-11 12:35:00,95.127533893,95.242319753,95.127533893,95.242319753,25573.0
2025-09-11 12:40:00,95.28224527,95.461910094,95.272263891,95.407012509,38846.0
2025-09-11 12:45:00,95.39204044,95.586677334,95.322170787,95.531779748,46556.0
2025-09-11 12:50:00,95.571705265,95.7463794,95.441947336,95.694176787,63795.0
2025-09-11 12:55:00,95.691481815,95.691481815,95.412003199,95.476882163,27281.0
2025-09-11 13:00:00,95.471891474,95.661537677,95.421984578,95.606640092,19307.0
2025-09-11 13:05:00,95.621612161,95.761351469,95.621612161,95.701463194,22573.0
2025-09-11 13:10:00,95.701463194,96.09572767,95.691481815,96.050811464,46108.0
2025-09-11 13:15:00,96.040830085,96.150625255,96.000904568,96.050811464,34836.0
2025-09-11 13:20:00,96.080755601,96.080755601,95.851183881,95.931034914,52213.0
2025-09-11 13:25:00,95.936025604,96.030848705,95.931034914,96.000904568,43380.0
2025-09-11 13:30:00,95.985932499,96.040830085,95.821239744,95.911072156,32596.0
2025-09-11 13:35:00,95.941016293,96.050811464,95.921053535,96.015876637,35317.0
2025-09-11 13:40:00,96.020867326,96.030848705,95.931034914,95.955988362,33302.0
2025-09-11 13:45:00,95.960979051,96.050811464,95.886118708,95.924846459,25720.0
2025-09-11 13:50:00,95.924846459,95.990923189,95.591668023,95.596658713,39281.0
2025-09-11 13:55:00,95.621612161,95.721425952,95.571705265,95.701463194,22221.0
2025-09-11 14:00:00,95.701463194,95.811258364,95.701463194,95.809761157,22901.0
2025-09-11 14:05:00,95.806267675,95.806267675,95.501835611,95.51181699,35105.0
2025-09-11 14:10:00,95.51181699,95.551742507,95.461910094,95.476882163,24234.0
2025-09-11 14:15:00,95.491854232,95.491854232,95.197403547,95.216567795,44490.0
2025-09-11 14:20:00,95.202394237,95.28224527,95.152487341,95.252301133,25804.0
2025-09-11 14:25:00,95.242319753,95.27725458,95.102580445,95.112561825,25526.0
2025-09-11 14:30:00,95.132524583,95.172450099,95.032710791,95.032710791,23007.0
2025-09-11 14:35:00,95.042692171,95.182431479,95.032710791,95.112561825,20136.0
2025-09-11 14:40:00,95.082617687,95.322170787,95.05267355,95.322170787,27935.0
2025-09-11 14:45:00,95.327161476,95.327161476,95.122543204,95.122543204,37189.0
2025-09-11 14:50:00,95.117552514,95.272263891,95.092599066,95.262282512,44331.0
2025-09-11 14:55:00,95.272263891,95.39204044,95.207384926,95.352114924,37149.0
2025-09-11 15:00:00,95.372077682,95.506826301,95.352114924,95.501835611,48068.0
2025-09-11 15:05:00,95.481872853,95.601649402,95.451928715,95.586677334,43959.0
2025-09-11 15:10:00,95.581686644,95.651556298,95.551742507,95.601649402,50807.0
2025-09-11 15:15:00,95.611630782,95.641574919,95.39204044,95.51680768,82907.0
2025-09-11 15:20:00,95.531779748,95.75137009,95.451928715,95.701463194,82897.0
2025-09-11 15:25:00,95.691481815,95.771332848,95.641574919,95.75137009,47116.0
2025-09-11 15:30:00,95.75137009,95.781314227,95.596658713,95.661537677,75441.0
2025-09-11 15:35:00,95.671519056,95.671519056,95.501835611,95.531779748,49880.0
2025-09-11 15:40:00,95.536770438,95.551742507,95.481872853,95.51680768,36281.0
2025-09-11 15:45:00,95.51181699,95.701463194,95.51181699,95.651556298,72794.0
2025-09-11 15:50:00,95.641574919,95.701463194,95.431965957,95.606640092,115900.0
2025-09-11 15:55:00,95.591668023,95.851183881,95.382059061,95.831221123,234187.0
2025-09-11 16:00:00,95.841202502,96.055802153,95.641574919,95.970960431,1417626.0
2025-09-11 16:05:00,95.970960431,95.970960431,95.831221123,95.950997672,69480.0
2025-09-11 16:10:00,95.950997672,95.960979051,95.950997672,95.960979051,242.0
2025-09-11 16:15:00,95.960979051,95.970960431,95.960979051,95.960979051,380.0
2025-09-11 16:20:00,95.960979051,95.960979051,95.960979051,95.960979051,237.0
2025-09-11 16:25:00,95.960979051,95.970960431,95.960979051,95.970960431,122.0
2025-09-11 16:30:00,95.970960431,95.970960431,95.970960431,95.970960431,15.0
2025-09-11 16:35:00,95.970960431,96.200532151,95.970960431,96.200532151,64999.0
2025-09-11 16:40:00,96.200532151,96.200532151,95.731407331,95.731407331,1486.0
2025-09-11 16:45:00,95.970960431,95.970960431,95.970960431,95.970960431,31650.0
2025-09-11 16:50:00,95.970960431,95.970960431,95.970960431,95.970960431,1.0
2025-09-11 16:55:00,95.970960431,95.970960431,95.970960431,95.970960431,5.0
2025-09-11 17:00:00,95.970960431,95.970960431,95.970960431,95.970960431,97.0
2025-09-11 17:05:00,95.721425952,95.721425952,95.721425952,95.721425952,830.0
2025-09-11 17:10:00,95.721425952,95.721425952,95.721425952,95.721425952,0.0
2025-09-11 17:15:00,95.721425952,95.721425952,95.721425952,95.721425952,0.0
2025-09-11 17:20:00,95.721425952,95.721425952,95.721425952,95.721425952,0.0
2025-09-11 17:25:00,95.721425952,95.721425952,95.721425952,95.721425952,0.0
2025-09-11 17:30:00,95.721425952,95.731407331,95.721425952,95.731407331,225.0
2025-09-11 17:35:00,95.731407331,95.731407331,95.731407331,95.731407331,0.0
2025-09-11 17:40:00,95.731407331,95.731407331,95.731407331,95.731407331,0.0
2025-09-11 17:45:00,95.731407331,95.731407331,95.731407331,95.731407331,1.0
2025-09-11 17:50:00,95.731407331,95.731407331,95.731407331,95.731407331,47.0
2025-09-11 17:55:00,95.731407331,95.731407331,95.731407331,95.731407331,10.0
2025-09-11 18:00:00,95.731407331,95.731407331,95.731407331,95.731407331,56.0
2025-09-11 18:05:00,95.731407331,95.731407331,95.731407331,95.731407331,53.0
2025-09-11 18:10:00,95.731407331,95.731407331,95.731407331,95.731407331,0.0
2025-09-11 18:15:00,95.731407331,95.731407331,95.731407331,95.731407331,0.0
2025-09-11 18:20:00,95.721425952,95.721425952,95.721425952,95.721425952,150.0
2025-09-11 18:25:00,95.721425952,95.721425952,95.721425952,95.721425952,51.0
2025-09-11 18:30:00,95.721425952,95.721425952,95.721425952,95.721425952,105.0
2025-09-11 18:35:00,95.721425952,95.721425952,95.721425952,95.721425952,1.0
2025-09-11 18:40:00,95.721425952,95.721425952,95.721425952,95.721425952,0.0
2025-09-11 18:45:00,95.721425952,95.721425952,95.721425952,95.721425952,0.0
2025-09-11 18:50:00,95.721425952,95.721425952,95.721425952,95.721425952,0.0
2025-09-11 18:55:00,95.721425952,95.721425952,95.721425952,95.721425952,1.0
2025-09-11 19:00:00,95.721425952,95.721425952,95.721425952,95.721425952,20.0
2025-09-11 19:05:00,95.721425952,96.722159025,95.721425952,96.722159025,360.0
2025-09-11 19:10:00,96.722159025,96.722159025,96.722159025,96.722159025,0.0
2025-09-11 19:15:00,96.722159025,96.722159025,96.722159025,96.722159025,7.0
2025-09-11 19:20:00,96.722159025,96.722159025,96.722159025,96.722159025,0.0
2025-09-11 19:25:00,96.722159025,96.722159025,96.722159025,96.722159025,25.0
2025-09-11 19:30:00,96.722159025,96.722159025,96.722159025,96.722159025,0.0
2025-09-11 19:35:00,96.722159025,96.722159025,96.722159025,96.722159025,11.0
2025-09-11 19:40:00,96.722159025,96.722159025,96.722159025,96.722159025,11.0
2025-09-11 19:45:00,96.722159025,96.722159025,96.722159025,96.722159025,0.0
2025-09-11 19:50:00,96.722159025,96.722159025,96.722159025,96.722159025,10.0
2025-09-11 19:55:00,96.722159025,96.722159025,96.722159025,96.722159025,12.0
2025-09-11 20:00:00,96.722159025,96.722159025,96.722159025,96.722159025,1.0
2025-09-12 04:05:00,95.970960431,95.970960431,95.970960431,95.970960431,341.0
2025-09-12 04:10:00,95.970960431,95.970960431,95.970960431,95.970960431,153.0
2025-09-12 04:15:00,95.970960431,96.150625255,95.970960431,96.080755601,970.0
2025-09-12 04:20:00,96.080755601,96.080755601,96.020867326,96.020867326,751.0
2025-09-12 04:25:00,96.020867326,96.020867326,96.020867326,96.020867326,68.0
2025-09-12 04:30:00,96.020867326,96.020867326,96.020867326,96.020867326,14.0
2025-09-12 04:35:00,96.020867326,96.020867326,96.020867326,96.020867326,24.0
2025-09-12 04:40:00,96.020867326,96.020867326,96.020867326,96.020867326,17.0
2025-09-12 04:45:00,96.020867326,96.020867326,96.020867326,96.020867326,0.0
2025-09-12 04:50:00,96.020867326,96.020867326,96.020867326,96.020867326,54.0
2025-09-12 04:55:00,96.020867326,96.020867326,96.020867326,96.020867326,137.0
2025-09-12 05:00:00,96.020867326,96.020867326,96.020867326,96.020867326,42.0
2025-09-12 05:05:00,96.020867326,96.020867326,96.020867326,96.020867326,0.0
2025-09-12 05:10:00,96.020867326,96.020867326,96.020867326,96.020867326,33.0
2025-09-12 05:15:00,96.020867326,96.020867326,96.020867326,96.020867326,16.0
2025-09-12 05:20:00,96.020867326,96.020867326,96.020867326,96.020867326,80.0
2025-09-12 05:25:00,96.020867326,96.020867326,95.911072156,95.911072156,184.0
2025-09-12 05:30:00,95.911072156,95.911072156,95.911072156,95.911072156,0.0
2025-09-12 05:35:00,95.911072156,95.911072156,95.911072156,95.911072156,222.0
2025-09-12 05:40:00,95.911072156,95.911072156,95.911072156,95.911072156,5.0
2025-09-12 05:45:00,95.911072156,95.911072156,95.911072156,95.911072156,0.0
2025-09-12 05:50:00,95.911072156,95.911072156,95.911072156,95.911072156,0.0
2025-09-12 05:55:00,95.911072156,95.911072156,95.911072156,95.911072156,0.0
2025-09-12 06:00:00,95.911072156,95.911072156,95.911072156,95.911072156,15.0
2025-09-12 06:05:00,95.911072156,95.911072156,95.911072156,95.911072156,0.0
2025-09-12 06:10:00,95.911072156,95.911072156,95.911072156,95.911072156,0.0
2025-09-12 06:15:00,95.911072156,95.970960431,95.911072156,95.970960431,436.0
2025-09-12 06:20:00,95.970960431,95.970960431,95.970960431,95.970960431,0.0
2025-09-12 06:25:00,95.970960431,95.970960431,95.970960431,95.970960431,0.0
2025-09-12 06:30:00,95.970960431,95.970960431,95.970960431,95.970960431,99.0
2025-09-12 06:35:00,95.970960431,96.010885947,95.970960431,96.010885947,520.0
2025-09-12 06:40:00,96.010885947,96.010885947,96.010885947,96.010885947,5.0
2025-09-12 06:45:00,96.010885947,96.010885947,96.010885947,96.010885947,0.0
2025-09-12 06:50:00,96.010885947,96.190550772,96.010885947,96.190550772,1290.0
2025-09-12 06:55:00,96.190550772,96.190550772,96.190550772,96.190550772,1.0
2025-09-12 07:00:00,96.190550772,96.190550772,96.190550772,96.190550772,30.0
2025-09-12 07:05:00,96.190550772,96.190550772,96.190550772,96.190550772,15.0
2025-09-12 07:10:00,96.190550772,96.21051353,96.160606634,96.21051353,1036.0
2025-09-12 07:15:00,96.21051353,96.300345942,96.21051353,96.300345942,702.0
2025-09-12 07:20:00,96.300345942,96.300345942,96.300345942,96.300345942,13.0
2025-09-12 07:25:00,96.300345942,96.33029008,96.300345942,96.33029008,286.0
2025-09-12 07:30:00,96.400159734,96.450066629,96.400159734,96.450066629,947.0
2025-09-12 07:35:00,96.420122492,96.420122492,96.420122492,96.420122492,478.0
2025-09-12 07:40:00,96.420122492,96.420122492,96.420122492,96.420122492,51.0
2025-09-12 07:45:00,96.420122492,96.420122492,96.420122492,96.420122492,140.0
2025-09-12 07:50:00,96.420122492,96.420122492,96.420122492,96.420122492,1.0
2025-09-12 07:55:00,96.420122492,96.420122492,96.420122492,96.420122492,0.0
2025-09-12 08:00:00,96.420122492,96.420122492,96.420122492,96.420122492,164.0
2025-09-12 08:05:00,96.420122492,96.420122492,96.420122492,96.420122492,27033.0
2025-09-12 08:10:00,96.420122492,96.420122492,96.420122492,96.420122492,10.0
2025-09-12 08:15:00,96.420122492,96.420122492,96.420122492,96.420122492,21.0
2025-09-12 08:20:00,96.420122492,96.420122492,96.420122492,96.420122492,0.0
2025-09-12 08:25:00,96.420122492,96.420122492,96.420122492,96.420122492,56.0
2025-09-12 08:30:00,96.420122492,96.519936283,96.420122492,96.519936283,551.0
2025-09-12 08:35:00,96.519936283,96.519936283,96.420122492,96.420122492,1188.0
2025-09-12 08:40:00,96.420122492,96.420122492,96.420122492,96.420122492,0.0
2025-09-12 08:45:00,96.420122492,96.420122492,96.310327321,96.310327321,165.0
2025-09-12 08:50:00,96.310327321,96.310327321,96.310327321,96.310327321,2.0
2025-09-12 08:55:00,96.310327321,96.310327321,96.310327321,96.310327321,0.0
2025-09-12 09:00:00,96.310327321,96.310327321,96.120681118,96.120681118,635.0
2025-09-12 09:05:00,96.120681118,96.120681118,96.120681118,96.120681118,102.0
2025-09-12 09:10:00,96.120681118,96.120681118,96.120681118,96.120681118,10.0
2025-09-12 09:15:00,96.120681118,96.120681118,96.120681118,96.120681118,1.0
2025-09-12 09:20:00,96.120681118,96.120681118,96.120681118,96.120681118,30.0
2025-09-12 09:25:00,96.120681118,96.120681118,96.120681118,96.120681118,13.0
2025-09-12 09:30:00,96.120681118,96.310327321,96.070774222,96.070774222,672.0
2025-09-12 09:35:00,96.030848705,96.499973525,95.801276985,96.415131802,150926.0
2025-09-12 09:40:00,96.33029008,97.178707307,96.290364563,96.519936283,147767.0
2025-09-12 09:45:00,96.569843179,97.308465235,96.230476288,97.068912136,79083.0
2025-09-12 09:50:00,97.068912136,97.567981093,97.01900524,97.408279027,134857.0
2025-09-12 09:55:00,97.378334889,97.398297648,96.739526624,96.777455865,61817.0
2025-09-12 10:00:00,96.812191065,96.949135586,96.519936283,96.67963835,38473.0
2025-09-12 10:05:00,96.664666281,96.969098345,96.609768696,96.869284553,68885.0
2025-09-12 10:10:00,96.889247311,97.01900524,96.699601108,96.889247311,91413.0
2025-09-12 10:15:00,96.889247311,96.929172828,96.623642813,96.689619729,56302.0
2025-09-12 10:20:00,96.673649522,96.919191449,96.654684902,96.796062154,42965.0
2025-09-12 10:25:00,96.779452141,96.78943352,96.460048008,96.584815248,66110.0
2025-09-12 10:30:00,96.599787316,96.609768696,96.250439047,96.460048008,47606.0
2025-09-12 10:35:00,96.430103871,96.509954904,96.244250591,96.423216719,33202.0
2025-09-12 10:40:00,96.44507594,96.689619729,96.430103871,96.66965697,109398.0
2025-09-12 10:45:00,96.66965697,96.66965697,96.435094561,96.450066629,53727.0
2025-09-12 10:50:00,96.470029388,96.719563866,96.44507594,96.689619729,43825.0
2025-09-12 10:55:00,96.709582487,96.853314347,96.699601108,96.839340416,48659.0
2025-09-12 11:00:00,96.839340416,96.919191449,96.66965697,96.689619729,70399.0
2025-09-12 11:05:00,96.709582487,96.759489383,96.475020077,96.480010767,36152.0
2025-09-12 11:10:00,96.470029388,96.549880421,96.320308701,96.539899042,36597.0
2025-09-12 11:15:00,96.519936283,96.644703523,96.44008525,96.450066629,37545.0
2025-09-12 11:20:00,96.450066629,96.519936283,96.395169044,96.460048008,32599.0
2025-09-12 11:25:00,96.460048008,96.569843179,96.44008525,96.489992146,29649.0
2025-09-12 11:30:00,96.470029388,96.5598618,96.435094561,96.519936283,32846.0
2025-09-12 11:35:00,96.519936283,96.589805937,96.480010767,96.569843179,144883.0
2025-09-12 11:40:00,96.539899042,96.549880421,96.350252838,96.370215596,21778.0
2025-09-12 11:45:00,96.360234217,96.44008525,96.345262148,96.420122492,16204.0
2025-09-12 11:50:00,96.420122492,96.420122492,96.21051353,96.365624162,39199.0
2025-09-12 11:55:00,96.370215596,96.609768696,96.360234217,96.579824558,35861.0
2025-09-12 12:00:00,96.609768696,96.67963835,96.494982835,96.599787316,38167.0
2025-09-12 12:05:00,96.594796627,96.634722143,96.465038698,96.534908352,24914.0
2025-09-12 12:10:00,96.524926973,96.699601108,96.509954904,96.664666281,32638.0
2025-09-12 12:15:00,96.66965697,96.90921007,96.624740764,96.869284553,92394.0
2025-09-12 12:20:00,96.869284553,96.979079724,96.769470762,96.775459589,46942.0
2025-09-12 12:25:00,96.759489383,96.974089034,96.759489383,96.929172828,42128.0
2025-09-12 12:30:00,96.929172828,96.969098345,96.849321795,96.90921007,33217.0
2025-09-12 12:35:00,96.899228691,97.208651444,96.869284553,97.188688686,65728.0
2025-09-12 12:40:00,97.203660754,97.268539719,97.13878179,97.243586271,38937.0
2025-09-12 12:45:00,97.228614202,97.433232475,97.198670065,97.308465235,46451.0
2025-09-12 12:50:00,97.268539719,97.268539719,97.058930757,97.108837653,65484.0
2025-09-12 12:55:00,97.096859998,97.36835351,97.048949378,97.293493167,62243.0
2025-09-12 13:00:00,97.278521098,97.548018335,97.243586271,97.338409373,188907.0
2025-09-12 13:05:00,97.328427994,97.353381441,97.218632823,97.218632823,22140.0
2025-09-12 13:10:00,97.213642134,97.238595581,97.028986619,97.028986619,15563.0
2025-09-12 13:15:00,97.048949378,97.198670065,97.028986619,97.168725927,27963.0
2025-09-12 13:20:00,97.148763169,97.188688686,97.088874894,97.128800411,14926.0
2025-09-12 13:25:00,97.128800411,97.338409373,97.128800411,97.333418683,17075.0
2025-09-12 13:30:00,97.348390752,97.388316268,97.222625375,97.222625375,13889.0
2025-09-12 13:35:00,97.248576961,97.248576961,97.108837653,97.128800411,17828.0
2025-09-12 13:40:00,97.098856273,97.163735238,97.088874894,97.138881604,13179.0
2025-09-12 13:45:00,97.13878179,97.268539719,97.13878179,97.218632823,12300.0
2025-09-12 13:50:00,97.228614202,97.308465235,97.228614202,97.248576961,15809.0
2025-09-12 13:55:00,97.248576961,97.458185922,97.248576961,97.428241785,24630.0
2025-09-12 14:00:00,97.428241785,97.448204543,97.328427994,97.388316268,19121.0
2025-09-12 14:05:00,97.39729951,97.48813006,97.388316268,97.473157991,11915.0
2025-09-12 14:10:00,97.458185922,97.498111439,97.428241785,97.438223164,15066.0
2025-09-12 14:15:00,97.423251095,97.548018335,97.398297648,97.548018335,22562.0
2025-09-12 14:20:00,97.543027645,97.543027645,97.358372131,97.384124089,19202.0
2025-09-12 14:25:00,97.403288337,97.528055576,97.268539719,97.49761237,73976.0
2025-09-12 14:30:00,97.478148681,97.548018335,97.458185922,97.548018335,29431.0
2025-09-12 14:35:00,97.567981093,97.647832126,97.508092818,97.622878678,33724.0
2025-09-12 14:40:00,97.627869368,97.807534192,97.622878678,97.72558707,47480.0
2025-09-12 14:45:00,97.732673849,97.957254879,97.71770178,97.841470881,128170.0
2025-09-12 14:50:00,97.857441088,97.997180396,97.817515572,97.912338673,67492.0
2025-09-12 14:55:00,97.927310742,98.406416941,97.857441088,98.346528666,133860.0
2025-09-12 15:00:00,98.334950266,98.53617487,98.306603149,98.53617487,95503.0
2025-09-12 15:05:00,98.52619349,98.64597004,98.421389009,98.486267974,128117.0
2025-09-12 15:10:00,98.501240043,98.626007282,98.396435562,98.52619349,85655.0
2025-09-12 15:15:00,98.546156249,98.670923488,98.336547287,98.456323836,138663.0
2025-09-12 15:20:00,98.436361078,98.52619349,98.226752116,98.261686943,124364.0
2025-09-12 15:25:00,98.251705564,98.256696254,98.037105913,98.1868266,92944.0
2025-09-12 15:30:00,98.196807979,98.476286595,98.196807979,98.29662177,131135.0
2025-09-12 15:35:00,98.246714875,98.256696254,97.967236259,98.087012808,91161.0
2025-09-12 15:40:00,98.087012808,98.166863841,97.752636607,97.770802717,108602.0
2025-09-12 15:45:00,97.762617986,97.762617986,97.458185922,97.48813006,109725.0
2025-09-12 15:50:00,97.45838555,97.557999714,97.328427994,97.538036956,120239.0
2025-09-12 15:55:00,97.538036956,97.927210928,97.318446615,97.897366605,232308.0
2025-09-12 16:00:00,97.887385225,97.887385225,97.458185922,97.478148681,1823440.0
2025-09-12 16:05:00,97.478148681,98.679906729,97.478148681,98.679906729,39102.0
2025-09-12 16:10:00,98.679906729,98.679906729,97.707720401,97.737664538,2785.0
2025-09-12 16:15:00,97.737664538,97.737664538,97.71770178,97.71770178,861.0
2025-09-12 16:20:00,97.71770178,97.71770178,97.71770178,97.71770178,95.0
2025-09-12 16:25:00,97.71770178,97.71770178,97.71770178,97.71770178,388.0
2025-09-12 16:30:00,97.71770178,97.71770178,97.707720401,97.707720401,311.0
2025-09-12 16:35:00,97.707720401,97.707720401,97.707720401,97.707720401,650.0
2025-09-12 16:40:00,97.707720401,97.707720401,97.697739022,97.697739022,1109.0
2025-09-12 16:45:00,97.697739022,97.697739022,97.697739022,97.697739022,0.0
2025-09-12 16:50:00,97.697739022,97.697739022,97.697739022,97.697739022,0.0
2025-09-12 16:55:00,97.697739022,97.697739022,97.697739022,97.697739022,3.0
2025-09-12 17:00:00,97.697739022,97.697739022,97.697739022,97.697739022,323.0
2025-09-12 17:05:00,97.697739022,97.697739022,97.697739022,97.697739022,50.0
2025-09-12 17:10:00,97.697739022,97.697739022,97.697739022,97.697739022,5.0
2025-09-12 17:15:00,97.697739022,97.697739022,97.697739022,97.697739022,1.0
2025-09-12 17:20:00,97.697739022,97.697739022,97.697739022,97.697739022,0.0
2025-09-12 17:25:00,97.697739022,97.697739022,97.697739022,97.697739022,75.0
2025-09-12 17:30:00,97.697739022,97.697739022,97.697739022,97.697739022,0.0
2025-09-12 17:35:00,97.697739022,97.697739022,97.697739022,97.697739022,6.0
2025-09-12 17:40:00,97.697739022,97.697739022,97.697739022,97.697739022,147.0
2025-09-12 17:45:00,97.697739022,97.697739022,97.697739022,97.697739022,3.0
2025-09-12 17:50:00,97.697739022,97.697739022,97.697739022,97.697739022,54.0
2025-09-12 17:55:00,97.697739022,97.697739022,97.697739022,97.697739022,58.0
2025-09-12 18:00:00,97.697739022,97.697739022,97.697739022,97.697739022,69.0
2025-09-12 18:05:00,97.697739022,97.697739022,97.697739022,97.697739022,31.0
2025-09-12 18:10:00,97.697739022,97.697739022,97.697739022,97.697739022,0.0
2025-09-12 18:15:00,97.697739022,97.697739022,97.697739022,97.697739022,0.0
2025-09-12 18:20:00,97.697739022,97.697739022,97.697739022,97.697739022,23.0
2025-09-12 18:25:00,97.697739022,97.697739022,97.697739022,97.697739022,0.0
2025-09-12 18:30:00,97.697739022,97.817515572,97.697739022,97.817515572,108.0
2025-09-12 18:35:00,97.817515572,97.817515572,97.817515572,97.817515572,0.0
2025-09-12 18:40:00,97.817515572,97.817515572,97.817515572,97.817515572,2.0
2025-09-12 18:45:00,97.953262328,97.953262328,97.953262328,97.953262328,200.0
2025-09-12 18:50:00,97.953262328,97.953262328,97.953262328,97.953262328,0.0
2025-09-12 18:55:00,97.667794884,97.827496951,97.667794884,97.827496951,408.0
2025-09-12 19:00:00,97.827496951,97.827496951,97.827496951,97.827496951,10.0
2025-09-12 19:05:00,97.827496951,97.827496951,97.827496951,97.827496951,7.0
2025-09-12 19:10:00,97.827496951,97.827496951,97.827496951,97.827496951,52.0
2025-09-12 19:15:00,97.827496951,97.827496951,97.827496951,97.827496951,44.0
2025-09-12 19:20:00,97.827496951,97.827496951,97.817515572,97.817515572,200.0
2025-09-12 19:25:00,97.817515572,97.817515572,97.817515572,97.817515572,30.0
2025-09-12 19:30:00,97.817515572,97.817515572,97.817515572,97.817515572,3.0
2025-09-12 19:35:00,97.817515572,97.817515572,97.817515572,97.817515572,20.0
2025-09-12 19:40:00,97.817515572,97.817515572,97.817515572,97.817515572,8.0
2025-09-12 19:45:00,97.817515572,97.817515572,97.817515572,97.817515572,1.0
2025-09-12 19:50:00,97.817515572,97.817515572,97.817515572,97.817515572,21.0
2025-09-12 19:55:00,97.817515572,97.817515572,97.817515572,97.817515572,2.0
2025-09-12 20:00:00,97.817515572,97.817515572,97.817515572,97.817515572,0.0
2025-09-15 04:05:00,97.478148681,97.977217638,97.388316268,97.388316268,1359.0
2025-09-15 04:10:00,97.388316268,97.388316268,97.388316268,97.388316268,140.0
2025-09-15 04:15:00,97.388316268,97.388316268,97.388316268,97.388316268,111.0
2025-09-15 04:20:00,97.388316268,97.827496951,97.388316268,97.827496951,201.0
2025-09-15 04:25:00,97.827496951,97.827496951,97.827496951,97.827496951,0.0
2025-09-15 04:30:00,97.827496951,97.827496951,97.827496951,97.827496951,8.0
2025-09-15 04:35:00,97.827496951,97.827496951,97.827496951,97.827496951,0.0
2025-09-15 04:40:00,97.827496951,97.827496951,97.827496951,97.827496951,21.0
2025-09-15 04:45:00,97.827496951,97.827496951,97.827496951,97.827496951,0.0
2025-09-15 04:50:00,97.827496951,97.827496951,97.827496951,97.827496951,0.0
2025-09-15 04:55:00,97.827496951,97.827496951,97.787571434,97.787571434,275.0
2025-09-15 05:00:00,97.787571434,97.787571434,97.787571434,97.787571434,0.0
2025-09-15 05:05:00,97.787571434,97.787571434,97.787571434,97.787571434,5.0
2025-09-15 05:10:00,97.787571434,97.787571434,97.787571434,97.787571434,65.0
2025-09-15 05:15:00,97.787571434,97.787571434,97.328427994,97.657813505,1279.0
2025-09-15 05:20:00,97.657813505,97.657813505,97.577962472,97.577962472,1015.0
2025-09-15 05:25:00,97.577962472,97.59792523,97.557999714,97.557999714,635.0
2025-09-15 05:30:00,97.557999714,97.557999714,97.557999714,97.557999714,182.0
2025-09-15 05:35:00,97.557999714,97.557999714,97.557999714,97.557999714,0.0
2025-09-15 05:40:00,97.557999714,97.557999714,97.557999714,97.557999714,80.0
2025-09-15 05:45:00,97.557999714,97.557999714,97.557999714,97.557999714,10.0
2025-09-15 05:50:00,97.557999714,97.877403846,97.557999714,97.817515572,361.0
2025-09-15 05:55:00,97.817515572,97.817515572,97.817515572,97.817515572,0.0
2025-09-15 06:00:00,97.817515572,97.817515572,97.817515572,97.817515572,0.0
2025-09-15 06:05:00,98.136919704,98.805672106,98.136919704,98.805672106,779.0
2025-09-15 06:10:00,98.805672106,98.805672106,98.805672106,98.805672106,25.0
2025-09-15 06:15:00,98.805672106,98.805672106,98.805672106,98.805672106,4.0
2025-09-15 06:20:00,98.805672106,98.805672106,98.805672106,98.805672106,70.0
2025-09-15 06:25:00,98.805672106,98.805672106,98.805672106,98.805672106,0.0
2025-09-15 06:30:00,98.805672106,98.805672106,98.116956946,98.306603149,600.0
2025-09-15 06:35:00,98.226752116,98.326565908,97.807534192,97.817515572,2975.0
2025-09-15 06:40:00,97.817515572,97.817515572,97.817515572,97.817515572,0.0
2025-09-15 06:45:00,97.817515572,98.306603149,97.817515572,98.306603149,540.0
2025-09-15 06:50:00,98.326565908,98.326565908,98.326565908,98.326565908,100.0
2025-09-15 06:55:00,98.586081765,98.795690727,98.326565908,98.366491424,1901.0
2025-09-15 07:00:00,98.366491424,98.376472803,98.366491424,98.366491424,540.0
2025-09-15 07:05:00,98.366491424,98.366491424,98.336547287,98.366491424,1874.0
2025-09-15 07:10:00,98.366491424,98.366491424,98.346528666,98.346528666,330.0
2025-09-15 07:15:00,98.346528666,98.376472803,98.346528666,98.376472803,303.0
2025-09-15 07:20:00,98.376472803,98.476286595,98.376472803,98.476286595,8575.0
2025-09-15 07:25:00,98.476286595,98.476286595,98.476286595,98.476286595,0.0
2025-09-15 07:30:00,98.476286595,98.476286595,98.476286595,98.476286595,44.0
2025-09-15 07:35:00,98.476286595,98.476286595,98.476286595,98.476286595,95.0
2025-09-15 07:40:00,98.476286595,98.476286595,98.476286595,98.476286595,118.0
2025-09-15 07:45:00,98.476286595,98.815653486,98.476286595,98.815653486,2448.0
2025-09-15 07:50:00,98.815653486,99.065187964,98.815653486,99.065187964,429.0
2025-09-15 07:55:00,98.855579002,98.855579002,98.855579002,98.855579002,140.0
2025-09-15 08:00:00,98.725821073,98.725821073,98.725821073,98.725821073,278.0
2025-09-15 08:05:00,98.725821073,98.855579002,98.665932798,98.665932798,12559.0
2025-09-15 08:10:00,98.665932798,98.865560381,98.665932798,98.855579002,13810.0
2025-09-15 08:15:00,98.855579002,99.254834168,98.855579002,99.025262447,9031.0
2025-09-15 08:20:00,99.015281068,99.214908651,99.015281068,99.214908651,980.0
2025-09-15 08:25:00,99.214908651,99.604182438,99.214908651,99.598792493,5703.0
2025-09-15 08:30:00,99.601986534,99.601986534,99.601986534,99.601986534,450.0
2025-09-15 08:35:00,99.601986534,99.601986534,99.514350025,99.514350025,1498.0
2025-09-15 08:40:00,99.514350025,99.594201058,99.514350025,99.594201058,214.0
2025-09-15 08:45:00,99.594201058,99.684033471,99.514350025,99.624145196,21229.0
2025-09-15 08:50:00,99.624145196,99.644107954,99.594201058,99.624145196,8099.0
2025-09-15 08:55:00,99.594201058,99.614163817,99.594201058,99.614163817,1749.0
2025-09-15 09:00:00,99.614163817,99.614163817,99.504368646,99.514350025,755.0
2025-09-15 09:05:00,99.514350025,99.713977608,99.514350025,99.703996229,44478.0
2025-09-15 09:10:00,99.703996229,99.763884504,99.703996229,99.763884504,2014.0
2025-09-15 09:15:00,99.763884504,99.942451377,99.763884504,99.942451377,9267.0
2025-09-15 09:20:00,99.913605191,100.063325878,99.893642433,100.013418982,8495.0
2025-09-15 09:25:00,100.013418982,100.233009323,99.873679674,100.093270015,24818.0
2025-09-15 09:30:00,100.013418982,100.612301731,99.82407222,100.582357593,11880.0
2025-09-15 09:35:00,100.257962771,103.017814103,99.8137914,100.811929314,896925.0
2025-09-15 09:40:00,100.73207828,101.750178953,100.183202241,101.645374472,157054.0
2025-09-15 09:45:00,101.694383043,102.12448067,101.101389309,101.470700337,218959.0
2025-09-15 09:50:00,101.450737578,102.069682899,101.011556896,101.800085848,156707.0
2025-09-15 09:55:00,101.835020675,102.618558938,101.78012309,102.339080322,162246.0
2025-09-15 10:00:00,102.379005838,102.766682604,102.24924791,102.70839135,181587.0
2025-09-15 10:05:00,102.768279625,102.927981691,102.199341014,102.463847561,177865.0
2025-09-15 10:10:00,102.463847561,102.463847561,101.849992744,102.179378256,122315.0
2025-09-15 10:15:00,102.184368945,102.638521696,102.084555154,102.418931355,119411.0
2025-09-15 10:20:00,102.398968597,102.818186521,102.398968597,102.788242383,169927.0
2025-09-15 10:25:00,102.798223762,103.166536653,102.518745146,102.518745146,205581.0
2025-09-15 10:30:00,102.543698594,102.578633421,102.309136185,102.47382894,144046.0
2025-09-15 10:35:00,102.468838251,102.753307556,102.393977907,102.657785758,150140.0
2025-09-15 10:40:00,102.618558938,103.097665137,102.558670663,103.067720999,159153.0
2025-09-15 10:45:00,103.047758241,103.297292719,102.93796307,103.17751617,155966.0
2025-09-15 10:50:00,103.17751617,103.476957544,102.987869966,103.357180994,194842.0
2025-09-15 10:55:00,103.322246167,103.586752714,103.322246167,103.347199615,167470.0
2025-09-15 11:00:00,103.347199615,103.397106511,102.908018933,102.967907208,163526.0
2025-09-15 11:05:00,102.93796307,103.027795483,102.548689284,102.858112037,136396.0
2025-09-15 11:10:00,102.813195831,102.898037554,102.566156697,102.788242383,145848.0
2025-09-15 11:15:00,102.778261004,103.29230203,102.568652042,103.207460307,108782.0
2025-09-15 11:20:00,103.217441686,103.511892371,102.883065485,102.913009622,113639.0
2025-09-15 11:25:00,102.888056175,102.967907208,102.638521696,102.698409971,65520.0
2025-09-15 11:30:00,102.718372729,102.987869966,102.408949976,102.563661353,90465.0
2025-09-15 11:35:00,102.563661353,102.563661353,102.294164116,102.379005838,115742.0
2025-09-15 11:40:00,102.438894113,102.538707905,102.319117564,102.374015149,65183.0
2025-09-15 11:45:00,102.388987218,102.508663954,102.329098943,102.398968597,63030.0
2025-09-15 11:50:00,102.438894113,102.818186521,102.398968597,102.628540317,134878.0
2025-09-15 11:55:00,102.59859618,103.027795483,102.5886148,102.965411863,120012.0
2025-09-15 12:00:00,102.947944449,103.067720999,102.878074795,102.987869966,102286.0
2025-09-15 12:05:00,102.997851345,103.002941849,102.608577559,102.728354108,69422.0
2025-09-15 12:10:00,102.728354108,102.982879276,102.683437902,102.748316867,75370.0
2025-09-15 12:15:00,102.738335488,103.247385824,102.698409971,103.17751617,115624.0
2025-09-15 12:20:00,103.162544101,103.496920302,103.107646516,103.117627895,162600.0
2025-09-15 12:25:00,103.117627895,103.212450997,102.778261004,102.778261004,98760.0
2025-09-15 12:30:00,102.778261004,102.848130658,102.668465834,102.768279625,70489.0
2025-09-15 12:35:00,102.748316867,102.838149279,102.653493765,102.818186521,123730.0
2025-09-15 12:40:00,102.818186521,102.818186521,102.638521696,102.768279625,78260.0
2025-09-15 12:45:00,102.778261004,102.888056175,102.658484454,102.8281679,111646.0
2025-09-15 12:50:00,102.8281679,102.898037554,102.688428592,102.8281679,188110.0
2025-09-15 12:55:00,102.838149279,102.878074795,102.468838251,102.498782388,77232.0
2025-09-15 13:00:00,102.47881963,102.538707905,102.309136185,102.319117564,64532.0
2025-09-15 13:05:00,102.309136185,102.438894113,102.209322393,102.209322393,44703.0
2025-09-15 13:10:00,102.209322393,102.209322393,102.00969481,102.089545843,65429.0
2025-09-15 13:15:00,102.094536533,102.309136185,102.049720141,102.299154805,61608.0
2025-09-15 13:20:00,102.299154805,102.319117564,102.109508602,102.289173426,97309.0
2025-09-15 13:25:00,102.289173426,102.448875492,101.879936881,101.889918261,331791.0
2025-09-15 13:30:00,101.889918261,102.229285151,101.869955502,102.214313083,69657.0
2025-09-15 13:35:00,102.209322393,102.287875847,102.159415497,102.169396877,38240.0
2025-09-15 13:40:00,102.164406187,102.209322393,101.949806535,101.969769294,60313.0
2025-09-15 13:45:00,101.949806535,101.979750673,101.700272057,101.740197574,67986.0
2025-09-15 13:50:00,101.740197574,101.924853088,101.620421024,101.840011365,104672.0
2025-09-15 13:55:00,101.830029986,101.909881019,101.67032792,101.790104469,83626.0
2025-09-15 14:00:00,101.78511378,101.952401694,101.740197574,101.869955502,41216.0
2025-09-15 14:05:00,101.859974123,101.859974123,101.66034654,101.840011365,102490.0
2025-09-15 14:10:00,101.840011365,102.019676189,101.730715263,101.919862398,68257.0
2025-09-15 14:15:00,101.929843777,102.314126874,101.889918261,102.269210668,105226.0
2025-09-15 14:20:00,102.274201358,102.698409971,102.274201358,102.698409971,49811.0
2025-09-15 14:25:00,102.694417419,102.694417419,102.360041218,102.428912734,183010.0
2025-09-15 14:30:00,102.398968597,102.638521696,102.388987218,102.458856872,66521.0
2025-09-15 14:35:00,102.458856872,102.5886148,102.418931355,102.47382894,71782.0
2025-09-15 14:40:00,102.47382894,102.5886148,102.344071011,102.388987218,86197.0
2025-09-15 14:45:00,102.388987218,102.388987218,102.189359635,102.264219978,56411.0
2025-09-15 14:50:00,102.264219978,102.289073612,102.13446205,102.179378256,84442.0
2025-09-15 14:55:00,102.179378256,102.419929493,102.179378256,102.219303772,104737.0
2025-09-15 15:00:00,102.219303772,102.259229289,101.889918261,101.89989964,54501.0
2025-09-15 15:05:00,101.909881019,101.909881019,101.540569991,101.725225505,128087.0
2025-09-15 15:10:00,101.720234815,101.89989964,101.650365161,101.815057917,89020.0
2025-09-15 15:15:00,101.820048607,102.269210668,101.750178953,102.24924791,78207.0
2025-09-15 15:20:00,102.259129475,102.279192047,102.069583085,102.12947136,78197.0
2025-09-15 15:25:00,102.12947136,102.199341014,102.069583085,102.13446205,125913.0
2025-09-15 15:30:00,102.13446205,102.219303772,102.069583085,102.109508602,101556.0
2025-09-15 15:35:00,102.094536533,102.259229289,102.079564464,102.179378256,148684.0
2025-09-15 15:40:00,102.179378256,102.199341014,101.969769294,102.019676189,100508.0
2025-09-15 15:45:00,101.999713431,102.309136185,101.830029986,102.174387566,535567.0
2025-09-15 15:50:00,102.169396877,102.209322393,101.979750673,102.159415497,190989.0
2025-09-15 15:55:00,102.119489981,102.284182737,101.869955502,102.149434118,240841.0
2025-09-15 16:00:00,102.139452739,102.309136185,102.079564464,102.199341014,1402940.0
2025-09-15 16:05:00,102.199341014,102.309136185,102.199341014,102.209322393,685192.0
2025-09-15 16:10:00,102.209322393,102.408949976,102.199341014,102.408949976,1647.0
2025-09-15 16:15:00,102.408949976,102.408949976,102.309136185,102.309136185,294.0
2025-09-15 16:20:00,102.309136185,102.408949976,101.840011365,101.840011365,2377.0
2025-09-15 16:25:00,102.199341014,102.219303772,102.199341014,102.209322393,1668.0
2025-09-15 16:30:00,102.209322393,102.289173426,102.209322393,102.279192047,206.0
2025-09-15 16:35:00,102.279192047,102.279192047,102.199341014,102.199341014,19078.0
2025-09-15 16:40:00,102.199341014,102.199341014,102.199341014,102.199341014,1209.0
2025-09-15 16:45:00,102.199341014,102.309136185,102.199341014,102.209322393,81329.0
2025-09-15 16:50:00,102.209322393,102.209322393,102.209322393,102.209322393,64.0
2025-09-15 16:55:00,102.209322393,102.209322393,102.209322393,102.209322393,73.0
2025-09-15 17:00:00,102.209322393,102.209322393,102.209322393,102.209322393,50.0
2025-09-15 17:05:00,102.209322393,102.209322393,102.209322393,102.209322393,7.0
2025-09-15 17:10:00,102.209322393,102.209322393,102.209322393,102.209322393,0.0
2025-09-15 17:15:00,102.209322393,102.209322393,102.209322393,102.209322393,31.0
2025-09-15 17:20:00,102.209322393,102.209322393,102.209322393,102.209322393,6.0
2025-09-15 17:25:00,102.209322393,102.209322393,102.209322393,102.209322393,110.0
2025-09-15 17:30:00,102.209322393,102.209322393,102.209322393,102.209322393,80.0
2025-09-15 17:35:00,102.209322393,102.209322393,102.209322393,102.209322393,179.0
2025-09-15 17:40:00,102.209322393,102.209322393,102.209322393,102.209322393,10.0
2025-09-15 17:45:00,102.209322393,102.209322393,102.209322393,102.209322393,69.0
2025-09-15 17:50:00,102.209322393,102.209322393,102.209322393,102.209322393,112.0
2025-09-15 17:55:00,102.209322393,102.209322393,102.209322393,102.209322393,1.0
2025-09-15 18:00:00,102.209322393,102.209322393,102.209322393,102.209322393,0.0
2025-09-15 18:05:00,102.209322393,102.209322393,102.209322393,102.209322393,1.0
2025-09-15 18:10:00,102.209322393,102.209322393,102.209322393,102.209322393,8.0
2025-09-15 18:15:00,102.209322393,102.209322393,102.209322393,102.209322393,52.0
2025-09-15 18:20:00,102.209322393,102.209322393,102.209322393,102.209322393,31.0
2025-09-15 18:25:00,102.209322393,102.209322393,102.209322393,102.209322393,11.0
2025-09-15 18:30:00,102.209322393,102.209322393,102.209322393,102.209322393,314.0
2025-09-15 18:35:00,102.209322393,102.209322393,102.209322393,102.209322393,5.0
2025-09-15 18:40:00,102.209322393,102.209322393,102.209322393,102.209322393,87.0
2025-09-15 18:45:00,102.209322393,102.408949976,102.209322393,102.408949976,242.0
2025-09-15 18:50:00,102.408949976,102.784150018,102.408949976,102.784150018,739.0
2025-09-15 18:55:00,102.784150018,102.784150018,102.784150018,102.784150018,6.0
2025-09-15 19:00:00,102.784150018,102.784150018,102.784150018,102.784150018,26.0
2025-09-15 19:05:00,102.784150018,102.784150018,102.784150018,102.784150018,0.0
2025-09-15 19:10:00,102.784150018,102.784150018,102.508763767,102.508763767,151.0
2025-09-15 19:15:00,102.508763767,102.508763767,102.508763767,102.508763767,33.0
2025-09-15 19:20:00,102.508763767,102.508763767,102.498782388,102.508763767,366.0
2025-09-15 19:25:00,102.508763767,102.508763767,102.508763767,102.508763767,104.0
2025-09-15 19:30:00,102.508763767,102.508763767,102.508763767,102.508763767,4.0
2025-09-15 19:35:00,102.508763767,102.508763767,102.508763767,102.508763767,0.0
2025-09-15 19:40:00,102.508763767,102.508763767,102.508763767,102.508763767,3.0
2025-09-15 19:45:00,102.508763767,102.508763767,102.508763767,102.508763767,198.0
2025-09-15 19:50:00,102.508763767,102.508763767,102.508763767,102.508763767,48.0
2025-09-15 19:55:00,102.508763767,102.508763767,102.508763767,102.508763767,168.0
2025-09-15 20:00:00,102.508763767,102.508763767,102.488801009,102.488801009,221.0
2025-09-16 04:05:00,103.347199615,103.347199615,103.347199615,103.347199615,611.0
2025-09-16 04:10:00,103.347199615,103.347199615,103.347199615,103.347199615,30.0
2025-09-16 04:15:00,103.347199615,103.347199615,103.347199615,103.347199615,136.0
2025-09-16 04:20:00,103.387125132,103.417069269,103.307274099,103.307274099,1852.0
2025-09-16 04:25:00,103.307274099,103.307274099,103.307274099,103.307274099,58.0
2025-09-16 04:30:00,103.307274099,103.307274099,103.307274099,103.307274099,0.0
2025-09-16 04:35:00,103.307274099,103.806343056,103.307274099,103.806343056,595.0
2025-09-16 04:40:00,103.806343056,103.806343056,103.806343056,103.806343056,359.0
2025-09-16 04:45:00,103.806343056,103.806343056,103.806343056,103.806343056,83.0
2025-09-16 04:50:00,103.806343056,103.806343056,103.806343056,103.806343056,1.0
2025-09-16 04:55:00,103.806343056,104.115765809,103.806343056,103.806343056,1831.0
2025-09-16 05:00:00,103.806343056,103.806343056,103.806343056,103.806343056,6.0
2025-09-16 05:05:00,103.806343056,103.806343056,103.796361676,103.806343056,645.0
2025-09-16 05:10:00,103.806343056,103.806343056,103.806343056,103.806343056,153.0
2025-09-16 05:15:00,103.806343056,103.806343056,103.806343056,103.806343056,112.0
2025-09-16 05:20:00,103.806343056,103.806343056,103.806343056,103.806343056,39.0
2025-09-16 05:25:00,103.806343056,103.806343056,103.806343056,103.806343056,3.0
2025-09-16 05:30:00,103.806343056,103.806343056,103.806343056,103.806343056,43.0
2025-09-16 05:35:00,103.806343056,104.005970638,103.806343056,103.906156847,1079.0
2025-09-16 05:40:00,103.906156847,104.005970638,103.906156847,104.005970638,913.0
2025-09-16 05:45:00,104.005970638,104.005970638,104.005970638,104.005970638,7.0
2025-09-16 05:50:00,104.005970638,104.005970638,104.005970638,104.005970638,188.0
2025-09-16 05:55:00,104.005970638,104.005970638,104.005970638,104.005970638,331.0
2025-09-16 06:00:00,104.005970638,104.005970638,103.486938923,103.776398918,449.0
2025-09-16 06:05:00,103.776398918,103.776398918,103.776398918,103.776398918,1.0
2025-09-16 06:10:00,103.776398918,103.776398918,103.696547885,103.696547885,152.0
2025-09-16 06:15:00,103.696547885,103.696547885,103.696547885,103.696547885,0.0
2025-09-16 06:20:00,103.696547885,103.696547885,103.696547885,103.696547885,0.0
2025-09-16 06:25:00,103.696547885,103.696547885,103.696547885,103.696547885,2.0
2025-09-16 06:30:00,103.696547885,103.696547885,103.696547885,103.696547885,11.0
2025-09-16 06:35:00,103.696547885,103.696547885,103.696547885,103.696547885,298.0
2025-09-16 06:40:00,103.696547885,103.696547885,103.696547885,103.696547885,0.0
2025-09-16 06:45:00,103.696547885,103.696547885,103.696547885,103.696547885,19.0
2025-09-16 06:50:00,103.696547885,103.696547885,103.696547885,103.696547885,76.0
2025-09-16 06:55:00,103.696547885,103.696547885,103.187497549,103.187497549,984.0
2025-09-16 07:00:00,103.187497549,103.187497549,103.187497549,103.187497549,411.0
2025-09-16 07:05:00,103.187497549,103.187497549,103.187497549,103.187497549,146.0
2025-09-16 07:10:00,103.187497549,103.187497549,103.187497549,103.187497549,16.0
2025-09-16 07:15:00,103.187497549,103.187497549,103.187497549,103.187497549,152.0
2025-09-16 07:20:00,103.187497549,103.377143752,102.967907208,102.967907208,400.0
2025-09-16 07:25:00,102.967907208,102.967907208,102.918000312,102.918000312,595.0
2025-09-16 07:30:00,102.918000312,103.067720999,102.918000312,103.067720999,241.0
2025-09-16 07:35:00,103.067720999,103.067720999,103.067720999,103.067720999,0.0
2025-09-16 07:40:00,103.067720999,103.067720999,103.05773962,103.05773962,573.0
2025-09-16 07:45:00,103.05773962,103.05773962,102.838149279,102.838149279,1852.0
2025-09-16 07:50:00,102.838149279,102.838149279,102.818186521,102.818186521,394.0
2025-09-16 07:55:00,102.818186521,102.838149279,102.818186521,102.838149279,595.0
2025-09-16 08:00:00,102.838149279,102.838149279,102.838149279,102.838149279,80.0
2025-09-16 08:05:00,102.838149279,103.377143752,102.838149279,103.337218236,8458.0
2025-09-16 08:10:00,103.337218236,103.337218236,103.337218236,103.337218236,80.0
2025-09-16 08:15:00,103.337218236,103.337218236,102.618558938,102.808205142,1820.0
2025-09-16 08:20:00,102.808205142,102.808205142,102.498782388,102.508763767,799.0
2025-09-16 08:25:00,102.508763767,103.091676309,102.508763767,103.091676309,638.0
2025-09-16 08:30:00,103.091676309,103.091676309,102.488801009,102.498782388,4547.0
2025-09-16 08:35:00,102.498782388,102.808205142,102.498782388,102.808205142,504.0
2025-09-16 08:40:00,102.808205142,102.808205142,102.209122766,102.209122766,2161.0
2025-09-16 08:45:00,102.209122766,102.488801009,102.209122766,102.428912734,714.0
2025-09-16 08:50:00,102.428912734,102.428912734,102.428912734,102.428912734,174.0
2025-09-16 08:55:00,102.739034184,102.787843128,102.739034184,102.787843128,252.0
2025-09-16 09:00:00,102.787843128,102.787843128,102.773170501,102.773170501,248.0
2025-09-16 09:05:00,102.773170501,102.773170501,102.199341014,102.199341014,798.0
2025-09-16 09:10:00,102.199341014,102.199341014,102.199341014,102.199341014,77.0
2025-09-16 09:15:00,102.199341014,102.689127288,102.199341014,102.689127288,147.0
2025-09-16 09:20:00,102.689127288,102.689127288,102.689127288,102.689127288,107.0
2025-09-16 09:25:00,102.689127288,102.748316867,102.059501892,102.059501892,2049.0
2025-09-16 09:30:00,102.059601706,102.558670663,102.059601706,102.558670663,2685.0
2025-09-16 09:35:00,102.339080322,103.207460307,101.810067228,102.743326177,265529.0
2025-09-16 09:40:00,102.678447213,103.217441686,102.35904308,102.743326177,115947.0
2025-09-16 09:45:00,102.748316867,103.735874519,102.578633421,103.706529264,114077.0
2025-09-16 09:50:00,103.676585127,103.786380297,102.93796307,103.576771335,184838.0
2025-09-16 09:55:00,103.576771335,103.736473402,103.207460307,103.456994786,99683.0
2025-09-16 10:00:00,103.387125132,103.72170096,102.977888587,103.107646516,356948.0
2025-09-16 10:05:00,103.047758241,103.097665137,102.573642732,102.778261004,269633.0
2025-09-16 10:10:00,102.798223762,102.954931415,102.570049435,102.668465834,90113.0
2025-09-16 10:15:00,102.63862151,102.918000312,102.494590209,102.508763767,69261.0
2025-09-16 10:20:00,102.513754457,102.628440503,102.269210668,102.438894113,120062.0
2025-09-16 10:25:00,102.448875492,102.518745146,101.969769294,102.034648258,143150.0
2025-09-16 10:30:00,102.039638948,102.039638948,101.690290678,101.830029986,140741.0
2025-09-16 10:35:00,101.845002054,102.099527223,101.640383782,101.969769294,99542.0
2025-09-16 10:40:00,101.999713431,102.00969481,101.246119306,101.455728268,161892.0
2025-09-16 10:45:00,101.480681716,101.820048607,101.460718958,101.620421024,135766.0
2025-09-16 10:50:00,101.640383782,101.78012309,101.525597922,101.610439645,66239.0
2025-09-16 10:55:00,101.610439645,101.89989964,101.530588612,101.640483596,118681.0
2025-09-16 11:00:00,101.640383782,101.954797225,101.580495507,101.835020675,80125.0
2025-09-16 11:05:00,101.840011365,101.969769294,101.66533723,101.78012309,95224.0
2025-09-16 11:10:00,101.770141711,101.909881019,101.580495507,101.645374472,70125.0
2025-09-16 11:15:00,101.630402403,101.750178953,101.460718958,101.690290678,62335.0
2025-09-16 11:20:00,101.67032792,101.810067228,101.645374472,101.725225505,71879.0
2025-09-16 11:25:00,101.710253436,101.800085848,101.66034654,101.710253436,62381.0
2025-09-16 11:30:00,101.700272057,101.869955502,101.5905767,101.810067228,82219.0
2025-09-16 11:35:00,101.800085848,102.079564464,101.770141711,102.00969481,67048.0
2025-09-16 11:40:00,102.00969481,102.049620327,101.810067228,101.909881019,144780.0
2025-09-16 11:45:00,101.89989964,101.949806535,101.725225505,101.810067228,55683.0
2025-09-16 11:50:00,101.810067228,101.979750673,101.720234815,101.750178953,47275.0
2025-09-16 11:55:00,101.760160332,101.840011365,101.700272057,101.710253436,92768.0
2025-09-16 12:00:00,101.730216194,101.730216194,101.501642612,101.570514128,49222.0
2025-09-16 12:05:00,101.570514128,101.630402403,101.310998271,101.330961029,41508.0
2025-09-16 12:10:00,101.350923787,101.510625853,101.32097965,101.475691026,60808.0
2025-09-16 12:15:00,101.475691026,101.760160332,101.470700337,101.740197574,66805.0
2025-09-16 12:20:00,101.735206884,101.810067228,101.66034654,101.680309299,45719.0
2025-09-16 12:25:00,101.66034654,101.815157731,101.659348402,101.690290678,57569.0
2025-09-16 12:30:00,101.700272057,101.874946192,101.700272057,101.790104469,47042.0
2025-09-16 12:35:00,101.790104469,101.924853088,101.720234815,101.924853088,36067.0
2025-09-16 12:40:00,101.934834467,102.029657569,101.78012309,101.949806535,65625.0
2025-09-16 12:45:00,101.939825156,101.999713431,101.800085848,101.929843777,61470.0
2025-09-16 12:50:00,101.929843777,101.939825156,101.78012309,101.854983434,41154.0
2025-09-16 12:55:00,101.854983434,101.909881019,101.790104469,101.820048607,53830.0
2025-09-16 13:00:00,101.825039296,101.884927571,101.695281367,101.695281367,63097.0
2025-09-16 13:05:00,101.700272057,102.12947136,101.690290678,102.0146855,50397.0
2025-09-16 13:10:00,101.994722742,102.239266531,101.874946192,102.199341014,38775.0
2025-09-16 13:15:00,102.199341014,102.224294462,102.029657569,102.219303772,39040.0
2025-09-16 13:20:00,102.199341014,102.309136185,102.12947136,102.209322393,47941.0
2025-09-16 13:25:00,102.199341014,102.299154805,102.00969481,102.209322393,48865.0
2025-09-16 13:30:00,102.219303772,102.219303772,101.770141711,101.825039296,63239.0
2025-09-16 13:35:00,101.820048607,101.949806535,101.820048607,101.854983434,56823.0
2025-09-16 13:40:00,101.854983434,101.959787915,101.840011365,101.919862398,62998.0
2025-09-16 13:45:00,101.909881019,102.329098943,101.909881019,102.31901775,188298.0
2025-09-16 13:50:00,102.319117564,102.388987218,102.209322393,102.374015149,51741.0
2025-09-16 13:55:00,102.388987218,102.388987218,102.149434118,102.321612908,34430.0
2025-09-16 14:00:00,102.322611046,102.548689284,102.322611046,102.433903424,45225.0
2025-09-16 14:05:00,102.428912734,102.578633421,102.40904979,102.543698594,54837.0
2025-09-16 14:10:00,102.538707905,102.743326177,102.508763767,102.678447213,41835.0
2025-09-16 14:15:00,102.688428592,102.808205142,102.678447213,102.773270315,41594.0
2025-09-16 14:20:00,102.788242383,102.878074795,102.748316867,102.868093416,39007.0
2025-09-16 14:25:00,102.868093416,103.017814103,102.868093416,102.967907208,55073.0
2025-09-16 14:30:00,102.957925829,102.987869966,102.838149279,102.848130658,59275.0
2025-09-16 14:35:00,102.853121348,103.05773962,102.838149279,103.037776862,63230.0
2025-09-16 14:40:00,103.037776862,103.227423065,103.027795483,103.197379114,73863.0
2025-09-16 14:45:00,103.197478928,103.267348582,103.137590653,103.147572032,42124.0
2025-09-16 14:50:00,103.146573894,103.252376513,103.05773962,103.222432376,75497.0
2025-09-16 14:55:00,103.222432376,103.227423065,103.117627895,103.142581343,47199.0
2025-09-16 15:00:00,103.127609274,103.277329961,102.977888587,103.142581343,65783.0
2025-09-16 15:05:00,103.147572032,103.28731134,103.017814103,103.117627895,60433.0
2025-09-16 15:10:00,103.117627895,103.257367203,103.087683757,103.227423065,58030.0
2025-09-16 15:15:00,103.232413755,103.257267389,103.087683757,103.107646516,72797.0
2025-09-16 15:20:00,103.107646516,103.115232364,102.898037554,102.967907208,124312.0
2025-09-16 15:25:00,102.977888587,103.05773962,102.818186521,102.967907208,80085.0
2025-09-16 15:30:00,102.967907208,103.012823414,102.848130658,102.918000312,165516.0
2025-09-16 15:35:00,102.918000312,102.982879276,102.728354108,102.753307556,169209.0
2025-09-16 15:40:00,102.778261004,102.878074795,102.728354108,102.728354108,147304.0
2025-09-16 15:45:00,102.738335488,102.967907208,102.738335488,102.849128796,102808.0
2025-09-16 15:50:00,102.858112037,102.918000312,102.468838251,102.718372729,240182.0
2025-09-16 15:55:00,102.70839135,102.93796307,102.47881963,102.898037554,518954.0
2025-09-16 16:00:00,102.908018933,102.997851345,102.818186521,102.898037554,1123054.0
2025-09-16 16:05:00,102.898037554,103.107646516,102.898037554,102.927981691,172255.0
2025-09-16 16:10:00,102.898037554,102.898037554,102.898037554,102.898037554,63399.0
2025-09-16 16:15:00,102.898037554,102.898037554,102.43090901,102.43090901,382.0
2025-09-16 16:20:00,102.43090901,102.43090901,102.43090901,102.43090901,94.0
2025-09-16 16:25:00,102.898037554,102.898037554,102.898037554,102.898037554,25600.0
2025-09-16 16:30:00,102.898037554,102.898037554,102.898037554,102.898037554,120.0
2025-09-16 16:35:00,102.898037554,102.898037554,102.898037554,102.898037554,0.0
2025-09-16 16:40:00,102.898037554,102.908018933,102.898037554,102.908018933,160.0
2025-09-16 16:45:00,102.908018933,102.908018933,102.908018933,102.908018933,49.0
2025-09-16 16:50:00,102.908018933,102.908018933,102.908018933,102.908018933,2.0
2025-09-16 16:55:00,102.908018933,102.908018933,102.908018933,102.908018933,77.0
2025-09-16 17:00:00,102.908018933,102.908018933,102.908018933,102.908018933,33.0
2025-09-16 17:05:00,102.908018933,102.908018933,102.908018933,102.908018933,7.0
2025-09-16 17:10:00,102.908018933,103.107646516,102.908018933,103.107646516,932.0
2025-09-16 17:15:00,103.107646516,103.306375774,103.107646516,103.306375774,692.0
2025-09-16 17:20:00,103.307274099,103.307274099,103.307274099,103.307274099,2078.0
2025-09-16 17:25:00,103.307274099,103.307274099,103.307274099,103.307274099,163.0
2025-09-16 17:30:00,103.307274099,103.307274099,103.307274099,103.307274099,17.0
2025-09-16 17:35:00,102.908018933,102.908018933,102.908018933,102.908018933,100.0
2025-09-16 17:40:00,102.314426315,102.314426315,102.314426315,102.314426315,210.0
2025-09-16 17:45:00,102.314426315,102.314426315,102.314426315,102.314426315,1.0
2025-09-16 17:50:00,102.314426315,102.314426315,102.314426315,102.314426315,1.0
2025-09-16 17:55:00,102.314426315,102.314426315,102.314426315,102.314426315,0.0
2025-09-16 18:00:00,102.314426315,102.314426315,102.314426315,102.314426315,14.0
2025-09-16 18:05:00,102.314426315,102.314426315,102.314426315,102.314426315,36.0
2025-09-16 18:10:00,102.314426315,102.314426315,102.314426315,102.314426315,12.0
2025-09-16 18:15:00,102.314426315,102.314426315,102.314426315,102.314426315,41.0
2025-09-16 18:20:00,102.314426315,102.314426315,102.314426315,102.314426315,72.0
2025-09-16 18:25:00,102.314426315,102.314426315,102.314426315,102.314426315,5.0
2025-09-16 18:30:00,102.314426315,102.314426315,102.314426315,102.314426315,17.0
2025-09-16 18:35:00,102.314426315,102.314426315,102.314426315,102.314426315,11.0
2025-09-16 18:40:00,102.314426315,102.888056175,102.314426315,102.888056175,1002.0
2025-09-16 18:45:00,102.888056175,102.908018933,102.888056175,102.908018933,500.0
2025-09-16 18:50:00,102.908018933,102.908018933,102.908018933,102.908018933,7.0
2025-09-16 18:55:00,102.908018933,102.908018933,102.908018933,102.908018933,21.0
2025-09-16 19:00:00,102.908018933,102.908018933,102.908018933,102.908018933,0.0
2025-09-16 19:05:00,102.908018933,102.908018933,102.908018933,102.908018933,30.0
2025-09-16 19:10:00,102.908018933,102.908018933,102.908018933,102.908018933,11.0
2025-09-16 19:15:00,102.908018933,102.908018933,102.908018933,102.908018933,23.0
2025-09-16 19:20:00,102.908018933,102.908018933,102.908018933,102.908018933,0.0
2025-09-16 19:25:00,102.898037554,102.898037554,102.898037554,102.898037554,115.0
2025-09-16 19:30:00,102.898037554,102.898037554,102.898037554,102.898037554,60.0
2025-09-16 19:35:00,102.898037554,102.898037554,102.898037554,102.898037554,10.0
2025-09-16 19:40:00,102.898037554,102.898037554,102.898037554,102.898037554,0.0
2025-09-16 19:45:00,102.898037554,102.898037554,102.898037554,102.898037554,5.0
2025-09-16 19:50:00,102.898037554,102.898037554,102.898037554,102.898037554,14.0
2025-09-16 19:55:00,102.898037554,102.898037554,102.898037554,102.898037554,13.0
2025-09-16 20:00:00,102.898037554,102.898037554,102.898037554,102.898037554,48.0
2025-09-17 04:05:00,102.898037554,102.898037554,102.898037554,102.898037554,53.0
2025-09-17 04:10:00,102.898037554,102.898037554,102.898037554,102.898037554,25.0
2025-09-17 04:15:00,102.898037554,102.898037554,102.898037554,102.898037554,1.0
2025-09-17 04:20:00,102.898037554,102.898037554,102.898037554,102.898037554,10.0
2025-09-17 04:25:00,102.898037554,102.898037554,102.898037554,102.898037554,133.0
2025-09-17 04:30:00,102.898037554,102.898037554,102.898037554,102.898037554,38.0
2025-09-17 04:35:00,102.898037554,102.898037554,102.898037554,102.898037554,79.0
2025-09-17 04:40:00,102.898037554,102.898037554,102.898037554,102.898037554,16.0
2025-09-17 04:45:00,102.898037554,102.898037554,102.898037554,102.898037554,204.0
2025-09-17 04:50:00,102.898037554,102.898037554,102.898037554,102.898037554,13.0
2025-09-17 04:55:00,102.898037554,102.898037554,102.898037554,102.898037554,32.0
2025-09-17 05:00:00,102.898037554,102.898037554,102.898037554,102.898037554,0.0
2025-09-17 05:05:00,102.898037554,102.898037554,102.898037554,102.898037554,0.0
2025-09-17 05:10:00,102.898037554,102.898037554,102.898037554,102.898037554,0.0
2025-09-17 05:15:00,102.898037554,102.898037554,102.898037554,102.898037554,0.0
2025-09-17 05:20:00,102.898037554,102.898037554,102.898037554,102.898037554,3.0
2025-09-17 05:25:00,102.898037554,102.898037554,102.898037554,102.898037554,5.0
2025-09-17 05:30:00,102.898037554,102.898037554,102.898037554,102.898037554,1.0
2025-09-17 05:35:00,102.898037554,102.898037554,102.898037554,102.898037554,17.0
2025-09-17 05:40:00,102.898037554,102.898037554,102.898037554,102.898037554,1.0
2025-09-17 05:45:00,102.898037554,102.898037554,102.898037554,102.898037554,1.0
2025-09-17 05:50:00,102.898037554,102.898037554,102.898037554,102.898037554,10.0
2025-09-17 05:55:00,102.898037554,102.898037554,102.898037554,102.898037554,188.0
2025-09-17 06:00:00,102.898037554,102.898037554,102.898037554,102.898037554,17.0
2025-09-17 06:05:00,102.898037554,102.898037554,102.898037554,102.898037554,5.0
2025-09-17 06:10:00,102.898037554,102.898037554,102.898037554,102.898037554,1.0
2025-09-17 06:15:00,102.898037554,102.898037554,102.898037554,102.898037554,5.0
2025-09-17 06:20:00,102.898037554,102.898037554,102.898037554,102.898037554,36.0
2025-09-17 06:25:00,102.898037554,102.898037554,102.898037554,102.898037554,121.0
2025-09-17 06:30:00,102.898037554,102.898037554,102.199341014,102.199341014,651.0
2025-09-17 06:35:00,102.199341014,102.199341014,102.199341014,102.199341014,2.0
2025-09-17 06:40:00,102.199341014,102.199341014,101.999713431,101.999713431,245.0
2025-09-17 06:45:00,102.039638948,102.039638948,102.039638948,102.039638948,225.0
2025-09-17 06:50:00,102.039638948,102.039638948,102.039638948,102.039638948,3.0
2025-09-17 06:55:00,102.039638948,102.24924791,102.039638948,102.24924791,120.0
2025-09-17 07:00:00,102.24924791,102.24924791,102.24924791,102.24924791,57.0
2025-09-17 07:05:00,102.24924791,102.24924791,102.24924791,102.24924791,1.0
2025-09-17 07:10:00,102.24924791,102.24924791,102.24924791,102.24924791,0.0
2025-09-17 07:15:00,102.24924791,102.24924791,102.24924791,102.24924791,32.0
2025-09-17 07:20:00,102.24924791,102.24924791,102.24924791,102.24924791,88.0
2025-09-17 07:25:00,102.24924791,102.24924791,102.24924791,102.24924791,0.0
2025-09-17 07:30:00,102.24924791,102.24924791,102.24924791,102.24924791,0.0
2025-09-17 07:35:00,102.24924791,102.24924791,102.24924791,102.24924791,0.0
2025-09-17 07:40:00,102.24924791,102.24924791,102.24924791,102.24924791,4.0
2025-09-17 07:45:00,102.209322393,102.309136185,102.209322393,102.309136185,1100.0
2025-09-17 07:50:00,102.309136185,102.309136185,102.309136185,102.309136185,76.0
2025-09-17 07:55:00,102.309136185,102.309136185,102.309136185,102.309136185,104.0
2025-09-17 08:00:00,102.309136185,102.309136185,102.309136185,102.309136185,4.0
2025-09-17 08:05:00,102.309136185,102.309136185,102.209322393,102.209322393,2279.0
2025-09-17 08:10:00,102.209322393,102.309136185,102.209322393,102.309136185,393.0
2025-09-17 08:15:00,102.309136185,102.309136185,102.309136185,102.309136185,79.0
2025-09-17 08:20:00,102.309136185,102.309136185,102.309136185,102.309136185,10.0
2025-09-17 08:25:00,102.209322393,102.209322393,102.209322393,102.209322393,1055.0
2025-09-17 08:30:00,102.209322393,102.209322393,102.209322393,102.209322393,4.0
2025-09-17 08:35:00,102.209322393,102.209322393,102.209322393,102.209322393,67.0
2025-09-17 08:40:00,102.209322393,102.209322393,102.209322393,102.209322393,77.0
2025-09-17 08:45:00,102.209322393,102.209322393,102.209322393,102.209322393,68.0
2025-09-17 08:50:00,102.209322393,102.209322393,102.209322393,102.209322393,75.0
2025-09-17 08:55:00,102.209322393,102.239266531,102.209322393,102.239266531,255.0
2025-09-17 09:00:00,102.239266531,102.239266531,102.119489981,102.119489981,436.0
2025-09-17 09:05:00,102.119489981,102.119489981,102.119489981,102.119489981,67.0
2025-09-17 09:10:00,102.119489981,102.119489981,102.119489981,102.119489981,127.0
2025-09-17 09:15:00,102.119489981,102.119489981,102.119489981,102.119489981,138.0
2025-09-17 09:20:00,102.119489981,102.119489981,102.119489981,102.119489981,176.0
2025-09-17 09:25:00,102.119489981,102.119489981,101.859974123,102.059601706,927.0
2025-09-17 09:30:00,101.840011365,102.069583085,101.750178953,102.069583085,2443.0
2025-09-17 09:35:00,102.034648258,102.206128352,100.712115522,100.961650001,175392.0
2025-09-17 09:40:00,100.96664069,101.580495507,100.27293484,100.786975866,147584.0
2025-09-17 09:45:00,100.811929314,100.97163138,100.118223463,100.412175079,167928.0
2025-09-17 09:50:00,100.407683458,101.251109996,100.407683458,101.181240342,144058.0
2025-09-17 09:55:00,101.186231031,101.830029986,100.97163138,101.652860506,176734.0
2025-09-17 10:00:00,101.625411713,101.969769294,101.450737578,101.580495507,127973.0
2025-09-17 10:05:00,101.610439645,101.620421024,100.774399328,100.774399328,88366.0
2025-09-17 10:10:00,100.816920003,101.2012031,100.712115522,101.131333446,82846.0
2025-09-17 10:15:00,101.099193405,101.151296204,100.687162074,100.896771036,112222.0
2025-09-17 10:20:00,100.896771036,101.011556896,100.720499881,100.811929314,102977.0
2025-09-17 10:25:00,100.841873451,101.011556896,100.552413456,100.552413456,75569.0
2025-09-17 10:30:00,100.562394835,100.572376214,100.063325878,100.063325878,174126.0
2025-09-17 10:35:00,100.063325878,100.193083807,99.943549328,100.053344499,138707.0
2025-09-17 10:40:00,100.073307257,100.252972082,99.8137914,99.943549328,143746.0
2025-09-17 10:45:00,99.92358657,100.063325878,99.624145196,99.868688985,118029.0
2025-09-17 10:50:00,99.863698295,100.452599664,99.853716916,100.183102428,126743.0
2025-09-17 10:55:00,100.178111738,100.213046565,99.913605191,100.15315829,69209.0
2025-09-17 11:00:00,100.148167601,100.362767252,100.133195532,100.27293484,60964.0
2025-09-17 11:05:00,100.27293484,100.462581044,100.223027944,100.242990703,56043.0
2025-09-17 11:10:00,100.223027944,100.312860357,100.123214153,100.27293484,58211.0
2025-09-17 11:15:00,100.282916219,100.322841736,100.103251395,100.233009323,63292.0
2025-09-17 11:20:00,100.252972082,100.412674148,100.133195532,100.183102428,122317.0
2025-09-17 11:25:00,100.173121049,100.173121049,99.713977608,99.748912435,61897.0
2025-09-17 11:30:00,99.748912435,99.80381002,99.544294163,99.80381002,63016.0
2025-09-17 11:35:00,99.783847262,99.903623812,99.738931056,99.768875193,58141.0
2025-09-17 11:40:00,99.788837952,99.92358657,99.684033471,99.718968298,86113.0
2025-09-17 11:45:00,99.723958987,100.103251395,99.674052092,100.023400361,97199.0
2025-09-17 11:50:00,100.083288636,100.39271139,99.983474845,100.143176911,275925.0
2025-09-17 11:55:00,100.133195532,100.223027944,99.699005539,99.758893814,69273.0
2025-09-17 12:00:00,99.743921746,100.178111738,99.733940366,99.833754158,98324.0
2025-09-17 12:05:00,99.868688985,100.15315829,99.723958987,100.133195532,80959.0
2025-09-17 12:10:00,100.143176911,100.3877207,100.143176911,100.27293484,45026.0
2025-09-17 12:15:00,100.312860357,100.372748631,100.013418982,100.332823115,42020.0
2025-09-17 12:20:00,100.327832425,100.372748631,100.203065186,100.218037255,53823.0
2025-09-17 12:25:00,100.238000013,100.73207828,100.203065186,100.727087591,63060.0
2025-09-17 12:30:00,100.727087591,100.762022418,100.592338972,100.592338972,38722.0
2025-09-17 12:35:00,100.592338972,100.592338972,100.432636906,100.50250656,33481.0
2025-09-17 12:40:00,100.492525181,100.532450698,100.417664837,100.442618285,28392.0
2025-09-17 12:45:00,100.432636906,100.592338972,100.322841736,100.572376214,52777.0
2025-09-17 12:50:00,100.552413456,100.642245868,100.362767252,100.642245868,25861.0
2025-09-17 12:55:00,100.652227247,100.712115522,100.542432077,100.632264489,27783.0
2025-09-17 13:00:00,100.62228311,100.662208626,100.522469318,100.537441387,29365.0
2025-09-17 13:05:00,100.512487939,100.662208626,100.512487939,100.632264489,47440.0
2025-09-17 13:10:00,100.642245868,100.762022418,100.592338972,100.672190006,31198.0
2025-09-17 13:15:00,100.692152764,100.801947934,100.642245868,100.712115522,40823.0
2025-09-17 13:20:00,100.682171385,100.702134143,100.592338972,100.62228311,27427.0
2025-09-17 13:25:00,100.612301731,100.762022418,100.562394835,100.73207828,46010.0
2025-09-17 13:30:00,100.73207828,100.757031728,100.642245868,100.74205966,26817.0
2025-09-17 13:35:00,100.752041039,100.786975866,100.712115522,100.74205966,25209.0
2025-09-17 13:40:00,100.750843273,100.811929314,100.672190006,100.722096901,29358.0
2025-09-17 13:45:00,100.73207828,100.74205966,100.452599664,100.472562423,37472.0
2025-09-17 13:50:00,100.50250656,100.532450698,100.3877207,100.412674148,32525.0
2025-09-17 13:55:00,100.3877207,100.517478629,100.3877207,100.50250656,56760.0
2025-09-17 14:00:00,100.522469318,100.612301731,100.332823115,100.542432077,57788.0
2025-09-17 14:05:00,100.642245868,101.056473102,100.527460008,101.056473102,125695.0
2025-09-17 14:10:00,101.061463792,101.061463792,100.562394835,100.572376214,63991.0
2025-09-17 14:15:00,100.612301731,100.672190006,99.708986919,99.708986919,98229.0
2025-09-17 14:20:00,99.69401485,100.662208626,99.534312784,100.562394835,67259.0
2025-09-17 14:25:00,100.532450698,100.981612759,100.385225355,100.881798967,67732.0
2025-09-17 14:30:00,100.871817588,101.156286894,100.702134143,101.111370688,169296.0
2025-09-17 14:35:00,101.126342756,101.25939454,100.642245868,100.791966555,65679.0
2025-09-17 14:40:00,100.762022418,101.021538275,100.612301731,100.632264489,52823.0
2025-09-17 14:45:00,100.637255179,100.881798967,100.342804494,100.557404145,61528.0
2025-09-17 14:50:00,100.612301731,100.891780347,100.312860357,100.697143453,71340.0
2025-09-17 14:55:00,100.642245868,100.762022418,100.023400361,100.178111738,58514.0
2025-09-17 15:00:00,100.183102428,101.040003827,100.183102428,101.006566207,77527.0
2025-09-17 15:05:00,101.006566207,101.510625853,100.97163138,101.301016891,112238.0
2025-09-17 15:10:00,101.310998271,101.510625853,101.20619379,101.330961029,107862.0
2025-09-17 15:15:00,101.330961029,101.570414314,100.996584828,101.121352067,83695.0
2025-09-17 15:20:00,101.131333446,101.480681716,101.111370688,101.335951718,81446.0
2025-09-17 15:25:00,101.310998271,101.610439645,101.281054133,101.560532749,74430.0
2025-09-17 15:30:00,101.560532749,101.740197574,101.515616543,101.640383782,98202.0
2025-09-17 15:35:00,101.630402403,101.650365161,101.2012031,101.261091375,94543.0
2025-09-17 15:40:00,101.281054133,101.360905166,100.981612759,100.981612759,101883.0
2025-09-17 15:45:00,101.001575517,101.2012031,100.901761726,101.126342756,110064.0
2025-09-17 15:50:00,101.126342756,101.126342756,100.781985176,100.831892072,119844.0
2025-09-17 15:55:00,100.85185483,101.021538275,100.722096901,100.951668621,251958.0
2025-09-17 16:00:00,100.951668621,101.100690612,100.482543802,100.752041039,1919579.0
2025-09-17 16:05:00,100.752041039,101.310000133,100.342804494,101.310000133,159547.0
2025-09-17 16:10:00,101.291035512,101.291035512,100.39720301,100.39720301,270.0
2025-09-17 16:15:00,100.39720301,101.309201622,100.39720301,101.309201622,172.0
2025-09-17 16:20:00,101.309201622,101.309201622,101.309201622,101.309201622,2.0
2025-09-17 16:25:00,100.762022418,100.762022418,99.773865883,99.773865883,1693.0
2025-09-17 16:30:00,99.773865883,99.773865883,99.773865883,99.773865883,17.0
2025-09-17 16:35:00,100.902061167,100.902061167,100.902061167,100.902061167,143.0
2025-09-17 16:40:00,100.902061167,100.902061167,100.642245868,100.752041039,15365.0
2025-09-17 16:45:00,100.752041039,100.757031728,100.752041039,100.752041039,712.0
2025-09-17 16:50:00,100.762022418,100.762022418,100.762022418,100.762022418,261.0
2025-09-17 16:55:00,100.762022418,100.762022418,100.762022418,100.762022418,33.0
2025-09-17 17:00:00,100.762022418,100.762022418,100.762022418,100.762022418,62.0
2025-09-17 17:05:00,100.762022418,100.762022418,100.762022418,100.762022418,8.0
2025-09-17 17:10:00,100.762022418,100.762022418,100.762022418,100.762022418,0.0
2025-09-17 17:15:00,100.762022418,100.762022418,100.762022418,100.762022418,2.0
2025-09-17 17:20:00,100.762022418,100.762022418,100.762022418,100.762022418,16.0
2025-09-17 17:25:00,100.762022418,100.811929314,100.762022418,100.811929314,135.0
2025-09-17 17:30:00,100.811929314,100.811929314,100.811929314,100.811929314,121.0
2025-09-17 17:35:00,100.811929314,100.811929314,100.811929314,100.811929314,180.0
2025-09-17 17:40:00,100.811929314,100.811929314,100.722096901,100.722096901,267.0
2025-09-17 17:45:00,100.722096901,100.722096901,100.722096901,100.722096901,29.0
2025-09-17 17:50:00,100.582357593,100.582357593,100.582357593,100.582357593,227.0
2025-09-17 17:55:00,100.582357593,100.582357593,100.582357593,100.582357593,123377.0
2025-09-17 18:00:00,100.582357593,100.582357593,100.582357593,100.582357593,9075.0
2025-09-17 18:05:00,100.702134143,100.702134143,100.702134143,100.702134143,230.0
2025-09-17 18:10:00,100.702134143,100.711816081,100.682171385,100.702134143,1007.0
2025-09-17 18:15:00,100.702134143,100.702134143,100.702134143,100.702134143,1085.0
2025-09-17 18:20:00,100.712115522,100.722096901,100.712115522,100.722096901,683.0
2025-09-17 18:25:00,100.722096901,100.911743105,100.722096901,100.911743105,345.0
2025-09-17 18:30:00,100.911743105,100.911743105,100.911743105,100.911743105,18.0
2025-09-17 18:35:00,100.911743105,100.911743105,100.911743105,100.911743105,15.0
2025-09-17 18:40:00,100.981612759,100.981612759,100.981612759,100.981612759,205.0
2025-09-17 18:45:00,100.981612759,100.981612759,100.901761726,100.911743105,305.0
2025-09-17 18:50:00,100.911743105,100.911743105,100.911743105,100.911743105,3.0
2025-09-17 18:55:00,100.911743105,100.911743105,100.911743105,100.911743105,0.0
2025-09-17 19:00:00,100.911743105,100.911743105,100.911743105,100.911743105,26.0
2025-09-17 19:05:00,100.901761726,100.901761726,100.901761726,100.901761726,289.0
2025-09-17 19:10:00,100.901761726,100.901761726,100.901761726,100.901761726,1.0
2025-09-17 19:15:00,100.901761726,100.901761726,100.901761726,100.901761726,50.0
2025-09-17 19:20:00,101.111370688,101.111370688,101.111370688,101.111370688,100.0
2025-09-17 19:25:00,101.111370688,101.111370688,101.111370688,101.111370688,11.0
2025-09-17 19:30:00,101.111370688,101.111370688,101.111370688,101.111370688,0.0
2025-09-17 19:35:00,101.111370688,101.111370688,101.111370688,101.111370688,27.0
2025-09-17 19:40:00,101.261091375,101.271072754,101.251109996,101.251109996,500.0
2025-09-17 19:45:00,101.251109996,101.251109996,101.251109996,101.251109996,29.0
2025-09-17 19:50:00,101.251109996,101.251109996,101.251109996,101.251109996,166.0
2025-09-17 19:55:00,101.251109996,101.251109996,101.251109996,101.251109996,10.0
2025-09-17 20:00:00,101.251109996,101.251109996,101.251109996,101.251109996,20.0
2025-09-18 04:05:00,100.752041039,101.89989964,100.752041039,101.89989964,1707.0
2025-09-18 04:10:00,101.89989964,102.089545843,101.89989964,102.089545843,269.0
2025-09-18 04:15:00,102.089545843,102.089545843,102.089545843,102.089545843,264.0
2025-09-18 04:20:00,102.089545843,102.089545843,102.089545843,102.089545843,106.0
2025-09-18 04:25:00,102.089545843,102.089545843,102.089545843,102.089545843,10.0
2025-09-18 04:30:00,102.089545843,102.089545843,102.089545843,102.089545843,108.0
2025-09-18 04:35:00,102.089545843,102.089545843,102.089545843,102.089545843,238.0
2025-09-18 04:40:00,102.089545843,102.109508602,102.089545843,102.109508602,1419.0
2025-09-18 04:45:00,102.109508602,102.109508602,102.109508602,102.109508602,81.0
2025-09-18 04:50:00,102.109508602,102.109508602,102.109508602,102.109508602,108.0
2025-09-18 04:55:00,102.109508602,102.109508602,102.109508602,102.109508602,119.0
2025-09-18 05:00:00,102.109508602,102.109508602,102.109508602,102.109508602,23.0
2025-09-18 05:05:00,102.109508602,102.109508602,102.109508602,102.109508602,0.0
2025-09-18 05:10:00,102.109508602,102.109508602,102.109508602,102.109508602,282.0
2025-09-18 05:15:00,102.109508602,102.678447213,102.109508602,102.608577559,965.0
2025-09-18 05:20:00,102.608577559,102.608577559,102.608577559,102.608577559,44.0
2025-09-18 05:25:00,102.608577559,102.608577559,102.608577559,102.608577559,36.0
2025-09-18 05:30:00,102.608577559,102.608577559,102.608577559,102.608577559,125.0
2025-09-18 05:35:00,102.608577559,102.608577559,102.608577559,102.608577559,24.0
2025-09-18 05:40:00,102.608577559,102.608577559,102.608577559,102.608577559,0.0
2025-09-18 05:45:00,102.608577559,102.608577559,102.608577559,102.608577559,28.0
2025-09-18 05:50:00,102.608577559,102.608577559,102.608577559,102.608577559,26.0
2025-09-18 05:55:00,102.608577559,102.608577559,102.608577559,102.608577559,25.0
2025-09-18 06:00:00,102.608577559,102.608577559,102.608577559,102.608577559,15.0
2025-09-18 06:05:00,102.608577559,102.608577559,102.608577559,102.608577559,33.0
2025-09-18 06:10:00,102.608577559,102.608577559,102.608577559,102.608577559,1.0
2025-09-18 06:15:00,102.608577559,102.608577559,102.528726526,102.528726526,272.0
2025-09-18 06:20:00,102.528726526,102.528726526,102.528726526,102.528726526,10.0
2025-09-18 06:25:00,102.528726526,102.528726526,102.528726526,102.528726526,20.0
2025-09-18 06:30:00,102.408949976,102.408949976,102.408949976,102.408949976,120.0
2025-09-18 06:35:00,102.398968597,102.808205142,102.388987218,102.808205142,16196.0
2025-09-18 06:40:00,102.808205142,102.808205142,102.808205142,102.808205142,41.0
2025-09-18 06:45:00,102.808205142,102.808205142,102.808205142,102.808205142,0.0
2025-09-18 06:50:00,102.808205142,102.808205142,102.808205142,102.808205142,10.0
2025-09-18 06:55:00,102.778261004,102.818186521,102.778261004,102.818186521,784.0
2025-09-18 07:00:00,102.818186521,102.818186521,102.818186521,102.818186521,6.0
2025-09-18 07:05:00,102.818186521,102.818186521,102.518745146,102.518745146,549.0
2025-09-18 07:10:00,102.518745146,102.518745146,102.518745146,102.518745146,0.0
2025-09-18 07:15:00,102.518745146,102.518745146,102.518745146,102.518745146,20.0
2025-09-18 07:20:00,102.518745146,102.518745146,102.518745146,102.518745146,70.0
2025-09-18 07:25:00,102.518745146,102.718372729,102.518745146,102.70839135,298.0
2025-09-18 07:30:00,102.70839135,102.70839135,102.70839135,102.70839135,93.0
2025-09-18 07:35:00,102.70839135,102.70839135,102.668465834,102.668465834,348.0
2025-09-18 07:40:00,102.668465834,102.808205142,102.668465834,102.808205142,566.0
2025-09-18 07:45:00,102.808205142,102.808205142,102.808205142,102.808205142,136.0
2025-09-18 07:50:00,102.808205142,102.808205142,102.808205142,102.808205142,130.0
2025-09-18 07:55:00,102.808205142,102.808205142,102.808205142,102.808205142,10.0
2025-09-18 08:00:00,102.808205142,102.808205142,102.808205142,102.808205142,72.0
2025-09-18 08:05:00,102.808205142,102.808205142,102.558670663,102.578633421,6030.0
2025-09-18 08:10:00,102.578633421,102.628540317,102.578633421,102.578633421,256.0
2025-09-18 08:15:00,102.578633421,102.59859618,102.578633421,102.59859618,675.0
2025-09-18 08:20:00,102.59859618,102.668465834,102.568652042,102.568652042,493.0
2025-09-18 08:25:00,102.568652042,102.568652042,102.568652042,102.568652042,36.0
2025-09-18 08:30:00,102.568652042,102.568652042,102.568652042,102.568652042,174.0
2025-09-18 08:35:00,102.568652042,102.768279625,102.568652042,102.768279625,446.0
2025-09-18 08:40:00,102.768279625,102.768279625,102.768279625,102.768279625,53.0
2025-09-18 08:45:00,102.768279625,102.768279625,102.259229289,102.259229289,4505.0
2025-09-18 08:50:00,102.259229289,102.309136185,102.159415497,102.159415497,864.0
2025-09-18 08:55:00,102.159415497,102.159415497,101.859974123,101.859974123,606.0
2025-09-18 09:00:00,101.949806535,101.949806535,101.939725343,101.939725343,695.0
2025-09-18 09:05:00,101.939725343,101.939725343,101.291035512,101.310998271,1387.0
2025-09-18 09:10:00,101.310998271,101.55055137,101.310998271,101.55055137,667.0
2025-09-18 09:15:00,101.55055137,101.560532749,101.480681716,101.560532749,819.0
2025-09-18 09:20:00,101.560532749,101.800085848,101.560532749,101.800085848,4874.0
2025-09-18 09:25:00,101.800085848,101.810067228,101.610439645,101.810067228,1687.0
2025-09-18 09:30:00,102.289173426,102.678447213,101.810067228,102.638521696,2262.0
2025-09-18 09:35:00,102.264219978,103.207460307,101.810067228,102.975093801,684714.0
2025-09-18 09:40:00,102.997851345,104.185635463,102.997851345,103.347199615,373475.0
2025-09-18 09:45:00,103.307274099,103.432839848,102.35904308,103.267348582,243103.0
2025-09-18 09:50:00,103.247385824,103.28731134,102.528726526,103.197478928,200003.0
2025-09-18 09:55:00,103.297292719,103.442022717,103.117627895,103.392115821,142405.0
2025-09-18 10:00:00,103.397106511,103.896175468,103.157553411,103.896175468,155450.0
2025-09-18 10:05:00,103.906156847,104.145709946,103.736473402,104.005970638,158077.0
2025-09-18 10:10:00,104.000979949,104.10578443,103.856249951,104.065858913,108074.0
2025-09-18 10:15:00,104.10578443,104.115765809,103.437032027,104.10079374,159862.0
2025-09-18 10:20:00,104.145709946,104.195616842,103.567488653,103.626678231,114558.0
2025-09-18 10:25:00,103.63665961,104.4551327,103.63665961,104.415207183,139610.0
2025-09-18 10:30:00,104.435169941,104.574909249,104.265486496,104.529993043,81122.0
2025-09-18 10:35:00,104.604853387,105.049024758,104.604853387,105.03405269,172825.0
2025-09-18 10:40:00,104.984145794,105.063996827,104.654760282,104.72472975,169806.0
2025-09-18 10:45:00,104.754574074,105.153829239,104.72472975,105.011295145,173442.0
2025-09-18 10:50:00,105.026965911,105.133866481,104.874350623,105.019080621,107622.0
2025-09-18 10:55:00,104.984145794,105.248652341,104.744592695,105.188764066,90512.0
2025-09-18 11:00:00,105.14384786,105.313531306,104.824443728,105.063996827,113502.0
2025-09-18 11:05:00,105.063996827,105.103922344,104.44515132,104.68470442,102687.0
2025-09-18 11:10:00,104.654760282,104.854387865,104.520011664,104.814462349,76542.0
2025-09-18 11:15:00,104.834425107,105.073978206,104.674723041,104.964183036,119117.0
2025-09-18 11:20:00,104.944220277,105.014089931,104.714648557,104.824443728,104449.0
2025-09-18 11:25:00,104.824443728,104.844406486,104.529993043,104.624816145,96873.0
2025-09-18 11:30:00,104.614834766,104.80448097,104.549955801,104.644778903,72567.0
2025-09-18 11:35:00,104.644778903,104.724629936,104.544965112,104.584890628,67675.0
2025-09-18 11:40:00,104.584890628,104.664741662,104.425188562,104.574909249,104388.0
2025-09-18 11:45:00,104.56492787,104.604853387,104.435169941,104.594872008,53948.0
2025-09-18 11:50:00,104.594872008,104.704667178,104.525002354,104.699676489,46069.0
2025-09-18 11:55:00,104.709058985,104.744592695,104.574909249,104.624816145,42431.0
2025-09-18 12:00:00,104.614834766,105.198745446,104.56492787,105.093940965,124893.0
2025-09-18 12:05:00,105.083959585,105.228689583,105.03405269,105.188764066,83270.0
2025-09-18 12:10:00,105.188764066,105.188764066,104.814462349,104.941625119,51896.0
2025-09-18 12:15:00,104.934737967,105.463251993,104.834425107,105.213717514,72081.0
2025-09-18 12:20:00,105.213717514,105.293568547,105.123885102,105.263524596,55832.0
2025-09-18 12:25:00,105.223698893,105.37341958,105.193754756,105.253643031,56992.0
2025-09-18 12:30:00,105.26362441,105.463251993,105.26362441,105.38340096,47921.0
2025-09-18 12:35:00,105.38340096,105.453270614,105.343475443,105.433307855,40273.0
2025-09-18 12:40:00,105.433307855,105.667870265,105.433307855,105.667870265,76897.0
2025-09-18 12:45:00,105.652898196,105.672860955,105.573047163,105.602991301,50003.0
2025-09-18 12:50:00,105.60798199,105.912414054,105.602991301,105.772674746,107648.0
2025-09-18 12:55:00,105.782656125,105.8425444,105.632935438,105.762693367,47175.0
2025-09-18 13:00:00,105.767684057,105.882469917,105.692823713,105.802618884,43693.0
2025-09-18 13:05:00,105.772674746,105.782656125,105.573047163,105.687833023,45878.0
2025-09-18 13:10:00,105.700808816,105.752711988,105.453270614,105.463251993,63422.0
2025-09-18 13:15:00,105.463251993,105.513158888,105.14384786,105.158819929,59019.0
2025-09-18 13:20:00,105.183773377,105.418335787,105.183773377,105.418335787,47134.0
2025-09-18 13:25:00,105.403363718,105.428516793,105.163810619,105.183773377,44235.0
2025-09-18 13:30:00,105.163810619,105.163810619,104.994226987,105.147740598,35216.0
2025-09-18 13:35:00,105.133866481,105.213717514,104.91427614,104.934238898,288980.0
2025-09-18 13:40:00,104.91427614,104.924257519,104.764555453,104.823545404,454806.0
2025-09-18 13:45:00,104.814462349,104.834425107,104.604853387,104.774536832,436970.0
2025-09-18 13:50:00,104.764555453,104.774536832,104.659750972,104.764555453,49387.0
2025-09-18 13:55:00,104.764555453,104.869359934,104.68470442,104.859378555,111423.0
2025-09-18 14:00:00,104.864369244,104.884332003,104.709657868,104.834425107,75081.0
2025-09-18 14:05:00,104.824443728,105.03405269,104.764555453,104.989136484,73722.0
2025-09-18 14:10:00,105.019080621,105.20623148,105.019080621,105.153829239,58906.0
2025-09-18 14:15:00,105.153829239,105.237273569,105.068987517,105.213717514,63652.0
2025-09-18 14:20:00,105.208726825,105.404162228,104.994127173,104.994127173,101760.0
2025-09-18 14:25:00,104.994127173,105.083959585,104.864369244,104.894313382,61827.0
2025-09-18 14:30:00,104.884332003,105.024071311,104.779527522,104.944220277,50689.0
2025-09-18 14:35:00,104.939229588,105.019080621,104.854387865,104.994127173,54148.0
2025-09-18 14:40:00,104.984145794,105.093940965,104.964183036,105.024071311,67601.0
2025-09-18 14:45:00,105.024071311,105.168801308,104.974164415,105.103922344,107235.0
2025-09-18 14:50:00,105.108913033,105.14384786,105.054015448,105.083959585,69228.0
2025-09-18 14:55:00,105.082562192,105.203736135,104.844406486,105.05301731,66027.0
2025-09-18 15:00:00,105.03405269,105.063996827,104.944220277,105.014089931,51020.0
2025-09-18 15:05:00,105.024071311,105.054015448,104.934238898,105.044034069,46339.0
2025-09-18 15:10:00,105.044034069,105.323512685,105.024071311,105.308540616,64589.0
2025-09-18 15:15:00,105.303549927,105.393382339,105.183773377,105.313431492,74513.0
2025-09-18 15:20:00,105.323512685,105.49319613,105.203736135,105.403363718,103744.0
2025-09-18 15:25:00,105.413345097,105.503177509,105.248652341,105.37341958,87760.0
2025-09-18 15:30:00,105.37341958,105.423326476,105.253643031,105.363438201,83383.0
2025-09-18 15:35:00,105.363438201,105.363438201,105.253643031,105.328503374,81033.0
2025-09-18 15:40:00,105.328503374,105.483214751,105.303549927,105.413345097,88225.0
2025-09-18 15:45:00,105.403363718,105.518149578,105.073978206,105.073978206,139446.0
2025-09-18 15:50:00,105.093940965,105.103922344,104.724629936,104.814462349,141469.0
2025-09-18 15:55:00,104.814462349,105.054015448,104.515020974,105.044034069,176776.0
2025-09-18 16:00:00,105.044034069,105.283587168,104.924257519,104.954201657,1123119.0
2025-09-18 16:05:00,104.954201657,104.954201657,104.954201657,104.954201657,132204.0
2025-09-18 16:10:00,104.954201657,104.954201657,104.425188562,104.425188562,1832.0
2025-09-18 16:15:00,104.425188562,104.425188562,104.425188562,104.425188562,115.0
2025-09-18 16:20:00,104.425188562,105.343475443,104.425188562,105.343475443,636.0
2025-09-18 16:25:00,104.954201657,104.954201657,104.954201657,104.954201657,3091.0
2025-09-18 16:30:00,104.954201657,105.333494064,104.954201657,105.333494064,256.0
2025-09-18 16:35:00,105.333494064,105.333494064,105.333494064,105.333494064,5048.0
2025-09-18 16:40:00,105.333494064,105.333494064,105.333494064,105.333494064,9892.0
2025-09-18 16:45:00,105.333494064,105.333494064,105.333494064,105.333494064,35.0
2025-09-18 16:50:00,105.333494064,105.343475443,105.014089931,105.343475443,1427.0
2025-09-18 16:55:00,105.343475443,105.343475443,104.954201657,104.954201657,11412.0
2025-09-18 17:00:00,104.954201657,104.954201657,104.954201657,104.954201657,4.0
